tau,kappa,beta,psi,tau_se,kappa_se,beta_se,psi_se,convergence,length
1.0730081432864444,0.43225589243854623,0.43923534870959186,0.3702206871680664,0.24455733420278117,0.12213392630288963,0.15577966756909642,0.2742652837180665,0,250
1.1881230014418822,0.4489482242443719,0.4684022922581768,0.490244159276706,0.2566155478491846,0.11181205106058396,0.1097519637432568,0.3011755948399664,0,250
1.1776589231360093,0.41857508099628243,0.22991504298744808,0.4448632427663314,0.22969480465305606,0.10428049694242175,0.18423020712397223,0.27260985013882477,0,250
0.60006988806108,0.6890643920080944,0.6034507200482715,0.8249843818281075,0.23145732578494496,0.11296758019042275,0.10578036285053138,0.6635348654355042,0,250
0.8721918763253383,0.525313373500739,0.5034634869340773,0.33680964857306595,0.26355727769267584,0.1361088306734937,0.15474897003995589,0.32954061115825484,0,250
1.106532190009899,0.5217867990035336,0.4831860292405552,0.4431274719608153,0.2864008331746837,0.11600666147416887,0.11986010914393301,0.3356901721063171,0,250
1.0257687838553462,0.5060381907651419,0.3324072438568028,0.524836779176015,0.21553606016479487,0.0949590985897444,0.10795411354482407,0.3357115879867096,0,250
1.4516405629217128,0.34143092683636295,0.14902409388119112,0.2051137236412113,0.24498502683399379,0.1015852627097001,0.22318631401241365,0.19609992917561261,0,250
1.1557980074684076,0.4095298744480887,0.34647836916576974,0.30630471642031587,0.227020525124472,0.10502830049140656,0.1481567226564468,0.24715026957797245,0,250
0.7826117290620753,0.5993549421132406,0.5530414629383316,0.6002571247602968,0.2339438509254367,0.11486004070160921,0.09603955537279968,0.4498984563651253,0,250
0.8495781026600968,0.5249693699639435,0.5205080442052574,0.6584517986687596,0.22984743524502824,0.12164661597999468,0.12932377544819698,0.40060971791636646,0,250
0.9707156338163638,0.49936700382592003,0.5144790085197652,0.3134383611310766,0.27366470856054476,0.13509602325482153,0.152488254163443,0.3002723535141417,0,250
0.7856599782758524,0.6170440421793385,0.456043941270885,0.92709616007013,0.22638601044477466,0.10167699408084727,0.10154369755616868,0.5624514787929985,0,250
1.5040392089742463,0.258255357100703,0.46643373526823567,0.1711903068173334,0.2897769474277822,0.13753811039075256,0.2629901514803419,0.17168719054828774,0,250
1.0885316711982858,0.49707493712505924,0.5336755497348128,0.372811612898036,0.2941780735626731,0.13101434620973118,0.12951713080449934,0.30672457014048593,0,250
1.086321128793441,0.3989835713665686,0.5403727841251523,0.42647171918352955,0.30099830385790566,0.15841650508690955,0.21858046479440563,0.2864102857468209,0,250
1.502981108570522,0.3252827298985923,0.1381607305719471,0.41765349332726004,0.2873921922672975,0.12181561152368689,0.33026599269727375,0.2289294784781922,0,250
1.1125684768148023,0.43412494015134845,0.645449268388683,0.4939618366104624,0.3517382682666152,0.17857988986577403,0.1894683474762859,0.31394980520801286,0,250
1.4990038631468927,0.30945471778538025,0.09145897614620187,0.20430293689931003,0.21162926888603845,0.08699298231990782,0.18362270704615274,0.18500702710331984,0,250
1.3413961220394528,0.3332128894647485,0.35519396017986815,0.38617732772633395,0.2392368583382425,0.10923342713764576,0.1733500873113265,0.23200577830170135,0,250
0.9398919596999781,0.5034628306353273,0.6119911435024327,0.42550818261118567,0.314797003670251,0.15815196006743654,0.14992585436149344,0.3503752479122793,0,250
0.8750429532754145,0.49326357175534097,0.5158192393006652,0.9998283564314115,0.13871514982744323,0.09646014973394366,0.1202104212863815,0.01778060364921735,0,250
0.7141484489474712,0.5891699627615811,0.5857050237038793,0.9679967000350247,0.22052633999953294,0.11754486088045925,0.11086828622041084,0.5622837191471123,0,250
0.8336113332894282,0.5905879618998768,0.826730164052059,0.47514818690013283,0.6159232844922112,0.30023797442826716,0.1518292221610489,0.49679592212071083,0,250
1.1291286487748837,0.4285568795384434,0.6099425201166498,0.6865195049266836,0.3098975603175547,0.15052963720606544,0.15655650594153553,0.3626905823653932,0,250
1.4466184648991542,0.368109096892123,0.5316745891708781,0.10657426139388247,0.3474349561972467,0.14754516675516788,0.1845918616119834,0.19404457247331652,0,250
1.1374201048404573,0.5084582377043865,0.7318888530456745,0.5151766269299198,0.4979337644290206,0.2105164436528331,0.1587070792563175,0.3921093317942017,0,250
1.6160598586194466,0.229696640259298,0.34222167691120964,0.1345876744266403,0.25848091171076754,0.11346368555672266,0.27435296845425616,0.1580084490738448,0,250
1.2606918849359265,0.38951632157129445,0.5042748410506045,0.6247751851553965,0.28079972844697165,0.1299205613811765,0.16365636151283364,0.30802062298840854,0,250
1.0377302186992292,0.46004778849203704,0.4975215217362035,0.3871056700017798,0.2691064359950672,0.13342995851783276,0.1624625272886466,0.2952261958031763,0,250
0.7763154396463914,0.592383183070065,0.4373531814925436,0.7485365322180726,0.20347712353238478,0.10177647019800896,0.09855777300252185,0.4675036242634995,0,250
1.1199752757065027,0.4018361990837588,0.5460114640914827,0.29836225485142837,0.2797137108698422,0.14148932401055714,0.16857266924242711,0.2510454143554053,0,250
0.7436890526591041,0.6347103167430519,0.7753800861327058,0.8545669458575244,0.3970120493751584,0.19380987938284114,0.12763068326668567,0.639989811885993,0,250
1.210051630899259,0.5027390975985853,0.37103034080164304,0.30798515460485987,0.2822733491877675,0.10956088543854255,0.13402175989334184,0.28291964011752346,0,250
1.926361462880977,0.21674636383432502,0.6606294989169785,0.15870475424422797,0.49310007072671497,0.1951522720248435,0.3402944683575569,0.15963506451846524,0,250
1.2655974942962167,0.3740633748357515,0.45818945160781377,0.038862007283745836,0.2767517881591328,0.13026685811239186,0.1670633905826066,0.1829069908904326,0,250
0.9747385159033505,0.4827536419869079,0.23674668855224804,0.711069304389179,0.19415913724370923,0.09259227446473163,0.1363657432058873,0.3615991914113933,0,250
1.1839535376594625,0.3772344730533787,0.40845232382656516,0.30130420583769674,0.24312309921922617,0.11855193365379559,0.17193164776118305,0.23600120282024908,0,250
0.7893619450896755,0.6051265749455933,0.6591803923791564,0.6071847107918907,0.31588097215498445,0.16169952847825997,0.12917703311353038,0.4618801705350784,0,250
1.2207590850710295,0.3150994674741876,0.506567049587465,0.26792165473374585,0.24649026775752939,0.13066846534713816,0.17010584420207506,0.209921915194276,0,250
1.5900297167500546,0.23302554004240872,0.06971094085848756,0.3613727803195976,0.22322122387213192,0.09610349048453141,0.30985852498370203,0.19276150912591852,0,250
1.4501444178132041,0.2967889754320577,0.3722782266948157,0.1685152018889181,0.2906168696727425,0.13282546811640256,0.276944423672594,0.18225851270177357,0,250
1.160849962306309,0.4348648125996052,0.4688608669939768,0.5719805236489227,0.2748240742061799,0.12581478851239442,0.16312989413826823,0.3210013024838841,0,250
0.9076826038547285,0.5450462189172035,0.5456235734875808,0.8068705713323733,0.2805680678379146,0.13409892264124318,0.15294162686521387,0.46765304181189155,0,250
0.879713736746985,0.5222780243868473,0.39709197599206525,0.4870528846464282,0.20872993317584684,0.10601470723816608,0.12541298228970704,0.34712863261175836,0,250
0.9594083857641428,0.5344298092339984,0.428408432923808,0.8059638866741052,0.23456030929498536,0.10337573066978224,0.10584718359852273,0.44019162511948146,0,250
1.8428731569772416,0.14296707396877525,3.205822361139932e-5,0.27765329782635734,0.171704985043346,0.06383332772750173,0.021374011432943676,0.1575384399786249,0,250
1.01291020318582,0.4946702744994375,0.6116264968671289,0.27479342075652474,0.3293646901126408,0.1605551958666889,0.15071326380952707,0.29077128960707027,0,250
0.9395138234044074,0.5043901220320884,0.6261206862445929,0.7807386768837198,0.3171174451920774,0.1642130516616143,0.16687609240470588,0.4481933197078501,0,250
0.5440200684185744,0.7355912501098988,0.7319791149079221,0.9999754615913413,0.19639574150681874,0.11162280182094403,0.09984289123184506,0.0068596187839462365,0,250
0.6973497565147729,0.6002563701598662,0.5657576915153297,0.5025281370040987,0.22182585330642104,0.12147486660079942,0.10500851926489033,0.4373105598770855,0,250
1.299678567142152,0.3249305778502507,0.5075353186174227,0.08718256756280157,0.2706817396540822,0.13395770031037663,0.1735640165222627,0.1776459276037621,0,250
1.3767645889715079,0.3630012811048588,0.45432160726178045,0.4566903412097995,0.2733247245235314,0.11776902390535869,0.14613473411332956,0.25773631261283964,0,250
0.8302625806597911,0.6062404103508199,0.23645471083154648,0.8185509953781042,0.20292856596285147,0.0870602229758088,0.12150236009337333,0.4704705077207387,0,250
1.2350923355170544,0.4087946880269368,0.5004054580993503,0.2559501853337538,0.3316213143925602,0.15479111928004305,0.22767980079357386,0.2378305175299027,0,250
0.6602124450888839,0.6169525595102291,0.4348776161974678,0.41909435236321246,0.19006067123726653,0.10210322807603302,0.10167361093827745,0.42156267078442095,0,250
1.239613549391981,0.5094398892978307,0.4574725140449737,0.7106711777970836,0.2934470719035505,0.10980173546707243,0.11690875883956779,0.3795578787461861,0,250
1.3181682498875296,0.23149738009226245,0.4367867389493793,0.2823198671177315,0.23624127320301175,0.12749147106736544,0.2715325938338967,0.18938607925690024,0,250
1.776809024990893,0.19210567033711115,0.23594621178168132,0.05071406862965703,0.3013814908903047,0.12945391770806286,0.49754144861472144,0.1357674378618237,0,250
1.1535475686193475,0.43909539922242835,0.5548150460809536,0.20534509299614168,0.3444833555935028,0.1604028028965556,0.2068907435840683,0.24470155989996253,0,250
1.6828253078299684,0.2775991579431766,0.009989197189345591,0.39062946390667713,0.23527305875333965,0.0897427943941927,0.24886961478927194,0.20501872560922574,0,250
1.0257474592705091,0.4867718942812763,0.6365747481267796,0.3320033861821072,0.33165309870397985,0.15932143672371823,0.1350267316598598,0.30751655084563073,0,250
0.717698182543634,0.6138129652809399,0.6986118544310184,0.3516472101820726,0.28840628592023476,0.15269250861854883,0.10318636454440966,0.40670017309440304,0,250
1.3205349450333415,0.440308736970575,3.162277422773401e-7,0.5470363649271982,0.17144349306160625,0.057719615917408436,3.351932207309787e-4,0.28087773847931,0,250
1.0941558804427998,0.4537657863447456,0.4100306157526498,0.46860095500395327,0.24311938039178746,0.1142483938175322,0.1458421283964866,0.30096409546058217,0,250
1.0271526786254939,0.43043806539498725,0.43424040259743013,0.33310611520130795,0.24677646514480372,0.1313344678750759,0.1852010486996194,0.26669304358145907,0,250
0.6584118892622882,0.589764951181298,0.7378066437731586,0.4883161960646472,0.34338871525163317,0.20974641452681445,0.14780684483094134,0.4760903878125454,0,250
0.7436271573828825,0.678857318615026,0.6779939180776501,0.4894001732643332,0.3768484569919325,0.16425312239406442,0.12569244644598873,0.5150260334806691,0,250
0.8404038127451177,0.6278900256728013,0.5577221203516594,0.3200341283010537,0.27749919015301244,0.12142499910693938,0.1041114651066359,0.3829165678396073,0,250
0.8914960485600729,0.5473946096421157,0.6425595902173825,0.5167468374363323,0.31367690738557025,0.1550029991438439,0.13742333733132753,0.397775935481512,0,250
1.1786605202882892,0.3461579796895672,0.31922768115777733,0.38886816396495744,0.21269772220464928,0.10632318762718239,0.17625754511565195,0.24114739763360296,0,250
0.8039689595411236,0.5790088177840249,0.4228346623492908,0.7972156420008704,0.22747785469719722,0.1095242082834815,0.13811728378367324,0.4841435878150949,0,250
1.2788853879268363,0.3712307446750601,0.541369907810172,0.011086629842801931,0.3490486378377545,0.1674861074173556,0.22635604660130593,0.17611325748235965,0,250
1.216251309428426,0.4556422558580387,0.3795924667240692,0.3450445342188419,0.297473131609884,0.1285374220370335,0.19679039484822938,0.2701160309127263,0,250
0.7569357262643754,0.625267758099936,0.48121781113326406,0.999933850321472,0.15514500090917968,0.09209375774607413,0.13458799711343614,0.019880172130811148,0,250
0.8950132221451605,0.5313031009267242,0.5342183248138354,0.6606333997671971,0.2717633933696497,0.1317427689342203,0.14182043084388365,0.4451592013229833,0,250
1.0114010127081203,0.39654881780874546,0.56937839342745,0.42926275563876953,0.2651808444606633,0.15053756857795836,0.18497537830099056,0.285379052117005,0,250
1.1448407930927798,0.3771787576989423,0.48716730210937953,0.5468339784483677,0.2517279683584001,0.12599194217564896,0.16754449131320726,0.2945886985498998,0,250
0.6838502865102559,0.7031651639980618,0.4983386044988719,0.5522627921525851,0.21822699208261664,0.0934967629673367,0.07458784620199244,0.5270929103190451,0,250
1.4355475304268643,0.2425351732802524,0.3720476824459168,0.07765250729295167,0.25493109076558096,0.12618194305967584,0.29426959851451595,0.15448245573960137,0,250
1.266104804004768,0.3556350774343688,0.4038441503229803,0.36410931511359,0.24251226461557449,0.11309181826464242,0.152535063945563,0.23925904764120165,0,250
1.8726057634451676,0.13703643062777351,0.28467243687657556,0.3121559730468943,0.23854337765874345,0.09875976329385727,0.3316564496680325,0.16360264721999285,0,250
1.322480380582871,0.3738980936920465,0.4803295188847636,0.01079495950366209,0.288368038405053,0.13184295960763082,0.16433705347537322,0.1757412784039174,0,250
1.3148791263241193,0.31126433904818884,0.21247216087819484,0.3756134840825042,0.33594921947307943,0.17045322235290095,0.5081118205273994,0.23037561722879807,0,250
1.1420849577230077,0.30307030440049304,0.397158354196973,0.05252563238992366,0.20992390365414326,0.11946735928408661,0.19403858450043296,0.1703120258346135,0,250
1.050320050888901,0.4486950930730149,0.30961546216243163,0.469363305617852,0.23847420166047048,0.11535099603091893,0.1889381966796043,0.30178241036972514,0,250
1.0490923388122118,0.4418057012119295,0.4860025391397785,0.3607545542261989,0.285920122719921,0.1446026178264625,0.2007886014314003,0.2846363109366655,0,250
0.6946046329172614,0.6013445773530239,0.4537150652229135,0.9359727399334149,0.1984151378435393,0.10156487194614829,0.11902081016479064,0.5554936823437716,0,250
1.244440737461163,0.32539006763698286,0.463691622080567,0.1627167638500128,0.2385957520217791,0.12128468932874424,0.15083579082057955,0.19195057039275734,0,250
0.23788107732572158,0.8680035895718243,0.8161589694245216,0.9999291433896366,0.2054584876326866,0.12366205304861018,0.08916840254541943,0.01923206913425397,0,250
0.9648142121539143,0.47833590178354746,0.484645840633162,0.38720238065330903,0.2852721117221354,0.149841615121253,0.20375910973399294,0.30830533208512984,0,250
1.2529595328563787,0.37506285704399794,0.31830641884369054,0.28112586598585404,0.23449930326970683,0.1082010238021388,0.17094429506817857,0.226111141999813,0,250
0.7991808861422914,0.5974611743934383,0.5371828717500495,0.3120403778990432,0.24929896604399027,0.1236939930753777,0.11005079799244759,0.3626599578693496,0,250
1.1442114880388965,0.42626366101884905,0.45645683387552743,0.4984310470594945,0.32807648309474163,0.15775343017387916,0.2593883597483373,0.31041973188180516,0,250
1.0661077736387654,0.4693802072156649,0.41653143925691927,0.2054512731467991,0.2607029823859575,0.12358607289453927,0.1581483001578683,0.2533162120225003,0,250
0.9561953860947464,0.5488555567274698,0.5347758276622808,0.5247165685236416,0.2750050116592893,0.12422655846126582,0.12045928736586325,0.3819006554553616,0,250
0.8228181270351661,0.5520501061227552,0.533120340550177,0.6756467143713251,0.22010123021615433,0.11523483867428302,0.10167984750148354,0.41870218805614384,0,250
1.0687405603315538,0.40668607240194127,0.5662353557863856,0.09589460916399642,0.2562395749828093,0.136969386823505,0.12671326370777403,0.2091251120149296,0,250
1.1168885571034526,0.4406194752287746,0.4042005297008636,0.6637655049472341,0.23499928605366974,0.10679307268922907,0.13166251458505773,0.34006873226900236,0,250
1.3398211013449364,0.3262132539836095,0.48996476278899187,0.31585138716418154,0.2717438406077992,0.12876588037490308,0.1753045394422487,0.21998092633342536,0,250
0.7639788866343097,0.6327435869396196,0.6253440418478657,0.9940467674581047,0.23405501017345862,0.11391382545125986,0.10171344203194607,0.4859088298344865,0,250
1.1353438174367307,0.4010255540148776,0.566033395595853,0.2873890630604416,0.28543223410229174,0.14182990553081776,0.16237963993460905,0.24916474650502896,0,250
0.922199366444852,0.49897071112908403,0.4007812251665768,8.197195624647483e-7,0.3152305637462866,0.16923845472792037,0.2388760304787304,4.903769708899489e-4,0,250
1.1207757501768318,0.3765490436170692,0.3366890448460893,0.4425549492226873,0.2244303437592335,0.11635245261538697,0.19492831402753263,0.2634140461802547,0,250
1.059306112907018,0.48658489795974763,0.4597593066604833,0.5853365817590401,0.25777784466396375,0.11902655211223204,0.1431117187922755,0.34664625226099044,0,250
1.2750293219107247,0.249324643564004,0.024862065870351453,0.26487711067935465,0.18552719570441764,0.09662990652103616,0.3024369426410158,0.18632209832913416,0,250
1.641769160027446,0.2313781247167931,0.12290536591691087,0.2715134430349329,0.4143729410707147,0.19065643234172447,0.788537411441389,0.18414712326914706,0,250
1.4506703547549824,0.29613494773748267,0.31919935103967767,0.17633051937685476,0.25264938435918416,0.11607259468037875,0.2440747602165884,0.18013269316459934,0,250
0.9619878215455545,0.5316938548144915,0.5560917182665867,0.6013675726534553,0.2821231419215691,0.12959437246020122,0.11535371412633405,0.40299411608847374,0,250
0.7990613631711235,0.5613935784374555,0.6072728033192851,0.7766714478482385,0.26833024089056234,0.1380607710816615,0.14117945306276458,0.50099136442701,0,250
0.8429013717923761,0.5723859510341343,0.5675926617132007,0.1604627917587022,0.2563897004175936,0.12712253366769177,0.09973340447600107,0.3087730340577909,0,250
0.9774182177679495,0.4342724185607182,0.4531541539257222,0.4525272816089391,0.2426885900108414,0.13351110452171544,0.18999833683365477,0.2998577964081641,0,250
0.9815651964726492,0.47690899048723,0.625972919190137,0.5004334208986728,0.35031829831018213,0.1802560125469752,0.1963859329282152,0.3589767485092705,0,250
0.7513810738922159,0.6474905569002491,0.6775722763784372,0.30310296214996413,0.3376585225341373,0.15628001359777502,0.1152010516165827,0.4192465255727868,0,250
1.4700833418266344,0.32387681245032757,0.4418414172869114,0.42837033444924427,0.35099856567961213,0.15527562659583416,0.3185589327111849,0.24372880815492795,0,250
0.9721361315383126,0.5717522141158304,0.3070851285610495,0.6087740415533626,0.23989582140652999,0.0987555089628142,0.133626128025048,0.39288598802279645,0,250
0.7326422185021001,0.6123825135848114,0.4890229863673607,0.534035697423845,0.21306786992321722,0.10670180513541887,0.09930744000638084,0.44168622530815366,0,250
0.772068578597566,0.5445224539930061,0.4400261757907947,0.6310269321411032,0.20324464649601184,0.11029767079223723,0.12337733031573823,0.41620616017576023,0,250
0.966264413424406,0.5019964827424274,0.4454860938147687,0.44957387700152557,0.2366341631056842,0.11661207159141138,0.13151757077567577,0.32582020626165115,0,250
0.9207174370443252,0.5521059114638618,0.7070745983535092,0.4818658994044836,0.375051363190621,0.17867351944390347,0.13637859745420755,0.3995233230280056,0,250
0.7259994439992672,0.6062878305411439,0.6087090572916695,0.48611026453154355,0.2464857803978331,0.12986931798950804,0.10903708232872128,0.42906117151177886,0,250
1.0330020630096097,0.5359982917086471,0.5666077095858186,0.5077170215478939,0.33930810203093703,0.1469608286214506,0.15233836808338666,0.37712257004043814,0,250
1.56341054308735,0.20419505168292773,0.5515700624590179,0.23511899159212488,0.29611210758821643,0.14215519207896696,0.26429498305011917,0.17224397080421067,0,250
1.1385530696330162,0.40739186184727,0.11479962892382581,0.45318922229301556,0.19451970387064382,0.08916589004571164,0.16218731536702713,0.2666078601605589,0,250
0.7055417433312741,0.6799879049010863,0.6864965190788475,0.9999273803727604,0.20002098304901947,0.10693755688939753,0.10940483369075897,0.013498741807159823,0,250
1.510096871145785,0.2293656320413382,0.5190100422835524,0.19552384292344613,0.2868252070830856,0.13900080686416263,0.25897188208484084,0.17088514282898645,0,250
0.457921926430194,0.7607489130826388,0.7756369427390016,0.9181349029950034,0.31372323907431937,0.16560537336553507,0.11604040029723697,0.8786536605422807,0,250
1.6294395052675077,0.2642325031022991,0.4383511799290263,0.3648527357158127,0.2937506120431691,0.1241788449875419,0.22772334855876863,0.20593648774823045,0,250
0.9358607002933024,0.5921752626452614,0.48495998058976886,0.07249888316207423,0.36618558461721146,0.1587452290774241,0.19154294818618797,0.2889213323831674,0,250
1.039285991665542,0.48943118542089076,0.580994762421832,0.5556989396213683,0.33556147998932384,0.15799037898738447,0.17872044186994818,0.3695654294366074,0,250
0.5871414378342118,0.6574550002443544,0.4940468035404696,0.29635703195364355,0.18225134598501652,0.10138666369391999,0.08574042372618514,0.4286242650854418,0,250
0.9343508880832505,0.5469000036391211,0.6405571060832826,0.9964177919143613,0.18630084393298518,0.10758495019111394,0.11232904739117121,0.061168728173665705,0,250
1.086503437820397,0.48492425002372935,0.4384848538411699,0.3800181741203866,0.26144443489878416,0.11659525965929213,0.13532675315467482,0.2994748873293663,0,250
1.0941525095946618,0.45272163951043043,0.2493988772052281,0.34787506605989904,0.21240002232174443,0.09715984422128764,0.14296207311265574,0.2681659795924398,0,250
1.2711687404626288,0.21782402950940838,0.18350685135605838,1.9896073158826835e-4,0.19552635215900774,0.11723734756758508,0.38803530096710853,0.010823207308361603,0,250
0.9893898240486678,0.4556466831973096,0.23062361477818474,0.4446287778371574,0.20545996894456123,0.10332538009260357,0.1745306163259233,0.2945432013736517,0,250
1.1648475974096177,0.3678105719917067,0.59727311535681,0.28449542002172207,0.28218463290041546,0.14447715090674002,0.1493655356499622,0.23585163556908784,0,250
1.5663415298254604,0.2646993647619683,0.3245106804622301,0.05172045348092379,0.25858411180982155,0.11349596970124887,0.234154709556111,0.15159268866860115,0,250
0.6127419788641097,0.6503678453937775,0.6896196419576318,0.49729296067626516,0.2389026776635097,0.13539096729626976,0.09555956136499928,0.4860072554858796,0,250
0.8153861186210496,0.6346765619913988,0.6356457226102813,0.7131784951467154,0.3329044963704663,0.14996160039336265,0.11986025587065084,0.5315828370975665,0,250
1.6578548295069,0.18788019674022988,0.003459444805774395,0.38649192704551766,0.18456416972831824,0.07501647424584283,0.21771684276218725,0.18463898828025047,0,250
1.300357351038779,0.2912000541397217,0.05002997428215887,0.16191828202937755,0.18222539062078857,0.08702741634973606,0.2055367337674137,0.1781443359977043,0,250
1.6651713208115568,0.24494991050821338,0.531064043791097,0.07260558958764207,0.3436865265544492,0.1499373261633349,0.27209453774352754,0.15164092890112724,0,250
0.9659714145354615,0.47797157930143297,0.5678478588987393,0.4407437037856381,0.2687620117311606,0.13840687111118816,0.1402101763427527,0.32513948038970136,0,250
0.718102868447049,0.6913420988221622,0.5638040704623807,0.999976600625779,0.15666827452291518,0.08110911584329358,0.08860957370294457,0.03896248109700418,0,250
1.5232351741756438,0.15194739937957627,0.3070719533489196,0.1512695949352975,0.1972145395880965,0.097221212642728,0.2344259256816638,0.14671748486101893,0,250
1.2973769444295005,0.40017252045608587,0.4333414648431024,0.23506294204104278,0.3166940770619061,0.1434225392016578,0.22342790178906582,0.2259049773111492,0,250
0.7973703180416238,0.607499646477621,0.6986028919678312,0.2033263520579192,0.353782117046126,0.17038900710981983,0.119556362294656,0.35770829373578433,0,250
1.1221820759968881,0.3974925332351338,0.2235701479890163,0.32725932532954416,0.21599987028801934,0.10671309621298199,0.19742742719785486,0.24379165081119605,0,250
0.7130334452241012,0.6036257401623379,0.8839452012422264,0.07625648391940568,1.1114991079583507,0.6202564621410345,0.17549834984896606,0.3080976686404659,0,250
0.9071007362468545,0.515423199344874,0.45125054324567593,0.999976305435332,0.15076203791847798,0.09646006912223477,0.14724845553334068,0.019377817694409962,0,250
0.7530627415390443,0.612218010271368,0.7531574709513713,0.2737293935057772,0.421082029786069,0.21569449771847016,0.13896348925274307,0.38647384029950277,0,250
1.2222479586007569,0.4339352119599845,0.5796468200187409,0.2191896007620162,0.3190772952282441,0.1424040062678781,0.13477659324301813,0.24120418437264213,0,250
1.1906034168131974,0.46305544036767277,0.4345444830957699,0.48325524260971975,0.2615140735012034,0.11102850499506019,0.12360785423571156,0.3045506766501301,0,250
0.8901866879236752,0.5500401659796911,0.404272468131473,0.12283249394805046,0.22954518046584374,0.11107642157548803,0.11882791419457801,0.27640564314080734,0,250
1.0313998396280353,0.4999265048306867,0.580499534643783,0.8101598426654552,0.2883949505411329,0.1333643232241135,0.129496048853905,0.4299136330940467,0,250
0.9099454368715424,0.44674677640247573,0.20080400075086322,0.9106753231355352,0.16396299898074188,0.08582273765051766,0.13423320201237682,0.3648752730133462,0,250
1.1564348995221208,0.4369393379769398,0.4973699059493199,0.2300002042574365,0.26686121841530436,0.122061236799244,0.1279387142243357,0.24528649468895766,0,250
0.8527804156020622,0.5633637270858479,0.4602628567500025,0.5491773839246071,0.22194691465546892,0.10666321673500546,0.10187793639843527,0.39558637273514247,0,250
1.4208114352769843,0.29627081422957047,0.4996406110231456,0.4649768173352263,0.31938712547836967,0.15246417530241815,0.2991954542315237,0.24229139670669703,0,250
1.1391764452879913,0.41302510554125366,0.34786374838703205,0.35137217028047574,0.3013567010048031,0.14245118435040555,0.29566747874754545,0.26685290177310983,0,250
0.7596184712298637,0.5732329649233897,0.7418582845150736,0.5575660630676369,0.3208536075185366,0.1793514110438569,0.12391539612631412,0.4395433344398518,0,250
0.9130741255707641,0.521728491933013,0.5805345792679862,0.5388568878820023,0.26206875360328924,0.13236091168938782,0.11866528609951156,0.3730800998712737,0,250
1.1012706333634752,0.4612524574048954,0.393496089066591,0.22050834021589405,0.23529797946014464,0.10748445876848368,0.12334185912572898,0.2501654538019505,0,250
0.8557673097474457,0.582320443633888,0.49115102688778833,0.59912262615413725,0.2754413335078294,0.12897754881223109,0.1507223721848536,0.43430386083576794,0,250
1.3651484083024836,0.3954966844838821,0.22022538372220868,0.5544789493602184,0.2991507007405331,0.12174559971837201,0.2646030631216219,0.28943968084300264,0,250
0.6433972771785885,0.6334349769500236,0.5211192274878644,0.570088650541377,0.2048917251774846,0.11365199635234394,0.10304867549258655,0.48039000311344,0,250
1.0149179213653654,0.44939369322115374,0.35192381847847654,0.132330055230135,0.20958905578776418,0.10484956228869716,0.128621111361382,0.2305479921302698,0,250
1.0544120930338392,0.3920318297007807,0.3780939120521286,0.24719342212951254,0.22178395868369322,0.11774031126814548,0.1696751175289797,0.23523910210172308,0,250
0.8500965310637252,0.5923309622460782,0.5667645805909668,0.7825650689251095,0.31969375821332807,0.14989121479338435,0.16703481108321847,0.5180263545545617,0,250
0.9110290189171875,0.517262047851821,0.5343733462699691,0.9999952248123916,0.15267878968085122,0.09995704144628857,0.11919566655962595,0.0023497338399867634,0,250
0.901555920531716,0.42356850254957396,0.19781702211086646,0.4624126133028369,0.17355935139194054,0.09775778787219394,0.16918951882459274,0.2902861770584512,0,250
1.28333500330747,0.34983415073531715,0.5212753689953474,0.07401036944793032,0.2862590857943694,0.13529915733627906,0.1841840966291656,0.18350462607144105,0,250
1.201563225598656,0.5250281784864903,0.6074107843494329,0.4484953131460438,0.3560511549357929,0.13723313217464658,0.11697479159557611,0.33767332079731444,0,250
1.0309313721482398,0.4993608913205992,0.4579910824369264,0.2319463759098489,0.25263965555896084,0.11661628210847726,0.1183928753443536,0.27388001135530254,0,250
1.1980915419403775,0.36989227976436734,0.11076335837196684,0.2909269792238109,0.18487820186322143,0.08557307891146476,0.15312178195451898,0.22208230520461714,0,250
1.0501811611020062,0.4882261341588479,0.4734921175643786,0.16864313891809715,0.25915621859700766,0.12125954757975434,0.12140726388997355,0.25376841017004353,0,250
0.7677691136032431,0.6360130213339451,0.7449409727787083,0.9999941022365433,0.2064887393944423,0.11452030848995401,0.09704314034615898,0.0045426303546663395,0,250
0.9258465590733282,0.6062086760812947,0.5764635255157871,0.8816465435638803,0.27949858095215135,0.11557207833635896,0.10065030487589673,0.5131881353554769,0,250
1.3837367200894974,0.3697613729627953,0.1464704436430479,0.12878833433862524,0.24915576832991662,0.1049509850530092,0.2112792033399366,0.19142558893971706,0,250
0.8126931480775332,0.6226025488014317,0.5336312679979938,0.36980612320184897,0.23936073167379668,0.10705166546655362,0.08156997094431641,0.39598659014905,0,250
0.9284961325956322,0.5502792260638835,0.5104356932506685,0.36446346167471527,0.24934791949628013,0.11511174321201478,0.09930208985651243,0.3392705521107208,0,250
0.9154411754745019,0.45769514560473884,0.4778986887396889,0.240049981132277,0.22581284910068253,0.1249488553915239,0.1306232634931649,0.2676510454280824,0,250
0.9887296953053841,0.481851682156456,0.26335552774893206,0.7160771829028505,0.2891354048401539,0.1226713887026411,0.1644027990446311,0.5558932010863394,0,250
0.9190357887654279,0.5365840148533388,0.3816439552555012,0.5152914451697248,0.21905853170607714,0.10132464826989607,0.11486400020522951,0.3626350661601662,0,250
1.2992694390330484,0.3202948550625868,0.22045022744806805,0.34475687463628846,0.2367293197261497,0.11465497712949703,0.2725226394698137,0.2197585661699646,0,250
0.9807232461079397,0.46758204686895827,0.5580334540257609,0.40484604880683517,0.25924395601231337,0.1338418484516162,0.12982647332412395,0.3080709410337822,0,250
1.3067124662555218,0.44248053536822946,0.5795502335090583,0.3289458264569992,0.337946890699831,0.14013530962219686,0.13572580510547738,0.2646249574278439,0,250
0.9649819217621204,0.5372898296298447,0.5636488945463042,0.6097263756516125,0.30741316848538264,0.141768858075227,0.1458806874505304,0.4097104903901198,0,250
0.9936523507274556,0.4986488087012303,0.3699652929143372,0.5272608210634633,0.23462963162502004,0.11042719014759655,0.14913618820321725,0.3397686497792633,0,250
0.7236651417667228,0.5911551808644364,0.5659651352989656,0.7109925344719521,0.21744288887887592,0.11412183527822861,0.09731320487590839,0.49260823088464917,0,250
1.0871811199383932,0.5115229875901456,0.6076621394939464,0.2040435244818885,0.3830619074177439,0.1649942280642629,0.1508240544404717,0.2865524162707917,0,250
1.1801044137577414,0.37182039639004616,0.21958269805063557,0.3497142830884328,0.1955572387447451,0.09295501022689437,0.15052043030325432,0.23677263870421242,0,250
0.835172959508468,0.5886376489315053,0.4868134672422671,0.9996631515800797,0.1423855661832073,0.0843721610569686,0.09459588021241942,0.052419380884323845,0,250
0.681588186077395,0.6936876337728383,0.5612804797955272,0.9999888693932935,0.14873822209348903,0.08224880406151161,0.08251955462879483,0.008761178932681081,0,250
0.9913236386815437,0.5487101398125549,0.4678165376265692,0.9999968860316302,0.15488032140115685,0.08488673647362203,0.10031617873021598,0.002358921079705297,0,250
1.0656402757332006,0.5004416875211328,0.2050005470363989,0.3893337123423281,0.21508369208245323,0.09100006421126847,0.13057672280766025,0.2959886095939559,0,250
1.0585178382825216,0.3602521894361085,0.5305638365771145,0.26702320072679,0.2482338581165089,0.1426250425256754,0.19268691789293782,0.23020508100889917,0,250
0.9471329517881761,0.49258064490458475,0.3789112263750338,0.1303686558594152,0.22347087095005388,0.11227964258340262,0.1318525868259977,0.251480341135206,0,250
1.0281266008147043,0.4461533791338631,0.8019280496896756,0.513932673945264,0.5322985106846218,0.2842376289848306,0.19301022049135783,0.38650955343925364,0,250
1.1078843849530222,0.4272080484701647,0.40483699917276045,0.517854757334356,0.2417130417320513,0.11646863204034551,0.1614855755674896,0.3019402563274616,0,250
1.2041935672295419,0.5036309213644712,0.3790102105144333,0.5210784880420902,0.27498495633338077,0.10685690181383922,0.1331454384311976,0.3288645931551773,0,250
0.8949555863950437,0.6048437619199251,0.46442418555756254,0.4297301136186105,0.2692407025375704,0.11515159250065733,0.12256744824719201,0.3897933492842426,0,250
1.751411050627371,0.20617521472063877,0.13793622230174205,3.3696285163556177e-4,0.223855321617304,0.09697153332357691,0.30886346189508307,0.061332648476331054,0,250
0.6480214965949688,0.6487474975619186,0.572745665850442,0.35734890800179897,0.2250068850711487,0.1189946256002442,0.09718272885954167,0.438150409516903,0,250
0.6542697676086602,0.6698679038809936,0.5702956596388767,0.8221131443613955,0.226993986598028,0.10938677315078103,0.09446521445196954,0.6120851225151736,0,250
0.9783539147279977,0.5147519728466935,0.2490517585808209,0.77246737628405715,0.23240331057087127,0.10750331030850718,0.1829301160913472,0.39607865675324827,0,250
1.3098578546604214,0.40857870610617736,0.833160822007365,0.2375630775854807,0.8425267621679807,0.37854904710028003,0.22812455092322673,0.26582993883824985,0,250
0.6188382603995853,0.6849092412271595,0.5622475678712482,0.778521596092634,0.23019907862591527,0.11648031929294035,0.10050509369778421,0.6114979845021927,0,250
1.0510369454528867,0.3330416291173856,0.13438199305660425,0.143263832249513,0.16138753021260901,0.08992417296411685,0.17085360633632454,0.19226112944132984,0,250
0.8414413498402692,0.5029504815254074,0.44003585013720287,0.5805511433480266,0.2230046656043238,0.12188405434603437,0.15171720323893662,0.3781580809161889,0,250
0.8329394195452441,0.5932342921889117,0.5084714645195924,0.9348358353659345,0.24511283297290795,0.11051785536235863,0.11275208694008057,0.5440226418579962,0,250
1.1138795657326384,0.47640816199476127,0.3613872638384082,0.330239686965825,0.23467122141292734,0.10192868833395963,0.12101194030774781,0.2778625955551772,0,250
1.234389160808493,0.29079409570034614,0.5455596652777202,0.34278467712432104,0.2586246038120698,0.14109594921514262,0.20392026815837522,0.21880257207466872,0,250
0.710323540929159,0.6230106077613248,0.6379836020414297,0.9876890574039356,0.2548399790728595,0.13280201834275698,0.1212583606578262,0.5873975624752195,0,250
1.0337292174098753,0.5528369917851552,0.4777522599643947,0.7219521550181426,0.275628978277534,0.11439598866171083,0.12760715329711872,0.4132978015177717,0,250
1.0721702666807686,0.42932136122133274,0.21599315005068304,0.2903165100448514,0.19427073409700465,0.09362594083356118,0.1397710296940218,0.24777041021501994,0,250
1.0607293386636742,0.5120493106731858,0.5359995501829562,0.2532366740685954,0.27647411915026865,0.12372210142087027,0.10633054108303043,0.2831259438829345,0,250
1.2626893906651961,0.301262359260977,0.2732821797954312,0.18449161019760005,0.2142929996750784,0.10848668828076238,0.22219226397157846,0.18818576517345328,0,250
0.5156391892974236,0.6773597503909015,0.5832853917689024,0.7000728410800073,0.19073577449870438,0.11709903468988957,0.10015366577434316,0.6000026632762544,0,250
0.6785468811854456,0.620168703740312,0.5813164663492573,0.5047947989687616,0.23712675549579643,0.13038787270607055,0.11773323801434672,0.45326717893559615,0,250
0.8187722120096526,0.5469814989696561,0.44150598754736575,0.524223229988883,0.22022492287032774,0.11503723573571834,0.13302006137322,0.38218795941536876,0,250
1.3761677310425686,0.2860472881784097,0.5629162348373361,0.6368737888782192,0.31959044748047244,0.15550632332304026,0.2635226037323252,0.2869445554860832,0,250
0.802481636479748,0.5290969134853343,0.6954477799098824,0.4119260934100112,0.46438093947645914,0.27192811692855884,0.2508562978820958,0.3906251256220089,0,250
1.0644264411441549,0.47500361249849016,0.3061082252552693,0.40879231419474377,0.21540689291188228,0.09917511446181297,0.13026538971513033,0.2904045075344306,0,250
1.3838162286232398,0.31677855932357374,0.30478015152158683,0.40254737047215,0.2331885223881862,0.10489952948251757,0.1888575490978561,0.2278297321905282,0,250
0.6168942159597313,0.6256016887547937,0.687981806543765,0.7740939660091688,0.25341446389998074,0.1530192583331205,0.10524868044406277,0.5765882382841621,0,250
1.0818885205016648,0.40679354275422674,0.42726672604345844,0.5660169567741697,0.3005820141797917,0.16031651173531836,0.3028609083850324,0.3158556336734895,0,250
1.1431681805578195,0.41260676764659454,0.4382891767894726,0.518320571841242,0.23261979503987867,0.11141619770818083,0.12340730586371854,0.2927271387517736,0,250
0.4418791584266366,0.7706916190348366,0.7365401868389873,0.9999060489765857,0.1991254334653983,0.12198425041238971,0.10055199590060858,0.023812863632036777,0,250
0.9097153133100023,0.5277243615986348,0.3744124214638013,0.7054077767541971,0.22281898235411443,0.10545733886578265,0.13149887937376833,0.41355310567074255,0,250
0.8643573660616903,0.5466836016344847,0.4472772494321291,0.6971121976705128,0.2591855283363229,0.12279546391885669,0.1466735635776727,0.4773284632019775,0,250
1.2916627820753788,0.3121217026637295,0.16222503998964694,0.4396438375296289,0.19918024432080764,0.09264330963965774,0.19355136429428155,0.2330174027716661,0,250
1.0820420154964243,0.3270411919817955,0.3429311149124389,0.5702619092852491,0.19552725646369462,0.10939383120166685,0.19282254831549053,0.27384684023577244,0,250
0.7738063650384261,0.6096242503486925,0.8103344147230171,0.45404791039890785,0.5144285697833846,0.25940538503720023,0.13616710674833524,0.47072021901417643,0,250
1.0489530156706752,0.48675011491767983,0.8607882209159724,0.13347217078193815,0.9591880623195749,0.46768102062063854,0.2011757930307975,0.2640357780908977,0,250
0.7808667035775232,0.6090980375483657,0.7451567405239891,0.3644053129970097,0.35956135359403407,0.17873175844069003,0.11490493683093342,0.40183122739216587,0,250
0.8895107997555324,0.5582495054336652,0.284904423763268,0.6358835978309256,0.19132862623961872,0.08620878655298392,0.09671575685785776,0.3908189948346553,0,250
0.895997785648943,0.4926879427548765,0.5630589463400589,0.8544546738626444,0.23416550911960812,0.12339055446545477,0.11363751706994142,0.440792023485299,0,250
0.7464754631232847,0.5820376049908675,0.4054792337115059,0.6555665446583577,0.23329088487909086,0.1125134243938652,0.10963145322767423,0.5617704828127438,0,250
0.3843699968087999,0.8058503614955357,0.5840494535368821,0.9999707228081466,0.11564861089481203,0.07351138761527322,0.0768921254078649,0.007875587752422647,0,250
0.6279437990962721,0.6707600011493808,0.47384208409114387,0.9999880153754173,0.11793928273914693,0.07753193312647166,0.08478618007082647,0.011201153224566671,0,250
1.4913072430661969,0.31568060434127726,0.3057513856660926,0.21625332786976625,0.2703738675941766,0.11413881228103377,0.23231128875478038,0.19329229976959078,0,250
1.028100406802113,0.4632003226448382,0.6396084570952357,0.2842995698259719,0.3001626696043351,0.15321468167745275,0.12300410938980999,0.2752125593946361,0,250
0.7752743390339277,0.6047999781553043,0.515999582718464,0.6371989635521642,0.2315862966801004,0.11157907036740611,0.10631829298645175,0.46625777596322676,0,250
1.273481035324669,0.3342924626924865,0.4045888890084253,0.23125139186353902,0.3044265862613653,0.1509487657642241,0.30980964176718484,0.2095705491496899,0,250
1.0829117253271556,0.4061280624615904,0.6261113674340354,0.08695150593751716,0.30164388600136754,0.1613638375399321,0.156980096911392,0.20808706911764793,0,250
1.088580693752309,0.4266795229606092,0.5377630295366437,0.5704051204238729,0.2597044539372791,0.12748073314366118,0.12977667892858824,0.32388326586541616,0,250
1.4339712352015002,0.3424511511762141,0.4029776402846899,0.37395170049000553,0.2642256438313925,0.11255158580301647,0.15813792617318406,0.23108384910653806,0,250
1.0322430731651415,0.4841633814573247,0.22769575738835746,0.46538886579069183,0.20557251753352448,0.0928437770383706,0.13331296427046357,0.3068894751078923,0,250
1.125822903758923,0.40472752244186105,0.3405400434750097,0.48285708982126996,0.21946172720408932,0.10630755841639032,0.1550189765190557,0.28070149814761486,0,250
1.3049819006870955,0.3329577268304309,0.36739392429851997,0.5003243440214046,0.24397983794675301,0.11509232839062167,0.19752458948753213,0.2552277602083529,0,250
0.6710786291654866,0.6549854722635277,0.8250700498344472,0.6473396395998512,0.5181494702659566,0.2668548449774396,0.13591438921458063,0.6432099335026267,0,250
0.8672141422850813,0.5694082380137102,0.5239778756247292,0.4982701353898028,0.24555508812471014,0.11582484175488802,0.10336082832197478,0.3929973401625566,0,250
0.675795694361364,0.6760998657878914,0.6434974712323485,0.8515417105852283,0.26333604283659445,0.12214358657938636,0.09632056467778446,0.6451913486641799,0,250
0.9163107481493196,0.5424179931717359,0.4860633289669901,0.5522016353099807,0.24365481084117618,0.1182092193134678,0.11585655285906328,0.37706498354310364,0,250
0.6348474122095235,0.6634438033464815,0.6324819562993736,0.9999907516551245,0.14647718903102097,0.09535501646600561,0.08976217407536992,0.004950444930515782,0,250
0.8872396500427591,0.45953068125254654,0.4237721357298565,6.214739295570483e-7,0.2068568376818259,0.12673752535059157,0.14204306980265016,4.979053215678574e-4,0,250
1.3433232804598754,0.4102066597935865,0.4058930179733264,0.3491072298472138,0.29979853043363447,0.12592483727614423,0.19022809354910344,0.2512150771780524,0,250
1.3420280521267387,0.37037734384548904,0.5105740594731879,0.26389231670904756,0.31766104237009746,0.1442645851588266,0.20429213428513468,0.22319444343367284,0,250
0.9463410135866496,0.5290250260506685,0.5137382938306561,0.44573293675267567,0.2794425352663386,0.12997845953864115,0.14457616658296377,0.35812763418231197,0,250
1.358949939670907,0.43180850531995485,0.32817421163638627,0.6335437818692954,0.29627867032984306,0.1174018664493916,0.200399424333146,0.31669733270123435,0,250
0.9244430156923882,0.5191836127181927,0.46711365140101374,0.42927770395362347,0.24990576357258812,0.1263759463880394,0.13666397893856627,0.33566626904555363,0,250
1.304172363376788,0.38231706463689785,0.5164188009735691,0.2723812841587029,0.2904904829267216,0.1297545446739388,0.15189522512317574,0.230769001827592,0,250
1.1200533016375105,0.39270715545070406,0.694890111583871,0.3671423906552257,0.3409129286702274,0.18307906026932466,0.16112270023344857,0.2655497202565675,0,250
1.5513442799895851,0.3060578797043907,0.5576368931484343,0.6178129600174507,0.34856778006782146,0.1472501422962291,0.2386653687098355,0.2789600562714842,0,250
1.194148599694771,0.42842753788194743,0.5026345412393873,0.4157513016235127,0.2727238465366166,0.1216125831403097,0.11735905796664944,0.28337320826777357,0,250
0.9062366557522097,0.5503493521219754,0.37932409188364213,0.05601834732191481,0.21861326120257318,0.10371889109752322,0.1058153448383431,0.26018989369079354,0,250
0.893612420555946,0.5216068510966575,0.4282041457293713,0.5195476906517393,0.2449924801689586,0.12534173865030157,0.16525383836756122,0.36133405956028625,0,250
1.1462171338871847,0.45145425673454415,0.2912793336694269,0.31124117265922613,0.22833013414468115,0.10022982927975484,0.14040736225414843,0.26053249465851663,0,250
0.7428123208998699,0.6406563686520067,0.47417639779356824,4.9040918820320905e-5,0.2529293409638383,0.12660706276498426,0.13287787603835557,0.011165528871356767,0,250
1.5226670485818805,0.32070787240884113,0.00978517088717426,0.4850968943391008,0.2227126944226578,0.0883485039619486,0.21605210799468286,0.2329841139454161,0,250
1.0816360455565497,0.37739931227865686,0.5735554444485104,0.3433418024264568,0.2858110052726562,0.15965175689956765,0.20760048907984402,0.2534046342032488,0,250
0.8548114466601852,0.6028846776521056,0.4226777386159852,0.7728782790598425,0.21275175327142437,0.0927661036083236,0.08794257928121875,0.4665611232459223,0,250
1.2516558436822438,0.3681350929355481,0.5294571001998489,0.04231543641615885,0.29765172477071383,0.14559251921753885,0.1833551964923734,0.18058582486166952,0,250
0.8916506355215644,0.5574240773007066,0.6761569169950367,0.5266957228837021,0.2952688424785089,0.14435822636518045,0.10814131771440105,0.3937655546288166,0,250
0.506975206227202,0.7073209086513079,0.7009724692560392,0.9457260920499208,0.23503464983250327,0.13262751426032585,0.10020132377673079,0.7735777000455234,0,250
0.7795838356647189,0.5067035855703362,0.54207866043179,0.6311534118875916,0.20874639425158467,0.12132269128780451,0.11297949939533329,0.4044137564000387,0,250
1.3293380046818493,0.396113294924966,0.5591466314329206,0.15072025165518607,0.35888413004594144,0.1566233434829334,0.19003594450676978,0.2122869570448683,0,250
0.332987741471046,0.8120219794994811,0.762209261480651,0.8239491363722471,0.19438546360930004,0.12191329200507998,0.08870178556667495,0.47331918895346525,0,250
0.922310463870646,0.5432068853904697,0.5106294338368845,0.5392669174688091,0.2845349467838024,0.13321745816031952,0.14359182377675736,0.4032059885119753,0,250
1.1889845832803259,0.3308207129914651,0.08817205977818382,0.291144791311653,0.1771059246162751,0.08521095941594761,0.1676528650631723,0.21346744216140526,0,250
1.4359609960404018,0.2592785947766405,0.27858912375939815,0.12426203344469644,0.21636060201132779,0.10185022827127617,0.2016333323402187,0.16408270858909424,0,250
1.5015556169798547,0.289416196582213,0.32317873067998454,0.08483871444673403,0.2440046559250759,0.10749506457719031,0.18966532942008033,0.1639344128051588,0,250
1.1259727981266041,0.4204154065068645,0.6255397461923672,0.1899955607219981,0.3076636631653691,0.15162956788256002,0.1287083673079078,0.23528445099274295,0,250
1.4606198311273082,0.2668743532769272,0.5978579775049392,0.19307776914770314,0.5523578252592257,0.28009557840401517,0.598786963585412,0.18560726714110473,0,250
1.1249539547527303,0.45788573478995737,0.5216992616630162,0.5402507309876209,0.26443410196304756,0.1216830341457748,0.12308970362971144,0.32070644782773305,0,250
1.162166851454845,0.4420903295081684,0.46220149608386735,0.3461787383876233,0.25789474380972616,0.11700891196024601,0.12649504366115333,0.2690943837844869,0,250
0.7125279263522585,0.6557493874977957,0.6785913911028013,0.803447466869907,0.29957592549901213,0.14470419590678701,0.11072156898910988,0.5939215255832753,0,250
0.9277723718940715,0.6164348555287976,0.4234399630310439,0.999979009807713,0.15925881111024343,0.07896005687537007,0.10479637346235697,0.008381041859403056,0,250
0.8979719584782186,0.5998118245914229,0.5197511829712267,0.9999912741561824,0.15664377371046975,0.08553810028053956,0.09018619819708254,0.0031452783053804037,0,250
1.0325695477485146,0.399576974878081,0.4216528303914003,0.29314126040897237,0.22308386705805097,0.11975726633778148,0.16073710366466737,0.24874100178522765,0,250
0.9401428637344378,0.515597505360652,0.4813884136627673,0.6079649854753189,0.24672368036383188,0.1185011631129131,0.13301112175755564,0.38320880346011554,0,250
1.1390837489230115,0.3899907062251507,0.45537639606598773,0.3850108518599311,0.2500186785149703,0.12480369123192822,0.17015998066212473,0.2611687779112435,0,250
1.0347439089395885,0.4361072078033304,0.4133301689057763,0.7547305785633606,0.2572701029334888,0.12184133866891587,0.15957743539544647,0.43090644096178166,0,250
1.3249728231851747,0.34321648190934917,0.35685333987638884,0.10040866017689812,0.26295776378831315,0.1229886619558022,0.21247435136313342,0.18643816837802263,0,250
1.23697559269398,0.42199315908175616,0.6574517831745609,0.35218544639556715,0.34592086906862507,0.15815123333265554,0.13399942315745464,0.2666815380284463,0,250
1.574168720766042,0.2337871094820081,0.5796536330601016,0.19135629805779095,0.323477096295943,0.1495723969058627,0.23061542867587653,0.1712766321855059,0,250
1.1379316163513815,0.37617695285796854,0.46710448322159875,0.21679163815174812,0.23352482092625776,0.12005516120753286,0.13192373191686685,0.22044989216827166,0,250
1.1045231647886966,0.5235382379999578,0.568758818937226,0.577121409768795,0.3161854254860308,0.13115803439058302,0.12127597174752236,0.37594314059769984,0,250
0.7872649121311962,0.5637976247882417,0.5765022345231072,0.7476155681675098,0.23927013484770612,0.1212463569207275,0.11583848826923715,0.48523830223392184,0,250
0.7225549963592226,0.6035094321641383,0.39433699519717974,0.8448737654788465,0.18674514294138403,0.0941761166208298,0.1029684648943012,0.4913467538095583,0,250
0.7420591711944321,0.5770120172059451,0.5535738524353133,0.4445676877531778,0.23637187448169403,0.12702152631483146,0.11718631972596184,0.4050119219618762,0,250
0.9253214334092986,0.5256223602940163,0.4966055155627065,0.4940633383964724,0.25016218259045797,0.123148721572443,0.12662390305122853,0.35719474736584284,0,250
1.3116124605667907,0.3676873004574958,0.4964729206104179,0.601454233360689,0.2810509967006116,0.12552190239623112,0.16470729114510185,0.2960947041372897,0,250
0.8826666022281394,0.5079379722914797,0.4770545200617455,0.3422447241616484,0.22515062938534913,0.11744901922342904,0.12799512289981474,0.3133240153908576,0,250
1.3384344474126717,0.2551608581196433,0.19074174633628863,0.4411670185291474,0.2057722580059504,0.10089928226275326,0.2705511454614666,0.21877935060995904,0,250
1.2716918771117613,0.3546706564846867,0.3734517388689037,0.17256004141404668,0.2505317959089604,0.11861244979943919,0.1861975413993442,0.2010492489194308,0,250
1.0171260490868819,0.4875038915122471,0.7377825885803335,0.8134147465206285,0.3937163215652597,0.1943142056889996,0.1541223480810332,0.4705016113042452,0,250
1.060919455254799,0.5140856029423821,0.583957102070517,0.3868931880784228,0.30994656903919626,0.1371816814505864,0.11894443314700069,0.3238076892503011,0,250
1.063107623272889,0.494882067562559,0.29733537633207696,0.16059631701733815,0.2582046182048908,0.11592555017611508,0.1721764471638201,0.2506179219849223,0,250
1.4219338459094801,0.2875220605226179,0.3726051737334778,0.36409035259604233,0.24755224907856893,0.11516612718711934,0.2125541895732765,0.21336648921290444,0,250
1.3809975236928305,0.34576072728685225,0.21916459786168765,0.3974563227731975,0.22078161100670302,0.09315714178019172,0.16000975634037362,0.2332063180036143,0,250
1.068987001653366,0.4944665683285524,0.47621203148198243,0.45936943815764947,0.2682956846207782,0.12247989528021963,0.13866241345810876,0.3205721126423268,0,250
0.6133664275787426,0.6525051905261219,0.5520591892903406,0.763369341448554,0.20277183802463686,0.11272778101010207,0.09466538410415283,0.5640943669946283,0,250
0.6607594613682902,0.6322246832638304,0.6353815115565018,0.5352807729641531,0.28364532400727516,0.1542542492255474,0.13680024476797825,0.5049916295937705,0,250
1.4001797467004693,0.2953535819603853,4.694842477415911e-6,0.35608100905529727,0.15645795803927656,0.06144261966779362,7.822625156407334e-4,0.20658288209981648,0,250
0.8846423428213089,0.5285138480629205,0.4723052495878499,0.3329930340135677,0.23037564644644118,0.1177619326681659,0.11815007108149037,0.31864238058362027,0,250
0.8202270958741721,0.622147072668598,0.4302393948613297,0.5169320635934881,0.2312647921358098,0.10166820831129716,0.10220571558669636,0.42709142407870276,0,250
1.4100131168647125,0.30635923491338396,0.16314450868593353,0.5421839010412212,0.2248483502483952,0.09822173104774462,0.23060688273435953,0.2475098478667538,0,250
1.2046597136783939,0.3861950935223394,0.29893737436239065,0.3770573123788905,0.23181174936598037,0.10745585516749945,0.17793161704833724,0.2510928958922189,0,250
0.75821570797271165,0.6351726086170438,0.42669742742021743,0.7386587173249026,0.24568566101518,0.11169313582834008,0.13880751684082976,0.5195408959004746,0,250
1.0953135068699789,0.5308320553611628,0.49204426607278395,0.8053677984936605,0.28012137058720654,0.11328267108872764,0.11614333981188399,0.4287219658661955,0,250
1.4538518108881218,0.29955368609276506,0.27500438942749295,0.43677043823119127,0.24052662102471803,0.10629189078222337,0.22689201048363322,0.2265703129152712,0,250
1.1850656948492158,0.3437768845194815,0.5275125229726851,0.07107683818743428,0.30410294717018327,0.16349974956295107,0.2530446157437745,0.1821259236854209,0,250
1.2886703738184189,0.38365504554752894,0.33075265403134774,0.269273420296226,0.23542213797354952,0.1041583488642289,0.1453873683778485,0.22503196193371922,0,250
1.0095643286310207,0.47294915428877304,0.47757699992134084,0.5835838291429145,0.24858904838033416,0.11990488970090535,0.13490938238688113,0.3520094735066507,0,250
1.321307524847068,0.3258728500679938,0.36919968941580794,0.7041098333817106,0.26220494640129277,0.12136083263931244,0.24281498525485523,0.30112577398210116,0,250
1.3920138022655517,0.2519471224355612,0.3339580474496273,0.4087846007340343,0.2752080833300011,0.13905841340762037,0.4001334601864012,0.21714842009085952,0,250
1.2952745064180777,0.31368774868521904,0.0010767530771183995,0.39750372942395457,0.14998009381243038,0.061052644950772915,0.014397578416787833,0.22003512465447517,0,250
1.1307745655903076,0.3883386066062158,0.3563411776661635,0.38355675811178036,0.23364112476341922,0.11650950872992542,0.18660647332765945,0.2575547406004966,0,250
1.3376640141923057,0.32210204834430833,0.4558998597958693,0.17261926362148738,0.3296736091397844,0.16207634624791398,0.31279434492697883,0.19223148903141143,0,250
1.1908267352144346,0.3947656245488098,0.329931195281929,0.6460219517310456,0.23984987516876788,0.11426838550447911,0.19698694189701302,0.30792358559400285,0,250
1.3494884993363172,0.27606439832474744,0.227347762397407,0.2978158669538825,0.2149026563922497,0.10315306353245608,0.23958163432393148,0.19918583444071747,0,250
0.8169752051744902,0.5483507290288661,0.4986107867486215,0.5273630265126033,0.22175691170933073,0.11613431943855557,0.11392789143817443,0.38742504225327973,0,250
1.140145227611566,0.4669099645916636,0.6121131433533343,0.6142878680875036,0.34238833327604573,0.15938425104647266,0.15261125238631648,0.35752764334219816,0,250
1.2945760574379737,0.36495809789371353,0.4797378419788324,0.48992533422848766,0.2756468388085165,0.12571221827445023,0.16473160389298075,0.27135049717849796,0,250
0.9207549618778348,0.5341596756951712,0.39205957165505156,0.35928194649258155,0.24161362782501214,0.11577460318230187,0.14638032941211407,0.32353080382308746,0,250
0.6666884388169286,0.6356404877225101,0.6428329332871774,0.6334129619826738,0.25807719149306496,0.1333309910605912,0.1236523574386901,0.5350391444879389,0,250
1.145638155641953,0.4143600800705736,0.44676954560425497,0.1931765914321559,0.2738507844088593,0.13378655150558372,0.18958955775748565,0.2280543550685922,0,250
0.8891412549956333,0.557659890789855,0.5840046039945185,0.5814093729833363,0.27848065623932905,0.13450467308492317,0.1289866322285849,0.41047465505973973,0,250
0.5065188661832468,0.7584745221033355,0.7153206821282281,0.999820854754259,0.17833075618544894,0.09948712120424805,0.09292781018154264,0.04664041063229348,0,250
0.5877447130265695,0.6840204245348931,0.5819086781954923,0.858794962499918,0.22634701272768415,0.11676507831270692,0.10818075027630426,0.6628388994284965,0,250
1.3835837704965896,0.2446064548283685,0.18911256665184215,0.23049370491786703,0.19358708654790174,0.09334162676887679,0.21639785597726097,0.17860104496582233,0,250
1.2169123900146914,0.3849641141420958,0.2408131590217757,0.5807536157931495,0.2414211692052619,0.11257532022141854,0.22726073076844755,0.28950193525200985,0,250
1.3050466020813278,0.4174258354996467,0.4215030254778125,0.25718968069581594,0.2818903732410495,0.11982592665185902,0.15478283451911154,0.2358294596963697,0,250
0.719884096788878,0.638609651018654,0.6761899442638075,0.2667758505285929,0.3097982702274102,0.15657477644301035,0.11918130867689034,0.38990657527845324,0,250
1.1670206934321934,0.43956988826499616,0.259074768395639,0.679824549644614,0.21031019670695966,0.08867139283751792,0.11157718375097499,0.3294722026607428,0,250
0.5882403408460498,0.728721956301852,0.6303422200706398,0.9999306118484321,0.1658190362612521,0.09255756265961317,0.09586203035724866,0.03254630530165576,0,250
0.8280496284260952,0.5475034075152947,0.3525309988963306,0.9505358554404992,0.20105587166250888,0.10164167029736608,0.13488082806934482,0.473415471235857,0,250
1.2843978606485749,0.36147692147599514,0.35716036617643093,0.0463206867239483,0.2534583797814891,0.12001740666365629,0.18739912939192535,0.17804743557396027,0,250
0.8800709361989874,0.5864284885607347,0.6493772292792052,0.43036892396510124,0.35184614391651386,0.16540818986562847,0.14093096568712085,0.393997320316262,0,250
0.8036275528550129,0.5982769802676337,0.5319111373914966,0.5119118456801494,0.24833327827352367,0.11955096483531054,0.11196152302333555,0.42178462317667803,0,250
1.1298584618600978,0.4627638034580674,0.423513000642889,0.207819162569409,0.26283486684298346,0.11914486765756761,0.14306430518632218,0.24774732947014172,0,250
1.5324278774594,0.3481285466168501,0.403690604923847,0.46041737007911804,0.30219016946690896,0.11976099431728793,0.19478967972657737,0.24990068532101753,0,250
1.8360363948375502,0.2061306007995055,0.2099550013976202,0.19744629774426667,0.24172109113507817,0.09456521634022644,0.24670948565945455,0.1592396930362324,0,250
1.1026022844142345,0.461433674092608,0.38485160278435215,0.6522320384080375,0.2570318254907509,0.1168537704622096,0.17287854127776706,0.34830071307790295,0,250
0.8738078735246679,0.5501575607277402,0.5923656071712408,0.6603277659638289,0.2537125474037123,0.12191551724008398,0.1005961986814794,0.43411195213514275,0,250
0.8900550023514603,0.5804034100194554,0.6164139713599541,0.945373958383543,0.32063314497232,0.1466207466125643,0.1420176286123182,0.5617705947753858,0,250
0.985319349156456,0.512772083724753,0.40827844505965977,0.8093206680587687,0.22060358879664552,0.09999835328239381,0.10673617007305275,0.412397905338284,0,250
0.7831125646100429,0.5354956846488498,0.5632837512114236,0.6288138144500368,0.23664454999461715,0.13091552087959113,0.1257622590463526,0.4295750942905841,0,250
1.2769653752454684,0.3941841061977444,0.4008577234883659,0.20139213554786192,0.26673345684453387,0.12022676898878261,0.17152649364508074,0.21709114655342837,0,250
0.9471328548853764,0.5108482599730351,0.48436208337393893,0.3111191827056514,0.2501513931095861,0.12677381429054396,0.12844255986612646,0.2993383004545393,0,250
1.118657564488761,0.4830916058351694,0.47255762508460375,0.34598968187271556,0.27011814377317656,0.11734867561454704,0.11623100701671961,0.29199194582173343,0,250
0.556331399095597,0.6981614912851587,0.6212965387306748,0.3620218923617964,0.22112435440902858,0.11664943555488373,0.09368564902898598,0.5104489847720759,0,250
1.0630989804011992,0.46544659189043486,0.24554510699897078,0.8082826836249747,0.2196021963763182,0.10000606779896083,0.16965930948899688,0.3738861450859652,0,250
0.7909954951178183,0.552650911152993,0.7267856050122642,0.7031655144869903,0.310262604316059,0.17032361259483708,0.12029535986160736,0.48375860709396773,0,250
0.9385938516773861,0.483593377749584,0.38884316381735995,0.5490507865054914,0.2062297168331377,0.10435596556175625,0.11869163939022302,0.3398661804921863,0,250
1.0933366987297828,0.40339975640212317,0.4043462563806088,0.4117997194825713,0.22306884330695134,0.11146374825621025,0.1385799826870094,0.2711940473766171,0,250
1.1767915437680876,0.45756182070433765,0.43394714071042084,0.36115028892893014,0.2622116408041687,0.1145698394045392,0.1330946364175958,0.27621753322288994,0,250
1.0496739005507572,0.537967755128859,0.538800876560966,0.6058118037099524,0.2785295452004751,0.11822128724062779,0.10503514685568734,0.38385492565452406,0,250
0.9076011812413511,0.5445194664836035,0.35258105439312176,0.9116443633101053,0.20638624430579736,0.09407401910208103,0.11097591667603546,0.454822890289627,0,250
1.2919301135415415,0.3424837954575513,0.5545438443174848,0.36118311606725023,0.29368814453627184,0.14162922432333586,0.1758870231623747,0.23861771870776805,0,250
1.3052192881841274,0.3272085516018387,0.43225601417861914,0.033506527958894396,0.2372131622687041,0.11582505992233925,0.1419302725735719,0.16721351748733138,0,250
0.8458895560138682,0.4917082721339716,0.6803920635062578,0.6265749915114738,0.3324220614332524,0.19331869673916477,0.18627361313701005,0.4262830364307079,0,250
1.0068089194063476,0.45628174147589246,0.497492274840455,0.1948436301727052,0.24151211319544827,0.12125830672039739,0.13482055631537535,0.25114423654996104,0,250
0.9355983979667655,0.5322539392151955,0.6434521874045915,0.34739262413022426,0.4265990361700463,0.20587558097802444,0.21714807854029447,0.35850348048278596,0,250
0.5633817806533199,0.7301253088479327,0.4667197992192514,0.9554812795218397,0.19123240007622783,0.08598163963812322,0.08597378174210608,0.7287617058483264,0,250
0.6886428427239356,0.6067892178169518,0.638298869739221,0.7093843092557879,0.2652865097514763,0.14622511883694522,0.12695074139353688,0.5319102627436054,0,250
1.1918527495784075,0.3522351724928255,0.496134324032578,0.38210200704479613,0.26497625151551096,0.13496790599453648,0.19629070110341723,0.24788579079915068,0,250
1.4591112623081302,0.18033760009967084,0.2566212382913318,0.4290589420188495,0.21641243474094096,0.10808024891767568,0.37123056604464794,0.19843794669649603,0,250
1.183583927531764,0.4070626277372393,0.33485725533086186,0.556306485032142,0.2603143668623307,0.12170468393859221,0.21855424713301966,0.29907370873608874,0,250
1.2345137386880978,0.3975217892795799,0.4424214930327216,0.5155799334825064,0.2556702409939115,0.11557472229488473,0.14050860595467732,0.28625530863270576,0,250
1.1371816250882858,0.3443831396407257,0.32785511991483673,0.3089723180915988,0.21360231237776162,0.11317572626835616,0.201745016071253,0.22591832664730488,0,250
1.234661878869007,0.2955454832911704,0.3496247852053743,0.5169250511551327,0.2125142647697192,0.10839340485322219,0.19766582649297634,0.24910087388071134,0,250
1.657846297005161,0.2370889193167399,2.3613437270801523e-4,0.222375404844872,0.16811272911281372,0.06267079379353517,0.014165086634244518,0.16870649622666828,0,250
1.5095934628432393,0.35158168969770043,0.32205988657780377,0.2763713947183349,0.28956745625226415,0.1151840006803679,0.20756552342339227,0.2145588464142431,0,250
1.323676262342568,0.3917959247273883,0.5028237316461927,0.44568531530149186,0.31285310356683854,0.13613447077972576,0.1811148276039615,0.27266254237009285,0,250
0.7014052757004741,0.6150018167293626,0.40322091324626885,0.29450019247602227,0.19136099484140945,0.09935584502214251,0.09853922757524484,0.3712659510175814,0,250
1.1544726841623572,0.44504031663742494,0.22148485482312186,0.6200967228153512,0.22973915394341493,0.0991742270600901,0.17045708614955327,0.321076182304244,0,250
0.8905515788186764,0.4362097518904856,0.35554232039224565,0.355623485680994,0.18372752871951392,0.10594438580821575,0.1353998702430968,0.27797557743027784,0,250
0.8739194937535723,0.5014562559997258,0.3869958530592851,0.6492794595648954,0.19500129491172358,0.10077437056370186,0.11239275674532238,0.3774911474770144,0,250
0.879687202880063,0.5509323754541123,0.5849277913679201,0.4263393500505906,0.25781756209395507,0.12576243021569042,0.09922134597373794,0.3655155169719224,0,250
1.0652725969467296,0.4126935168126436,0.5988516194144287,0.41296243061638216,0.2725030283199132,0.14597884885195295,0.14825992931667,0.2794789092303585,0,250
0.9315673191646492,0.40519636498634753,0.21466096563807668,0.5786126620127582,0.2420228735176744,0.14142859817318584,0.3380427131721846,0.3222652401079681,0,250
0.6308216734182428,0.6801240424109393,0.5660844535045597,0.9996142823253803,0.14237130372445705,0.08803537206782391,0.09200915586641478,0.08749097844841097,0,250
1.025348821717979,0.45412630386647407,0.3216029143898381,0.27597201071624905,0.20655511927277742,0.10172945987512952,0.13383519325679724,0.2585448972808287,0,250
1.4591252913468635,0.2601725931693203,0.23264384751036096,0.2253231291206735,0.2982594964728795,0.14411832656934354,0.45347719733714137,0.18252260079221339,0,250
1.1338434318115007,0.4288543720892004,0.424369964561272,0.5220408244113562,0.25811250641079575,0.12376056946185564,0.17811640758463448,0.30196345157488824,0,250
1.1003753170447854,0.496648437858231,0.595911205293399,0.35983399768287316,0.33028287735825235,0.14839650837120835,0.1424685013524059,0.30371042373216356,0,250
0.989525327216987,0.47765893856381536,0.37014676655380596,0.4334496503654589,0.22126635133565822,0.1092717527835481,0.14399697484009352,0.30605071024377795,0,250
1.0849372354959284,0.3870932150255566,0.2377531460095882,0.2461482370348839,0.20516751903119515,0.1044561026951531,0.19459871216612354,0.22729805694315136,0,250
0.9153194605983807,0.5700384800439986,0.7277436313613878,0.6267402439927618,0.35947110680569716,0.16671909636523297,0.113705603429409,0.44967268929169546,0,250
1.111973602183076,0.3568982209716909,0.6833571998990083,0.34493298308046727,0.30673657661572906,0.17370864120991053,0.16818301309224293,0.24655023289450687,0,250
0.9117423173957554,0.5306875425979557,0.6639868741358913,0.41667324287589963,0.31424174638553304,0.15710101112218752,0.12422207990149456,0.3570679640330739,0,250
1.0191395699910744,0.3507806750799905,0.2926163596340883,0.27347102485671576,0.1904179294378193,0.10934503583835786,0.2044008755455661,0.22521047333739141,0,250
1.3753734512480964,0.27529028035868824,1.4719903047294843e-5,0.29497881863155434,0.15109853380782245,0.06176969323641418,0.0026239796987784867,0.19320699848211656,0,250
0.9143098529344642,0.5370200809498356,0.6428626509066817,0.5472039464653573,0.31294147185878585,0.1521999402467902,0.12755782755230718,0.4035062592551316,0,250
0.8091379763275507,0.580837497557025,0.5371338886985094,0.5640898387582044,0.23044118058424956,0.11085684902467843,0.10315755901813194,0.4262090659697387,0,250
1.6453829309567833,0.1765698826499014,6.19889397574569e-6,0.22516113638718246,0.16061809536855415,0.06350721577354294,0.0024228775933885518,0.1587380389362649,0,250
0.8799174543074162,0.5913097991930565,0.5823972311512037,0.3668544004723151,0.2788355369995266,0.1275124789770631,0.10083216923414971,0.36952691014200284,0,250
1.414113782545083,0.3539252323146956,0.4635659626253089,0.2985994989900316,0.2948734928618819,0.1269304805385618,0.1699545988242428,0.22389183927978298,0,250
1.5827374279581685,0.23486069070822652,0.6926063340573885,0.085907269339712,0.5284511029099439,0.25221806971107524,0.44027557048706756,0.1537191213419053,0,250
1.0368958870361356,0.538816516033636,0.2687720629990019,0.5738134134767284,0.23405937535227136,0.0951530549734351,0.13084649281472685,0.3612402071135467,0,250
0.9986719648947848,0.4967780913018519,0.4322797677484618,0.7058177223921777,0.25463743343494655,0.11709317759950258,0.14720166044813887,0.3984134362994257,0,250
0.596039643296508,0.7528520362761452,0.6248526499002708,0.9999949728718178,0.1775547655706779,0.08976240138567314,0.08843426540201128,0.002690747049974429,0,250
0.9549841535529663,0.48392356992849717,0.5985657066152469,0.7174235315014104,0.2810659815181639,0.14499913251182822,0.147612875124667,0.40809352779737523,0,250
1.3941600629815842,0.2643898226867934,0.16534908902277548,0.20930772339082823,0.2076768261562947,0.09889219967340399,0.2489665953447292,0.17890000651821567,0,250
1.2882788696121352,0.4164663577655951,0.508003860537551,0.3330101437623389,0.39384212508022537,0.1725697258031774,0.25941338339983355,0.2647922183089281,0,250
0.8316472579376746,0.5907136592403738,0.40333483858649216,0.3894282556973207,0.21780386514638841,0.10325637616630483,0.0985407897472824,0.3663435138706564,0,250
0.9158750138838624,0.573633305437392,0.6205840995845807,0.7389750973768319,0.2972022204389314,0.13484530579793516,0.11402255436980609,0.4691366356236589,0,250
0.6585993771167827,0.6745727273693015,0.7452636992892152,0.618504338409674,0.3453576452954544,0.17096552599835071,0.11533755262287447,0.5706202430012705,0,250
0.737957648799818,0.5619111273861455,0.5117509847608579,0.6605945184409121,0.23708783782819964,0.12377840507635414,0.1076892659346272,0.5350004420109032,0,250
1.2670633858145863,0.3618297152579423,0.3635358593077399,0.3961907726779933,0.24567535115643088,0.116657877564461,0.17673973348621627,0.2448078571214752,0,250
0.8432438700006072,0.5966043972694846,0.6546415095965473,0.28450674781195895,0.31693923237448934,0.1508996183213297,0.10860488407786356,0.3582966115628024,0,250
1.7051702440558592,0.1798032101959467,2.3733117400630608e-6,0.1512151249397335,0.1628061650372303,0.06310027147068167,0.00207982923081988,0.14775894807817064,0,250
1.1966527730395586,0.4767013736947404,0.7248326300358221,0.523717473563867,0.487535482680151,0.2113227128148997,0.17935430476392505,0.3625531254016751,0,250
1.3253449262024528,0.31336917203356135,0.5732387807269539,0.2314462027183119,0.3097813781679324,0.15609492600028854,0.20379673019288336,0.20134207414242228,0,250
1.1382548841734434,0.4268939518577634,0.4972926674132439,0.39662364164373126,0.28724736490420427,0.1383044933450077,0.17918558995661443,0.2798035861614694,0,250
0.8062031406898161,0.6066017512155574,0.5789758012263551,0.5457034554382405,0.26993195635554257,0.1269478692282436,0.11471779083220632,0.44750032850798255,0,250
0.6129950735205838,0.6651260004486232,0.7640085005708265,0.7171555621804895,0.33990928539796533,0.1856140236084244,0.1192747352439826,0.6240470629065008,0,250
0.4783299083024094,0.7345721367487412,0.6009701686744414,0.9999235845002274,0.11680043638367402,0.07895725011106455,0.08059597258019666,0.01855487091455218,0,250
1.6044551965629925,0.2456509240247303,0.4930800306146636,0.011512255897842471,0.29751994317590397,0.13568229379984248,0.24657897154909353,0.1409444044326125,0,250
0.9811445128749245,0.5526088916813107,0.5623008991131293,0.8391712130548286,0.2962704591153928,0.1309639869245998,0.1277112583691371,0.474456158420591,0,250
0.9223077487922076,0.48225521233358476,0.36997869265665645,0.024134405735779574,0.22622632045423663,0.12092882420313465,0.15585891774688782,0.22613302870591273,0,250
1.8931562137275404,0.194873044480279,1.7777722298877714e-5,0.37865164931837225,0.1859116503224952,0.06289205135859126,0.015681369464220198,0.1808142989264022,0,250
0.7981450736392732,0.6466971623992634,0.5430786533862659,0.3073766056990104,0.2605068018465771,0.11290360645075556,0.09148153010748256,0.3999570791356104,0,250
0.9708900946993402,0.5150586606943525,0.6302368181482056,0.49491830137013043,0.3355492760160667,0.16446590440599246,0.15139306988680587,0.3672761895275984,0,250
1.3005696130291045,0.2908753592458751,0.5911263397914087,0.27346216980703425,0.3150891028088084,0.1636463415124572,0.25149376440684207,0.20794898302040277,0,250
1.2947761090647631,0.36471287366597643,2.453044950561505e-4,0.5915180451925784,0.16117996715878108,0.06053001768945273,0.02405928026179997,0.2675307810272732,0,250
0.8724260897772292,0.5491291669030826,0.58421642170977,0.5554370365991074,0.28044215836323616,0.14143291553194653,0.13756520244261414,0.40093297662198785,0,250
1.0953746642020057,0.4999301280303032,0.6665252601952724,0.5085985895226411,0.3464729107709653,0.15309680649986143,0.122332427223497,0.3538040150099311,0,250
1.3956223788558038,0.21543340245959455,0.18257706614697997,0.2707294735751849,0.1968853778829818,0.09741550870812585,0.283272974551662,0.1792920667826627,0,250
1.0365183591541092,0.4759381273088276,0.7061347341789446,0.025826609814315903,0.3563991432313944,0.17967266406087953,0.12820966865427175,0.2179843741274016,0,250
1.1221695521901722,0.3301914866822495,2.0484636288810893e-6,0.4111741663938055,0.1360269147402659,0.060706641182216844,6.331311053029494e-4,0.23252566292630095,0,250
0.5861131391291663,0.6650635362483421,0.544741189540834,0.5982888209284783,0.21924302286034278,0.12479063422395853,0.10188530667013823,0.541180923549028,0,250
0.8341065524964651,0.5390690233904885,0.4324258415343707,0.6560800500844163,0.20629137598304556,0.10621966801996109,0.1146968948741656,0.40533302368557134,0,250
1.184108074140873,0.3763078271555774,0.4996465662221565,0.509320550161153,0.25752713984816816,0.1251034632016595,0.15116066692568977,0.2841575738666234,0,250
1.2138282026762635,0.3823330499350664,0.7040264934237911,0.3402301031816708,0.3629084002089155,0.17928206852766837,0.15704146696192015,0.25579070085329464,0,250
1.4372833272878498,0.3140132783612461,0.6469289784528799,0.07152745465595235,0.3879987536966825,0.18321561523675986,0.2378179593649003,0.16911579853544786,0,250
1.1811439650357984,0.38828906184803463,0.7074959138945053,0.23197078904886162,0.35956099771072836,0.1775063874428111,0.17414101229765933,0.23392003622626029,0,250
0.9473538069368779,0.5812952256990398,0.54375028700635,0.5385287017413778,0.26853144365451415,0.1123577511196982,0.09761770070842948,0.4060701929156442,0,250
0.9327206141289599,0.5359726324926604,0.29825398217533766,0.2898285525686963,0.19947999379893894,0.09142460260793843,0.10007979725380929,0.3000519067540976,0,250
0.719973396767558,0.6819100934760308,0.5799171589032747,0.5569191072500462,0.2550352989543377,0.10894919353382593,0.09035726190618226,0.5262284452108532,0,250
1.143066929414099,0.42076932802305045,0.5065571810507472,0.302960139795048,0.29240057055167845,0.14233243017934602,0.18536770658037915,0.25595417176294416,0,250
1.0636007947538162,0.4760142613024467,0.34231315842999455,0.4240680967444511,0.2699574368012474,0.12591980563983507,0.20391559164293213,0.3045821797545168,0,250
0.9426121294557719,0.5476565821783923,0.38293720999328323,0.6214498056757111,0.2287008580351046,0.10322621709779013,0.12577360334297452,0.38766877561373614,0,250
1.0694161688717176,0.5355924805934751,0.3744206950285106,0.41738178138246956,0.2419053666740146,0.09883557543608733,0.10472872965476034,0.3246086529219381,0,250
1.1790329468846683,0.41907880373748546,0.4131455508233335,0.661313793266112,0.24553879026069667,0.11202998269682733,0.1457104621820839,0.32631651664904443,0,250
1.018786282508931,0.47001322922233085,0.4899061510539413,0.4462190382636547,0.25390399637098177,0.12442145427863564,0.13744368161011195,0.3143087260614178,0,250
0.7846596074704664,0.5654464547936118,0.3168302239704284,0.525581057982183,0.2025700949481647,0.1015122014007946,0.14487145790375414,0.3899807251911082,0,250
1.172087976273984,0.5039269099267768,0.44645799668783104,0.6002303380494137,0.28168533000553236,0.11435576451154544,0.13354781939000343,0.3498095948316364,0,250
1.3036782640737348,0.33745960205691544,0.06823907127111682,0.4380614874356384,0.1989903341861254,0.090529584311727307,0.19057236785272727,0.2357305034543847,0,250
1.5184196587114915,0.221856931604943,0.21870007334288113,0.37084127191948535,0.22000828135017947,0.10073660187053672,0.2789303662420977,0.19488654497702163,0,250
1.1014960481845484,0.45411768799295166,0.3539577980492124,0.7078466813745429,0.2629570062032489,0.12042701173636133,0.19993166043675661,0.3617392265141931,0,250
1.0931210063188328,0.5155849426362469,0.53072138337658,0.1731453379693758,0.295659214758041,0.1254968878007517,0.11056172276290548,0.2688709897847038,0,250
1.157378286831128,0.41073172563155363,0.355364096283994,0.4471639466283834,0.24063803095015723,0.11485645965928311,0.1780876000197025,0.27482829651184326,0,250
0.6799488550734444,0.6403884153880435,0.6291984241909274,0.5399512308859638,0.25125997042461157,0.13347444084188617,0.11094326725163035,0.4754372828279937,0,250
1.5127777042124557,0.25451853198017704,2.0808654259820819e-4,0.33102572787461343,0.16094017108910905,0.06232909196007722,0.021210935860213696,0.1912692097857836,0,250
0.8152706456071166,0.5681798424539952,0.5787462601098925,0.6801789481242918,0.24413339268539372,0.12371790305436599,0.10627615685816502,0.45106879296505015,0,250
0.9698879222704807,0.525144411127955,0.40780023194991494,0.14349403333422475,0.2678311417798003,0.12598228988609048,0.15792667512496222,0.2664036071548264,0,250
1.0069766864802168,0.48646701773129913,0.6030398352530925,0.3538498271076579,0.32579398661028197,0.1620741516905243,0.16856987375525884,0.30795463229803877,0,250
0.8767693993330513,0.5041632584242198,0.32232097091222905,0.35793992124205465,0.19581897298837203,0.10361204619659352,0.13825738150310332,0.30321759064668413,0,250
1.3878711115825004,0.3406922229271977,7.052489155156937e-6,0.4317999865457386,0.162764931181682,0.061211877686993175,0.002139587487398908,0.2301212732453159,0,250
0.9837533886307329,0.4718854010083375,0.5739487515944234,0.4558094553941267,0.30236275652239003,0.1566538816644656,0.18038382690457205,0.3293903728809598,0,250
1.1257238098149525,0.43675441818052174,0.30338745699674613,0.3107732829115448,0.2163084148798085,0.09843413968566143,0.12998699601359534,0.2561178583200883,0,250
1.1666309288451837,0.34686320297661477,0.40653036461445624,0.6908910564370271,0.22632701210663417,0.1140497280462121,0.17071115971040984,0.3078294302815433,0,250
1.1722880252975545,0.41670522557142214,0.23269608422779042,0.10945899425970208,0.21144478517533233,0.09673606989329601,0.141871477330946,0.20677469008940053,0,250
0.8678651487965525,0.6137776191400085,0.48531964163484487,0.5272043562528438,0.2525449362883882,0.10836286569961795,0.10322816219198142,0.4236993162895193,0,250
0.8565297833095579,0.6039425845957842,0.65661751672813,0.2176025479872636,0.31897396818207513,0.14629031077012566,0.1077331129359324,0.34236671642792105,0,250
1.0880035491765876,0.5435123606041551,0.6103953889190036,0.5831906037416222,0.3349278647932686,0.1357046091829265,0.11513722353800848,0.3952017565494465,0,250
0.9244698877106947,0.5449718017988222,0.5928712580512071,0.3169665188505787,0.2979471094945893,0.14290511737581135,0.12528917704371834,0.33073045160220715,0,250
0.8338781024615125,0.6121880709225405,0.540691229303149,0.9999961375335561,0.15683983370792132,0.08827856951904287,0.09588300330724685,0.003828492988690541,0,250
1.1383521099744207,0.5336314886123823,0.585207301698819,0.5081025287170983,0.3533340009367266,0.13890840294805878,0.1309000439611778,0.36912426744819754,0,250
1.0989620271765599,0.3572101864960227,0.29657789199613743,0.5862551150728508,0.19072378714603874,0.09804948013307678,0.15167848547646706,0.2842411197198713,0,250
1.5308571767710681,0.37297144088234796,0.29034600290704127,0.3596693174334074,0.27687865013841273,0.10553795026485999,0.1773158571451821,0.23270603876840157,0,250
1.3019052510087123,0.34002504989234195,0.41897227719181573,0.2256098815945526,0.27888447680906636,0.1342741082746193,0.23380231015157832,0.20690921262876033,0,250
0.8150639142252509,0.648351707638981,0.5458776401608901,0.8526354585916294,0.28114250383678074,0.12034629053837122,0.1126695148506471,0.5640917434123218,0,250
0.8988364640697748,0.5274549417643657,0.5271628287441055,0.7775222867754772,0.24769406376603723,0.1233519384969028,0.12982809159654676,0.44037525701458435,0,250
0.9701174763442754,0.4652993625268642,0.7652570596519641,0.34383313194153503,0.4698079585082305,0.25860547367028514,0.19231241545643152,0.31447714974819896,0,250
1.146391521808358,0.35986806588153314,0.4390610456490592,0.34881748028365295,0.22944698188992332,0.1197159930162771,0.16198709336658207,0.240094697123745,0,250
0.9875256436682828,0.44409018375374226,0.5866414519088513,0.3863506977861303,0.28264648606261783,0.14929499561788576,0.1570702935489294,0.30197859753598283,0,250
1.1178594393808206,0.4207440381493795,0.465785476266542,0.41530588743850455,0.29006131004921776,0.14065994423525208,0.21602366802091427,0.28645063519929076,0,250
1.0352351065540482,0.42091277810738437,0.7357772515284938,0.3139780778128219,0.4316384383824326,0.23924592286902516,0.21139129945315788,0.2798536900218355,0,250
1.4047009391309075,0.3785271851007734,0.2596438458278595,0.3277686222945355,0.2548718166122615,0.10432125238839199,0.18180912850985037,0.2305460683832958,0,250
0.8947572461376613,0.5863166010994185,0.5243790037046744,0.10318042559915531,0.2718573188433649,0.12085053168010733,0.09467761315017374,0.3029115341469152,0,250
1.6199823649047502,0.2649730657086418,0.46156204254260813,0.048539700803777036,0.30926007978114395,0.13404122029022192,0.23868949367092845,0.15210742563885327,0,250
1.0283551246276257,0.46258525322467,0.40022440758014777,0.18807961016043862,0.23744259131315637,0.1158500937657594,0.1493390784845435,0.24841599511144605,0,250
1.0998476611877575,0.376796031071098,0.34261993836489985,0.37013942446949655,0.21798239199928826,0.11559636036594542,0.18659593266317043,0.2489060315818466,0,250
0.920877162539503,0.5320038981507589,0.6584248493739709,0.21708846139479845,0.316163542218801,0.15498347345835697,0.16198310911570402,0.27764245950615934,0,250
1.3813825435322853,0.29284222700253404,0.5729762264589063,0.5600038515783842,0.34763601826094676,0.16938420569889276,0.30611294565186364,0.2747977185096192,0,250
0.7568481670279399,0.5891072919387316,0.516613972631613,0.38972684268356483,0.22436567620959158,0.11881817649690175,0.10328009588431056,0.3808490595309691,0,250
1.2742816426633745,0.40267007113208303,0.40685303192486383,0.3650585183877094,0.263334468875223,0.1149199078672587,0.15074747305599637,0.2548896264974203,0,250
0.6001868900685162,0.7360340437908035,0.8011461249311477,0.9999638273720507,0.25206465444493675,0.12532711597265045,0.09364733856653534,0.00929249029996626,0,250
0.5018593890256277,0.7218615540804447,0.9485646859175446,0.9998741502715659,0.25233508124939474,0.15182638522305078,0.04382027445124616,0.042185273950812036,0,250
1.1337807612740785,0.5055712801029533,0.3331848183086073,0.6151177476284796,0.3469228217437444,0.14448111907739913,0.2549177534718982,0.3728350211563781,0,250
1.0377713843079086,0.5006374219420214,0.4734834795847618,0.19946068446345216,0.2751522724541243,0.12624402158427467,0.1409120026215678,0.2686707953902392,0,250
1.323254856072665,0.40955808595721044,0.587238032597841,0.12880440169320134,0.3695702316851365,0.16294052631932515,0.18096601081109528,0.20919804825709618,0,250
0.6145970968374527,0.6577681867271427,0.5755557947931798,0.49061957565598313,0.22792111685754377,0.12771715589548005,0.09875847035824767,0.48797658259359,0,250
1.3147815267897573,0.39526135441940413,0.1593935415536192,0.17927361913500842,0.2242224676040477,0.09358333633469063,0.16161288175752728,0.2090990052865961,0,250
0.7819095474288369,0.5853091291650487,0.513652094745962,0.5007836740024589,0.23020969356461407,0.11786250820549773,0.11402710669788993,0.4060238275166876,0,250
1.2125256222330598,0.38084685383514094,0.3249799612946366,0.5126371379213597,0.22070499792623643,0.10160292688626661,0.14480568606756009,0.27449478188911924,0,250
0.7538225543927518,0.554374913347574,0.7468717351010739,0.12836735547909228,0.3555887625070557,0.20979742862691683,0.12798098389679075,0.29718844273399014,0,250
1.5494870056279102,0.32365702049077566,0.34256540745580843,0.6644694869230484,0.26563133174866005,0.10542562335029221,0.17747722704546395,0.276157607971798,0,250
1.34146803673073,0.3569686023551471,0.4120303403327475,0.19316976860329824,0.2461218206621165,0.11060029491614955,0.1321038623292322,0.20262073095655195,0,250
1.2120245232702809,0.3965573259626842,5.748055044422867e-6,0.32726890765719874,0.1505640394158885,0.05900573671038785,0.0013034063257980426,0.23236432990049624,0,250
1.0539833675864063,0.428911175348133,0.26831725032302894,0.622455089181442,0.20513099649667557,0.0980966215288697,0.1549631357021696,0.32109498599555614,0,250
1.4326781273334583,0.1934555918023658,0.48924306049139055,0.039912774115085,0.2533230496575066,0.13429598058786818,0.28545640154187424,0.1397622094849418,0,250
0.9795489107469026,0.5531753686163332,0.42005573982587163,0.8156949864193662,0.27343676107438286,0.11703528141060635,0.15450297828965087,0.45890342036426,0,250
1.491501512673427,0.2397845937139731,0.30564357393867947,0.294623143112881,0.2311514045968307,0.10895656767057843,0.25522940938499905,0.18664201353021392,0,250
1.126617170158171,0.4867378695987159,0.5192584102782362,0.15307713824907473,0.3639213783088592,0.1600688593047458,0.20767551826817235,0.2516390051132247,0,250
1.2640350969244456,0.4228732964530271,0.6167473550060694,0.25105686660978566,0.3661238872415323,0.16381688989948542,0.16211730469025856,0.24374957315244944,0,250
1.048835233011574,0.4652676821834098,0.4644326971962196,0.38386282035549807,0.28427071184952224,0.1374706062553611,0.17873844110283338,0.2993764449980863,0,250
0.7895002908838334,0.6467874746322366,0.6415189513442165,0.9731997329619766,0.3025668233516392,0.12914190010371857,0.10916108439060897,0.6556239056966138,0,250
1.4139121492219036,0.36758547502886907,0.32316651591961665,0.23807148377766546,0.2641708926047986,0.11148973039431297,0.18391967551860242,0.21087861958611565,0,250
1.3258402089986339,0.43567971360767915,0.4155725873219928,0.3048709769733722,0.29164093536049934,0.11809397354144766,0.15192981318453377,0.2513772784436758,0,250
0.9802964705141645,0.5019768023690598,0.5470281033857657,0.5160201856132408,0.2565831152728268,0.12346326374102416,0.11021183359724772,0.35103247980512675,0,250
1.2135345963881614,0.37474068210606604,0.31602017290162226,0.294438282380369,0.2148517119646712,0.10233778929900504,0.1425581181696286,0.22801209446084644,0,250
0.9324966841106282,0.46520256370279356,0.5279473022522151,0.6120920506204681,0.23988328987951754,0.12795366943893202,0.13685654652193627,0.36287566616471834,0,250
1.0713324410756973,0.45038222189291194,0.5282105412028261,0.3347694790920431,0.28949561382035366,0.14334109539068315,0.17308263915260075,0.27777990068093067,0,250
1.1959441277483438,0.31290590979768473,0.46677521057855265,0.29501013271269344,0.2652890550894444,0.1437260733352537,0.2644491588466172,0.2176029819807717,0,250
1.4338054201483235,0.40593043296288406,0.36616533518163186,0.36546836913136976,0.28641964737398623,0.11199572219879973,0.1624475640564431,0.2485262273118725,0,250
0.9863803723048731,0.5111305565259943,0.507942864888556,0.9767986500548248,0.2623092802844875,0.1203596193442844,0.1379584315219778,0.48469438931523,0,250
1.189314902366102,0.48837249089818535,0.5932438441461044,0.4343104946072874,0.34374727197017935,0.14307291020880003,0.13409799495595953,0.31860412518322473,0,250
1.5155202869155286,0.29539252143742767,0.25721346425743996,0.19742285180521355,0.2857046027977669,0.12487307471670611,0.3085878311716363,0.18441743824689258,0,250
1.3472688077916464,0.3767140839284937,0.43397304990430785,0.26625989585129234,0.26365310816715815,0.11461915355909015,0.1354530152265005,0.2231415870590046,0,250
1.572822370852956,0.2841088235192737,0.4286751061987256,0.3636574413793333,0.34802407104943406,0.15247362183817825,0.35556327466449494,0.21501864894989348,0,250
0.41348503415340876,0.7985380296244645,0.8123950497238936,0.6143243416985994,0.4552362262851831,0.22132825956735352,0.13235608422845047,0.8972765921174634,0,250
0.4596526253520277,0.7550904095032122,0.5720496893109324,0.8542350111550183,0.19469104072108442,0.0963020526656979,0.0855277436962174,0.8827505607486865,0,250
1.3617352266347054,0.306410324432997,0.2638038391583155,0.3881787979053281,0.22265448161773743,0.10167328025296077,0.1988637347668164,0.22281240205511454,0,250
1.2226699309019575,0.38510314020727465,0.43910590658360454,0.5691274881725622,0.2975937726369376,0.14004968201681667,0.23676867487120984,0.30446186970939204,0,250
1.4101909421394019,0.24768331903935045,0.4043755466453454,0.31453715287716844,0.2508533079239607,0.12317722926957868,0.2616045759888861,0.19710923115527496,0,250
1.0324184019145892,0.4370837169143525,0.5575751579848702,0.6422193093376883,0.27329883426258467,0.14256033391770967,0.16892880320764195,0.35080927819627455,0,250
0.9362392132625774,0.48718221427054204,0.535550273388154,0.45826871174130623,0.2361404206150183,0.12227100910195779,0.10896562769344306,0.329710453328439,0,250
1.1752017334482243,0.3853495029743873,0.45914053079295475,0.6527598321267122,0.25083183646890117,0.12103700670528865,0.16424515713322885,0.31624248661711507,0,250
0.5026521789476159,0.7053455352176001,0.6742848526417902,0.33449735144800813,0.239733388747986,0.13766368172511562,0.10063908447153998,0.5293821433352262,0,250
0.5002258600164925,0.7495469507553939,0.6392544179173496,0.6312348636689756,0.23177005654291635,0.1145979255399911,0.09938837652447154,0.6907508420362216,0,250
1.0422183705487345,0.4836516329685748,0.41277079755905777,0.3513096820899258,0.23516899493790402,0.11024568512944408,0.12395112723663526,0.2892424218733476,0,250
1.0382479154149877,0.48983175209843427,0.4185613733129086,0.34300048401187155,0.25420188155925666,0.11772858540310399,0.1441523183697872,0.2941790948258855,0,250
0.7831257986752941,0.5428917173603605,0.4873159102133828,0.4308176026965346,0.19704916204001183,0.10768397570707834,0.08879725227067782,0.3596106564389927,0,250
0.7263742362513922,0.6877070358467572,0.6886236846299624,0.5034842333467395,0.34879112584566946,0.1460127516430702,0.10646619414465992,0.5562186688176461,0,250
1.458974697315097,0.3235082392940085,0.29879891684473253,0.1593286047685236,0.2582085182151041,0.11091605827122385,0.21110935528596989,0.18553780405618456,0,250
0.8204024906890783,0.6201510411912912,0.6252799589265486,0.382727769457865,0.29490037394795565,0.13219263260748926,0.10161579788369783,0.41374287547034266,0,250
2.0710702910478482,0.10249135750896328,3.0829766282811284e-6,0.22730816787561897,0.18238212124400954,0.06461659098780494,0.003121767909127072,0.14221664284560595,0,250
1.0687431459857493,0.4490044502407513,0.6867291676173527,0.89278355300344,0.30385647102484753,0.14951742690182893,0.11729726323376342,0.43116817715737926,0,250
0.941571768442011,0.5638820589199168,0.6000577549616808,0.42051634296132556,0.29679978265965634,0.1336614825619432,0.11146432806308922,0.3663697650382564,0,250
1.4956391716682418,0.28107014450096446,0.4676121984825411,0.2825549437066368,0.3117865596323659,0.14318025839271892,0.2831572163911233,0.19883725793760001,0,250
0.7567098139352109,0.5800138800395406,0.5087063354712851,0.6123070584245213,0.2594418440661195,0.1388373382956867,0.16637999522497107,0.4513459138278113,0,250
1.1195326389966551,0.49014023738167106,0.2549304881977817,0.2117535902188528,0.2288018220488151,0.09713264167366337,0.13028331508106422,0.25321467881893783,0,250
0.9609247089235325,0.5125867305071435,0.40034787890846085,0.7066649394171216,0.21796029321129148,0.10093176635440468,0.10625681689628966,0.39276784627161776,0,250
1.0783009685046059,0.5133468975975416,0.6935290943776968,0.9094189192776473,0.3499988023079382,0.15231998757632464,0.11394952694753963,0.4853619192366491,0,250
1.2415545412171658,0.403450801409103,0.15830348209982822,0.4762294179003151,0.23050265236471149,0.09899899426053592,0.1897617644437662,0.2714602194578791,0,250
1.165336340187665,0.40004580735519263,0.4204998786152693,0.5397372869169772,0.2531826106132843,0.12070575796990052,0.1760421463662792,0.2968435884632809,0,250
1.3822935589240346,0.45883757910834727,0.6000586079311969,0.07969892639136714,0.4637178481848128,0.180186179307915,0.20251423036406693,0.21445701965184175,0,250
1.0562640131826497,0.39264611321609527,0.25802248396346794,0.35840590547362944,0.19519466843959124,0.0996600146874083,0.16266704979638594,0.2532263849798435,0,250
0.8662834594539018,0.5448579724417979,0.363411005204664,0.515240769458232,0.20482708200565503,0.09942676567471312,0.11330426969879193,0.3671144265912977,0,250
0.597274217554411,0.6498681713822644,0.595239924164492,0.8635422734523098,0.21463437090032755,0.11945386887235707,0.10113624450587039,0.6285393180078133,0,250
1.4219657172214237,0.33627650078772375,0.15032899739629949,0.38137701584529016,0.2086711678833574,0.08588113984257272,0.15177770344053673,0.2239771483627253,0,250
1.560383576828392,0.29541806566463763,5.656637381599956e-5,0.18592721176807353,0.16759576220776284,0.06144564160248218,0.0065096819798138,0.17716095295164808,0,250
1.0740819374505983,0.4110410545646424,0.447087427220285,0.21099459114920127,0.24000929426292178,0.1242569445608895,0.15732832241782935,0.23266326981935065,0,250
0.8680924555700212,0.5506782650606656,0.30183060724509525,0.6920417530008495,0.20230104155928938,0.09525874171530802,0.12603251004081573,0.40662583234547434,0,250
0.6560130540513169,0.695667001945473,0.5593542364904344,0.9895563105113631,0.2912191870086347,0.12766090281979256,0.1345903013345361,0.8151541640319891,0,250
0.8500927522354028,0.5568900727160055,0.3951583441531703,0.5479108963158311,0.20541395649637803,0.09912927529177275,0.1024011339704902,0.3852507224551969,0,250
1.0696753057892543,0.47948402039908583,0.5220093321359143,0.5122895677589641,0.2633237198134502,0.12295080894834377,0.11614276381327843,0.32830649965437386,0,250
0.9447378619340585,0.46746030289574597,0.717143414251611,0.3333431416903605,0.33595049240897623,0.18137326292511977,0.16634739726905595,0.30336194510560716,0,250
1.3511534384726618,0.33042187441592935,0.5733848577664423,0.3017549015425891,0.32805193630460056,0.15422995889558447,0.21827687715624952,0.2235213665850714,0,250
0.7977116358456907,0.5441072732777213,0.49014910318704485,0.5443889110093008,0.20887626992116298,0.11278443807791814,0.10691418244763623,0.3878427852775756,0,250
0.7800248336202845,0.5977994938275789,0.5690537418565578,0.73816600194879,0.23344764390393008,0.11334815649548466,0.09415913624292754,0.49256325196240275,0,250
1.4612774283867265,0.4069030475286782,0.508224879714995,0.34004205389371733,0.3640630674104461,0.14380803492481314,0.1898054278703754,0.2491263616404324,0,250
1.1682410337617453,0.4326413677616431,0.49182021741463977,0.2718316215206971,0.2771920531829614,0.1317959579938363,0.14160467692748868,0.2482304845798713,0,250
0.912939208688562,0.552352083378234,0.7793020511067957,8.440788659972046e-6,0.48466672706295016,0.2369508373785996,0.14269623554933075,0.0024672913819468196,0,250
1.2572888266227729,0.4149449166569137,0.4773163732521772,0.5196093210904765,0.28110212484584096,0.12343749915220129,0.14975392245770255,0.2950571830196795,0,250
1.3907282823949265,0.305826275427266,0.255531659294006,0.12281214370455186,0.24447103815395385,0.11353652398902613,0.24886623387160856,0.17572725833714048,0,250
0.8555747630844285,0.5107481710585655,0.5308899644121824,0.9103761357703285,0.2250338980280683,0.11630308657283531,0.1293625651218024,0.4676790910443487,0,250
1.3945047168652154,0.32806233072346735,0.44642975850777084,0.18613500741904068,0.268425232055534,0.12076479202243293,0.1573773253678456,0.1948845235615971,0,250
1.1350905604059756,0.3426629424267841,0.275762295262816,0.4628081716810903,0.23961006020729586,0.12777219131081796,0.28820342405643634,0.26047121343890384,0,250
1.6166079774402853,0.20326359479142003,0.2537778450284626,0.2807709900723133,0.23006358581122568,0.10355310626309343,0.30364795189090293,0.1741302048092569,0,250
0.9943138478862832,0.5614239210249792,0.5734697474914952,0.5090255776950209,0.3385019282598271,0.1445124528044349,0.14275411620886513,0.3939034858432519,0,250
0.6126914019005523,0.6393962354828762,0.4911125753087017,0.7687965227514056,0.18191699292515617,0.09935977587254137,0.08934114534619314,0.5499910341082811,0,250
1.1160066255504262,0.4510803373106991,0.35254948574157685,0.7110584053441049,0.23405091856109583,0.10603733575306656,0.15437838496400402,0.3492052683356594,0,250
1.4135533955273896,0.3018025454555109,0.12484053176828205,0.3560768327215655,0.32737873070888657,0.1542848062152901,0.4814068122732426,0.2192686133015353,0,250
0.7572247471978844,0.6629354693327565,0.6920223473820805,0.9999902389534574,0.20071295969615568,0.10718285627678971,0.09701774374170544,0.004276538779226985,0,250
0.9428058777507778,0.4854545706747489,0.5701341309356881,0.2556177048503496,0.40751140299538424,0.2140296152884052,0.28118044313074453,0.30093026566737613,0,250
1.3781027278647522,0.303769015910794,2.2213315167705894e-5,0.2712507079905286,0.15386672918470845,0.06124629248375662,0.0023335486038389827,0.19554687396546402,0,250
1.3973382336841764,0.2903013036079593,0.2844006251195184,0.235158835182354,0.2361023995338183,0.11067652644768859,0.234032473843493,0.19049992517405215,0,250
0.7214103941510118,0.5851496034205405,0.42856877999925896,0.5771494237898478,0.2137980060162676,0.114025483261066,0.13054898648895522,0.4488770710985117,0,250
0.9263326385525894,0.4881044655937638,0.5802187356255216,0.43735737641254563,0.27359532945705045,0.14593310010287813,0.1435610563182831,0.33156289348305973,0,250
0.8411065935417492,0.5786739219795092,0.5195485044974268,0.8670631911202977,0.24012353751641183,0.11365676322460475,0.10902531602131114,0.5023807937177736,0,250
1.392083059780484,0.23380081789574833,0.21952013617618638,0.3228262863743486,0.21255226880579337,0.10557718798482692,0.2965631594478176,0.19200375975233655,0,250
1.4838882436711534,0.2864325233531485,0.32966738258199896,0.5339685779922988,0.24299405714288155,0.10497159516800689,0.1864701759017617,0.24284331362899925,0,250
1.111590917328617,0.4851204754050723,0.24140907204320822,0.6935988926106323,0.21784404560302806,0.09124024572139519,0.13130387143262134,0.3513036756108265,0,250
1.0466735448495907,0.40965947580506656,0.479158293794275,0.31107964155423756,0.22149752096029504,0.11723337701122022,0.11975056448032194,0.2533158326166336,0,250
0.8185490110355994,0.5971583072837734,0.5043276840376084,0.5552826210393426,0.3023516916558494,0.14674870592567577,0.178526599346825,0.43642227844976833,0,250
0.8819468192272023,0.5578660781436259,0.5425020064962337,0.9999978294692785,0.1514513767453533,0.0944919219696634,0.09696879872209717,0.0016647070868615651,0,250
1.3167031289844153,0.3644013545422254,0.4561915972329984,0.29226840515629166,0.2822056937665353,0.12856091906918507,0.1788383656377407,0.22794000103621098,0,250
1.4377261667582508,0.3280383795953387,0.08967834102244272,0.46620280158801786,0.26533496645368776,0.11386490544515639,0.3039926844018897,0.24069088026757765,0,250
0.8098098152726121,0.6061241499938148,0.5007412061693168,0.6356322546556507,0.2612198637430055,0.12241986316472762,0.13638685731673897,0.4652410359932349,0,250
1.0182553453343255,0.3962455711329584,0.46353462732476597,0.2690961469819608,0.22319749560003924,0.12383232876130464,0.15163518299424594,0.24241872613211232,0,250
0.24194379415765374,0.8638410933575075,0.9335718703022827,0.9999723308979716,0.23796547484066644,0.1411604701034059,0.0443652665788831,0.025245014758114418,0,250
1.0159851936412614,0.5003452830593046,0.64196486449609,0.6039147908148254,0.3096496298712075,0.14435730024629498,0.11306728640058201,0.3948501665742137,0,250
1.0168572165121468,0.5242184209432881,0.5266414891957291,0.42445100534288055,0.29291584250489006,0.13288952279700386,0.14511271775272447,0.33537605551094257,0,250
1.2969313580910034,0.4271637109543428,0.008096321592561117,0.3009908241286445,0.1967347460006817,0.07566030466840451,0.120410229454145,0.23538055723280485,0,250
1.3236743510905886,0.40316100117607534,0.35843865531984126,0.1600885882068617,0.262476861634977,0.11030395475018469,0.15427002217532834,0.21119215573415182,0,250
0.7475191270349265,0.4729752161500706,0.26704876129348687,0.2492374625516993,0.15285093911560563,0.09146562160558129,0.1399900485518263,0.27579957112756637,0,250
1.1970847111478249,0.3003360870194174,0.1493932051041282,0.2811195804034045,0.1795432586882588,0.09178239635696407,0.19417843041070879,0.20383286992287894,0,250
0.7176406740391239,0.656511669311773,0.6569387222940839,0.9134721847698392,0.2716249072427759,0.12666396649931747,0.1039297925740795,0.6155243382724134,0,250
1.450829049612461,0.29229078946697434,8.973889978532225e-5,0.30858396844901365,0.16061815966793042,0.061244342685220755,0.010161094096618951,0.19789147493416276,0,250
1.3389702051768329,0.3194444586800275,0.48845268232857963,0.3170993078904293,0.26048955068445506,0.12387987826159946,0.15570342880155785,0.217798569093557,0,250
1.1920015100752546,0.44241551689300274,0.25836752176373656,0.6240488590173859,0.2154999508104036,0.09114208551274401,0.12483517910307299,0.31441933876753536,0,250
1.0823936163697294,0.4654240979099834,0.5191593109590643,0.7497973524900556,0.2602202390827544,0.12211873231150709,0.12792616471624305,0.3790251458120647,0,250
1.4688034134059846,0.2751391662590132,0.6303374353915233,0.2853013078836394,0.31944688842514624,0.14751434682751546,0.16959475337602226,0.20200533811195556,0,250
0.5499230900613341,0.7085476622499767,0.8443901576799923,0.7562041568292994,0.6394620655820911,0.33984741346599345,0.1645670476041998,0.9423779908187981,0,250
1.1565979414096912,0.4508669176078122,0.41189986447948507,0.1711561276320663,0.2652641703070286,0.11890520218541703,0.14808872482052096,0.23585575723236463,0,250
0.7825965756849682,0.557451168521444,0.7130714203419709,0.4413263345843921,0.3106976847511931,0.1683892808917032,0.1257980871535179,0.40343213102470404,0,250
0.8269887520739686,0.5533721835318773,0.5044862477205432,0.7913634127636452,0.28136223472517524,0.14597120685396875,0.19404366135155715,0.4849342415404589,0,250
1.3798910988775042,0.40961539427210236,0.3615220136632248,0.2823473869556162,0.2815164361193175,0.11470782245330717,0.17576758244218516,0.23337493133884632,0,250
1.2727551822251852,0.44435715593927544,0.6180177804667992,0.14904056796709683,0.38160452093581765,0.1645297830636493,0.16868613154662795,0.22695742641264988,0,250
0.6926387964458266,0.6929052843398255,0.6231926023180409,0.8578000093826564,0.27894653164139255,0.11907564504896029,0.10591347687156268,0.6643836621070643,0,250
1.2913462130901605,0.36225349159520775,0.5344665423688459,0.3091210946524283,0.2950277754174162,0.13736225796119897,0.16173997149877592,0.2345318727791367,0,250
1.1756833201486974,0.5084957682490407,0.5447442613477749,0.07621104813573105,0.36266747911477,0.14724248912256985,0.13996264959857244,0.24257201844761694,0,250
1.4110331471483017,0.2712077413661335,0.3059461745301118,0.43459715242082697,0.29808161558510093,0.1441793288818724,0.41928206977786425,0.22913625721701572,0,250
1.4869972705328307,0.3035734580935337,0.2562431118742887,0.4817248741598807,0.2840848329482722,0.12399398444918533,0.3157131519345809,0.23962895782452187,0,250
0.9594861954563083,0.554755700244705,0.5095979511669537,0.2013406900314239,0.2742165831847247,0.12355028869009659,0.11565626199710284,0.2989320900540188,0,250
1.0849300709428087,0.4580831118671185,0.4589586679093116,0.05520272461028421,0.2800194874748801,0.13662884008649692,0.16389340907922947,0.21611040917208046,0,250
0.8247445685863881,0.6610961339801682,0.639576494890961,0.9999717585324581,0.1954387386046194,0.09689719686561506,0.093382983710888115,0.012022774307337012,0,250
0.8998473964237788,0.6095680120933621,0.6212655173247467,0.6243537219624838,0.3063427917832531,0.1302089354671763,0.10216612249295705,0.46299962920105836,0,250
1.4516381621995378,0.3342425915062578,0.44160943561939303,0.44321957170412146,0.28015884861859564,0.1189384935117999,0.1729368086589644,0.24431753118012217,0,250
1.2139286030960372,0.3945390778623439,0.24597547728380934,0.3745526531174154,0.21464278124668218,0.09543850558161203,0.14857601623231023,0.25027657258297187,0,250
0.906857528143642,0.5611023052298626,0.4386512044629729,0.025286105604314518,0.24935526647245052,0.11620397917500684,0.11394487900117903,0.26350410138176666,0,250
1.5823729474405233,0.3370794707373015,0.3484586141077042,0.5748550998639993,0.3015718909910092,0.11770590187108657,0.2245329213968138,0.2660872180981871,0,250
1.2146402673846186,0.32878679889956103,0.5704971154712112,3.808753074906193e-5,0.28933535630573737,0.15904327715068764,0.21468492369291878,0.0042132052973560576,0,250
1.5556782432607141,0.246589084413249,0.06078747878991803,0.2387073292154916,0.23549137472972947,0.10455914035698399,0.33401491068677974,0.17683866222582084,0,250
1.384538948362895,0.3074974831200666,0.17172347954231362,0.4136210325820056,0.23062510595611938,0.10611251953947252,0.250772749951169,0.22527052134693096,0,250
1.0280439934501373,0.3613115392786138,0.272199795813509,0.35763440597334545,0.17752888624208255,0.09696003000321972,0.1501023504802719,0.2432632685096731,0,250
1.218367165631082,0.37344199290158897,0.26071970859372834,0.5753712647757816,0.21341090167790486,0.09770241663249968,0.16224501944601602,0.28217623559039373,0,250
1.0783667447287508,0.47262026665943174,0.4533192338773552,0.9685664929481417,0.2453047150590636,0.11063077856719182,0.12646723055906325,0.42972147291311635,0,250
1.069263642394045,0.4911076584261685,0.5417803954248723,0.36820508956790937,0.2755747193994894,0.12592355414646772,0.11230695992682149,0.3025439976013487,0,250
0.9495601538123118,0.5033791459131328,0.4951253018829236,0.8121936055794305,0.24872873761359265,0.12232730427818969,0.1442375388156114,0.4342843985196396,0,250
0.7987598083857714,0.5736949425232413,0.6980656955294796,0.467888593584291,0.3298257572436433,0.1773562010679284,0.12268366381955864,0.4066210640928012,0,250
1.2518532837676157,0.3588148782522406,0.7777882051546461,0.25873201152109393,0.5659675988823222,0.2822983210971528,0.27564068005594944,0.24535991610568933,0,250
1.1354308725251463,0.44391569986407414,0.5032308955191122,0.21082138076294854,0.266803797766155,0.12545612801361145,0.12955368089006536,0.24218224016389972,0,250
1.842253267927246,0.20292951819341506,5.951977515512952e-4,0.5388688715074743,0.19398051875850966,0.0682860453358749,0.13276678042189027,0.20638338758931363,0,250
1.1112875672807374,0.37639237146370835,0.6209140098322691,0.7305947111880873,0.30198820138084453,0.16067141342459057,0.1843004318076863,0.3637535829153466,0,250
0.8809857723359801,0.4198739541098059,0.18750472814753025,0.46570415371010376,0.1679023302307894,0.09767854785927799,0.16853400776703334,0.28986800692304915,0,250
0.8982436630417202,0.5298694015042636,0.4523985116121058,0.16824649788345242,0.23244470067325013,0.11605739754963011,0.11738280379006044,0.2801124177910056,0,250
0.6460137691929294,0.6486981637627198,0.5976274487311874,0.4505880548509829,0.2560532302681266,0.13675708514572407,0.11787410785286273,0.47514940792487664,0,250
0.9911708966764828,0.5476754840581356,0.4907399439181973,0.5694665216086944,0.2787238946891676,0.12193905046347042,0.13368529054695275,0.38668622108059003,0,250
1.3901627044709974,0.3406372883717862,0.43602889171316317,0.10612593532895777,0.26336839647133936,0.1163611269575709,0.15403775385624485,0.18318375061479356,0,250
1.1570444888879063,0.48200718507331486,0.5667630758162949,0.22793332670345487,0.3173092361355997,0.1348032297776131,0.1383899577296147,0.2656523686500652,0,250
1.3241370208599141,0.363899944091361,0.45732920957704004,0.38941204178503835,0.2822913090635552,0.12846471665107376,0.19004794954255128,0.24597280669574081,0,250
1.2686852169835072,0.3742455205059578,0.1813682685960327,0.4641806638843463,0.23761515803179428,0.10648053096542055,0.2228219885054816,0.25899413685157496,0,250
1.0774154212426568,0.34910595148033247,0.4992651486265544,0.46586037463040625,0.22122650235551622,0.11983659326308949,0.14512474948831527,0.26935278728103823,0,250
1.3744176649893636,0.3176294620603101,0.25463252294522637,0.41552882806228514,0.2179840702307138,0.09627547606372992,0.17154438048714254,0.22947700494994144,0,250
1.0001131723522885,0.5438240743641763,0.6274709853324825,0.4764628770203794,0.3148643960967605,0.13935233112560488,0.11119380698896689,0.36978934047261985,0,250
1.247934836629454,0.39399653758534925,0.11525218480005177,0.42001163294050325,0.22685687004429908,0.09938944291572262,0.20231148889613196,0.25460656884259547,0,250
1.054120419763328,0.5268471079189471,0.4175985696674228,0.6310170117711982,0.2853838524670253,0.1220592744000838,0.1661384592745249,0.38277197510189426,0,250
0.8362318220138792,0.5757617995342768,0.516876662151515,0.9853590330299291,0.23656207454932804,0.11929983651905682,0.11063592858055313,0.5025340859778807,0,250
0.9570276622891728,0.41809675897235404,0.4694066786321027,0.5502660605927214,0.22927572451578004,0.12946926256846525,0.17639803631710424,0.32034880976507635,0,250
0.7371056548970973,0.5561566009638952,0.6319846650113443,0.7656901612074102,0.23237682501440476,0.1331001856782432,0.10329913037513001,0.4864955023911945,0,250
0.9710798706398582,0.47840207882714586,0.5196713574292627,0.4141656240099163,0.27090603739403046,0.13897019806315394,0.16173073908013916,0.31647706892607935,0,250
0.8220954284259321,0.5451012480111712,0.4859693902036773,0.5012640453610181,0.2693264413101287,0.14273289363668903,0.17721779878133767,0.39704591815333157,0,250
0.8378834489749061,0.5624961365971399,0.7494525002606294,0.10470829518461858,0.45623278402385714,0.23360437406442877,0.1525104800552458,0.29900103740015427,0,250
1.1756271618094516,0.35674181495887736,0.03923383755991753,0.4186092863120143,0.21343437711630064,0.10277789564487118,0.2577458877265969,0.2454333125702184,0,250
1.3643353357453367,0.4130048555149958,0.5189329549002213,0.8174704233257318,0.31342378026500567,0.13239815645465475,0.1786042377999661,0.33100030583649603,0,250
1.1572345311939798,0.3697671584949746,0.48945575923434764,0.35215492167064333,0.24761078541200898,0.12786201659211038,0.1717482115476467,0.24438132452014227,0,250
1.140753906266677,0.3443094478728873,4.511226663094455e-6,0.43284233326353977,0.13927033918926615,0.0603463572405949,0.00201248514162514,0.23890593834550342,0,250
0.9163056548526903,0.5332976113012738,0.5409237162565805,0.5099644319627767,0.25037422490668154,0.12355364321704321,0.11182170067569434,0.3653180961535979,0,250
0.8769186337747003,0.49736963737643153,0.7425295344612778,0.41552336236883974,0.3310480503756765,0.18741923837679192,0.1270766939035567,0.34057540892241367,0,250
0.7129630816525739,0.6258638619777462,0.6040191798077525,0.3020667526206937,0.24235988833091576,0.1234574999183722,0.09476449434090102,0.39659490936177727,0,250
1.6484583821042404,0.287877900562942,0.42888067913426897,0.14214806226885787,0.284501665561122,0.1167828916274463,0.1760668295299676,0.17069674689014766,0,250
1.2685057088668572,0.339218903956951,0.17995591857698856,0.5118091829958655,0.21316659373661867,0.09753755719995234,0.20199777591487741,0.2570256006891065,0,250
0.8227415423660783,0.6664514121764641,0.6224536197525585,0.7493017555489644,0.324715341010257,0.13191136439078416,0.10723860095842748,0.5646525914513595,0,250
1.2734958913123973,0.3915728772377051,0.6267063719325283,0.009429171710339693,0.34938970698791255,0.1590914844941213,0.1858585712940117,0.18457461280771392,0,250
1.357845225079024,0.3568525429467138,0.3442640005496951,0.34343875609554403,0.2925212889846186,0.1288042224821399,0.2622653573860132,0.23445585365968724,0,250
1.0872226582575049,0.4988326077810249,0.5574967132351667,0.3010209309543983,0.33157231728628705,0.14673468953897467,0.15020516581767715,0.29700361682360166,0,250
1.1521219640526883,0.4214605408794768,0.39498362087060057,0.31710410454282223,0.2828911011894602,0.13587498219697494,0.22472276756929996,0.2555097217488181,0,250
1.3522404708151383,0.34716405464931566,0.5016005166955458,0.6411066981043114,0.3685488629030826,0.17170022721373504,0.3102114402836378,0.3152314065422894,0,250
0.7057852874223677,0.6516967022787687,0.5097984557324391,0.6511754236541093,0.21009922232076741,0.10230036178965278,0.09778709715177772,0.45516093117256873,0,250
0.9405511685356406,0.5058960959083928,0.41686906623407777,0.7518423916797287,0.20416088941239155,0.10407666836257506,0.1280110653838873,0.3512892094567789,0,250
0.9456122338419806,0.5171865786455871,0.4938180496645176,0.35452954628260325,0.28490364290518794,0.13802162708807006,0.16484318608012338,0.3255867229482126,0,250
0.7412985395374411,0.648152177035736,0.5128944986683223,0.9839591278249007,0.21276792788390572,0.09701858492831181,0.08722317207179152,0.5651630894245223,0,250
1.3800816268894553,0.27353849797562474,0.21351954474732615,0.48371133619365597,0.22962542316368179,0.10957275609114948,0.2895031697144991,0.23100435197557892,0,250
1.1452438290740956,0.41144833841952,0.5357556942792165,0.8470902621752407,0.41160259182439773,0.17999330430816454,0.19013524288738679,0.6324418018653407,0,250
1.112055054801693,0.3543229508348378,0.38014843728649506,0.28840270800226,0.21653444496885416,0.11676869710264236,0.18653908651114853,0.2266551745114371,0,250
1.268831895143019,0.3760347597357161,0.6436224813196952,0.38786197721909954,0.37029973489898416,0.17777726116883463,0.20728859437692349,0.26245948656603985,0,250
1.2277179704302106,0.439396001264769,0.34380504326393985,0.28044339696162907,0.25648931376624207,0.11085563910523602,0.15437689299610893,0.24779571740751102,0,250
1.0594086595372132,0.35785904647527184,0.5378131463784347,0.3161432349102241,0.2579199624225653,0.14784485423423244,0.20145188156128357,0.24251093587348221,0,250
1.3246928593608598,0.25683369575118015,0.5171139104368264,0.32105628721113655,0.3978623617479749,0.215529594711987,0.5479259247881147,0.2176543820380018,0,250
1.5898359431359985,0.19474250128985665,7.907782284533048e-6,0.09566995726663378,0.155320747085266,0.06322576937724517,0.00421571741480836,0.1441115196729607,0,250
0.8252453536081067,0.5706696392773738,0.6597418828277295,0.33544356029708416,0.3204591300724875,0.16625982308308562,0.13152006377415798,0.35933952227160315,0,250
1.1405257562739572,0.42913128582528065,0.2719548546409371,0.4697132979135756,0.2117464214794054,0.09494747466532663,0.13419006809500805,0.28385168097317226,0,250
1.4822132432855715,0.278893468604551,0.1388865900966652,0.29702841872421437,0.21257464151077896,0.09178235249702825,0.21207824325014493,0.19485229307685298,0,250
0.8640726557545537,0.5083308096771824,0.4439088944879971,0.3075128916436399,0.2266278712383303,0.12291064763680859,0.1487216155322998,0.3033633232316227,0,250
0.7395312153939277,0.6577826478906367,0.441693062468222,0.2745714631211911,0.21816292538094417,0.09428867019718831,0.09530029558152622,0.4003387187898023,0,250
1.2444985916553477,0.38127370132902894,0.3591664210224132,0.30208957704955036,0.24252986319626987,0.11256761162874397,0.1675896735999758,0.23286977011890542,0,250
0.8309405865644462,0.6326147059059186,0.6183546830411625,0.9999808384482479,0.18128489129013167,0.09575099583624636,0.09902223356168265,0.008910050270881644,0,250
0.7111155405219965,0.601827067521795,0.44003780207928533,0.7666335335576087,0.18796135397575206,0.09709743409063128,0.0904413842943069,0.49395034364202395,0,250
1.5491415380796913,0.20956473903672126,0.2654373227440636,0.2782646077290693,0.22679639585754519,0.10463879610792047,0.2861199849994701,0.17703513431043447,0,250
0.8772444375036976,0.577334238912926,0.6503571580946506,0.2820185771469931,0.31789070990840934,0.15133134512600743,0.11340875772043581,0.3435176813465686,0,250
1.2950041964856271,0.3673622915556983,0.5505967417192222,0.3089036324639479,0.296453407424434,0.13771669953656285,0.15129362197170385,0.2346622279688201,0,250
1.5405878011622984,0.2609369568350746,0.212415895473834,0.05558012166621101,0.2172678008725321,0.09549218374385006,0.20164018917641013,0.15191678685543544,0,250
0.9733662917640371,0.510213099364974,0.5815672531442393,0.5824888018264816,0.2702896556911999,0.13164646364039664,0.11812464367976319,0.3721436745926304,0,250
1.1080977587066945,0.483644279930963,0.5147443450865342,0.4402404225994557,0.2979449962259877,0.1345458272622221,0.1597911525890729,0.31355441035259357,0,250
1.05814711669984,0.5402438878259777,0.564630895024016,0.6779956050462772,0.29303694118040485,0.12148462931791905,0.10125518399084701,0.4120810363954106,0,250
0.98787444110872,0.4566159322653977,0.4041460652066884,0.39152457050605766,0.23893067737585783,0.12073133849578466,0.17099079579888524,0.2965628249272723,0,250
0.6109364013403059,0.6876242525294461,0.4741882868926862,0.8743653239336096,0.19005031927518,0.0914219777299864,0.08561140740442247,0.6293444769217743,0,250
1.1210826263516995,0.39197621232787255,0.401733143849535,0.23447690857996706,0.23078805864807403,0.1167407723056432,0.15823893079020698,0.22849825231999515,0,250
1.0173413017513713,0.483413401306313,0.45623861688318684,0.5067529407641548,0.24418116450831776,0.1177629178351669,0.13668764425116312,0.32849119163517876,0,250
1.5004487782069955,0.26355950679578827,0.6370620375152114,0.12867719614053968,0.3438001212168197,0.16268813483386832,0.19718864921146315,0.16743502751007086,0,250
0.9383318045390989,0.47429607545230423,0.5238135174655593,0.6668376032006468,0.23963422353637767,0.12640379660898451,0.13533384383545394,0.37630063907504285,0,250
1.0982079407007252,0.41599701315364773,0.43906290792165875,0.5081862957819014,0.2409693452362087,0.1188330892655481,0.15148370650237522,0.29825459089636175,0,250
0.858344325538151,0.6133269350964702,0.6413454385025922,0.5416675769471875,0.3133452342435312,0.1348797307838743,0.1350738239514588,0.4510661798537511,0,250
1.340976995409989,0.45987626691113204,0.8911108053534704,0.27055518995129624,1.7405110589832145,0.6994044755925561,0.24568564155308562,0.4161803126713184,0,250
0.9810015721243901,0.5133183553006028,0.4665350428147938,0.46347575234247995,0.2606823572541552,0.12299071178438417,0.14331753410020218,0.3401589899451966,0,250
0.9990273657070727,0.5205486696748628,0.4519585724929955,0.40176499983948893,0.24284915795146764,0.11330164554942579,0.11776316863290355,0.3179960055478051,0,250
1.2058096771050475,0.3994120470416978,0.44584428898707773,0.6681285500457967,0.30150609794197575,0.14256119489977137,0.24182046776109462,0.3326707374270036,0,250
1.543972287166584,0.20303129503141634,0.3342363042131833,0.12366684036886522,0.2960491151855547,0.14542961938153628,0.5039268208213791,0.15243524848188097,0,250
0.8651012497722613,0.6011463820973568,0.48802237985491453,0.8206496613435509,0.23726053641258218,0.10480842570314014,0.10026643976659597,0.4900555050505448,0,250
0.901309875009331,0.45684949133323816,0.698912167680222,0.40387382542704614,0.28653873155296694,0.1656602137179061,0.12786190168054723,0.3167172946420505,0,250
1.051509666385373,0.4100921347735875,0.44081122486477486,0.40025299525546776,0.22507852797667033,0.11584264753686398,0.13191860608534547,0.27530261707577186,0,250
0.9998331137999282,0.5240599410856416,0.5986444152916789,0.31715597267720663,0.29260684110536644,0.13493369942897632,0.11000824260126912,0.31282605879267344,0,250
1.1997633584195453,0.4024797787907533,0.5022732531249886,0.557650446924811,0.25709795909725525,0.11881713936005482,0.1211295736304868,0.30116272859144394,0,250
1.1395210040619943,0.37007225440153685,0.5486368155296821,0.39126595709417106,0.2580391260372389,0.13347202661931168,0.1520512185775996,0.2582009331192986,0,250
1.377989514285734,0.29212411010964184,0.23752337362416712,0.3562267264747432,0.25854169793523485,0.1246654107728036,0.3315239265534659,0.21371344099750278,0,250
1.2960660285144034,0.374143448931864,0.14459752236039228,0.23117554374770488,0.29242160147918284,0.13270665096912743,0.31394088001637305,0.21465531263776913,0,250
1.0155882891452779,0.49742811031043627,0.5029986461648484,0.3196959970465947,0.27123336611325666,0.1301322528940474,0.14487574351439822,0.2934180646016314,0,250
0.9855989923428726,0.4929231786603871,0.45721999361554355,0.9263030472031434,0.23866333475815646,0.11505479827034856,0.14331880495149057,0.4294877523991727,0,250
0.7111389557773974,0.6163746618204096,0.4849615945186437,0.6387561576333095,0.21568728266206727,0.11174440736151903,0.11710746250108295,0.4727764478076933,0,250
0.8240132480862585,0.5805893773909201,0.4778325079934541,0.6645687374712388,0.217068065153855,0.10526240064177415,0.09821129930017522,0.43541849377238373,0,250
0.9009280339082028,0.6137921834439981,0.6259601205210303,0.4748185520496387,0.38018990481604636,0.15889555716350753,0.14073007815540298,0.44421411801076394,0,250
0.6273205124783611,0.6702477667684228,0.6821232254109333,0.9999646830571947,0.20051162526890362,0.12670136230596765,0.13419282528009796,0.013767424646532028,0,250
1.148668700756741,0.4246256010395311,0.28650607064738765,0.5190561319389405,0.2241595452651767,0.1014227456320115,0.1597037133947061,0.29378410875871674,0,250
1.534805837781819,0.31158510989542426,0.5051805085743992,0.3067447663375913,0.31577162282973714,0.13540261893274014,0.19964268478116715,0.21005269013025832,0,250
1.0692332275075684,0.406321172300335,0.5610913782307037,0.9121757575921179,0.289897720950286,0.15297141701390188,0.20876428164505498,0.4132984043823622,0,250
0.7947144908463087,0.6264483138000414,0.5948165535864547,0.5620436127303549,0.2598904871103561,0.11923190471931999,0.0940486218288374,0.46020538393366855,0,250
1.38709914793599,0.40787467692640755,0.33823892664306054,0.5740917321390622,0.2773106243346494,0.11071700267412357,0.17648642813070528,0.29195323668035633,0,250
1.353103427011871,0.3971572827104884,0.5907854284889144,0.1535380395408912,0.4071445407178501,0.17760282687189757,0.21885574848439052,0.2123526971552856,0,250
0.9490956592681686,0.5449101552112853,0.34436308255568815,0.34745572191987606,0.2405220895280435,0.10750072115040928,0.13977417477871318,0.32323395503408975,0,250
1.0442663319985472,0.38980963210959174,0.346768111236617,0.48706876921775005,0.2295196202267443,0.12484696125023596,0.23007678797522357,0.283968574650608,0,250
0.9020057297744372,0.5088250693793559,0.47207080432507686,0.6880874972060634,0.23717303127681677,0.11981640152838763,0.13967677915785584,0.403966245187998,0,250
0.9633556567106472,0.49696784832187646,0.43551274738824125,0.8229053870030546,0.2187852882781774,0.10579395960431526,0.11521326441263584,0.4107287539082862,0,250
0.42869015117577935,0.7685305464914849,0.898543330803335,0.9094750210872988,0.4714229244608861,0.26130367431536466,0.09035857773058971,0.8072120661362981,0,250
1.1031310775840313,0.5153290911333684,0.5904541737178579,0.7283776217614499,0.2957843952363466,0.12494315904175692,0.10391760655666347,0.40417945006023165,0,250
1.0562092052288847,0.4892115886119695,0.289902222996116,0.3696521817546775,0.23518572862456247,0.10557238251869527,0.15443584392533202,0.29205393141746905,0,250
1.315830702591882,0.4082482819726963,0.36998573639560856,0.14405841568745476,0.2639270029184538,0.11085123579332226,0.14290884648289476,0.21060394292792356,0,250
0.7512292156244453,0.6652787672384223,0.5513695372898135,0.3763777963915161,0.2678790184059539,0.11778227803024263,0.1023353906884373,0.4411874169567189,0,250
1.243420376538481,0.3226848887163763,0.4628439988140833,0.15964332836503148,0.2518729313907752,0.12843595659737575,0.18737236088926976,0.19166949204988568,0,250
1.2963659414967164,0.38460159915295655,0.5507879319512334,0.4998064370793494,0.3018017647259179,0.1338323329871219,0.1554633542356007,0.28465812077648384,0,250
0.9569425406806538,0.49874673671999753,0.40691049312945765,0.4604415938137033,0.21832717045377467,0.1072810726151955,0.11661542124634985,0.325679876333926,0,250
1.1538759377604868,0.39682163622968425,0.3885905024658872,0.32112670000803945,0.23012791393721616,0.11292204632488491,0.14754013885091544,0.24461395499277702,0,250
1.1613435579817823,0.3818663070056902,0.38010177946746154,0.5580155621917224,0.25038664592979315,0.12353992294388298,0.21263169002965154,0.2935593483155581,0,250
1.1850718213234919,0.4373647953969224,0.3183518409358929,0.7787416545362863,0.2222408467020377,0.0940926105167927,0.11678963151715611,0.3497140101534746,0,250
0.649340613605525,0.6913008136972812,0.6688628420165355,0.6336287023213041,0.29777604214663994,0.1435191584636981,0.10208156171203038,0.5831408222413934,0,250
0.5291011055807264,0.7259072972980329,0.8218307278049739,0.31798156871809147,0.4882408145012825,0.25443328952888883,0.11972910474828018,0.5342227134399671,0,250
0.7650638761988773,0.6380546105126088,0.4728123147778717,0.848796944649121,0.2215381306519292,0.10065836881665734,0.10029549655851258,0.5395848648782832,0,250
0.48608352828308715,0.7625502627987544,0.6814317799000803,0.9999380408556088,0.16231808621583685,0.09430726246517203,0.09019276849208499,0.022981333087437203,0,250
1.1262475513470336,0.4193026019320667,0.31295287351390094,0.46136094838830877,0.2249872694083889,0.10633867324829925,0.16434202530862413,0.2816742883642586,0,250
1.2254045685902075,0.31020591044906326,0.22639794265401586,0.6287643517385232,0.20025800339153832,0.09838125294261672,0.20515647029801554,0.2721152171389589,0,250
0.7589723900010553,0.598241040930564,0.6165106789850728,0.5275238798569686,0.25002497368655363,0.1275875622473437,0.10242862084308062,0.438933598763982,0,250
1.4508407095497293,0.2776123756368657,0.48639579042468745,0.06880135395504128,0.3261658268450479,0.15567443317201135,0.3013574670661788,0.16110224491713496,0,250
1.0458003983146467,0.5069417412760707,0.4826950355313486,0.60731518419291,0.2586545903186618,0.11913074815877599,0.12128258297172968,0.3596973044416673,0,250
0.6892051476066273,0.6245799971782383,0.5340582345175824,0.9974356833034059,0.1506463574114462,0.09298171491974062,0.09780811447702424,0.2526518300683062,0,250
1.0922134581571608,0.40671076372495807,0.6218877979749368,0.33503613834594015,0.34259658996126746,0.18407205338431562,0.19537769823061354,0.26683605946487055,0,250
1.164364773219277,0.42755904006957207,0.4915729969874172,0.3309901251695069,0.2938608391224094,0.13690160621591654,0.17073599146239105,0.26635814955633735,0,250
1.2306855688256129,0.39223864044250456,0.4164184940314471,0.6070808407280076,0.25420233730090686,0.11940604248128438,0.167231206475374,0.30010648120766586,0,250
0.9483777286298437,0.520684070467101,0.41446652660926864,0.5595947733941531,0.27949577535002174,0.13736185799376976,0.2065739126758064,0.366814769341773,0,250
1.3273844591667616,0.3522035571564402,0.5211492619761592,0.57387365557256,0.3314090563052271,0.15350055917993893,0.2499191600576002,0.2939378852130557,0,250
1.4076170344625907,0.35919210099976534,0.5869489992533717,0.31672552049389957,0.3327085191135926,0.14433948526723334,0.15972667116369713,0.23234067677484457,0,250
0.7797941671362987,0.6275724157234963,0.45344495059407125,0.999720632074392,0.13506031916841746,0.07835652091223558,0.08553149365939296,0.09309528315431341,0,250
1.0358882288874558,0.4848793513228335,0.5322960807849844,0.1820315970930117,0.260735273465898,0.1255614643463976,0.1066126166368446,0.256988291495658,0,250
0.9888208597127096,0.5588315764833826,0.4249921775212111,0.4112813091117225,0.2652016046147444,0.11202095018133883,0.12680736877476084,0.34967641145830586,0,250
1.2311873861207514,0.3682371738744173,0.37787534143611823,0.2735344061578409,0.23893427487003238,0.11580171575074338,0.17754966434003092,0.22277555839211502,0,250
0.7019419529852536,0.6388046120631155,0.7713911435571121,0.17998619607959737,0.38112514477199283,0.19534619168677553,0.11049011604765417,0.37192084582244583,0,250
1.3649637442441727,0.41357690281344794,0.5828375232327366,0.5694733669993881,0.36064510648729736,0.15274457683942322,0.16970961860310607,0.30925399031951906,0,250
0.9469782540015119,0.5515910755887974,0.5738191839282814,0.2895269393957947,0.2711422464227275,0.12266730907914448,0.09232520499314345,0.32484177801929975,0,250
1.0253334121345083,0.5015200793010441,0.4692175912574232,0.42721816930353085,0.2663407159899009,0.12268389359945303,0.13964315783438677,0.3236573661970432,0,250
1.0246519378796886,0.4410870417207295,0.3351256820194879,0.10941944098125035,0.20235249507999298,0.10153006152982279,0.11757640867496641,0.2223674807924775,0,250
1.3727108540367177,0.42014427642602914,0.23022981099380477,0.32558596357499836,0.23630386592378938,0.09280804342493987,0.1365177070855447,0.2407862289453354,0,250
0.8071253628036327,0.6369370033836922,0.47543824420882524,0.7899635870692704,0.22421587688998768,0.09565284479115264,0.08479137029829378,0.516018293202581,0,250
1.0370386722301304,0.49547498592613615,0.5192762242805298,0.32741578144174566,0.2881670551949744,0.13401842507901515,0.1401015992799124,0.2999663892521267,0,250
1.2724506450284438,0.41635871011320497,0.6068588097881967,0.4482235608528416,0.40204846672049843,0.1776583620757086,0.2211624906319228,0.300107406910724,0,250
1.173825143195242,0.43792705302594703,0.31323115365151816,0.49984104478638686,0.23290552632519304,0.10173449403306009,0.14398359794876026,0.2945408604975751,0,250
1.346864329847587,0.2826182595176263,0.23089353411703914,0.23676104798909825,0.20270444131709978,0.09680517754769923,0.19333233244366804,0.18916648585645526,0,250
0.7316843444403968,0.559570690885929,0.2391413877367034,0.6404367023834158,0.1711960210302935,0.09299087781395123,0.13429186184389239,0.4065579673558559,0,250
0.9390372413893704,0.4735225476111802,0.5595260838340992,0.6952757010418237,0.2850414107573629,0.15179161325688492,0.1946885397390841,0.40086383075231696,0,250
0.8217633655598277,0.5666280691519469,0.6358892882902784,0.46227944829371964,0.3181012581883811,0.16184712519266048,0.1474848071076967,0.40956261197350313,0,250
1.0258359361684763,0.5148392089867064,0.6371762230789115,0.6033393143048321,0.39473089821616403,0.17982276919708237,0.18018517140913592,0.42064164039510643,0,250
1.005094352783282,0.45150047692816747,0.31697327335870057,0.47258134740836594,0.2136461573929155,0.10726505471649317,0.15851529419517602,0.30232025757900227,0,250
0.971878915224139,0.4659823810248505,0.45597788715151166,0.70418317756199,0.23235085022829777,0.11851266962010301,0.13725624218267266,0.3805451149669457,0,250
0.6457591205781084,0.6459064130509993,0.6488358694187029,0.7940152562999537,0.2621795276195226,0.13812835039049975,0.11792781924049016,0.6101174154817527,0,250
0.9418733431127602,0.5545947510701814,0.6677207630068642,0.9999985324478301,0.18808365921587406,0.10749868264902075,0.10042094035570066,0.0019555591617962296,0,250
1.110889287409949,0.4401093765730505,0.4988540101768615,0.383569241336523,0.26367575062943555,0.125978315913795,0.1397363530508585,0.2810560701675996,0,250
0.5870662714627948,0.7232551167806306,0.48069266927111176,0.7131777731744002,0.1951872398741504,0.08577810733933634,0.08998420269677686,0.6302068136289934,0,250
1.2873428843030745,0.4486712702781095,0.29743600669742487,0.8056357999198285,0.24302421811284658,0.0935726579596276,0.12370288776741704,0.35647721254448045,0,250
0.9327571199608344,0.5803231029530332,0.3863920150463555,0.6107964477227935,0.21942758151364194,0.092795989047602,0.09424311330483333,0.40049390027393844,0,250
0.8654994218225002,0.5457217581472549,0.5499015689904356,0.41224268229118005,0.2835993150615827,0.1452431962462116,0.15746715267395894,0.3593375482606317,0,250
0.822547143548473,0.5771605309906288,0.532624948235092,0.34955104319103575,0.2322313831077419,0.11627995359599706,0.09647106305551285,0.3558183774487309,0,250
1.3654135411779857,0.27107824718433915,0.6258622291926704,0.0890175238656097,0.314429912153957,0.1591625827140261,0.19788496008377032,0.1653849618266661,0,250
1.2608756716374954,0.1867577003028292,0.45342745814906055,0.2412339120291857,0.20592011329665402,0.12136301488449854,0.26336349698280226,0.17300999664178585,0,250
0.6186837229736085,0.6302265632568765,0.5259294633446573,0.8134938812554215,0.1970758860370178,0.10867270030737444,0.09947938799563213,0.5785503118270093,0,250
1.0183040408760646,0.5425923901631213,0.5576673065423775,0.6445032137133468,0.27816669166536895,0.12022924902999109,0.10236090329704897,0.4019580657818207,0,250
0.47678768642564395,0.7629805730446706,0.6186659063561479,0.9946408619269106,0.1436757007939967,0.08600380478292292,0.07761719312651856,0.2641641755978887,0,250
1.3343714614031197,0.40516505000918,0.2020537299510161,0.25344712048742213,0.24900159738707384,0.10287367438380551,0.1839981744541221,0.22539942632461052,0,250
1.3366151980021101,0.4163677825869156,0.4322182337806578,0.8522674764472801,0.3384978292808752,0.13619922024720857,0.19817689514303116,0.43488045230316613,0,250
1.1445646651891714,0.3935390747907519,0.5593954662091235,0.2568189867336196,0.29422307552801785,0.15030837769446428,0.18268324933788868,0.23690976086768772,0,250
1.0945665773351383,0.494981710755873,0.30100782448258623,0.2303989879309428,0.24797732203895922,0.10904126804098117,0.15044765451134864,0.2618898681389789,0,250
1.4698802085632596,0.3028346652725061,0.30560010751577027,0.4368465117733733,0.25559059009169777,0.11218448028067311,0.23100510427053655,0.2290082190552652,0,250
1.1399405920626822,0.3984842101911654,0.4784498779254612,0.43098769921133456,0.2550143337060252,0.12433219377238777,0.1467248602957148,0.2772168312930782,0,250
1.2794414518290094,0.39408823419894456,0.24322814985435348,0.45826935649646655,0.2633788235744035,0.11633250396068091,0.23430523699807076,0.26575780273004934,0,250
0.4530873935857968,0.7616767906794685,0.7720211250487505,0.3305500909798123,0.38583106605354034,0.20645750965897428,0.12053853252910007,0.5936601080437792,0,250
1.6449101465272102,0.30568289362143825,0.2765885933631425,0.3085802124847588,0.31053095324663976,0.12364206967220179,0.2947041232448919,0.20422198179676018,0,250
0.8364579631748947,0.5972073886464998,0.4511429372412386,0.8901487197610699,0.22724893096418994,0.10145629299225516,0.10679205542188386,0.5130068679832082,0,250
1.121513805164546,0.47444843579367524,0.6361450176355471,0.7837552536188281,0.3676443590165669,0.1676832588240944,0.173701737936502,0.4275621496148872,0,250
1.0634140521566766,0.44304056453060564,0.5173892969619366,0.26418073057032637,0.28477715467282005,0.14339526741322375,0.1727954255530014,0.259358230977128,0,250
0.8953007256834854,0.5917248566940869,0.40852699981374146,0.44655048940806924,0.2287277680186959,0.09802509013311288,0.09339635128939419,0.3802281785167763,0,250
1.2507697180713309,0.40129994553094983,0.6884441491535364,0.2546281733172487,0.4297570666293367,0.20591498943464376,0.20954088509796834,0.2382309171401665,0,250
1.1391737735810736,0.3990321455740204,0.3774322595761375,0.36217869979343836,0.23328248456937262,0.11562706837370408,0.16312317410576466,0.2545335183235481,0,250
1.153177584657929,0.3684886133345512,0.4548406743133135,0.4704475471735311,0.2374436064447021,0.12320222113894934,0.14617266437392368,0.26859196126316953,0,250
0.8840054341114222,0.6045487950494336,0.4106663187389167,0.7621633105255532,0.23799528300515035,0.10365843706077686,0.09968148931026623,0.47044445899298953,0,250
0.757742637078519,0.6224252135736367,0.5017526721294847,0.4070393841806959,0.22153740728356622,0.1054435921459239,0.08877550897881219,0.41068345390619904,0,250
1.4258796888278151,0.23781333447044933,0.12436372208466084,0.2857059598623919,0.21084166166073498,0.09943443247234163,0.3018364407539619,0.18620943733932963,0,250
1.0021159476961174,0.4874373743422417,0.48340130286176947,0.5876926104492449,0.27231571542005684,0.13223746255788224,0.1687162204491414,0.36153205162471336,0,250
0.6610604591414233,0.705538303200359,0.5443807267953916,0.976244445451942,0.23061538495049635,0.0971202296757519,0.08445897254667752,0.6960310338234047,0,250
0.77487013170076,0.6466770269932886,0.5285805548119171,0.41187619900167177,0.23796642207120952,0.10415356600571178,0.08275631726708663,0.43306974501325485,0,250
1.2241734052608182,0.39632424703755575,0.3901827508982262,0.5836190861649426,0.24578343270422312,0.11160229178478955,0.15789795389502959,0.29789141633637833,0,250
1.2697434707528403,0.3943116217251336,0.4236608647951264,0.38934718490815584,0.2688952312051877,0.12021209933198364,0.16629892322444023,0.25745731406572836,0,250
1.3420640047479562,0.28077079975301505,0.378487031107481,0.14434927418868024,0.24326970897666522,0.12237207075162365,0.23912307775633718,0.17487359631226687,0,250
0.7852564062777679,0.6050704742930778,0.5667983790561623,0.6642420592387036,0.2723839908225495,0.13448106757174055,0.14476506745674964,0.47595332023944503,0,250
0.9935067411709894,0.44918751183023614,0.614625381093076,0.2745802007998692,0.2557739607078019,0.13351901621157647,0.12185163127298242,0.2682114388397233,0,250
1.1935857295164223,0.44273420012838843,0.41511836565268545,0.19190267447743464,0.2860312747594637,0.12597697260118887,0.1740322205803549,0.23703786371432586,0,250
0.8479621620995198,0.5053060263867176,0.5038928160058653,0.6580312609005624,0.2218878851717242,0.12195765141957199,0.131631788643698,0.3938118766712476,0,250
1.3137706883251712,0.39370796554916293,0.3413199734830989,0.2834739564132106,0.2528789373215549,0.10712958189660157,0.15670893275968917,0.23227057419452493,0,250
0.9558310277688564,0.5417947695875894,0.4149004579203585,0.734889411729661,0.22034713741816328,0.09865220755302773,0.1034407804146243,0.41022769304918283,0,250
0.8713052373899213,0.5262942456628238,0.16612169723868808,0.30416719901896244,0.18811272329333736,0.09278502700695719,0.13776568643456938,0.29651471831861376,0,250
1.1869887552699823,0.39249484606503554,0.24411125331288708,0.4503129607654974,0.20938072633507265,0.09597069605471462,0.15231997334255878,0.26397929539502846,0,250
1.206734094201862,0.44715914840074894,0.5442503166012016,0.5065321980115539,0.3377012226226651,0.15059013603645194,0.19403790455829575,0.31438966819870134,0,250
1.202579285214752,0.32607001932182594,0.49048407305436564,0.23716881020386987,0.2528061404018756,0.13538451946870278,0.18740191776752302,0.20753545439102153,0,250
0.936340753088723,0.5885315989992174,0.6373371742675439,0.7882682143927949,0.31553636729928985,0.1381247150453879,0.10425298300632994,0.4910249457068939,0,250
1.08860679985868,0.4553876686845355,0.5186682711491603,0.17516539474303577,0.2905155076170046,0.14260660695284746,0.1512087295728948,0.24064260811321947,0,250
0.9709371687036776,0.49868640199309033,0.3003088192081869,0.5326521192765711,0.2257346015337279,0.10771238464459434,0.16325324675000366,0.3391200653610721,0,250
1.6916536675316,0.28821372507402665,0.16846761465740728,0.16760913190905363,0.23621919565902014,0.09145628978914358,0.1851691765379672,0.17178918798459458,0,250
1.221086670835406,0.4424617574681208,0.5572627889051557,0.16068851759589062,0.30739271120427153,0.13648391289237935,0.1281579806097557,0.22886186327834354,0,250
0.903145238841156,0.4618202621450921,0.5245761104067878,0.1767405194704072,0.24702604841949188,0.14169259248367616,0.15830478085894556,0.2540317348258301,0,250
0.9219585211288629,0.5284520551388733,0.5803243957517901,0.414607661805279,0.2883722915011482,0.14317088041413933,0.13558968254260775,0.34698967567914935,0,250
0.589457191696756,0.6524605988145445,0.5875616984238118,0.4793840283149527,0.19986338455226305,0.11512401656388523,0.08531849841896766,0.4862046279475587,0,250
0.7055277709129129,0.62237894194557275,0.5117886504569383,0.7717184707987381,0.22775754169706172,0.11806863812819879,0.13063709981121244,0.5219865956548756,0,250
1.0924639037727306,0.3842423307758371,0.6617619468640406,0.36132163865525174,0.3157695044088269,0.16972944522876166,0.16968197233149437,0.26754056912324276,0,250
0.9964079857226362,0.5347292918604999,0.5765751440250168,0.42336307756997527,0.2867494215114725,0.12805212574502134,0.10709137314161618,0.34839192173732964,0,250
0.9230396418968569,0.5264013246230417,0.7819175656861513,0.24289282885818003,0.49967818846946754,0.25298332716034727,0.16262723947218855,0.3157169358434917,0,250
0.5260548251992405,0.7373151119301921,0.47740160252526054,0.9992693119617414,0.12122889984889851,0.07559626574878707,0.08926362015891198,0.08614454444602218,0,250
1.0313417545259245,0.5303476876605621,0.35580569541384155,0.7251956016731166,0.23440064653413858,0.1010099090082907,0.12926328321767766,0.39120711179338663,0,250
0.9611887536215411,0.4869870158722025,0.5517287763265925,0.5723766464670161,0.270196347448584,0.1349119248692597,0.14327565500875789,0.3690014028901209,0,250
1.0331092903488124,0.5113764811866752,0.28604559145893066,0.6403999351510287,0.23146730873161228,0.10019824097114677,0.14597117719707797,0.36430709408482703,0,250
1.117936151690817,0.4654804651955612,0.5952344726699279,0.2559352973996613,0.3408014247016008,0.15660641948060144,0.16643261488462732,0.2700468889008126,0,250
1.3835632209137079,0.26838880225695094,1.1478194744860048e-6,0.34270241553995684,0.15191214717786378,0.06208461001708058,6.453137263791398e-4,0.19892590384863856,0,250
1.1803045794856724,0.399408261491783,0.23502974412905533,0.5470635902089059,0.2305477120661242,0.10711557871371391,0.20359349956585446,0.28761919452656315,0,250
1.2649714433997832,0.3870614362312675,0.46497298331454745,0.24299599206896583,0.2916904465227209,0.13362432207987,0.191551912217668,0.22726697607929472,0,250
1.3382299537310927,0.3928767640350013,0.2940661587808463,0.14401321555968535,0.25686859169956394,0.1084908392055802,0.1727924878569647,0.20456805624696198,0,250
1.4269998173539884,0.3562236084736035,0.38422725699439814,0.4012573787047212,0.2764345969537363,0.11619777204329797,0.1835221071321006,0.24149665150857086,0,250
0.8226625500078367,0.6211233260174571,0.5473666881450268,0.999110176160055,0.1687126111000493,0.09330812464129466,0.10641452138698147,0.09422577116503847,0,250
1.2308531805910197,0.4665820890110993,0.3888419911955514,0.565948467807947,0.261670068343393,0.1064469594534283,0.13452110629282354,0.3193208209978034,0,250
1.0610264601114272,0.5293721780494713,0.40522878635027276,0.5094839515120656,0.24789175677738562,0.1027691392884967,0.1097649415165455,0.3477672049241496,0,250
1.1493551649930558,0.397440359674461,0.3081414176701839,0.8868959191785364,0.22849902559726898,0.1083423685177429,0.19382889292774924,0.3629569978500985,0,250
1.0574284248837857,0.5084271359728395,0.45698727370751124,0.28440582614758547,0.29040143608927915,0.13194147456164498,0.15263543627073586,0.2885155645625444,0,250
1.2387909549667373,0.4170511721095904,0.4671077601784223,0.05446029567315139,0.30663521808984273,0.13934478607210563,0.18155746995006541,0.19954140508635582,0,250
1.0762068483026492,0.4406538996172656,0.7019259263080281,0.045707190676463484,0.37652277165033665,0.19238049168845833,0.15441806094989635,0.2122316473989413,0,250
1.2012281877648592,0.48818754547455073,0.3509850063860703,0.8071625742871933,0.2597431010931178,0.10176482664720368,0.13427830054133758,0.387548872131946,0,250
1.0437079056768617,0.49603457159006226,0.4275465937336257,0.5800783803655011,0.24334020127188066,0.1106422175270446,0.1294361050835711,0.3481324321078342,0,250
1.3802789104813913,0.40256171920901046,0.28160176149273086,0.3801106562160288,0.2613440010926519,0.10499810542739828,0.17139034538832493,0.24932341203384628,0,250
0.7831064194476448,0.5252169784509874,0.5870402062763809,0.20419858104978503,0.23066711927435607,0.135507730472269,0.10875103369411025,0.2982244180675215,0,250
1.450319374451363,0.2193315883283569,0.12494083326472186,0.07556012590330302,0.18678291840872613,0.08835716408149775,0.23185151447118513,0.1481713912211093,0,250
1.0058897057302985,0.5269542993237419,0.5697612318992571,0.15337529194279506,0.2948546422467846,0.13664888441527884,0.12020411214617059,0.27033391019063147,0,250
1.155696809291302,0.4000266745923486,0.6465282091680824,0.20583939037321722,0.3419389574988437,0.17505494198838725,0.16306185681691762,0.22875182205867198,0,250
0.6358428390479594,0.6592703513954069,0.4198050430586001,0.8052388773050159,0.18440605414305924,0.0943133807423714,0.09861902037617763,0.5547929458586732,0,250
0.9642602729406887,0.49200350029342427,0.5498089073123362,0.24740693860827132,0.25698568826751855,0.12998449840281906,0.11464578144702012,0.2802780291999304,0,250
1.4116303337351555,0.32595965485085154,0.602970465795149,0.07218815648532378,0.3627288870890017,0.17225942580247935,0.21742510238783558,0.17268757265063933,0,250
0.8123918058376967,0.5403215449487618,0.4793618447637606,0.8329891939610647,0.2209109375944777,0.11305775539834739,0.1337874462064535,0.4747162402855888,0,250
1.2314099650723234,0.3830011488454976,0.12066891470046319,0.5363537847533143,0.2173052105234627,0.09821056372175536,0.20788378268139301,0.27228332694531454,0,250
1.5894528182304077,0.23168698642832436,5.613445636297495e-6,0.6170670541728508,0.16991915502133606,0.06285731065871136,0.0019262272826388383,0.22881168580194722,0,250
1.4428120968443072,0.34630724671543023,0.6360715602266,0.4460544672108517,0.3966422388544279,0.17445378275163279,0.21657333379368385,0.2627027998687641,0,250
1.0733588515555215,0.4048398730141456,0.3856229005543921,0.1475893705306206,0.22863483317763098,0.11741513548136488,0.166278841277645,0.2178725679149659,0,250
1.1251746252396464,0.3827845857789408,0.5948249678852624,0.18780362087660052,0.28679933580334155,0.1513899168587075,0.1625820384179275,0.21955913084057754,0,250
1.431948930860569,0.27698743723537006,0.24862738783238325,0.1336224328100338,0.22164864251682498,0.10344998077089322,0.214227443134958,0.16920812219468534,0,250
0.7697907078384378,0.490889601128779,0.5880575842384207,0.4487218548959826,0.22917311082937672,0.14419970428164253,0.13642085999209366,0.35012171791490226,0,250
1.4466935534593133,0.3382729979544106,0.2854725801886218,0.4001632036267352,0.23990566263891905,0.09865046583410006,0.1652369653041119,0.23172899162117136,0,250
1.0742897212370621,0.49769792906223903,0.44768187281516064,0.7520003681007913,0.2529640710796453,0.10935177548508929,0.12074918693458822,0.3947076346159003,0,250
0.9464192278776431,0.45564903589538297,0.581201367065079,0.2697743009226668,0.25123846027482305,0.13802037152969196,0.12575372953421507,0.27214125950285334,0,250
0.9423579424826978,0.4671584105267317,0.512435936487867,0.28858129407260674,0.24399544716129817,0.12992742101507898,0.14055545119844953,0.28135864692719287,0,250
1.2325858035014596,0.36792843928246516,0.43683230040682675,0.5552346296593517,0.2583542826391385,0.12467598212558877,0.18507982193843062,0.2839933062649511,0,250
0.22647170374944617,0.8840591411198494,0.8730095133690058,0.739770331635164,0.45418925612288524,0.23768480534969397,0.1016057702272537,0.9666841611286584,0,250
1.0914896745470668,0.48317695728980126,0.5485159257199973,0.09703844771379996,0.3035612052136089,0.14077167488107561,0.14008614099209213,0.2349561426979392,0,250
1.0002369019947168,0.4720220760264423,0.5363332546234872,0.48452811076479274,0.29925259223779205,0.1519745038622222,0.19397074250174642,0.3344325338977433,0,250
1.5674559496434608,0.2844552957325616,0.3069684315075417,0.4887220287537957,0.25707256717082727,0.10707314474151429,0.21902192159406764,0.23118007610591576,0,250
1.1807366611228507,0.44165548375596203,0.5160739695690165,0.33881330855648595,0.28819430901992793,0.13072023513329656,0.14315264710721937,0.2690457951688227,0,250
1.304235355402413,0.36426339529183827,0.14987021132814574,0.54640518697079965,0.24072273686523232,0.10646742482674416,0.24124642142382557,0.2697865764473276,0,250
1.1491632571306727,0.42901503952549674,0.4613729804977893,0.10528518587609485,0.2551172077911318,0.12127321115855096,0.13482344285830808,0.2138596132590461,0,250
1.1661593123594916,0.3693244619041233,0.3836705979101679,0.09555825013518643,0.24456992390704774,0.12430401209194045,0.1961140305507481,0.19324163194975158,0,250
1.0009227218535797,0.3978439838384435,0.15115572943556221,0.4090327100562431,0.19955329888075363,0.10817021971468281,0.22451360243452875,0.2650324340679876,0,250
0.9317161996640928,0.5022866911187205,0.6780487500013826,0.7147245353799081,0.5027613555926902,0.267390588724345,0.29303890446081277,0.5133917319786535,0,250
1.7193617779342512,0.21293281230546357,0.30847112569656027,0.3449270586846062,0.24953927047207347,0.10434327710918274,0.2513991692004369,0.18565539880488022,0,250
1.2194193930369701,0.33094500644228136,0.07908551508761252,0.3483767412598996,0.19729631937071557,0.09532476041536324,0.22082700478933637,0.2229991060172539,0,250
1.3118334081314365,0.38437103942691486,0.6057246661621523,0.038401932420273094,0.37611504188749445,0.17151875249942655,0.19052116601750016,0.18577222619949246,0,250
1.02199460529314,0.4737350446910098,0.47400215864300205,0.44773769430301547,0.23851866856746295,0.11492999217722946,0.11302120100638623,0.3129599031858185,0,250
1.3333286497571946,0.3628058400438843,0.5677041958407851,0.21113146022640747,0.3367148761932203,0.15430291053963885,0.1933847158392859,0.213771612906536,0,250
0.6745212731793473,0.6296183459351388,0.5362286186348291,0.9431484942522238,0.2019824550559179,0.10930638527583257,0.10570213414089119,0.5443286500719471,0,250
1.1362861748091624,0.4125264965551096,0.5816262862632761,0.4517000582112593,0.3195644335449657,0.1588615292745116,0.1920902860703222,0.2948895218191593,0,250
0.7287816933186848,0.5587956205333173,0.4656153691659203,0.5518362991992882,0.21496964416158568,0.12064933672564969,0.1425391908958025,0.4171743293279521,0,250
1.3985523027141193,0.3700900091030319,0.13478711622939674,0.44384896592703565,0.2274593690238812,0.092522434385486,0.17812202909129418,0.24542026012374246,0,250
1.5229665245946837,0.33435456133950914,0.2704905794415758,0.2904843102713073,0.2712548006676291,0.10994759838064251,0.2195485980839419,0.20943682098350172,0,250
1.0320807849859317,0.46204139326883176,0.8600578008414475,0.20320695353794793,1.0530104778547136,0.5483285151909104,0.25676888692579214,0.3094232176741448,0,250
1.2306457803739015,0.38942355598588557,0.16850416743177615,0.24574493702104344,0.24781169327913702,0.11306959055830634,0.23671337189642244,0.22288980086563132,0,250
1.131915397487908,0.4861050811476685,0.3648949379380385,0.5928340710815608,0.24036891680981773,0.1015660096257691,0.12458650610186096,0.33686128343391364,0,250
1.4118705262816416,0.24519601631944798,1.0666312158738205e-5,0.3768992907186785,0.15137633747651347,0.062372763761863806,0.0078925769978849,0.19813101492762145,0,250
0.840222504369595,0.5956061296960854,0.5111346423152126,0.7403433736538759,0.2421397104348599,0.11345957366693772,0.11396198116740744,0.46886052078729995,0,250
1.5092371284752137,0.2107373614554054,0.5149285637012951,0.1109502000370625,0.26689549679109403,0.13243146477869228,0.2218000128841729,0.1521872773514828,0,250
1.17669777751398,0.44706583308939657,0.5188346755170817,0.2041270465875816,0.3090559568976185,0.14033312160012543,0.1607829361345056,0.24294257534362929,0,250
1.0618736931302308,0.4230578278388668,0.2146562665879448,0.49462860877397724,0.19825701094382556,0.09616819101683613,0.15937325755133222,0.28775877331709426,0,250
1.1425373249774557,0.463892170563922,0.19096403400646336,0.4075916750517327,0.20412690908281886,0.08552184286586796,0.11583051131683254,0.2797232540395666,0,250
0.7310082470405819,0.6210795853587665,0.5109749858110239,0.38809055507560003,0.23665580097811456,0.11756748524443485,0.11560088534418461,0.4115397936665962,0,250
0.8391015308375138,0.49698949556107314,0.3017773446582759,0.4408310631209422,0.17658224714723364,0.09498435803898819,0.11542048031645305,0.32325795449372874,0,250
1.0464360686047809,0.5288654405741601,0.4313404328923251,0.3400745877548577,0.32058058057232697,0.1412676309784909,0.20273455399867088,0.3108436506968068,0,250
1.0318757652531487,0.5183493852225148,0.6397844862395571,0.3066129639076509,0.4024456542571665,0.1892339532160589,0.1764068233702043,0.3096794581784499,0,250
1.0916239051181194,0.4785426710647795,0.48015872247055225,0.31754635337476017,0.30894341588316726,0.13995796922750686,0.17883967529952005,0.2893852789407619,0,250
1.293038061876907,0.3612324126201328,0.40522871272661015,0.47959534851328756,0.2595597047309958,0.12042941951234494,0.18756211077283813,0.26237144641012283,0,250
1.1022176149001857,0.4755938385574772,0.24738851759166697,0.7241171770407268,0.23991090820285813,0.10733026300865389,0.18840174926302986,0.35630789852462413,0,250
1.0135161358068654,0.46430975941125585,0.7102197220426825,0.1715398818195578,0.39008889911724826,0.20250830126011274,0.16096003893979421,0.25431870520578076,0,250
0.9959340840304861,0.4646438240906325,0.2789481626823145,0.5267680092623888,0.20565271909204266,0.10310940010010541,0.14839818975545704,0.31497066229101633,0,250
1.0687726280450065,0.4752726212604472,0.4983600834847933,0.18408238195305832,0.3060094162831635,0.14673644071974457,0.18293890275294591,0.25192555819143775,0,250
0.34321550893172037,0.7968404936424536,0.8515578677206658,0.9978279757674307,0.29305637077084823,0.18436590044990692,0.11137321391069063,0.527663588484581,0,250
0.9107564341810718,0.5681125278246303,0.4928281512823859,0.4217846971795422,0.25826142672162267,0.11898059668207038,0.12087256845915821,0.36143954252695615,0,250
1.1636173610603364,0.4115335120045174,0.5052521169565046,0.5418585249973216,0.27256889951423663,0.12983508257501924,0.15995720325996185,0.3052149162710836,0,250
1.172837624703561,0.30756575346259674,0.41712550971264956,0.4109626212109959,0.2470035900758835,0.1369324242502015,0.2717367293021391,0.23904659853332674,0,250
0.9537147127129437,0.560593313166022,0.42575760544706787,0.5042827181166645,0.242320363116388,0.10550310759934135,0.11087067707773317,0.3715282937406037,0,250
1.218299353648696,0.4486293201446047,0.5384921396904193,0.3321118360040246,0.31679054389401323,0.13776535096975398,0.14999484786427864,0.2718849962474815,0,250
1.062998488746162,0.5230171838179717,0.618725131837285,0.5101490216085068,0.31708756288102036,0.13642029816607254,0.10680427368730261,0.365488963881608,0,250
0.9873443196602009,0.421771589742702,0.3956978302371883,0.062160562208889276,0.20880600962181212,0.1120422885056655,0.13217389060990792,0.21142567763962913,0,250
0.8856965405343653,0.5704568802889664,0.8360539973360781,0.4038741339386532,0.5708970960048737,0.27660803111206517,0.13085666847297606,0.4065100166133095,0,250
0.8377934030006522,0.6108112000690414,0.5343767383455885,0.5588237001302415,0.24955584037044132,0.10921689542847351,0.08827388037018029,0.4477544880632149,0,250
0.9457129873491358,0.5675312024598927,0.6006192609027463,0.7859968647429187,0.2975620916252968,0.1303142869296846,0.11156429160012818,0.48089870670915524,0,250
0.9683981375471731,0.5583006581315361,0.38119978155,0.49413661919714136,0.23311087758349872,0.09929690855723669,0.10662843937657585,0.36452326476629365,0,250
0.9352538745525159,0.5493550254399652,0.6605756220260145,0.17369717296159695,0.40676622632624315,0.19675377801102534,0.15548430932069385,0.2971563260373697,0,250
1.5150053827688112,0.33827462554277976,0.4969439282428817,0.3815998522062586,0.331334429407155,0.1403388474287361,0.21320905388875944,0.2324132531634709,0,250
1.028451901859559,0.45305499836668595,0.33652353632941484,0.6088359514553298,0.21223277065544244,0.10239266694902574,0.13935476380047462,0.33200165329090103,0,250
0.7846275716774156,0.6352429957490726,0.5717303626918433,0.6938685941710109,0.25186391306545913,0.11658821915504859,0.10823722055508614,0.46036471265407714,0,250
1.063250344859309,0.4773899719329384,0.5535342210647521,0.45990427694735286,0.3003853302854941,0.14043627049741836,0.15646875540645938,0.32637625206376725,0,250
1.3950559259684436,0.3208541273642308,0.35771888313803185,0.2656777288014435,0.2618452010621674,0.118813900365033,0.2221746675307891,0.20544760808371176,0,250
1.1374742062902845,0.44973541739426653,0.36044675571721985,0.39574567242268394,0.24641379997368434,0.1119398181521485,0.1586383676305081,0.2800491856771582,0,250
0.7707968145792042,0.6095927862614982,0.5801157857545433,0.47337815925080945,0.23640329760189033,0.11415055216312782,0.08916954854907419,0.42613195944840004,0,250
0.2729226986856119,0.8850438784257161,0.6702001449283596,0.9204100988472426,0.16737723826330572,0.07275764307691553,0.0920051459724396,1.214554774354357,0,250
1.3469345062041507,0.3202766529281639,0.03369005530893858,0.30261587367628856,0.2153915260266314,0.09846045206351278,0.25124820750537447,0.20705378371774072,0,250
0.8235602481575419,0.5630339203442216,0.43046937838728067,0.6278909222179663,0.21911185532385286,0.10771118806595215,0.11642368939670034,0.42675681790253533,0,250
1.217261917905395,0.34528635226616766,0.2271524736322104,0.1842206024308588,0.2131964434101072,0.10358756287700956,0.19566945215538376,0.20005421494939107,0,250
0.8428672721880383,0.5472204500601634,0.5836408194649221,0.3217059678318497,0.2673122164435087,0.13648451585198848,0.1157825399693494,0.3445647375730934,0,250
0.9362326892059956,0.5680892951923922,0.5540966269965939,0.9999516213265199,0.16942321706344723,0.09571373593084587,0.10272819990322347,0.011986619612552558,0,250
0.16440838911925232,0.9111381522687574,0.9480905774861577,0.9996243813366255,0.2393959361169411,0.13360645093638576,0.03786855750730223,0.12335277573193457,0,250
0.4182580650498348,0.794158984448284,0.6538372878514619,0.9897620195623762,0.1659168040417621,0.08745682578521582,0.08119458649592005,0.7051894108565563,0,250
1.3143218135767565,0.3749852512862107,0.35456466191127056,0.4656017138567085,0.2527736990118432,0.11023304257239046,0.17513341703061436,0.2622949017905945,0,250
1.6077644689807007,0.2358259929904403,0.18982845598489076,0.2179746916766412,0.22323188990006257,0.09623480634123006,0.244821538753506,0.17055616512704638,0,250
1.5050525408852478,0.19823545588873007,0.1632338871432801,3.0332805215714513e-5,0.1846072305321865,0.09397747507791018,0.27859427465971587,0.007438838447701406,0,250
0.5314851938772985,0.6989606634257075,0.9092024158706649,0.2835608227450467,2.0119422077047746,1.1385510443942883,0.2465743728804298,1.0744451513423066,0,250
0.8899328172061256,0.45927983345163914,0.5613634184268391,0.3424808703790152,0.37263297036686743,0.22686459069649503,0.30899083191543847,0.30789485410500533,0,250
1.1235478528524976,0.38139191943098005,0.42764617245051245,0.4231660185458838,0.23077469758706043,0.115238622935365,0.16603762038617137,0.2658849069786607,0,250
1.1863885526291715,0.4288090579018514,0.6988435866066834,0.07547318139624114,0.44434798260760294,0.21109410354324548,0.18928293958593942,0.21103450757451542,0,250
0.807883695651203,0.6209018735294808,0.6118491910046702,0.6534881345570879,0.27325016211910913,0.12440664797676017,0.10060658584822141,0.4872981585276644,0,250
1.0681512939679838,0.4751318458658018,0.46463644678326005,0.399331875571223,0.25428211725125505,0.11846066113450315,0.12993547102195638,0.2991356548457289,0,250
1.3957157751460572,0.3367762693204334,0.11053591056761702,0.3557751817947577,0.31429436757216206,0.13983692760259345,0.387572994604963,0.22840355787063962,0,250
1.0153490098869895,0.48657220918297117,0.4403483356717733,0.534640632539223,0.23515780888618165,0.10901203556591088,0.11718953718115488,0.34055385463140225,0,250
1.0634186689990324,0.45451561801379525,0.3864525449141441,0.41014337157118363,0.24327078562792465,0.11784006630366382,0.16167879537943775,0.29001243048501857,0,250
1.3957870161321138,0.2516548359804653,0.21480728435222762,0.06723685214665498,0.20990552805212673,0.10385603068525788,0.26081618278294694,0.15390465927607863,0,250
1.2260714405364523,0.25969477391906615,0.5351377154291688,0.34734979016446693,0.27552830356242697,0.1567418210224731,0.2999022436623801,0.2162055976828494,0,250
1.2430545012315557,0.3410138321124813,0.18666612625481774,0.48296053355433693,0.21395032860331079,0.10036133785551268,0.2087986790545118,0.2535740147922653,0,250
1.4670164297499442,0.3812877443980705,0.5282708755101947,0.3691512096831227,0.3284232486689142,0.13398802074664795,0.1590595349265988,0.243935587604846,0,250
0.5803330163043102,0.6547390800625661,0.5867521163341318,0.8257134151366905,0.20260166050232511,0.11202955607423379,0.10455960337556418,0.6262074983774154,0,250
0.7659820096113981,0.624728954335464,0.8634621114640604,0.6906199658288045,0.9662335835455709,0.47242429850635353,0.20034183325499266,0.9132817202595496,0,250
0.7365157495658463,0.6181925031921778,0.5121676859130009,0.6942303978456555,0.22525721184903705,0.10914972522444359,0.10612008271910203,0.501223112520398,0,250
0.9950405871302541,0.4739908031980626,0.5444158263140895,0.6865903926369601,0.30695375415961884,0.15078586968451826,0.18139269635327718,0.4263460650465573,0,250
0.941356262057552,0.49899898624591954,0.5083931565581933,0.19841604560568515,0.26226008526860073,0.13379675413887052,0.14072541151152346,0.27193203692617474,0,250
1.0421860196707138,0.48903693756697436,0.534297460337334,0.44433470370265293,0.28546078047666584,0.13246189337621805,0.1396279872794893,0.3272377210916367,0,250
0.7832178963404604,0.5947002024776874,0.6311018450065373,0.5479039337599434,0.26227193381830677,0.13477164930986238,0.10654391828997294,0.43365896243123103,0,250
1.4292920281236123,0.3545262948622527,0.4234403802764304,0.2794460254929251,0.2762983090046786,0.11759994267213761,0.15667066062260873,0.21693930558271093,0,250
1.8621073517209317,0.019864992395626647,0.9999424052608664,4.280569931103487e-6,1.0465065696591407,0.549333560856825,0.014385941120475039,0.0011938854457587138,0,250
1.08391626545219,0.4647154687222762,0.46700506198851927,0.45114692148528307,0.2604165984084871,0.12194681154221225,0.14193376376995168,0.30662747846114496,0,250
1.2100024538513114,0.4130368639485048,0.29944265045526997,0.45820219354528424,0.23692890961764343,0.10561647018222296,0.1674963789328735,0.2748332987323664,0,250
0.7261774503899256,0.6633516546694733,0.39466122746928617,0.8653189893468269,0.20101977501466622,0.085777281031801475,0.08257845336129656,0.5684718949637234,0,250
0.9534336524961307,0.5103682239606457,0.9901767173272592,0.16957508747043692,17.61461097543918,9.043080670755685,0.30209236773858394,3.142419538081713,0,250
0.9158802836129762,0.5343551004210483,0.20342520018910315,0.7581952438850602,0.19271723138620184,0.08758228747919945,0.12710484428684818,0.40009974497238865,0,250
1.7338608996675184,0.15838478290062977,0.3024043919566551,0.22428186882485418,0.23149784512315977,0.10118936360667508,0.2918845319291814,0.1562279148322929,0,250
0.7805972110437919,0.5993606950785842,0.5617803221456082,0.9998915027814218,0.15869040807471874,0.09950069805922966,0.11698899777204759,0.021411214739049562,0,250
0.815670772072408,0.5480470951610362,0.46232772343152034,0.49173611454913113,0.2258125213834053,0.11659489373653639,0.12380378824489874,0.3830797558769493,0,250
1.5466535795848897,0.31369463745526777,0.03273946519029617,0.1400831666353045,0.3935822634601114,0.17081964181506779,0.5272416586693317,0.17574402192445548,0,250
