tau,kappa,beta,tau_se,kappa_se,beta_se,convergence,length
1.1775222842846795,0.4419398509583772,0.4453306741081426,0.11909318672990513,0.05804968771723481,0.0679980418814668,0,1000
1.0743711856323315,0.465895509993436,0.39724305256793774,0.11055738209690842,0.056547797159886316,0.07055541245074365,0,1000
1.0887018183470842,0.4791576192835106,0.44166152637697886,0.12397961091501532,0.06152318978686703,0.07605542124967184,0,1000
0.8635217285748139,0.5421724812763551,0.5312836417629616,0.1167810737000544,0.06461659758268953,0.06122767336129457,0,1000
1.0816258994969845,0.44733413221700785,0.37926595822534115,0.1109414372994398,0.05758007289985882,0.0751969657827016,0,1000
0.7678285818611662,0.623882653569576,0.5130584344015109,0.11184947103093579,0.05720013253456054,0.05103202364558048,0,1000
1.0868061012833417,0.4890880962396648,0.5639212650037189,0.14086143104535231,0.06859064027799655,0.06296880085445472,0,1000
1.0569139894578756,0.44552221034601974,0.5255964945042775,0.13548834828865108,0.07198940149134203,0.07957724340532837,0,1000
1.123648526830586,0.4417373004585243,0.4198292588257799,0.11962557155795074,0.06008952932038071,0.0719255350404346,0,1000
1.1409726013770418,0.46790265073607773,0.49794797118988116,0.13387583889429586,0.06555626598113933,0.07741529958235853,0,1000
0.8270943652370074,0.5700189128773206,0.5816156951620464,0.14291499369328722,0.07592305988007525,0.0640577664344901,0,1000
0.877626233439498,0.5366084612632426,0.5253107438009096,0.12568852198266312,0.06831192042414803,0.06734285675889876,0,1000
0.9835363167472716,0.5192405616134085,0.5364046047334001,0.14378713601518833,0.07200692419717222,0.0746483603665436,0,1000
1.1034089178862978,0.44325361165341526,0.5006881160757256,0.1216442096701155,0.06301547206400179,0.06752909974758163,0,1000
0.9005384131504843,0.543098532666028,0.48493636109763993,0.11406107060684739,0.059597437065826264,0.05723292033694929,0,1000
1.1531229859570105,0.4355268450378733,0.33893766039275514,0.10617540600363536,0.053205613667918907,0.07384435410797058,0,1000
1.0278422068005788,0.4746792899331809,0.48656647820948484,0.12235253719741418,0.06397011026494,0.06795188022507881,0,1000
0.9418726849527443,0.52549464237502,0.5574580263374723,0.1307859429360153,0.06883549169968049,0.06384386488557592,0,1000
0.9543240040685782,0.534076544833868,0.5548132698767083,0.1554974870734199,0.07735840487637834,0.07723599484041738,0,1000
1.0593976203902709,0.5044144612748517,0.5286786999712475,0.13758670933825848,0.06628499423430492,0.06558929825161618,0,1000
0.9611053861694006,0.5112619607835589,0.536638431649058,0.13767836206495526,0.07112996012820982,0.07072588068077666,0,1000
1.1647770168956135,0.3915878216212595,0.4714731864839493,0.11954210798602215,0.0646246228792686,0.09017068258292218,0,1000
1.0775450654210417,0.4520734021993203,0.46989897767139505,0.12261021877340966,0.06360345267854098,0.07431563175363162,0,1000
1.1648980146117687,0.43513150516381854,0.5014052897444538,0.1314212285182494,0.06572129462678489,0.07726164577629388,0,1000
0.9708266061824561,0.5115011952512576,0.5228635682868221,0.1364944156753344,0.07067808737703281,0.07489484209773342,0,1000
1.0366997569854253,0.48349681358266483,0.4802197832967043,0.13782541852842303,0.06974222834346126,0.08255119477716903,0,1000
1.0426826199555992,0.5038216282897016,0.5380926089419378,0.14310752854832756,0.06983312704919326,0.06989713850937955,0,1000
0.9680631907249575,0.4828668465376402,0.5150636058489788,0.13163148550301632,0.07089497406489463,0.07405805130831128,0,1000
0.9803160676683492,0.5275373086270924,0.6098178230956407,0.1535527245883127,0.07630707923880593,0.06625508008698512,0,1000
1.1992820851881867,0.41718333487345793,0.4171154376365726,0.12562528375070897,0.06278418088407267,0.0914711476951822,0,1000
1.0668469243312957,0.5124162645483638,0.33253124841779336,0.11515665409919827,0.05407031970823347,0.07082894460028065,0,1000
0.954158754348788,0.5298671070484748,0.5487517597730213,0.14179972272116853,0.0722992071109729,0.07407622988899346,0,1000
0.8890231707065168,0.5214515087267783,0.5938878105902683,0.1414791556351299,0.07761935007792084,0.06974258792251553,0,1000
1.1145999912490374,0.4483962959046308,0.41117881561997427,0.12175841561107699,0.060719498556342844,0.07497391048265672,0,1000
0.944016555895816,0.514169423448617,0.45489757578908613,0.10712337960755965,0.056923704645853786,0.05866511697018362,0,1000
1.056988520887907,0.48272563634521554,0.4724823085376819,0.12442288765034583,0.06294665209986572,0.06980236435779616,0,1000
0.9741423726914267,0.5153012215553738,0.4473097529504697,0.10996484737222678,0.05713187091573717,0.06158348554807823,0,1000
0.8597802279438979,0.5500542905775103,0.5898865311012359,0.14040849993507853,0.07578298912804969,0.06659111036246701,0,1000
0.9945182374875756,0.4903824949379169,0.5470602474244997,0.12832028076670945,0.0674861347037767,0.06279050552405091,0,1000
1.3479187140365698,0.31559453538372223,0.34901959024068274,0.13487171933178152,0.06796718661654302,0.14324335533645197,0,1000
1.1005070367762475,0.47493453874009106,0.4425180206777894,0.11771739702100208,0.05824189854440978,0.06738887354374974,0,1000
0.9850608718660353,0.4935078838853839,0.4690195279624633,0.11129962224420234,0.05958587748126157,0.06433318070150815,0,1000
1.0517451468140817,0.46274053411116983,0.35530362570468876,0.10665447645948001,0.05564815274321827,0.07394902325056818,0,1000
0.701391086092285,0.6148292786881406,0.6767750910517721,0.1728793133369649,0.09646599798789665,0.07147021377895746,0,1000
1.0134945281609327,0.4690722639647467,0.5544029762714204,0.1275207217588756,0.06858273163720054,0.06528863097472672,0,1000
1.0064797388703763,0.5094227902814602,0.49933818352137743,0.127123625239291,0.06434358705938463,0.06929986505904295,0,1000
0.9871791107060484,0.5329784056314447,0.5439862280095341,0.1337101993515375,0.06574206021273812,0.06219166811858498,0,1000
0.8587998037751042,0.5310152557623361,0.5778254090241765,0.15761884956000902,0.08608183440597221,0.07903595529048318,0,1000
0.9336190540437217,0.5289354137378512,0.5353139540949431,0.12685469445615585,0.06589832207364771,0.06156621760711236,0,1000
1.1267434684972242,0.4377919654806652,0.36894329594857506,0.10862218971560908,0.05593651746695403,0.07832737271830983,0,1000
0.7369107327678512,0.6151176596794874,0.5990814591242383,0.1251866424301167,0.06747280722190233,0.05307683131130485,0,1000
1.1567339565169354,0.3951175521223076,0.41971595105602577,0.12412454329059328,0.0651363486183842,0.09380926496389129,0,1000
1.051712037315649,0.47609999188032875,0.4664289125493066,0.1332138502243463,0.06764444890609621,0.08233209069931355,0,1000
1.1321168223935127,0.4053254113811192,0.4745972771993474,0.13159527477426078,0.069462106387883693,0.08914227027717679,0,1000
0.9301376825356894,0.5450904475510752,0.5408988937371713,0.1355863738307884,0.06895268339583403,0.06818788781737811,0,1000
1.0222111797726818,0.4749960066455961,0.45898318733834187,0.13644231381490196,0.0711248597648264,0.09195814518185391,0,1000
1.1485095864662835,0.4550873822959519,0.4949603530891362,0.14245754094055346,0.06963180068304439,0.08481067098449549,0,1000
0.9503653129582859,0.4917188065680963,0.43594878497019407,0.11746723420994895,0.06359144753318577,0.0715395188872974,0,1000
1.0181050972696004,0.46213446240761374,0.4711233362604409,0.11899516661441163,0.06422407529897521,0.07420148449410231,0,1000
1.0536194633615696,0.47917057323941026,0.4019328053088588,0.11189872394313875,0.05657684330201435,0.06603052671800125,0,1000
1.0595865566801423,0.46487323658337615,0.3642459326513388,0.10704870661738346,0.05535927928444658,0.07165755234685005,0,1000
1.1002496563239452,0.4484788827667378,0.3556221918896509,0.11547391687961676,0.05869278779141108,0.08250732543497666,0,1000
1.0114361803186076,0.47201728174669727,0.4333542253731991,0.12118019354227545,0.06424203906480658,0.07947387047652203,0,1000
0.8568736348649806,0.5844073780688205,0.5152456874685958,0.12016437372021284,0.0611236625152891,0.05697153597604343,0,1000
0.8314222672144409,0.5745532887076327,0.5208866695014869,0.12196733673968464,0.0647674899882304,0.06219513424160391,0,1000
0.977882709668524,0.5010336096343367,0.5658556129471012,0.15776077663803825,0.08072380751176526,0.08114433951664429,0,1000
1.0143670222554073,0.49127861433004305,0.44694966874213404,0.14565278276444,0.07354068982966022,0.0945751435911459,0,1000
1.1971863816954411,0.3925466163463275,0.3513981199275087,0.11048024779606484,0.05714901324249577,0.09072123153464236,0,1000
0.8578479822992184,0.5658781600189763,0.5566275453980991,0.12622107750346817,0.0660224765573763,0.05587796362206962,0,1000
0.9636910603859316,0.4989478999888224,0.4428279387493522,0.12573338680942459,0.06629966897350381,0.07883738793229032,0,1000
1.0803042438393438,0.45342171725751984,0.43815096528665537,0.1186039510035941,0.061094153978608186,0.07090034382911442,0,1000
0.9032134206599723,0.570454646009324,0.48805601153857514,0.11845768045233707,0.05865419739822151,0.057483739124925756,0,1000
0.8148541719643063,0.5710133477527813,0.5168505048971256,0.114809343309374,0.06292135651344241,0.05861022016502238,0,1000
0.9544277587543292,0.5738748714837394,0.5133348193008496,0.11181439436553577,0.05446702326922623,0.04843384916444575,0,1000
0.7136931053244602,0.6395980353535441,0.5081395784565111,0.10516960557021146,0.056338639570363294,0.05049094713364531,0,1000
1.1132535463569935,0.4521616553390022,0.45383680988519776,0.1345235526248869,0.06667984656130987,0.08129841786740125,0,1000
1.2886448302412072,0.3564225806220565,0.46127751834143005,0.14548404868016832,0.07212493143623044,0.10889535768748163,0,1000
1.1010611083575688,0.4518889685220464,0.4436951036623003,0.11586576209482898,0.05896898833194615,0.06532263752864471,0,1000
1.210301830244531,0.39324430700554097,0.48959846802438856,0.13585214647287297,0.06913123190353312,0.09236807527979078,0,1000
0.7400218980035024,0.6347738917183631,0.6864061895264433,0.17024142640855236,0.08505106353776795,0.057509911079848104,0,1000
1.0822567484487786,0.44862165338177357,0.4042440032238399,0.12096489235545667,0.0621780476321593,0.0804836601102983,0,1000
0.941091593632006,0.5478217070795094,0.5419105658555735,0.13195782123045763,0.06582446462878763,0.06079852416680525,0,1000
1.1169649941772293,0.44410213124831616,0.4464592134831279,0.14934755681721065,0.07371299950593349,0.09701793580945182,0,1000
1.0827522327796,0.4485818281176308,0.46441379041790215,0.15246297240695533,0.07819857201068549,0.10965889653341153,0,1000
0.9075265699021097,0.5230061794305375,0.4854467950561508,0.12314260913523749,0.06595476085405444,0.06840636025137865,0,1000
0.9405225637435275,0.4982462340609326,0.4370862043137011,0.11363792652068201,0.061742381165188605,0.06959624287140047,0,1000
0.9390606540399211,0.5256307843424185,0.49356651944750496,0.12833047375067486,0.06680427488133776,0.07168125020743353,0,1000
0.7961854838385407,0.6026403660401308,0.5146151367390536,0.12321847731365153,0.0634592004822381,0.06036152440962806,0,1000
1.1371468343508617,0.43842404358207493,0.4910010865287542,0.1282674776882198,0.06503474405262541,0.07632583810559045,0,1000
1.0967244492974115,0.4171630882780574,0.4464239056673976,0.14013227146300847,0.07439803573955911,0.10829393217749911,0,1000
1.0170765135588793,0.4938871510242141,0.6137129781074229,0.15352346983212045,0.0781911219469201,0.06795757542786646,0,1000
0.9811069082539512,0.5250084953187444,0.4934484530195912,0.14202273595253728,0.0704361508942338,0.07842066819836035,0,1000
1.2771716637092556,0.3628354662926824,0.4081469582338568,0.11485941513441715,0.05840948725081845,0.0866775294170599,0,1000
1.1582800916903873,0.406045852158099,0.4127175519911224,0.11710063581418391,0.06102237970794672,0.08408083789160709,0,1000
0.968270900919828,0.539842832248274,0.459381347608699,0.12022716454819943,0.061016065923891485,0.07124817323144425,0,1000
1.184594704184227,0.4338821535047458,0.354425628787584,0.11129066835667661,0.05496536701058773,0.07914429708510577,0,1000
0.988669994652652,0.5166107681164714,0.47029320747103,0.11144229044773094,0.05704032929362947,0.06153407676028396,0,1000
0.6882664209926019,0.6345867001096206,0.5971281929286806,0.12899305139719214,0.07069195503002591,0.05608227159305811,0,1000
1.0810267706295975,0.46921662115576557,0.4447469227518488,0.11228277613923457,0.057438358721605486,0.06530896278060104,0,1000
1.193354708970319,0.4245329811958302,0.3205150047248364,0.11990283636467407,0.058340481995878456,0.09120928780156722,0,1000
0.802958653433341,0.5824006450338054,0.4667956009130555,0.10313010363066084,0.056425825509312154,0.054946277797176896,0,1000
1.1365893234393778,0.41010436242771686,0.312346668926104,0.10914233729301029,0.057093525100032405,0.09153241120267527,0,1000
0.9741100059113222,0.5070065242765917,0.5108123744863317,0.12790264122022668,0.06666029034612939,0.06837248665449212,0,1000
1.0532032283425397,0.44688834975906383,0.5550111529215236,0.13311112212587978,0.07124107665169972,0.07133002272169801,0,1000
1.1410676169807654,0.4353344683254078,0.49599343073915875,0.13820912109209285,0.06917521933800722,0.08325146750609835,0,1000
1.181446226530337,0.41567765443561433,0.44185199754497345,0.15362167151867126,0.07718279529057122,0.12254388591070219,0,1000
1.0105534416612163,0.4895367406221006,0.5114460483523037,0.1282935658390817,0.06738632099213983,0.0737459971281048,0,1000
0.9589220507547564,0.48990235947271127,0.4310078332570006,0.12354349132084931,0.06675155942893173,0.08460415116951649,0,1000
1.0158770612724286,0.5073947879273226,0.5355115065848083,0.14088962514264636,0.06956535736999903,0.0696910503208977,0,1000
0.7685393007582613,0.57093068789957,0.42924116403817403,0.10004846009055197,0.0579151726199654,0.062008013397600835,0,1000
0.7599676485386412,0.6114051058418905,0.6047578319955516,0.13702756950716738,0.07233378661535332,0.05549888287286706,0,1000
0.9411945942158233,0.5298736060074569,0.49042929632736676,0.11859229992832693,0.061293246192345316,0.06056151619879101,0,1000
1.0922698805297697,0.473511844226296,0.4162267502994514,0.13149482124702258,0.0645045020569676,0.08503926045073616,0,1000
0.9988356274727362,0.48887555039336533,0.5067455352372229,0.12596793136258186,0.06587756167134526,0.06848110577209486,0,1000
1.1223297368265854,0.47338086178274524,0.3890651677833298,0.13806616905657876,0.06578660296669743,0.09327754362801252,0,1000
1.2836991442766537,0.3418338820781073,0.2808142247286472,0.0947196173341182,0.04928907124412529,0.08496522887011078,0,1000
1.293914156344423,0.38941547650183295,0.4572220896541461,0.13594933149647787,0.06525304420139372,0.09102659125465402,0,1000
0.8767382477932699,0.5626640054890044,0.4992035570458983,0.1292318286494981,0.06715652775705551,0.07219047206103514,0,1000
0.8792878091397194,0.5613084642952283,0.5172546696098524,0.12277321673277332,0.06312223665438,0.05804013969540649,0,1000
1.262508142978717,0.3652359679014139,0.3300663298887372,0.12415860922270187,0.06265043906997367,0.11577611901315081,0,1000
0.9868442999351268,0.4988401156325048,0.4778776840004407,0.1508200171977451,0.07589691827294665,0.08459939489275564,0,1000
1.0195217292783414,0.4728555921002429,0.5551533788194094,0.15861113535310015,0.08163725508702029,0.08152514331177955,0,1000
1.0345527215820598,0.4789990688713561,0.5641557694988031,0.1425093749927692,0.07286475978184981,0.07142305298041662,0,1000
1.0591314067051887,0.4299090954335138,0.47033185170875486,0.12746369731372642,0.06866959802063964,0.08335133329237315,0,1000
0.6992180273332947,0.6595800173069458,0.48573095504442343,0.0992586755796933,0.05198430950204675,0.04735296395987403,0,1000
0.9009126840798598,0.5471154307777705,0.6313755802396213,0.15107297386893392,0.07727741856781277,0.059832324438779595,0,1000
1.1438372204490432,0.4160517442146635,0.49524544265535947,0.12830192712500807,0.06615800150267503,0.07411336590819659,0,1000
1.0311266670916466,0.5094362874680812,0.5109539687106429,0.1248856894320188,0.06168017910596283,0.06039057132639844,0,1000
1.0400509237648279,0.48385312207454617,0.42651737235372256,0.1169554168473051,0.06026479369696236,0.0743295367881929,0,1000
1.0950438581540105,0.48498787540404925,0.5061956800361285,0.13561917905495313,0.0660891702610065,0.07340865450046292,0,1000
0.9052571080762819,0.5340760747950023,0.5083591289283671,0.13894834216757282,0.07254522685346299,0.07505000773437578,0,1000
1.0644744741154095,0.4722180790194996,0.4566778001229217,0.12040244395774846,0.06163249479710808,0.07231219202596303,0,1000
1.1491041193648082,0.41163565877972036,0.4136361854973774,0.12408995163904821,0.06396983539800846,0.08958633700918021,0,1000
1.04539909298521,0.44993430566495457,0.452189907351234,0.12073109654513718,0.06478310567503053,0.07970210719237691,0,1000
1.1701503876926902,0.4053796523271551,0.30744786642398475,0.10478481801565388,0.054552686089629716,0.08941456789129172,0,1000
0.9745830392446595,0.5007064040838795,0.44618684696044286,0.1172941288321044,0.0622736216417966,0.072933599413691,0,1000
1.269020688097293,0.35783804266418673,0.3793498213067246,0.116352772738777,0.05910663344834483,0.09301116647167391,0,1000
0.923135436489708,0.5563342741440399,0.46740076511095724,0.12130476396040571,0.0606179564091258,0.06334054826991965,0,1000
1.1147716698683974,0.42456689694869587,0.5871677877815694,0.15904850709521645,0.08200726865577163,0.08301026523174806,0,1000
1.132607389736995,0.482781678999206,0.5044161367238327,0.14559400097071407,0.06786749454075636,0.07600288065035792,0,1000
1.258869784660533,0.39884246725494915,0.41197772859741116,0.13400770324869785,0.06404434544298025,0.08972081431592033,0,1000
1.1784429884592773,0.4024990245662909,0.3535648941351159,0.11133809433834001,0.05737773443613106,0.08821442848524831,0,1000
0.9675852560226443,0.510731235248113,0.46365704653073286,0.12627748017728474,0.06467077517085787,0.06888619546416062,0,1000
0.7988294471215904,0.574898908457324,0.6422126618029066,0.14782412570071388,0.08049029707675862,0.06308025862491937,0,1000
1.2074164070266662,0.418218862933714,0.49290915073169284,0.16102974942710646,0.0771072658418509,0.10113407686585589,0,1000
1.1445733635746516,0.46268633510482343,0.4808717847627633,0.13493729646543542,0.06491287662368003,0.07141554541729453,0,1000
1.0495259853343244,0.5085640079346916,0.5433084174689462,0.14648328492294546,0.07060431377843268,0.07014434926170003,0,1000
1.0391189383247526,0.469585932389741,0.4863777710674858,0.1276509955876978,0.06620200819186352,0.07348789725241096,0,1000
0.8972113328172409,0.541265423441719,0.44606454671077317,0.11716108391144864,0.06257060138790636,0.07104974772313555,0,1000
1.166653461527652,0.4227097466633062,0.41990403247822844,0.13661032271586585,0.06736837860293886,0.0931329834122022,0,1000
0.9969735871137835,0.4629347694911439,0.473448355286824,0.1611943732237802,0.08550384958332552,0.10927071311161787,0,1000
0.9477901255860873,0.5240590268149785,0.5560563310140298,0.13302356257083903,0.06935926745327411,0.06592536626538498,0,1000
0.8721727423047569,0.5369569372939406,0.48643087928138334,0.11470979751927243,0.06288560580913687,0.06370424811535423,0,1000
1.0654443131078606,0.4947724781493191,0.4753483957499854,0.12225104829876647,0.05991220295444413,0.06093027085701685,0,1000
0.9504992247620211,0.5204304290365201,0.47814202457774346,0.12790005383590491,0.06605126687119246,0.07226270380298576,0,1000
0.7137124300033226,0.6582849307652499,0.6480323433902778,0.1491641021998223,0.07423663024848003,0.05509246680606617,0,1000
0.8751008860587882,0.5607704208136309,0.6368094292936838,0.14974830890876806,0.07788693862858989,0.06329862184404714,0,1000
1.0385088069668202,0.47186741009856636,0.4137619138032994,0.12411004925644659,0.06351487195151229,0.07848450369218504,0,1000
1.0731852093643304,0.48893557885440625,0.5208238784868385,0.13179257226434274,0.06524865249302073,0.06675230261169902,0,1000
1.0275107756085429,0.5140731389356675,0.47219169493675445,0.12523972884164847,0.06169620836385046,0.0679727464596318,0,1000
0.9318511458261103,0.5345928360679099,0.47079869737966584,0.12025153395426531,0.062150888054254894,0.0663923903479049,0,1000
0.9937356765173883,0.5191807450525037,0.5427281957926487,0.12833419652811706,0.06500857034151027,0.060631037155842046,0,1000
0.9904805707783313,0.5153663643531187,0.5222991989457766,0.14492432771083225,0.07263279155887814,0.07815102242018272,0,1000
0.7032704663921234,0.6421458675583221,0.5553102209004402,0.1194361265194094,0.06329254327864307,0.056895113827143975,0,1000
1.0402656287394783,0.497360937045438,0.503836953650485,0.14313266229186244,0.06987957996905186,0.07243006936063516,0,1000
1.1133744240939087,0.46708885984780274,0.5295665888477123,0.13842121199562718,0.06821887656296285,0.07213064182752678,0,1000
1.1025255175519053,0.46207993154055393,0.4113611876881011,0.12059216138985115,0.05987424240010682,0.073697847932868,0,1000
0.9741892854864955,0.5195257008019407,0.4828392405125078,0.125272950801188,0.06300138230938979,0.06255051325466199,0,1000
1.034958616185522,0.4867227912102563,0.4488954737107639,0.12170246177499937,0.06214625938321191,0.07359588819851155,0,1000
1.229885035848135,0.38410120770724937,0.4892851385740614,0.12846828664363583,0.0663406888733551,0.08927892682960496,0,1000
1.0206250255616118,0.49449686088976075,0.4354175329174226,0.12383247187271666,0.06340155446713751,0.07968986783710692,0,1000
0.913558648332741,0.5102254909484344,0.49699332301759674,0.12337713316080531,0.06725295890700801,0.0685576587407899,0,1000
0.9523722116181578,0.5415537045033423,0.4981675946148059,0.12643612611809552,0.06308000360574131,0.061567493820354556,0,1000
0.7731685751875322,0.6421451816314364,0.6984817779165333,0.1886951943093799,0.08955990143994969,0.05954997510193381,0,1000
1.0399077844203157,0.49321288048190304,0.5326764824532096,0.12755590985456125,0.06473428394684833,0.06321044802687409,0,1000
0.9644685756517547,0.5183978015432741,0.5481632604258685,0.1404556635654088,0.07164649049052324,0.06757349784329318,0,1000
1.1520932060245967,0.44020244854725904,0.6037363016426233,0.167252160002814,0.08153326798470095,0.07881271549121731,0,1000
1.1110475919979645,0.45142125329352173,0.518588780261835,0.14270456838502127,0.07229265117420396,0.08602781768755119,0,1000
1.2855090009608123,0.3591591524490424,0.34751149343691595,0.11960421090738566,0.060221846967474096,0.10702448013229515,0,1000
1.1165888554758905,0.4329921230422359,0.4581070907268368,0.1434878704180485,0.07296736247730955,0.09866403020589327,0,1000
0.9240402054781993,0.4869773919880337,0.5093535251560559,0.12197418418043372,0.06913328548940742,0.0748260785156551,0,1000
1.0410091545333398,0.4743568432100823,0.5710027484953283,0.1481821535302462,0.07687868563806104,0.08213999646812734,0,1000
0.9969353637406249,0.4671015523407648,0.5980578595807111,0.16826929117882225,0.0891887411821459,0.08303885391863067,0,1000
0.8597550623016101,0.5638557776178479,0.6884041167748091,0.19009759393185957,0.09815709422050034,0.07323558266020472,0,1000
1.0327494674949145,0.49463761188722566,0.4274359634577943,0.11712295937054412,0.059679994953396424,0.0739106677658976,0,1000
0.9585481592011228,0.5151680068973762,0.5616870143669942,0.1357959238615123,0.0708782703184379,0.0671723262423678,0,1000
1.0148156416749934,0.48771690548450414,0.45184516594996343,0.13047628084427898,0.06683127227048714,0.08058616702363414,0,1000
1.478942045015762,0.27652603627626005,0.4662603164499698,0.1512284733996008,0.07309500622036419,0.14021929732039473,0,1000
1.074029687746286,0.47538508599820517,0.5001040013465243,0.14211038132292292,0.07060224317245135,0.07977159590409255,0,1000
0.9954939089287694,0.489786592195783,0.45890770664239927,0.11223130383501322,0.05920383396480271,0.06297360435002368,0,1000
0.6447488999616845,0.6642191087987421,0.5481638744802493,0.10520655225366297,0.057835687000612236,0.04766481130395741,0,1000
0.8691980879635473,0.5683462284470345,0.5810843988497469,0.15253113099891477,0.07692952585077287,0.06659650100326496,0,1000
1.0575484272660087,0.44409072970811503,0.4486814167253644,0.1304929937915351,0.06883409006228074,0.08556641912364285,0,1000
1.044061423756754,0.45619316112881947,0.5315678898631256,0.12707181702141868,0.06829428869786053,0.0732630107161847,0,1000
1.0561225234989253,0.47151560136588,0.4345739384440074,0.12193330536198504,0.06270029514635732,0.07826088704265213,0,1000
0.8842870050387541,0.5736535914715606,0.5266075786954727,0.12248600180581393,0.06173675884739041,0.056376305136440055,0,1000
0.9571003523783739,0.5265242431066995,0.46758299934636555,0.11950038805342561,0.06132114806377103,0.0678727857344966,0,1000
0.8016406291957714,0.5916001338860307,0.4629477825638776,0.11223023532048838,0.059441504500616416,0.06032109100619752,0,1000
0.9237321846057606,0.5465419793854219,0.5492146699401973,0.13824515414120417,0.06987039453706473,0.06523387121386814,0,1000
1.1288062047785319,0.42051452039096676,0.45219548220789796,0.1286580674964365,0.0668828934093527,0.08875083393808098,0,1000
0.9590726196809514,0.5534209588491112,0.4393620284574349,0.12016250214822331,0.05877307044228407,0.06741966912702867,0,1000
1.182025460823074,0.4261259888409606,0.39971334424028737,0.11727023707958276,0.05820358324663097,0.07786203360665131,0,1000
1.013283976094295,0.48865583318455896,0.5210346624306976,0.14426488296215387,0.07264868851354175,0.06953191229258435,0,1000
0.9884165265551905,0.5075246709807136,0.5274084045680798,0.14632056125674892,0.07423862115096339,0.07976341082761289,0,1000
1.192223286583769,0.4092673474647767,0.44059131277618074,0.14593948673254128,0.07236987786497691,0.10288311375185641,0,1000
0.8477683632726501,0.5419964360188548,0.4429700322299212,0.10985528475360137,0.06131852025030497,0.06818449973679697,0,1000
1.157576481832467,0.4191573508848299,0.39064079188296164,0.11523035709667827,0.059056279561956325,0.08303449363075002,0,1000
0.9751996509637063,0.5279512151586101,0.5774114614560717,0.1434235978344931,0.07197281541799083,0.06612390035352214,0,1000
0.7406570907335541,0.6278407703592213,0.5726511769924928,0.13335180526433804,0.06897344639635414,0.057309893903214545,0,1000
0.9667777407897208,0.49504608579973086,0.5184658152865055,0.14344746496819705,0.07610316782727684,0.086516346338171,0,1000
0.9721659011459028,0.4842271999736167,0.46094917690464815,0.11252110203442543,0.06190657616789429,0.0719604499721436,0,1000
0.9231292629573513,0.5347995577485819,0.5197850479430197,0.13872307887723762,0.07160141772521236,0.07485474975242128,0,1000
0.883833067817431,0.5554511448357892,0.590658446174409,0.14005853340352228,0.07205209996037651,0.05924963075881756,0,1000
1.0062377396283224,0.4891280905101294,0.43690289964313755,0.11159355987935217,0.05808010203673253,0.06314676456827971,0,1000
1.0503629667314087,0.4819610255423038,0.5478354433380929,0.13090941684961543,0.06638198659426474,0.062095242662441943,0,1000
0.6594429983443756,0.6739743199884188,0.6607045332082038,0.14432396249123647,0.07348019516399151,0.051641721677478186,0,1000
1.0618455324192908,0.455279393481028,0.4546669292880072,0.14012614354971673,0.07213549710295168,0.09311877546152043,0,1000
1.009950158369442,0.5015640181473482,0.4891310978597142,0.1266229643651583,0.06544036364401443,0.07619648383774112,0,1000
0.991279117931756,0.48459987553110523,0.5260947116740294,0.12903004421125838,0.06864710408415983,0.07055751128881872,0,1000
1.143906763697297,0.44311643357389346,0.4435399553506372,0.1393129355523552,0.06804028451889875,0.08578848504067652,0,1000
0.9799563806134634,0.528119270726906,0.5374742845617304,0.1387646525087068,0.06925802540896625,0.06922404156477577,0,1000
0.8972169865804773,0.5401040571526281,0.5366432379286658,0.1272489770022901,0.06787482322396983,0.06668035913616402,0,1000
1.1713421872201535,0.39858611771970814,0.42712994364570833,0.13207930175640115,0.06708705571678696,0.08968400675586478,0,1000
1.03123833283443,0.49140261214987224,0.4252394462840661,0.12000711597222874,0.06069554977469169,0.07265472568236647,0,1000
1.005841709299855,0.4620772147282228,0.3987744529721923,0.10536879354131745,0.057974967027244056,0.07358992025827231,0,1000
1.176847659883763,0.4439633591796557,0.5356093093846641,0.15935227096084884,0.0761531476754296,0.08506374961848051,0,1000
1.2125923622295363,0.3633702943809938,0.49660008744241224,0.13730845036518555,0.07214318957276492,0.09983400562783609,0,1000
0.8612771169769105,0.5641876666760446,0.5539783828788798,0.12756227969169512,0.06607103047858134,0.05392404497054933,0,1000
0.9307281556088712,0.5194586344692894,0.4621313886003421,0.10812528815034482,0.058199271393070226,0.05996042408552608,0,1000
0.7489532029166347,0.627148211101811,0.5731140956612033,0.13363109654902444,0.06965145424256207,0.058422250998586535,0,1000
1.0932149094519592,0.46857062172607167,0.4372476357921265,0.12140816431447532,0.061545716429892094,0.07981497024530934,0,1000
0.9363636006886061,0.5466649187903858,0.5402780399384817,0.12864672275726236,0.06459505283965258,0.059414383127650267,0,1000
0.9462751630105136,0.5304097171803943,0.4822737836984067,0.1276242027239497,0.06445515806482938,0.06558719580999832,0,1000
1.0278910030917858,0.4581079445541058,0.48229556361149045,0.1268459807457885,0.06791317100981219,0.08094765949080328,0,1000
0.7470569540125742,0.5953672777919375,0.5793978657670732,0.12562437816324074,0.07068862860128405,0.061149632799027416,0,1000
0.8917401099674486,0.5641722152197423,0.5679356506705463,0.14009831034346265,0.07032426802594198,0.061696052818560825,0,1000
0.9479897351940401,0.5172424101402473,0.48136524769800887,0.11621196351459949,0.06143794178193393,0.06346108385489876,0,1000
1.056634611737297,0.4838104063238868,0.30203371681845714,0.09792175031525784,0.04979274047054076,0.06835366131471915,0,1000
0.9553708612396076,0.5119476709594798,0.5776342451457855,0.15376832422971182,0.08078531663842373,0.08100622176539668,0,1000
0.9962826626777258,0.4817287360805988,0.522583702451484,0.12237718355670953,0.0653515594600054,0.06421329601634823,0,1000
0.9647123855273211,0.5205911699759873,0.4867132633299118,0.12905119253055358,0.06615315242815407,0.07267201005133907,0,1000
0.9253005794504877,0.5486009469784034,0.5069839000277525,0.13334083836039143,0.06686004698740708,0.06918507605685086,0,1000
0.9228598821300301,0.5465115361763253,0.5557365792474132,0.1358852941362471,0.06889107136388065,0.0632164414244136,0,1000
1.058782371118496,0.4778482463630325,0.3678687752453117,0.10738961675971466,0.05452785295896923,0.06859658434696343,0,1000
1.116167139007234,0.40859737315657274,0.5825064238855123,0.14900350867134288,0.07844273053734603,0.07434825442810589,0,1000
0.7778310097871906,0.6205665290490063,0.5388186727227587,0.11371979339011222,0.05947266576711467,0.053024828663726854,0,1000
0.8676144988077085,0.533502332843749,0.5507052076173157,0.1482582756710029,0.08044121209509858,0.08003642661876086,0,1000
0.9720616013150541,0.5252607595908277,0.39999951086378643,0.10336351654157364,0.053531574963004896,0.061071442512675704,0,1000
1.2289562454865943,0.36424375457711294,0.5016671011921668,0.13509887427850423,0.06981137284461775,0.09279051766358092,0,1000
0.8257219676328185,0.5761399324180747,0.5383133240306825,0.11872521577272906,0.06357155751775698,0.057804640256133195,0,1000
1.031137367526431,0.4446221847342467,0.49211802781628144,0.1472095259921929,0.07816239095236735,0.09023501478311163,0,1000
1.054298072900994,0.4807101211924891,0.3869976471838175,0.1315204481257611,0.06503210111110477,0.08619841966254267,0,1000
1.2153409816162573,0.3981976355566875,0.4012019712979452,0.11562005429351828,0.058298781227787685,0.08069369145292365,0,1000
0.9504629796096715,0.55216001416564,0.5480028204729583,0.1416302437083638,0.06894693121179973,0.06541716460700855,0,1000
1.0731360337895857,0.4792464061611994,0.48683621613173084,0.12804196503833168,0.0634134469528011,0.06561000146720275,0,1000
0.8180318430544328,0.5774266072464644,0.5801734648246113,0.1324172092389251,0.07048277339916,0.05976635143411586,0,1000
0.8638904656157882,0.5738832173005771,0.541558342388917,0.13528551828309732,0.06889235204812535,0.0646271509113942,0,1000
0.9062898850353635,0.5213241055440462,0.4719398223645889,0.13571220536401118,0.07230590178416768,0.08395903363725715,0,1000
0.981744400739524,0.5112301336832985,0.4990549181623711,0.11512215812410079,0.05990782196894046,0.058316170383996786,0,1000
1.1692185121226422,0.4424866654706633,0.6505864786255332,0.1743923671924888,0.08463492160477114,0.07527604256228501,0,1000
1.2296835844026706,0.3856696548147199,0.4648958805849296,0.1348940383223984,0.06812489324186068,0.09621092662087956,0,1000
1.0459994691514545,0.5180478904961145,0.53931703353535565,0.14304709391921058,0.06819336292519351,0.06756413969070318,0,1000
0.9399314544321992,0.4952289344808598,0.34011837400345735,0.0986186627224884,0.054340567318563286,0.0694318340416348,0,1000
1.025387319298675,0.4576327548651601,0.40699983342586893,0.13867926273759087,0.07303375093904314,0.10246477196666987,0,1000
1.0136182374259608,0.4649616857235956,0.48154799875812554,0.13000906775066381,0.07086708813757245,0.09057957371114272,0,1000
0.8756316207887465,0.5531072431469057,0.5843809542480356,0.12930013528684073,0.06828139914909451,0.05784403624297856,0,1000
1.0361347006047525,0.5026244902960354,0.5154421846403797,0.12983632893836966,0.06484188352396406,0.06580735556298374,0,1000
0.7259769972636136,0.6202639161044488,0.5462621540041679,0.11316966051109592,0.06179138573630411,0.05235280400502783,0,1000
0.7786114000195687,0.5839550935683244,0.5642138207995535,0.13887141770914327,0.0764646410487217,0.0710685240135661,0,1000
0.7776661218560865,0.6024377338055921,0.6312190096710576,0.14983935746937266,0.07802710228799134,0.05980641008982516,0,1000
1.003410095121976,0.5025336158382983,0.5070385337937787,0.1674300759214348,0.08281107890615289,0.09504083629451152,0,1000
1.0346936902010642,0.48360726876326615,0.5042611031203222,0.13394688432822763,0.06812560961181272,0.07234896484029282,0,1000
1.0782049744050017,0.45779110548435914,0.41379869717911505,0.1317528479470063,0.06625641449830612,0.08508206862144513,0,1000
0.9575554399838079,0.5359994715451774,0.4789098304867239,0.11598640054373392,0.05837563366415293,0.055898665313173966,0,1000
1.2375855308029713,0.381316914648764,0.3773521061940388,0.10465980562775719,0.05429932846147968,0.08067468457075196,0,1000
1.1192411004263831,0.4825597161858219,0.5357298301878283,0.1469209149037958,0.06986711036656558,0.07282724573393574,0,1000
0.9757078545978524,0.5134827219163202,0.40513141460905855,0.10959454370757436,0.05764439221076039,0.07248915744438056,0,1000
0.7598546526233109,0.6022396060978927,0.5335780748335952,0.11351442211410268,0.062306915907568004,0.05528208501623904,0,1000
1.029535436436755,0.5071699601248195,0.44397585992671634,0.12196514868929573,0.06048261467272664,0.06943461121927882,0,1000
0.9533444076723923,0.4767271540274709,0.62780589348664,0.13890587413129532,0.07778044643834668,0.06499800210114022,0,1000
0.9719473646094026,0.51781689101004,0.34238504516735146,0.10984413729135512,0.05651103408086485,0.07738043927685061,0,1000
0.8292878213748157,0.6224454350257891,0.44344066006729244,0.09895831632639508,0.04866047066182965,0.04628332623306383,0,1000
1.0521447740019627,0.4787068894191908,0.6380464195623866,0.1655858971541842,0.08414959246442578,0.07607024854893488,0,1000
1.0486631958356902,0.49799359835153656,0.5016400980009936,0.15259522680974455,0.07336195052872774,0.07890221205875589,0,1000
1.102479067094864,0.4097041921233413,0.494784525731776,0.1399845084302171,0.07457152693607384,0.09458158886759471,0,1000
1.0646352200361744,0.41452529633234636,0.5074739024278595,0.12403183812826404,0.06965163415595065,0.08588631787074441,0,1000
0.9083120554695099,0.5675658675933296,0.5139531021699209,0.11896999218911232,0.05970427062232676,0.0552226854516437,0,1000
0.8603603341499191,0.5807259394762047,0.5493746863349049,0.11771968547397897,0.06087238081860913,0.05238846193220121,0,1000
0.8499601581501535,0.5638539786522055,0.5397414633536837,0.11522529404221558,0.06229779233904647,0.0559877067617651,0,1000
1.2331459313463171,0.40119203592526864,0.4821876217110632,0.1506482432079405,0.07309201134636577,0.09808167691177444,0,1000
0.980805326886029,0.5171910693338119,0.4996937963685043,0.11821353375021376,0.060678283489363403,0.06175229639450508,0,1000
1.0628539370304249,0.45251981759920956,0.4293298768463525,0.12722964702446465,0.06603834946162536,0.08567842203719074,0,1000
1.0704931842850858,0.4853449245204097,0.5237568711423188,0.15009310224654576,0.073296875701221,0.08140627192755928,0,1000
1.0099549941554082,0.47909180117993605,0.5024859454103194,0.12370381468111717,0.0653726923605336,0.06851652606201794,0,1000
0.8490196793378025,0.5638755564860639,0.5568964748824161,0.13351655690527509,0.07055548268044154,0.06393983841756014,0,1000
1.0678519794300363,0.46475394532851555,0.3510755116743181,0.11233550583562284,0.057583951977972066,0.08011084376222782,0,1000
1.0626369969733296,0.4567528444189987,0.5818144497484726,0.14903670087343274,0.07757900530157734,0.07873302844325268,0,1000
1.1831049210976983,0.3854168184119079,0.31652304945628756,0.10636913758657922,0.055773970144735265,0.09180544514079893,0,1000
1.0265655411985783,0.4885114830967483,0.5378372607978179,0.13334872203180842,0.06803738798305757,0.06657426517287891,0,1000
0.9772046645739774,0.5153270541377794,0.4811101360788772,0.12908739078080653,0.06688476731774194,0.07891031596189312,0,1000
0.9693692403282093,0.5540078988221008,0.5179339732156173,0.1279763184762654,0.06280887589775984,0.06440102349310714,0,1000
1.182141106383442,0.45352076142381587,0.5285270122829304,0.14566776898481304,0.06962761792056323,0.08015576283290916,0,1000
1.0980190249715887,0.46382316130199297,0.425448703422195,0.1199490175816606,0.06022454265817778,0.07608703467509545,0,1000
0.7925340470309158,0.5975539268867761,0.4953670316323149,0.12649874794159915,0.06613571237899844,0.06732308260932814,0,1000
1.070758482507558,0.4946633613400849,0.4671552590259928,0.11131874921267766,0.05537743027189444,0.05657321629978332,0,1000
0.8523685114365749,0.5586054838822601,0.5918136526055963,0.13871588283428982,0.0743648544218987,0.06630984217634639,0,1000
0.859047871580968,0.5542671224357351,0.5366833314727719,0.12897111068851502,0.06791574845775325,0.05972413362660908,0,1000
0.9603762460553759,0.5169060011863184,0.489378158690992,0.12426192079633039,0.06448295718926236,0.06541462165653773,0,1000
0.9696674755657141,0.48880764444593827,0.5740872359759729,0.15322913310966654,0.0812805061062376,0.08168623264118446,0,1000
1.0017491056268104,0.5061567832263786,0.56211281385265,0.15028329961333547,0.07593871831437453,0.07840894910588547,0,1000
0.9011929057798476,0.5004932515743645,0.5802579581587545,0.17538105972349138,0.096412681565003,0.09725686088868442,0,1000
1.2131608440342678,0.41193691546655986,0.3731346376596423,0.12194211579187085,0.059603519589169915,0.08612194564755027,0,1000
1.0390264898130057,0.48158131522375447,0.4010397296623678,0.10982350433493579,0.05664863882611522,0.06848262624321647,0,1000
0.9097447651749683,0.5581234125545751,0.5449259505374427,0.12722485611535178,0.06459733904562684,0.057297310135852646,0,1000
0.9099482211717992,0.5160775151573707,0.5600306640912254,0.12431023601332472,0.06811010939156222,0.0614446608559406,0,1000
0.9258109201680319,0.5285498935249155,0.5713445997428034,0.12883299734119677,0.06792618260796875,0.06036131487169849,0,1000
1.1617286935668545,0.43266036581766754,0.4349344086952013,0.1308067543900476,0.06566191638747983,0.09300825214312998,0,1000
1.2527227811052961,0.36187960953319726,0.3465308593543022,0.1175268292630248,0.0596026453338591,0.09741147469662559,0,1000
0.9989373423712488,0.4935016277152243,0.6115571171186821,0.15276574418494562,0.07873850654626,0.07010148559091459,0,1000
1.1173327743191974,0.4899574584335335,0.5777889659342386,0.16349584401059575,0.07560159019040155,0.06994123187316736,0,1000
1.0879113203524609,0.4850043362743642,0.46313765449868194,0.13327479064028824,0.06556311013071528,0.08212691058985717,0,1000
0.9834350713200032,0.5278019542789331,0.5862413898532189,0.15821593275669477,0.0779014350341312,0.0729137606837673,0,1000
1.0577090094242858,0.4970974573144656,0.4543239282143356,0.12348884831139519,0.06070016533725212,0.06963766999895714,0,1000
1.0571882106517732,0.45010946944673313,0.5251070759847571,0.15923745571734158,0.08280178670101904,0.09844937478045103,0,1000
0.9510772999977639,0.4662748212576194,0.41794539614296994,0.111245527781682,0.06269710464965092,0.07303400668704003,0,1000
0.9304348763317571,0.5083222747774978,0.4678081564942231,0.11728554694694474,0.06317098189460482,0.06683988157459332,0,1000
0.7418406101026875,0.6393737336893601,0.5353890321778946,0.1155057567068972,0.060314473158145726,0.05284846307949278,0,1000
1.048683692600734,0.4419151471632348,0.5053756256329164,0.13345203806245726,0.07076325288717328,0.07658433596301319,0,1000
0.9935175920648601,0.49985441200824193,0.33698054990721044,0.1030999778514696,0.05367815801448324,0.07080634238786865,0,1000
1.122915128724605,0.4068347124828538,0.333447097100557,0.13386351497308396,0.06993897200582666,0.11715125987714292,0,1000
1.017109077871761,0.5258257811508219,0.5000975848991677,0.12761710202897678,0.06300270374149027,0.06969795055337386,0,1000
0.8270265136717266,0.5701020099992503,0.5260495882066977,0.12585082539476106,0.06756620716162895,0.06545182924955217,0,1000
0.8151197487401307,0.594172905803664,0.4285581322823384,0.10956277829814609,0.05697714688896276,0.06154391551657937,0,1000
0.9197689143235742,0.5427225115600632,0.46799887171059,0.11614235388276714,0.06028208185896545,0.06367426298309678,0,1000
0.9999496005245846,0.471470203647421,0.3774783426782858,0.10462491420347186,0.05774327697560058,0.07998403134923851,0,1000
0.885814797620653,0.5418927556447383,0.5046961494666901,0.1280348221188865,0.06773103076054277,0.06905220196798681,0,1000
1.2616864939447907,0.3912757135375918,0.45314514211503987,0.1269830794499005,0.062253599467650265,0.0828484644209878,0,1000
1.3131506716156822,0.3435484994697137,0.39243176272648034,0.124288658672437,0.06160570086664164,0.09754682693007435,0,1000
0.8848691958761854,0.5681397467529191,0.5233897241773241,0.12507198294774338,0.06431913245436133,0.06443478645510667,0,1000
1.2047636037819658,0.37189114269760276,0.39173199927644103,0.11658174652624462,0.06135459910166672,0.09408473225446158,0,1000
1.3802665704373214,0.3101815155875487,0.2995831488721605,0.12355634649408967,0.06139785825681094,0.13456310660191698,0,1000
0.7252494337994567,0.634909161345003,0.5178181959791379,0.12047089211905619,0.06282684074223248,0.05677143393986637,0,1000
0.6048474465050824,0.6948742229783084,0.6081672875193873,0.12537016151254624,0.06556765496570446,0.05108269566025768,0,1000
1.1036650873069103,0.45255513757903626,0.45727220730040335,0.11585665474138887,0.05955101569901673,0.07021094594241187,0,1000
1.1878047981534001,0.3684535516857952,0.47000315907017387,0.13296600041077172,0.0707667900287631,0.10589997985846346,0,1000
1.0474523920479621,0.4764542509275513,0.499373117354412,0.13349041582810545,0.06720779873178222,0.06710106757635358,0,1000
0.8927352438033093,0.5220850136345282,0.47179666500175105,0.11937596910461126,0.06494941933258927,0.06833236206349415,0,1000
0.9514874551425024,0.5098333946296499,0.49018067192981113,0.11235474151978811,0.06108165364503612,0.0640388789029466,0,1000
0.9988768799223878,0.45251944558998897,0.38931403402457393,0.1163524914815727,0.06443615034156738,0.09005549521819883,0,1000
1.1616211072702372,0.3958268413805115,0.31856688060655003,0.10608057975192588,0.05629474363313842,0.0937877445299269,0,1000
1.0979168249767495,0.42498991382703477,0.33375376664428663,0.11162790662586741,0.058861764781376655,0.08851250581215661,0,1000
1.1591178574566947,0.4310239391607912,0.49548610758941325,0.13634568675254055,0.0684052813660636,0.08392622138676763,0,1000
0.7477479886257159,0.6244185016853503,0.5916197273876141,0.1360510627470023,0.07052150570212781,0.05773372690557954,0,1000
1.0323008928036532,0.4760787118649881,0.41181540676675954,0.12865384894604187,0.06618863851141282,0.08195115583775603,0,1000
1.1789418755339043,0.4314607609752956,0.31594703127388485,0.12481539515098188,0.0616397120278534,0.10527723246822328,0,1000
0.8242149008582479,0.6222295324702667,0.6378416866349733,0.15545243064583097,0.0743481775653252,0.05799976824101151,0,1000
0.8611414759410416,0.5645232061108033,0.5947970560031924,0.1459996577750444,0.07507448345502248,0.06390502183500633,0,1000
0.8330148883902021,0.5970740303469161,0.5577106416381353,0.13380577473595484,0.06714356911908155,0.06087110632836168,0,1000
1.0305937428920735,0.515589333644765,0.45076707905666796,0.12074184563386682,0.058749909413650686,0.06332550175112767,0,1000
0.9982988208324259,0.49048446213700875,0.4951379549980387,0.14199750338802586,0.07374273659541511,0.08752749253231963,0,1000
0.8879103868824266,0.5558667284261304,0.4831872111163872,0.10543930948324931,0.05572847159723655,0.051716234315141926,0,1000
0.9395214596911162,0.5167065080483957,0.5051450235940192,0.1425521325505171,0.07434196771531412,0.08117458483498828,0,1000
0.9386066307459453,0.5322645655204302,0.4306145372753779,0.10266925344851938,0.05392376030762607,0.0565990581330373,0,1000
1.0943573881728919,0.4694059569783824,0.39333363333352467,0.12966210779225257,0.06337801862484004,0.08355430467932261,0,1000
0.9223959516907326,0.5552093417269361,0.5583985694348824,0.13294267572043453,0.06697242585246045,0.06100805505627725,0,1000
0.9513573633920954,0.55547885842321,0.47133127736740354,0.12433296378336402,0.06098412189883142,0.06626737172831712,0,1000
0.9345035786299962,0.5134384176791297,0.47657834502090446,0.1254398458656009,0.0667166843691966,0.07341057741453179,0,1000
1.0178768488666612,0.46483400890447274,0.4618678655756218,0.1269586189551596,0.06860642869430819,0.08782987552653174,0,1000
0.867540958254358,0.5696179006602459,0.6028569657071219,0.1497936815027333,0.07552766918683543,0.06091900052041637,0,1000
1.244976901787489,0.42274600109340793,0.3983266030477983,0.11071866798159045,0.05391261747887108,0.07177017577064994,0,1000
1.1083105218566687,0.4773417072727273,0.5509967915191077,0.14722678387756444,0.0718039926614436,0.07586898742248355,0,1000
1.2295252548380502,0.3670883604698403,0.39019751067417924,0.1296022821609853,0.06610318790916879,0.10555107550789973,0,1000
0.8606014157304614,0.5697458792868999,0.572902278599194,0.127409911498173,0.06764938539189518,0.061423223232317574,0,1000
1.0028529250960825,0.5203976884853525,0.42057222453576476,0.1080404252857403,0.05383202525426814,0.05624401105161912,0,1000
1.0541279691566585,0.4867476751821985,0.5979606644533335,0.16026906330624194,0.07993711774183647,0.07622968150117111,0,1000
1.2376806390762711,0.34848473307485944,0.43370342671025514,0.16270012675133,0.08462252171255438,0.15867540966999927,0,1000
1.0449909988740813,0.47720926687274084,0.5032249099505453,0.12131940099765026,0.06306841103271447,0.06669137330114137,0,1000
0.8352483708535106,0.5961607797354634,0.5503233603729376,0.12436353738883428,0.06271334318672674,0.053841365542060954,0,1000
1.0708196118929145,0.41501212090318507,0.5099369159720618,0.12653639146863047,0.07084450560446165,0.0899143999627854,0,1000
1.2871264380532808,0.3655648882821578,0.3912883236439284,0.12156355914777736,0.060230064078465956,0.09141297207940777,0,1000
0.9094762992598316,0.5059354635970529,0.45902595337000673,0.10349245896472664,0.058274294691517646,0.05914685013857827,0,1000
1.3585258637270385,0.32086641787145354,0.33725272605250356,0.11060400520771864,0.05582784490038124,0.10428395167205833,0,1000
0.9793952273292562,0.5235795717239519,0.5558076685540592,0.1388103611385669,0.06937121404734618,0.06340830572923051,0,1000
0.8091637572854259,0.590924571619366,0.5088374117678985,0.11267039175656984,0.059561034759451716,0.05357948278322997,0,1000
0.7711985576278758,0.5753466124165614,0.5379658114144241,0.11931368070610988,0.06761659822458409,0.0606507122311647,0,1000
0.8308994062455183,0.5516980044984401,0.5579886280375682,0.13626418177313926,0.07515929013046808,0.06990760455781496,0,1000
0.9151763775062279,0.5661367319314994,0.6428248032398111,0.1583860006077796,0.07755506854961763,0.06091703850163332,0,1000
1.069826887776405,0.46591878224649136,0.48298133415757766,0.15885516061320568,0.07964606189647988,0.10254950206862906,0,1000
1.047520007955165,0.44901205924247783,0.4029469386478325,0.13316445131997223,0.0695497785690894,0.09371337670569174,0,1000
0.7822518080408404,0.6225070606875233,0.5483703894719174,0.12052570032519008,0.061592546304326104,0.054200601547266726,0,1000
0.95946818724605,0.527584882628389,0.5835444683365939,0.14739132155421544,0.07407806299503181,0.06491618856137936,0,1000
0.8670570364563425,0.5350048466361293,0.45256834058985157,0.1105937129307286,0.06120333059758772,0.06731833797469279,0,1000
0.8686667648863207,0.5569096533622679,0.5183184898321201,0.12691567447052116,0.06620329178885538,0.06258358492066082,0,1000
0.7257787362716651,0.6229508255152691,0.6300470504615837,0.14632200774980417,0.07786468426648385,0.0595588380070094,0,1000
0.9899268976625396,0.4956702748784035,0.42075412715099175,0.10887194562684667,0.057945149022740235,0.07035477881559597,0,1000
0.9061843759897931,0.5229687290301563,0.5509365813457295,0.1446705721946658,0.077582725177933,0.07755048824854001,0,1000
0.7771989973480621,0.6126051715437958,0.5661700886725222,0.1308110812559325,0.0677797124450904,0.0585031378365789,0,1000
0.9526090440325266,0.5025897677060699,0.4776003335963194,0.12996495983447812,0.06831020298500229,0.07300405187869578,0,1000
1.0239028174889442,0.47201251099048924,0.5561477329220066,0.15020388715191968,0.07832964577606798,0.0814014933118883,0,1000
1.1301134477338948,0.4522496878707842,0.5033299917923388,0.1302022961181109,0.06552295875835557,0.07550525559523567,0,1000
1.027933744761698,0.482018738456881,0.3865016794483862,0.10604587096067111,0.05508789255222591,0.06646199172499646,0,1000
1.0030058203862793,0.5041172384040464,0.5054501911083945,0.13493498706077797,0.06812141419283085,0.07789218173548396,0,1000
0.908223648323496,0.5221482074601392,0.5154877991549294,0.13805996650755242,0.07311639176212865,0.07285806041153309,0,1000
0.8034316489350323,0.6120460022816763,0.4772314193837556,0.11091790998831111,0.05644311554490181,0.05473187985918262,0,1000
1.0846597376037486,0.43911360557495005,0.30001638655004126,0.10951748027282257,0.057315870852059,0.09176017683065804,0,1000
1.0133696033108626,0.4631632922628474,0.48826905778840435,0.11939019018142334,0.06418467107754908,0.06955727118858092,0,1000
1.184443615409878,0.35788611023238626,0.38425532794689693,0.13091639531910088,0.070107973738246,0.12134502640531776,0,1000
0.6420394384516631,0.6717029503810428,0.5611822777009521,0.1022844518745903,0.055994178691723066,0.044584320446161035,0,1000
0.8729128041129283,0.5681387627645572,0.5236962422862571,0.1227844158143123,0.06315585253586836,0.05949849469630835,0,1000
0.9713315994890932,0.5047907939616325,0.4620620603157389,0.1285090202432321,0.06604235582094826,0.07061829566542392,0,1000
1.1081552202331633,0.4356861856679013,0.45746126682963756,0.12241805811849542,0.06324733793694669,0.07383214113027733,0,1000
1.111484078047796,0.4671226077394303,0.3833246754021663,0.10492116841457129,0.052630089748568185,0.06529639909752019,0,1000
0.7414358799854863,0.6266652982533972,0.6250025634934099,0.13489455418815674,0.07053254830793808,0.05298742455446628,0,1000
0.9941781342175992,0.5130750957210299,0.3653918296768024,0.10736778685712453,0.05471317869932691,0.06693944125385017,0,1000
1.0752903691130253,0.44003724437921143,0.4093480326790061,0.1231412739407737,0.06470499238183262,0.08968106496260143,0,1000
1.047844326058643,0.46484214602261786,0.4818596842765403,0.16173513670720518,0.08254628754720979,0.10806726177545792,0,1000
0.9241927446575404,0.535714038122201,0.5576275104332288,0.1339149671624173,0.06993057118708501,0.06677099646526335,0,1000
1.0247802928117011,0.46663517162434065,0.4267360302955865,0.11933706914236644,0.06273882182433498,0.0749003041777842,0,1000
0.9838877868628757,0.5053256213097644,0.502612227028107,0.13479836490157332,0.06898178235063764,0.07383251766805218,0,1000
0.9543540788720389,0.5122672402544639,0.6100905048277118,0.1423799094466863,0.07484426489863767,0.06358396285945754,0,1000
0.9088770260838342,0.5484587366731227,0.5576148577971118,0.14425057077313053,0.07333770940697196,0.06922558450747246,0,1000
0.855314589791626,0.607358249617877,0.5407972456337641,0.12949751524979033,0.06231036291843949,0.05569548192305765,0,1000
0.9785083386676916,0.4839243644073271,0.40094212918074273,0.10908104568924379,0.059161035045517806,0.07475518718838461,0,1000
0.8533914319408827,0.5710349504600435,0.4913403942716596,0.11967174552211747,0.06265022257235583,0.06383677535023242,0,1000
1.0505540704302823,0.44920177471810646,0.47773181004149445,0.12535160374850182,0.0664488275603743,0.07515547043838262,0,1000
1.284952022978257,0.3469807032301228,0.38216614268166976,0.1429888304051983,0.0709718542871495,0.12404292939088658,0,1000
1.1411276970110855,0.45151300548050816,0.44111290810939174,0.12618587160788927,0.062022560701457834,0.07610095191578324,0,1000
0.9914754122062206,0.4986028104186783,0.46030082757111407,0.12775040251633754,0.0655644765866733,0.07186244902344223,0,1000
0.9842443646231189,0.5088592203224199,0.5458957133851327,0.14661114546596243,0.07459960444920476,0.07416509781203498,0,1000
0.7167121207476191,0.6591105680931949,0.6840848789893217,0.17036572642974845,0.08341504791188382,0.058449746156087196,0,1000
1.082461798782399,0.44720808210899615,0.5838430376710545,0.15798332585292377,0.08183900590121415,0.08755673364309847,0,1000
1.013803371728212,0.47540497109744345,0.5567230044678926,0.14993573370009775,0.0787837787702494,0.08381798937571627,0,1000
1.1023371006115419,0.4500517821786578,0.429165613011251,0.11856104372712563,0.06110991996843179,0.07841577157822643,0,1000
1.1345696407354913,0.4295269402847589,0.4456595903460194,0.12019399475468154,0.06168725637880182,0.07646610284799336,0,1000
0.932714313763052,0.5026035571959785,0.5435916054325234,0.14690649083121374,0.07913853032183167,0.08437076566016724,0,1000
1.2524683480446348,0.40758152195271824,0.42329352983286733,0.13736311564237955,0.06605270422840287,0.101763099651458,0,1000
1.0531028311417503,0.45428705025980426,0.48366350444045636,0.11670820833889257,0.062379338809105074,0.06934777355255294,0,1000
0.9786177585849276,0.5263092794116734,0.4648005061812856,0.1281247846934366,0.0636516781453197,0.07091600011871521,0,1000
1.0128536756073998,0.48791217508952184,0.400043019945856,0.11374561452369679,0.059357014423364614,0.07656767693201061,0,1000
1.024755543960813,0.48836005640797525,0.5101972708633559,0.12999296514716532,0.06611464393472778,0.06600017905625909,0,1000
1.124585259857214,0.460360228279054,0.503614556845169,0.1281201108245312,0.06357985447739345,0.06895377941539388,0,1000
1.175043906947898,0.46860674497663246,0.516891793118907,0.14797114924646387,0.06933916249934836,0.08051436111957905,0,1000
1.1214782900173843,0.4458676687927158,0.5184155645188794,0.12497170674368988,0.06353707770768473,0.06509652955002439,0,1000
0.8486070250020024,0.6000102002802878,0.5662579545713997,0.15490765838352424,0.07553561879545154,0.06942950335145404,0,1000
0.8676251648197046,0.5426566545705119,0.452396984762157,0.10766767003296542,0.05846375204424642,0.05781621102902625,0,1000
1.1324326713040136,0.37571300808577424,0.40191982625200356,0.11244554697326081,0.0618748680462369,0.08905235286278386,0,1000
1.0852715699282331,0.4256223486558753,0.49515864109759034,0.13558148123337752,0.07239516248542613,0.09128894624290186,0,1000
0.9613986493694,0.5147720954008431,0.48962779589877653,0.1105376572646219,0.058303322871123206,0.05570814079097378,0,1000
1.076895261494508,0.4289894449658872,0.5663999601335631,0.16145028874800582,0.08490820595141607,0.09233375121918189,0,1000
0.9541690622502997,0.5022338621784876,0.4723201006036582,0.11734733866790181,0.06252476820409669,0.06460730288998086,0,1000
1.1025746926125266,0.47184339859654745,0.5022954537592177,0.14852985099801802,0.07134788302130377,0.08004245286316475,0,1000
0.9020564988680669,0.5990608418617769,0.5817694349193336,0.14405921909824282,0.06713939161288086,0.05711752001041265,0,1000
1.1228469052199401,0.4457257084201166,0.5152231103255587,0.13675012028318334,0.06850190744504263,0.0726332235782261,0,1000
0.6896152713972266,0.6649758697058509,0.5689143306267856,0.11696374508476458,0.06016608384502065,0.05024180277693203,0,1000
1.09932573969986,0.4835938973214199,0.42037811867232877,0.12017965533936432,0.05841284473065515,0.07131625738887487,0,1000
0.9274862093961069,0.5580724542228082,0.44157022843859856,0.11348553813129242,0.05640508831325844,0.05884286821228278,0,1000
1.051710218607636,0.4493184359441691,0.3284410451578474,0.09666918108959945,0.05190743341220082,0.0692297563409147,0,1000
0.9551805331627907,0.5382492419391671,0.5387930070955983,0.13080204590684813,0.0652464802147601,0.058760478568487,0,1000
1.0659651883320906,0.5034052441503011,0.40285330051778806,0.11735965287953078,0.05710186179590815,0.0694250833803764,0,1000
1.024332318183238,0.4881112049759556,0.35773125998965144,0.10592351717574383,0.05412470487295951,0.07043059773628298,0,1000
0.8488068154534243,0.5538832583695211,0.4780061021267864,0.11879056425586756,0.06385855293299769,0.06415241635894561,0,1000
1.1099230467919372,0.43573879926816267,0.38891139704830746,0.10919927094083974,0.057453227388157904,0.07952413136414475,0,1000
1.0590958678917988,0.5102404484606557,0.4796305688027618,0.14303265602608287,0.06848675252636142,0.0820247694603087,0,1000
1.1292403806131253,0.4415754976975956,0.3358466977786247,0.1105730644473144,0.05611791777131635,0.08329110262327705,0,1000
0.9844040317047269,0.5331029051613781,0.4924697858900425,0.1263129879904433,0.062215023562104406,0.06508079922082559,0,1000
1.1073330682202172,0.4436895050856481,0.43544270435623983,0.13223399138794062,0.06688117679188076,0.08697889340309341,0,1000
0.9955522300668724,0.49999688641534384,0.5111795659789372,0.13613294194083989,0.0690533549735308,0.06792743625749273,0,1000
1.0979797436303138,0.458729093447934,0.5603644796388085,0.16856285228572843,0.08309358458603978,0.08863753368969944,0,1000
1.0058852230187347,0.5041160504538457,0.48250554509241367,0.12194268315459841,0.0626914609243324,0.06931293315864015,0,1000
1.0971859234460968,0.4326353181375385,0.4219922822975837,0.11867204356718247,0.06248837006941295,0.0832917262650987,0,1000
0.8561524895908631,0.5784986096143012,0.5235765185244698,0.1295771887424527,0.06577473828060965,0.06156695078732736,0,1000
1.055702985023592,0.48725461492364075,0.5158709687757863,0.16070316631153753,0.07873059415019694,0.08982909566878974,0,1000
1.081016689439466,0.4312465697585493,0.5115911370274719,0.153293231961301,0.08049515482709556,0.10137572900331177,0,1000
1.0871951204678107,0.4639960431914017,0.4325525081434072,0.12698314520045725,0.06354047741369226,0.07691542468032718,0,1000
0.8617687497186577,0.5888904953728804,0.5299717713831202,0.13836588484816084,0.06798150596437057,0.06329404432051217,0,1000
1.101839408682666,0.43793280595611384,0.40599644221297854,0.1255502480327761,0.06436797573253503,0.08715431507408332,0,1000
1.0403164143143528,0.47884025936589125,0.5405474249119513,0.1327631245432663,0.0679185837565138,0.0645557193842042,0,1000
0.9372370290216789,0.5221778028217425,0.5016975927686046,0.12086377471395608,0.06389361825356527,0.06427295377497118,0,1000
1.0027284689705465,0.4957340309400099,0.4901493039557309,0.11840079741191266,0.06205961728913424,0.06702745630007033,0,1000
0.9951828068527288,0.4837255720238003,0.46605253225760845,0.11605218353806067,0.06174868482631644,0.06712941545755331,0,1000
1.088139431452918,0.44747027296084163,0.5214560115390183,0.14092384614768586,0.07262659011632319,0.08523388968554013,0,1000
0.9883274827917627,0.5021436687194196,0.5248933002390261,0.1281920994504271,0.06638387878634137,0.06686118104056424,0,1000
1.0803659915750432,0.4497221105383617,0.41689951552379656,0.1223250903115242,0.06383487016897706,0.0888424541464894,0,1000
0.9302389964738197,0.5956802690429481,0.6285129703755041,0.15296466659197308,0.06982004852111938,0.05414750928527768,0,1000
0.8909910147219994,0.5442414692247318,0.5176114951722532,0.11886145735073261,0.06296855727977108,0.05830406640197914,0,1000
1.122425815442534,0.45902761995806407,0.4024420408822106,0.12451651909678907,0.06167194070450233,0.08524709694641815,0,1000
1.0736660069979644,0.45532499548209693,0.45182033729089915,0.12314999284563985,0.06324563120342228,0.07146602871217095,0,1000
0.9213691832191729,0.5622688250570801,0.5162853711787826,0.13010067460851737,0.0650824550365585,0.06358714061214664,0,1000
1.009918323473068,0.4380197969809421,0.4567333432572063,0.12295321384735944,0.0686738084656301,0.08640377370243554,0,1000
0.8763553692275347,0.5318530007862893,0.5021788714489458,0.12783600282010102,0.06978322333466734,0.07253802645189206,0,1000
0.9273594188773681,0.5189728748696525,0.5288612668633478,0.12716990606552603,0.06770150534809873,0.06419129240828568,0,1000
0.9640486628047862,0.48341542809675425,0.539410703902867,0.13898374290226592,0.07587127952025872,0.08187965638465936,0,1000
1.1786862023609839,0.41380634318264425,0.43184627888555027,0.13152617440767916,0.06529684831354936,0.08586095386938376,0,1000
0.8962497091024052,0.5511551448129081,0.5176571741806747,0.12649117523986667,0.06528757016894904,0.05913537011777947,0,1000
1.096791069761514,0.4430882219250116,0.3634218672052141,0.10434443569458166,0.054332615936437956,0.07163931997449374,0,1000
1.0275085955225605,0.5238197476038733,0.516357027327132,0.12864809801816393,0.062055300622395816,0.05828507100394588,0,1000
1.1004705122038,0.459896383319825,0.4745845358509316,0.1279138717422311,0.06376290303889831,0.07024738131131221,0,1000
0.9865280510656071,0.5007419869282231,0.5696511167045673,0.15257833742954618,0.07873348013938804,0.08007567730388467,0,1000
0.9100111718244179,0.5878904206227917,0.43188267494653443,0.10691387473958092,0.051674780446937206,0.05216724753434166,0,1000
1.2957653993901312,0.3704540505099116,0.44493569355411083,0.1309148787076709,0.06397195777051358,0.08793280951058471,0,1000
1.3269187669510032,0.36126493996295483,0.35438899884369,0.11419126460338191,0.05571769395154307,0.09001940127274373,0,1000
0.7216114493540372,0.6125677595079266,0.43708134364507234,0.09979910587549874,0.05591672678447786,0.05570084127856406,0,1000
1.039070470278028,0.4755332588878626,0.4843599121879414,0.1456305863269571,0.07458129603000024,0.09379421138648236,0,1000
0.9556863725167802,0.5477399167116268,0.5409016500806619,0.13854235224880623,0.06792807984522733,0.06556571439743411,0,1000
1.3409383385657032,0.32942311145665515,0.383646939999444,0.14733523220663194,0.07406875665082881,0.1542468887083349,0,1000
0.9378932152093667,0.5665371250240198,0.4611330353027566,0.12314164317803686,0.05954214092938513,0.0641113515915569,0,1000
1.089579111301096,0.4377501373270891,0.5898483505145314,0.1443163914402663,0.07592828219025617,0.07543022898217701,0,1000
0.9133744183418774,0.565002940673157,0.510061300975834,0.13357296349234124,0.06558067319532063,0.06510769758987268,0,1000
0.8218606572360182,0.5596449355174931,0.464044478621824,0.10182596087970575,0.0570602752600152,0.05559152948414695,0,1000
1.0675621216301616,0.46700566939066573,0.4375515068615199,0.1342030109193096,0.06768807471901059,0.08481973602058566,0,1000
0.9609002898505609,0.5086758371071838,0.48702556454438056,0.13443254114278533,0.06986019304830264,0.07689518105565879,0,1000
1.082368975062877,0.44773328766648735,0.4708840090019393,0.1262338308163926,0.06453644862785442,0.06856243880946929,0,1000
0.9978574214390321,0.4512798630155734,0.41209221904993415,0.11521530196331582,0.06347857667880821,0.08153826281414218,0,1000
0.8920751073080645,0.5715456349944885,0.5009949843092095,0.10801932686231333,0.05583004464144381,0.053645162401309565,0,1000
1.3165291118856333,0.40585950923314923,0.5438690958253506,0.15729969904595856,0.07169708331800019,0.07887464045023755,0,1000
0.8922782111091611,0.5418517781382084,0.5259650542898229,0.12782596116854744,0.0675186920076273,0.06494788153457763,0,1000
1.2854436203786734,0.3682302705556609,0.34020722535142567,0.11950407043656243,0.05922332738928969,0.10194734176793828,0,1000
1.0047135730492214,0.4821998747416121,0.5170462960529062,0.14570993024041273,0.07580122860445548,0.08648058930362919,0,1000
0.9670564987626649,0.5689303694601463,0.48428077077222803,0.11847801594806577,0.057354531935038186,0.060405182166443784,0,1000
1.1724543816590065,0.40482382562070707,0.40118305427326106,0.11876247344087101,0.06106121677787257,0.08687940590976535,0,1000
0.9910671215805607,0.49490846364803776,0.5368098204581945,0.13102141665460526,0.06863594813100526,0.06857433369762272,0,1000
1.313947398117993,0.379774739693332,0.3754694350504504,0.12130763099658028,0.057678120484931615,0.08517961669728151,0,1000
0.6333153643884719,0.6612519255848588,0.5473322499443422,0.11495607849274736,0.06369230775193205,0.054035824174640985,0,1000
1.0195470567682179,0.47814282000052993,0.41308272515395816,0.13403208151340457,0.07016584839030698,0.09872360187128547,0,1000
1.0804511863131967,0.47544242681630633,0.46243649291390915,0.12490967325692458,0.06330969593134753,0.07746233997659213,0,1000
1.1017975711690295,0.43967391704720393,0.3927569632906046,0.10355764870586426,0.05467548913505451,0.07091502604904637,0,1000
0.9256183249140316,0.5471032970429953,0.4910541304626675,0.11703529895471845,0.05974067495743394,0.05833845772229618,0,1000
1.0249035043904966,0.4961424712918174,0.3483141038447297,0.10050269056233191,0.051183643947364674,0.06207419574870269,0,1000
1.1585167753341636,0.4317168495277388,0.3464660186769071,0.1207870610498552,0.05895745051970756,0.07941502770981071,0,1000
0.8604418592359553,0.5779131350485518,0.6280073899391513,0.14418403995669365,0.07263256530511512,0.054715151610110785,0,1000
0.9674043713197915,0.4566748786362605,0.46112125686313693,0.12952564968296032,0.07290540475880178,0.09055678853866002,0,1000
1.041752731615199,0.48187849160627183,0.466672269490764,0.12703925097572694,0.06530051387801099,0.07916508205176283,0,1000
1.0357058219118316,0.5027038274515464,0.5432938346993266,0.14332769972575493,0.07013059135883389,0.06738115958928892,0,1000
0.971757136143416,0.5329737818495851,0.6735649882820288,0.19248755570714973,0.09354507715802066,0.07349609215596287,0,1000
1.2974262731618698,0.3674578201008351,0.3216051887777851,0.1245796655707143,0.060803099377899746,0.10931600235368272,0,1000
1.101639226264143,0.44030002807544044,0.46166280415976724,0.12635782043951427,0.06521784816065716,0.07974792273056164,0,1000
1.0725139051286097,0.44552033266722557,0.3746105383698544,0.13507730005537305,0.069142180550988655,0.09917156403266758,0,1000
0.8961571301700794,0.5362302969237794,0.45009866082997263,0.12679772059518485,0.06676902356390362,0.07693535025180424,0,1000
0.8376769338277058,0.5723468690457906,0.5976186991944983,0.13836653902630813,0.07285792057946457,0.06422178072595068,0,1000
0.9352415068457232,0.5006996122786253,0.5044524479930121,0.12381618171804873,0.06804849896902007,0.07442382869518377,0,1000
0.965226787067738,0.5201314979598864,0.5052537960005676,0.13336969193757606,0.06751072925766509,0.06814385259572507,0,1000
1.3514348118987798,0.3117397199792262,0.3681380828131561,0.11920585867760308,0.06048083170443048,0.11173182729133377,0,1000
0.7761759650674994,0.5752407620525154,0.5498020764329006,0.13502913969517766,0.07494989799536848,0.06874818315009605,0,1000
1.0892252139567922,0.4766258761812231,0.41575712654584884,0.1250027246581824,0.061715281716670074,0.07821992986442984,0,1000
1.1400667192899587,0.44697145555369255,0.5493874926056409,0.13804260621583742,0.06879249320501478,0.07016440897187849,0,1000
1.1608229691787175,0.4075935476142447,0.4405707366653582,0.1316725276305872,0.06792095934768366,0.09584178295928329,0,1000
1.1247982698285726,0.42282770943050224,0.5877743262888684,0.15480203591109032,0.0793339153725948,0.08011758183798257,0,1000
1.1550890009189854,0.4447915945727235,0.36381858847245874,0.12691184073247055,0.0615899601113449,0.08890466859542447,0,1000
0.9835494726626602,0.4830152350019138,0.6024222312684379,0.14870606692949698,0.07914357012954593,0.07083095378525964,0,1000
0.6879459125036336,0.6485735416752751,0.5794598254357274,0.1276403299216356,0.06699208699766153,0.05580980550592787,0,1000
0.9208870587088354,0.5933076795232451,0.44991711526940026,0.10496677359130656,0.050092112526203596,0.04789197420766136,0,1000
1.031783783480956,0.46671997818406447,0.5471194133134978,0.15299824525625444,0.07974904728665673,0.08771729387519718,0,1000
0.9668930446414129,0.5297182889758554,0.5554449288713822,0.1357050769769863,0.06809112641213366,0.06180855522518087,0,1000
1.085985569808236,0.46482971575347787,0.43118789322124546,0.11984990666076765,0.06197991605096004,0.08210114330446795,0,1000
1.0972025913859433,0.47635765451077056,0.3363734662791408,0.1008285443158753,0.049905602676591304,0.062065915206716955,0,1000
1.02493695166565,0.5081279242486216,0.496637984447099,0.13685944191450494,0.06762061086152217,0.07263418015643418,0,1000
1.1935771468320144,0.4167515278203101,0.4123247417225358,0.1630585150719624,0.07973658641761788,0.1318986794466455,0,1000
0.8708416418024751,0.5544865460920703,0.5027420788179826,0.10635591275429811,0.05806004265714012,0.05601569960741714,0,1000
1.1021751539587328,0.4781041613071314,0.42882734409142026,0.10911514726645483,0.054077045114238984,0.06075789220973784,0,1000
0.9828134771528981,0.48770148460036095,0.5177307638246887,0.14140706519222848,0.07394898805030607,0.0767570598783632,0,1000
0.966224247356666,0.5315641116314119,0.45795415640379666,0.10947022342231176,0.05669732395795945,0.061156058834817534,0,1000
0.8019967387163556,0.567548719474582,0.545417803324359,0.12056742707816952,0.06734938328871704,0.06131922596533302,0,1000
1.0666725246059265,0.45961083693264043,0.5684874358936001,0.15194979106468115,0.07827275160176823,0.08214837902497421,0,1000
1.13625594556174,0.4761741477805271,0.4993654009613175,0.13989388012154946,0.06705123531862937,0.07879025932273957,0,1000
1.0486833532582667,0.4859313807296381,0.3755989750993505,0.11158217245972904,0.05643661228564592,0.07250572738371805,0,1000
1.1408363587190729,0.41051702555066805,0.5167607922279939,0.13987839808864422,0.07204095877222605,0.0818841387297316,0,1000
1.0694028877592208,0.4604069463212528,0.5473512974423512,0.14886407656208686,0.07635193818862511,0.08228866753170223,0,1000
1.10383395759835,0.4498479558671656,0.5226530003786851,0.12334047631445214,0.063738452220915,0.06615955810135558,0,1000
1.1298050148681518,0.4491614818144176,0.5721077704964536,0.16686381215100296,0.08212760021366967,0.08883703980985747,0,1000
0.9904828200941994,0.4733081887128989,0.6423087359025011,0.19452696882923,0.10357829688774958,0.10308641347360545,0,1000
1.1086236165785202,0.44047562995434225,0.32585420473906646,0.11612983709564818,0.05977783140612382,0.09464964806000478,0,1000
0.9992976874249078,0.5231897855337931,0.5627493672099,0.1533955344624202,0.07453638749101485,0.07190083684392688,0,1000
1.16977431121335,0.3997377001713771,0.36433084488773554,0.11148394355322645,0.05865128360926442,0.09200488342709906,0,1000
0.9997227249383959,0.5145011540069498,0.4781438144984095,0.13039279939993317,0.06473470955942291,0.06959143724648423,0,1000
1.02123393788039,0.4846778829362899,0.3403221755833954,0.11272894032734466,0.05864141915948405,0.08419318751456492,0,1000
1.1697991846052886,0.4676080980229061,0.5156473561902937,0.14535136083770764,0.06767698856548458,0.07403317312520444,0,1000
0.9248363657227222,0.5256372747538023,0.4534099442674101,0.11932777314042452,0.062461125591169814,0.0666527761545287,0,1000
1.117543716438231,0.41327171620233594,0.32942447444768863,0.111776692018243,0.05916793336108391,0.09353886172182252,0,1000
0.7912909246938825,0.6161402416335928,0.5153271266253303,0.12055313504530558,0.06067414004549023,0.05405693209029063,0,1000
1.0045657114134579,0.5117606125249381,0.5392242055365063,0.13575617681052335,0.06778396185108317,0.06372509815535964,0,1000
1.06519416617298,0.47994154676621376,0.4845048155612235,0.1315696456886112,0.0663048248653321,0.07867313038921635,0,1000
0.8406298106280345,0.5699714918992677,0.6049889768627918,0.14029910568553072,0.07375176164774334,0.0598517551605032,0,1000
0.9370371694894101,0.5152785777411877,0.5536125665022819,0.13485582823049624,0.0714635731583798,0.07133175743528347,0,1000
1.2999098958473398,0.34224320304539196,0.2438373728674706,0.11318297449895867,0.05698576835142026,0.11742564497711676,0,1000
1.1818433588358828,0.39377419564419264,0.25024144213911137,0.10257661303092162,0.052472808352304286,0.0839144943725309,0,1000
0.9212464272716269,0.5188961905619601,0.3844191284287962,0.111471679078157,0.05936176841675618,0.07104463925717212,0,1000
1.007686583894897,0.48859315938627634,0.5900557591217515,0.13690080162839488,0.07183457530106306,0.06605190053175428,0,1000
1.319156576970024,0.3347196506879117,0.28342896307828747,0.11615179148670267,0.057820511485280154,0.11165205076437575,0,1000
0.8825793704564958,0.5464303411436114,0.5457625361922704,0.12151352715369444,0.06493086529196251,0.057941021182075836,0,1000
1.0685216981212164,0.4696614517635192,0.4920780503028108,0.1304746357619945,0.0666817523679094,0.07790670671145417,0,1000
0.8906181156363993,0.576748336552065,0.6183885142452766,0.1394958260226952,0.06939539662630245,0.054195466337904306,0,1000
1.1525069852222967,0.41316707632008015,0.5133745343495659,0.12847660942969308,0.06652032687917771,0.07290933845370154,0,1000
0.9282094243702507,0.5456574393793687,0.46397136945574746,0.11204967607111425,0.05723676643805018,0.05638025741675964,0,1000
1.3405821385031564,0.3238459611358535,0.446940878900996,0.12641177875386758,0.06402015800630792,0.09988711432423301,0,1000
1.1042533741644982,0.40053490817858173,0.411722153762208,0.11853868696228112,0.0642144690512641,0.0879396480987915,0,1000
0.7954559187669622,0.6185329630000518,0.5456678604402395,0.11266569051065957,0.05775332645939916,0.049298081181119786,0,1000
1.2057510024634424,0.409007082901254,0.4400662065232409,0.12467952405898926,0.06224322404620415,0.08144988966463243,0,1000
0.9332953753692448,0.5607100902375507,0.4932897173485645,0.11735682551395757,0.058426841370575716,0.05717127517924349,0,1000
1.0590787429720057,0.45058430446890474,0.4475919351236474,0.11490307418910385,0.06062104425545383,0.06791052802714405,0,1000
1.1255073641205544,0.4344901532773853,0.4389967912617216,0.12436816594447735,0.06376852266459328,0.08331746792979626,0,1000
0.707616206658282,0.6454024213446216,0.5986820877297925,0.1322626514836203,0.06840892899972821,0.05320977879739672,0,1000
0.9330133073755218,0.511521456893096,0.4585721026380204,0.10907233949628123,0.05924033834754826,0.06374446645082955,0,1000
0.7531646373185988,0.5915664191193561,0.5561083794542597,0.13229875354739765,0.07304303905589594,0.06782980051185887,0,1000
0.847296622393655,0.5743183585519558,0.6437338155800663,0.1664844429976096,0.08543056262761439,0.06942254394027952,0,1000
0.9860511914891276,0.566310779290818,0.6137170491152023,0.15180812846528507,0.07046658269077606,0.05948062296729333,0,1000
1.0450328527942192,0.5131764398977812,0.49694194657263585,0.12481014690293575,0.06045974968361001,0.06091497331088709,0,1000
0.7934609578202312,0.5754058566406268,0.5748452094387495,0.13275423607624628,0.07271624618151472,0.06296818480639499,0,1000
0.8588367403240675,0.5654666352007834,0.5456114720285434,0.11851586034173293,0.06282138590123604,0.0554245851299418,0,1000
0.9117485790583921,0.4974411365484746,0.5914638576273381,0.1452877691307916,0.08024941328909196,0.07091234728024147,0,1000
1.0226995113715858,0.5020850921268362,0.5393674060635778,0.17153329146228244,0.0846289043504938,0.09441709001785457,0,1000
1.2334581668217188,0.41555766891099916,0.49012488362557666,0.15926976575492188,0.0752476816589933,0.09784615166378846,0,1000
1.1219771000780863,0.480232795969822,0.5013038966310863,0.13813550203341102,0.065070938917854,0.06540007826262667,0,1000
0.931683445804923,0.531568533344854,0.4994339843444259,0.13346657813269208,0.06860548302611068,0.07034981000000058,0,1000
0.9060722112331047,0.5428274322169913,0.6199651845232821,0.14561356867977573,0.07551125738661088,0.06229064580304048,0,1000
0.9593629095481462,0.4887052518653197,0.3524557526001737,0.10685436238190803,0.05795254498966333,0.07678570816737927,0,1000
1.1298727317972972,0.43794770450669446,0.506796348151252,0.1477032213260915,0.07414412830663178,0.09310033830770918,0,1000
1.1443159557284395,0.4640110561856388,0.45714729782511954,0.13565177762383013,0.06505127362971919,0.08023561737384566,0,1000
1.0074770431094353,0.5190777407619731,0.4159319737109888,0.12653847159352452,0.0624528609414462,0.07944804124589867,0,1000
0.8454325454000914,0.574803502488928,0.5460078715355263,0.12758710043575833,0.06636019292974638,0.05909347637082259,0,1000
0.9174821026598937,0.5611247312126687,0.5630362541919594,0.14694020415251047,0.07167392328856242,0.06232250134153493,0,1000
1.132850458345984,0.4427524499244211,0.4349898191348699,0.1341567385791937,0.06713956992843073,0.09244255490717049,0,1000
0.9556100637240859,0.5374687034989539,0.5666745168439142,0.1380040133955922,0.06988250579234287,0.0663813698657864,0,1000
1.158566124190656,0.4192304667045593,0.3754939462035975,0.13417994385106585,0.06724416178424936,0.10380752741062749,0,1000
0.9700059058243292,0.5085235866293322,0.4972281268500926,0.12224257796669334,0.06420763749890226,0.06876332062138002,0,1000
0.9942675877679281,0.5042629330016244,0.4588744725251119,0.1161224501806311,0.06016038985431008,0.06643709569579323,0,1000
1.136076406646237,0.4351218773427561,0.40379160049876284,0.11646787649759001,0.05941603677787545,0.08077627548203296,0,1000
1.0127680008780229,0.4723382813383666,0.5092035255996208,0.13317367141830838,0.0718662271204638,0.0870215014439764,0,1000
1.1231215156801604,0.45183814190092214,0.5464018678793493,0.15427566534509207,0.07663377540707236,0.08817237496727537,0,1000
0.9011329954618906,0.5652339572155755,0.6528973115000278,0.16739906253999487,0.08228877805553354,0.061898877077653874,0,1000
1.267004700830654,0.36450300882545333,0.4401769742621962,0.14289526845899464,0.07154113376747823,0.11475058804762604,0,1000
0.9898450871036981,0.5050000064491158,0.5801034351124623,0.14213165351755833,0.0723241108778511,0.06348510633227973,0,1000
1.187040133097664,0.41037280363747863,0.45609441308034987,0.12416141125385893,0.06236500152395031,0.07375596248717484,0,1000
0.8148822551001645,0.5758725458264539,0.5224290945356062,0.11941163983023813,0.06457851266843256,0.06105624473293253,0,1000
1.030089754783678,0.4799035797816558,0.48541457241831254,0.12718198496376942,0.06529988441908878,0.06921390192479743,0,1000
0.9288672617263312,0.5589150274797289,0.5360143712498018,0.13546125639068532,0.06676614858355737,0.0628106346529364,0,1000
0.9985961566575511,0.4926641972581002,0.45604583192422526,0.12095230569584217,0.06322455760738353,0.07332315837211305,0,1000
0.8989348465811736,0.5432642985388538,0.489699548528685,0.120281767912471,0.06266717008518022,0.06293255849804076,0,1000
1.2188021009058279,0.3729190089608477,0.422985989620375,0.13453459868369427,0.06908279852698254,0.11062788326728208,0,1000
1.127477731274683,0.4436532057764568,0.4645001103838778,0.1366809547399217,0.06878496506196205,0.09018564086460001,0,1000
1.3112239063194722,0.3727795749907137,0.4322497285695106,0.13042156315026224,0.06291060386165936,0.08870356345926035,0,1000
1.1233979239965637,0.41814963558959145,0.5040405539637992,0.14029763250964022,0.07308169812524046,0.09204304666626988,0,1000
1.178828948543801,0.40547262930546274,0.3904850638838504,0.1286869596796217,0.0648948731817598,0.09515921392367496,0,1000
1.0978191649411038,0.4563251628926,0.4078970551432452,0.12309506945442579,0.062152353353270004,0.08234026661928048,0,1000
1.0771062941080476,0.4688340182721866,0.4378186503339086,0.13065823168541707,0.06503538814323412,0.07912007348884048,0,1000
1.3176145240613637,0.3352454098203995,0.22311483505403584,0.10526251955634768,0.05315450269819057,0.10947949054079062,0,1000
1.0041491620005867,0.5076945919519549,0.5402475567801563,0.12724992076687114,0.0655518611167096,0.06466813128564293,0,1000
1.041688772404428,0.5143828502706671,0.5085449886142227,0.14439881087718098,0.06962561815610192,0.07827372307263875,0,1000
0.9475755717771726,0.542784122238521,0.46657380509658936,0.11173403369346266,0.05629683933880509,0.054165216937467675,0,1000
0.7606789005480331,0.6130998079464427,0.5369286328086595,0.12265362206480636,0.06518191879912104,0.059659902204642935,0,1000
1.091686865428626,0.46097679707695083,0.5152120870885133,0.13920066044070398,0.0701932621612114,0.0799160375735884,0,1000
1.0222230774083259,0.4923012751704253,0.4728988658553878,0.13511790353233274,0.06876383748817717,0.0831882435218514,0,1000
1.1944306293472937,0.42421884487399514,0.43639631677193436,0.1240766584570076,0.06089180276105179,0.07698269391119245,0,1000
0.9531224284653916,0.5394458501690549,0.5180551881904968,0.14280372956538348,0.07177402984228327,0.07893989483967286,0,1000
0.9701534600653977,0.49778372161905515,0.5184413447087758,0.1294859240810547,0.06834425273457988,0.06951435067252877,0,1000
1.043485086851908,0.44796652894442385,0.41963533399528535,0.11925686445662782,0.06404319953364841,0.0808507165427265,0,1000
0.8594109664689787,0.5734168594643989,0.5510927209455986,0.12874106741718117,0.06627369284404404,0.05976853994695033,0,1000
1.1088849773750118,0.4207017347005187,0.5593809887766303,0.1500885185772378,0.07891225137715277,0.08947676516910731,0,1000
1.071374993982263,0.4666068776762701,0.500698490847868,0.1284707973905186,0.06511769782119062,0.07018845954991348,0,1000
1.1535829787449525,0.45528597428157674,0.4449427217454833,0.12106826900607134,0.06015407052393856,0.07522686886292576,0,1000
1.1546030944038792,0.4198444102967322,0.5959310574527291,0.1563340987042789,0.07880727060136991,0.07588745849660357,0,1000
0.9391275773127221,0.5380373980237512,0.4604677953292562,0.10020250215629019,0.052615778029830404,0.05132491005066047,0,1000
0.9972932918999827,0.48421747665998194,0.5055546607990751,0.12541226451971182,0.06586936870860813,0.06475166915925851,0,1000
1.0450302926826684,0.4689829213007217,0.480692382862915,0.11753214345253298,0.06155914694606776,0.06465583877848043,0,1000
1.026021808525171,0.4763516272782878,0.5441369853219028,0.12704520990379511,0.06707585515385169,0.064536088586832685,0,1000
1.0115904199028207,0.5217360681477253,0.42459770716583123,0.1173219584308492,0.057485926675299746,0.06464290277542023,0,1000
0.981012582593532,0.5048829715757203,0.4768510465637773,0.12143140772308707,0.06338931494529418,0.0698880993990388,0,1000
1.1009083689118977,0.48179250554931186,0.5134235908238733,0.14865177651337244,0.07031143218584432,0.07178897062967249,0,1000
1.2054500472902032,0.4154807426232599,0.48092855455719763,0.13736473205779814,0.067522434116484,0.0857808151656281,0,1000
0.827538354936506,0.5447677542375452,0.6004471745594011,0.12631099991034656,0.07185065432717586,0.05931584353838953,0,1000
0.9537452539210437,0.5386455648180977,0.39886357978483283,0.11777252359312795,0.05904299803657242,0.07277096400427713,0,1000
1.1272591453086471,0.38864209710009,0.457174491597604,0.1309438387092625,0.07087182411473941,0.10037940981255489,0,1000
0.9106971957765237,0.49123921935156395,0.419228170536098,0.1096570606282011,0.062413507596887775,0.07624054906215828,0,1000
0.7778301272326109,0.5689514750994509,0.6078261413063676,0.13361500094665896,0.07563046176957079,0.06101372414838815,0,1000
1.087351394049429,0.5150183214454995,0.5468553067813205,0.17145327570071744,0.077522379379579065,0.07746243396991968,0,1000
0.9364108965926008,0.5485912060623349,0.5554982151229951,0.12224333457869717,0.062135286325004584,0.05360896946938718,0,1000
0.9881029121403222,0.5160423199273066,0.44505013556900797,0.12035733705768752,0.060980852562071475,0.07048190098764805,0,1000
0.8065993847445161,0.6090552255030848,0.5056458561561602,0.11421424255340201,0.05829180654796741,0.054576239404352946,0,1000
0.862771020087005,0.587464354641444,0.697235199596366,0.18431284305876544,0.0901839783288904,0.06217795666162789,0,1000
0.9438872042021004,0.5320324047383385,0.516379631985378,0.13099180149323067,0.06625695439395154,0.06204713218097978,0,1000
1.1548184335648395,0.42775126254727386,0.43881982970206096,0.11841569190994293,0.06017161882620543,0.07539252004134235,0,1000
1.2451394185346498,0.36173756971942683,0.4712119447351386,0.1466311477573874,0.07408192416599692,0.10600528308130057,0,1000
1.1365029572638916,0.4305594680451935,0.42891056815994116,0.12653363849458132,0.06509410125517304,0.09246345124390504,0,1000
0.8651780283289108,0.5941998491702972,0.5724946643985591,0.13415963088824648,0.0655609033757061,0.05480521069137694,0,1000
0.907352219984575,0.5339293354069964,0.5389464630945356,0.12623543998310438,0.06720975972546368,0.06481149769901064,0,1000
0.9830888219118861,0.4920049667937229,0.4889530290132435,0.13475855655893568,0.06990274544130852,0.0756876415630663,0,1000
0.9281055794860191,0.526672155673024,0.52353299097727,0.11978515509329078,0.06335072215616548,0.060065171389744626,0,1000
1.0962296117657528,0.48761547151674356,0.5557310737075422,0.14245791046239567,0.06932967119509131,0.07116855727968788,0,1000
0.9217490957666359,0.5083493502178587,0.46942338696495517,0.12067163539462271,0.06536297010464523,0.0710886629715234,0,1000
1.254713333136028,0.4054826720965763,0.4239420874889752,0.1253857775274724,0.060001870654477735,0.07591483717518971,0,1000
0.8792198043343576,0.5267586144945074,0.5317075757879494,0.12298531349689262,0.06718358689893482,0.05883529528371769,0,1000
0.9563015851824175,0.5568397148279687,0.597828240363226,0.13613446660163192,0.06577063272879895,0.05141683041352438,0,1000
1.2682098575504004,0.3914154575148815,0.32730412404892234,0.11354647528331031,0.05490722925563108,0.08302995857889262,0,1000
1.075001868131222,0.4353146821973824,0.3049885213214531,0.10358186630362769,0.05500521382373111,0.08134084568226452,0,1000
1.136398348489212,0.44425719082798054,0.4677109864956986,0.1525388675654193,0.07691653381840606,0.11235141241240248,0,1000
1.0709736298612125,0.46420001163091723,0.508152851088901,0.13682660566571037,0.06967925181515779,0.07922472260817483,0,1000
0.998616750664512,0.5058688944489211,0.3916078356365241,0.11733397063519052,0.05924862971440602,0.07259158114816677,0,1000
0.7750378895222755,0.5827187598986,0.5924657347619715,0.15279105582289576,0.0828839368489456,0.06806825037117972,0,1000
0.7831025818687115,0.5824454962892205,0.4796275087636584,0.10427952150391655,0.05903709795774956,0.061586613625845416,0,1000
1.0378029208354864,0.4781858900463128,0.32826284884423784,0.09843523251926176,0.0512470756585129,0.06646728286076628,0,1000
0.8653446245346283,0.5230134231574041,0.498140879043419,0.12330927426128335,0.06910719731186261,0.07137918668033838,0,1000
0.9493764720567743,0.5344419098375948,0.4827553872185536,0.11033012880923952,0.05727544308260643,0.057157586027331876,0,1000
0.9333414324920601,0.5553611760577877,0.5987905341770636,0.14677107185555097,0.07225577206570466,0.06042991482698612,0,1000
1.0877672391446915,0.45364526034547736,0.515561919113844,0.14178415117904578,0.07268393665016244,0.08588446370861484,0,1000
0.8048492270874382,0.5687260622290732,0.5039663642407248,0.11434573780888098,0.06324094779263037,0.061390133748277176,0,1000
1.360932927167448,0.3317508598096631,0.4400362240883674,0.14806854402816558,0.07142137145284227,0.11465241672080527,0,1000
0.7612978120280831,0.596008963580258,0.6055984101256578,0.14170986288375903,0.07724162091809748,0.06387242429630377,0,1000
0.9981594025591358,0.4847814109640521,0.5124411870890312,0.12374080861069538,0.06601712682223974,0.06984975029029698,0,1000
1.2456211592968933,0.3790935849207047,0.43322707955823536,0.14054511541579712,0.06997302828992626,0.10832672470742703,0,1000
1.1092128245694508,0.463389548033816,0.5414585247222019,0.14003514522442348,0.06911019409022315,0.0655208772740209,0,1000
1.0502307513937235,0.5065640947054203,0.42654580520123025,0.13682199001445083,0.06595216795344669,0.08480841630361935,0,1000
1.1130689800965752,0.4425896362566261,0.5506754799553473,0.14605994299021924,0.07559652853684837,0.08669710535096006,0,1000
0.9640785521510797,0.5076279482320115,0.44448499755103565,0.10909647226732906,0.057833137231464514,0.06289105688135646,0,1000
0.8544687542112003,0.5575848202484931,0.5157708830928579,0.12326284507808635,0.06580363958221035,0.06245599462890573,0,1000
1.009642168671376,0.5346110406134078,0.4885442844995492,0.13878209828273333,0.06598692585328235,0.07239456077432414,0,1000
1.1315710774083163,0.45626230954926444,0.44748500991322143,0.1323515442989048,0.06479911823139031,0.08183515015813712,0,1000
0.8711633487259575,0.5554428179265789,0.4882860396585319,0.10643171021133352,0.05727942784606787,0.054932464192773645,0,1000
1.1931028601110816,0.40806467369889426,0.40750739770384686,0.12250188090779536,0.06156719282327049,0.08694228459881834,0,1000
1.1620216520145925,0.41710096208817904,0.33553516988112325,0.12961531310496793,0.06437032398994381,0.09997344485386882,0,1000
1.2234991514983247,0.41495797223802844,0.44681914973530823,0.13843350768156473,0.06720778452373269,0.09350472581862707,0,1000
0.9735427360194028,0.5099366487440766,0.5231041625907874,0.13778381200011938,0.07045101810883486,0.07138886638685094,0,1000
0.9436171275824505,0.5214416099848739,0.4463616972871416,0.11215198996458542,0.05968574348755881,0.06884449723725013,0,1000
1.1116834634965047,0.45485550136806435,0.3506360562632664,0.11069371170355669,0.05537308684503524,0.07450577942742331,0,1000
1.1719735291334765,0.4151821554964323,0.4302170262854009,0.12767588468744706,0.06487008667940201,0.09235525093224331,0,1000
0.9707527563004574,0.48740207157985516,0.5166168890300288,0.1386554810948333,0.07386033332021151,0.07825857751521645,0,1000
1.0820307486529996,0.4634165628896386,0.5012227184198782,0.1251300817262855,0.06345259166540747,0.06426701452508879,0,1000
1.0501521078416984,0.4758730687778276,0.5223121044339074,0.1465941783908558,0.07475982334297454,0.0869428449981525,0,1000
0.905666989955379,0.5529758419334804,0.5897774070599766,0.14874946865687338,0.07474309825659432,0.06342418151457307,0,1000
0.9124805806617757,0.5497655013839061,0.5211154271248921,0.12438912620954283,0.06376153734580005,0.060444657367946596,0,1000
1.1602881469827773,0.39857361688677717,0.4368508843131743,0.11384563407673742,0.05937718491341143,0.07706092472375667,0,1000
1.1570883556816565,0.44366178883989815,0.4744998340548056,0.13008526835811854,0.06429252649563796,0.07898230200835196,0,1000
1.0018923875776857,0.4975808398734998,0.5066174559840125,0.12097431911292038,0.0627989052691034,0.06309496724754034,0,1000
1.039330212171185,0.482134682221629,0.44993649246003914,0.11947505091751355,0.06060350928391922,0.06667526843325773,0,1000
0.875109524253705,0.5453272017166257,0.6110769708777423,0.13932681372489553,0.07408028705405877,0.059394471434927536,0,1000
1.0856959328388456,0.4738456913927762,0.4969698217274932,0.13414055705113712,0.06700178586830285,0.07689659523888938,0,1000
1.0617106444951805,0.46689636404693513,0.4344745246001318,0.12332458461987975,0.06282395709793819,0.07545799580748629,0,1000
1.1317539871455595,0.456476200670711,0.5272034782226759,0.14011729679079438,0.06860793331057255,0.07326419420477052,0,1000
1.0584948050500542,0.4745935581318775,0.5833256496531096,0.1635220840689454,0.0829255591190499,0.08721022766582376,0,1000
0.825351852816953,0.5554969800463238,0.5370625467777723,0.11785579165023208,0.06582338440530708,0.06032606827256529,0,1000
0.9088627828602441,0.5585776422054946,0.4941409425457396,0.12261900635614746,0.06271113046707978,0.06472532231850055,0,1000
0.9806332440736129,0.5004599425977587,0.6183651228641478,0.15902663938106693,0.08164930089529258,0.07309360358544399,0,1000
0.9570347330591316,0.5126278009155374,0.563401164051967,0.14032608841861216,0.07323013294243494,0.06922763502776966,0,1000
1.0976280377891983,0.4558118076694482,0.4543112838650648,0.1261158296581204,0.06412561851150633,0.07981051634466048,0,1000
1.1259889978900375,0.451913715511898,0.5616366718348799,0.14787107075186004,0.0740802220443291,0.08130873588887226,0,1000
0.9676383156369505,0.5442201971835288,0.5305413672976522,0.12773767980296638,0.0629779725221813,0.05924656587988559,0,1000
0.7744246762550732,0.6117413818983185,0.5280449515457528,0.1095500250623421,0.05792744309672705,0.050871431351183154,0,1000
0.9608714720293606,0.537012688030215,0.615613896537562,0.15713461422292596,0.07746503800006069,0.06383760906955004,0,1000
0.9112426895240487,0.5401270244593653,0.45220797128789997,0.11168081803528188,0.058323411989179126,0.0601735307424564,0,1000
0.7990860453213516,0.6391785362184226,0.5852385614739429,0.12804244535808942,0.06130302580267725,0.04963028723514445,0,1000
1.0050472698634758,0.49533342323871754,0.48155002402943137,0.1230215950104295,0.06358767217917445,0.06705937350763427,0,1000
1.0662424843009444,0.41817549326986453,0.53282988075077,0.13459968581168633,0.0730728797335677,0.07660150590615113,0,1000
1.1180290048995896,0.43764526558882444,0.6002827405115841,0.1599219128697483,0.08082522974039309,0.07573790134922029,0,1000
0.9211218818176298,0.5272123091714112,0.47286440994437695,0.11842883652110335,0.062412142361396715,0.06388671454105549,0,1000
0.995590743480791,0.5203965985636461,0.5062445197400629,0.1335756218791007,0.06631572137737621,0.0649137601309297,0,1000
0.9427962009296583,0.5403057735251411,0.47980354861966823,0.13034250718659846,0.06500612324952659,0.06686001949141959,0,1000
1.119666788166696,0.40401924999564437,0.42730477310356674,0.12940610538357183,0.06865124974410193,0.09774869863729588,0,1000
0.9788326388409798,0.4909798503157518,0.6285602565866298,0.1498922842299063,0.08103790384555454,0.07471676050250003,0,1000
1.1179306579086012,0.3917619856609538,0.48445920207575316,0.13244094798362296,0.07230878469613178,0.10035319652886808,0,1000
1.0097079420333461,0.49375014759890035,0.5008228551084779,0.12368877155523351,0.06348639141870764,0.06367304986006816,0,1000
1.0834833169333358,0.48032263518418483,0.48610623468572534,0.13176494256773355,0.0646543778726094,0.07005174109672149,0,1000
0.9326313278106885,0.5500984959421006,0.5437321296119649,0.1363022592709844,0.06777827119990415,0.06227607222271791,0,1000
0.9422778988351413,0.5010046754413094,0.546203392923414,0.14092910750077922,0.075937282487651,0.07888528683720851,0,1000
1.244711179917889,0.3763013522617734,0.3954465811725592,0.11675661782517988,0.059124815381667965,0.0876035591444528,0,1000
0.8904781967367538,0.5666554169053689,0.48064365006276266,0.1182022523129173,0.059743569856513475,0.05839368973432941,0,1000
0.7860486326766043,0.6090051296596142,0.6339941433500726,0.14175202874755488,0.07275174857196658,0.05381049876331158,0,1000
1.2421582013818853,0.37970597102676523,0.4196209604859576,0.11624448426501427,0.059048217845003324,0.08245947741558386,0,1000
1.0561053870723913,0.51091641944712,0.412685059134256,0.11046260640512967,0.0547560120288051,0.06680796172421193,0,1000
1.0122205090367993,0.500355263845232,0.41433263739421256,0.1073962066831062,0.05531032514844798,0.06333151005659496,0,1000
1.2411202325687751,0.3718302630822344,0.3085187324073341,0.13815876774027133,0.06977250629520923,0.1385874679100021,0,1000
1.0508788798303168,0.4491373316106505,0.38664606594755446,0.11249317282882566,0.05973698487206393,0.07557783981121191,0,1000
1.0977219561866043,0.45184105472032193,0.4385129748297545,0.1126257365321746,0.057863489153129076,0.0671971834672761,0,1000
1.0085757393510968,0.5470766297234634,0.4783798435001456,0.13134567455027887,0.06161237085131379,0.06563335988616871,0,1000
1.208506219732268,0.39610881065377535,0.457688103159309,0.12244122327361173,0.06361842993779726,0.09007742496459911,0,1000
1.0342229203138753,0.4968343502407936,0.5237682864896774,0.13293799113215923,0.06666898975475415,0.06789562820303902,0,1000
1.0093307341042346,0.5190696311476243,0.4871466721126253,0.12180388960305143,0.06003244223950135,0.05780489190025633,0,1000
1.2994108298602878,0.318127663994772,0.4900492245987192,0.12959534071241985,0.06780991325352848,0.09823918749286095,0,1000
1.0325884277501212,0.47789659416294733,0.4089239378895643,0.12092875487911936,0.06230701234656915,0.08057008149658605,0,1000
0.9689146728430509,0.5057613084016467,0.47765875863066426,0.11983055845095497,0.06344318943239294,0.07063972439370753,0,1000
1.065718637595392,0.44023733654989633,0.4737848693389733,0.13959699184818378,0.07403842187740663,0.09856383155016112,0,1000
1.1219481986392048,0.48914253687669335,0.49700109989859137,0.1293386461582703,0.061520642608137804,0.06528901248582243,0,1000
0.8002425446810832,0.5996623165327181,0.5574314771836765,0.11858016924471457,0.06233209142801767,0.05258192165908896,0,1000
1.1569446820813931,0.4471859425732741,0.4066839952926506,0.11325885149164182,0.05601275758146181,0.06830898749770244,0,1000
1.0416487379999382,0.48904866301592337,0.4636449640903958,0.11743907068767057,0.05966565618573963,0.06479972532011855,0,1000
0.87149122284614855,0.5268634423719298,0.5647601702940487,0.13127635163288265,0.07294342668763254,0.06773675045833837,0,1000
0.9034250374897238,0.5414709583630771,0.4671047562187458,0.11297101535183195,0.059389681883581937,0.0595565867455143,0,1000
1.0185134343090103,0.5115762736849897,0.568656177384349,0.14980215924640386,0.07334835099611171,0.06885175510784616,0,1000
0.9861749894746846,0.5385029106553181,0.49639783294371814,0.12861769894156636,0.06245487815779196,0.06376417491435342,0,1000
1.1645318410685168,0.4071921272958873,0.42118622082412366,0.12328054693668561,0.06389859404482377,0.08786925417184091,0,1000
0.9307931971116374,0.5402728841970151,0.6077121728466377,0.15335271787569094,0.07699127721825379,0.06412717425554863,0,1000
0.8095609440139454,0.6011915824269594,0.6333766083247391,0.15344997453368325,0.07777045674137115,0.060037590905256955,0,1000
1.055457297306437,0.45445995389529675,0.5099438136841757,0.13520194534743463,0.07129812625057652,0.0832421481910683,0,1000
1.055496264451534,0.4699142882001439,0.46334857301426857,0.13618189844265982,0.06881970562473627,0.08101928332829707,0,1000
0.9481735068182168,0.5296171017430141,0.5186360633912946,0.123241460262604,0.0638357115475589,0.06335781881038641,0,1000
1.01388528524202,0.4654474464930032,0.5880118921353159,0.14911411558270107,0.07967586853389019,0.07896199837755269,0,1000
0.8094260934966212,0.6292231788864099,0.5335649928350088,0.12292558722642433,0.05898023110128583,0.04990067056990835,0,1000
1.1830075894620118,0.3665915025574217,0.5068311536012196,0.13990564097212385,0.07444961824551437,0.09935416803188649,0,1000
0.8221308661282727,0.5860019766372021,0.4709710274600517,0.09833931860465546,0.05325001997898302,0.04966085238863583,0,1000
0.8389219148136114,0.5594368636362352,0.5216580517052016,0.1263936015878725,0.06771489950465565,0.0629859149375904,0,1000
0.9570643302209764,0.5089169874569781,0.4686716022620958,0.14341263642141816,0.07417041613210971,0.08971398494179388,0,1000
0.8835032179803571,0.5521077213722124,0.5315442778721361,0.12997337557401759,0.06794181799963894,0.06536549767544965,0,1000
1.102636090843704,0.45682918032096176,0.3666137241414931,0.11642812889165295,0.05944201843987361,0.08758949121572833,0,1000
0.8702095257427874,0.5638095316074833,0.5642559800404227,0.13850055909687228,0.07203267162319615,0.06594475131995405,0,1000
0.9654123681715292,0.4995544202654371,0.4938882994758405,0.12783219010553432,0.06724256297188272,0.06844337007354742,0,1000
0.9845041245100273,0.5263241338596658,0.5383413976824915,0.13309309620816673,0.06565867155456263,0.058396195770041,0,1000
0.9115862726437076,0.5619826158546143,0.5315491369055501,0.13262515687230425,0.0664057530099421,0.06459831038203412,0,1000
1.158524457623818,0.42565068354115393,0.47615172319999755,0.12867913545117732,0.06459016876455745,0.0754381851200658,0,1000
0.7420872212671153,0.654440260770542,0.6595218093692539,0.16298922153323994,0.0786892483707936,0.057846200892907006,0,1000
1.0287380330533595,0.47511865917606005,0.5086643421050753,0.14895144120044793,0.07733125001110963,0.09397569781380884,0,1000
1.01389773045093,0.4283418713456922,0.4694455037064817,0.12177533014154722,0.06954724495485298,0.09254811252834767,0,1000
0.7768362428616034,0.6080293228938386,0.6522604107335152,0.1481329717828683,0.07689008125107213,0.056220323834577327,0,1000
0.9479093821575543,0.5445319245490735,0.5494530020631373,0.13204107748178814,0.06577466131723868,0.05927240856676988,0,1000
1.4115997204585486,0.3350030891307681,0.4119981450940124,0.15819848652188964,0.07418248174475228,0.1406346787663918,0,1000
0.9769871585666418,0.48736674579446504,0.5616091076077923,0.13003917352634786,0.0699463048690455,0.06530651137863482,0,1000
0.9685525924970684,0.5048141005838153,0.4083600095765232,0.10625860598030618,0.056671663078917626,0.0677590451357361,0,1000
0.944030051436064,0.5399532007038377,0.6001568459218225,0.13135323692007622,0.0668217978431416,0.05233917476689731,0,1000
1.1267058575262117,0.45827933650925756,0.5289729551025261,0.166596812448881,0.08090986614275894,0.09711044418486763,0,1000
1.0613040218494005,0.46714513604854846,0.5372020693166466,0.15098139585576342,0.07685380562748328,0.08390593855257286,0,1000
0.9782995660473219,0.5181652604172144,0.4792936356337137,0.11771716130542682,0.059966420118998665,0.06040045850392651,0,1000
1.0519244742930551,0.458998921024223,0.44314806093919373,0.12733330373024324,0.0665941049820189,0.0859688417869692,0,1000
0.8620245003952377,0.6044323902456711,0.5931597883260589,0.14541002968371045,0.0691788638501497,0.05732000758283688,0,1000
0.8724368415603132,0.5469489359377006,0.6194796826503067,0.14250489919102735,0.07597583295116264,0.06023217391949578,0,1000
1.1997281446231023,0.42795499778116275,0.47225185760089433,0.12705788237258314,0.06216125848308022,0.07411010619927393,0,1000
0.840265171472558,0.5944610172846039,0.5037524387067107,0.10736897354003619,0.05566073163941718,0.050588621232657505,0,1000
0.887178550930591,0.5604003667609245,0.5800812494906511,0.14744572296538702,0.07433671887610958,0.06458107939257285,0,1000
0.9747938403780603,0.49051927569918824,0.5381534267043883,0.13063194490002972,0.06973224884328952,0.06890516661962484,0,1000
1.0847651174500916,0.46684993057584867,0.503841151970868,0.12613951511321403,0.06320181514149574,0.06182715309674463,0,1000
1.1908787593565606,0.3781959242924429,0.6574774891298144,0.20865512927033145,0.10722701776677675,0.11229531599940361,0,1000
1.0152135206915374,0.5062368433756481,0.4528597839417681,0.12720217370531178,0.06323192252236283,0.07208851670819844,0,1000
1.1358875385429081,0.4749333162434865,0.3654504692439473,0.12936896118982524,0.06055730404215938,0.08347649017123875,0,1000
1.12944281325775,0.4139587721669454,0.5457155468719862,0.13973435685234667,0.07390349676989404,0.08848192558795215,0,1000
0.822128922749365,0.5638165372431545,0.47578833086219324,0.10235412429501811,0.0569813999414363,0.05622066072960178,0,1000
1.1940906880614388,0.38709830633974496,0.421462632239634,0.1359428935332722,0.06876104405027121,0.09811015275226277,0,1000
0.7339271085371969,0.6283338300276301,0.5339068388124616,0.11253019813002586,0.05980783449283001,0.05230735908309442,0,1000
1.1493237144395632,0.42776827098470244,0.4263858948053918,0.11762666257010479,0.05984048241144593,0.07571186437755406,0,1000
0.9855218006319127,0.49792714602537014,0.4993489433346299,0.12025851020777198,0.062658516718572907,0.059110942428866824,0,1000
1.1619650236357035,0.4598296514711449,0.4720254276847498,0.12396652229103788,0.05972586944565352,0.06638135757525826,0,1000
0.987506601703049,0.5048528433720306,0.5251101699420857,0.12834882137398393,0.06610297704876378,0.06458441442708945,0,1000
1.0183628156031703,0.49911571852069125,0.5415543270944954,0.13147697540244294,0.06752558788400422,0.06899814240687338,0,1000
1.0612318104509806,0.4642445738653281,0.5652945121706654,0.16467346779728617,0.08325976629524952,0.08593806053757524,0,1000
0.9266349101966632,0.530676949553504,0.5396299564574862,0.1320517083949335,0.0685768098904325,0.0661612876824473,0,1000
1.070118767588078,0.43956587249136925,0.5355986928552368,0.14177301052187963,0.07526200047457242,0.0852467446865829,0,1000
1.0598015988518912,0.46734670402786527,0.5166098894830699,0.131452652139276,0.06701907441793789,0.06744287866345443,0,1000
1.102552468932013,0.4631526361453898,0.5342727593617936,0.141585537932874,0.07033485175764652,0.07347776626447614,0,1000
0.8706081319028327,0.5427829418169593,0.4668219174459019,0.11495792416094269,0.062303899218820444,0.06611323252511782,0,1000
0.9711338097789304,0.48114626651650017,0.40126220872664214,0.10846939511705327,0.05930726853728075,0.07398827412925935,0,1000
1.0906177773987424,0.44750104450415445,0.46073545193299614,0.13282226770596525,0.06788231862943656,0.08364000751912037,0,1000
1.1061421893961616,0.4797165761100988,0.43774706529100965,0.1252401270335834,0.060593225440703856,0.07253559984113754,0,1000
0.9976399634897778,0.46053994388497493,0.39094173165744134,0.10134716475358996,0.056358196768194056,0.07041879943213503,0,1000
1.0792121429278114,0.4790611121835301,0.551617363107988,0.15131523372960418,0.07407858978303786,0.07504910679178245,0,1000
1.1176258430098645,0.46029291250429333,0.4844537400689931,0.13449981124909918,0.06610224009703636,0.07851051236190836,0,1000
0.989144544933895,0.5205922166460856,0.4424529059890848,0.10985495881820637,0.05704339826088418,0.06521002071721818,0,1000
1.1151865328029127,0.45232645639366625,0.39584482245170083,0.121316422347147,0.06124328138124189,0.08581208522164649,0,1000
0.9522323560941875,0.5038512956445512,0.5461448540166606,0.13707869316280882,0.07204173199840827,0.06723376991194156,0,1000
1.0180862038447203,0.4753887338423036,0.5672039201946649,0.14324446257463552,0.07538913847464594,0.0753466886594879,0,1000
1.0923618091198983,0.4539313777865621,0.43080177697321087,0.12482718723000158,0.06331284722530284,0.07970838349154383,0,1000
0.8622499437565844,0.5664505332266002,0.5433161873041049,0.14272262467297403,0.07300419647411086,0.06953877761804829,0,1000
0.9660879012262514,0.486012849729016,0.4979837544941179,0.12686332746901322,0.06856189875886032,0.07555132679969441,0,1000
0.911349558460815,0.4941664253298259,0.5538375136883094,0.15003355220655332,0.08383943772178133,0.09031828044645213,0,1000
1.0352808931702584,0.45109639089070347,0.3875361475206766,0.11580566493814332,0.06196562616966444,0.08254748081414627,0,1000
1.0145830740294437,0.4878446845382032,0.4955739592502728,0.11952798151502159,0.06312560543240489,0.07026506931113752,0,1000
0.9095325871069174,0.5847241506196555,0.5841517548732102,0.1389303525548557,0.06657374159468214,0.056023105773467495,0,1000
0.8969823334537984,0.5403830998379492,0.4731778913395313,0.12140589216909907,0.06394393378118333,0.0674822649766236,0,1000
1.022373164652873,0.4809083734659752,0.581045614389682,0.14254833434376563,0.07353064777836135,0.06629962730717177,0,1000
1.199139324540873,0.4098313351472131,0.41505545014009243,0.11354723190141414,0.05740750978556957,0.07611932714873433,0,1000
0.9957895667312392,0.5135759668897582,0.4614854032730382,0.12270432193604507,0.061620645464615695,0.06708921355562726,0,1000
1.178362392600881,0.45696771259698393,0.5011423420980528,0.14069230604647118,0.06604096431721485,0.06894715688179108,0,1000
0.9636156711855488,0.48530388738868097,0.6364646829892078,0.14352256787849413,0.07870783781477987,0.06802208125283773,0,1000
1.3301686690732795,0.3186611416354673,0.29504737447068585,0.21016676450869232,0.10706433920139408,0.28384788009683803,0,1000
1.0359406845454404,0.5246989289487347,0.45008703238804876,0.12782047225017362,0.06021693603069453,0.06392366791697143,0,1000
0.8238602734380693,0.5975109250852602,0.5815643249023155,0.13481791220026879,0.06834338916978795,0.0557706031393582,0,1000
1.0203544831598985,0.5050847804010737,0.5103829723618337,0.13192315477277458,0.06661519860341496,0.07043792036298743,0,1000
1.1189269396397883,0.45537581612664096,0.4305763558897761,0.12521356056067487,0.06202478623512372,0.07531756959959814,0,1000
1.0476350423380005,0.459756417958969,0.33250628484435785,0.11235269617047226,0.05859790479108905,0.081016818326703,0,1000
1.057993327028244,0.43298905866155896,0.5198303633798345,0.12744891534519504,0.06981428801570255,0.07995849812622635,0,1000
1.007700781843699,0.521414791820273,0.4513729807800466,0.12815208162666622,0.0627749836546798,0.07222648214424356,0,1000
0.9339387960274795,0.5666017112531337,0.5167406485139051,0.12854095895131984,0.062086346114681785,0.05815890789652711,0,1000
1.139370371662937,0.3726418101365752,0.4286223089475102,0.1283547564706579,0.06999336348926999,0.10739214432441296,0,1000
1.0902377192299948,0.5141491922949407,0.5574981653977368,0.14145440460416067,0.06561015569376281,0.0602363533104754,0,1000
0.8593520033565399,0.5908656286902543,0.52271097761754,0.11989790504430062,0.060119531709815204,0.05458382582137847,0,1000
0.9571981152248729,0.5590342285898575,0.5779675281394487,0.13731465978100818,0.06668699144264131,0.057591399508656174,0,1000
1.1997522208974887,0.4083046508780799,0.3381269206725808,0.15491038680243055,0.075739310103041,0.13360673383710023,0,1000
1.3121494366755615,0.32602964410442975,0.21941223257194908,0.11062604956512308,0.05617416553476453,0.12245993343922518,0,1000
0.8513493037644523,0.5771044344021052,0.6294242905919687,0.1546232989774478,0.07922044525451562,0.06370026567876277,0,1000
1.1086993284639597,0.4478759864173898,0.49467625368357165,0.13787719089253306,0.06964593234335315,0.08102319031846555,0,1000
0.7715716245584554,0.6110897517188653,0.4737319507922592,0.10034962159303482,0.053315156186883865,0.04675533969397619,0,1000
0.5276712323028563,0.7196719092485943,0.678044320771834,0.13245059473404305,0.07292613219790799,0.05143341100768316,0,1000
0.9368219995113625,0.511959611974859,0.46053891454682333,0.11089883577923224,0.06050773583342159,0.06734942139728028,0,1000
0.9043494343410663,0.533372318011896,0.42870838266779115,0.10605599447920357,0.056664267026107405,0.06223475938834807,0,1000
0.8467324085794402,0.5911819048320296,0.4692425062204827,0.12210095381100607,0.06098851806748914,0.0622422598017356,0,1000
0.9708283855704796,0.5188192806724385,0.4236072476934219,0.11670937184809797,0.0593499246409444,0.06842223436261922,0,1000
0.9104312901177848,0.5353964411930832,0.5760336435570579,0.1308757703556662,0.06919587383339174,0.060802043388034334,0,1000
0.9511129424394651,0.5083895261814446,0.46093474214341457,0.1216822428780613,0.06456543451673626,0.07338607592247541,0,1000
1.1006914845627662,0.43597500513192006,0.3842944931368177,0.13550035721447914,0.0698094043003463,0.1091278241751142,0,1000
1.223656500455947,0.40301540307223066,0.3495823650716542,0.12284927662073886,0.0603519482361306,0.09491218063179428,0,1000
0.9517724870453549,0.5053991993913947,0.49812207223752925,0.13251154335806128,0.06975447791426194,0.07097896426540934,0,1000
0.9588990216690683,0.5192790581304273,0.5608576857848074,0.1375579691444635,0.07125309852650466,0.06726022793105738,0,1000
0.8611758877266998,0.5678705717581636,0.45646076367531446,0.1171743158453776,0.060718472820751074,0.0631379070020119,0,1000
0.8441826463231283,0.5587195356578556,0.41125522655588026,0.0998317522841756,0.05427999984850933,0.05732208984406971,0,1000
1.0015480257123084,0.5101704867634727,0.6214271171434472,0.17334317047073086,0.08623982095054178,0.07855274991457101,0,1000
1.2608984366083462,0.3866843033376591,0.5267294853887939,0.14468438285024418,0.07154095377931102,0.08924058863770776,0,1000
0.8577000957380596,0.5707683889639794,0.42062219134651835,0.10415434353279514,0.05453165761257816,0.057550477665434405,0,1000
1.0982910347095585,0.44771718181274783,0.5078056979320912,0.13690219644225024,0.070157459464263,0.07828332131481619,0,1000
1.023553568495315,0.5101822491411566,0.5147036009052169,0.1346920529671866,0.06725142414264941,0.07306843248018227,0,1000
0.8264806773487404,0.6101930617042686,0.6123707077319598,0.14122269750658603,0.06920450568737997,0.0544654108581978,0,1000
0.7397623759071184,0.5848552989306173,0.5629704824159122,0.11922655112550827,0.06908126424049636,0.058890625573683575,0,1000
1.2786709160394705,0.36253475718400763,0.3936297771889981,0.14599477967184912,0.07288707055205966,0.1346258126823093,0,1000
1.1790176578177853,0.41497218069335745,0.4905165933244475,0.13906831662506156,0.06969997654750991,0.08600827202548965,0,1000
1.1499813507568253,0.4154103484448532,0.2709107554025795,0.10371912164007749,0.05385764244711742,0.08755030880941879,0,1000
0.9018691994831817,0.5403026917922196,0.5759571782538383,0.15117426084986124,0.07809514628524085,0.06895598587228281,0,1000
0.9859680479758058,0.4458667007227989,0.36973854956854924,0.10765191767494829,0.061148592332482404,0.0853359098116038,0,1000
1.2744391947780882,0.407555613574397,0.4340817662513919,0.13451167373622708,0.06338867328668535,0.08681281214166242,0,1000
1.2288611317193163,0.40800050437265906,0.45780290331723433,0.1353595065178098,0.06590323910346306,0.08582584607668202,0,1000
1.214847907521647,0.372284248337018,0.364016953669927,0.12320121894542163,0.06418622717391755,0.11212726427465884,0,1000
1.2827779700294932,0.3884268112979344,0.5342590869055606,0.1580797836733104,0.07568413514024093,0.0927813516200526,0,1000
1.2352788232754783,0.39418164321025423,0.4281232634599766,0.131274081974623,0.06451991494302531,0.08923539512893532,0,1000
0.9359668066309756,0.5113102106934239,0.4181447292011412,0.11282052870409211,0.06108092872836013,0.07340871581248459,0,1000
0.8003239948743791,0.5970111208004909,0.6053038382262299,0.13912992032900548,0.07183325236353108,0.05763703970292032,0,1000
0.8242243074269351,0.5868106487564657,0.5645483688678883,0.13199180494090923,0.06873743381482283,0.0607757776550277,0,1000
1.1638228798656127,0.4362503519283447,0.4791879960025432,0.13608620125273616,0.06736758366130037,0.08519887671363054,0,1000
1.0898488289740225,0.4531087081213365,0.4746208396458993,0.14554479104377352,0.07285875974724984,0.08969143893393652,0,1000
1.050135027062754,0.4747651278480822,0.5118836530935866,0.14306928719021916,0.07250008018954059,0.08141703634832435,0,1000
0.8167022891594502,0.59976116887774,0.5143445974022668,0.10915775309417793,0.057220612137049646,0.04961023821261919,0,1000
0.8204942775987645,0.5789135328505618,0.5806432935439517,0.1311109323153474,0.06990352431832135,0.05967629761670616,0,1000
1.077174098277424,0.4269213240937984,0.5041107528792984,0.1244775220992551,0.06784474057097419,0.08066868054225217,0,1000
0.9654114063539438,0.5120641995953626,0.48738360774516115,0.12898742630453008,0.06685995808531064,0.07314040488495184,0,1000
0.8853659292275899,0.5572178984963689,0.615112323896634,0.14749284731825466,0.07626377049253034,0.06349458905610342,0,1000
0.9182866668282409,0.5785911088807643,0.45615371432434804,0.11437692776981409,0.05553163013944915,0.05739849835908762,0,1000
1.0235549484571491,0.4636157696044039,0.6107253705563399,0.20395177439818296,0.10689026356532598,0.11756516568775971,0,1000
1.1662102248975277,0.4344802093871743,0.4649821198833331,0.12417600078970631,0.061839215972730295,0.07402997076000563,0,1000
0.8941402986149307,0.5512892216087751,0.46774685460944365,0.11488291885711688,0.0611160688302725,0.06751075348989494,0,1000
0.7355927910924022,0.6293863442018803,0.4738913116133726,0.10959773498972837,0.05789652995977442,0.05582697364436154,0,1000
1.1207861113263304,0.473496233489878,0.48387793090111536,0.13435527394835675,0.06453219476348568,0.07193959591674581,0,1000
0.9970379938580672,0.49768748226023635,0.4250545235918086,0.12453730699987957,0.06371343676842121,0.07606097571806575,0,1000
1.1392951500697497,0.4401376993162429,0.4412489317753416,0.11523705167205256,0.058259155362563216,0.0681197586593383,0,1000
0.7726815779576006,0.6147467953210478,0.6384529881982672,0.14969911818313372,0.07675982908202313,0.05816445845895347,0,1000
1.0959645775459825,0.4478853944849785,0.4555438539661502,0.12741418463388446,0.06548109234572212,0.081506644083033,0,1000
1.250637003524161,0.379667649233313,0.4067655100099785,0.1243069576237451,0.06170048145292766,0.08642468095742528,0,1000
0.943522266216354,0.5326145227951584,0.5378940856720578,0.14940458318882696,0.07525188793804008,0.07558536866055665,0,1000
0.8036921416975696,0.5491604536776937,0.6364696316873139,0.20457435775145771,0.11341335504850412,0.09610231974394111,0,1000
1.0622618576511293,0.46372225283820295,0.5707469090197086,0.14492287384325384,0.07463004421690919,0.0744475464641109,0,1000
1.0512217436527853,0.4721021634765277,0.49528812468818845,0.14546757523516526,0.07452062815312226,0.09217020657864322,0,1000
1.2426952752321236,0.3967165335469544,0.45006803202651774,0.12518919649855478,0.062172780935228884,0.08292659633910211,0,1000
0.9828570319133173,0.45511096057837364,0.43035924600149217,0.11343902640857938,0.06350728230721604,0.07806316428906436,0,1000
1.304793920642238,0.35939975095318094,0.5538542438159365,0.17825379556975546,0.08740555369225887,0.12551911873855515,0,1000
1.1520456765705054,0.39612683656970726,0.49041445474479234,0.13291946760579196,0.06990551915405764,0.08809872846022285,0,1000
1.0353404144749725,0.4729923040249879,0.4695893162844764,0.11927282935064058,0.06271379134801221,0.07287734482548468,0,1000
1.0267717072246525,0.47722346402433596,0.602246334995329,0.14940225866275544,0.07788256834282666,0.07221161522875748,0,1000
1.1744383412355313,0.39533246771191505,0.541937585884021,0.1590984907072734,0.08220351831250826,0.10839557222783285,0,1000
0.9611044104236043,0.5285076438498958,0.6081341049457717,0.1508527506055138,0.07661471471123955,0.06846854995644903,0,1000
1.223313602048093,0.3628171943594401,0.30845831676450297,0.11568729871970028,0.06077563221668633,0.11257893152741673,0,1000
1.0081705125798228,0.51192158865281,0.5126710183856372,0.14054400191602076,0.06957107899548896,0.07293677805571368,0,1000
1.0665752843020084,0.4761053360815997,0.4482244289611571,0.12080218487256802,0.06137856281010407,0.07354709864063633,0,1000
0.9296462342630715,0.5529398439399621,0.42705412405760707,0.11574988459144955,0.05794705612106931,0.06521949910945134,0,1000
1.0536015769939244,0.4726974107637288,0.5320535899877897,0.14043470876735262,0.07147880700992228,0.07318520034952186,0,1000
1.0412721784066183,0.48683199109004544,0.6442576123381051,0.1719442174235674,0.08666391442987337,0.07477287550193004,0,1000
0.9670037871414924,0.5054430048786581,0.5099845351085113,0.119591230835244,0.06327866109760617,0.061559429369415164,0,1000
0.9488230895098587,0.5111668341691521,0.4853128258144604,0.12388632539734365,0.06506183062031355,0.06480161041421605,0,1000
0.86579712376872,0.5659864940085835,0.6195941347215281,0.14068064989802048,0.0725512262612026,0.05633383180629024,0,1000
0.9960281792069235,0.5236479831044825,0.4820452432010492,0.11923676115367655,0.058962880614931316,0.05727595973161558,0,1000
0.7714461653648788,0.6262236028624204,0.5461332569899627,0.12609369003806684,0.06374585310873263,0.05585671217957754,0,1000
1.1819539941417623,0.4327354524604562,0.4565168720738395,0.15468193869858934,0.07561103868489977,0.11226556733469657,0,1000
0.875871964973866,0.5458030089448035,0.48151148687735323,0.12721829988177336,0.06896802810924076,0.08041743067278392,0,1000
1.0294552701706163,0.5022238487948414,0.4694311432214964,0.1266130702236677,0.0639881013896229,0.07666908774524256,0,1000
1.0971824972729691,0.4480789140421256,0.49205019482133494,0.12485167155482088,0.06492166653043845,0.07569199352140034,0,1000
1.044748170199936,0.48434619294253134,0.49243100431730735,0.1297756733303849,0.06544310601177916,0.06892987665015798,0,1000
1.0939810303781186,0.4712714275128568,0.5702915172702044,0.1433937183906748,0.07060849653382396,0.06592900039151324,0,1000
0.8584577625122878,0.5603339899009703,0.5187504787647955,0.11701019897163659,0.06250075481773314,0.05828568777033759,0,1000
1.0549778917648351,0.45172606665941845,0.3811541548324365,0.11243839307153725,0.05913931789281006,0.07692768054960225,0,1000
0.8023803220513407,0.5814838425452888,0.6146428770504851,0.14974468742034053,0.08022038900664806,0.06827136396860649,0,1000
1.0096166542570193,0.4807751801091745,0.40726898939295264,0.11343803842428898,0.05943090686927872,0.07135128498452309,0,1000
0.9764142678908612,0.47389389599073894,0.37285386080023,0.1048930484387005,0.05731663091356422,0.07364075835118804,0,1000
0.892669452276361,0.5298692968348315,0.4245223269415488,0.09972732378454426,0.05511986147654424,0.06041489855100007,0,1000
1.0608979866535595,0.4504807207544593,0.4088767173118276,0.10966045792986279,0.05883485085895401,0.08141796373912474,0,1000
0.9607013835475748,0.48827238717177074,0.5823431227183297,0.13605074200793452,0.07394483330837587,0.06770587476798955,0,1000
0.959884885780667,0.4860966966088129,0.5024583362747176,0.12229094377078918,0.06735281548339693,0.0736958134415533,0,1000
0.9965888396507786,0.5025931567209648,0.3329121169860996,0.09655944710445699,0.05028435727857938,0.06324777235407082,0,1000
0.957156833654159,0.5123534489969062,0.41231873531020935,0.1052272565462351,0.056190924242114276,0.06519165076636134,0,1000
1.0246309074263078,0.4910453491027951,0.41770399825928073,0.11245304643915334,0.05740775862013697,0.06498539401438806,0,1000
0.932308960591005,0.5340993824595671,0.5517428171053532,0.13550141157476064,0.06922751455373433,0.06164284236080633,0,1000
1.0792288132606684,0.4798493696793829,0.44884065632676146,0.12189410988989298,0.06087828959654759,0.0721344818341635,0,1000
1.0179567675675294,0.49523906796701767,0.5773762302162557,0.1461151223885428,0.07387728328526459,0.06993266894084488,0,1000
0.9851556500068591,0.5246286279118154,0.5374583654010556,0.1535564045110846,0.07512440758115993,0.07505638120060153,0,1000
1.0681606140133202,0.4992023759161923,0.5884245849969242,0.15189500204121137,0.07269077908699427,0.06488764863020606,0,1000
0.7542731623532638,0.6103279317977044,0.5273933395734031,0.11063251410647822,0.060636797973651256,0.05684201966437481,0,1000
0.9743720460626236,0.48185037741355147,0.4944040208988913,0.1256724299331465,0.06768384441683732,0.07320761555971354,0,1000
0.9792344536963853,0.4818125673767757,0.4245296604462469,0.11166621515916902,0.06003400093605114,0.06948341729433712,0,1000
1.0274347289991554,0.49450754939716624,0.5332460407019882,0.1414468676724386,0.07144537334841848,0.07597827357944993,0,1000
1.1387916062335657,0.442904891601434,0.42842611344796067,0.121924787424745,0.061085501763002564,0.07793487833785495,0,1000
1.1964441742880545,0.41188451423511613,0.49442659432214464,0.14585452095637455,0.073072837257375,0.10000449589026932,0,1000
0.928986633757452,0.5036195180291146,0.45678737012239,0.10896262563444642,0.06050222798479503,0.06716676353786119,0,1000
0.9984176550122345,0.5285450947588325,0.4784822030161984,0.13207183783355841,0.0640574749620569,0.06732525881169359,0,1000
0.7796466858797099,0.6048385964784267,0.6183406132448054,0.15387060280013284,0.07924349494127292,0.061815199629619885,0,1000
1.073001126491474,0.43900152679504567,0.4506062740604064,0.12942482503587097,0.0674973920728251,0.08056464885623929,0,1000
0.8762193080474563,0.5503447860167014,0.5025640035342378,0.12518846018657484,0.06545608007096085,0.06287631937737939,0,1000
0.9315240123093886,0.5204731261281336,0.5787369428637344,0.13529763124239974,0.07238620911259466,0.067100365378085,0,1000
1.0285143003132107,0.49950143078363496,0.49107412893045077,0.1452406714095402,0.07147660527895047,0.08082982116435954,0,1000
1.1802231119970739,0.3948248812030458,0.4056974711033337,0.12175200914156374,0.06394403690267339,0.10130577003355777,0,1000
1.004590772470836,0.5151581555885908,0.5724510165387952,0.14098958998477806,0.07007902906923492,0.06123403884010502,0,1000
0.9778145730057575,0.4993330107270472,0.4628047732890096,0.12023993314923073,0.06370328597376944,0.07394870277495628,0,1000
0.967790253471154,0.5169587246660248,0.5494982029980883,0.1279780848806324,0.06619364365267841,0.05920851309299416,0,1000
1.1739783079452244,0.40619841194237477,0.4506851131915747,0.12637842275399114,0.06431521761349863,0.08088579904598721,0,1000
