tau,kappa,beta,psi,tau_se,kappa_se,beta_se,psi_se,convergence,length
1.094657106777157,0.5537164142068912,0.11917182626146501,0.7091450455457872,0.10455695621428317,0.03775293855508481,0.0514385471003643,0.18674718785838124,0,1000
1.0069992900979077,0.6170386601819846,0.17207817157548966,0.993186745706648,0.10204497397656262,0.03602331870463668,0.049510885166623816,0.21312411776124462,0,1000
0.9878969853651997,0.595540054251676,0.24551982788809762,0.5621739831020478,0.11029673153223184,0.04156755990285573,0.05030192219810858,0.19117402863593574,0,1000
0.9933694449279483,0.587800520516526,0.1857111649375294,0.5412601317468133,0.10248616020867371,0.038504495400324586,0.045740267519700985,0.1832375400124096,0,1000
1.094150614584524,0.5615401743982713,0.21614813052273918,0.7363872989897433,0.11312389267886483,0.04099468084949765,0.053294547772151334,0.19680986881355692,0,1000
1.1402800149130272,0.5544463014715045,0.16250305147064617,0.5124279602277043,0.11236912190702907,0.03981420421123379,0.052006844431278725,0.16711379414653235,0,1000
1.0731511042769617,0.5779047234421788,0.1957404125532846,0.484555638528413,0.10721920658428764,0.03830258749683149,0.04373396370737453,0.1722140094335179,0,1000
0.9738510664473086,0.5999352132016483,0.2022223093656951,0.4723032137171033,0.10357041440906407,0.03883361830897809,0.04490104762797169,0.18016893096749992,0,1000
1.0338172582567569,0.5428795724084425,0.15097589555814217,0.5206353261310469,0.10046479282573303,0.03969529583865781,0.05273725676430706,0.16744826004291632,0,1000
1.0224271839250092,0.5754423745000569,0.14139120747427933,0.5225079370580341,0.10207549091499621,0.03818799607389308,0.04893740119849945,0.17491968053267565,0,1000
1.0102162157200263,0.5917307160861563,0.20369254783848564,0.5805321536136926,0.10468687061830063,0.038077044049920544,0.04546388566480783,0.18854613873090903,0,1000
0.8549623767228145,0.6396799934140363,0.1845236479532283,0.9999783116960873,0.058093913657499545,0.029899176547085224,0.0442737185326054,0.0025605491531238457,0,1000
0.9910258233606393,0.5912759348629346,0.22689192080344917,0.5166852160758606,0.11024499348360134,0.04186000957980064,0.05270737046017887,0.18373795775633045,0,1000
1.1195316885400721,0.5681414988114284,0.21901013043633055,0.7961235056629742,0.11981358887398592,0.042049649800678233,0.05721624971919801,0.2057408382510149,0,1000
1.0351084650779845,0.6086588786062466,0.18762403895125024,0.8005894091397178,0.1091078379138256,0.03700400702041507,0.04399177428397453,0.21810888913136844,0,1000
0.9772808321037564,0.5961657228155631,0.21556268313733196,0.5793508240635327,0.10811146834239302,0.04113549478539344,0.05083490864807627,0.19205426875397352,0,1000
0.970326801896426,0.6111185550609226,0.15261112284574027,0.9191316045275624,0.093904225464863,0.03454976536230317,0.04525583298262899,0.20398630301229176,0,1000
1.0894837657885836,0.5487536017067117,0.15597420417139485,0.5585235988400101,0.1036632689089764,0.03844096632164823,0.04834248408744567,0.1710568071501138,0,1000
1.1892248305778619,0.5258592035186981,0.19287645963539107,0.4003965803809769,0.1156399950479842,0.04232919600238746,0.055996061662532695,0.14874921556165227,0,1000
1.1246662580611695,0.5593444322046224,0.19043565055739234,0.569213089038554,0.11210991807328032,0.039652195635721935,0.04951908855488507,0.1763580120381981,0,1000
0.9060257753181896,0.6523299292445013,0.23122029405855649,0.76946365650013,0.10735433690870314,0.03764435901393466,0.04482247074616964,0.23667798445802082,0,1000
1.1827589332170123,0.5348127391983996,0.20113598931554658,0.518409116050223,0.1214817799046342,0.04403379359308461,0.062425899892531986,0.1637775295384612,0,1000
1.0624655836491308,0.5846618809813358,0.11300368302468856,0.8305335949521722,0.10593708147443712,0.03636390922469717,0.048271185577931995,0.2103030396552294,0,1000
1.0181196769928156,0.6044177354011501,0.23725765079236702,0.638085416026107,0.11301764019445645,0.04023649050341195,0.04802947415660814,0.20216880311182742,0,1000
1.3281981360391262,0.5128467727163306,0.07572788742820306,0.4365818422630679,0.11834279861738438,0.0392695880761519,0.05765819639967511,0.1443086912161267,0,1000
0.9186254249335354,0.6567990677517095,0.22222816195317727,0.7172237282685919,0.10743255951122514,0.03687078700758359,0.04260905440524916,0.22968130315838714,0,1000
1.020204285655918,0.6011656573908016,0.13500170524238717,0.611759715697015,0.1061583823101559,0.03731856017593823,0.04759095654851737,0.19238763057729624,0,1000
1.0191613044431265,0.5842860999965948,0.2299691555619673,0.5592376459121576,0.11299842749816846,0.04242066188081787,0.05480702827410615,0.18603861976421993,0,1000
1.1174149751596103,0.5789616487304794,0.16889408536412195,0.6798817543498159,0.11141311919499285,0.03792315408972325,0.04690299208277197,0.19148909173871134,0,1000
1.0345024034597112,0.5953271091734049,0.10727141757880554,0.8563022441701602,0.10436970150748785,0.035997349161880146,0.047851359209116845,0.216227804504933,0,1000
1.2727748680346713,0.5087988841668,0.1592889464559637,0.6106954370700801,0.11606740278444562,0.04008699343078487,0.055104954477083974,0.1641936334795348,0,1000
1.013811327901918,0.5824275817059161,0.15565272209626296,0.6055739840869537,0.10030915146902941,0.03686355316496584,0.04381633707985487,0.18669930012783412,0,1000
0.9214149404341399,0.5998105864063662,0.23665885743829557,0.7458468551558072,0.102021507497181,0.04003111842154012,0.04876665673337624,0.21546193454190665,0,1000
1.041866484702097,0.5882278459699842,0.14106313395856415,0.6112655477067839,0.10641643634814665,0.03790212673339152,0.0491633101017951,0.18778047144778595,0,1000
1.097189005013482,0.5947319974603285,0.2577331675736661,0.6380572227882374,0.12473203563737183,0.04274585143364544,0.053768402689465464,0.19750560476865003,0,1000
0.9300768850483233,0.6226603013106806,0.28577508174190763,0.7149691212169307,0.11665248953571439,0.043573279550396804,0.05354258181588845,0.2312743854526086,0,1000
0.96012369988629,0.601752897140906,0.14616211494979267,0.868061698565067,0.09671991203487672,0.03515802742827086,0.04200519638014482,0.22221850743776583,0,1000
1.0593541173643535,0.5341931788534935,0.15046609294644125,0.4413505675661107,0.10035208952630333,0.03969185107592331,0.05116647741976177,0.15622710194925163,0,1000
1.060150529620236,0.5643049457854946,0.13764160626202673,0.4737954805620013,0.10609358460489614,0.039639378296162577,0.0529968584988498,0.16603743214372763,0,1000
0.8891668931119393,0.6165316633615878,0.21020689249574528,0.7462981135404038,0.10268571521441452,0.040369438408493843,0.053703521604437164,0.2204104987350296,0,1000
1.0435668994053962,0.572025490415279,0.19909780149646059,0.7332919537545223,0.10701596144006655,0.039551897758014674,0.05024050570882221,0.19907407079996448,0,1000
0.9507610284665199,0.6291178152447361,0.19830521666851253,0.999985782615541,0.06492815377977168,0.030520036313533522,0.04503005242578163,0.003111599715777124,0,1000
1.0616245089946668,0.5721649875650238,0.12175075835070616,0.6104283302763398,0.1056059853859413,0.038087284241643496,0.050981106961092794,0.18204357870224647,0,1000
0.8707239992825623,0.6311315038553996,0.1713196724202799,0.5632802491262351,0.09672386210727145,0.03713751670902087,0.044614869217883255,0.20173166827497824,0,1000
0.9822294668580543,0.6191414072216621,0.17574741574029307,0.9317112054279187,0.10605329502125879,0.036790548333793645,0.04604736080503651,0.23841588607389175,0,1000
1.0264408874594773,0.5943456883653311,0.1467639898188924,0.7079410886517382,0.10351945017138785,0.03648494735582807,0.044895095625864044,0.2008774182378396,0,1000
0.9784550346168164,0.6197660880284102,0.22632791456686036,0.5777228016151237,0.1078072325013435,0.0384510144971553,0.043197310671562274,0.19895765956421577,0,1000
0.7890719791078307,0.6584743064480603,0.2888124332378677,0.9989523894630674,0.06394371198412842,0.03291951637281632,0.0457118700769807,0.06282955597380846,0,1000
1.109570656733946,0.5502350549752693,0.21528791030285516,0.6484258210707697,0.11573026197690403,0.043036880629835024,0.05925789133127558,0.1833087821833804,0,1000
0.8329149713104398,0.645794914129316,0.2762873509185919,0.9662987852249729,0.09874651181325375,0.03844429184280963,0.04479094848798464,0.2596659316986885,0,1000
1.1168991344704273,0.5815670322643084,0.21470194633760023,0.6400965199279015,0.12116608932107903,0.041784942001186876,0.05515229945301497,0.1908141538680568,0,1000
1.0810848483988604,0.5865908193902293,0.18061405465087968,0.62400393675909,0.11257562589695694,0.039260162509806094,0.05025133241021453,0.1892246124782201,0,1000
1.1657118948294702,0.5333662071077311,0.12262843061996259,0.8447567357595376,0.10559709405443711,0.037166517719581744,0.050379366563735775,0.19137503733582914,0,1000
0.9793005597343017,0.6140449259611696,0.19214238494727032,0.7065231837695501,0.10580687620827338,0.03773297309362294,0.0455036152995468,0.21096470305280826,0,1000
1.1541505948757802,0.5360213460721065,0.12962054454348879,0.5906053470299071,0.1102365915840293,0.039767425192167354,0.05582239754948792,0.16975767557846355,0,1000
0.9693134626468713,0.6031417799146226,0.2711892626729452,0.5106833058147615,0.11245846930887161,0.04296250877912253,0.051630724489714626,0.1883957339318303,0,1000
1.1009821635923078,0.5868834718556251,0.12135379112526547,0.7306792890564513,0.10951865413904677,0.03675078634071955,0.0478773370225986,0.1983231249591773,0,1000
0.9949459315554486,0.6232308194579778,0.18365581204830958,0.6746878042988956,0.10662653411929422,0.03691639458368135,0.042233695281310976,0.208247066232969,0,1000
1.0199408093219757,0.6172984903493185,0.12140311766194836,0.9802638636568246,0.10215718041176129,0.034417536296769954,0.04483689128346569,0.22479311607735472,0,1000
0.8963754019835898,0.6378741298058088,0.28306353776572135,0.6795931227982251,0.10746148549507012,0.04000748037927619,0.044974120467933955,0.22423596981933916,0,1000
1.0534151221471906,0.5468560510509484,0.21590340732550542,0.5430946264183275,0.10666112846591785,0.041628616660193844,0.052679552723766954,0.17256198526194524,0,1000
1.1556381504926798,0.5615526369551186,0.04763187738733608,0.9887342040149745,0.09559205674094552,0.03268077910496575,0.04731302152483637,0.1792000030758534,0,1000
1.1518602494165955,0.5711724222922181,0.11057016980815662,0.5807452528370535,0.11085531677620723,0.03712604057651229,0.04824512413491189,0.1759360210232251,0,1000
1.0251993047291172,0.5916946447564284,0.2303676896264969,0.5161592164170573,0.11357226001097014,0.041624083323713146,0.050871127414658955,0.1834364926296468,0,1000
1.0119935938788676,0.6008427874849126,0.26779494741995413,0.5908337378198737,0.11867357282673681,0.04351323876346315,0.05444722556093527,0.19687627588178858,0,1000
0.9106471800338236,0.6425866113998451,0.23895077101926562,0.6155853255631251,0.10708392078452328,0.03867858422515459,0.044665903148825035,0.2148541881971215,0,1000
0.9988854323863383,0.5750007840824264,0.2426624841598432,0.6160900159588127,0.10684686270812917,0.041471700483287785,0.050603864732745404,0.190457484278889,0,1000
1.0146274058945612,0.6066457005217448,0.11423578904716615,0.999999004791895,0.06416302088423387,0.029119874609187496,0.04674357922762825,0.0011400059845645201,0,1000
0.8416946254257451,0.652371004024433,0.2388374845817318,0.675949686647381,0.09956623929816617,0.037427083957431315,0.04252516164813138,0.22876986000395033,0,1000
0.9628489908214819,0.5973451812048571,0.17209269007491287,0.49715100306596444,0.10011203625556811,0.037814532874880666,0.044511191839302834,0.18125169237258684,0,1000
1.0124425852889845,0.5911992494307096,0.2489157904985628,0.5479497017391248,0.1093623865638613,0.040629467753935285,0.04670514617153746,0.18684272192217205,0,1000
0.9219211392718429,0.6535527733190547,0.2586661472341341,0.9989104260318777,0.07380554465159556,0.03168987100966299,0.043364657386782204,0.08911933066344899,0,1000
1.169947610714071,0.5253318008717105,0.10667810738774954,0.4877526846749711,0.10417466768683759,0.03759789821552459,0.04932884225436939,0.15519997340651026,0,1000
0.9842123679914716,0.6259163555496206,0.16777270470892167,0.6624050478522759,0.10843950857046314,0.037738142599607935,0.0474696736178279,0.2070586910019112,0,1000
0.9737386523605512,0.6254033886981025,0.18742211899835023,0.7473022789826743,0.10635642984214307,0.036933400350206515,0.04422990176067879,0.21964983655957182,0,1000
1.0852083100022851,0.5872964050628847,0.17195716096082225,0.6429716213783894,0.113732923583529,0.03935562591421997,0.05143026073794392,0.1916302298261526,0,1000
0.8991954807437388,0.6301321218974583,0.26456562561700553,0.7449630021517343,0.10605281289276466,0.039951818373463385,0.046751101211093785,0.22900019098099517,0,1000
1.09688397513149,0.5798168260084827,0.13514377659233504,0.6522006572146561,0.10383976330408161,0.036278555492158644,0.047553711726087175,0.17704602341809633,0,1000
1.0972009865094003,0.5891500956160021,0.16327129326778073,0.5704757311085505,0.11082126023723927,0.03771296917620728,0.04616800117999212,0.18249196770080695,0,1000
0.9744593355904831,0.582561882863276,0.19845446038333597,0.7262530264884807,0.1070051007549286,0.04155206355802526,0.05736323275659441,0.20468801087680663,0,1000
0.9587654893853962,0.5997224409821162,0.13118634633347998,0.7276429967146261,0.09839096281167481,0.036537831769236084,0.0472776117525187,0.20482274405842602,0,1000
0.9838039484437271,0.6155544145138682,0.18741650717945282,0.6931256379476611,0.10782645278848514,0.03853683842437667,0.048342038877183774,0.20855959419997366,0,1000
0.9864388464660074,0.6087831341864534,0.2972752707983427,0.718227785721982,0.11517664059297762,0.04217800193265502,0.04862080361574814,0.21694172905831405,0,1000
1.133284816219,0.5559400472513034,0.10096359854501942,0.6948886082919964,0.10737632475654162,0.03734368397266965,0.051019041601070625,0.1846599832014323,0,1000
1.0361530710784017,0.5399197261732028,0.20559492439830634,0.6922389160378167,0.10438689824213737,0.041629940920003806,0.05596658096739942,0.18718600416643077,0,1000
0.9324055904187144,0.6256513487279787,0.15297431075617285,0.7550376190048518,0.09752874813216099,0.03498233590698654,0.04017639101777744,0.21798220952664493,0,1000
0.8179312373506551,0.68622902214177794,0.23431659252655673,0.7920267281683434,0.10042656025226752,0.035246348404004695,0.03922653459486073,0.256498442913838,0,1000
0.9665160747530552,0.5736245030412729,0.22401521354881515,0.4724486234954778,0.10273378784372068,0.04125723745159598,0.049946781759762325,0.17453799919074195,0,1000
1.2812611884880813,0.5114344061206297,0.10949732136308278,0.40395131357889663,0.11504886031767321,0.03987120599575507,0.056536209731803656,0.1420729358407793,0,1000
0.9547233565686307,0.5913783889405761,0.24502256661682215,0.7016590970824338,0.10314936876290974,0.03990875550729466,0.045970537837035,0.20754508779178524,0,1000
0.8864288612891426,0.6493522856749537,0.2228394385579505,0.8862220731872115,0.08961673871505964,0.03451726800125027,0.04416211681145722,0.19613847827204264,0,1000
1.1164085747228016,0.5337942173322812,0.16991871019213323,0.5738750608470068,0.10658345118462581,0.04004402904096378,0.05272775209656907,0.16927051715264096,0,1000
1.0269381983810069,0.6145442589430818,0.20397907449309627,0.836067392883731,0.1133679078880957,0.03871740377172306,0.04966752210107734,0.22411824741105038,0,1000
1.2414132337671948,0.5148961914043808,0.1794810499457831,0.6055584068758739,0.1194110073801413,0.04240355109692573,0.06090592237970975,0.16651639588458714,0,1000
0.8912419864863309,0.5963342934860858,0.23395129185302818,0.9134077257388644,0.09334865845889224,0.039090635116286125,0.051468296146495666,0.21268170138387177,0,1000
1.096194430993507,0.578439862625682,0.2214415491879718,0.7178578375857592,0.11807519718323158,0.04172976719727566,0.05467562885240042,0.1995024793466075,0,1000
0.9811806950799744,0.6130944356786671,0.23032492270813085,0.8449383819941698,0.10969927733995098,0.03975650735118267,0.05162810679032396,0.22289858911986155,0,1000
1.3034502996391364,0.44113452250573576,0.10399199884010561,0.3523629474208789,0.10848038816530711,0.04182819340627174,0.0676356786857389,0.12437056368747135,0,1000
1.0600085412847735,0.5735215317029607,0.19424812546019843,0.6056427868065294,0.10957569103954527,0.04009383699217925,0.051165572784609356,0.18554072551284673,0,1000
0.9704345927098741,0.6348970782398299,0.20851856281106287,0.8158435958524248,0.10810861871129594,0.03677697985213606,0.042778741364962035,0.2329987492876117,0,1000
1.0987864482182914,0.5915455426377236,0.21509700265736162,0.709590356330188,0.11612155638828829,0.039644620784210605,0.04822302774021209,0.20130105994052983,0,1000
0.9546898163721727,0.6117288029767285,0.14065196322295218,0.9997432366106517,0.059221132839445946,0.028544435215181567,0.04149277927805844,0.015634427450503027,0,1000
1.0528571130565223,0.5777111951331036,0.1071345193095265,0.536965654801843,0.10558927033933133,0.03815833066619852,0.051597683203683735,0.17523760502930003,0,1000
1.0628608826628498,0.5746780391690876,0.2186406257321171,0.5889574623674282,0.11687598745121824,0.04286998843692165,0.05790001703287381,0.18561857876896778,0,1000
1.05493218607679,0.5649154081749513,0.1901972282317399,0.49490527510676074,0.11053263156425557,0.04177447264147102,0.05552621636061844,0.17076823105999953,0,1000
0.8427101292785325,0.648950206404944,0.25028979336485113,0.7143785778654315,0.10003732859958248,0.03812846832160315,0.04331694898601062,0.2326203015685629,0,1000
0.9916387986388105,0.5746068551996328,0.19816611322557037,0.3093970911241874,0.1052970519297135,0.041506344712894536,0.05155289157018371,0.1549811514069644,0,1000
1.1233449991002176,0.5323800298120019,0.06100009607491822,0.6777386212990266,0.10017363249129851,0.03631230538539072,0.050837756872999434,0.17555626250170808,0,1000
1.1342012499471221,0.5353083902356106,0.14632019350437736,0.5911449624864104,0.1098146170671791,0.040501440615442974,0.05705051451781967,0.17050983005868736,0,1000
1.051737886921267,0.5573506751246214,0.14706230027076353,0.37069253353683124,0.1029951862723253,0.03927677691176518,0.0497621348858398,0.15419016386986567,0,1000
1.083251489565687,0.5589948685662983,0.10986981378200242,0.5528429372044386,0.1063068527343326,0.038784917777631586,0.05345322955968782,0.17221911511485022,0,1000
1.024069740851544,0.6036711653639538,0.2426166506633614,0.7722379079333477,0.11556696836455799,0.0409160616219644,0.05119627938864392,0.2184039374341917,0,1000
1.0128972343949412,0.607493334690345,0.20854996608816273,0.6461582433265771,0.11333936392483951,0.04034720564440896,0.051998268219965116,0.20186170000724474,0,1000
0.9670947844606842,0.6414355930977274,0.1901279892277037,0.9223328034215204,0.11072980823557271,0.037137537166708874,0.047194849971318904,0.24805002403182672,0,1000
1.1590874996765597,0.5628867631579789,0.24569970467434568,0.6267738684616704,0.12080078871645947,0.04193491201069897,0.05146165393785077,0.1840371966688005,0,1000
0.8718039433019699,0.6350903676159068,0.27539357670222714,0.6631261549085475,0.10781279951281092,0.04187687107079629,0.051381832771371566,0.22195585995856437,0,1000
1.0233063846021102,0.6232627769944028,0.22501728175468558,0.7542296543995898,0.11467676265508223,0.03863838832210979,0.04650823562054663,0.21971171092837874,0,1000
0.9846610143782838,0.6040119425060065,0.20660729478157663,0.5538725244337459,0.10737402028087148,0.03933306612110354,0.04778935581578673,0.19091542676602105,0,1000
0.8021296555719254,0.6682587426728271,0.20684943399780562,0.7745401144598958,0.09391277321227873,0.034883441948564686,0.03845159938099916,0.24692881739634037,0,1000
1.0442425932065655,0.5839745181461321,0.27193490446054225,0.616367906854997,0.11541301373530997,0.04226788573322928,0.04968890003334581,0.19418464372162547,0,1000
1.0495257360489332,0.6063316422480757,0.17375443867853838,0.7023027845743015,0.11405694402031936,0.03913761501730099,0.05221887877607376,0.20389301894360964,0,1000
1.0607653434914255,0.5725095586847342,0.18157952059421234,0.7003145934300711,0.10585349824318716,0.038144796495296146,0.046485904255337156,0.1948190485907456,0,1000
1.1513866478493815,0.5395033275097859,0.20782867284038772,0.5903468556652455,0.11810997629617138,0.04317011903565735,0.05951966593742638,0.17377803849390963,0,1000
0.8432746173212085,0.6757242656967263,0.2113383221010205,0.8479983653056515,0.10030271173794413,0.03506497321343757,0.04062548096414238,0.25391637218293295,0,1000
1.007310812071395,0.5689870055372478,0.19218012677832533,0.5704214875522704,0.10409239954026271,0.04027340489735973,0.05145441022362331,0.18144344996537554,0,1000
0.9446270927192902,0.5920602996138132,0.2539323271312114,0.8688437464128413,0.1034078324665701,0.03995139237943817,0.04760603782056133,0.22834192089062594,0,1000
1.0500918363091774,0.5935185270570411,0.24680485808760488,0.5907739619295411,0.1149153620474397,0.041036594744082895,0.048911868330068685,0.19162932072994032,0,1000
1.0684243651319203,0.5567158714219037,0.14589721862748772,0.39810407991928437,0.10161390720624236,0.03789048248685872,0.045836157740511224,0.15640475517659597,0,1000
0.9689900793023183,0.615734978271252,0.19692220569579721,0.6641051644348593,0.11004339921821882,0.03991424107204228,0.051894191219922094,0.207483360127246,0,1000
0.8805282896456664,0.6493577031057465,0.22227358833049018,0.9997587425248952,0.06106673439234518,0.029376046310154225,0.03967594556479353,0.028256998569840305,0,1000
0.9857534642760604,0.6366838151338414,0.17571528959370655,0.7543441559911985,0.10786402532263469,0.036057007493023714,0.04263810207628946,0.22305537516129365,0,1000
1.021849348437916,0.6037941717054043,0.1280679755729584,0.6720073953880209,0.10307856347886087,0.03553255012468692,0.04299897296990218,0.19921826112627355,0,1000
1.1492632708849104,0.5359092602857983,0.22618677601684445,0.48888121688494707,0.11996631503871431,0.04468749092128296,0.061035413350817684,0.16270613085083363,0,1000
0.9845671580748528,0.6178077942870764,0.2245686309614028,0.7570873187396071,0.11062644748391126,0.039028119062490194,0.047818267211826186,0.22076156024761429,0,1000
0.9874952273434618,0.6024614006994177,0.21293052892696068,0.9447309424325109,0.10900114337167827,0.03992308324423023,0.05459291201961777,0.23041402379583723,0,1000
1.027112347338894,0.5779430099682781,0.1705482287405815,0.6627776417196638,0.1079364388832391,0.04008271152683866,0.054082275331226434,0.1933317196331103,0,1000
1.09874287765324,0.5344263382027664,0.1724726602169819,0.4621034616495276,0.10787671808975934,0.04157303003223962,0.05620621824912776,0.15837374756744993,0,1000
0.8894099812749052,0.6330155739998673,0.2426457539805667,0.5354229524774333,0.10456872997231144,0.0395909754766558,0.04531394650145312,0.2036213317792713,0,1000
1.0007898281615704,0.595685296575877,0.21001031291350014,0.5768793949547567,0.10450081089689504,0.03823758180338663,0.043212118879364894,0.1903947354308298,0,1000
1.0787611888338187,0.5896012464958641,0.15346572948046835,0.7253066565232699,0.11632615497124112,0.038536004826069836,0.04755619697604536,0.21882442522906437,0,1000
0.9449799088888415,0.6147689000777857,0.20702553224968523,0.7055845074169318,0.10150587285721215,0.03716879613436409,0.042447262374444725,0.21272979694851826,0,1000
0.9039404391123301,0.62573914254891,0.2183050967527589,0.8527218066433789,0.12595634569598554,0.04296050390348657,0.04567774306052271,0.31972107821170587,0,1000
1.057555410423251,0.5321945556715231,0.2018137481897839,0.569587523673254,0.10702277822899062,0.04293438667618626,0.05935720404057289,0.17162706789349746,0,1000
0.7997721228500384,0.668270194739671,0.33209006284550574,0.839231030072062,0.08448754019522231,0.03681098988274434,0.045641064260580066,0.17624679677594848,0,1000
1.0290242182020297,0.6033703040601714,0.28986530188205223,0.4558429519936738,0.12626966201032347,0.045904759628824926,0.05729087224793973,0.18229133315944146,0,1000
1.055593897938173,0.5549735628247708,0.08492980757414104,0.6922376928097016,0.10141103858893187,0.037786893246817096,0.05387475164922931,0.1854922782491366,0,1000
0.976976210502631,0.6289608823321176,0.18516637923833082,0.7569650254156315,0.10644300297054847,0.03658037263387132,0.04353819737583387,0.22070931980792094,0,1000
1.2039283744103715,0.5394620277631519,0.15712755413978183,0.5340241251051244,0.11559960495800214,0.040163261510834554,0.054122825793860276,0.1641153286295085,0,1000
1.050917090838792,0.6156496328202222,0.18327378466246416,0.8292845874862553,0.11271089178137383,0.03739667875760886,0.0469036230628854,0.22128245113610764,0,1000
1.0457522001385895,0.5458136343493637,0.15372643875115388,0.4068278695867415,0.10087669264196235,0.03962350373806234,0.05094551700941903,0.15534482795261356,0,1000
0.8069800007450647,0.687526009037569,0.2560182591960941,0.9395066503289856,0.12014285439333698,0.03922681830751902,0.03929781975999982,0.36299964789134476,0,1000
1.0209615972916644,0.5875371027070685,0.27545208609086336,0.6704954140779883,0.11639704037851407,0.043391873300283976,0.053856840554115194,0.20236484333947263,0,1000
0.787947323778351,0.6406163760612297,0.211152158220209,0.8012465608745695,0.09237622260660558,0.03778083051351751,0.04631065941391089,0.2414585601083703,0,1000
0.9478038379381604,0.6443146188003241,0.25304119055253516,0.8968606292649253,0.11183246105148899,0.038538324882092155,0.04589982929844315,0.24881775179767693,0,1000
0.9321914893822273,0.6233499180300183,0.21717728285328888,0.5769904319450018,0.10763585219016883,0.04008300868438008,0.049759931265219375,0.20130479840155924,0,1000
0.8522930547113965,0.6532334787130077,0.2078047521067046,0.7210315791327359,0.10285746228628828,0.03817921377321969,0.047705513131547805,0.2337756590987473,0,1000
0.8865541988979699,0.6598350398464676,0.2076088094412137,0.68863925205693155,0.10378205587227102,0.03664848262141407,0.04136644367166428,0.2291063508928796,0,1000
0.7653167347619599,0.6508019940101184,0.19327581115347714,0.8162094244857518,0.08934715805324538,0.03620390179032815,0.04350010329246917,0.2474797264457459,0,1000
0.894057997197443,0.6503186621433475,0.27216617506159735,0.7111711733476038,0.11102225376552709,0.040778153455359095,0.04781966786190356,0.23122189615487876,0,1000
1.3934693681989885,0.4783271215956069,0.13146774808926573,0.3907419849400716,0.12374743997896345,0.04239688498260893,0.06440152434282992,0.13375039876993586,0,1000
1.0186567604087085,0.5975462043445661,0.18384596442704593,0.6924469053879474,0.10867637168375849,0.03867743743668507,0.0488390487641676,0.20439601734929533,0,1000
0.9347620437546873,0.6125899958310616,0.2396449256947501,0.6922029534714944,0.10632832803160505,0.04024426989738778,0.04904539948453477,0.21321622128024534,0,1000
1.0409333678147215,0.5795108202916528,0.1395197308041969,0.6345545750546288,0.10282514020086149,0.03715133081013764,0.046917798089534925,0.18741344860263615,0,1000
0.9200546608604312,0.6325588800219827,0.15291810400294753,0.9243840714186395,0.08435253911595005,0.03279729986916013,0.04515237988164492,0.17724618279195312,0,1000
0.9406764020295956,0.6312691965433879,0.20750691032407412,0.7942985345794974,0.10415396735516574,0.036913280036362954,0.043068076862563025,0.22871224567521495,0,1000
1.0726501391841616,0.575517728708099,0.19308363630917555,0.5593403733555149,0.10848925485112824,0.03870412558060535,0.04661677392657731,0.18009570432042452,0,1000
1.0765280338402485,0.5567678376063586,0.16957349948576353,0.5657220969571687,0.110082596602227,0.041169358467446605,0.05650526782714946,0.17540969665958583,0,1000
0.8637021850833339,0.6595849505549002,0.25208344973629215,0.9999519077929956,0.06138060355170972,0.029675475707611348,0.03964608541387643,0.004860770177493813,0,1000
1.0130553548179317,0.5912469046934642,0.21439515113120103,0.6761751805502624,0.10995143193900705,0.04045867251167913,0.051563591773560964,0.20024011451154,0,1000
1.0701937976485394,0.5796903425839048,0.19724696924605611,0.7912145410571395,0.11396127192740538,0.040411156175413805,0.053415984027313346,0.2110557485840751,0,1000
0.7813522210096194,0.6447959750889457,0.23168909845027427,0.6627351676474305,0.09352967804704893,0.03866848881047715,0.04606362126082374,0.22665847838639372,0,1000
0.9940463285083048,0.6055217057313679,0.1672508400235551,0.6051048065206693,0.10486631220351575,0.037620958878504814,0.0462294030845483,0.19412759514100003,0,1000
1.0747152813259098,0.5763924104195733,0.18742193191766368,0.6240239786340984,0.11084588617082688,0.03959477902778578,0.05022029922713291,0.18785813039893923,0,1000
1.1881464460907052,0.5381508176811546,0.11032148311070362,0.6448238224504949,0.11292925593328179,0.03949383906619383,0.05749634478299456,0.1739325472297668,0,1000
0.8820998602306497,0.6411128084822231,0.17335762421272632,0.6781906067541441,0.09994715783834486,0.03666098666767312,0.04465140918821261,0.21920101322832,0,1000
1.1121660154703987,0.5659530182647561,0.20137136561055083,0.7060773823172349,0.1166346515007977,0.04140345890382273,0.05567124969752306,0.19527659343426543,0,1000
0.7659761224160248,0.6704248794117189,0.2885576727545928,0.7826158420788027,0.10506918231172893,0.041509643365606926,0.05124053007804586,0.26460582897828283,0,1000
1.0915979705604462,0.5476761973278808,0.1714999055958687,0.6115162262969225,0.10388745064507181,0.038413636468886715,0.04744901917303783,0.17680130907875544,0,1000
1.248348742777461,0.5275334718164842,0.2008013165145221,0.591555052531147,0.12200969617488276,0.042321916300041125,0.05762317035034444,0.16733957906090136,0,1000
0.9217209933221719,0.6503972489757532,0.1787567053432739,0.6064183239553422,0.10403491543280799,0.03616845554216475,0.042236838073431884,0.21130891367117324,0,1000
1.0885749718310984,0.5691342974475471,0.20033583670430183,0.5272256926980254,0.11582501613573803,0.04210580621912047,0.055995339299527255,0.17537409295622408,0,1000
0.8780228752228344,0.6342996482031564,0.19708010225991707,0.9995342734345226,0.06186954007963194,0.030366521996133516,0.04447549932911384,0.04463096146720677,0,1000
0.9801508566018652,0.6029039913089137,0.23166519275559902,0.7273047222439607,0.11197568219793928,0.04164483819224785,0.05478217768937843,0.21223457447122154,0,1000
0.9483703306633321,0.6099371340759223,0.1535832869746277,0.9076242005880149,0.3161866017315922,0.08669145214548965,0.050576389425307254,0.9035291581668659,0,1000
1.1533252228835804,0.5765940535499517,0.14052671661985844,0.7084416636899219,0.11433121550593131,0.037808644130182575,0.049642182893033265,0.19211274478531848,0,1000
0.9760600737797873,0.6193773378077307,0.27558798771460963,0.9182639714879528,0.1189134743296813,0.04213772063664591,0.05284746279839933,0.25200452059125744,0,1000
1.0749532493023943,0.586762686434689,0.19311686394655334,0.7807905739813635,0.1132693845339902,0.0393064007948518,0.05058229810053897,0.20877533825110917,0,1000
1.0363787513823566,0.5704589211749306,0.17860086453339238,0.593845493095328,0.10634717568166194,0.03989036087679483,0.05204596510217378,0.1828812066431146,0,1000
1.2120659794828175,0.5254352906844529,0.10457261796444503,0.8327422244734102,0.10899687392883527,0.03739849493766942,0.05264565157417589,0.18941410401349845,0,1000
1.0087295781719623,0.6068118647527443,0.1738921400921506,0.714030644734976,0.10697654225544488,0.03792339518403159,0.046522321924475564,0.2070405181524647,0,1000
1.0987358776328746,0.5489201731298013,0.2207185781625786,0.42779363213329363,0.11686392385909943,0.04435830321964975,0.05969836114075755,0.15999944197534008,0,1000
1.0255335327959307,0.5975845857870601,0.2685908812114399,0.42009278985262366,0.11574108088286614,0.04226672123515647,0.04791787410604907,0.1752975514897649,0,1000
1.0302530673945698,0.5351088631678155,0.14764111093767512,0.7284498589533686,0.10039690047758353,0.04013462260991214,0.056022117848972174,0.1885424198097655,0,1000
1.0476721863228011,0.5352182723343231,0.09233734029644036,0.5398010716561467,0.09495933445419717,0.0367031875244805,0.0489086215655307,0.16498523345789437,0,1000
0.936498621018348,0.6090184813749187,0.1289954733591596,0.7060248853777097,0.09608994391990264,0.03535906633072995,0.04295290978298449,0.20726272725502135,0,1000
0.887264188654677,0.6416668892486059,0.15018270941596037,0.8734861899110503,0.09598020166844103,0.034083314739949196,0.04001433962119402,0.24028059538560748,0,1000
0.8464514603631847,0.6580499533865487,0.3050494002399585,0.5655756304224181,0.1080496066640322,0.04083892667707517,0.04458642996892864,0.221121106949206,0,1000
0.9865524908366845,0.5979347850921017,0.12322724579560539,0.6533709939810931,0.09748226507197684,0.03498457483248175,0.04083524837325869,0.1959553910906548,0,1000
0.9403380773886149,0.6360885548565015,0.29760229258644044,0.6671183256052406,0.11346009553366823,0.04088778994169253,0.045690240515888755,0.22024307434173912,0,1000
0.970958927043674,0.6143836481079502,0.2892031071232181,0.711855842942454,0.11488716166977916,0.042133249422716075,0.04955830849817542,0.21813526822812548,0,1000
1.1005055843640033,0.5830132462953824,0.12351719901805225,0.64268614598650875,0.11383615496040181,0.03916201422419265,0.05502660390525682,0.1876690605825416,0,1000
1.0659364182550806,0.5872532726352567,0.2322547987114353,0.515299859277779,0.12169267599791994,0.04384204788398628,0.057982330413835576,0.18099287273114742,0,1000
1.0504301593909393,0.5981922193928977,0.1776259421391471,0.5012410613444034,0.10916782044335471,0.03820672283415466,0.04557782578971297,0.1792672606313095,0,1000
1.1125304044596112,0.5950642894970563,0.20089118511588994,0.8703540548267578,0.11679327625337405,0.03851930707076579,0.04875514136688017,0.21905365097683077,0,1000
0.9991252191230193,0.5981921783956233,0.1570175523605153,0.6383671717775286,0.10568266226645276,0.038196677879829215,0.0490671418594162,0.19638605555460337,0,1000
0.6864168748028361,0.7183147750461821,0.2959285659497747,0.9872891010361431,0.07003247720223676,0.030976273617225956,0.03896309640771884,0.17294146805386088,0,1000
1.1549062941350179,0.514595197937872,0.16184067589833506,0.41801193144361676,0.10635354956489279,0.04041532263794451,0.05341294575699703,0.14772891763954915,0,1000
0.9595109050889287,0.6263104247199993,0.17010419302340885,0.9950966709949457,0.10148473422070838,0.03546133851081162,0.044743998283612425,0.23923794144200608,0,1000
0.8334480032050917,0.6293452360596851,0.1808844391561179,0.9416602021515348,0.07576637702538301,0.03362172471387366,0.04701688511620347,0.16753241667379237,0,1000
0.8377421755298371,0.6331137349300728,0.2883625261335231,0.7816585647602191,0.10142736261615425,0.04110822244534026,0.049838766064281524,0.23240135717320187,0,1000
0.8993361002843198,0.6235282457802213,0.21280907453941714,0.9615581860255765,0.10179056133909099,0.03818259924570131,0.04845932890563841,0.24921824526327835,0,1000
1.0994327363603575,0.5607233627329927,0.13252154282143647,0.6707984615965226,0.10626548919029363,0.03786674682124143,0.05011333586576983,0.18514362462274792,0,1000
0.9957203409457631,0.600653251266011,0.19548651855493554,0.7108902457812477,0.10771633651589912,0.03907374052890208,0.04912107074443101,0.20701927405478887,0,1000
1.214150688321302,0.5542815458711918,0.24029843077464202,0.5206476295496847,0.12491255827169329,0.042185359133583844,0.0517238540965544,0.16955381730811397,0,1000
0.9880670363364731,0.6069009290342364,0.2551171495867109,0.7523916565013831,0.10972775033726417,0.03967315790290418,0.04624397154524924,0.2169740006167041,0,1000
1.1703903942848413,0.5438610032454283,0.16493795749220802,0.6003128235821164,0.11349725058900957,0.04039037940095641,0.05177812535013697,0.1733989175820388,0,1000
1.1693457296061065,0.5606131457259651,0.17335741594225798,0.4645788453660419,0.11276044724483121,0.03870262912727609,0.046158788560262995,0.1626657353527206,0,1000
1.0516161767151522,0.5673609093582617,0.20741053559288677,0.4934316278548494,0.10814663938763493,0.04063366388169627,0.04984571471030752,0.17177543429673064,0,1000
0.982218283352327,0.5761019333346212,0.20819407232214251,0.7597087565309114,0.10362833062699685,0.04016893788182138,0.05170698885565047,0.20652027341425,0,1000
0.9970572731349291,0.5722338831134077,0.20522738880558206,0.668993174381618,0.10163017134526652,0.03915281366943859,0.04724899682728923,0.19375446842270566,0,1000
1.0443443087051236,0.567805890523185,0.1816943572492755,0.9340178782245104,0.09188545395376072,0.036126286147423,0.0501343233391139,0.1731571870761158,0,1000
0.9934024687250044,0.5901536644930349,0.21102142668393342,0.4166660521754665,0.11004993843629388,0.042021088481497694,0.053268082673497495,0.17108375361280545,0,1000
1.2102490769134548,0.4943516206238735,4.5849463737029064e-5,0.3163239016691026,0.08112711019488712,0.027570231968119273,0.003917363631318431,0.12889955230000522,0,1000
1.2120350071365495,0.51686570362266,0.15037284143890703,0.5160186827451028,0.1176588631811197,0.042853563859056795,0.06414857574622151,0.15724689133316583,0,1000
1.0691264315522118,0.565279972505561,0.2910643653488641,0.5966354949147666,0.11642009025274873,0.043903980317981206,0.052247392079611946,0.1852086018559591,0,1000
0.9825698910427035,0.62265972762773,0.2537932738473813,0.6797913035823345,0.11779838952683039,0.042189409847298034,0.054548414771942035,0.2133636295511146,0,1000
1.1587528875512614,0.52535496878005294,0.05597170324760898,0.48391470871724585,0.10285323009477934,0.037266170926694,0.05269087317569862,0.15365556823071155,0,1000
1.0040277509236715,0.5816096984692949,0.19988292985822403,0.5886298702801047,0.10828671318841093,0.041240003586522425,0.054404762870532815,0.18738990955880325,0,1000
0.9926047881723694,0.5899237616926138,0.19276137440138882,0.6328293152453955,0.10242176254497141,0.037844659957640914,0.04516700270549079,0.1943958057421581,0,1000
0.9868749972186261,0.5981578616034532,0.25232934510417243,0.5583983510835938,0.11037425959616294,0.0413279811486604,0.048652702107262434,0.19210767108793486,0,1000
0.8867759223313365,0.6504120969859578,0.166092636777312,0.9186639489135418,0.11415291920594565,0.037939682688441084,0.04373312514957219,0.3022632747610244,0,1000
0.9252473019897123,0.6425020072620798,0.22164822275668916,0.6663990300172702,0.10392623860286977,0.036532957758601874,0.03955226900997793,0.21917089182425797,0,1000
0.9500635941349436,0.6312056640197097,0.18632515060335353,0.938044283001183,0.08562130657954865,0.03357478619395415,0.04781475084399049,0.16079160539867762,0,1000
0.8351460867260188,0.6457413499156545,0.3029095105777856,0.8492255348811405,0.10438576292125575,0.040663347708459904,0.04700310860261123,0.2530344329003756,0,1000
1.0894685257411654,0.5626230871800698,0.21425895696704905,0.6782847917975238,0.11837297793435195,0.0433898378360732,0.061238622475823096,0.19226323479592344,0,1000
1.1391583054587286,0.5523738357104866,0.18682864467901766,0.565054613102261,0.11380269162813428,0.040869397098602975,0.05412162170859195,0.172707883559678,0,1000
1.020009192630853,0.6167013586520117,0.19079499827021762,0.9972716564528553,0.11111161668104665,0.03718346934524085,0.046046200098344585,0.24971175851368022,0,1000
0.8914869147929582,0.6348249315377968,0.24000249225535666,0.8637610197034143,0.09183299056029272,0.036298729929823415,0.04601279265977003,0.19979796254653417,0,1000
1.1632034084341913,0.5208614058709587,0.15054375823079919,0.49329878283652173,0.10933860225137383,0.04060702888456142,0.05608804433817957,0.1565800830513127,0,1000
1.1852534230643479,0.4999682671651989,0.13034973836967403,0.5931175754038798,0.105804008501655,0.039685701719808224,0.05661298513044647,0.16093614278727494,0,1000
1.0536360680326244,0.5532971067763834,0.0970746852686743,0.5727568137759744,0.10121670569045642,0.03812123326803631,0.05284210434147081,0.17279671862394194,0,1000
1.0848722993569029,0.6010172000272656,0.21236658832147043,0.5869849295980529,0.11447495985928959,0.03865947340068681,0.044858901156161785,0.19015488972930256,0,1000
0.863599301503568,0.6466853407690761,0.26896857781623534,0.6692234232477831,0.10591036652571413,0.040177679465459436,0.04671263388943064,0.2267090447736654,0,1000
0.9099212155137228,0.6288733839012636,0.18947877218121154,0.6480809757188423,0.1000144268197089,0.03695393225054646,0.043497339779191825,0.21009749576897435,0,1000
1.001150984523965,0.6023336416832648,0.18169867995077066,0.7049025715999034,0.10712037161709748,0.038421843503770065,0.04832902032985744,0.2059349678632857,0,1000
0.8944229955568554,0.6473124704746416,0.2389618175467923,0.9507410649389333,0.10609149834680344,0.0378287239620576,0.04553341202707678,0.2615091186457685,0,1000
0.9643921549302229,0.5963852036335713,0.3286170695837943,0.6809466960050181,0.12034640206617403,0.04694332201649766,0.05830518486324223,0.21231582741305047,0,1000
0.9768663776411773,0.5988395217276367,0.2147424622347852,0.8538045512332055,0.11313829679803036,0.040108687277267706,0.04656030206560716,0.2531774737308111,0,1000
1.1565597798645961,0.55989929258634,0.1331192891561877,0.6643635933472924,0.11103179852361122,0.03780310273002717,0.04938777713588079,0.18297902388736598,0,1000
1.0583278014035495,0.5853670506791678,0.24955884031523054,0.7389209679827943,0.11483182581206017,0.04108717696937551,0.05010451022164142,0.20644733842990035,0,1000
1.0806224406762293,0.556351690740847,0.18895557158826504,0.5396198055351445,0.10798615727724546,0.040206869115129176,0.05062090475940876,0.1727080781299711,0,1000
0.8841479104734328,0.6267027627776075,0.23714287018511443,0.8126938154492749,0.10568364895232837,0.039492984912702395,0.04522851685284371,0.25147895500965195,0,1000
1.0528799204330392,0.5617011579347997,0.11599116023206757,0.9272778285064426,0.12352833772557324,0.04139664234168226,0.052456453419805725,0.28167722714655297,0,1000
1.0636372263513223,0.6013906140154307,0.20554241897859177,0.7903464943944736,0.11409130863629664,0.03885433834061038,0.04865668116148981,0.21473631819238634,0,1000
0.9884208546779484,0.6281761150988803,0.17781467999163436,0.7298998080231245,0.10671496723454757,0.03602016819495899,0.04345689293890438,0.2167313586353249,0,1000
0.896502532048218,0.5994362752519313,0.24074213431050145,0.7415402226186838,0.10657674514313846,0.042043591141482435,0.0508797670662665,0.2338061340926321,0,1000
0.9842124240174756,0.588278016048795,0.15680205033446745,0.7085900910484988,0.1001667072345802,0.03733960448143712,0.04676977997900625,0.20087034592949318,0,1000
1.092201609889584,0.5388473055534383,0.18688327179186728,0.4594838216322723,0.10939053404277398,0.042081507154109694,0.056405366868000927,0.15993924803783485,0,1000
1.1006674936323524,0.5556752436956109,0.23148758761057042,0.6543069550503936,0.11194022383693297,0.04097987331715301,0.04990220758527188,0.1862443183537881,0,1000
1.1126751506395556,0.5595093507574743,0.19215870005841837,0.8428964769409298,0.11436183849587707,0.040739972404713484,0.05618976825844197,0.20681999334658902,0,1000
1.1159585365836437,0.5404983815612834,0.17160704363776885,0.5869316382231842,0.10755234805943331,0.039891859790555075,0.05222717437427592,0.17217632297089025,0,1000
1.012337048649928,0.5771039006692561,0.2058408897360702,0.5343148807273024,0.10516108735792028,0.03984819879646024,0.04855657914728814,0.17990998753856244,0,1000
0.9182058692894224,0.6077752838691186,0.24750662439783921,0.7772893964473385,0.10525038336166935,0.04091241287070474,0.050867947319674756,0.22387601860805292,0,1000
0.9586950529598874,0.6146660685623396,0.21360074796610998,0.7109946521651654,0.1064455686081242,0.03877546410316994,0.047202991799898245,0.21418886948438992,0,1000
0.7532604511232537,0.6872948351494691,0.2898566453440846,0.9960184163749836,0.06736738203991481,0.03161609011565415,0.04006181863690078,0.12490121172364645,0,1000
0.8308072844432542,0.6811765708057617,0.2747516897303203,0.9138849665178514,0.10411673470846107,0.03675837423594894,0.040880525670225175,0.27399285955866814,0,1000
0.9193512174729932,0.6450961171447525,0.20810768945777328,0.9139446545702429,0.10708644469518241,0.03751590203645201,0.046642356018074226,0.2510580005671055,0,1000
0.8899613832094883,0.6294761595766608,0.24947847624551545,0.7725357177217979,0.11090007125479483,0.042623288703678965,0.0577058891031804,0.23142076108113724,0,1000
1.1426316310407447,0.518805046175509,0.27219324511913834,0.5234799343155668,0.1208085550461373,0.04732401425032497,0.06442490822915906,0.16375405438455476,0,1000
0.9309535773178104,0.6367254560423133,0.2501447579664122,0.5204069669668119,0.1078565997839675,0.03898175370974236,0.04276511650697075,0.20074915813563735,0,1000
0.991213794898617,0.6159565287054811,0.19405519251754308,0.6998494407504986,0.10694696494760043,0.03734357065147943,0.04454666723731215,0.2106050575249817,0,1000
1.0825813598403249,0.5458378883236372,0.16907006181947168,0.649381431998507,0.11076981138684801,0.04220415208779105,0.06063697407415425,0.18172436675034329,0,1000
0.8114063746026727,0.662141148325802,0.28619365900458493,0.7105839962414671,0.09981939950067269,0.03813359046409233,0.04014479285932131,0.24184124228090093,0,1000
0.9784614565243341,0.5981088542179215,0.1520302707101489,0.5284644951587976,0.09948498110841396,0.036549022126975174,0.042884250244092065,0.1837621722741385,0,1000
0.9111161845396237,0.653613256600039,0.27859604876573474,0.9453544641991047,0.1062137342685917,0.03718729279835763,0.040834074231574966,0.2544994082505241,0,1000
1.0546612117382677,0.6141433903281472,0.22475964562970205,0.725135392252425,0.11768719256750787,0.039470956205725556,0.048505138696015276,0.2126922160410323,0,1000
0.858304351269239,0.6597175176066542,0.23677380791777336,0.7179158314296553,0.1018320365221673,0.03698536772496069,0.04157330508701566,0.23509744885219938,0,1000
0.9783025021506107,0.6116608514212609,0.2112555599291364,0.7056576659749046,0.1063167254583797,0.038202226098810195,0.04504376755700289,0.21133374016852444,0,1000
1.2294420944437845,0.5094924667406443,0.005025610974156263,0.5753064413684075,0.10590530873733964,0.037032855537867705,0.05669549052901624,0.15689658107867996,0,1000
1.0409948459455884,0.567213216140225,0.195029443175422,0.682449677476443,0.11229756018438641,0.042671242976514666,0.06067832139542826,0.19304911134296793,0,1000
1.0153237474127124,0.5923901566710003,0.17138154961522636,0.520145497476017,0.10619939458524677,0.03886586233777662,0.04848824773876508,0.18085796859112688,0,1000
0.9666852479597737,0.5801673779760621,0.21644456752735777,0.6430937076455794,0.1021640717064363,0.04023757996080814,0.050157669880884465,0.19429068002288458,0,1000
0.957013225019707,0.600833857184106,0.1430778142629301,0.5586135412003627,0.10322210947764544,0.038795139809254336,0.05155434512653069,0.18869044363382287,0,1000
0.9160391880552076,0.6321917948459266,0.1719687116229504,0.6411256643641255,0.10179579731276313,0.03730043488619352,0.043615412608018704,0.21024404606192995,0,1000
1.0530590331165792,0.5488803245533777,0.21659277963769158,0.4932072587345919,0.11005861671227708,0.043278108145391785,0.0579870788558159,0.16741186888524195,0,1000
0.8940008082056794,0.5969949708930644,0.26153283694841406,0.5637220903180449,0.10151117130040926,0.042070357726832985,0.04965489564699774,0.19550141842397234,0,1000
0.92276025255416,0.6397596729689224,0.2937307213547639,0.8921340389910336,0.11001072075041161,0.039695245697155025,0.045303091661475815,0.2485496040115271,0,1000
1.0117823521055753,0.5976450793168183,0.17085809534867213,0.8834778931218648,0.10662760770036246,0.03808486370429092,0.05034069099430717,0.22253445278068498,0,1000
0.9106853869301281,0.640321743746562,0.2314730832836856,0.9844401198260244,0.10474490342755169,0.03739834599589688,0.0452667419527364,0.25667659575348145,0,1000
1.095482486098559,0.5757967516478297,0.2129696362413868,0.6309360984317438,0.11321302414250453,0.03996873006618861,0.048947459050452835,0.18824980646922262,0,1000
0.8980987487102525,0.6455240909428029,0.28205027615543316,0.558274342977212,0.11836611759096798,0.04382836585102177,0.055162933235233386,0.2133100481100662,0,1000
1.0661122748991811,0.5744093436815186,0.2534396806957072,0.4978249119236341,0.11750521081950596,0.043437253560429025,0.05381784669934733,0.17626781625676768,0,1000
0.9513836624958482,0.6359632580654361,0.22343350693737007,0.7792918516004166,0.10925170045362663,0.038058374228919604,0.0456152267041382,0.23051843573232125,0,1000
1.0131225426088115,0.6096565892287812,0.1741624865862027,0.7197000317837637,0.10494013538886078,0.03625620460599185,0.04212720994442519,0.20846061348646802,0,1000
1.0224905143292002,0.5307280542891912,0.13525804334919878,0.7448062275454127,0.1004895838462445,0.04066616803592501,0.06051687361181534,0.18883246940656745,0,1000
1.1057283411355603,0.567295259079126,0.09525273827639513,0.726583680806322,0.1075095491616852,0.03739332816532195,0.052180662145231295,0.19086318636983265,0,1000
1.010006540267798,0.6102045475652188,0.19926359341075756,0.7363967106757243,0.10859513739865805,0.03808093707564482,0.04647490996978281,0.21143800422636272,0,1000
1.0177796304415807,0.5793312709307612,0.1640254090407287,0.775511779608221,0.10152624100197212,0.03715324470178894,0.04570148652222166,0.20510438474150824,0,1000
0.9383439577098903,0.630014896340722,0.2342830509809094,0.7011145707515019,0.10643674984948823,0.03843333498719114,0.04479437050452521,0.21905121953309112,0,1000
1.2909082328353036,0.4844522811029528,0.17581661079227343,0.5212783226459063,0.11632369302436532,0.04196185964188268,0.05894446915286678,0.15032998248946866,0,1000
0.954110498855532,0.6086220578559732,0.23979693558574064,0.7226877106092441,0.10835556718242767,0.04071094339646909,0.05102712084056099,0.21341220514965664,0,1000
1.0839211256572292,0.5668857748188286,0.12490321445790438,0.6440160549402929,0.10690685291707659,0.03817833448050446,0.05133367039183318,0.18425946522671904,0,1000
1.0016065817119737,0.5972298802190528,0.23561246625078794,0.7103867903102803,0.10746362459146144,0.039201808875777094,0.045176270458528414,0.20739494533331476,0,1000
1.0829290968744067,0.5740241196397243,0.20922263595044038,0.7316252283270347,0.11258306975034457,0.040339619281122466,0.05177100205920852,0.19869257892554146,0,1000
0.9224925650039941,0.6446472209009798,0.28008641103503146,0.8733379577598696,0.11019934352283049,0.03908454788504285,0.04333378165633338,0.25076824379874485,0,1000
0.94254838173666,0.6072399020071667,0.24477692340950843,0.8263044994439402,0.10613830811115296,0.04011644849670738,0.0495151345303769,0.22719410419524785,0,1000
1.0496808523884826,0.5318825783594141,0.20231582640915882,0.5930027543724766,0.10569733225850152,0.04227992090182654,0.058673286098634515,0.17457339807858338,0,1000
1.0159679673134892,0.5907654964995376,0.2067749087356072,0.9045186775498834,0.10805640945958485,0.0389277017362456,0.04926151267085547,0.22787266117701732,0,1000
1.1468842321995556,0.5410275037302731,0.1780639988093851,0.613559777426801,0.11411493928069082,0.041532753331013084,0.05790372029051249,0.17470942497245326,0,1000
0.9919164272910894,0.6216177600637128,0.25461431806426243,0.9999824444064058,0.06924134288986193,0.03215886282914613,0.047977110174631674,0.0015536110537776088,0,1000
1.3084339952422026,0.46655078466468214,0.14314500953192744,0.48732870904253583,0.114772452280411,0.04218271405104543,0.06438298205766217,0.14249352126499934,0,1000
1.0303422826125166,0.5718693746056287,0.13404116077273515,0.5438579934049121,0.10218987423696932,0.038114759862401766,0.04944100137805564,0.1760207546623047,0,1000
0.8393317476047906,0.6460527311812169,0.18030572734965772,0.9989859660293468,0.055766988596915715,0.028601127039382182,0.03971323090224483,0.02377455297663083,0,1000
1.0395338246333101,0.5540794837570475,0.1581448182320872,0.5583693161759424,0.10752021426766059,0.0417148348762352,0.05927133836107436,0.17497555157968686,0,1000
0.9643309195108849,0.5903831152554487,0.2653370036757616,0.7166660532665139,0.10818496316720395,0.04196870948796396,0.0511705215917355,0.2101185953701897,0,1000
1.11136838688931,0.5721468816108656,0.13184997046676875,0.7723294464007813,0.10849977040908193,0.03725278835932738,0.049523460911140016,0.19695607378136842,0,1000
0.8320838971059246,0.6455519252113677,0.18708676862360518,0.9400635781466165,0.09440700509189012,0.03581188586627998,0.044025317375231826,0.2536712574884728,0,1000
1.1247908742508246,0.5973087058769166,0.14082927290066283,0.7389649375629451,0.11560193429693615,0.037518028480196496,0.04971046566891822,0.20182248198278027,0,1000
0.9990490810373466,0.5821690073533219,0.2267154371273278,0.614403983883037,0.10657162917971576,0.04069010811730408,0.04988727897798318,0.19164967893787682,0,1000
0.9771802620430825,0.595095593813904,0.18518069981744134,0.8627500907038526,0.10461796282842906,0.03870987663302879,0.05063340391493472,0.22384612275519492,0,1000
0.9706383518044349,0.6309922247421487,0.18822914317831263,0.7209276180980156,0.10964354368855483,0.03796168438337849,0.048002419164110625,0.21809144383525994,0,1000
1.1765674500012548,0.544502296686622,0.10959186283050819,0.44703560422283883,0.10951835187135575,0.03827015457809755,0.05081000436928082,0.15521409046444556,0,1000
1.0180051905772025,0.6217534699263954,0.2102244285715571,0.5879812760943529,0.11504239183481335,0.039323699362355885,0.04789076260666254,0.19971550611541164,0,1000
0.9638613960923632,0.601783816206051,0.302417433184501,0.6721244123179558,0.11402281347921019,0.04364718789937725,0.05189703678157831,0.21009516997894662,0,1000
0.9445180377855438,0.6213061054584095,0.19461890437910617,0.6177128123583493,0.10124843171374848,0.036646626994178526,0.04117416381001225,0.20358634244155466,0,1000
0.9650225001431388,0.6238873124935191,0.2483059099109381,0.6989809576045259,0.10897698007365182,0.0390327181161284,0.0447269069901653,0.2161135064413897,0,1000
1.1680825726476245,0.5295835381518359,0.0704730990488051,0.6261909539014926,0.10634129965017176,0.037850580532783354,0.05515376042849816,0.16922669500610174,0,1000
1.2452763591743101,0.532667295076944,0.14729580589007757,0.610628028889584,0.11736477270432119,0.0398997643828113,0.05474265844943402,0.16934550669272616,0,1000
1.1109766207349758,0.5414393561357057,0.1695643075069945,0.650736071970905,0.1123665829574546,0.0419995859002725,0.056483295939055406,0.17944087032392417,0,1000
1.0592891378777354,0.5838278799312853,0.22725508471353348,0.54399160183124,0.1162619420486441,0.04217856580377015,0.05395307444672777,0.18286251096253142,0,1000
0.8989217516575667,0.6410173785563115,0.14882865705465118,0.9451901764694816,0.12566208050384306,0.03979885861438154,0.04182644045971539,0.35259492425939476,0,1000
0.917795568413788,0.603327806663114,0.17185293821775552,0.8322570475186807,0.0989827327406385,0.038053783762453365,0.04974707484712058,0.2233362265030119,0,1000
0.9687486598986998,0.5835602925777519,0.23922655736039347,0.4767543454136301,0.107884617797726,0.04246305438521622,0.05265191335686435,0.17892379093068445,0,1000
1.0032457382913142,0.5752936734191847,0.17381642212217177,0.5072228286188329,0.11143118478539733,0.04340549781805555,0.062244896556494025,0.1760330655501449,0,1000
0.9929292534893998,0.5924029497915481,0.11573534984192467,0.7839069024805133,0.09876598157665618,0.03556369731217316,0.04490287601145873,0.20818737405830884,0,1000
1.0733779571359034,0.5723941663217785,0.1268439719512675,0.738968972461502,0.10396857144182788,0.036779017330615525,0.04769505521256012,0.19517638087765446,0,1000
0.8385027003480203,0.6871376768664973,0.17546797682969856,0.9455750981572898,0.09680913786357838,0.03230161003874928,0.03528785581427282,0.27036856454077196,0,1000
1.093849249931224,0.5535433887726968,0.19944644107516898,0.57448839278759,0.10959608890888217,0.0407642044239213,0.05186342576891337,0.17545004465792471,0,1000
0.9661383550737869,0.5884894522673098,0.12639569363154193,0.6200470813623518,0.09763465247351984,0.037015075609333835,0.047065296109986776,0.19032938958598097,0,1000
0.9317098206961522,0.605782785270213,0.2588382919637418,0.6790959753164084,0.10656785441316217,0.04145810445331624,0.05039103038998396,0.21020376500758167,0,1000
1.2453286913117685,0.5138805559889471,0.1096666774544229,0.555955222159942,0.11299151306812776,0.039553793659999316,0.057295555713941265,0.1586775658532467,0,1000
1.001147525573984,0.5816719977342689,0.19009790598223733,0.48916558133658505,0.10416507460212679,0.03950974484134953,0.048208988715306926,0.1760161743399,0,1000
0.9034804234730658,0.6190423674260668,0.1771040990950469,0.9856348655254854,0.10186785214369173,0.037687499966063194,0.04949765935130877,0.254673460968419,0,1000
1.0923251497081046,0.5733561420156446,0.14463549597850656,0.6653972700313012,0.10787912083530968,0.03767145501840595,0.04802299064775983,0.18881537324668676,0,1000
0.918542529562837,0.6279072568980026,0.1590613166545545,0.9149555244781595,0.0985505217614352,0.03585457053937448,0.04632312576816025,0.2329094929599303,0,1000
0.866426029369461,0.6448997853365029,0.22345168773352173,0.7149876666903283,0.10099357587466984,0.03754936226302729,0.04379287443870607,0.22884556369296796,0,1000
0.9499442829724247,0.6278179555909212,0.23447103805515107,0.7879373100011089,0.10118761085803171,0.036506637209627,0.04106622675098906,0.21573617501365028,0,1000
1.1436375103737844,0.5644009652849026,0.1577120557213039,0.48584291333369045,0.10925760415203298,0.03772627407274539,0.04501977622798155,0.1656426927744201,0,1000
0.9290495861563839,0.6054633538005514,0.22345274195111825,0.7553905967659217,0.1051376785469015,0.0402861868528362,0.05090289571604677,0.22076328375083099,0,1000
1.1855927351033897,0.5331027279433065,0.0967462548583204,0.6071980655048459,0.11635874782380047,0.041027368253072516,0.05886597787044575,0.17110150268858956,0,1000
1.212483553166042,0.5186798191277069,0.07649373386945271,0.48135410453128724,0.10443859240179545,0.036632718813429055,0.04880437987357554,0.15146739226713352,0,1000
1.0343071057082338,0.5945037282520607,0.1557157241612924,0.617413034169744,0.10584442687190392,0.03739882637326824,0.04617247783170901,0.19094146361538278,0,1000
0.9230486646793189,0.6193247962988775,0.14031905782364035,0.5170626480301536,0.09656719048806273,0.03566811500149609,0.04109975883022406,0.18970091435584144,0,1000
0.9429543178828392,0.6213247311711961,0.23132831272868154,0.5858920868267817,0.10682418062714849,0.03941144493535498,0.046236110933817465,0.20222627940504775,0,1000
0.9209490313553341,0.6304741363275088,0.21708736955672656,0.6430046652383657,0.10719622206256312,0.03955310475437911,0.04945685226416035,0.21191036959001633,0,1000
1.0598156723796637,0.5763296385567762,0.1352632876080696,0.5925353162230528,0.10256520717567617,0.03626133658525599,0.0455369586005388,0.18153086686017061,0,1000
1.1410649783889126,0.5530085091224294,0.19024937061684655,0.570424048801784,0.11400898776112972,0.04038859734855267,0.052584919362932,0.1745171919151423,0,1000
1.024114009811709,0.5912765846842879,0.14914449262875115,0.7746741348534798,0.1041080970597563,0.03690184185180223,0.046513142011198876,0.20770030542777318,0,1000
0.9841191568073479,0.6036245110767491,0.1867849713687522,0.7642028174337899,0.10265541228302758,0.03703752167761327,0.04391894212768586,0.21313904273348153,0,1000
1.2400728507173968,0.5593984310896313,0.1026551271711115,0.8082555512941328,0.11526847614507509,0.03649724761118011,0.04928355925033485,0.1933572684432679,0,1000
1.1250427597487864,0.5402015888391799,0.21565780267547624,0.4850259139394702,0.11658254581433007,0.043644313250585376,0.0586205421808509,0.16375927258174788,0,1000
1.1363001888601365,0.5697217574937794,0.17191456560907734,0.6827964156632353,0.11319354306475599,0.038716711132408675,0.049410050949486604,0.18953108550231842,0,1000
0.9020370002563641,0.6333662187403617,0.22230808729029455,0.6481561310576547,0.10367200534889896,0.03861525369331312,0.046384539610757475,0.2139885117367556,0,1000
1.0474037987402345,0.617304761701339,0.16360755413136666,0.7889251530179119,0.10796537607928312,0.03620159212948956,0.04673854244787267,0.20632891449413357,0,1000
0.9714175973008173,0.6029603809763421,0.15522616959709587,0.7680879125128978,0.10236200416857179,0.037153535559951954,0.04732528670226544,0.21347926255717467,0,1000
1.005011861586578,0.5787412534106029,0.19640921618400792,0.6245995161403093,0.10670817333013036,0.040586686191677664,0.052932118258245474,0.19069252010071092,0,1000
0.9934272520045329,0.5860531858815704,0.16750117341335793,0.5611667114326884,0.1008219924204538,0.03781399220351933,0.045704177458835475,0.18396953276379918,0,1000
0.9221510226157652,0.62374956961316,0.19108768966428388,0.905562383470945,0.10250674819848894,0.03796784433632552,0.049853703200061036,0.23460443704433007,0,1000
1.1091321086759152,0.5782274460129606,0.14719843444142586,0.7068083127312349,0.10944165022203368,0.03754913785142899,0.05006433031740717,0.18860489247104806,0,1000
1.1543905630362024,0.5545166623520597,0.13652409480081917,0.5843386515870521,0.11354119309154136,0.03958791469897539,0.05435050016730855,0.17384232339075384,0,1000
0.9344926801430529,0.5949798643387113,0.20076730584579822,0.6172776082653255,0.09902705559353567,0.03866470306296826,0.04624243614589706,0.19640590267505856,0,1000
1.119353927413501,0.5551146130362226,0.19507397856293818,0.5141309930672523,0.11754188482720401,0.043069193671372526,0.059687650509472424,0.1690896487700353,0,1000
1.144656604158927,0.5706516124976388,0.19412122332084406,0.6367423181336422,0.1191889606006979,0.040842577199295196,0.053808084530061556,0.18602120668872069,0,1000
1.0722308772580873,0.6048343596858413,0.26891845916109913,0.7378194898500637,0.11980310455444419,0.040726016251993034,0.04738129025962274,0.2128416923494179,0,1000
1.1224108433389215,0.5562444026569672,0.1737867106545415,0.36694119332640673,0.1114986237301333,0.04044256500193461,0.05094429052473692,0.15275333627085155,0,1000
1.1390484359410353,0.5538870000912934,0.1463981588839286,0.5448100233002005,0.11141039696320792,0.039377598536971224,0.05276308949947948,0.16980905240332864,0,1000
0.9704273462372819,0.6074695457707366,0.22695184170094546,0.5261195353191197,0.10954251969003585,0.040976982137099466,0.050109640405496425,0.1896940665621883,0,1000
1.016410545101214,0.605900219320359,0.21578826038063895,0.5246197695908291,0.10921068461992069,0.03880071323256302,0.044381298323256574,0.18703837520945188,0,1000
0.9663570935005589,0.6085755539468116,0.24670278138919316,0.7056669681651804,0.1095595193766879,0.040606440166897455,0.049184418572110936,0.212803535768163,0,1000
0.888657260695949,0.6474243267660708,0.24741043278071218,0.8382906443454414,0.13347997361101202,0.04397527263336681,0.04537702626637371,0.3404228253222761,0,1000
1.189602638992635,0.5326596814922284,0.13479848009194204,0.6420572516439446,0.11170615127726591,0.03931319471820637,0.05470976047352829,0.17331258979312344,0,1000
0.9713198283094963,0.6078383009538461,0.150743901388572,0.7702484402894186,0.10122448987072626,0.03648995089596512,0.04557315004861623,0.2133877841185851,0,1000
1.3051308956617138,0.5251704118895271,0.16452921075834165,0.33895388604918636,0.125234938831415,0.04209172788428239,0.057369126818582764,0.13986217029434075,0,1000
0.9695910989856261,0.6128018141667517,0.14645971958229073,0.5686769191540278,0.09967751951571323,0.035838124395035295,0.04164824635603913,0.19159562621996748,0,1000
0.9925770524722355,0.5884766179364705,0.1659899930364281,0.7044989963231296,0.10214060786745985,0.037705775451892874,0.0471403533915787,0.20119816724472295,0,1000
0.880610083469359,0.6476047506981665,0.25901393030953895,0.5458047679897645,0.10599140657123508,0.03935132805193803,0.04427778722460405,0.20999964241282765,0,1000
0.9735806742274622,0.606984309938913,0.20003766362190978,0.6046708403541472,0.10443918528045455,0.038486803788377766,0.04507230570379863,0.19693283273194145,0,1000
0.9426273673488498,0.5989389455920969,0.13754105682217208,0.5079753864690877,0.09652252327328693,0.036639496017933135,0.044134720263875285,0.18205693940369475,0,1000
0.9607722842923974,0.624029378634072,0.15682681182644587,0.9406882898524019,0.10432169864348001,0.03645329099572653,0.04765927277334855,0.23851980199939748,0,1000
0.9826749680722516,0.5842907627290616,0.2462786257555829,0.7009972757119332,0.10744780673779462,0.04130307653570859,0.050668115901828105,0.2043396242448449,0,1000
0.9980855831101173,0.5955344131972101,0.16101386709893414,0.6581748322531565,0.10186490943403201,0.036913513782702835,0.044597337857783935,0.1968567931756534,0,1000
1.0106380015471763,0.6065527713162187,0.24950947519571723,0.682124913067883,0.11102033580093125,0.039980652518488535,0.04794985477697293,0.20193029080818187,0,1000
1.0098571733229582,0.5880381591797178,0.2051073965826607,0.4687330415599688,0.10875359073318447,0.040726110092995316,0.05045434323546507,0.1757652533397844,0,1000
1.1009048355642503,0.5746722946579848,0.12382562384076057,0.8167205166843527,0.10731457025752367,0.03667489558332962,0.0484941434400547,0.20374151045091313,0,1000
1.2024906822938066,0.56221071267169,0.24099366954544943,0.5314726194980383,0.1250901434177522,0.04229654870499915,0.05233628762048414,0.1720193885073989,0,1000
0.8604117560300031,0.6335364165946322,0.250406112074125,0.8163089431953641,0.10275297542663984,0.04009879790061872,0.04960110642488355,0.2389448059374226,0,1000
0.9691293600926919,0.6189317840241492,0.23712154466106822,0.5203988113590615,0.11351607722425501,0.04154674412769727,0.051555775289820596,0.19324047444269046,0,1000
1.0948041494029759,0.5882282292406406,0.11550577913349187,0.8359565209479928,0.10661850222887913,0.03542647437724135,0.0448620900826925,0.20924815512461406,0,1000
0.8985809999198445,0.6477904514716716,0.19235843413134637,0.8387235306015078,0.10100470853340117,0.03579639548162825,0.041545426949132484,0.24012824651996553,0,1000
1.0472619553222144,0.5935971497113853,0.24428192060929874,0.7386690053273346,0.11475806948231983,0.0407647182849731,0.050051425811901674,0.20885491412954663,0,1000
1.1049315020306945,0.5359200075792813,0.0665615198886471,0.6809318270370567,0.10059173606937076,0.036885512110055564,0.05240694919743369,0.17759543678467776,0,1000
1.1579699386944275,0.5485749006877311,0.2317675017369432,0.5748741383811594,0.12048813989784093,0.04312089759478045,0.056893137575529315,0.17480624157390426,0,1000
0.9788757156767203,0.6250272399091291,0.19607544992224993,0.8514927979886124,0.10872019251947604,0.037527432736567994,0.04643956818194152,0.23326183235155581,0,1000
1.0137533672171466,0.602167334299472,0.2105605599696833,0.5834094867990735,0.10966910858560903,0.03931728298773172,0.04734306734229757,0.19268253283948972,0,1000
0.9971560706415478,0.5711579279465244,0.2098653449830851,0.866463042245722,0.1062769589970547,0.040938448664702726,0.05532079894746842,0.21810616924704876,0,1000
1.074455813242336,0.5554447756781168,0.18257054760927985,0.6525436897102102,0.10717661645441728,0.03979007491168645,0.052034267535959806,0.18493356108160544,0,1000
0.985176111630402,0.576221227638926,0.20245456192155661,0.543368287128338,0.10417245574694992,0.04073807641739434,0.051674570781132606,0.18149835905725964,0,1000
1.0516655701514381,0.6152306874967179,0.2149081048990015,0.6620718396638922,0.1155303735745246,0.03872120947136941,0.04618049200588549,0.20508765731062586,0,1000
0.9710705741289735,0.5972388848718634,0.33853913506330197,0.4171537997144956,0.12087376488842048,0.04731185492600839,0.054323170063365574,0.17977638166331258,0,1000
1.01586662609519,0.5833476165697904,0.14578387806997084,0.618963017362832,0.10611729227558567,0.039240265135144295,0.05299135010476154,0.1894930055244795,0,1000
1.001588454431355,0.6181825079372916,0.20200638541730034,0.7474729460880516,0.11032039143366064,0.03837651594782804,0.04765546565853518,0.21603057686490593,0,1000
1.0086534199762427,0.6080886226507758,0.20905243315157523,0.7333775464281403,0.11071914572887209,0.039263151285782324,0.04938992275796189,0.21151881391578872,0,1000
1.0246318522054279,0.5806519712923772,0.2650411108944758,0.6034001478812074,0.115677934800686,0.04372956715131406,0.055207654474444035,0.19163750929478876,0,1000
1.1595880255218682,0.532707146996656,0.1280148319823526,0.6185027797994422,0.10794675208825763,0.038870051752897,0.05350558404788686,0.17119755566187644,0,1000
1.147447126303488,0.5239214954649424,0.08381663726242543,0.5244610371388044,0.10443798261742256,0.03838739969375918,0.05504293885919457,0.15866044484949315,0,1000
1.0608626041609701,0.5667681164912607,0.25143797101974324,0.42700914016500363,0.11481955438136801,0.04356428165030647,0.053327017077765805,0.165803083428448,0,1000
0.8731182980229409,0.672888146674662,0.19124054342259217,0.9400416968276283,0.10447751052620244,0.03543757929513197,0.043838244653351253,0.2655807803826764,0,1000
1.001730272480572,0.5836513292088095,0.24225274614261927,0.5844159086495764,0.10929304958020308,0.0419187023130922,0.05057359008873695,0.18931544915450346,0,1000
0.9783487662814802,0.5899051702665911,0.18273841193145887,0.761907045664627,0.10139140066760063,0.03761203946076015,0.04700783913298026,0.2092404232224608,0,1000
1.1497403646965205,0.5334465185991776,0.23771116599207798,0.8299547562688718,0.11683617459972796,0.04283332497208883,0.05785272496419936,0.1991912736160255,0,1000
0.8589539746060099,0.648098260334994,0.16290896781635075,0.7675612770610118,0.08869965848416862,0.03322514635671702,0.03901395488582734,0.21211926532382008,0,1000
0.9929001620746195,0.6175818103923263,0.29309469683781675,0.6848349907672491,0.11989690404404399,0.04298969814235089,0.05181393736968547,0.21570319841299415,0,1000
0.9949040216151845,0.6091668089681579,0.15794684810510806,0.8314902245258768,0.10429815639883368,0.036502873739868595,0.04584276861322697,0.22093294346178635,0,1000
0.9088595184145156,0.6017696671077047,0.2185547042585848,0.8648884042704295,0.10070235781721205,0.03946380869390515,0.05021674507002542,0.23055449668401476,0,1000
1.0521034033168406,0.5646172282177817,0.1195343335058412,0.6682880777432155,0.1030117393697513,0.03775555013091828,0.0511072171464741,0.18678671459080962,0,1000
0.9163870311755037,0.6178555027398869,0.199929152206358,0.8800637571763156,0.10105655578970037,0.03775398606545533,0.04703614894559287,0.23535356835844626,0,1000
1.060864905859085,0.5586402844321184,0.1693383184082936,0.903878273650436,0.10522782940880515,0.03855411571895018,0.05106322512820423,0.2140000021912388,0,1000
1.0404075760049103,0.5828624301373232,0.164068888699955,0.7238524428483372,0.10768324741678405,0.039087698433697284,0.050312018993018404,0.2000715237587051,0,1000
1.1398541472680401,0.5468531192107673,0.17391545542065093,0.5181971769307103,0.10800160546070806,0.0386287197962936,0.046315387170200166,0.16608487355415646,0,1000
0.8476644802070016,0.6599364541718257,0.1553517647113023,0.9461900738852127,0.07906372329406006,0.031308553671261105,0.04212557891282141,0.1805532849199785,0,1000
1.0204873841472437,0.5974922687976123,0.1420846496465566,0.7400837933173858,0.10362230744330075,0.036387244040680916,0.04538068961465083,0.2051694340457763,0,1000
1.0077114048700255,0.5682411256894636,0.21475414640895663,0.48472978884902823,0.10804147267791171,0.042293031306853114,0.054625379436930875,0.17345999574640622,0,1000
1.139702062928362,0.5294600849941806,0.20167565698196127,0.45273483187566,0.1162165300911215,0.04410909287351361,0.06190662034229399,0.15652332509301253,0,1000
0.8525754401533404,0.6653038420225832,0.24560128932582181,0.8876917139425644,0.13439114729739032,0.043041433962215894,0.042975267221744017,0.37607315557432625,0,1000
0.9216999727985512,0.6356328415701753,0.19168994747915863,0.7170645773747134,0.1048001107713253,0.037606281807089505,0.04685737109885991,0.2217495993996117,0,1000
1.1001460035246193,0.6008434989734998,0.15046973247926337,0.944699125215925,0.11309783882540368,0.03681820148235142,0.04908737636462225,0.22388402081265896,0,1000
1.1493915889325803,0.5320912357238293,0.2737560358751865,0.507139805130541,0.12130567710216526,0.045674834793187964,0.05832049132125579,0.16536461699787428,0,1000
1.073630914216584,0.5997379855416072,0.20934708172591635,0.6198700103053569,0.11149943118226686,0.03794093998761077,0.043069978053122175,0.19356883876278078,0,1000
0.9178976817710401,0.6216473952960551,0.2800262104664845,0.7595681277741172,0.11079900483307613,0.0419410954096975,0.05124568144775156,0.22868949040475614,0,1000
1.0521208953908974,0.5679214634186222,0.20081674026072355,0.7145182588296652,0.1074831246563926,0.039854294946656696,0.05050519863627383,0.19625313018536714,0,1000
1.0410067944887236,0.5678876798438256,0.13895548146556033,0.575588380721471,0.1018041442225335,0.03788058649944704,0.04834804733563129,0.17802373609997016,0,1000
1.1317625828968425,0.5432741354070987,0.16585147794249497,0.486158612203406,0.10877802601299459,0.03953922324152817,0.05128733566253861,0.16174231377701742,0,1000
0.884597529255197,0.6490380184572585,0.2775482767943725,0.6515296309877251,0.10942774276981265,0.04008901441230233,0.04748958280754325,0.2252176547451839,0,1000
0.9037471235071066,0.6508877784728089,0.2612583136635474,0.6598767270930158,0.10945503242936794,0.039147824937599766,0.044894926396608775,0.22494687763913584,0,1000
1.115726127680965,0.5306863384994662,0.15276287185052065,0.39657397408502787,0.10393144180018439,0.03963588841840452,0.05091613270651821,0.1491918147818055,0,1000
0.9635214243047587,0.5887445105048583,0.24176312198485406,0.6481052425316931,0.11048712657296152,0.04327273938665284,0.05736297334108725,0.20041983380592215,0,1000
0.918978306053118,0.6156125466779929,0.2604150096230796,0.6234682222194933,0.10456357769432295,0.03970421515405619,0.04664749922815034,0.20765181488142465,0,1000
0.9318695274789566,0.5984000746301738,0.2106237729740405,0.9507180357159684,0.0911870961733681,0.03588809609628457,0.04326001629718863,0.21051067092007475,0,1000
1.225654065340763,0.4968684022165944,0.03811453423780707,0.5144657676181016,0.1249235295017999,0.04716617241184622,0.08464170139460488,0.1515920319396663,0,1000
1.040813792473393,0.5849767837562391,0.1839889305481723,0.6698561564585586,0.11020805870429427,0.039981138457534614,0.052715739763118594,0.19532654408988473,0,1000
0.962206104680993,0.5926122397446288,0.18909099202777369,0.684940796610367,0.10446033155155389,0.039695133875395645,0.05354975384630947,0.20259612492743187,0,1000
1.1271485569272646,0.5740117847280956,0.17842220286969215,0.47433098044907457,0.11710800818787948,0.0406009082998841,0.05335028730632916,0.16863079038986478,0,1000
1.1594297924620147,0.5645928420990026,0.20635807775197226,0.5121664319764603,0.11985310896401895,0.04171326106490107,0.05188871895521027,0.1707800933630889,0,1000
0.9411924158757909,0.6410921282204771,0.22357152901596464,0.7358081485448653,0.10809716870681894,0.0376491677026215,0.04408883164263617,0.22658207188144208,0,1000
1.0136877589173579,0.5892435039823912,0.1569641190351116,0.8806620831721724,0.1041117796811848,0.037486416818836056,0.04936525497615367,0.21913466736091525,0,1000
0.9532308162505467,0.6152005971075902,0.13515865097655638,0.7179120000264022,0.09836575339521676,0.035097726138228626,0.04156652092655097,0.21008870209640657,0,1000
1.0324983863385624,0.5928935658274624,0.19632772232190798,0.7386424536749686,0.11355742103855655,0.04084674425394431,0.05539709798830596,0.2071777197255099,0,1000
0.8483542220783286,0.6484429899090248,0.27614417194286844,0.9455795406659174,0.09537760483074856,0.0365333815431965,0.042305525155823996,0.24146990230902007,0,1000
1.1237093874954003,0.5556721094445694,0.14289894060812525,0.49969745659107107,0.11135139208980357,0.03980062587770353,0.05445493169682635,0.16575042896357367,0,1000
1.1886271996049644,0.5227676157541227,0.101228463106395,0.4347462339479454,0.10698569237265301,0.03832939103528687,0.052042714329552514,0.14919609200525907,0,1000
0.9946213109305557,0.5768067969274316,0.1959990084995524,0.5152850811216825,0.10690642658024802,0.04150666301326301,0.054400146317101,0.1784522916647957,0,1000
1.0218648258278002,0.5964863527322958,0.19507915524377978,0.7081050908971035,0.1081648786707,0.03855869324795041,0.047688705638352334,0.20441490743850874,0,1000
1.036705055244149,0.5883511096682628,0.2016101982618625,0.48426289850347237,0.11480917753202585,0.04226698762742728,0.05621213348972501,0.17652524987943852,0,1000
1.1329679770280416,0.5447465555272033,0.17673118503757743,0.592737484972108,0.11027323557535144,0.04005048554058207,0.052129768005388384,0.17368313123079485,0,1000
1.005022311932016,0.6134775151127616,0.11181559891296365,0.8848115244626483,0.10084169872643733,0.03403624053402237,0.041673329758105386,0.2240906976775352,0,1000
0.9285915718087426,0.5944181673155096,0.21036226437426947,0.9547729508286036,0.34329256978076744,0.10047713228380682,0.07010968091609815,0.98952166674454,0,1000
1.1350052052436772,0.5150618876538999,0.2123116991315007,0.3600368931290808,0.11686484424486075,0.04608164355341356,0.06644326617712212,0.14432630383486864,0,1000
1.150960542145696,0.530217462725499,0.20286537259584114,0.5287691157182857,0.11232572642865517,0.041809145575525175,0.054764167746567526,0.16392810220130122,0,1000
0.887377120439347,0.6160084022627287,0.20595772229636805,0.8130029794252696,0.09977853252870768,0.03865892606069504,0.04883725576719845,0.2291908982880307,0,1000
0.9897674146765107,0.6213356444926051,0.2240987048613641,0.857335324912079,0.11123862261772063,0.038654110286742184,0.04760888229242764,0.23298910617307983,0,1000
0.9332621825002336,0.6291285829202445,0.27400390744552594,0.6496254697997078,0.11057959007219535,0.04040142005817558,0.046786466943923966,0.2160076982872716,0,1000
1.0100975976513686,0.6152964181921934,0.21201562108949548,0.8049272621931525,0.11044500894174007,0.037969547461563564,0.0455068602552621,0.22386245596600995,0,1000
0.972757997867828,0.6056419275557413,0.18371969458807058,0.6384595071923865,0.10334108191440666,0.037788035251580504,0.04563742071969913,0.20011656326592503,0,1000
0.9858516436664524,0.6117554952807601,0.08905226702655397,0.7380889810459416,0.09798150432190347,0.03379331592041613,0.04113464216260305,0.20715342566913708,0,1000
1.0438844137338443,0.5990624313424875,0.1832737740003238,0.77692696194994,0.11631083946784206,0.04125571704821056,0.057217756392099826,0.21145974773615314,0,1000
1.1253677081207438,0.5717310432188777,0.14029207953472445,0.6831568077556762,0.10900871300305114,0.03767580133446473,0.05061772576445737,0.18297356244938143,0,1000
1.0757104416708552,0.5877173135350449,0.18152170872044177,0.4935740509796969,0.11516085741109876,0.040697333368759116,0.05312850136760728,0.17556607760851287,0,1000
0.9998617701903899,0.5933195207697834,0.13065398399354483,0.7447628975300215,0.09899215622768238,0.035451379820016664,0.042762694512965854,0.20458036686074896,0,1000
0.8697985319792402,0.6631189672909283,0.2620120397944743,0.6258060660667006,0.10942473694201789,0.039347561440720234,0.0458683649546599,0.22729811321219187,0,1000
1.25415043639823,0.5309581584206782,0.0793055464402731,0.6485466932625893,0.10643942878073022,0.03479075145876492,0.04276605775671819,0.16981187768873174,0,1000
1.0575211375270126,0.5732726964664219,0.2567297400852564,0.42595092735686235,0.12159841407425925,0.04587127639838733,0.0600996420985434,0.16831342962651843,0,1000
1.0525523935838514,0.5627890411402747,0.12962327306088087,0.5737199990260184,0.10368106038138646,0.03860703785386719,0.05175164081655727,0.17631982283924072,0,1000
1.0880871707471538,0.5696218585594626,0.1779023683964663,0.8822045753277656,0.14599059331290326,0.0470177367303555,0.05733177804300556,0.30768107767093317,0,1000
0.8958975526904778,0.6212944246418083,0.19890802020354761,0.7937964388863229,0.09983037441802317,0.03776821438690021,0.046283589038714164,0.22733460227149407,0,1000
0.967987178810047,0.6081323685468839,0.17837766499527222,0.7301345827277749,0.10178059834784131,0.03700652614078935,0.044279256892948496,0.21108897243853678,0,1000
0.9866482114947076,0.6079016449872089,0.20476861212101022,0.65124020787967,0.10825629576241386,0.03911198298276949,0.048320468268171664,0.20319579481974304,0,1000
1.1505740977943397,0.5628515089564502,0.1630591761059901,0.6062419195589299,0.11494310823825733,0.039634802368312766,0.05242603703351204,0.17879508889478682,0,1000
1.1744265778593947,0.5658947054513148,0.22471302454412168,0.6389194231554607,0.12182897666820966,0.0413776034133541,0.05158190928925952,0.1860497134880184,0,1000
0.958236895412105,0.5803572498362906,0.12367215848598012,0.8113513658473406,0.09812743885137899,0.03763790177441834,0.05170658948445068,0.21112144023910637,0,1000
1.0183067033106754,0.6075454202308131,0.1952876508717043,0.5864094585140783,0.11274406243432232,0.04009382806853369,0.05134540255949105,0.19339091409953826,0,1000
1.3153226365316888,0.4863607194676856,0.062062126768345174,0.33558705476379685,0.1093801181572568,0.0383228472667488,0.05533096564097953,0.12949094401309375,0,1000
0.899389856854162,0.6103680985916359,0.11196745448375554,0.9717463108663595,0.13972078140729277,0.04431091827240279,0.04610433229239138,0.4104949368911746,0,1000
1.1385324896673379,0.5362833795730393,0.1573398393181939,0.4819005424965272,0.11156731911283159,0.04154633981557995,0.057236211159552304,0.1593245386239968,0,1000
1.125255895584584,0.5450463958032978,0.16827868917334524,0.41976242530568936,0.10907271488252489,0.040058231751580256,0.05087326708824268,0.1556224498793854,0,1000
1.0070366636551862,0.5736110950842493,0.25848414628373045,0.618693584198063,0.10755841449424777,0.04158365707104761,0.04868793343665121,0.19085281336479915,0,1000
1.0708544901910455,0.5803280296410998,0.25176512599634776,0.5403376533369975,0.11573855910548528,0.04209950592117356,0.05012138499137996,0.18145867617304598,0,1000
1.1395905073019177,0.5714872132250849,0.15616600408424242,0.7168906550097702,0.1174606917340133,0.04018766524664067,0.056370254541678655,0.19318603254181735,0,1000
0.8097861391978006,0.6723204339166524,0.22356295823996186,0.7443839128841404,0.09888970764747285,0.03668275646725686,0.04267769630011305,0.24478898683347014,0,1000
0.9374108543828841,0.6258575494754813,0.2497666403860149,0.7971496023559937,0.10435148449079618,0.0394043422616538,0.05049514732909928,0.21102114205350708,0,1000
0.9719187296765346,0.5954236687326603,0.1693236646585322,0.4809385587057018,0.10258149271864428,0.03882787493162131,0.0482160736731715,0.17850232876155822,0,1000
1.3165678413579767,0.5335811150260198,0.09174421308182824,0.5222536227567994,0.11627084905895124,0.03695204518554043,0.04870359875378374,0.15729072260603666,0,1000
0.988361081604636,0.5698100973979848,0.1734870084746177,0.7910312372306959,0.10197744622963964,0.03935334642554417,0.05313758974978815,0.20674066972425123,0,1000
1.0481650399974467,0.5710832665711646,0.11869858441017622,0.5507928017792293,0.09982510722987203,0.036285088545687176,0.044394226828025934,0.17532883756585443,0,1000
1.0076673797282143,0.5850789151414144,0.11578152151969744,0.7990202202842592,0.10302275394064878,0.037467528226085685,0.0515702184257525,0.20879011069596423,0,1000
1.0587458209276048,0.5748031634440229,0.1327551700059635,0.7510133272181773,0.10399383446152705,0.03699043731146016,0.04788429038237177,0.19882772672406987,0,1000
0.9856150004459766,0.6152512972826528,0.18134735740308625,0.6266304054749033,0.10418918970868313,0.036854723518226426,0.04286360446119886,0.20050902455564013,0,1000
0.8812513121001926,0.6755985816056354,0.245814534785586,0.8619640771762227,0.11241749877238237,0.0381808985835245,0.04717523422275598,0.26272655070525386,0,1000
0.8942127021158837,0.608490475632331,0.1746996357371888,0.5769520752718087,0.09938064257475995,0.03937716762961897,0.051056700399785444,0.19649715796211067,0,1000
0.9809626881557384,0.6024810412878804,0.22273111420671632,0.7359279040549958,0.1067226933590684,0.03956258818731778,0.0501021305860594,0.20763921031882634,0,1000
0.94404822268867294,0.6262946443111331,0.19938222347092682,0.6574438523060476,0.10678422981179178,0.03862225039232359,0.0482726315610676,0.20973410358797145,0,1000
1.1374818862325935,0.5559042883996189,0.1257736151660954,0.5911593617450291,0.10698175063663759,0.037310278489260884,0.04750211734523546,0.17411215135154393,0,1000
1.060499690101597,0.5666589554123322,0.18909756785186052,0.7136332198214789,0.10842297135293659,0.03987173163442952,0.05194254841010575,0.19534806856995326,0,1000
1.022417623327147,0.5973311597121348,0.14637526715220883,0.7887236057650968,0.10591082982004159,0.037193382046724274,0.04813941829059504,0.211197107704256,0,1000
0.9689778457813054,0.6144489050769213,0.18022270032107948,0.8716042346563787,0.10401221634208012,0.03696421514492027,0.04586246703985415,0.22950933113331115,0,1000
0.9411729119494295,0.6326574116314566,0.16284562096755958,0.5709862396273919,0.10131128387998681,0.035852043312012624,0.04098541395323469,0.19997049950833945,0,1000
0.9706245012816848,0.5854771781049417,0.21651427096694362,0.4297600611503052,0.10490252586200371,0.04105655894849707,0.05013226696337027,0.17210808326172894,0,1000
1.2138302761434563,0.4805098731332478,0.09639859080730882,0.4688795517112777,0.10062897405234757,0.037864287540908634,0.051934454443595963,0.14333201746428956,0,1000
1.213067076797492,0.5048023212308917,0.14289453740150243,0.6428529044477874,0.11418897227352935,0.04187702875869488,0.06404176679763124,0.16742851221607047,0,1000
1.2458719742073543,0.5263715944840773,0.12000941997844415,0.5742696453274456,0.11353391363797585,0.03875044756711919,0.05339656529286031,0.1631475471506605,0,1000
1.1184914649803854,0.6001207764069451,0.12261101327630948,0.6512115408319177,0.11054359714583534,0.035649279889789755,0.04397274594945124,0.191519225806778,0,1000
0.9282795878673152,0.6622780973119314,0.2731223244640079,0.99994935234977,0.07061413536292362,0.03101781710733846,0.04407486892504115,0.006390749722038395,0,1000
1.0560502582996267,0.6193317757542588,0.20425850840765594,0.8442759164068059,0.11895473940947228,0.03912534882770792,0.05090185160948499,0.22820609424737712,0,1000
0.9856744335235185,0.5790429665036362,0.12289351143277162,0.589337170237774,0.09618510224167112,0.036329012174170415,0.044694941584114085,0.18351146425499612,0,1000
0.928441715907679,0.6200074893432961,0.2655915603709001,0.7533939712135405,0.10862732545287314,0.04017917860764833,0.04569472710929687,0.2311783014581561,0,1000
0.8473049345647444,0.684275805258356,0.2758145760750082,0.9999930221356781,0.06559405426672653,0.030075559650340075,0.04126821400416356,0.0020572945887738885,0,1000
0.9205912774049015,0.6313762645455977,0.16743653513429582,0.8117561376441184,0.09832810534897767,0.034992336557359255,0.04028266365461826,0.22910043689637222,0,1000
1.0850979909887746,0.5601263277817338,0.15695432081843597,0.4566680952211796,0.10832665830801855,0.03991690415680793,0.05200834931166784,0.1635327345948824,0,1000
1.1418837206723775,0.5435140581459262,0.12388716160183923,0.52871289170859,0.10351702230886145,0.03678451493959583,0.045129644679397035,0.16442635512922488,0,1000
1.1849728483195412,0.5460972231299511,0.17086856071551731,0.4540652468810068,0.11323086783380065,0.039442487648977675,0.0489539730868537,0.15812618430907524,0,1000
1.13888358586476,0.5436255748333381,0.1610771926499111,0.4396157540473193,0.10942386752814906,0.03962062817968964,0.05169299031107135,0.15668747534340235,0,1000
1.1753052238669657,0.5221081925878436,0.25149805052454405,0.38772314053658874,0.12199720535767179,0.04638295064700783,0.06205485001193447,0.14836454169380456,0,1000
1.1028714773180028,0.5689189249126586,0.17577996931517778,0.6317260725718342,0.11113011960641088,0.03942265532405754,0.05108409707316894,0.18473912625529285,0,1000
1.2033531268895405,0.562035602547865,0.1984180591539936,0.6404011386605591,0.1232621424780323,0.04115359688864213,0.05452383587295666,0.18268890878291,0,1000
0.9824087698472153,0.6264299644996933,0.19163677013966285,0.8054472382926366,0.1059892738139023,0.03626813519865775,0.042613251773471715,0.22502512085648949,0,1000
1.125502108665879,0.5369516252641768,0.14317151544596501,0.4915416129548876,0.10714356956958797,0.039733151400519924,0.05343790438171807,0.16036847818780253,0,1000
0.999392696633199,0.5581689328028295,0.22780582917543712,0.8043645920680716,0.10629984532908315,0.04230835576661641,0.05755193661970481,0.20670987658963857,0,1000
0.9688865960969364,0.6007102569000359,0.22358808643096034,0.6791822735927142,0.10649193362726204,0.03994842140835166,0.04908463288149462,0.20567462192295397,0,1000
1.155969746395698,0.5786954475750068,0.22645587213524257,0.7499446996976183,0.12810136863836613,0.04296641497848155,0.05947315135229643,0.20287609366264858,0,1000
1.0605189827946118,0.5688985307626929,0.19371934860094692,0.6343773353063962,0.11205922983264663,0.04148944398711683,0.056118591516489263,0.18758578382189425,0,1000
1.142289425633043,0.5500291519575319,0.2055921195019705,0.49905054571372787,0.11381288792845343,0.04099171412140197,0.0511475666586403,0.16581373757623932,0,1000
0.9703436245744923,0.6188108064283472,0.15264897825539306,0.8654964469962898,0.10197418266297868,0.03564908286213818,0.04403257631333027,0.22763631621058697,0,1000
1.035549986926865,0.5954677799488264,0.2970213887421322,0.5021817770625838,0.1192695357710175,0.043566603371235184,0.04964243049766896,0.1848410921975987,0,1000
0.9181105208324273,0.6066288273032577,0.2752177747256288,0.5525635272912753,0.10732082895388655,0.04255586579500073,0.05003711631733135,0.19714919366919392,0,1000
0.9809422521957757,0.5834340353675724,0.16958876472632323,0.6161558964782423,0.10058621040714893,0.03801468129661998,0.04705318903268401,0.19066330376122717,0,1000
0.9380635835634721,0.6163166338003052,0.18933659019751864,0.7457699975954046,0.10426003593970205,0.03868859827693018,0.05000027497123408,0.2167529058568524,0,1000
0.8533997934932145,0.6739560424196446,0.20657642058620987,0.9969577376539578,0.06135359744563426,0.028534759042356507,0.04017439942487127,0.0343672058019384,0,1000
1.110049444696338,0.572206789140534,0.14010090328484057,0.7610556508072449,0.10986128449025209,0.03767794967247312,0.04973265755171526,0.19850513448072205,0,1000
0.8851974953654221,0.6403158434924572,0.27793977750120996,0.8115396747435482,0.10645189797569478,0.039493068890378825,0.04533085743654746,0.24293463041396776,0,1000
1.0427035562179157,0.5778751773527312,0.09840502048009933,0.8064784076537034,0.09965113327224255,0.03514157087194114,0.04485664507543811,0.2039845275839144,0,1000
1.1080334471001376,0.5477410232913968,0.1908019353880814,0.5019545602203831,0.10898359977209252,0.04053121649486996,0.051464084198789006,0.16554535009632715,0,1000
1.1185008238910124,0.5744443022858775,0.09907092095542892,0.5247860982246274,0.10733017198940564,0.03674168362863048,0.047111367774769757,0.1709286625252851,0,1000
1.1870147062842686,0.5253005964145142,0.0957165525127066,0.5707262153589454,0.10728377963331268,0.038360008842931864,0.054132752982795594,0.1626663595391253,0,1000
0.8909777104357053,0.6438443317078457,0.2658961415639282,0.7946034684422748,0.10595333663255806,0.038798538103640985,0.044189198186353744,0.2404029637946878,0,1000
1.1265295709237693,0.5480887831627256,0.17165597637886437,0.6951812958596909,0.11178091687675354,0.04016246320474402,0.05456352509991526,0.18650611965735747,0,1000
0.9239478586265425,0.606393704234611,0.1787526217901918,0.6158654204997493,0.09927814344565251,0.03820423560441167,0.047114574832127325,0.19880261647760453,0,1000
1.0938591207293307,0.55032831709359,0.10657247041994564,0.6221762762754999,0.1048016290244006,0.038616635915839116,0.05434158781518874,0.17598292403172378,0,1000
1.0530178441991893,0.5711053854901649,0.21158456041363893,0.6492409059988076,0.11151379883891832,0.04118335731772269,0.053255110401684784,0.19193796549637623,0,1000
0.9326107090630507,0.6498256018010931,0.21637276826532945,0.8006715440099763,0.10781797263625348,0.036936040012236354,0.04380464056940721,0.23715431889205327,0,1000
0.9266479420179365,0.6134889480968975,0.19220421752321476,0.7166723286157675,0.09957408871041082,0.03725964838391686,0.04415792894612732,0.21326421456089228,0,1000
0.8771557159904309,0.6464610086600353,0.22310789859914618,0.968706166632029,0.09871336410333585,0.03743464594636312,0.048977901282075534,0.23516536142686129,0,1000
1.210045813250496,0.5746442814526956,0.11294606722055021,0.579172091147523,0.11568434615296143,0.03667628052585129,0.04670988099797445,0.17527583141464664,0,1000
0.9683300713308063,0.5972239232466258,0.1189570958125536,0.9459530960805564,0.15261419503327522,0.04670351676080228,0.04832408651912265,0.41080021938635575,0,1000
0.9830122672487839,0.5855096183750685,0.19860946795017323,0.7569156161983006,0.10712914254062537,0.04068298922549636,0.05493646912862388,0.20919336468982577,0,1000
1.015004146352639,0.6223527365767924,0.22256891242091656,0.7128885266184147,0.10927472564262314,0.03706459802903141,0.04034153769846339,0.2141948626599631,0,1000
1.0656208699038379,0.5789825644417629,0.23865442857572622,0.690301729065571,0.11330738806436717,0.040919045023588625,0.05024038587265492,0.19771374850684695,0,1000
0.9556956089782666,0.5944171789634819,0.24669629335160972,0.6194822595599012,0.10862038396535403,0.042184994355966086,0.05352861793446625,0.19882098768400658,0,1000
0.9848030902621396,0.6046030065844722,0.1735388393108876,0.5288658633340902,0.10484930896256796,0.03853318309801439,0.04708708323951365,0.185687430930535,0,1000
0.9758357358956659,0.6019283934799378,0.27827620600027914,0.7572730275979419,0.11487629814912258,0.043089614523670584,0.05396623269107502,0.2207983360706937,0,1000
1.0099194683686503,0.6072853469984025,0.17211925302267836,0.7523650688813018,0.10421383904271513,0.03653430807905776,0.043337543647541076,0.21034892849312806,0,1000
0.9649112832190914,0.6066657343918465,0.12775011807695524,0.6838047005251254,0.102042623344495,0.03699726614509872,0.049214641306359996,0.20316917303289578,0,1000
0.9576082174973081,0.6018097119753101,0.21954462351947956,0.5012848218020671,0.10468876057698813,0.03987385335905821,0.0471248793620933,0.185211951887383,0,1000
0.9850387351629527,0.5935187278111136,0.18948500438431579,0.7903045771802367,0.10638109114380741,0.03964831542502296,0.05287984694893689,0.21377216521190914,0,1000
0.9174520671516394,0.6261009128344422,0.1919720413989129,0.8129764464929115,0.09615484176893839,0.03674696226577565,0.049507963261777845,0.2031722508596713,0,1000
1.0114442360592835,0.5601568686809412,0.17858552359802662,0.6490530749614003,0.10082384142847425,0.03932773275118669,0.049658072130526865,0.18675702863297264,0,1000
0.9540558425553696,0.6124479442268469,0.29252076762753854,0.7140284368766949,0.11874526328189977,0.04498874277432731,0.05799592131100343,0.2195657655109335,0,1000
1.1023950459796887,0.5834419532637852,0.12711642537168338,0.7033091498259407,0.108813196169371,0.036551571124480965,0.04608254350547407,0.19579449741062488,0,1000
1.0542872874122737,0.5654079016449756,0.15093657946142724,0.5122091953783775,0.10714071377773529,0.039919027612290305,0.053283160836227,0.1721715685309748,0,1000
0.9496795856775765,0.5931740225949167,0.1942469035463574,0.7597794555941993,0.10298332778449988,0.03953292509914088,0.052226972595883416,0.21188994538366268,0,1000
0.8411921623071317,0.6610545258620785,0.3309621643622136,0.7139115083938522,0.11075664862180484,0.041800351031098096,0.04712002759459014,0.24394157881437048,0,1000
0.9528252178362793,0.6180748657385368,0.22123912992852965,0.8751049145468662,0.11009621923593488,0.0397539867507595,0.050835807866206915,0.24103110606040348,0,1000
1.093133272220706,0.5676312098883199,0.17152919167646621,0.6668430442495636,0.11431497752634524,0.04113957443603616,0.057644801470126274,0.18901248668978812,0,1000
0.9906468434424078,0.5903011861209478,0.1470365418188878,0.6835241634447149,0.10094397473390375,0.03733431278692301,0.04760782210716627,0.19780230391239415,0,1000
0.993941235994679,0.6286735413926687,0.25985028606637167,0.6538283546296725,0.11869402557656149,0.04128322685352731,0.05038158514643073,0.21312894421155054,0,1000
1.1495233384065455,0.5412225559494583,0.20254640141493435,0.6186748957943253,0.11398180465728837,0.04134374995664,0.054193796768774886,0.176392982679852,0,1000
0.8522064018755412,0.6659111734276391,0.28125277760432604,0.857333837526219,0.1152163884956158,0.0403033786981378,0.04477359620430874,0.2910103298207549,0,1000
0.9895114264936594,0.5704149305038356,0.12691546764782163,0.6603893548677848,0.096804847543107,0.036982050571872725,0.047518394296265684,0.18956531841381996,0,1000
1.091448809595282,0.5904768842422355,0.20601855912551473,0.6532695624904895,0.11417228629464349,0.03924582558065003,0.048269348451029655,0.1937988048042967,0,1000
0.9720140591145091,0.5910123609576953,0.14245159449338232,0.8044925148881087,0.09976380267152236,0.03698191424043449,0.047451161142237776,0.2144033221248366,0,1000
1.3708533998742147,0.4473746413526298,0.10553556146339045,0.4891499896693764,0.11746996138839322,0.0426498860673843,0.07181860808933647,0.13763328556425808,0,1000
0.8882371849036799,0.62877603044578,0.30151224814229144,0.6168850368067802,0.10928398926763695,0.04254779024907103,0.04882923971144016,0.2149581251559351,0,1000
1.0666706693319978,0.5795865842646861,0.22094560531609633,0.9210710868066114,0.12065426178413154,0.04147343624572226,0.051550294102833134,0.2491209935533602,0,1000
1.0552770429735174,0.5899032177220317,0.2218979354409031,0.6338642472999244,0.11170647816757003,0.03954963322419584,0.04758990999994978,0.19381752490308296,0,1000
1.0976080166250126,0.5501805236330739,0.17052635538204933,0.7032664561479125,0.10565877418728571,0.03877068565267277,0.049691861760241235,0.18658077042152563,0,1000
0.8695090789641846,0.6514316021288203,0.2781245597112056,0.9999755790030875,0.06793699564558636,0.0330640462330739,0.049189048552734455,0.004106832413954973,0,1000
1.1541144951244768,0.5516534358855172,0.13020260910629863,0.4083528932888576,0.10918344671553526,0.038456714442677016,0.04913310094985791,0.15385943466329882,0,1000
1.2984302598517463,0.4988363474908599,0.16650445802671154,0.42695541001454757,0.1195997842624206,0.042253898736661716,0.05994794326654652,0.14313777104998235,0,1000
1.0359815023391383,0.5830354040263193,0.24724097106073,0.6311443584495371,0.11567271415433245,0.04302578424237687,0.05519594757694513,0.19433475662528482,0,1000
1.0984611899839583,0.5756964537242543,0.16093238228260134,0.552627889693087,0.11161663906340949,0.03927745955027754,0.05114060701432228,0.1771137951898432,0,1000
1.060027427122958,0.5969730907597903,0.16140952416748489,0.5844353042279367,0.10990167482432922,0.03806993729484008,0.04788091220969569,0.18694289641266898,0,1000
0.9883797202189037,0.6178559651006508,0.23779575005412115,0.59199889985275,0.11089800220003541,0.03939699497292323,0.045250739405005035,0.2009856335105746,0,1000
0.9846287097577232,0.6180644864305289,0.16355769085447927,0.6895230053957152,0.1081176947390064,0.03781669320083372,0.04811617500091013,0.21087496705320724,0,1000
1.0456558297363356,0.5650335508555552,0.18877246378808218,0.5943883011859561,0.10400247970406987,0.03876567429803517,0.04828216511653297,0.1816840647958577,0,1000
0.8464186725664271,0.655684966599797,0.32476458529942587,0.7763258838758511,0.10708695004486984,0.04041390223055454,0.043541996038885096,0.2490229186611481,0,1000
0.8530618591807421,0.6674613950245758,0.1931349863024122,0.9538753359759288,0.07324401940004825,0.03008958226059707,0.03987691922501449,0.14561695233933958,0,1000
0.9940904363860774,0.595426389192904,0.23107519965574588,0.838217431664564,0.11573801468124068,0.04273062771253115,0.05729801293582355,0.23045045307610887,0,1000
1.014541158921165,0.6118506121539181,0.18881785600626494,0.818611832296054,0.10790695915611237,0.03712720401513383,0.04496525904522348,0.22142082826993206,0,1000
0.928857115780993,0.590653115604923,0.14978633507475161,0.6442413243915511,0.0961386254545698,0.03753545395291355,0.04780376190667782,0.19676484646937567,0,1000
1.0621857603001923,0.5804533660638833,0.19427079837365424,0.6428599073026408,0.10950722819255261,0.03935868793139288,0.04883463450497208,0.19069552443187135,0,1000
0.9321524513200459,0.6231976420624443,0.23728927571741076,0.5805695126467721,0.10372311759835284,0.03848164493937014,0.042779843900319706,0.20197903059766364,0,1000
0.997811518799076,0.5849295140578646,0.175830448722224,0.6069158710452099,0.1038526137772165,0.03904103888815016,0.04965183748817479,0.18894893380942335,0,1000
1.0957195991161814,0.5615571664995189,0.19094169208456419,0.6194851951205258,0.1128438376424857,0.040988014563277296,0.05420840755649667,0.18334373284579822,0,1000
0.9242589035066409,0.6421882158095752,0.20705675476330115,0.6948973764274324,0.10733074309936809,0.037996336456579204,0.04639708250097841,0.22215960363381881,0,1000
0.9131934519025662,0.6128927293446802,0.1962151159951948,0.7484137217871825,0.09918037821367787,0.03762290005079772,0.04505476476296253,0.21794583655968924,0,1000
0.9968478661448947,0.5758635959499038,0.23383719999771146,0.4872839887663773,0.10740394383107706,0.041957796799093526,0.051392802993383564,0.17586034829688538,0,1000
0.918259324177163,0.6268211445506083,0.19770499296862507,0.7662823773181572,0.10295631332176912,0.03776041267076863,0.046550817879882606,0.22494096052777707,0,1000
1.0187648392744848,0.5890361453280193,0.14725268698538552,0.5414346267525001,0.10243188875787991,0.037179877283985585,0.04527108614682416,0.18087277875724303,0,1000
1.0668457878793702,0.5725682170431822,0.1035622060522116,0.6012512564718404,0.10091500782012038,0.03577779884528402,0.04450221724184796,0.1800391907419103,0,1000
1.0330444709651951,0.5787866866829944,0.19913767127247145,0.6436112257748768,0.10986595762428289,0.04075798399093646,0.053372731712830475,0.19212278184100376,0,1000
1.060645392986784,0.5855533846728502,0.21288830041619114,0.6806056833821235,0.11287967686169571,0.04012943216079266,0.050197465458386784,0.19841384091974898,0,1000
1.0942714713864803,0.5767269456785299,0.16989780712257024,0.7565135918929379,0.11235907231383375,0.039454714913580574,0.0533330897697966,0.19985412127973748,0,1000
0.8997354286296076,0.6408582163152572,0.1973585210547441,0.8963121664544592,0.12507089386595432,0.04165442931008836,0.047600131571910446,0.32280822666155884,0,1000
0.8972760920203412,0.640937221173064,0.11445378662224621,0.9554137772359553,0.08627679685302203,0.03223998546299944,0.04366118935477871,0.20132154485554069,0,1000
0.9141431093039311,0.6593827672338117,0.30020240935146497,0.8475816565162478,0.11381699371390931,0.039284441679315496,0.04378179800222895,0.2549336727386085,0,1000
0.837229521500873,0.6660032616806172,0.24338227605219206,0.9072844144151816,0.10252624351890814,0.037218748573772234,0.043569427695526554,0.2656717658561787,0,1000
0.9971198278307005,0.6258162567596673,0.09757173889042413,0.9977491811592539,0.06447066925116442,0.027677871993479975,0.040420096841638185,0.05888417926058916,0,1000
1.2420560584292633,0.5301068573891394,0.14214603855335217,0.4151210024721455,0.11585716748115456,0.0399768166250224,0.05365122430978552,0.14855709281873408,0,1000
1.254807605640277,0.5212745644555064,0.13152035865955916,0.46687997961246974,0.11741957698548551,0.04062023957862172,0.057377137747026775,0.1519226898632007,0,1000
0.9546461309010351,0.6145419815124016,0.19091664960439483,0.8376676098968567,0.10277802611215933,0.03688928803060962,0.044181088475475465,0.2282364334997873,0,1000
1.0636506991118175,0.5566874747276995,0.17183046961682685,0.6142911118391547,0.10607500389204831,0.0397071062486491,0.05225902984884019,0.18084037698639896,0,1000
0.9426688107140604,0.6050369670153172,0.22739617671177256,0.9914782264584299,0.08904954265753993,0.03668829256747208,0.05185648623515069,0.17536459282483083,0,1000
1.0065433245640316,0.5828128522322037,0.20007585115537702,0.5143452812964171,0.10542003428322012,0.039929190831508324,0.04928726044214533,0.17854356046832362,0,1000
1.134447919634671,0.5708994725577803,0.1862530706771142,0.7128378921488335,0.11347673077685792,0.03879338357273363,0.0483905873437459,0.19384945313875918,0,1000
0.9038152331974078,0.6235617983041453,0.22985196623310122,0.9687834293562008,0.10246123735510126,0.03747502108923837,0.041981476100587875,0.2611322854183752,0,1000
1.1445284673971008,0.5340317134181509,0.2699110176730508,0.4185021816871894,0.12253927535151014,0.04644022468312335,0.06029692105920936,0.15602022825685732,0,1000
1.0004261625180038,0.60639054440114,0.15552384341772935,0.6710624951816581,0.1062549325493657,0.03773057751639175,0.048335047335254976,0.20176849154513327,0,1000
1.1257563220087792,0.5784925801607894,0.24093059969945593,0.5154593982592116,0.12925601387945124,0.04537099024763845,0.06186519342037066,0.17731244769352097,0,1000
0.9133332116419645,0.6249088648052779,0.1527148316499454,0.7242676298828229,0.09836830969149417,0.03612773918553588,0.04467282824964914,0.21523422278258988,0,1000
0.9457571607585353,0.6356742732694171,0.16679342979623382,0.7388767661551523,0.102826227242471,0.03544872317942569,0.041605503086115464,0.22174120524011676,0,1000
1.0172640740626169,0.6081826328018006,0.1456360823476549,0.9343302124843932,0.10464439884018947,0.03551575698345508,0.04396957116339748,0.23214025954134151,0,1000
1.0677703803616154,0.573596922846573,0.22569980636797568,0.7178121839148472,0.11296870964137899,0.04100447486113497,0.052377285717648915,0.19895121474687577,0,1000
1.0237686920986793,0.5983871014721935,0.21752820057215738,0.7254505358746287,0.1103600745488468,0.03941580587719344,0.04821886414860399,0.2079344604155161,0,1000
1.008173087200137,0.6079682073367001,0.17747296718680178,0.7221244338861231,0.10581003642413497,0.03694558989530738,0.04473426925598545,0.2082153775444929,0,1000
0.9474674155565864,0.6431247147175232,0.2369260988812153,0.966938964077752,0.1069952103216132,0.03667367004590233,0.04236231928241146,0.2523569862028624,0,1000
1.228559146546467,0.5277591879636747,0.19139599718213696,0.32170781776282864,0.12471391058790991,0.04467983801250402,0.0626101987605126,0.14054910216820624,0,1000
1.026294079988059,0.5917681468504938,0.25090270198571385,0.5677862645067232,0.1117482172514883,0.04105166019083726,0.04749767225274549,0.18918672083077795,0,1000
1.0614348965651867,0.5523984493058793,0.19344611245336554,0.706088703701477,0.10957303799739097,0.04174162506385454,0.05773059368192591,0.191287668970072,0,1000
1.018742734085735,0.6238628044743642,0.1602424330416009,0.9930994497180017,0.10198976897756544,0.03419305723632933,0.042482628545356935,0.22460317383075723,0,1000
1.0732219498536426,0.5863551995675005,0.1416109260475567,0.6183159416362674,0.10707908391501883,0.03709418726338674,0.04626411857156332,0.18706678639347046,0,1000
0.9887654353851654,0.5772108035898024,0.2362497849990686,0.5558347034111452,0.10763410635835614,0.042399112020494095,0.05367632116264529,0.18403271392665768,0,1000
1.0207468666257768,0.600995231235402,0.16181443793236056,0.8846281384004454,0.10736440589081386,0.037231585459945093,0.04812834049782519,0.22560015044073184,0,1000
1.0022383944793987,0.6147584084716692,0.21509647251708938,0.8263950969662024,0.11157813223601601,0.03917675086844594,0.04954161102691881,0.22521265216478945,0,1000
1.20313960412322,0.5226625394143075,0.21003729746297362,0.3918592673067376,0.11654518851231817,0.04225046645297752,0.053948665903658995,0.14776126096663048,0,1000
1.0712268876715205,0.5767212520511503,0.10511042169882573,0.7732612799634866,0.10597993364173518,0.03726154399525567,0.051683503106342524,0.19955465263707328,0,1000
0.7948425567899366,0.6645235446350165,0.26057350109793576,0.6252231266359671,0.10002093507793838,0.0389594179377647,0.04502117323558298,0.23061600256687062,0,1000
1.0962918092044887,0.5822798932019615,0.16720698146181723,0.887312165190235,0.11360176526080748,0.03883719176597174,0.05286202007711606,0.2170387235900731,0,1000
0.8118664970545261,0.6777794759715988,0.20045380625614448,0.9770699439464042,0.0645095485724394,0.029276072656057146,0.040401075608586086,0.10170661735458278,0,1000
0.9048070580923642,0.6449845903500873,0.20448231844563008,0.9293816923468341,0.08731037954329238,0.034527640649961076,0.0493399857859272,0.1723175109459691,0,1000
0.9380950391629843,0.6367802698708019,0.17149875186726973,0.9999485971190778,0.06291945173159989,0.029078423355126257,0.04349829297503047,0.006045996766258461,0,1000
1.0729151935143484,0.5782541371062601,0.11115127762245063,0.5543330415420052,0.10572466880161745,0.03727912717876377,0.04866161194652202,0.17680123925448493,0,1000
1.0225899186151546,0.5629323574842573,0.21842802848950033,0.7686486852861287,0.11014607484587287,0.042727130541537935,0.059564035019945706,0.20326517267336705,0,1000
0.9907712144863832,0.6190634213097235,0.17191510981172226,0.7432032400855042,0.10549918949663883,0.03644307116148919,0.0437883051681199,0.21489311627473986,0,1000
1.0914349310153362,0.5705394670863019,0.22621566842127963,0.5176198200355513,0.11412605420066471,0.04115307561670743,0.049859175268451614,0.17528190753568507,0,1000
1.2488808788839703,0.4736646822168234,0.1502585498479396,0.3581079915119732,0.11246101944170839,0.04312339768847414,0.0648690714193869,0.1323116733254932,0,1000
1.2561912838147917,0.5136985125368551,0.21153465939547825,0.3714460680393412,0.12310747040394819,0.044215884831905715,0.0601699312646331,0.1424056610311233,0,1000
0.9367407861032521,0.6284444782135864,0.15070158672461414,0.9069487733092476,0.11791513501438024,0.038793740036641454,0.04467994123575453,0.2982650333157448,0,1000
1.1441312377289414,0.5564367343926876,0.201688077348854,0.7140020240876885,0.11471100675457765,0.0403166472094962,0.052036317491227765,0.19041172398038578,0,1000
1.0145825660595593,0.5717679100215516,0.21353117539650993,0.5554603838550716,0.10645545346618702,0.040829254440961804,0.050658237233228515,0.1814314017811538,0,1000
0.9546723005242533,0.6024928870069379,0.2660431113073552,0.5380781126834259,0.10832148614984138,0.041737470410693235,0.048311006250181095,0.19193780519467854,0,1000
1.0513276827323474,0.5876783454427839,0.1265626021813546,0.831202389761211,0.10450441635651765,0.036353457763721155,0.0469830827539417,0.21048361004399124,0,1000
1.019478665134889,0.5892466457454331,0.2095775041070054,0.5313927050031055,0.11309362249196142,0.04190604117522035,0.05477917110747114,0.18348661502155142,0,1000
1.119105004552028,0.5639354820393233,0.13439730732439806,0.8108727555955528,0.10926167725615515,0.03821239213490425,0.0525825922650552,0.19825681469124415,0,1000
0.9695627137912952,0.5777620107774594,0.18561301466630273,0.6190848884053461,0.10088986313874443,0.03947187418902478,0.049848753408706724,0.19017984998842588,0,1000
0.9587845542136127,0.6131688286534253,0.18460530711429032,0.7461629156174012,0.10296217103962943,0.03733489338875605,0.045347791597940605,0.21510712044775887,0,1000
0.9879861977937471,0.5991272183477566,0.12340214141319704,0.6576832922800134,0.100289463290955,0.03632836953557165,0.04590556831623993,0.1960001385224458,0,1000
0.9949797799015091,0.6160561543487824,0.20474599753773717,0.9997362401745133,0.06563908808857766,0.03033510515023749,0.04303451844815717,0.013654493193792347,0,1000
1.036375655810954,0.6070500593918674,0.2618326520517755,0.6014029565058125,0.11743464342105049,0.04144729997636113,0.04901306078607243,0.19773550765932327,0,1000
1.0499813163643525,0.5915044242636744,0.1922757848402362,0.5842379386488736,0.11333094674371785,0.040496513400374995,0.05288394334205484,0.18730059599602988,0,1000
0.9928271648523506,0.581187575918754,0.216628879891763,0.5996646738424044,0.11166775164789607,0.043458290793803284,0.060055621137874,0.1896510150881064,0,1000
0.9572484059571382,0.6394968493919695,0.1616777025736543,0.9749571501710311,0.10360141015623293,0.03473612563801657,0.042625925763393885,0.247150263285272,0,1000
1.2514218314868968,0.5032699510683233,0.16543431922821042,0.4005449037302899,0.11445280635221948,0.04132856851148237,0.055698082752459854,0.14233513517723717,0,1000
0.9934088448538682,0.5962168993765306,0.1491188841055451,0.8260213537059354,0.10314072966749137,0.0374616221366726,0.04960692482921721,0.2149427574263444,0,1000
1.1825513539393482,0.5211200308153522,0.18712472091018834,0.29289993051032254,0.11190728681050183,0.04152036312382176,0.05224744591608416,0.13688386087135468,0,1000
0.9973166578633692,0.6058315593508595,0.2243077362212525,0.6091177328663682,0.1097993761266217,0.03980543953950919,0.04786988863211027,0.19797859139017124,0,1000
1.0151269623484294,0.5937100683271472,0.19081022437763526,0.6111717739082421,0.10893679225544825,0.03982252354369508,0.05132234397164888,0.19177950625208395,0,1000
0.7906031808827629,0.6799019415582686,0.19121940850803573,0.9564803644616937,0.09306922556050994,0.033433430562886925,0.03758549860876256,0.27415790568647813,0,1000
0.9187045103053499,0.6162650599561218,0.218927511970787,0.7135841208820501,0.10230738825110869,0.03878328256123806,0.04681656043174677,0.21563009521838292,0,1000
1.0778756772014242,0.5927604895334314,0.20209696288640208,0.7747845465481523,0.1134431172609652,0.038742262605501496,0.04780155626082649,0.21002686953289407,0,1000
1.0881895254779617,0.5757889212793953,0.2624466604041141,0.5101651151786545,0.12003879282461463,0.043401281027611274,0.05292805221832864,0.17767942077934548,0,1000
1.1082926920363319,0.5810141948931339,0.18512636635526933,0.765668431140978,0.11154194600935596,0.03878013936325565,0.050779319133478634,0.19475611688071162,0,1000
1.0537245354388687,0.5859785657895543,0.19684277269463218,0.6334894265295696,0.11056425305560208,0.03955805446530441,0.04957183337292156,0.19172958971973683,0,1000
0.9222668611072875,0.6138897223429267,0.2238963139449286,0.6194912316439262,0.10472305253999649,0.04020032122326899,0.05001986868871806,0.20394520142007502,0,1000
1.0965234523189062,0.5821689676425712,0.13764875539786336,0.7239893640888866,0.10867534398447512,0.03705148362618708,0.047604145573410216,0.19645536898673802,0,1000
0.9158376865803671,0.6670879961926787,0.18359914395962748,0.9486772204494732,0.10254586591797256,0.0336099413086603,0.03817576673226247,0.25675950480261434,0,1000
0.9494815790023559,0.6186667221966797,0.15906034445625644,0.6795410020831864,0.10313127815662942,0.03749187728466734,0.047665724756918146,0.2074953972347264,0,1000
0.9677831080255183,0.6031342568806672,0.32994601175546756,0.4857542294020406,0.12186537908400148,0.04703776215820902,0.05552861160061058,0.19005965912865141,0,1000
0.9398763667247811,0.6223570932382735,0.21191279259845724,0.7194982413255843,0.11041121600878054,0.040670095564397817,0.05382924932003287,0.21855949124382823,0,1000
1.08967140823551,0.5648142543983004,0.14678767328380649,0.7978917362621335,0.1049761077485949,0.03688429518223621,0.046503973247914304,0.2015933126240283,0,1000
0.8699676537721832,0.6488654461107449,0.24754898286242996,0.8915454801565861,0.11780556714091653,0.041254130147381475,0.047818582438343325,0.30087471565411406,0,1000
1.1816652405731551,0.5256152412127737,0.12607116021313458,0.4155230742667612,0.11292899743069784,0.04133968730863458,0.0597801228930218,0.1484756891301693,0,1000
0.8678828929136494,0.6109518519398691,0.2329234732321304,0.7781220335091864,0.10093498407301084,0.04181198471512441,0.05494566146197039,0.22455376979540045,0,1000
1.048453736541132,0.5787644675653083,0.20630623848117804,0.5530577852587087,0.11157505281985308,0.040909894297877426,0.051758702891908086,0.18216588340377166,0,1000
0.9308830598259134,0.5977225998307916,0.195311995495854,0.6421416277585325,0.10250628259826325,0.039970541580179694,0.05117528579339741,0.20123587077309915,0,1000
1.056375871436372,0.5642155237405878,0.15420101019018664,0.6196200382913736,0.10165595248958033,0.037420772177403375,0.04559038027651881,0.18190151585455466,0,1000
1.0532222503873057,0.6125533506427889,0.22087771680117071,0.6825785956947593,0.11522914137588008,0.038845509897060995,0.046535053227824745,0.20611392666788572,0,1000
1.294673208092202,0.5185203354072369,0.22956032682823835,0.2934934040271991,0.12549013608335793,0.043365224133600534,0.05320850998414634,0.13565486799741933,0,1000
1.0142547143946097,0.5870352940412192,0.299578815426271,0.3173551763834558,0.11762282950688319,0.04511448521382468,0.051040286562375754,0.16181953228268256,0,1000
1.0481777079416585,0.5970462871663728,0.16410047754646626,0.8847391736407861,0.10783203021219682,0.03704521964530735,0.04682431707354496,0.2221168816121202,0,1000
1.0024220395601569,0.6090451282758967,0.19217264165780107,0.8676436730704494,0.1090129892812777,0.038235194659851646,0.04870474124175647,0.22842401821468103,0,1000
0.8557348483512474,0.6414471303481002,0.23295984255180008,0.5162298790199906,0.10232119308292005,0.0395015361907286,0.046389251707157284,0.20419892999080896,0,1000
0.9841717782373705,0.6173322420767774,0.18976285237708487,0.696475313559805,0.10774660269568062,0.03791890338566483,0.04645143934931023,0.21078553756883134,0,1000
0.9776988335050043,0.5883953135362602,0.20532772709172667,0.82227849863055,0.10790288148128577,0.041120632396075434,0.056488746614521225,0.2176072930162055,0,1000
1.3149845242279574,0.4465242677936354,0.042883191584657046,0.3935680521323333,0.11213731243133311,0.04241708227073867,0.0751971527999645,0.1282206880313188,0,1000
0.8583266809001676,0.6260252662428264,0.22516462645757765,0.7790720722636675,0.09664013423072974,0.03794266912610703,0.04459582408755032,0.22944242871893922,0,1000
1.267590463900229,0.5271883626447621,0.13414515283342843,0.6192318201986772,0.11945097442938447,0.04034086826968546,0.058265463866800024,0.1681242334580276,0,1000
1.2236354442856303,0.5081833546492198,0.07643379469327921,0.5007955219335121,0.10951614307091904,0.03926488187976397,0.058335177348210816,0.15160853706102112,0,1000
0.959705049894559,0.6287091559662131,0.15494703800349144,0.8905765223027047,0.11428425732389355,0.03759581629758486,0.04453321100954104,0.2723132551982848,0,1000
0.9937333168904535,0.5860613468588396,0.14055947253992807,0.8039182603149009,0.10231868949386196,0.03781194701455925,0.0508925611027136,0.21049492749189314,0,1000
1.148459696655594,0.5344016561421738,0.24467137430299804,0.5934510979689355,0.11945381291840368,0.04453689260160407,0.059876552384304546,0.1740468937473879,0,1000
1.0733652076485722,0.5676778944869292,0.11195245610370408,0.4571055730429026,0.10270726461588012,0.037010413987394866,0.046838756920927066,0.16382818516765965,0,1000
1.046118619926354,0.5753418321392914,0.1855297576373449,0.463552516595552,0.10586293601298165,0.03896532660992257,0.04633941599213928,0.16997044559872146,0,1000
0.8252327836128791,0.6361220925579573,0.2256731027299379,0.978624315628363,0.08283963206362602,0.03513559373746474,0.045201653777941775,0.20263283590483688,0,1000
1.1258646228839067,0.5862672904963976,0.2279381145661085,0.5726067796030783,0.11795806059067417,0.03977996629044046,0.046326405813006843,0.18457899626371604,0,1000
1.16946904416598,0.5564698270579596,0.1882704896339548,0.6923693149281247,0.12131763390701172,0.04206646386583585,0.05911033123212775,0.18805829601031981,0,1000
0.8937572535419481,0.5971692477989929,0.15153137873594752,0.8403059801366961,0.09388027224815121,0.037315265796239665,0.04893427564137908,0.2215989349445611,0,1000
1.0355915721219857,0.6169174481616218,0.191817307067697,0.6805334649663661,0.1128814840720004,0.03808827693758091,0.04657797174229443,0.20690205470733963,0,1000
0.895990491155507,0.6346698843134825,0.23819237803566587,0.6227161217656928,0.10378302969110714,0.03877871149794587,0.044665925344378035,0.21322739142588973,0,1000
1.1153398584529988,0.5588631455111801,0.18019469743564392,0.6273275282267926,0.11034428736951124,0.03933674536409605,0.04997627675048586,0.1816948704835233,0,1000
1.0825588496303051,0.5512474182438584,0.15998775573634388,0.6814855099817206,0.10630432686207313,0.03924386115166642,0.05191366748390912,0.18633120482847174,0,1000
1.1702218379062606,0.5171790200152637,0.18558144730382006,0.41171399756009985,0.11415040161057112,0.043056122644636985,0.05965600675364814,0.1485249208861557,0,1000
1.042486775784547,0.5789515687656508,0.1372209937877523,0.7753046121711961,0.10200687425143454,0.03628740955030659,0.04484845415962765,0.20398122880677483,0,1000
1.0788650880679977,0.5610139600117461,0.13792794706192577,0.7809383040958702,0.10690438513873086,0.03868216758144007,0.05372899483115803,0.19867760615868119,0,1000
0.9817077438612613,0.6090079778939245,0.23589437357748136,0.7220006485348,0.10835650810597387,0.039408895118505614,0.04659953620287008,0.21316080780881103,0,1000
0.9643758744318982,0.6319404164209573,0.2271814988983942,0.5495650118270974,0.10863914938260709,0.03808658910084627,0.042789624235260774,0.2003845646889626,0,1000
1.1009183164986207,0.5710315500353172,0.16176490577948405,0.5856831905961889,0.1258537475141379,0.04555161466997619,0.07067551487814573,0.18105440874151074,0,1000
1.049759192757562,0.6053321400895149,0.23293601530253485,0.6024657599401585,0.11837652006287457,0.04099894793538863,0.0522353882704366,0.19619966110394269,0,1000
1.0271786919140924,0.569198861279082,0.22883241699049817,0.674630402923539,0.11039024404375482,0.04244467803466785,0.056151827427841555,0.19379104915024026,0,1000
0.9671900117503746,0.6082873641650973,0.14671949487978223,0.9465598923431082,0.0985850702672878,0.035258204290245516,0.04289178237409127,0.23182485091492905,0,1000
0.9806963079853418,0.591560150491801,0.22551110673841676,0.749110115981503,0.10858796990972125,0.041153243733548936,0.05351588220933358,0.21152440790739138,0,1000
0.9238581027652834,0.6297190056754218,0.20719099385958506,0.6116948758729649,0.10157581440152845,0.03715903331382026,0.04122382635837128,0.20667948186622812,0,1000
0.9609457426222034,0.5973365622143438,0.21478665447042236,0.6619640209469305,0.10635601831540524,0.04042072954469034,0.05177483911549953,0.20281589934905173,0,1000
0.9673768887761847,0.5896931692767534,0.25961275885491236,0.5896737252572455,0.1121974175202646,0.04400641157569984,0.05682816285500238,0.19438877373642885,0,1000
1.117780473148565,0.5630507326849861,0.21100080767747395,0.5639804741105197,0.11552291175687936,0.04125079060005307,0.05219862454205086,0.177558000301349,0,1000
1.0460192793474665,0.5697316484919026,0.18300710667261427,0.7556742278287253,0.10511725809212077,0.03857233673980691,0.048343988272440935,0.20065542465651673,0,1000
0.9853830291891473,0.6241145132810527,0.25389074819605284,0.7355497856130488,0.1170508958073003,0.04119242819490784,0.051252509175320086,0.22258298221101086,0,1000
0.845404170286075,0.6603337910154798,0.2275692434472209,0.908880448214387,0.10223607669964331,0.03710718036024299,0.04489603355650294,0.2624329233244886,0,1000
0.8099411571524369,0.6674697347908557,0.20922421064765168,0.8364607339808149,0.09339598500774592,0.03453943999621664,0.03809206890321337,0.2517642591936359,0,1000
1.1144218591763184,0.560008310353887,0.18206744713251635,0.48683586478035584,0.11072960381873333,0.039768068307774185,0.04916619484564584,0.16694460878207126,0,1000
0.9391116249373667,0.6112281908392461,0.15076833939476078,0.6891402032932568,0.09975721906603541,0.03707168924237018,0.04638369771555485,0.2070162397786953,0,1000
1.0456137682493662,0.6005852873378411,0.15264922432278702,0.8565626248952584,0.11044356887625727,0.03784036276747932,0.05084715675936039,0.21951167229109864,0,1000
0.9776324213734406,0.5789942504579344,0.17521213707735964,0.7441361591592116,0.10140267215993692,0.03900603163700783,0.05110860874651774,0.20400731650101553,0,1000
1.0303007743290584,0.5853859818204705,0.202407044188119,0.6811099193468106,0.10723289709736496,0.0389337183348329,0.04737180309797792,0.19828799586498766,0,1000
0.9769732804337421,0.5972401560854412,0.2968935632246179,0.6096174252177364,0.11765646967051914,0.04529257232384325,0.05670815019979013,0.2006227240938467,0,1000
0.9396002937759527,0.6753899041098176,0.2179046062675385,0.9997226977019456,0.07115616643715122,0.028937769913807854,0.04178235582600167,0.05126254882320969,0,1000
1.0854953061962738,0.5570920874111303,0.212731036951243,0.4060886715013385,0.11603930468357773,0.04398775399988978,0.059225046749782795,0.15908669181121912,0,1000
1.13502525982414,0.535622705546793,0.2252825653695919,0.36554295332660286,0.11318746936939653,0.042616290248781,0.05230670980042444,0.14933665098473775,0,1000
1.217228566784713,0.5101539301780406,0.17665071700937376,0.4048702540279909,0.12076107724493967,0.044924142586525447,0.06719074309740022,0.145013991468529,0,1000
1.0335201666169826,0.5871537737413188,0.23962176325247878,0.7244064228195356,0.11068616665151423,0.040237747107285296,0.048251735796011434,0.20495025651093796,0,1000
1.0748934769780996,0.6105473377965901,0.12463316113529012,0.656348823777983,0.11176996654237717,0.036601187739568115,0.04717254827179135,0.19703957197764763,0,1000
1.001704883877598,0.6188037806535862,0.1696501497766574,0.7788030768793847,0.10977560847338269,0.03760890495612688,0.04851729867646209,0.21930811845230663,0,1000
0.8485660532178106,0.670246755251803,0.2789893108493357,0.999913444391267,0.06518822636794844,0.030828341799404118,0.04222872926178991,0.017739078704812398,0,1000
0.8413039759079766,0.6206986615031246,0.2811017237063777,0.6844020910979258,0.10206935278870295,0.042343191348906635,0.05151368326882992,0.22134233301423673,0,1000
0.8987095807492755,0.6336215900203472,0.21830910544220525,0.8519332903956003,0.10222258592047731,0.03766821631402393,0.04562406167460197,0.23852698158245345,0,1000
0.9186989496978982,0.631281546883873,0.3135864291801018,0.5291461884218878,0.11431453801746491,0.04316634007019338,0.048099676514731404,0.20413247370308601,0,1000
0.9615489321508814,0.593701118985115,0.12342839582731216,0.6527445143100078,0.09833274314209473,0.03707781966988854,0.04853778272666656,0.19488807625376856,0,1000
1.0844485412381182,0.592317413778394,0.21503657771463106,0.6845973968397231,0.11426142751418314,0.03921901602261913,0.04716544295147743,0.1992988429826128,0,1000
0.986706290678412,0.6122664694970144,0.2301231037054661,0.6689733497515759,0.10719351436743468,0.0387001038250401,0.043823708769793066,0.20658578235918199,0,1000
1.0982250322091007,0.5839196275924499,0.19182886981785177,0.7361758802220615,0.11213562848821258,0.038298361226734766,0.046915057374106416,0.20106996802309743,0,1000
1.037869318229174,0.5793390195639222,0.12962235050030163,0.7501264282212028,0.09955485080693405,0.03552467121788895,0.0431216900792651,0.19914414737936528,0,1000
0.9240331373403367,0.6390892304118295,0.16775034791412563,0.8191735599279044,0.10116955951360676,0.035454206098819996,0.0427650600622763,0.23215712617870296,0,1000
1.0815012122415923,0.5596907448694124,0.0899616174733891,0.7248384560560648,0.1054704027251209,0.03807367946924552,0.05509981598352149,0.1890776834829559,0,1000
0.9891178205107997,0.6004846592898537,0.13713543908556455,0.877374926915948,0.10383705092453976,0.037147350603804724,0.04977206968500311,0.22351957519450552,0,1000
0.9758319532937964,0.6026269295651044,0.1823006699543395,0.8908859989194681,0.11337396649455043,0.03989301546304107,0.050070458892190785,0.25657107427587844,0,1000
1.0038710790255987,0.592945665710835,0.21822166734668907,0.8563140824693645,0.10316914161674867,0.0379639233089392,0.04593817311855096,0.2133537659475667,0,1000
1.0516352706517107,0.6104500714968583,0.19149013207933915,0.7016935558971338,0.10999191649428586,0.03704203735689342,0.043027979970293256,0.20540927416145585,0,1000
1.0447716837674474,0.6105672624951358,0.19940067752619337,0.597773353109274,0.11628588375868303,0.040110349711699154,0.05131339911433221,0.19515066426800617,0,1000
0.9387931536522146,0.6240464354963385,0.26803643016229,0.6852301159676347,0.10883980274315196,0.040296509193356915,0.04610561383630422,0.2169173347662907,0,1000
0.8917002116579538,0.6201972002815741,0.24355022539841134,0.7513376534538755,0.10793534435696038,0.0422544958568088,0.056360677656413165,0.22574541731264952,0,1000
1.0733414172469742,0.6138953522005792,0.18004895739122775,0.8016596573105126,0.11382624666088369,0.03699081001198444,0.04518729645276975,0.21794004023806424,0,1000
1.0053947180213783,0.5890253464762194,0.217877773747169,0.6337725370251945,0.1129659920075896,0.042538211082087336,0.05731887373460703,0.19589775726074166,0,1000
0.8820729781725041,0.6429740999734884,0.288020741512717,0.7405915629988138,0.10259380598996638,0.03974153596013302,0.049396139518537094,0.21044740489752753,0,1000
1.0267624422810637,0.610520593429719,0.19383734925570928,0.656520016745694,0.11270377942297838,0.03935639503112002,0.049223414790542,0.2020351247339936,0,1000
1.0397069863456851,0.58862712554618,0.18792780684906518,0.4756898905361555,0.11161877084230601,0.040484271375435296,0.05102903777862069,0.17558413551386237,0,1000
0.9406269903994362,0.6250752761286423,0.25642914743571676,0.560289213020493,0.10915991988029562,0.04008744724899293,0.046195348796501896,0.20214594744240463,0,1000
1.019745519154032,0.6082308820047791,0.24830170674462437,0.7523618434381206,0.11353917101152221,0.0398973122404235,0.04719767046002319,0.21635265292700967,0,1000
0.9628996950158644,0.6415964040105937,0.19389273906732718,0.6021172663522409,0.10728885005989908,0.036459054924665814,0.04124161825524362,0.20798953994705743,0,1000
1.0610956107898335,0.5718313109167564,0.2033621728376445,0.4847719371155947,0.11111120774047718,0.04123135007146048,0.05233916811371529,0.17128438714629574,0,1000
1.10865765016598,0.557256411228915,0.15604939673063778,0.5976616259016735,0.10457026377604701,0.037376446602366456,0.044999484067701004,0.17631314917831012,0,1000
1.0446392552297723,0.5772420661089309,0.18644945006880922,0.6689916394999066,0.10842905689847099,0.03975063369325954,0.05185636813360693,0.1926157631405481,0,1000
1.1028302621710002,0.5593722712877615,0.19550177866424695,0.5535471411113053,0.1115023063022718,0.04067531927175645,0.052254275227674125,0.17409564072133937,0,1000
1.059344279042578,0.570720294631527,0.18083136711987102,0.5856369864443416,0.10848970812767969,0.03982247397054583,0.05098225165046827,0.1818098729932244,0,1000
0.9556809731626987,0.6077850536981583,0.21433300356540627,0.8613945332709302,0.10275974158061635,0.03761879878340671,0.043844590405019514,0.2304178520108209,0,1000
1.0609318427118213,0.5934433277620528,0.18710611524938478,0.9999447279629752,0.07147612856249565,0.032205065123115766,0.05272888020255007,0.004677498683679029,0,1000
1.1659823607546902,0.5190042848922142,0.0864713556513356,0.5087546673738687,0.10508721352838282,0.03866184135199302,0.05580556399997095,0.15542170252508142,0,1000
0.9087504151279302,0.6319425748141009,0.3191514807936924,0.6973425544679511,0.11617387603494873,0.0440467369811286,0.05252249022462305,0.2276161300972809,0,1000
0.9668646249931594,0.6261792466916936,0.27794956162350953,0.84187879404892485,0.11535177383151235,0.04109556851609956,0.05000374536655508,0.23707455556318835,0,1000
0.7254079526951751,0.661613910296777,0.27215793517202574,0.9865750761372443,0.09225603377054055,0.038473353604517264,0.0456624595896193,0.28767442789754033,0,1000
0.8747688726045181,0.6390411357569902,0.22007581863292425,0.7956087877462444,0.09983494770055257,0.03720895612036762,0.04280033440814598,0.23705701993110498,0,1000
1.0107821682448825,0.5721179325905674,0.15516583125557348,0.7073703588478424,0.10109267557307769,0.038182008115451596,0.04954163413397841,0.19515203366238135,0,1000
0.9554003776025775,0.586639540636852,0.1628002191211306,0.7713682771934021,0.09975032963877392,0.0382483070084712,0.04976006023469226,0.21070784772696816,0,1000
0.934480049937764,0.6229419805441323,0.24843582914350335,0.8064504290643186,0.10655687366509839,0.03926452563267986,0.046520445178062725,0.2303025571110322,0,1000
1.001115632006207,0.5729209206306427,0.19434266995150237,0.7934340797940507,0.10203409977846607,0.038507801413882915,0.047809422674408346,0.20836688424181982,0,1000
0.8283010085764463,0.6627652889267424,0.18017035316162275,0.9190364155881208,0.09743115499776465,0.03516198913784989,0.04245851315886557,0.26407978936542414,0,1000
0.9497133044062487,0.6329044199305436,0.24708763240540937,0.5993444029697461,0.11338951469524104,0.040351383654705975,0.04907205056885675,0.21011033048605166,0,1000
0.994622361127606,0.6200727492117734,0.1849717923542766,0.696533017892423,0.1071097768096503,0.036939879800950585,0.04396426643927823,0.21013851537426928,0,1000
0.873433424167439,0.6504803975033179,0.28562101918761756,0.4997293355229594,0.1105764100756732,0.04147780819403649,0.047406424372360804,0.2075984800299377,0,1000
1.1004219714424746,0.5826810969759098,0.2171807560095266,0.7705337154316197,0.11692848504941984,0.04043312167647692,0.05210265897158582,0.2060957557041893,0,1000
1.031450618977246,0.5901858369724476,0.19749280838199038,0.7697142001717328,0.1062260959913043,0.0377388815275181,0.044724674972015065,0.20945814903416637,0,1000
1.020158363640811,0.5708756165212384,0.18210317229602677,0.6832788485930407,0.10803030576007128,0.04124739086068469,0.05747281703344017,0.19347584711037677,0,1000
1.0660060625213652,0.5370750257963048,0.1764872405944484,0.528880128030428,0.107857088999556,0.042620291635962475,0.060603670270055233,0.16687665872207605,0,1000
1.1776386967650843,0.5505960578518,0.2224703212601851,0.5685878944091046,0.11851619208132598,0.04138618772788081,0.05138379849962522,0.17356766758196152,0,1000
1.2199392771766786,0.5169145900247267,0.14867979653629718,0.5550809585980854,0.11506245020328601,0.04128072186878444,0.0596288316210979,0.16079842047486204,0,1000
1.0165213628910648,0.5742347757234632,0.16926986069453,0.5461802993549246,0.10255916967575099,0.03866764585188233,0.04776060667941618,0.1788495403731184,0,1000
0.9728349649320601,0.6084027556623315,0.23009455009706334,0.5838599222963794,0.10601151078380608,0.039139021201129255,0.044433387779045444,0.1964855243292844,0,1000
0.7885062979474019,0.6814411019646787,0.2963987422974619,0.7292864521021576,0.1054500456311703,0.0395609260712857,0.04618714852131453,0.25492039649453185,0,1000
1.1454346613466255,0.5244271499139027,0.15862818514370017,0.6122500472384632,0.11209365055107472,0.042020000277280554,0.0618271892789593,0.17068959977262949,0,1000
0.9607240725210872,0.6211187593376003,0.22478686032572703,0.7400392014756146,0.10627091843173833,0.03776738369705946,0.044864674490331345,0.2192261092952097,0,1000
1.1983754065691783,0.5362009439024338,0.17229667767664775,0.5207713152148254,0.11446106165907173,0.04009262355252112,0.051743204002997575,0.1630700212342004,0,1000
1.179841260675143,0.5579993044981877,0.13513357014832555,0.7489415534325827,0.11384522351937115,0.038034397607367716,0.051087241822468266,0.1912199441318882,0,1000
1.0699931155549796,0.5716785180663027,0.22953890208704314,0.337685612088645,0.11313699586531382,0.04201783305264723,0.04980036587788852,0.1563158900872486,0,1000
0.9616776709662535,0.6046664346866752,0.23913026663910367,0.7255128161931248,0.10687203086592595,0.039895938568952426,0.047830248094015274,0.21385275422441394,0,1000
1.1075151222504571,0.5775661056747013,0.16405103703274362,0.7302384810544866,0.11087131109619289,0.03797621754158911,0.04820907826991141,0.1971028778839506,0,1000
1.0702919737542804,0.571197613382488,0.23334495715858286,0.6220653686735317,0.115847089601252,0.042528028148993514,0.05561914007513639,0.18816690008799994,0,1000
1.0031865863866494,0.5979120347263025,0.15770581978134876,0.654077872623877,0.10885497009336353,0.039048365345353026,0.05046891943528627,0.20374073678982635,0,1000
1.107767639727032,0.5408207463220618,0.16344055180774678,0.5369557026800633,0.10636791001902077,0.03953216708383741,0.05200944278555992,0.16708851814164047,0,1000
1.0483838764925437,0.5703518777390245,0.14406820949343555,0.7135094179501522,0.10271487297915911,0.037294382848570895,0.047201366764824795,0.194104824083217,0,1000
0.9948644315907638,0.5454231714116755,0.17045359230190132,0.7857500732381618,0.09587577838086087,0.03833205388582846,0.04883677014851559,0.1982442403317384,0,1000
0.953774844341157,0.5881890045558039,0.19679778855059676,0.937206151527738,0.0999173573932574,0.03807346260646004,0.0478148213773264,0.23084668153928273,0,1000
0.8992599397841179,0.6564040594638757,0.17236075500386103,0.999833086200923,0.061948980324361115,0.02828925366929114,0.041073860427181294,0.026003957001006783,0,1000
1.3452986625981267,0.5072635589859358,0.0797793695139752,0.4475757558524185,0.11953091763814176,0.039760547862781735,0.05930985298422423,0.14389759760097923,0,1000
0.918487012732943,0.6380130705409349,0.29215350373904764,0.8447730435734425,0.10097207091868644,0.03818901889242792,0.04546411738523526,0.21149388807295336,0,1000
1.1973676409057243,0.5399042969864145,0.16065315564839944,0.4915956010818759,0.11619766416724849,0.040556820758854334,0.05493536709132052,0.1603247478765562,0,1000
1.094284313512047,0.5239272953258325,0.13131498852187004,0.4575012109454476,0.09956123039473176,0.03828883591754501,0.04984303371735226,0.15449263039955327,0,1000
0.9438149291535852,0.6403671865710311,0.23406319628025304,0.8034772932680441,0.11022028199724199,0.03844012816883376,0.04638495232011193,0.2354734628917559,0,1000
0.9801121116717386,0.614786892529764,0.18369553828740035,0.6993517545798201,0.10799188767741738,0.03871927490153035,0.04892318164459102,0.21010483969522992,0,1000
1.2951001638144926,0.4955666329822472,0.16694583564852475,0.5805622852249629,0.12028348539084181,0.04244756085686816,0.06293895957104748,0.15834489878692845,0,1000
1.0322352377272355,0.5898003553015265,0.1997314949667269,0.4960793064726322,0.11245108198965097,0.04104844534622038,0.05245220448338645,0.17877308636209804,0,1000
0.9566980558231631,0.6211190544932436,0.20525036967414925,0.6337470159018739,0.10484666355128752,0.03764911529749713,0.04354444435446318,0.20669101945784132,0,1000
1.077102282994914,0.5534292330336588,0.13415747604592887,0.5331219473380066,0.10307825705569382,0.038293035569754774,0.04977398762720089,0.1691234583195453,0,1000
1.0099689004302463,0.5973028439830824,0.19012603343679216,0.5852883374207977,0.10808903327881533,0.03930667943937345,0.04932747871708884,0.19064302890625864,0,1000
0.9211766576619617,0.6354192673628924,0.1930193907840483,0.9118945840205209,0.11280008753620488,0.038272260852538716,0.04411901918790313,0.28168187041227444,0,1000
1.0639595473522354,0.5826192760686107,0.10999819246089457,0.5792180405737171,0.1049532180667007,0.037156019135275296,0.047945134833182884,0.1802286945492832,0,1000
0.8851988918037303,0.6314644137127948,0.1355199418630976,0.7253626748292327,0.09407350165656549,0.034625324537270484,0.041027022566324456,0.21827309888262542,0,1000
1.2310554212003206,0.5413659889764131,0.1521504451591068,0.3737593034721661,0.12083868734006398,0.041384129676048,0.05642390882474352,0.1477694064607665,0,1000
1.005439082833959,0.5966833208915685,0.17299607496072128,0.890372890520974,0.10398209176715265,0.03674226632039012,0.04438318057100247,0.22696750816727765,0,1000
1.0502659025701904,0.5775139665293586,0.1850702331411748,0.4230759967489388,0.10817990258518027,0.03997914814225005,0.04943980694988019,0.16551069033461902,0,1000
1.0590697665162911,0.5715684842326311,0.16001387620336657,0.5930336504169085,0.10814515408634644,0.03947829137220451,0.052016928891838,0.1822456486425928,0,1000
0.8949628756455794,0.6167453703357624,0.19912994772515014,0.779979340480275,0.09921023604118107,0.03805018862344299,0.04785071668187696,0.22370284731211487,0,1000
1.1283827271371774,0.584600220209631,0.22775055666548322,0.5683480250510463,0.11890559329781057,0.04024957240585222,0.04808331617180977,0.18344018159566855,0,1000
1.176620068655037,0.5479454985410824,0.2340123689656668,0.5190234320319657,0.12092035524535528,0.04280697322053788,0.05447425646771765,0.167929617477762,0,1000
1.1010032221601478,0.5573445431421783,0.19482217613894653,0.5613524083575185,0.11431138219556249,0.04216706463336437,0.057346511351915534,0.17503013310904267,0,1000
0.9404613358505574,0.6349748439830841,0.17204784842874224,0.9799128429294582,0.10741126830163425,0.03654172541800678,0.04452864398588867,0.2660176683310318,0,1000
0.9803665409670157,0.6124858830371483,0.16928479792008438,0.9572378170130561,0.10473158892957508,0.036566667336499915,0.04600204573790472,0.24002122947201057,0,1000
0.8710246113092036,0.6629843158684898,0.25218765103418167,0.6402076846918037,0.10578059683865175,0.037770087157263287,0.042017574307518124,0.22760163271717285,0,1000
1.1783120863510501,0.5255586825649768,0.14088141543426183,0.6988124649412529,0.10934588008866959,0.03912441273322221,0.054003736713711704,0.17812317351646495,0,1000
0.9791789725865857,0.6140012682703165,0.20043162537415923,0.7006179791267576,0.10475427072234737,0.037536311694544015,0.043765394734189667,0.20947695536077446,0,1000
1.1756908495989407,0.5153746420154739,0.13891592280503556,0.4668479552102968,0.11322677354511496,0.04240943807373868,0.06308129635853103,0.15234728127663116,0,1000
1.2074324132497456,0.46585946725662364,0.14024131917644064,0.5609107603420559,0.1081105804117706,0.042505110462933086,0.06716576614329078,0.15171969512857753,0,1000
1.1066507632106295,0.5558105728728616,0.19049915185309796,0.5135128873568531,0.11231320353482321,0.041250126070813076,0.05404738488377628,0.1691139674867169,0,1000
1.0225461448557982,0.5833055483220256,0.14020827821126003,0.7023175976991751,0.10459613244340751,0.03799850208385312,0.0501436127015197,0.19771624546234745,0,1000
0.8890175538844347,0.6517864923856712,0.2368418474563003,0.8561506926012337,0.1082559453557561,0.03760283757016585,0.04190637958590556,0.2652337842137374,0,1000
1.076605512622584,0.587594980947198,0.16514076464034794,0.6063818011872755,0.1099457254312152,0.038386940249489264,0.04742492381170495,0.1868635278654368,0,1000
1.2063848673814515,0.522574638531173,0.19573716769665717,0.476427789353327,0.11707361927405142,0.04227373747629512,0.05681687950787217,0.15582077840267847,0,1000
0.9254596709668739,0.6295639273431577,0.24443872238792846,0.7724330094141285,0.11080367298109778,0.040586731430787205,0.05116293153025604,0.23130176507004963,0,1000
0.9351135518227293,0.6323009573061902,0.20808247499455337,0.6722094620563368,0.11203465113767697,0.040582468258683405,0.05403076051612844,0.21573532514901667,0,1000
1.1155008434352305,0.5626791963624824,0.18815513016105057,0.36196441159354953,0.11249850010942636,0.04065856941431371,0.04998818340648036,0.1542116895913028,0,1000
1.0346464229521133,0.5698165989423609,0.1694229193439313,0.5060401769924003,0.10554049344189836,0.039646969677417356,0.05110485236943178,0.17308703478294474,0,1000
1.0993980821267566,0.5586928502508884,0.13525796134628118,0.7605990114989472,0.11046749443106063,0.03964605539387815,0.05678436683443883,0.19581985531694351,0,1000
1.1012383498762432,0.5721161392675901,0.36185406806742093,0.5766622975968037,0.12802906136665096,0.04637719446975378,0.05267642166751558,0.18792967088819304,0,1000
1.0561834729272028,0.6032776114561562,0.21622219322001782,0.6077346406322052,0.11486440704660054,0.03973408913793171,0.04824937520282966,0.19467168416672928,0,1000
1.2704372663978496,0.47473344420373653,0.19170857315953055,0.419107415405936,0.11556053342335318,0.04360237885504134,0.06228321680831903,0.13885704014439582,0,1000
0.9930690491633095,0.6090352237147393,0.18656379319013142,0.718341817171307,0.10450258944174028,0.03705907571890918,0.04365890715238268,0.2093756973583156,0,1000
1.0072654249400959,0.589563533702976,0.2315714584865082,0.7290137999547276,0.10805029230283915,0.04010865607643966,0.04834308443261794,0.20708761269122017,0,1000
1.092369712445626,0.5602623513264825,0.13741759965106343,0.5382547449241263,0.10662339844590987,0.03859836103740709,0.05072602470622562,0.17128870022195627,0,1000
1.0889910709844757,0.5908845882214538,0.25553678645748723,0.45086067787830453,0.11834672615904143,0.04131640940064499,0.046616410768569413,0.1743768750493551,0,1000
1.0075659557247654,0.6288338669602427,0.20352129013482992,0.9269881790512748,0.11440366062758456,0.03873571702393137,0.051902040574292534,0.23723573268523057,0,1000
0.9065894994884589,0.6408054522772152,0.21955907893125648,0.636615846250786,0.10427656213653844,0.037907502922031176,0.044236986575928054,0.21521473647201697,0,1000
1.090624740882421,0.5550354171775346,0.1658722256103255,0.43619212897482357,0.1091343832368219,0.04062409897104973,0.0534047516620266,0.1601306292196072,0,1000
1.092406086276176,0.5551799809261748,0.18322675773344388,0.8042480012254426,0.10348691544008044,0.03753777444801571,0.04500555904634977,0.19710330870535125,0,1000
0.8377692568117231,0.6700397418675298,0.30868562808151107,0.9192264329180182,0.10520989484269094,0.038260308373970625,0.04133987794480177,0.2706942092352963,0,1000
1.1124747732227924,0.5729275763905742,0.16807710014281113,0.5245646837519865,0.11275635095556964,0.039414681629712234,0.050284583745683106,0.1739814448204368,0,1000
0.9068657452799742,0.6368499642097902,0.2092551936590065,0.7900238829264008,0.10265404063938985,0.037235686354078326,0.04353504119516883,0.23310308644465502,0,1000
0.8915030607982948,0.6357080514087934,0.2152831772511312,0.7298668256491456,0.1026965826921678,0.037979183290270474,0.045441885853216755,0.22652164559447063,0,1000
1.272597268813609,0.5194929932157757,0.15186815486073177,0.4514853496686251,0.11928487825223397,0.041141084270942235,0.05721745405889322,0.14997639293579113,0,1000
1.195337031716048,0.5037696868856911,0.19489809298819288,0.32120879191185747,0.11824503258299734,0.04520151782764537,0.06451967912241008,0.13674878701730125,0,1000
0.7267620010607855,0.6814151586218661,0.28860555462051424,0.9999896932980914,0.0580166627506852,0.0313755609962764,0.04294023338491982,0.014966410757964035,0,1000
1.014061287845662,0.6182422841379139,0.24221620474214584,0.5563614173743433,0.1165621257638814,0.04091175849438316,0.048219235344146696,0.19620123211726195,0,1000
0.9552449146751936,0.5839066754465323,0.15312128460103064,0.7232381834747953,0.09854193350672194,0.03816812376836034,0.04998726645090738,0.2026130793744821,0,1000
0.982536084381514,0.5975807196470482,0.20086206026298165,0.5889442294900538,0.10818088039997596,0.04045141268781406,0.05183560103911131,0.1929963217119341,0,1000
1.0257764942735113,0.5875047392132193,0.2762532680461586,0.7211229759746115,0.11605006506195822,0.04295879977821991,0.05308138328642477,0.2083869003516878,0,1000
1.21522818123743,0.5211029861243803,0.1722952700715247,0.35278243228603173,0.11552435171663737,0.041713378224936155,0.05539199797236272,0.1420616394414488,0,1000
0.8805916981632598,0.6231702994826007,0.2547271151860394,0.9914496953071661,0.1021225995116973,0.0394235800243988,0.0492048785031046,0.2539474190472647,0,1000
1.0667172241578236,0.5203620543179013,0.1208302328795381,0.5566949327320524,0.1002930181437453,0.03990359110165461,0.05750639942768897,0.16459036555875853,0,1000
1.0494052677166132,0.5930563555332687,0.2924320205548631,0.6417079410158497,0.11827614512656219,0.04255032960062628,0.04891877824435732,0.19932847522179892,0,1000
1.0253585098497153,0.6011332909021383,0.16200982707580036,0.6992773357798657,0.11147349395146106,0.03961378088532832,0.05406598333864572,0.20255078590402534,0,1000
1.0753643107493471,0.5630003016052374,0.1589986108229585,0.610276236089468,0.10465471004520045,0.038069526831727186,0.04776028491999008,0.18045506723937332,0,1000
0.9769438604489419,0.5918723092265724,0.15716757040379914,0.877676147191129,0.16452567557914072,0.0546090462481777,0.06962831831340263,0.3793738969125552,0,1000
0.9711789680849097,0.5935622432912783,0.19094792188435886,0.898308534076811,0.1132025315694957,0.039938341544056066,0.04600592809765286,0.2689205168908403,0,1000
1.0754197136392363,0.5737394461344129,0.13240651812967424,0.6751672029236345,0.10831093058208192,0.038510816350999726,0.0522314841250467,0.19013781343762035,0,1000
1.067606593858857,0.5678897424655384,0.173994368475196,0.5825262684940412,0.10456295589893318,0.03800153120757727,0.04537195838819938,0.17966864766986831,0,1000
0.9333546414359358,0.6315055560926244,0.2587923406054353,0.8691945786063312,0.20051961411353092,0.06024600428090761,0.05227133071141176,0.51990712745312,0,1000
1.0605719371141498,0.5799482883567301,0.1545584222888982,0.6254411337255306,0.1067875107160846,0.038059473777186034,0.04831841046106277,0.18704436352272483,0,1000
1.1308594939083145,0.5845343841071132,0.08348752007810036,0.7483889370076197,0.10610598450002445,0.03439406194967885,0.04292183701272322,0.19561534595558713,0,1000
0.9572775157637256,0.6191998386503511,0.2515461450681983,0.8581028477574009,0.1056719298482386,0.039527734652628446,0.05073930182637159,0.2165343615999183,0,1000
1.1577764592011772,0.5048704010188699,0.15582089928845627,0.38804997920091505,0.10951435351788932,0.042628538112411164,0.061477505409942186,0.14284433642054137,0,1000
1.0231303894506079,0.6109957534650815,0.2161684739999924,0.8106451795576883,0.10706277013672573,0.03839873609961172,0.051162597574933605,0.200145310139073,0,1000
1.1039251199136522,0.5986009380192988,0.1776816677409402,0.7634559761104671,0.11500245151700751,0.03781290298124201,0.04725353598033593,0.20841621557692575,0,1000
1.0645939796272688,0.6001992601315567,0.201094131327331,0.8224206724876048,0.1131092881247341,0.038608346329382204,0.048519432723764584,0.21647109502713227,0,1000
0.9378342209415819,0.6458822037798758,0.20565300561512512,0.7857000603474464,0.1055124403343072,0.03609936476894296,0.041378261053435374,0.23301814503029591,0,1000
1.3165595022415097,0.5066200066654049,0.16297683150977743,0.3696342571214699,0.11947444824059285,0.04112809638598509,0.05624333452231724,0.1380485877462092,0,1000
0.9561824840737636,0.6200153800592425,0.16501041077712325,0.7983807253875522,0.10153131560369255,0.035995633108558904,0.04331495880659105,0.22191672459742032,0,1000
0.890584667922378,0.6463843510161528,0.2537464903000431,0.7544366069809064,0.10731214742004384,0.03909014958336794,0.04644227987684596,0.23539309963359065,0,1000
0.9936757272426068,0.6201871218118339,0.1378781071252064,0.8825445732691024,0.10494135486893029,0.03552381973820186,0.04458482483647821,0.23112844367138877,0,1000
0.9763612163430767,0.6278200610589946,0.23254989554221933,0.7313272066552587,0.11205118299724305,0.03936723396175064,0.04767430688855461,0.22018375217461536,0,1000
1.0116097417519176,0.6116103705407373,0.23561171467576614,0.9303492276018068,0.11002732398797087,0.03820183102226171,0.044439029609689484,0.23774509594216248,0,1000
0.940114504809187,0.6010934535400514,0.21548613004563222,0.6730994796257956,0.10473385326716646,0.04075906203360663,0.05126428552835224,0.20548148288234858,0,1000
0.7818217485137112,0.649470786835472,0.291050159292621,0.9000542500763715,0.09566846208303277,0.03916771101464221,0.045181529311423434,0.2584709032535925,0,1000
1.0037356818340561,0.616629973101405,0.20739566954355004,0.6673319008894033,0.11200167978284022,0.039227238349299316,0.04892837826402406,0.20700721175222248,0,1000
0.9456592747091902,0.6197324517489948,0.2019192411997704,0.7652456074870807,0.10473709625707638,0.037980393367681144,0.04627728987001279,0.2221835046198089,0,1000
1.0500485452635573,0.5972182686672529,0.1948663310746772,0.6678994772539557,0.11106022568998113,0.03876222474170191,0.04794131285789305,0.1987262513632447,0,1000
1.075211156468053,0.5415606761534276,0.18032085405734077,0.651917251932178,0.11179768336895837,0.04336736858770308,0.06412749902487032,0.1819538932001741,0,1000
1.0986400519902244,0.5724767790700686,0.2235778536819913,0.3760759532887765,0.12263251140058574,0.04495710377136492,0.058787548391604084,0.15988795319371452,0,1000
0.9670657336400543,0.6216568036118979,0.14578447328462862,0.8837185777114989,0.10454785651791969,0.036201533128910994,0.04678512188343663,0.233596312238686,0,1000
1.0138057810757708,0.6017497598103604,0.18253216405471837,0.7498189416891876,0.10740415907893157,0.03783222653950384,0.04674111630788475,0.21122087188174687,0,1000
0.9777117333830794,0.5809572446583956,0.2510870234644938,0.5045577513869116,0.10938473702931319,0.043570717454467174,0.05336071843841297,0.18078490493758723,0,1000
0.7901002536630095,0.6579300384121766,0.20184359830103574,0.8360608427606341,0.09251400564122067,0.03580917970066287,0.042196341624137566,0.2505650880642258,0,1000
1.1435699581721666,0.5608338223463587,0.15826901804145452,0.41317676594817276,0.11272660102773298,0.03940192240708938,0.05010963855576358,0.15794622136984005,0,1000
0.9837593990558827,0.6196463619600836,0.14789407070929678,0.6867880584981607,0.10313919353628392,0.035735629855658445,0.042815688186068436,0.20731236243449527,0,1000
0.8683558398217449,0.6558570090971262,0.22764325090659235,0.7697081430347589,0.1003515312547959,0.036254102110666174,0.04070261931996108,0.2383309851379492,0,1000
0.9698149375419018,0.6183108302349759,0.10303851925278054,0.8198684516328335,0.10143825240115507,0.03517743733185926,0.04540074647974345,0.2214578063802211,0,1000
1.0170675744156632,0.6081925896177761,0.2375242928205001,0.704812927218274,0.11159878453313311,0.03939765550306719,0.04633016626457876,0.20973619718624306,0,1000
1.0128735861454516,0.5813971721904505,0.2037396754424315,0.6528809736083014,0.10555686341986602,0.039579089398472773,0.04901400548858689,0.1938962726321987,0,1000
0.9722827307883993,0.6119678276292627,0.1831199276671739,0.7157291784655828,0.10410688238719103,0.03754564037993695,0.04613586921428864,0.21029105991992914,0,1000
1.104754176153193,0.5541530618098746,0.1128916368996274,0.6370685223215462,0.10102357205295964,0.03588106314561938,0.04410402038162577,0.17833029774385933,0,1000
0.9846678024518185,0.5869006607690994,0.14791669205276714,0.6277064879575206,0.10085887629010111,0.037800280010484695,0.04833839641920738,0.19137752020927543,0,1000
1.001963521112799,0.6068472204857112,0.1910668390627444,0.6628501764713803,0.10768377864008725,0.038360916672206945,0.0471434337935278,0.20269014512111003,0,1000
1.1274558808393822,0.598330600779341,0.1874690516331508,0.4965320598349,0.11800703977466116,0.038866217937881996,0.04709948460240932,0.17709518315071984,0,1000
1.0923083698482834,0.5958616368934955,0.25553501598718303,0.5035223508873474,0.1188054315713731,0.04079300898211034,0.04569347028497056,0.181340143573531,0,1000
1.0944529989186336,0.5099744680550784,0.16430448332298905,0.3848913395718561,0.10288098072048674,0.04153688557703486,0.05627371964665441,0.14523742099232304,0,1000
0.9970742344347244,0.5932263005593307,0.2045481419774722,0.8496576034065159,0.11476276644643343,0.04056366177975685,0.04882906702424935,0.24932263283956105,0,1000
0.9670655904123426,0.610129290614433,0.22609524731592454,0.741122938324171,0.1081466942569032,0.0397196413538662,0.04918826142782405,0.2158952891061582,0,1000
0.9270570156983768,0.6301776446629074,0.24742462620262715,0.87106039237975,0.1106990211680969,0.040168089351924216,0.050601345252696675,0.24411336486656812,0,1000
1.179349311819417,0.534081926573073,0.17200455066690165,0.6834019110923399,0.11273694936564033,0.03999422132344065,0.05382334861141609,0.179608393879513,0,1000
0.9825814990859375,0.6077542079852034,0.21661485542200307,0.6041004094559201,0.109462467043332,0.040128912521099895,0.049640722651429034,0.19782186723755968,0,1000
0.9895514314954185,0.5891935556157158,0.2506301649599674,0.774946943215694,0.10711319327881902,0.040440136521721834,0.04854195926109572,0.21300804941408313,0,1000
1.0110157002027207,0.609716696480224,0.21783233272427696,0.6051895881704119,0.10987451082736485,0.03902129250671604,0.046168247193156896,0.19700159426407135,0,1000
1.039528770698413,0.6118243725555015,0.2729910699166774,0.9251890454094077,0.12117301285422707,0.041660926907548676,0.05208120620089561,0.2402729684070943,0,1000
1.1441268400627038,0.5477258358892568,0.13910040499168422,0.6839761760161356,0.10778906844503479,0.037908558909820575,0.04949335035820647,0.18235454095388806,0,1000
0.878624139710121,0.6534914008801096,0.18121427025953904,0.9752834174652142,0.06769016213917109,0.029969000552521777,0.04291385565962612,0.09972211140181568,0,1000
0.9424317166319454,0.6428443049368648,0.2678117172878768,0.8298832549439051,0.11190268178921915,0.039033744374550074,0.04517275993758115,0.24156478586007588,0,1000
0.909051892526618,0.6272215919732969,0.18204285971977466,0.9521944834222351,0.09830229560406185,0.035723585852041134,0.042827729700389526,0.24535367724896223,0,1000
1.0784232350214857,0.5586011575885079,0.24694839328326393,0.4281782688760753,0.11780801346649566,0.044894863270454145,0.05863292412469827,0.1633492783607989,0,1000
0.9396123072317315,0.6221777706429449,0.2571564205295097,0.7469754723958529,0.11127687547836662,0.0412184271304544,0.051563026650289515,0.2239882148749772,0,1000
1.0791690700386563,0.5584618167422932,0.18138682116754073,0.5895497441710756,0.10938778794505075,0.04036740074934192,0.05323587530066211,0.17892862473217616,0,1000
1.134463982858638,0.5771080177232445,0.18297415395520983,0.5685382798002416,0.11371307195726586,0.0386151592077438,0.04648128667926286,0.1793699479221788,0,1000
1.0374003542594508,0.5831217636132929,0.24146210493264547,0.8554971241336786,0.11121118954147231,0.040319855186667565,0.05009677462132562,0.2193502414199041,0,1000
1.2494522198577673,0.5586140678276071,0.14851787775441488,0.5980140076068162,0.11549109881227196,0.03683985807074216,0.04378896272907097,0.17328563104833564,0,1000
1.0566348566656811,0.5725342705312834,0.3100963390381643,0.5344934125138371,0.12971467204243622,0.04934643177379443,0.06515006713912652,0.1837244685727416,0,1000
1.0323556000975092,0.5494922709516378,0.18020841242312938,0.8375690056950902,0.10859120611485086,0.04241739616516722,0.06351429633204994,0.20610846545432873,0,1000
0.9625133163783167,0.6570333722791376,0.28810176853369707,0.5704576830215511,0.12161964450747499,0.04071099482448751,0.04624088466416932,0.21550283651971125,0,1000
0.9311533283779315,0.6493998994614487,0.30078907249441506,0.7159615447507173,0.11573487546037135,0.04062364893024608,0.045700974680149616,0.23313929247096066,0,1000
0.8375107586822925,0.6932487038521029,0.2638520852633436,0.9999446847148404,0.06727403223988249,0.029956996872057166,0.04305326512334916,0.009595284044885157,0,1000
1.3112281822119776,0.5105420738499459,0.1584064647201764,0.6549826396998847,0.13352085764900362,0.045934162946911966,0.07608715549519326,0.169759887305683,0,1000
0.8760246155889876,0.6473788536358669,0.21395121291290597,0.8826780551365183,0.10041970012739877,0.036351967010333164,0.04263777481825534,0.2483907127244002,0,1000
0.9117363486765555,0.6480999371563941,0.14349114081338787,0.8964278857863919,0.09931166553393057,0.03440071913124427,0.04312075285739047,0.23865361563035517,0,1000
0.9844977899808045,0.5979734014847181,0.281994505496387,0.553653231617742,0.11770535243144646,0.044908201918474756,0.056371339781221795,0.19312506641506666,0,1000
1.0286561764119964,0.5475926874504071,0.18279657177011477,0.622357228375647,0.1024317126898075,0.04042832721387138,0.053452035347329896,0.18064064952734626,0,1000
1.1374405746808625,0.5284071936081056,0.14477690695317852,0.5443503912600443,0.10984006291359018,0.04108491364786904,0.058799672020221065,0.164124596821509,0,1000
1.1467625317887749,0.5661187572565994,0.243737102550251,0.6471940868683793,0.12095658956388271,0.042005501654281185,0.052300358893257785,0.18799033701620083,0,1000
0.8659904787936121,0.6282922172195289,0.16435624153303957,0.757152136474072,0.09390038027189944,0.035813073132956216,0.042979770070240446,0.22358668017966907,0,1000
1.1051580569019415,0.510390525353474,0.1987798786210921,0.6897959965071351,0.1042478972182114,0.04107397066245468,0.054508416207979804,0.17758272496749775,0,1000
0.9185065965018668,0.6065522293000339,0.186705132706421,0.5801323154210725,0.10359499734431746,0.040453622529609705,0.05322159792532693,0.19638168494979097,0,1000
1.195386785959201,0.53326686048289,0.09039653801738226,0.659343027552536,0.10758274428756832,0.03708445297839485,0.05102469655230857,0.17325151162968938,0,1000
0.984569008662734,0.5840285136223636,0.13503359621551267,0.6670678274804024,0.10455893545567388,0.03972512939548065,0.05655454017206509,0.19426673090963295,0,1000
1.0584288470667065,0.5808106852193486,0.2849378179832378,0.3971373616765475,0.13288913668638166,0.05017033924583105,0.06837994250603124,0.1678297377615841,0,1000
1.0718459639175084,0.5647316096654538,0.23209372006027726,0.40946174747650577,0.11207514246884707,0.041952291430784924,0.050013719510670275,0.1625020907226789,0,1000
1.0659654484290102,0.60214939059349,0.19589097107604753,0.6226083264313832,0.11075099415245314,0.037572183738349176,0.04313156141381734,0.1945279130273299,0,1000
0.9969694792241082,0.6275861813902759,0.24582770334304713,0.8157636278196836,0.11394204979591482,0.03889574538711925,0.04615313725169187,0.23111496320627037,0,1000
0.9558037751899005,0.6265938373233179,0.13474817165055308,0.9485904575080057,0.09858979864256234,0.03357002454091998,0.0391474244712432,0.2398527571051998,0,1000
1.015047374443821,0.5686800197616206,0.26852287533128344,0.7098371553769697,0.11366010680146729,0.04437027189597381,0.05818093874041213,0.20122865632631656,0,1000
0.917243782457208,0.6295148405501292,0.23485539430795563,0.6744868569312855,0.10622137638900335,0.039297159874662424,0.04692231954877624,0.2171136975217219,0,1000
1.2351141486634967,0.5301399150463716,0.14856121750376186,0.5995402081390147,0.1194550825869125,0.04104511875086746,0.059407441605464746,0.16842721275366596,0,1000
1.105015335524238,0.5475264639182176,0.15765323629861844,0.39714770160031315,0.1118594392373084,0.04202838055899944,0.05824123090545959,0.15392930518325534,0,1000
0.9489783806625934,0.6088950150164121,0.18932571328693154,0.683327697273096,0.1030302344276348,0.03809847980075849,0.046671393106753695,0.20827296087807004,0,1000
0.8088244266111052,0.683465613609103,0.2865057179502129,0.6859816200011065,0.10775548241813449,0.0392694924710832,0.045751354104538136,0.2485688673696014,0,1000
1.1113989075177069,0.5946828782256907,0.19993552416100482,0.7233288337926301,0.11440396600673662,0.037832583156283066,0.04444615210408302,0.20281720265584113,0,1000
1.1116358164881959,0.5362172743778996,0.15230235396139716,0.48737371051686285,0.10921905800385139,0.041466229359382545,0.05867100963560686,0.16020053050372146,0,1000
1.029088397530882,0.5665991784209151,0.12086103673862716,0.874728474955057,0.10169742401790735,0.03750419275249701,0.05242959433313843,0.21021398513662795,0,1000
1.12159827396915,0.5748704877778023,0.21332972127066177,0.5214746963985377,0.11616035739670329,0.040453023264778995,0.04913397058906565,0.17543288103732338,0,1000
0.8693069313031901,0.6615388259496504,0.28946008508767485,0.8885970266483589,0.08219453546915102,0.03368777151128512,0.04076923658083034,0.16170873355763718,0,1000
0.9148468125356239,0.6434605465485981,0.23465974030407946,0.7307251310704532,0.10501875791515188,0.03732362393373218,0.041881428650976556,0.22852845684644707,0,1000
0.9234964206552341,0.613071562978844,0.15238086555453637,0.7248210948156741,0.09668357833904913,0.03587745272940995,0.04294809206190504,0.2122936182452145,0,1000
1.0302712915009584,0.598487229637488,0.20831810693586644,0.6498051197039733,0.11274872731730881,0.04027385371587672,0.051427509511660245,0.19895548618231712,0,1000
1.132348767019066,0.560726893725765,0.2548370888137774,0.6545761217896215,0.1200389237356344,0.04298368182580943,0.053315003457375165,0.18845131703402979,0,1000
1.332166568099027,0.5237592082178446,0.18231285806409162,0.41569682887545767,0.1263297928845783,0.04164316492761934,0.054468011825231116,0.1473076185615939,0,1000
1.0083628877778759,0.5974784462269714,0.1995351771594176,0.61623459436538,0.10701103137564218,0.03884932948880044,0.0471539333573471,0.1944010185428643,0,1000
1.146644857858677,0.5683631674025289,0.21605076326463526,0.8733385456518,0.11763720591818362,0.040147704258340175,0.052015469778996834,0.21136742558380558,0,1000
0.9375742200369037,0.6473136924072683,0.2622982623515125,0.9015765568435165,0.11615276397220776,0.04039966366798911,0.05182119059962125,0.2523022951891396,0,1000
1.052422126925975,0.6089780460600516,0.14619976963756703,0.7215799641647738,0.11035956724538083,0.03694277975175841,0.047086791465762654,0.2060309662321819,0,1000
0.9119015727221594,0.6386630949092802,0.21376453799973724,0.7920660289469905,0.10569048483735159,0.03831561248340893,0.047831832690192984,0.23193947145959354,0,1000
0.84924513767545,0.6612679469465796,0.20226237583307863,0.6012020585978967,0.09689047651108203,0.035422722211667895,0.039081189248252275,0.21706051120196576,0,1000
