tau,kappa,beta,tau_se,kappa_se,beta_se,convergence,length
0.9327416377602478,0.6075664323049311,0.15389138198444763,0.14354009646455287,0.06498546518272559,0.06872736406968391,0,250
0.8686757625009672,0.657027161084883,0.2447997032761817,0.16178828485815736,0.07004724540693284,0.07649802724823787,0,250
0.9674676676946015,0.5507452875028116,0.1693883432134964,0.18557557697685537,0.0896241698918566,0.12427556153370699,0,250
0.8236565638951205,0.6835369974075566,0.22667440335874595,0.19418383762086333,0.07729435547720825,0.08753971137639277,0,250
1.0901504415352412,0.6025473400583969,0.15863508458526146,0.16769190585584723,0.06480017378361606,0.07375234923045121,0,250
1.3931536645150455,0.5092127063453342,0.10430687331098273,0.2215312556220525,0.07966115694337728,0.12476460875678337,0,250
0.9543286550825169,0.6607343170873193,0.18097609870315262,0.1755594491153659,0.0663542608133485,0.067567574766789,0,250
1.187127805397762,0.49903703704616,0.03607592962461101,0.16380840867310112,0.06996588420393106,0.10125493961875787,0,250
1.3515559300771987,0.49851095227280307,0.05976253580743576,0.19635253694102509,0.07471051253744625,0.11014918211019406,0,250
0.9996471152022727,0.5961790993974573,0.19582650174254046,0.1616035420887536,0.07085657714688612,0.08169381828698044,0,250
0.8757316712796406,0.6253058661085645,0.2554901467776941,0.20207980687001895,0.0908496012545106,0.10643573943368405,0,250
0.6819369816150673,0.7085040826564935,0.35956100948944,0.2094903459058291,0.09515004321135286,0.09182205536208099,0,250
1.2219556537769227,0.5273312448516432,0.22187125277260672,0.2130518281619081,0.08491203581733381,0.10781849941809686,0,250
0.855662455145606,0.6557262335093251,0.190655623732489,0.1695117880191058,0.07110731423311802,0.08396848908222332,0,250
1.0920819021074235,0.5953075872366087,0.015577973398514956,0.16226325331901706,0.06224466017212277,0.07918569264042462,0,250
1.2117834870266635,0.5278822467291785,0.060473104551655686,0.1816198743375027,0.07231614195844575,0.10172155830925417,0,250
1.3094574890173487,0.47360527612874187,0.18942045750227696,0.1819177402248141,0.077573545044717293,0.10964153293146953,0,250
0.7559716870287019,0.7067399161877522,0.3083172765867424,0.17668337553115696,0.07609367438699481,0.08726025086862198,0,250
1.2079737486967905,0.551685310151337,0.12196457179703969,0.2640122513925544,0.0995188141475674,0.15239590997411281,0,250
1.1614480792461959,0.5760920375439162,0.15003132179656736,0.1684796748855897,0.06608027646267627,0.0769279423027682,0,250
1.026633544418907,0.5887599513089511,0.2542312089741522,0.22958341931230383,0.0938694543677383,0.10996042185527868,0,250
1.1358248394237134,0.551557098544707,0.25273411226872816,0.17741883229169125,0.07451762459449374,0.08458808313184042,0,250
1.0464641071948921,0.5890206583050218,0.20402910344979308,0.18219011899454896,0.0742541652501202,0.08421237526557335,0,250
1.1767372947058194,0.5212651597454806,0.16525881970391473,0.1760739289238996,0.0758583456738166,0.10554458602415888,0,250
0.8670500998917541,0.5952578630844648,0.2324060723062402,0.14380030495338159,0.07378648541197795,0.0816279797937543,0,250
1.0680787714550666,0.5229940940054987,0.16671062712494908,0.18724341890982313,0.0848720675192043,0.10952977007716849,0,250
1.1226992427304847,0.6275812369922547,0.1660354850619502,0.1757598042363486,0.06317968243488595,0.07049466923559634,0,250
1.1277260292956757,0.5946500478259877,0.1880487077485057,0.19398630230257433,0.0751191819741714,0.08629001117096205,0,250
1.0840048920236092,0.5902420950944499,0.15983258632655076,0.17402647737369623,0.07039647526313661,0.07747213982173617,0,250
0.766960303745451,0.6691677848170676,0.33231624984370967,0.21932711032584803,0.09807671678037355,0.11123226800010041,0,250
0.8923141513024312,0.6416803976326596,0.21784281911979536,0.1730531992433213,0.07397466842928145,0.082478165658702,0,250
0.920767467420835,0.5991202138930554,0.3947488814984543,0.2882303336868176,0.1341765423874309,0.18636431453955357,0,250
1.1857592679727684,0.5683970090081153,0.12040081562403539,0.1764316304501748,0.0700920372971045,0.0931002916595556,0,250
1.298239661311563,0.5354180110870403,0.07795979919912971,0.1994224488582477,0.07292725296139065,0.09887616662254298,0,250
1.200865973484141,0.4948204674899153,0.2819167584024687,0.20680140030217473,0.08883495473678449,0.10680056805426932,0,250
0.8640910307273012,0.638257351324328,0.1310866533685092,0.1664173024081165,0.0735265545762134,0.09176500385704986,0,250
1.0907192503126033,0.5739124998438784,1.8558572079355769e-6,0.09770164574922369,0.04226800079319579,0.0011490122271832044,0,250
1.0141095733019152,0.6383451520857144,0.11052026553842254,0.18064695825384292,0.06837126095428536,0.07832854485702795,0,250
0.7480184910885835,0.6772519191810472,0.20835069203648987,0.12803621166644752,0.06219719227638291,0.06388293356190466,0,250
1.0320639448898445,0.5556439480203106,0.22300964350222327,0.20536954741310426,0.09199470017242108,0.11153728981808664,0,250
0.891261811243023,0.6813455320429683,0.24938550789172273,0.19803307660873098,0.0742368169451595,0.0846594015645955,0,250
1.2342140830652146,0.545091620378541,0.09239864288423554,0.22351214246930645,0.08356687711479195,0.12072785637558814,0,250
0.8931301947128024,0.6886437098090574,0.1707812783875007,0.14010844483784418,0.055878440386926985,0.057997156486819586,0,250
1.0063670239348377,0.5995317830983828,0.09184194658747043,0.18128467702240947,0.07495487324701383,0.0996423117479231,0,250
1.0611777758948497,0.6505207946477459,0.20798600344004903,0.1739149169949954,0.062600896236008,0.06325471651181008,0,250
1.0494956327070433,0.5318553211257925,0.14932400123831446,0.16015437200301377,0.07415445793670088,0.08993886100075825,0,250
0.8814446969209405,0.6691362050117209,0.3183075517251859,0.19953848858404072,0.0805515460072355,0.08576355274612736,0,250
0.8792176527438705,0.6263588177605068,0.19266534204608154,0.18207108403501454,0.0800717040560324,0.09480029925708879,0,250
0.8584562205709787,0.6374211698601214,0.2970640835493881,0.1761704208962649,0.08042791344344422,0.08611979214413201,0,250
1.0690714523136666,0.5064417771767563,0.13394713981239598,0.17706886179330558,0.08488029000897289,0.1291803429549809,0,250
0.6421910121846198,0.6665361514423317,0.38084336029585647,0.152283819345096,0.083130772931962,0.08153416989250382,0,250
0.9684036777401603,0.6196920625257689,0.24646347291905882,0.20467731560449612,0.08312413002771214,0.08952697582403514,0,250
1.046114750655812,0.5846284870106497,0.12749123660270117,0.17182034977689714,0.07109288513651447,0.08364874977275555,0,250
1.0286914563385914,0.6005460689242218,0.06917888604357647,0.1364148373429632,0.05743775319639499,0.06221267381050205,0,250
0.7887033986685505,0.7105015814325956,0.2884795402536008,0.18189851611540814,0.07263524480466756,0.07960760489759508,0,250
0.7598751222527308,0.7358689846666462,0.147239119803563,0.1429134907910114,0.05542985639852907,0.058881639494057454,0,250
1.0830273452696455,0.5453988269292591,0.26662170264635837,0.22593158860790977,0.09672394528512124,0.11733214320130024,0,250
0.8077086594579549,0.6257682181309039,0.18834424841787628,0.14715095156835575,0.07357857298164593,0.08406151048177792,0,250
0.9447436779618181,0.6082400150621182,0.32394580707614534,0.22666510590674557,0.09664518943819629,0.10971057862557135,0,250
0.70408313458911,0.7564701962749293,0.24131602279518738,0.1448475721362658,0.05651774280923617,0.05913096918671615,0,250
1.1634612970704405,0.4893875795546254,0.10414105634158854,0.17334252298067415,0.07866161305092279,0.11665723257004715,0,250
1.1269897742921555,0.5587950202773772,0.1916741150334391,0.18845609468452398,0.07666307342917927,0.08922327797109017,0,250
0.4179633205146986,0.8143189604069152,0.49606055765093793,0.22457860885223338,0.10404370855265006,0.10056542839016717,0,250
1.220749636258233,0.5623231006488577,0.050614799039761,0.1730728172068877,0.06498343756762184,0.08644582460284568,0,250
1.4154839349753425,0.4557710591282526,5.333670235637999e-6,0.12626605236062866,0.0493493665759964,NA,0,250
0.7245280220982183,0.646033153282672,0.2504471964324698,0.1611881661810722,0.08123673347880385,0.08881897990428321,0,250
0.8668061086966112,0.6189826979449979,0.12093935622353712,0.14925275084611314,0.06866905621121422,0.0768990272651719,0,250
1.2256203859116572,0.4776405850606063,0.06993591311443668,0.1712174565620038,0.07443583466064727,0.10711575098829079,0,250
0.724903396313514,0.6895748214902893,0.3125165921631338,0.16972555141441475,0.07799831014733283,0.08288381577724628,0,250
1.2562089796021003,0.4810124078665426,0.07496343733637116,0.19720622072241176,0.08344874556944826,0.13384815839861064,0,250
1.049807920875503,0.5647371073717333,0.11162547756436347,0.15151323283431475,0.06636457837719205,0.07863318928807102,0,250
0.7572883361287858,0.7328255283966219,0.41233534364448926,0.20831686550479883,0.07954390322117974,0.08415979086273152,0,250
1.0498772126553362,0.6296518910754401,0.20295583390683355,0.1828958578348333,0.06940497244837895,0.07695806165408725,0,250
0.8449224351020461,0.6307611978610818,0.20420670541738853,0.1464098985567721,0.06956531634980591,0.07717034244051808,0,250
0.8079815081356002,0.6544620740061529,0.2208181622998685,0.15504047358343792,0.07124955589107534,0.07995293952494305,0,250
1.3083708989462113,0.4911276200484681,0.08113792226186901,0.2643056967212705,0.10222159942129179,0.16932398949317642,0,250
0.9185817081787736,0.6429794137674285,0.2670217742704079,0.18260167777012576,0.07488809005317316,0.0767140952914231,0,250
1.0733673575188187,0.5366980146501666,0.06478885700345269,0.14227535585263792,0.0643754366202949,0.07994612745964777,0,250
1.2727745503548464,0.4251120419251086,0.37856732190756925,0.2977206244800402,0.1328491810920542,0.18645362445963837,0,250
0.9401540520563925,0.6058951392462245,0.37056451843765714,0.19050365936969524,0.08600858736472716,0.08328090903920765,0,250
1.0426267947284236,0.5877380509650914,0.16114697165806235,0.18333676866926363,0.07563206558109026,0.09240971660408238,0,250
0.8901115251321494,0.644572998193466,0.2960759079484014,0.1657782879993805,0.07348187485269846,0.0766799047788087,0,250
1.027733515513629,0.6308100923043916,0.34902432961509683,0.2370357852978793,0.09016954575482682,0.09374256620102754,0,250
1.2200012352741147,0.5278638575430362,0.07900922530935328,0.22760518790782905,0.08866841479224871,0.1325762290166403,0,250
1.1042381774589474,0.5302851907576303,0.17146725696102827,0.1824602870672417,0.08137483566114709,0.11088589056877114,0,250
1.0356846746108312,0.5809967611064473,0.18523728085300925,0.19126653311609232,0.0798864678978623,0.09854115288420973,0,250
0.8718952727406314,0.6129864200977381,0.29069041202068174,0.1860161970193983,0.08724215595432232,0.08739646627974462,0,250
1.1098528029138193,0.5801166000632116,0.09908887618008509,0.1644717174787947,0.0651562592088277,0.0836525606424054,0,250
1.1721221324425661,0.48832444230570327,0.03777947655495874,0.14424405560759976,0.06323790982045713,0.08220250128022369,0,250
1.0985213628717772,0.5417472555477937,0.24005226072242114,0.278171914788211,0.11425252824102158,0.1676425899208939,0,250
0.9160992996911698,0.612682387469443,0.23433600894065604,0.20074810438417162,0.08749178575238065,0.11301397912264262,0,250
1.0274967800087995,0.6243331383027199,0.17058206706207604,0.18390961778121204,0.07097366027955265,0.08174290383663498,0,250
1.284184217322932,0.5265619815898462,0.13015393349541923,0.2243222233674316,0.08413273972264548,0.11498536201588991,0,250
1.195798755151204,0.5640257896464757,0.023854701799057042,0.16235624091006895,0.06191476311869724,0.07963493083151596,0,250
0.8679601897267046,0.6688029531955589,0.27612788025980445,0.20229421034537318,0.08224218985378079,0.08934920992174089,0,250
1.098554827940259,0.5652043367410419,4.151342213127586e-7,0.09904669477469731,0.04260261652284349,4.993800460471169e-4,0,250
0.8807935046854025,0.5521222305494142,0.13560727733223285,0.13376267437750672,0.07207872330092759,0.08863214984989107,0,250
1.1094794420100726,0.5189362696960252,5.054049668763629e-6,0.10468657015017692,0.04748637886304551,0.0012827441650493598,0,250
1.182895037075033,0.4697369438952417,0.1270148754092176,0.17409550956874376,0.08047713104580224,0.10968456938282942,0,250
1.2625151717844532,0.4919890365925637,0.1601506737711254,0.18962950583485796,0.078734556697606,0.1091097685983855,0,250
0.8736373663246731,0.6892198301794311,0.24927757430919487,0.15694618843288347,0.062317321548318906,0.061643224540805994,0,250
0.8893524842039924,0.6612957845764461,0.3718036806688369,0.23074674339225526,0.09151207878596086,0.09082696806263131,0,250
0.871134959460773,0.6891736801315675,0.15212646391989307,0.16397735878108202,0.06329741312587119,0.073175307930897035,0,250
1.0386056827610692,0.5885810330327561,0.23666465135536707,0.2244044119612263,0.09191817706266937,0.11497987549605952,0,250
1.2723778320230439,0.487973804951354,0.0218330964943497,0.16746042196552782,0.06836693041031314,0.10425445953039962,0,250
1.2675033625704337,0.47164684463227013,0.25002406491965834,0.23740084441864584,0.10007397480379467,0.143895492386922,0,250
1.0123471186108153,0.5650977393001694,0.08134616659646463,0.1808504222343121,0.07932335333182935,0.09949467890357074,0,250
0.8804761235998031,0.5823184670645056,0.2079103964225817,0.1852705161247777,0.09016656843442977,0.11158869316188279,0,250
1.2863462549705666,0.5639840302536326,0.10733433765641301,0.1946479083562003,0.06826946534220568,0.08947677035859565,0,250
0.8586804537384293,0.6038724067235862,0.022667091111406138,0.11989400064162127,0.05780569508263422,0.0638886026391432,0,250
0.7853749064337188,0.692723359861564,0.31722939795535776,0.17622738180385972,0.07498018261262193,0.0732748640842387,0,250
1.1811057794176156,0.5531611560780326,0.10811191903990171,0.1880467419275473,0.07269715223610863,0.08877176015494594,0,250
1.1502911209671025,0.5584017033657134,0.15353330096767415,0.21628256885859534,0.08433506466875719,0.11138045473978207,0,250
0.9956502565240674,0.6165914976724954,0.16891143540845627,0.16309532335323232,0.06699538036821348,0.0768190244759273,0,250
0.7545889154473084,0.7270373660052053,0.3160323053364345,0.1830494977989086,0.0734378149508416,0.07813756598013948,0,250
1.1121641969968286,0.6034190983327629,0.17520817687030443,0.20353879583237142,0.07553857626688966,0.09928702716062911,0,250
0.9200816198311764,0.5776607849682943,0.24772857596873027,0.18887311495241918,0.09099025833455232,0.11687588150560908,0,250
0.9911817580681813,0.6140530493925218,0.11290485258240535,0.16775060563164387,0.06812865546687946,0.07979513181863045,0,250
1.0312411754660842,0.544575352417427,0.18951401446557212,0.17822423027638962,0.08374412760075176,0.11817793361531864,0,250
1.3728947722211475,0.4534859144617608,1.2148156646818694e-6,0.12041221298553514,0.04971460226686999,0.001975072096789987,0,250
0.8102520597398764,0.6543732194168019,0.2242715577258113,0.18311600333652994,0.08108067048713843,0.0891822397142895,0,250
1.2168924161949344,0.5086201375764603,0.16520031203671937,0.2118805250355146,0.08712725545033331,0.11425593765089509,0,250
0.8492544211530809,0.6244189505819341,0.247897919424488,0.1576633282557719,0.07610339146070448,0.07867703425247098,0,250
1.0742961299799423,0.5703469970907706,0.14161080676716062,0.18171562030599775,0.07567250606460121,0.09329866453967223,0,250
1.132480204499354,0.5179148840914577,0.14977809898642777,0.1906302006817572,0.08273988583203694,0.11129330382400587,0,250
1.0741772850941416,0.530674010402184,0.2087394096520312,0.21148086636961003,0.09279229581312216,0.11953613281217305,0,250
0.9125831157174692,0.5981403950106963,0.29422692131559836,0.18310635047343482,0.08457006075903394,0.09189808216436893,0,250
1.2246770346658182,0.5039221747858728,0.1986046345505121,0.18376531819656894,0.07853164667257082,0.09808693511179277,0,250
0.46988550067636325,0.764001981544195,0.3777547280880774,0.13551511579363792,0.07438202977192637,0.07125875239452467,0,250
1.156263132727091,0.6066033816091508,0.13643010848309128,0.19132090928621284,0.06892878712485774,0.08441670468789438,0,250
1.2778304295071845,0.45366235421451045,0.11824005202293375,0.19338576436017665,0.084303649095603575,0.12026775441600555,0,250
1.1072980433429325,0.4984930148312678,0.1323885667839655,0.21665755464534436,0.09784544473431406,0.14722564108583064,0,250
0.8913628501686053,0.6063249607889808,0.19223108862161603,0.16766229345567538,0.07755252044353649,0.08924948776369045,0,250
0.9247917718269002,0.6290297965435373,0.27611589075015375,0.19413329422069303,0.08232431755053757,0.08861867366494285,0,250
0.8052554914054542,0.6634026368066378,0.1581614337845271,0.14042279710709032,0.06367314329538414,0.07162209933333391,0,250
0.8693036559698005,0.6203516518657783,0.2667645762134202,0.18953638237095924,0.08612353936285479,0.09351954853224988,0,250
0.742029000459202,0.6777998068759883,0.18316829748127542,0.13941645273781889,0.06516942666246947,0.0686622473885806,0,250
1.1745485542772296,0.5724132437301456,0.03320852963850029,0.17721226813693608,0.06644375219672521,0.0820420375252747,0,250
1.0479504885011457,0.5387583922615337,0.17014559034909127,0.16050098065367477,0.07442625935127749,0.08915978801977596,0,250
0.9336390709740503,0.6537170680382178,0.21154740898962388,0.28417993484260606,0.10573177598926155,0.1358217290583302,0,250
0.8602394428715563,0.6450452056991638,0.31509100607375345,0.20502653649519834,0.08929265807278156,0.09837096798774884,0,250
1.2387343739758503,0.4986081045295889,0.11246745885241162,0.17809321145749957,0.07392781292986866,0.09443942207486887,0,250
1.164181995899833,0.558088110859952,0.1953056213403421,0.21037165590293597,0.08183704968292667,0.09962021140584454,0,250
0.9422900718281272,0.6202612983326626,0.3040915937712377,0.21435121237477175,0.09075369273852855,0.10053918724408734,0,250
1.0391476127418073,0.5694112323818304,0.27509498608036503,0.232118759284279,0.09895739190616369,0.12929450116495148,0,250
0.8061704333369795,0.6512620715549077,0.21090748865892464,0.14829015813593108,0.0714387423808592,0.07463188359574752,0,250
0.86807559976272,0.6880955815653639,0.28719705110201665,0.15978949307232568,0.06463868391600594,0.061439928427193466,0,250
1.0853842502053646,0.5267798982415646,0.35303452402776203,0.24005582911861786,0.10540736095140606,0.10575872406793549,0,250
1.172656017595892,0.5377082500125272,0.048939286196935584,0.18842359364209618,0.07560371425271246,0.10063202163037747,0,250
1.1768285482052998,0.5645033383522065,0.1325266283578964,0.1960733472610819,0.07558473972034922,0.10010306529891969,0,250
0.8732623885984784,0.6136352198940923,0.15118586536977963,0.16693288920628493,0.07660728541385319,0.09485469848306836,0,250
1.2285122513784956,0.5038153861266121,0.23065171885191635,0.22626318105465465,0.09375515094936865,0.12695871488900942,0,250
0.8185797561049264,0.6857773816908196,0.26831458213596315,0.17166101082398857,0.07213412383431665,0.07687089663510233,0,250
1.0718269230971507,0.5944230369726823,0.23020932197841798,0.19357548252958945,0.07851445360036424,0.0926773962658256,0,250
1.2319253805985275,0.5017534655811883,1.5206657234496498e-5,0.11059187860610022,0.04689414328839227,0.002185191734936947,0,250
0.7648917001353505,0.7018666500128196,0.3750005210951488,0.20527518006593473,0.08609036206105936,0.08989543479636414,0,250
0.7204893262601448,0.7121549507178309,0.22784111867471393,0.12957658306607536,0.059455543576894136,0.06448697687619394,0,250
0.8505080530830884,0.6855248932897695,0.20565339229361887,0.14188340180913908,0.060229476442937684,0.06170723059924947,0,250
1.0075067134165154,0.5808992625485044,0.23881958669004608,0.17759940798116797,0.07917045585171648,0.09156800283907446,0,250
0.7834057735422328,0.667304271977511,0.2997926804815371,0.16329304396766617,0.07435826860501188,0.0779547690941731,0,250
0.9352694189237474,0.5821746650093154,0.21456312861959226,0.17790734862183344,0.0821722239276304,0.09319233929353689,0,250
1.208206370317858,0.4613691786575088,0.1655123063735461,0.20264851106583998,0.09069165199984408,0.12822434910288238,0,250
0.8081798571387119,0.6649893344679607,0.09324276511312955,0.12745154184969495,0.05921929144108076,0.06533599424931082,0,250
0.926066277447763,0.5974480683729693,0.3873879129808224,0.2704256090523855,0.1187670007904869,0.11568044088510004,0,250
0.5620428160911969,0.764874162327368,0.42303857401599904,0.19567299943512081,0.08710205836401828,0.0958905151016982,0,250
1.0789450111071726,0.6071534273821693,0.2638026198613367,0.211590157610219,0.08260764713031907,0.10330761696916428,0,250
0.975757851935701,0.556964263285183,0.05957252129451574,0.19724785060044323,0.0889324865577669,0.12445601628180365,0,250
0.7505631767929514,0.7096500726617903,0.2950521239275648,0.16999674418611863,0.06956549846663282,0.07348803664586664,0,250
0.8961068265231229,0.612645166027468,0.23554590127134062,0.17748088696698244,0.08072124802533398,0.09489530399712076,0,250
1.2475827615970554,0.5498165227023177,5.380233132914745e-7,0.12128629137850495,0.045991834828796235,2.524457981593291e-4,0,250
0.87220202825129,0.6246194553795951,0.22450645849297451,0.1572884784460331,0.07341695944816141,0.07889813857864438,0,250
0.749169129544291,0.6843588402592378,0.18834907135827683,0.14332372069732804,0.06554494331958857,0.07137386261832329,0,250
1.2620022118330523,0.5191182520783796,0.22514776483485843,0.2326447323666465,0.09140365796346991,0.11757332613607024,0,250
0.6720781439359866,0.736325522091983,0.3824362350781154,0.16428005170416457,0.07232212256336769,0.07152811183829069,0,250
1.2724198816402164,0.4655591784116838,0.0505837471877192,0.20421951998217852,0.08607838453610367,0.14047327264894421,0,250
0.8609371868130652,0.6362743554419449,0.266672274221546,0.18499718946636368,0.08241837757241444,0.09421915160776516,0,250
1.2707248476025466,0.5273669503410924,0.08392055624537914,0.19284946655835009,0.07343228164092659,0.09602780038814278,0,250
1.1717721137908874,0.5139320829252746,0.12484031279087282,0.16789745582868243,0.07317310811093818,0.10757138131729745,0,250
1.4912831200409487,0.5048982145424685,0.21290655072244719,0.2603931512592636,0.09050584348328454,0.13568944624691515,0,250
1.03391608580441,0.5693189585077807,0.14001544613100872,0.17664882048467187,0.07683867520928171,0.09946783352047966,0,250
1.272083065913973,0.4950152166697646,0.1694432217259558,0.22033360777722721,0.08885224784235347,0.13121826817366358,0,250
1.0656852261713923,0.5354374209384523,0.17890583175492525,0.18343617969660161,0.08281351915561355,0.11234232228932572,0,250
0.6907398586987146,0.7356760957075591,0.30118060818384734,0.16811240304362016,0.07015976905822262,0.07052697704252195,0,250
1.0454859060725317,0.5391993493044523,0.15005698193307213,0.20785759906778153,0.09146671538073611,0.12513811588601118,0,250
1.1530599249211493,0.6126656749246944,0.17968031678548269,0.17530358143568278,0.06469375902602235,0.07581178551468995,0,250
1.1697217300815417,0.4917532534905516,0.18149417008648716,0.2295373050553473,0.1010876758807155,0.16082552179105628,0,250
1.227645906032604,0.46072030616141213,0.17536430709883888,0.20685405939335447,0.09201980921273843,0.13932568381174426,0,250
1.596637065045457,0.3979474585765678,0.008610600890894299,0.18610840312477794,0.07072173610945286,0.1190131444981925,0,250
1.2504060898233373,0.5123708147879701,0.02431026938583847,0.20203942339642475,0.08398359532655926,0.13200558998192727,0,250
0.9600280947712503,0.6070358076826651,0.22618103253060579,0.171394650216567,0.07398045943102775,0.08145856748626898,0,250
0.8661614617720172,0.6071354606821452,0.287827855262164,0.15639189139565216,0.07752397678726666,0.08002115333829303,0,250
1.10169951781072,0.55538357655048,0.1199083328732198,0.21283597055920364,0.0891604285590091,0.1372650685480698,0,250
0.9203256269442822,0.6150853709057267,0.23623520832737244,0.16815362725265526,0.07474546195982422,0.0832223793074792,0,250
1.094753932363011,0.6245944021384068,0.17321927796674313,0.17749079032353898,0.06523909805609142,0.06979801325769039,0,250
0.9005205309962334,0.6176105940073673,0.280451264955252,0.19880121040805177,0.08911884549125972,0.10203335758987178,0,250
0.9826313513281785,0.5561324779706667,0.21567532262069286,0.15562345823330997,0.07426157335160362,0.09085557778821736,0,250
0.8251386966446382,0.6673678233052568,0.3210544608898281,0.1869044425258536,0.08136109790753183,0.09328217539963073,0,250
1.1125696962281884,0.49393816832002646,0.14804614136766414,0.20645796318458953,0.09340779241651598,0.1288033510199346,0,250
1.0975018861246288,0.5706817609743091,0.06619577275495381,0.19575455881484302,0.07810691436376596,0.1030151719525746,0,250
0.759056155198247,0.6321166555676325,0.33503716227126473,0.18509944368100445,0.09466996056802394,0.09710694079757942,0,250
1.1651233686034987,0.5058355261546235,0.04125584932762123,0.16142643470788678,0.07079253530947566,0.102371021814311,0,250
0.8197543926098727,0.6339017716354384,0.06749474650004499,0.14295092297009754,0.06742510674803102,0.08362895517459541,0,250
1.252299638232143,0.5277952776138333,0.2052048339090751,0.23728170823237696,0.0922092277711133,0.1303230643340286,0,250
1.0445678482265957,0.5559315892252449,0.3133034227799114,0.22045128555867813,0.09620361989908939,0.10156838281748189,0,250
1.0023197691466863,0.49739005161987354,0.13122055163105428,0.1918782341701442,0.09446734663778024,0.12651661519300608,0,250
0.8456753886159841,0.6642222186329279,0.22327417572680575,0.1638593584881707,0.07097264923895054,0.07527215813063803,0,250
0.9690965025477238,0.584403726032547,0.07185121143720609,0.13869583577484365,0.0637517964569939,0.08048941490739467,0,250
0.9926071969540328,0.6098339639743707,0.24542245407042074,0.16828617918839586,0.07178217483222214,0.0774541476376893,0,250
0.823324354342223,0.6911910815486,0.3462335662536072,0.21938296872113455,0.08823320533163043,0.08608194117616984,0,250
0.8533959904692553,0.6523865528414963,0.19726076840001272,0.1478759537194323,0.06571793350839923,0.06954866899947931,0,250
1.0403970075172482,0.5762396167166809,0.27671058188029424,0.2324699664576811,0.09688032325616817,0.12395184136437118,0,250
1.3913752405350603,0.39891957860066907,5.355545468032938e-6,0.12484074942527189,0.05329849477504168,0.001547749913945959,0,250
0.9218228422079197,0.6455992267866257,0.24097908252937375,0.19163084940418418,0.07760918646867473,0.08547963867029379,0,250
0.947597240132216,0.5901373388456185,0.14548068440110556,0.18915482047557902,0.08282241298867732,0.10278124715322295,0,250
1.2791426201465943,0.5229522801480854,0.07009496548814362,0.20647305410722677,0.07794283881486859,0.11608871222911668,0,250
1.2191897647036072,0.6323871245827966,0.18571660277941046,0.18796139481841131,0.06224975030667649,0.06787269447601586,0,250
1.0962761035533906,0.4832032281744147,0.1935551951317359,0.21280491572992596,0.10069538896082882,0.14629385696302774,0,250
0.9708217881163023,0.6380227456569663,0.2155197771089443,0.1679678182999721,0.06815770007231364,0.07634779545661254,0,250
0.9902334711772397,0.5976686415022919,0.16087409386161292,0.15051968303686086,0.06619763611074343,0.07583038111969313,0,250
0.9558293195023692,0.5320458596863068,0.1729314292902616,0.15682973120575358,0.07937825068070052,0.09632736070694246,0,250
1.0285607352464181,0.5880607767051589,0.1738722474376944,0.18199791773335067,0.07663353403729088,0.09612154577497302,0,250
1.1314311687314593,0.5258952344810353,0.11414754809700424,0.2010240227755113,0.0847555275623913,0.1226643232391734,0,250
1.077318190576798,0.49165788239361696,0.2760392034472738,0.2143625142671979,0.10077443950702641,0.12285959766326597,0,250
1.27357602521748,0.47238097779884236,0.07088592953510858,0.20288226910792223,0.08435967574499866,0.13205371639498234,0,250
1.222377609946477,0.6012178538896641,0.15926132506471727,0.2078136308636741,0.07177842969584054,0.09045812476101432,0,250
1.0708360836539028,0.5628652809037692,0.10598218421806467,0.18057275005291346,0.07724416069700256,0.10762950583797556,0,250
0.7014445289338371,0.7120878599057092,0.33429503296926466,0.19244847608324223,0.08536185429670003,0.08270625141608588,0,250
1.12187023376154,0.506868485648005,0.05234431708443051,0.149693549088152,0.06728798370509463,0.08381650666285576,0,250
1.018624977864279,0.5564804405679278,0.12384028659076711,0.15600199075956292,0.07073003607624183,0.08694783401970713,0,250
1.042495610719775,0.5527048636542179,0.2736657716634997,0.18845223753274573,0.08703640763794995,0.10399704874564131,0,250
1.0097672892588752,0.5736972254634312,0.30146090968380945,0.1875801196779996,0.08405923041906395,0.0909875620689989,0,250
1.1108677075464763,0.5856306804022724,0.1856921014774801,0.16488245872487156,0.06793675354280833,0.07844500605831696,0,250
1.077101140232651,0.545230716354298,1.2665421893318268e-5,0.10161830630066584,0.04555987974582753,0.0021057374845457684,0,250
0.9545628392851782,0.5643043183769754,0.21057437533930945,0.20627413450284698,0.09251065756668471,0.1217033627494016,0,250
0.8417698212446671,0.6593372107693825,0.2956261397091532,0.1874078454623464,0.08019457217305231,0.08701683848880637,0,250
1.1052324475746371,0.5078112596725887,5.347003576102119e-7,0.10181864582000355,0.04743556635886815,5.09083140712958e-4,0,250
0.9262826033786721,0.6232805160167114,0.2851851971929763,0.18480852241068693,0.08076227080006483,0.0916669131295609,0,250
1.0183292869052463,0.6261064961078714,0.1854840784973739,0.19541422183485704,0.07518409011014368,0.0844637350205604,0,250
1.176714569226674,0.5199594055516474,0.1653702365876774,0.1808888740408017,0.07803998328776891,0.11050240560595274,0,250
1.2388535603644522,0.5064750713490092,0.12263254001067025,0.18534221382126848,0.07595277671263716,0.10255292423112419,0,250
1.0107763485176167,0.5799696453121321,0.21896522707837407,0.19392329302234065,0.08328523437075279,0.08944426960302632,0,250
0.8637880745248595,0.6110008480052039,0.11060463834842675,0.14022558845372785,0.0676528442827422,0.0864399241263373,0,250
1.0577114261704452,0.5248366298487193,0.02871267666484571,0.1489322840655934,0.06824568951266084,0.09114818415231109,0,250
1.1641372504181928,0.5504509366432824,0.1662715093463634,0.1877451223013325,0.07808625097760462,0.10676098775163737,0,250
1.1234015279765541,0.5411802075540104,0.09552748493151723,0.22336248079555196,0.09172856363529142,0.13740252247219856,0,250
0.7672892039024427,0.6479542407308341,0.24698612244672183,0.13250935455998444,0.0680959334985726,0.06797840350040338,0,250
0.894596807828199,0.6260672897873555,0.15100298751085012,0.15265788446985712,0.06772365039164104,0.07602308673743179,0,250
0.8938604342330597,0.6183731297703111,0.2772909649502293,0.18548350440102815,0.0830547611936908,0.09028827749791304,0,250
1.0842073491368394,0.6283602795124584,0.2722022735815003,0.2171273060949396,0.07909142100339703,0.10271904218215812,0,250
0.9148522027238258,0.6155929153043838,0.1386980263450765,0.15731251599729376,0.07007794909038985,0.0894754099462349,0,250
1.330172324212669,0.5031261724512922,0.11716488999136766,0.19041686470121086,0.07276528513145464,0.09050251849660167,0,250
0.9924077686511577,0.6230962121730859,0.21406222841093292,0.18291933569579155,0.07512669661519816,0.09128103501510333,0,250
1.0016167854324802,0.5855883271958806,0.16785381311378,0.15315028421030755,0.06779945495879389,0.07253705953281388,0,250
0.7329646769489091,0.7181617460944381,0.33038654146630597,0.1707951152446628,0.07224116853156726,0.07615484863179482,0,250
1.2364190408975813,0.5184262315033019,0.33057711621417285,0.2555411714164229,0.10292441415100283,0.13172169503387282,0,250
0.8080315625710315,0.619676661255254,0.5014736743936694,0.30108122820612165,0.14463513535953662,0.11307676282756442,0,250
0.937912396504647,0.622488807526604,0.22066450836461204,0.21676357415269087,0.0903999353881709,0.11639543950497144,0,250
0.9264297347077725,0.6317698245618792,0.28708512232731215,0.3999313732628439,0.15681083088150066,0.20420122689655015,0,250
0.9883904629001363,0.602006252360713,0.2400694798756235,0.17313804201930202,0.07544637444239216,0.08500781536514082,0,250
1.2628641564550276,0.46386430873261875,0.18631461229128402,0.2341004459078337,0.10021002068535978,0.15980850435133753,0,250
1.0046109367731015,0.5369394929313179,0.27205099748621975,0.18874163718009693,0.09032002131425627,0.10623267097505294,0,250
1.239902037203038,0.46852595050681223,0.2461608726572157,0.2114175041212763,0.09399189969788835,0.1220235584173489,0,250
0.9671262720850607,0.5708175844796691,0.002856861060971031,0.12650712832552494,0.05847604210602334,0.07074637015550288,0,250
0.8560678934513744,0.654758009745017,0.13944832043617275,0.16985544658054394,0.0711441597992802,0.08577830452342916,0,250
0.7103565614471989,0.7120188121965542,0.17891151205259465,0.12238390551136628,0.05708831603464692,0.05420041434007044,0,250
0.9789182070346115,0.6035300136376194,0.2906073378252287,0.20015382418334904,0.08542140307824458,0.09823570548579523,0,250
0.8420145707187716,0.6521340127289038,0.30127993963673355,0.1920178081160087,0.08578062219640471,0.096553547175476,0,250
0.9663818495147993,0.6140608499199768,0.07200360771524701,0.162366906070118,0.0675475089179316,0.08505819750533425,0,250
0.732498350041572,0.6813297750054615,0.335831554163407,0.20554893626194456,0.09644999827804442,0.11768371627087759,0,250
0.8201186455550836,0.6918061678165297,0.3441179342140588,0.17718089184627384,0.07319736080068644,0.07498304191598494,0,250
1.0701690380160964,0.5193252055495661,0.2022462416321781,0.22718933425514465,0.10267122015038856,0.1454595512316938,0,250
1.059638229886389,0.6141839737736423,0.13422209873308513,0.19889171289052604,0.07419257698701925,0.08708840242443502,0,250
0.6169962635350056,0.7541100845436358,0.2688029948659645,0.18456288638261087,0.07853138236555192,0.08715587426423584,0,250
0.8129608967055493,0.6561893932338184,0.2282373283321577,0.15700686405140127,0.07037727998361279,0.0733157290045533,0,250
1.0677945086739133,0.5615755499425269,0.14132621504233092,0.16978437416876876,0.07306377478544981,0.08955183435202901,0,250
1.101930122537431,0.5523932748507945,0.1266385422415807,0.1624367819666853,0.0699516954075848,0.08900277802418438,0,250
0.8436317101338462,0.6250712337310768,0.29476254761341686,0.16558680150296312,0.07867758225091658,0.08511552592877647,0,250
0.8754924104868687,0.6032177630324007,0.18841242787099152,0.16055937651300994,0.07829523855367097,0.08667933899408387,0,250
1.0714924115879416,0.614761906626737,0.16390219117794375,0.1916098411979397,0.07251103247394654,0.0863629503412639,0,250
0.7930958928694428,0.667197815058559,0.1578289828400317,0.13853777030097955,0.06283319730842934,0.0657850830646916,0,250
1.2397822872177577,0.5342037846403145,0.1144017525049526,0.214175835610053,0.0829737330375247,0.11432779630907518,0,250
0.8366499672381192,0.6828841275736106,0.30666747519898213,0.18343856966777472,0.07517412263322175,0.07908763808386121,0,250
0.9459757586086954,0.5623124456043856,0.3058416399106175,0.20563741752959655,0.09679271867473485,0.10106106747806153,0,250
0.958471609608696,0.616312774141742,0.1998378182376967,0.18931288088106565,0.07882379662263693,0.09022663604610276,0,250
1.101572838639009,0.5666950196566753,0.2532633497140881,0.24790342929399614,0.09989056726331422,0.12527209971435618,0,250
0.9704575758877931,0.5953134401008565,0.16503862154885354,0.29278392039848333,0.12207566774342403,0.1644382476793656,0,250
1.0134271952268217,0.6053139419039743,0.24677694180783638,0.1822273695340843,0.0760245329128051,0.0818661441679679,0,250
1.112407368113391,0.5150726064985391,0.07965518664345549,0.1783385569451495,0.07973729280243716,0.11698541688645438,0,250
0.7647110491413358,0.7281037031441374,0.23544120389269102,0.2134212346257884,0.08124501815989342,0.0928433717598877,0,250
1.0004462358798216,0.6403357926761397,0.28573212606778065,0.2205785614129421,0.08331215507180445,0.09235442079107399,0,250
0.7864927354701543,0.7181435500751812,0.28127727698324906,0.16831172138099978,0.06707685967700282,0.07666668656180842,0,250
1.1971073286410665,0.5105562412531823,0.3469670605292653,0.27644673264283015,0.11407672108299804,0.1385745012861036,0,250
1.2700880439195958,0.5548075766291554,0.15216707219399617,0.21022572248118795,0.07662960292336857,0.10482072987148532,0,250
1.0613564908039177,0.5479937942955473,0.12271057589308809,0.1414763886932813,0.06458462505882129,0.07868675787424033,0,250
0.827821144341888,0.6741728347308358,0.35893799034887747,0.21740185747803115,0.08999843294084581,0.09048001287428722,0,250
1.1654424256542968,0.5418246486853475,0.1507215549058694,0.19958678884078646,0.08018683431433964,0.09811860485154955,0,250
1.4301101622857058,0.4114020212281358,0.012690491312003256,0.18624818834712303,0.07648731318313144,0.13414181236221995,0,250
1.4207724790961285,0.49828566572135274,0.030902078588638367,0.181893957747394,0.06624265732784725,0.09755445359928391,0,250
1.1331972657865133,0.5358246674965146,0.22424898734864543,0.18630876337216756,0.08139337850355523,0.10356369645616247,0,250
1.2487980137570767,0.5861873218357934,0.233952747166372,0.22448372715440854,0.07835728253003225,0.09263571939549908,0,250
0.7615385762747114,0.6545322859329764,0.22697081387326956,0.17456601184322526,0.08367287203238358,0.0986645620850218,0,250
0.7528947919738355,0.6506224882175308,0.2813103045147164,0.18432168535204613,0.0883013807905866,0.10472996259243425,0,250
1.132449498942726,0.5464784324911094,0.09471231117768993,0.1734884097304967,0.07328915848384193,0.10070290964466687,0,250
0.9881874562735433,0.5906799173019139,0.1987105501855314,0.17797582432113812,0.07761583238472547,0.1018023921968837,0,250
0.9003216042046912,0.6533291590653509,0.22989468596693277,0.17076892314699954,0.07097448405525468,0.07954090527043904,0,250
0.6470764123220129,0.7037380995277868,0.28163252799133837,0.14542307729634393,0.07147617716844977,0.07565131170194775,0,250
0.7742431315147587,0.6423607296650812,0.15502931355868932,0.13568859776374514,0.0661596854244697,0.07621770169538185,0,250
1.0225225421466995,0.6641165887781851,0.22641399489022138,0.17202584617877453,0.06431547273518005,0.073783902116056,0,250
1.0385699512577413,0.5624292156276358,0.20608012501351838,0.18256762229844214,0.0804981731672754,0.09711282578260176,0,250
0.8598937259966427,0.641536166224252,0.22851659528289034,0.1925581155244061,0.08337146483398714,0.09571481965454247,0,250
0.4441254638089847,0.8050198457642671,0.3096932638751141,0.12157332947059495,0.05795436665755651,0.06453935697454483,0,250
1.5125359056261722,0.401509404731903,0.09864915659795953,0.24041365084226876,0.09396801565254924,0.17495507453761272,0,250
1.0040573881086001,0.5762880553968172,0.246371782728628,0.18703016884157928,0.08296535534302342,0.09704823638112206,0,250
0.8942877318870966,0.6734100856086042,0.2429633866909014,0.1965433450079108,0.07639646035778154,0.08605649369560538,0,250
0.48505882321977445,0.813306287955101,0.3694693144015843,0.15844573158096847,0.06795602928082295,0.0724686555381262,0,250
0.8624043465432296,0.644396382995647,0.13017849552829297,0.15125962157476444,0.06741000752567819,0.08416377627397126,0,250
1.0247570407809223,0.6260006624289407,0.2434446735774794,0.23697015100000215,0.08854403799948421,0.10188575438818183,0,250
1.0246108532332276,0.5359061682416305,0.1980875345847045,0.17735256617234657,0.08287726979549961,0.10023279816987957,0,250
1.3183150458461343,0.49123053193810345,0.1954504262985039,0.22221499034197637,0.08680124142264221,0.11844937971952782,0,250
1.2462285215822984,0.4533250345733097,0.062300470043644425,0.20754804432379859,0.09170709123624089,0.16253051588617615,0,250
1.0880027561991175,0.5615739516342992,9.440127557309625e-7,0.09784423580280024,0.043127744856901164,3.9564056118174235e-4,0,250
1.3696450245612732,0.47013329295982004,0.03776569816848055,0.18458950663145307,0.07287038239333792,0.11205556556493355,0,250
1.0151598711996312,0.6184536825599555,0.0923494757543738,0.16967811700023258,0.06786239482203829,0.09001294742579274,0,250
1.3335552269764912,0.3640101671878237,0.20188736530228152,0.2652336326830356,0.12254235451187516,0.22577631572777224,0,250
0.9980251972430721,0.6138404196183866,0.1174599226555531,0.1742212057662702,0.07040357638284434,0.08007617025751744,0,250
1.0493180089690204,0.5978095520083686,0.1471772267582598,0.18558524333702087,0.07387540376333412,0.08660415778633143,0,250
1.0037044326573188,0.5534663847032365,0.14842839037178276,0.14486655139439092,0.06898486023286864,0.08090725060028559,0,250
1.1034305032474618,0.5901119591984572,0.21468520182995407,0.21324679504197333,0.08475756431891075,0.1116335190201489,0,250
1.264859330218726,0.5350291196115935,0.032292750762733774,0.16364971735413145,0.062290012929051466,0.07684915906957418,0,250
1.2945176195747996,0.41447956876552594,1.536156858672947e-5,0.12060322338492803,0.054230075355614187,0.0026207573941054297,0,250
1.2802347848413704,0.5608283252431613,0.21505414613714058,0.21068005984371801,0.07575154860010586,0.09081742007706431,0,250
0.6188823709160739,0.7279305278287452,0.2890802675180127,0.1674301150697307,0.08002862271423271,0.08374503069187238,0,250
0.9558444557883737,0.6078871178444585,0.09836052826619922,0.15911952873617508,0.07122483790005966,0.0898833831737543,0,250
1.1108105327672015,0.5847257408540737,0.11358081178563623,0.16574524425955575,0.06627332112601336,0.08264217406817231,0,250
0.8767213837459177,0.6750521674234539,0.27267415987568205,0.16237038648350202,0.06863592666230227,0.07628367138657613,0,250
0.9725872685393147,0.6644109290853263,0.1849287082702649,0.17651338763234017,0.0660203746792231,0.07485701717852769,0,250
1.3288319703899785,0.5078321457120385,0.0263247331021433,0.16103408585324602,0.06208973440386354,0.08412430898470684,0,250
0.8709160064876168,0.5989647926126679,0.2110120467563306,0.2281223955082537,0.10303588171782328,0.12387012267809613,0,250
0.826170751084149,0.6681627553971952,0.23729934126672236,0.16982117674848776,0.0759715826792918,0.09003498814787045,0,250
0.8706637900703094,0.6427649298790225,0.3049042770843267,0.19681223725796457,0.08519691028767735,0.0968260391917252,0,250
0.97558364605976855,0.612452143013479,0.21491123744318874,0.1911638837248987,0.07982552299645015,0.09365602964769741,0,250
0.6744811046849384,0.7401381942753423,0.22168151461337543,0.13259508076130253,0.05708537996051586,0.06164820520850843,0,250
0.9219740886548186,0.5925642180481754,0.23623657887069402,0.18250528971395466,0.08485481927515026,0.10471088525477114,0,250
1.262934006800186,0.49893155417955537,0.10128519861074907,0.1574766036570893,0.06709477744247459,0.0928139563482644,0,250
1.125218216656541,0.5779336777523443,0.2662138581644394,0.2057791631976025,0.08077878047961531,0.10015204398220327,0,250
0.8994849839674953,0.6736210065175734,0.2286580757391835,0.17225192278060564,0.06726032147836247,0.06552062954366182,0,250
0.997153884896955,0.5700186739108198,0.14898351923117842,0.1522847300044052,0.0713479551410136,0.09107546829643902,0,250
1.1272574762665586,0.5822717563439508,0.0916451462286902,0.1645656779309076,0.06506141202448648,0.08483519133255817,0,250
0.8285901090121661,0.6935222111511247,0.30573589670702717,0.19641909862620766,0.0779382475420309,0.07811126136388996,0,250
0.8831284970978919,0.6330028983519919,0.23923606900776756,0.18197712723119777,0.07879192980641059,0.08522119827985025,0,250
0.9899079041157718,0.6383970383433341,0.17868030110800345,0.17886685574935715,0.06872737135255053,0.07848253770808451,0,250
1.1187462210779813,0.5653247554973289,0.0948966010630038,0.1490604212240803,0.06325513891206463,0.07969857792755722,0,250
0.7334239127176799,0.6419619696138901,0.41463596404850817,0.24288310539357108,0.12161529223731328,0.1305448150841926,0,250
1.3046723951947545,0.49567260397401264,2.5373323270552836e-6,0.12346729951029357,0.049243565252753994,6.127550215929093e-4,0,250
1.4121537636108168,0.4720000266702959,1.149013219935084e-6,0.11588099964847191,0.04533559601231395,4.347085254818419e-4,0,250
1.0676753499812965,0.5771551823683154,0.25608333722746085,0.2415510461560933,0.09638786993876916,0.11563190921437856,0,250
0.9781375091369581,0.6374347409916548,0.26617203013006885,0.1805539259920095,0.07363040837015015,0.08491405900103052,0,250
1.077448529210551,0.5258888650723027,0.13180614818565278,0.15602293199488607,0.07185274785506429,0.0915823587259042,0,250
1.1884164182706152,0.5890651703698492,0.2336435363558183,0.18488404664722055,0.07062822006249282,0.08304569299894214,0,250
0.7870417501016076,0.7043281855790219,0.1961129800039108,0.15782143258442538,0.06511219931192547,0.07443536968008878,0,250
1.1988767108396563,0.5402005349714314,0.1172904560948018,0.1998007143741931,0.0784640617065149,0.10680847327012702,0,250
1.2594112775776545,0.46472556197967807,0.18307804688952498,0.2662411650604164,0.11209533854138817,0.18193522386073238,0,250
1.1420643243006834,0.603295338872987,0.12836838827396285,0.2065158621601618,0.07575982439008874,0.094513830379354985,0,250
0.9319117440339713,0.6603735555617789,0.2760121509887782,0.23381256519761312,0.08933209091215501,0.10736239539703281,0,250
0.6978540934941213,0.7197545003799318,0.2379274720418983,0.1442304842865235,0.0638104217844096,0.06755518812052558,0,250
1.0712786644737153,0.6043467348953422,0.16597288767692908,0.17653766103466845,0.0700653958052881,0.08642869382660077,0,250
0.8982378559209938,0.626606150899451,0.22235620443296122,0.15290697375563167,0.06858486264372779,0.07803800792907221,0,250
1.0016411274383006,0.6125458791380364,0.08486071438833591,0.14363708287539276,0.0600252519795327,0.069919260619738,0,250
1.0025020927464772,0.5662934032001262,0.06302133136870704,0.15432968602962158,0.06930333845966134,0.088572445178589,0,250
1.199839826173795,0.5313847364954086,0.17389816342323824,0.1956221596239788,0.080355852257891075,0.11125111522673468,0,250
0.8423171586075172,0.7308875565569819,0.27764776740938235,0.15083175965041185,0.05618534616905275,0.05525461017215079,0,250
0.7272367065265873,0.6398626259888619,0.20032478451385738,0.1526378600983104,0.0790481650534988,0.0869634786751044,0,250
0.8751673955317208,0.5893217284662123,0.19190448341912061,0.17969153392765866,0.08776644080405084,0.12025556439381734,0,250
1.2391716985500414,0.5085696627823962,0.23155747872987464,0.20609300406583617,0.08434070175619993,0.10708762786722868,0,250
0.8268163433359379,0.6750635272829734,0.2577506074837084,0.15103567285382255,0.06562219827670576,0.06748993562729266,0,250
1.0345617320117078,0.5343134417457406,0.37455421035784775,0.25931974417786,0.1144092061344998,0.12625165130006527,0,250
1.1247661085898812,0.5502323608591533,0.12991822228227567,0.17820692060991117,0.07434316445407678,0.10234605997937396,0,250
1.1121757357865827,0.5636433879243082,0.1126179343361421,0.1613419013944884,0.06667123248756086,0.08611139020431682,0,250
0.8848841520995055,0.6446311401133097,0.10652125701212078,0.13398298341982698,0.0584964263077293,0.06405499873217214,0,250
0.8936386637470477,0.6082136580146306,0.2282155102837702,0.16068036633562788,0.07537599231191601,0.08403540412008835,0,250
1.2466761049218176,0.5246613944955207,9.003946108707871e-7,0.11305601989943896,0.04546938886684112,6.634092320297154e-4,0,250
1.039477065981685,0.5785177274287724,0.10349679279685468,0.17484165005279162,0.0730769502373197,0.09507768291106469,0,250
0.8068121063740187,0.597239222006888,0.20595653950949502,0.16752905333653276,0.0866166458430432,0.10537071515408664,0,250
1.222747304681654,0.4872726929209697,0.14652957905919622,0.17173693616570262,0.07574370432110265,0.10236278583822427,0,250
0.8343466365514399,0.6354505343795247,0.09392420790974554,0.15747988398759685,0.07152810772102243,0.08415689083516403,0,250
0.6701168075698761,0.717613284024989,0.35930289206037436,0.20136712069180981,0.08984266890049253,0.09664158821146134,0,250
0.8948931429674951,0.6450186847236704,0.3605135449142241,0.25688749229626306,0.10472975076240404,0.1151940964986637,0,250
1.117146078103656,0.5417749410058657,0.08110334612747294,0.19487807882801683,0.08132457192532443,0.1169368714114605,0,250
0.8723863913264549,0.6608029721743527,0.31867997721891544,0.20851051825953953,0.08834483812163056,0.09421330110714914,0,250
1.1047437773136555,0.5438698784896996,0.0785710491290652,0.1648654958282478,0.07072643974220208,0.09513843203047527,0,250
0.9203998756194196,0.5853471989832985,0.2123302573138136,0.16196206822270412,0.07729781904908678,0.08834417122127977,0,250
0.9770968757060298,0.5787067098717346,0.11985553278518182,0.1648922804431913,0.07429445345078683,0.09460096702140948,0,250
0.8981883222934662,0.5672099233596345,0.02788052951347046,0.1346567049909992,0.06846378945747175,0.08749304247682163,0,250
0.6458014222858852,0.7156451647266654,0.35521192410079655,0.1544164610483174,0.07463918918700627,0.06903072157282128,0,250
1.1208943162993952,0.5691969507677259,0.0716273141204025,0.15698580863550204,0.06363078466081382,0.07736165923943156,0,250
0.7942063703158491,0.6965242988085953,0.24261928985268874,0.17307821892482578,0.07138040903629127,0.0795985274472174,0,250
0.8382811001716379,0.5947445251748299,0.24575665128944524,0.24521891720897762,0.12069922492295697,0.1674358727431369,0,250
0.9966206341977207,0.5690069075427184,0.1765586978042965,0.17086251727415477,0.07536017841518503,0.08807776468753843,0,250
0.8216297843291941,0.6855853240460578,0.1901024769164556,0.16123334550043514,0.06688863401735543,0.0691106812520855,0,250
0.8265662406447153,0.6261121512946456,0.34999333328926985,0.20091075421377794,0.09536324780357246,0.10181257148298481,0,250
0.8279158429357648,0.6259720847218981,0.293348506497449,0.15495668373168886,0.07579520025183495,0.07492000307063222,0,250
0.9634604016175665,0.5843813172509682,0.2890989822821142,0.18376357188004352,0.08422775186890222,0.09741371186692253,0,250
0.7872535419831018,0.6535327999007781,0.3470671301152916,0.18717070808589056,0.08711562273170509,0.08378179486857908,0,250
1.040838439018996,0.6371374292408353,0.13759798282832267,0.18386785594806723,0.06872956074397608,0.07689006936574035,0,250
0.8414715887106405,0.648871973757323,0.2098874755411854,0.1805596270274403,0.07961106736928825,0.09133814995971219,0,250
0.9418141856916243,0.5935801887547326,0.12882973236765413,0.15000685857342774,0.06731510736562833,0.08445392018267146,0,250
1.3797869128869928,0.4728207332490999,0.08027136928171245,0.21255518936861253,0.0808149971158997,0.11717681456565901,0,250
0.9508010825435487,0.6578708457488797,0.22144364315568624,0.17120631550026372,0.068048482855440115,0.0787161252980837,0,250
0.8375760794181435,0.65139909173376,0.2013310801725429,0.1661407674052692,0.07170080733560279,0.0769996319823759,0,250
1.0206064113429645,0.5722242518882965,0.1947783351691704,0.22827885624569402,0.0955271492233933,0.11971294891932618,0,250
1.0102210231363558,0.6189276358486331,0.1923775877047749,0.17545438635713217,0.0713322019933287,0.08674184282650263,0,250
1.069516794287673,0.5955726146439402,0.056623081478511514,0.14496919950352033,0.05813981209028919,0.07129194162429214,0,250
0.7817506852267967,0.6554712016721771,0.2976157159981482,0.15309982738622843,0.07278431968671434,0.07429442124886286,0,250
1.354509866148451,0.4693352693208318,0.08186305378965475,0.2132566897584885,0.08323571072944014,0.12322671960569467,0,250
1.1527385888791728,0.5086251614348178,0.07109574700636741,0.1658576899317843,0.07194092322954311,0.10041423603735569,0,250
0.6489094525945913,0.7430828688077191,0.31402950526270657,0.14747485967462848,0.06537711030193667,0.06511108981096604,0,250
0.6605906117205502,0.6901350564890116,0.397956023507647,0.21409075841616415,0.10370313325194971,0.10566818680465187,0,250
0.945476675227782,0.6339846783805645,0.23780189174418945,0.16705640383742648,0.07057782155493203,0.07772059914739293,0,250
1.2220376291915318,0.5526240061819196,0.028801393503637567,0.1640565475478558,0.06277657333372301,0.08215015593765515,0,250
0.8422659744342114,0.6394816407322965,0.23840627108895832,0.15059224715419675,0.06979120110299497,0.07626410673738428,0,250
0.9800547008879215,0.551345885294225,0.14693558530533668,0.16080178681439414,0.07735588140909118,0.09738649588611213,0,250
0.8815871573564489,0.6511643024476138,0.26185490507075754,0.21405337700194907,0.08772407149916711,0.09764913920231902,0,250
1.0168613747071467,0.6265298743176667,0.045077423917455145,0.14853342008024534,0.05809776498428533,0.07011082006076982,0,250
1.1212489748641543,0.5133170207811925,0.05025439388496698,0.17139412943210197,0.07616455155667841,0.11149352881408053,0,250
1.2251814947717805,0.5305925061475367,0.059078112540529866,0.2244605788326562,0.08592054400289864,0.12432716599025487,0,250
1.4725793127365918,0.4408646572603823,0.13717280177068691,0.25955325355247455,0.0963559282708747,0.14443168415105428,0,250
1.097078517261859,0.625659204228964,0.19984932360701704,0.17351187111585517,0.06541401888511002,0.07035776665293089,0,250
0.8386203751462451,0.616644858990502,0.18204652123785983,0.14867203488717412,0.07148685235090353,0.07855959729958921,0,250
1.0284572198229507,0.6078385065551892,0.2814145089702069,0.18632410048697792,0.0784820746298189,0.09152794657178558,0,250
0.8824870528495696,0.6160768438132012,0.20139001276554622,0.16084245066529984,0.07464161276495765,0.08998194845311755,0,250
1.464402119617076,0.43003504693853395,8.986011203472616e-7,0.13708525732130986,0.053408895504532226,4.761478004683847e-4,0,250
0.7569373239367783,0.7123159686317111,0.24135072539481076,0.15602337903078556,0.06556403209572856,0.07285593802250377,0,250
0.9710004862130884,0.6402782243224295,0.1879882009232319,0.1542179855696674,0.06309184042030114,0.06561178708770615,0,250
0.9660539472237135,0.5988647079310093,0.16738984493777628,0.19326752395771032,0.0822713560050144,0.09768135691081142,0,250
1.048793877558299,0.568932381593818,0.07910522165940809,0.1730101855575337,0.07277967062814876,0.08756559451582495,0,250
1.2323698560368572,0.4614277417702354,0.24572256708770215,0.20087747018909136,0.08949081838461366,0.13989850175921892,0,250
0.703837014399759,0.658783269216859,0.3424101130565153,0.18243746519472567,0.09251283552902606,0.09379314002029808,0,250
1.0097039555864193,0.6062914975640022,0.22788665884156506,0.19565174614854292,0.08167055703907515,0.10651383968605711,0,250
1.0433916688138638,0.5628602990212275,0.180236514957656,0.18512578690304707,0.07959187126914748,0.10185473510763719,0,250
1.1614297656946349,0.5521516336720202,0.2517051222429641,0.3416995653636498,0.13209846592854665,0.1960735243788419,0,250
0.9607275668309913,0.6287460449350066,0.16221362915532386,0.16704655152654696,0.06751199979580018,0.06981358967836697,0,250
0.9068512335173847,0.6297314804347752,0.22973170172523147,0.20729189729299433,0.08717424623213156,0.10152798601114776,0,250
1.1590761619927687,0.5294127220374173,0.06806783298892757,0.15736472754475037,0.06587485646740207,0.08585001909498928,0,250
1.1045446858449341,0.5527986894730444,0.2788395099471086,0.20198320463809114,0.08565575692245309,0.09979379776081719,0,250
0.9865037389929177,0.632654132799999,0.14019804078280193,0.1933305255681429,0.07658258509178704,0.09840030793981475,0,250
0.8339879814552223,0.6247221987459901,0.156938844502072,0.1435511917103425,0.06943985271991895,0.07835786343756936,0,250
0.9238770042588578,0.6140990547336613,0.12264276339899924,0.17749360980699627,0.07645538694103152,0.09363244045052703,0,250
1.083257629736131,0.5936223799103844,0.18580363953638043,0.21820542188294395,0.08363664425586122,0.09924681346161396,0,250
1.0242407334900574,0.5660248689011667,0.09016692520743314,0.16132857064732953,0.07146418361742121,0.09102594880905715,0,250
0.7925863269102505,0.6172980909742957,0.19106546281507658,0.1596769750631528,0.08128867469393879,0.09619514711377328,0,250
1.2090557165172138,0.44570133821452307,0.05939889689928202,0.1871723552855688,0.08268340012487016,0.1417067437380976,0,250
0.795520020332064,0.7051315927895756,0.29613088454381736,0.17181073793626192,0.0694190205793454,0.0769860597585759,0,250
1.1352417670132786,0.49190333173496914,0.22206113982619485,0.1988346496630244,0.09069279573163432,0.12134551639105362,0,250
1.025807313350555,0.6308246888506396,0.1425206137548858,0.17749110710835522,0.06925815934404944,0.08384999297567006,0,250
0.7214845451790721,0.7431349096563549,0.2813972243390447,0.16176599817217582,0.06334767735998105,0.06720161088467033,0,250
1.2141834824260729,0.5630282005993652,0.07606569673636707,0.1719791790224871,0.06472599827828493,0.0789906726983905,0,250
1.0961393786147864,0.565501367721594,0.15641521734199756,0.17575408316219088,0.07351182190196008,0.09225929824097368,0,250
1.186182376140603,0.507840860422858,6.521107550464604e-8,0.10780058056447178,0.04633840390679938,NA,0,250
1.368006335921949,0.49367109189117525,0.08276946869919054,0.1844386325711637,0.07094959260096977,0.10442658342786983,0,250
0.8673282494931985,0.6396759729958855,0.31318607172238416,0.18003064155462878,0.07911411972905522,0.08793690985466594,0,250
0.7016734837388597,0.7532257815792563,0.1673697741102517,0.12729826987329465,0.05174726368174633,0.05385832735125964,0,250
1.1385652088388625,0.5656706582665563,0.17910027826582406,0.2139473432286163,0.08425015180916504,0.1127184177688231,0,250
0.7105005253714592,0.7146531353256926,0.19716371495977003,0.1871911912461868,0.07831753878838475,0.09334573001821479,0,250
0.2564781499376826,0.881922858695158,0.4126112021098862,0.116460661329947,0.05909398009428728,0.08094836061235872,0,250
1.1207635439140036,0.4961986114240977,0.06463788790158777,0.17309750601798765,0.0783174670950951,0.1102698359354272,0,250
1.370828443673461,0.4149534666110644,8.574454869845228e-7,0.12585682997486494,0.05351542198336044,3.7981615227770856e-4,0,250
1.0900276256524093,0.5492408026207426,3.497378974431008e-5,0.10380120941550151,0.045734050403646045,0.0044447647744668434,0,250
1.1550418773399416,0.5255142287762182,0.252677851544828,0.219720293050735,0.09278656149342666,0.11843120027043469,0,250
0.9558132613538997,0.6564921898682409,0.22441828172046072,0.15775093175108623,0.06410171185853743,0.0739912268941374,0,250
0.9852708567856184,0.6149816642836768,0.1595686987533863,0.16556407465417664,0.06987122109168067,0.08669845132744891,0,250
1.0084970615923783,0.60216040872427945,0.17682711788992242,0.1798038426439128,0.07551584619701072,0.09612780081961712,0,250
1.1306165011534395,0.5254584454838972,0.14060923916337023,0.22752932533233763,0.09561674640743373,0.13533406070128515,0,250
1.0521608540806484,0.5506055948139937,0.055560399423611274,0.15614847738443788,0.0688047101349363,0.08827992977268369,0,250
1.1696868648152854,0.5069384297538818,0.27389007217720596,0.21234550411731187,0.09262999092641018,0.1089367015101556,0,250
1.1055500910179255,0.4919036609769861,0.13419133044419057,0.17287117276338493,0.08142009646588735,0.10705120816418678,0,250
0.9422227815347243,0.6495524776985373,0.319675553221852,0.2085151712520827,0.08244504101407885,0.0807353478123022,0,250
1.3593106984377616,0.4988770761658013,0.1859590326948913,0.2312591526569074,0.08769773480235676,0.12430458604926335,0,250
0.7967625986896981,0.6627865233464705,0.13283939603953884,0.15355459199777938,0.06773137124471411,0.07926989615980225,0,250
1.3053639654098097,0.497718381238153,3.945912872611502e-6,0.11379911489341867,0.04581638442031873,0.002772963134895678,0,250
0.6830395903508714,0.6839525944094387,0.26007952347902596,0.1495757604892219,0.07462249242991857,0.07988095836668374,0,250
1.1364450280493719,0.5382864604210605,0.11481226246897336,0.21587009031137716,0.08956759625367912,0.1354044223203762,0,250
1.0660563966820675,0.5458028812905237,0.1849170769152461,0.19622781517827845,0.0847591735831459,0.10995725811852247,0,250
1.004513650855052,0.6032683979228733,0.2233659156406626,0.18533642244358456,0.0780558422019853,0.09904834061706133,0,250
1.0861298573537044,0.5596385153327149,0.2237911378711218,0.20810058122182865,0.08771920830291448,0.11448339511290521,0,250
1.1642084158564003,0.49935847372443554,0.06834614916328005,0.17363203258019502,0.07645461357592068,0.11287915021063875,0,250
1.7306737666339207,0.43410442539149124,0.12574792492151826,0.23718681929187374,0.07964680624831773,0.12656353697766398,0,250
1.163758868414381,0.5374231342521888,0.03368605848892881,0.20835152554164804,0.08343117353552662,0.12667510139508284,0,250
1.3228282295386242,0.5006656586345724,0.16154822443168557,0.19461104265679088,0.0782816033098016,0.11830529522486122,0,250
1.2130157188910307,0.5243780362939103,0.13101342350748937,0.1981534955889695,0.08258907549504974,0.11999145938723392,0,250
1.0903904837645102,0.5717962920579441,0.13037949547805122,0.22562803341524387,0.08921289991643905,0.11876658868509113,0,250
1.1761998414262607,0.5133646504766888,0.08379146725448884,0.16699027351034174,0.07036630090526962,0.10031709643508967,0,250
1.056042840330919,0.582722257579048,0.1875117850449409,0.2049425310282256,0.08506057196970566,0.12117152833960317,0,250
1.0823541392284903,0.5961701922793239,0.20416253320348138,0.2221136727348801,0.08533999420031622,0.10772877681619956,0,250
1.0527368952466536,0.5613375244263101,0.15902877502819768,0.1597240153068334,0.07249022297149196,0.08807659649930526,0,250
0.6933534482600544,0.7012098113600407,0.36237321788704513,0.16481474730823006,0.0786201253013079,0.07498651893686382,0,250
0.9309830962852497,0.6402512383395914,0.3087414292789503,0.17523496349276493,0.07395797940978845,0.0702492612557175,0,250
0.8624357093550402,0.6635821323181302,0.2195831044149551,0.15486738441087303,0.0657296182873097,0.07033358249704613,0,250
1.0619758824745382,0.6229580302051547,0.12500502983423556,0.15581126029899195,0.06166157694741811,0.07750269522951178,0,250
0.9793621523690929,0.5603118286318065,0.21665379945808635,0.22069180125975793,0.09967112846136718,0.13256614263977498,0,250
1.2281098953190024,0.555749462087369,0.03866525609889163,0.14067603288174693,0.054715310407511056,0.06962547873362146,0,250
0.9523081909134476,0.6063170127459853,0.18181216200423087,0.20772306439289995,0.08809526280871738,0.10361779260148572,0,250
0.9724126686046489,0.6281854338733073,0.16224305746769796,0.18234253908418863,0.07472570489155694,0.09238904300622029,0,250
1.091498376365889,0.5319883847586319,0.21186865310481565,0.19231645877849246,0.08563025935468115,0.10958970235165666,0,250
1.1238809894562658,0.5615092859678537,0.03615653446134013,0.13431820860118013,0.05633307067626115,0.06703251275498637,0,250
1.124669569299918,0.5473209020385562,0.254778016564885,0.2656267377106564,0.10957517566987811,0.1579431429462204,0,250
1.2274273450926383,0.4713298229337048,2.859521996790038e-5,0.11753768198555731,0.05157955595572588,0.0030676121866620993,0,250
1.0777028974797795,0.5429117103659872,0.2515606279971443,0.19208605067803258,0.08590414004349033,0.10997884664960933,0,250
1.1343893932267695,0.5313711725947482,0.15386881080986703,0.16185724222316783,0.07034691534945181,0.08796059428740827,0,250
0.8823208584049809,0.655130045931048,0.10058094206431557,0.14569942512289985,0.06379393707953716,0.07452300675520694,0,250
1.1194323377464503,0.49148088844104987,0.1406082325321936,0.1573823864047119,0.07500389824265048,0.10269921326253097,0,250
0.8095545243927346,0.6693262503186963,0.18442172883878294,0.1868283239994204,0.07878293441804143,0.0904459584371176,0,250
1.4105691846206114,0.3720386122223293,1.3172416091656864e-5,0.13501022471126606,0.05792095948823245,0.002690163920791399,0,250
0.8735537737800286,0.6256674519933966,0.08714256182045835,0.14385090697856442,0.06615556687874134,0.0858462399676082,0,250
1.3203724277608522,0.49236424424947406,0.11025677531338268,0.20189279329762191,0.0790645875908709,0.11400656393123981,0,250
1.244974942703353,0.5362900931115041,0.19876067962567337,0.19882770752092255,0.07736605558590126,0.09153067178154414,0,250
0.9193955820178433,0.6298546000300619,0.24029901187882813,0.2022606528903916,0.08438630383313674,0.10102327554175931,0,250
0.8313407818275954,0.676752665382767,0.2607536674858261,0.19699958211503973,0.08247636097855893,0.10362364477617796,0,250
0.7886245526248459,0.674174601142963,0.21010451666023458,0.16033520528510525,0.07113542203908191,0.07537182258684294,0,250
1.2610764755954127,0.543216707709298,0.027513474772552657,0.1905147281064021,0.07156739983675432,0.10267429981891674,0,250
1.0897000725912558,0.5569758597665028,0.18907945269921997,0.20690960181111667,0.08665380480187951,0.11472621570265464,0,250
1.0861084881102727,0.5795326693729305,0.15309454040870416,0.17413873059200716,0.0711794084514213,0.08746373007921829,0,250
1.1351590218298222,0.5854799534433849,0.1765380735225745,0.23988541061525717,0.08852703015479968,0.10897144699996812,0,250
0.9338461738496638,0.6893687613363149,0.3194817143331516,0.22684185725149025,0.08140276405948507,0.0937761100423349,0,250
1.183208485710518,0.47931992111990224,0.2303774017832513,0.21666797271768568,0.09877303016961365,0.1548315671844863,0,250
1.2726139697537706,0.5590223736417802,0.24261059600081716,0.2372185637913839,0.08671311080531116,0.11585468385950641,0,250
0.9818881230416504,0.6305428187473654,0.16045455639456438,0.17690561784534714,0.07002356898808444,0.07835769392705509,0,250
1.1757790221342204,0.593804150239048,0.14096346391128828,0.172513003315645,0.06370209282547908,0.07484540485071747,0,250
0.7131879138066095,0.7272274746969409,0.27444624019560315,0.16610115193053138,0.06939852076594794,0.0730917293811808,0,250
0.9391676901247585,0.6079975319681022,0.27089419055474867,0.21563809640805315,0.09258364916959545,0.10448808728647005,0,250
1.3325931056398583,0.45097285673394905,0.026184245494048755,0.17758628275387964,0.07441754827307258,0.12518399816514184,0,250
0.7725538157564034,0.642967323466238,0.2707470489470493,0.16844082374386715,0.08239243803382983,0.08971227228678119,0,250
1.3432034023066046,0.5506689143181995,0.10760994772903344,0.19006524831345695,0.06764526111328512,0.08270961679279995,0,250
0.758955608039846,0.7272054143017264,0.38975476789081254,0.21669911490266716,0.08310166514711194,0.08268073589309763,0,250
1.2315707327129504,0.4717649544636136,0.19625822973189683,0.24528310097947614,0.10645533083032922,0.16923879334622458,0,250
0.9142136706508937,0.6616656659375002,0.24272415626617058,0.17513883977190267,0.07075386124323269,0.07812192246362827,0,250
0.97606306548699,0.5690938848132083,0.13830458545147778,0.1510470313366632,0.07050576335770072,0.08394980206837405,0,250
0.7913683640424537,0.6933889952451083,0.268240499886457,0.17859330843769328,0.0748108554255612,0.07995959313775013,0,250
1.222285129527629,0.4475978541349647,0.08394469807568548,0.15550102119657847,0.07187211730889885,0.10006622396427732,0,250
0.791373814641358,0.6569875282226987,0.23382596121676927,0.19024846916011856,0.08401973666970075,0.0974615881707367,0,250
0.8985926720456879,0.6642905126999968,0.19822844080604415,0.16369290024108984,0.06630370377574268,0.07198134808892681,0,250
1.0637138464354439,0.5048974938486206,0.11638252568584155,0.16522304916407682,0.08025029286786416,0.12044676894981088,0,250
0.9102391042449076,0.6315022257347177,0.2196717083925637,0.15499112940249113,0.06831997769510817,0.06940563449879773,0,250
1.3096976206566702,0.5046866998139357,0.1671705488753522,0.20386636836083663,0.07996663610477178,0.11385843226541542,0,250
1.6001264506000392,0.4197373559598877,4.541379020570235e-6,0.13464184586006564,0.049341985621623626,0.008211424516736822,0,250
0.8376332009915184,0.6673222099316245,0.15203118577079655,0.15257605537538638,0.0646793935141822,0.06781755158393855,0,250
1.031597396011561,0.5266023755675067,0.14089680506119534,0.1980825568124449,0.09118925130368119,0.12245776545990894,0,250
0.736926461415378,0.7094769896208302,0.2621670324594905,0.16005364491620058,0.0684197318298489,0.07016271897737165,0,250
0.9226229175183565,0.670035404363361,0.2711101436058637,0.20792794198264056,0.07939344698770782,0.09254246892079585,0,250
0.8348227443154707,0.5985033691889615,0.2064779117771134,0.15120936812978297,0.07796796016291384,0.0898368134073162,0,250
0.868841683481789,0.6996065263669917,0.30772563605221764,0.18174573652769466,0.06859228279604139,0.07175017048959868,0,250
0.9365489216345203,0.6871192589671893,0.2781537300011022,0.17614878405491355,0.06602296970941521,0.06753113061913125,0,250
1.291026517053994,0.44375700578537114,0.35262545532296646,0.24517657588222255,0.10801482897009267,0.13478988547609136,0,250
1.0704313881780596,0.5661753995087327,0.24818147568551693,0.2028384809105806,0.08469679536369977,0.09941748887873716,0,250
1.188275631966974,0.6325172883899048,0.14410178739528298,0.1915210214038645,0.06347008449768554,0.0744751449888815,0,250
0.9565347523232631,0.6513600136753032,0.28338629238272084,0.1792336658390064,0.07145256211999998,0.07165637051291739,0,250
0.9293157759336541,0.6014491522683267,0.10671353992036153,0.14628481943677143,0.06690787700715778,0.08133769179471402,0,250
1.3317547149509747,0.43683101522036455,1.859285180105734e-6,0.12532250505849563,0.052986289942746415,6.265761133446456e-4,0,250
1.142412090242572,0.48560263352358957,0.044763812900976814,0.17578609541487727,0.07964007639632704,0.12071388505904711,0,250
1.1327751733623987,0.5445456994155522,0.0904389745995791,0.18110417722192182,0.07516429582233947,0.10453896327168853,0,250
0.8043573067267534,0.6251976080269744,0.3008958598020809,0.16825546800031904,0.08392850821833205,0.08422341220574928,0,250
0.8351427409056933,0.611426619119505,0.19052591280033196,0.148822915515604,0.07449678741622881,0.08665002519170373,0,250
0.9439968275133134,0.5614579260375278,0.35819115604989754,0.2604560019219132,0.12115536060431271,0.14301469817100326,0,250
1.0943430012525115,0.5322836055889254,0.2275188479402413,0.21645102205900607,0.09319563253916313,0.10839330486288153,0,250
1.5425418556699888,0.44707090781531444,0.06694842517402219,0.2112503004499259,0.07763581801261456,0.13245021890799274,0,250
0.9152222227088431,0.6611501895474684,0.17509858614431376,0.13876661449104163,0.05863366694214732,0.06494075089560906,0,250
0.6986565623296518,0.6855313012503447,0.3824743057046556,0.23268357181099986,0.10580292727753363,0.11334242515592839,0,250
0.9782010320205151,0.6014050216678697,0.17170594601332687,0.1744776773717308,0.07448226084594178,0.08633969498634288,0,250
1.2270376909655645,0.51847205442694555,0.1278717151381543,0.19676199137897596,0.07849748841159901,0.1024568609437735,0,250
1.358940587991498,0.49699329852842933,0.09398875249358214,0.19885759217077406,0.07601737615746948,0.10592301141534127,0,250
0.9369346967587525,0.6308693776717893,0.22700739876618695,0.23625907178246655,0.09603677874800981,0.12639681434414643,0,250
1.23891680312986,0.5269605617059234,9.577255093147469e-6,0.10938433490859802,0.044378804232023374,0.002663773002061494,0,250
1.2331003851410038,0.487696700199589,0.07535180107048643,0.18986776423808804,0.0791736162971729,0.12382249658578802,0,250
1.2037361872597103,0.5035507932083781,0.12901934550784674,0.1828447478125269,0.07755995195224888,0.11195493978101533,0,250
1.107996542013388,0.515681047950127,0.19843735886043015,0.19972855739545936,0.08829843030577912,0.10383688264503023,0,250
1.0183877281078957,0.5787526052602143,0.19242399181003642,0.18488407933180726,0.08084857112711533,0.10698075507819849,0,250
1.0868732065641291,0.580721825731388,0.13444511845638396,0.1720048867469854,0.06927852484911497,0.08391119709153601,0,250
1.074246972668274,0.5510264933196473,0.07719673815058897,0.1595190344827212,0.06852286543770954,0.0825960752557192,0,250
0.8108698889228513,0.6879615592831333,0.2393249799377409,0.16483448876684204,0.06931724024618757,0.07880138729398437,0,250
0.928246143757742,0.6344554068144704,0.2560086686117171,0.17965949788558785,0.07816700163556181,0.08940131162655798,0,250
1.0026162900443254,0.6110535289174335,0.1720056927254319,0.15199950471315138,0.06435748257195113,0.06917858995511346,0,250
0.9026004958643625,0.6059350742911555,0.3256018207672834,0.18771266427382102,0.08776148871563488,0.09275295143419066,0,250
1.0017372561169866,0.6587781021580946,0.2574186362267592,0.18121547308542915,0.0680318741938514,0.07206425591347305,0,250
1.106654588712839,0.6116231155375439,0.19089526172470347,0.19202537632828606,0.07300919883028785,0.09441409491844102,0,250
1.1440041987488383,0.5213397319546165,0.12277974880074931,0.17783196111828972,0.07590778747640906,0.0982275712033229,0,250
1.0700022461633703,0.568756765256796,0.23591349704653394,0.21846526586311735,0.09135486284908474,0.11928659868191578,0,250
0.8161532471421891,0.6545179479774398,0.18197999705147522,0.13474268127486447,0.0625073999144671,0.06900898123985023,0,250
1.4122550361443773,0.43288863302333486,1.4977420680593137e-6,0.126465500141146,0.051236096967647075,0.001067121776207914,0,250
1.2596876931612762,0.5298774605759334,0.089892732049294,0.20374574458495906,0.07694277113246997,0.09849963332620472,0,250
0.7219475443226776,0.6741817991942619,0.29016931059721474,0.16318563461393032,0.07885479176022213,0.08134163848396025,0,250
0.8414913312365173,0.6523294990630145,0.29711998025578,0.18894742592228492,0.08157472078538615,0.0819602238747475,0,250
1.334837331085373,0.4970700666697525,0.1567672682891401,0.19314321994282327,0.07512086224122003,0.09387868857227535,0,250
0.7502801067334984,0.6626721511653545,0.27837050094842614,0.16027664095194866,0.07724172719422638,0.07721864379788496,0,250
1.0800340893872347,0.5150653859256407,0.1316920775840307,0.15528709375010938,0.07359457999087451,0.09877275477717899,0,250
1.3160345092553958,0.4876459046059172,0.08999253928989076,0.191809607612768,0.07578584864548052,0.10443825864757818,0,250
1.2320571841005645,0.45754251593183537,0.1628035355166006,0.21717700372777937,0.09507522548950556,0.13322589083778552,0,250
0.6681826162290241,0.7094696161911908,0.26418802763492283,0.1485799622819738,0.06971317967775546,0.0742057584484893,0,250
1.1995951338489919,0.49961765473652975,0.06991262252235077,0.1700300131350397,0.0730717922946638,0.10465788661282713,0,250
0.6880060502667859,0.7035839111162792,0.3678562838292535,0.16196243582158823,0.07703578570654894,0.07360183587022096,0,250
1.166125810909275,0.5513467678648517,0.2214180985284962,0.19071967206958235,0.07711058278649023,0.08613794324524798,0,250
1.4005098011025756,0.5081821865386814,0.04543862791853391,0.19895117462888295,0.07058601649719246,0.09276542840569235,0,250
0.5567864395374241,0.7606107888015838,0.34980326045602644,0.15396125593693766,0.07390841700520143,0.08196053162173021,0,250
1.0205955562104998,0.5530047721285184,0.16447453849279586,0.15101344217924792,0.07085547349695373,0.08513571926373632,0,250
0.6564272628318016,0.7680757978156558,0.4265524656067294,0.2074455498819458,0.07882722955152201,0.0764149204279263,0,250
0.9825831730027181,0.529069684045317,0.0941745754624909,0.16841558784717042,0.08115445419388084,0.11690562810729925,0,250
1.2022383895403828,0.5521306384532412,0.19677615108622754,0.18893988286012772,0.07567328976668143,0.10388578172973913,0,250
1.1200583671824782,0.5555833412700226,0.27516744336002474,0.21585312737535334,0.0889853677415902,0.10852378435790848,0,250
1.1181458987558393,0.5858975544029239,0.11471571654214001,0.18035217552471947,0.0710873678833625,0.09549568116889832,0,250
0.7044906823151882,0.732897142302737,0.2613495967398309,0.14293789142488883,0.06115703219865935,0.0676685710640829,0,250
0.8429451551178123,0.5976551580644077,0.23520476226661927,0.1772971557509574,0.08716943746445745,0.09896695935206234,0,250
0.9902783908659377,0.5526206879251155,0.24728193181328625,0.18988610482125032,0.08790749736692041,0.0972780922409927,0,250
1.0871165020162095,0.4853511721043793,0.057594676749192664,0.16615332710903916,0.08081709103671243,0.11791518559645804,0,250
1.1966975214710969,0.5411920535325242,0.14527332943415255,0.22740411053511161,0.087969093826053,0.11206238341972898,0,250
1.298708431010882,0.5106306429822929,0.06953985804796053,0.20282788401338236,0.07865881537048533,0.11547452285937947,0,250
0.8897052345580644,0.6126785793833578,0.19544590455882008,0.16867917568158564,0.07690045618893078,0.09495747310958792,0,250
0.6160517440350692,0.7379745439835212,0.3790276033567519,0.19960343367207528,0.08878884056845342,0.0928111167438484,0,250
1.2880943631452473,0.49497670148522444,0.05609787032120969,0.22520498110485188,0.08743085419343906,0.12968046657126897,0,250
0.9101936419027831,0.5857001799235477,0.1622301421976839,0.1421622973062337,0.06874577360396575,0.0760863756639488,0,250
1.3301457128008494,0.4939733037021397,0.07817850240142867,0.21510668187988563,0.08200632612796048,0.12385174891685892,0,250
1.173856650831815,0.568098593238737,0.20641343119215758,0.17147308478927736,0.06861938721454548,0.07503706546076032,0,250
0.9536019810867098,0.6109999389831138,0.15263529838254494,0.197926350014384,0.08516695918613637,0.1033036263997007,0,250
1.3319494862379286,0.5102308382509683,0.08742576915573322,0.2028720958344221,0.07560026835078187,0.09943819434538281,0,250
1.1026372199218062,0.5705772677126639,0.23322302702190242,0.19287460353557082,0.080373046286163,0.09869114539646459,0,250
1.242640754604922,0.472504630076677,0.061835273795382145,0.17214680031970345,0.07394352238668322,0.10935528873134638,0,250
0.9331296066990162,0.5908575055756765,0.12997755030505231,0.1508256812670433,0.06931609495597575,0.08232730793354577,0,250
1.153370260144905,0.4880455975310134,0.34253009504053766,0.25789640463193647,0.11461671577608018,0.13824749024497543,0,250
1.0752568895572931,0.6274335316441267,0.28028893731656107,0.23949611617736125,0.08685950637296787,0.09680440507471044,0,250
0.8509145058125779,0.6406229096219485,0.3465352005674757,0.2551267193125911,0.10918816693696091,0.11718167124335757,0,250
0.8165453864725152,0.7000425659673003,0.29753347134960173,0.17610676173314546,0.07131281936654302,0.07612129363400161,0,250
0.7288736580643017,0.7161098355127494,0.3402298509391305,0.17484983843052446,0.07422994192269004,0.07639039848186623,0,250
0.761060322499099,0.6501244783145551,0.2866079448710241,0.18927023919217784,0.0895334476932449,0.10304936646753665,0,250
1.3239989930209006,0.468102916925214,0.003021320880339277,0.16824401465785102,0.06959092520081848,0.11060946589783076,0,250
1.0591195515233665,0.5887267687291687,0.14694363147912318,0.15648847852950812,0.06473139813250871,0.07177974257441283,0,250
1.120051832030644,0.5080012611062257,0.23575883379674448,0.21211231333182304,0.09332692563436602,0.11333810130987086,0,250
1.01127288400947,0.6202311887479673,0.08839879839003613,0.1569873470297604,0.06370725134754619,0.070250803082483,0,250
0.9325780657836027,0.6442284276294324,0.33755001749230146,0.23137411512425063,0.09270359510218722,0.09842465202765749,0,250
1.2280886932242308,0.5956759079413447,0.07736043892136242,0.16877991964571248,0.059898196154456816,0.07243127327504274,0,250
1.10586437429959,0.5673847299002861,0.2519561663107174,0.17606608133155796,0.07352689035817492,0.07983522748521274,0,250
1.0623866132456612,0.6058770913590268,0.14069588808987818,0.17066612285760896,0.0652661257405219,0.07296072704001817,0,250
1.0742723600101856,0.6084994033279061,0.14163655140996353,0.17959631969556572,0.07031105639799512,0.08249393034729013,0,250
1.5538169376349185,0.440009476653741,0.13458214000272786,0.21292335829095396,0.07930325239561836,0.13277846469754018,0,250
1.15175161987687,0.5632907472202193,0.047406795328457416,0.15349838855169767,0.06198666861581748,0.07899818124631407,0,250
1.0769010633627212,0.5869833588769715,0.17416561046995546,0.20150425094535,0.07978683092497123,0.10047419347611768,0,250
0.9398790163946171,0.6471491052778592,0.2673425965920509,0.19344166417434025,0.07757460066297873,0.07821785919743088,0,250
1.1157676079647345,0.555508595554941,0.18995280309997484,0.24859832329260376,0.0995198838389512,0.13093543033445104,0,250
1.1760670519502885,0.5761425568623926,2.0547064070358114e-5,0.10601658361608672,0.04187339802377793,0.003747018956744971,0,250
0.7608725061385079,0.7051337386386398,0.3089448989708121,0.1341419043675259,0.06150991445163195,0.05805422530142959,0,250
1.212357290695068,0.5089611405035822,0.2208844673781154,0.228377323825706,0.09402817429180793,0.14009933238918795,0,250
0.627565557128285,0.7353491098138991,0.40591921552315147,0.1880242356651693,0.08628043349240426,0.0864902068728706,0,250
1.2182952350453686,0.45938928804551143,2.4706617591626996e-6,0.10809754316599263,0.04943862448485346,0.0014706932023499624,0,250
1.164097812322432,0.4950373079369816,0.20458670581356836,0.1818032636843597,0.08482182139248287,0.11147550259395828,0,250
0.8920318769522851,0.6521632954896932,0.22644439690927243,0.20382043566199817,0.08188897427849837,0.08777564326922593,0,250
1.1181464549458164,0.6021218107824081,0.19102484055968996,0.19782144746490257,0.07491552956474869,0.09333121732223489,0,250
1.4349787830599314,0.46809225625892487,0.04291616743468586,0.25882090129728347,0.09562756196107647,0.16093986202034294,0,250
0.8840903696145832,0.6350081467043756,0.20376317373262995,0.16318923232295066,0.073808847048176085,0.08223289693233006,0,250
0.9705533551350688,0.6231907941173754,0.0665012747318488,0.17616936793915955,0.0706084230571084,0.08734000871511564,0,250
0.8117916731109474,0.6865196875710899,0.3834729852659302,0.21215542170160545,0.0875033339324032,0.08371057281709242,0,250
0.948875286707745,0.6415469011774124,0.2343747077646812,0.18954130603740213,0.0776384530876516,0.09629153081830191,0,250
1.2457144220077558,0.5469557519650982,0.18289901968247319,0.1799697578058306,0.0698004198323199,0.07945861418527571,0,250
1.0611686555614268,0.5729173512161809,0.2740191848640392,0.23582293273526497,0.0968073378257007,0.11710632711191492,0,250
0.3842597303890771,0.8262919454849469,0.5352491022665515,0.22094277374135357,0.10424029767011594,0.10207305452232528,0,250
0.9970427663822682,0.5732221630930162,0.21348839454943047,0.19139438590663396,0.0854015930261669,0.10886301757259713,0,250
0.92497578195124,0.57776469310018,0.3293439686193299,0.2042157923509562,0.09859079860212604,0.11510328547774307,0,250
0.9178117404280072,0.6639797587597106,0.25086231799071845,0.17917267774607148,0.07225830556267214,0.07727271813763753,0,250
0.8817312885147833,0.6510540955245298,0.25687490519191014,0.19892895982254083,0.08217460377427911,0.093581286574339,0,250
1.3614027596069043,0.45156833172240496,4.745941568538225e-6,0.12689357906974652,0.05131522249902428,0.0022630088309599857,0,250
1.090111244982534,0.5233551266120746,0.13400080992854407,0.17304094359089994,0.0781455781974035,0.10023989888436106,0,250
1.0297565022568433,0.6100870342059508,0.16099696025665639,0.17986108454857533,0.07184883100705461,0.09020871468238591,0,250
1.3075949042264077,0.4320023051054579,0.0014417015736658632,0.17225474143979164,0.07442626149519622,0.12818032885265604,0,250
0.9809782562077903,0.5399640953269842,0.14042011299407853,0.1601586670917934,0.0769413003739787,0.09022613265661711,0,250
0.9307302464990421,0.6733818631884815,0.13735356544180966,0.14490227835360892,0.0575680790013066,0.06808842545972292,0,250
0.7625851730314002,0.651040397707504,0.23216150402764743,0.16189065933464777,0.07786215079611311,0.08217643813027357,0,250
1.0780719984757534,0.5420193966105306,0.02520254630051887,0.15136730877515353,0.06514368935398958,0.08505877853911081,0,250
0.7423830946673587,0.616807630950149,0.12025383254500696,0.14902130527041726,0.07918251239670694,0.09843480854432858,0,250
0.935574902628264,0.6234467546054862,0.25625239146219964,0.17087893470391505,0.0741730926307863,0.0776856703204029,0,250
1.2852199312297026,0.4656920634949144,1.0398255658675707e-5,0.11270457303055045,0.04843451670652506,0.0070324104378715405,0,250
0.9579919068208361,0.6419741196519566,0.18348840937101835,0.18456846140775338,0.07254477659933399,0.0807756168206144,0,250
0.8660875647863133,0.6715773419322595,0.18565646190982368,0.17603781269637295,0.06977279355482556,0.0807599606127123,0,250
0.786152777768599,0.6851433220120255,0.2682260386779616,0.17789606601569957,0.07619442264041155,0.08068249415744744,0,250
1.0627841199231245,0.6089421186341147,0.24506304078095645,0.19152797719861422,0.07490968660699732,0.08641360275732747,0,250
1.1865493276817052,0.5336018967701783,0.10768049679433221,0.1794529859034854,0.07293187642983541,0.09639855852268843,0,250
0.9038437085718725,0.6204467762772126,0.22199789346173351,0.20112353569020697,0.08665617781438625,0.09829532305858035,0,250
1.241934022930798,0.5680487770227237,0.1304394698164028,0.22779629407185026,0.0823896316945836,0.10742760203132153,0,250
0.9137774106229263,0.6830946111900863,0.28750869220673003,0.19526749622653267,0.07355981963573831,0.0778565818903662,0,250
1.0718153434337967,0.48955103168596875,0.150643716828606,0.1563892537302232,0.07778588992713088,0.10415561577686266,0,250
1.0943431910466255,0.5518756310201117,0.10522443905707213,0.16342906802245558,0.06865414971985861,0.0781367213956735,0,250
0.8514989782829623,0.6629263902660714,0.2542265752193827,0.16131410784722244,0.0700172119322956,0.0787152143524961,0,250
1.2222051243354721,0.4853978881862664,0.12070753069238858,0.23153804726800173,0.09896483448487255,0.15944331745361856,0,250
1.0573920636789833,0.5409222728333437,0.183037478228436,0.2103308946851083,0.09289924629560976,0.11345555276506224,0,250
0.9946712494106402,0.5955562458374816,0.19022322442718456,0.17393097583359346,0.07433471816681889,0.08461756502964683,0,250
0.9132452071767456,0.6162796527548691,0.10924736872026954,0.14880594054326024,0.06588758435932296,0.07869958452098766,0,250
1.1374520260296936,0.5708934026032401,0.2026890214508069,0.1895673358318605,0.07664826018647665,0.09155110772381538,0,250
1.325306340477273,0.4496614840241154,0.018647249017055105,0.15572014231228495,0.06688382958784657,0.09979275830049511,0,250
1.1811467102606314,0.5459286201692444,0.05781723623583268,0.18757413954602117,0.07330906649005513,0.09945335968634927,0,250
0.9743571679973089,0.48618317910230635,0.13524337504202605,0.17724694988170983,0.09329001629598346,0.1468433360003271,0,250
1.0921385720272527,0.5580716616737716,0.06629720364193015,0.18231113907325977,0.0761827514868889,0.0977020600993085,0,250
0.6844137600181242,0.7128726684122454,0.3093834240477928,0.17101649545757597,0.07890404560738287,0.08299519873852818,0,250
1.0581484366656542,0.5342107849647413,0.15071295006596497,0.1547665597757219,0.07136919209462436,0.0857022795797935,0,250
0.890942171136663,0.6339013055240816,0.18702013687822677,0.16003841831553176,0.06876564883436505,0.0852501088265843,0,250
0.9563196769385066,0.6166797605800116,0.170855246629884,0.1761143620115861,0.0742690270555711,0.08788217619739541,0,250
0.8142430506027692,0.6708196803779982,0.2527295429422252,0.17158684617564623,0.07388413510493844,0.07496307001820328,0,250
1.3794275165276662,0.4872847607303523,0.11992362003677795,0.23260783159576023,0.08919818790769736,0.1424607748723045,0,250
0.9470454767933245,0.6204662583537774,0.17895533457664642,0.1897518000620577,0.07897140563840976,0.09529679824565196,0,250
1.0304097296556165,0.582595723023232,0.30397801242042294,0.18602301911191513,0.08138521046055862,0.09015724340540102,0,250
1.1127400313590232,0.5122029148093841,0.041610635744779766,0.17313231368520612,0.07806201784583279,0.12412719767843444,0,250
0.6252374694275679,0.7299467867431221,0.32133020190575073,0.17361144827254554,0.08014427481674592,0.08401226522166999,0,250
1.2295454486108324,0.5047218030242978,0.16709033035632453,0.19713969769563144,0.08101524560843307,0.1101937396406579,0,250
1.1917035043268231,0.5064783711814296,0.15256504032441853,0.18623743933898154,0.08015348208900241,0.1126397976610446,0,250
0.9853466895149113,0.5034597974906091,0.22101924128957653,0.24167430337627646,0.11907089262248474,0.17790867912305158,0,250
0.9283074980896824,0.6655479591931792,0.1621929041656635,0.14852952379319037,0.05856049474253455,0.061155660000850404,0,250
0.8028688955262497,0.7477171129515277,0.1943296863441376,0.14860944057382278,0.05370511397221312,0.06034795597652049,0,250
0.9583476020589169,0.6121234659471786,0.17321363687420074,0.14756229685429753,0.06619615225345465,0.07545657999004902,0,250
0.8692573217648206,0.661342393359324,0.16613818952714327,0.15244261747717436,0.0645357899591305,0.07083302148133787,0,250
1.2140826123424608,0.6083624995964224,0.13367500427486334,0.1883039532835889,0.06515556794162174,0.0776108848035413,0,250
1.231119562546541,0.5873442404870596,0.14798653553968708,0.18012257994964193,0.06440248506882484,0.06906961444755638,0,250
0.7711075118373333,0.6893864618238869,0.2779263234870544,0.1669124706587572,0.07387852216267682,0.07636646336286845,0,250
0.8396850894790063,0.6956572105609111,0.1880304624982327,0.1733561606591757,0.06801958733143611,0.08283178964503692,0,250
0.8143512111207362,0.6609443357556107,0.2754402152771472,0.1780341763625625,0.07980169730300693,0.08280391662219677,0,250
1.15712610696488,0.5662507409286965,0.05960773497818556,0.17257529837087732,0.06722129350160215,0.08033549211479754,0,250
1.4343097713843485,0.4094726319028658,4.1340498714883905e-5,0.12990972429046369,0.05315998854670357,0.005253486495435449,0,250
0.8203633083647769,0.616982379342687,0.12171396070547728,0.13602363275060267,0.06739611904537217,0.07765526552143119,0,250
0.5044823339346379,0.8062724332793934,0.22905552398160084,0.12829417716409414,0.054653834962924454,0.06128915703566095,0,250
1.0204842163753391,0.5366284063089222,0.17938066627505192,0.16979349915617042,0.08056079199122353,0.10158238224404254,0,250
0.8698346867722911,0.5729089756045557,0.11847647737363946,0.13589246937060337,0.07102080912296599,0.08980439083883288,0,250
0.9596078433975408,0.5553256736815724,0.12330661103468317,0.17914023941802235,0.08474366451859651,0.11252260936908202,0,250
1.1932718121313541,0.5405674787613965,0.056934114263280954,0.15577067871680764,0.0635325730071247,0.08158427241105402,0,250
1.0224651251534034,0.6064845728090604,0.3387644330880769,0.21825363704492984,0.09035963419464099,0.10553611660501808,0,250
0.7435713089475301,0.7119908547482274,0.3032498357864874,0.1627396228014296,0.06856507446920417,0.06924604294592855,0,250
1.11941828022303,0.5260372373430313,0.058679902295057776,0.21389577236990548,0.09087564897236483,0.13096654873981312,0,250
1.031985429852732,0.5455639480473758,0.15541594327378705,0.15245135468330942,0.06817384600434204,0.08109520724938747,0,250
1.0140802684054004,0.5874953680669891,0.3047502248558448,0.21226216417060867,0.09000286820269593,0.10002660761236445,0,250
0.7699197353431294,0.6532804949212759,0.3636118339112704,0.21833028724807882,0.100734336103809,0.11027231396414808,0,250
1.0900168998291722,0.6183616266987539,0.194671647072742,0.1923506341962535,0.0723691543343905,0.0870511970660395,0,250
0.823772665723262,0.6862692725101218,0.3181800101338234,0.19164038389856533,0.07798925759812325,0.0924237117963441,0,250
0.7505661261726905,0.694574890424785,0.3696096640952001,0.19443020057155055,0.08788118076241419,0.08474021127736044,0,250
1.1001649159656237,0.5947561531943594,0.22656349369471565,0.20631881234647792,0.07965389915183807,0.09309822983731678,0,250
0.8761682326537621,0.6227260111227614,0.2842004940241373,0.17940992432933273,0.08229380180705298,0.09080113785603569,0,250
0.7272115353908601,0.7258926770190186,0.29996071578785766,0.14439574655184423,0.0627544877566453,0.0640772492298795,0,250
1.0672588219232675,0.6346498438723933,0.1652356367290363,0.16869600627569017,0.0637640902441857,0.07707229589665408,0,250
0.810268127761651,0.7200066037349528,0.23537080852404912,0.1423467679618239,0.05650574632924876,0.05753288968374984,0,250
1.389313311911956,0.5166238612741775,0.09744884356134922,0.23675615247011222,0.08326411127543402,0.1280233536650012,0,250
0.8761888845690224,0.6453088229668048,0.21823963496422064,0.2169436076133462,0.09115320917375563,0.11975905433231279,0,250
1.1731565283459986,0.5507803669969096,0.12942301361404143,0.18465911645315491,0.07314373537667494,0.0944556413154741,0,250
1.1047863114154275,0.5561741450739145,0.12200364875953501,0.21402917421923817,0.088509519856989,0.13082487061551346,0,250
0.9775699881361548,0.5836800003868886,0.05549858518604845,0.15142038733586322,0.06758506572850854,0.0896038433129769,0,250
1.000082054395245,0.5602794248026042,0.09511195705774284,0.16339672787840723,0.07447886737739835,0.10124088682449672,0,250
0.7320681697212976,0.7482602385335838,0.3806314523764643,0.18030228200460177,0.07089047673565242,0.07248138769643268,0,250
1.0000752785389468,0.6311595266730295,0.19785082356770328,0.17924408869702688,0.07281734282973093,0.08368443415795772,0,250
0.8648099612317354,0.691406660932301,0.28581185235834927,0.16925348112368904,0.0677301234064225,0.07346831863795415,0,250
1.2620916345449098,0.556554090069332,0.15566070102413027,0.27877252424955956,0.09879026207799839,0.148735636112017,0,250
0.9444000175314166,0.6041762505947142,0.2587612923712952,0.22416161388483036,0.09599768949673718,0.1144144531572188,0,250
1.252176206103225,0.4862251477898421,0.2395999838200091,0.22328548742532606,0.09484843257527965,0.13488919612639003,0,250
0.8680516669249813,0.6314913347261211,0.19235722005748726,0.15938337106836614,0.07281318349593416,0.08893489581329692,0,250
0.8277930554689432,0.6711119334077108,0.3155600943990362,0.1821549342764462,0.07791248374474011,0.07920351742310319,0,250
1.1905466103814564,0.5413669097210088,0.17946618066417214,0.2003378522578994,0.07974259561059174,0.09744894758237961,0,250
1.2962933493783122,0.49254129049333056,0.16308446703273147,0.2006305910192718,0.07980430423206096,0.09995736482539325,0,250
1.358132311650385,0.510350514068977,0.08484938421713734,0.1902309494844089,0.07182980000249542,0.10387783473177094,0,250
1.098720381936349,0.5471716296266511,0.18092100466086178,0.18224373854521878,0.07795721763207895,0.10075051187474328,0,250
1.0717772097918272,0.5593219633121559,0.25356548124283446,0.2299671834644096,0.09523791521526859,0.10716196001901271,0,250
1.0619933357387454,0.5654980551877623,0.11713895137295055,0.1582486070649457,0.06905012727797745,0.08884960310366036,0,250
1.0092718122763038,0.5235898393168152,0.10883209193532163,0.19604456891303085,0.09205935727122683,0.12721528439260316,0,250
0.6332132745267903,0.695630666144051,0.28482579996693796,0.18291241794980403,0.0895461612105632,0.11112874861901036,0,250
0.8670673287435188,0.6346236409185982,0.24658288086324487,0.16424986750653134,0.07481568803428797,0.08364590815893033,0,250
1.0229502927934293,0.5626108607046253,0.2246098133677819,0.16975412943896975,0.07763319451103627,0.0921865557544087,0,250
0.7175741816953455,0.7010807886268359,0.3921602554827932,0.22276655401682052,0.09605982571006819,0.09115374700617404,0,250
1.0565687393166643,0.5948336453672141,0.16576252197039773,0.1633645974524929,0.06803782932452931,0.07991717128552031,0,250
1.0104842525434452,0.6173005146500911,0.2522587296818534,0.1870318439644648,0.0769780042043257,0.09123377183233015,0,250
1.0473754621734273,0.5889799791607749,0.15891783920204097,0.23411324946332965,0.09724672068236577,0.15037279134843615,0,250
0.9425230666272826,0.6333196838963857,0.16350106734657094,0.1559845754685838,0.06559547142736366,0.07598042654423613,0,250
0.9699034697130106,0.5751160468019861,0.04008625119903388,0.1699631625786481,0.07745020474109182,0.10987065885610912,0,250
0.9354096811474539,0.6231698259436764,0.1988766006258739,0.15911343075194045,0.06855982774722306,0.07575105904418772,0,250
1.171960844510889,0.4880005947218255,0.11965258375745302,0.17973108281578723,0.08149185973562954,0.11553838826801692,0,250
1.3089771095257032,0.4702438955432539,0.07569917711758409,0.22811763984165465,0.0922824806525204,0.15502705361100347,0,250
0.8937437855014643,0.5785309575709024,0.13463483647968058,0.15795480633550124,0.07676726943062145,0.08728250430640025,0,250
1.281865032695048,0.5646821536217969,0.14228386780324567,0.20317926048822157,0.07186518416411361,0.09032441370969502,0,250
1.3835224921062461,0.37738694514953663,0.005648478669001974,0.20188420717227099,0.0889356914269019,0.1667548605415009,0,250
1.2263817268223771,0.48505273867837956,0.05336728386743318,0.18238943643770114,0.07861776189389522,0.1270374813543714,0,250
1.1634290162828365,0.47788030051222335,0.10984190236807884,0.16844528313043636,0.07615921221669684,0.10228878528852717,0,250
0.8080052603984451,0.6488540376309793,0.29185719167766544,0.18799719787974606,0.08578260552098396,0.1014980886450358,0,250
0.9036380891515989,0.6675464645900223,0.1990454247000025,0.1537552892237086,0.06264330106765927,0.06749994723309201,0,250
1.0079725441660625,0.6052962221747665,0.28222950510578343,0.2278243457265762,0.09334447740506215,0.11383197294791278,0,250
1.328366310754622,0.5259669635218743,0.08787488001805882,0.20790427462929276,0.07657438145325351,0.11265318885255404,0,250
0.7530683489532651,0.6563055569652867,0.10050632557806104,0.12427315633636489,0.060106284239090674,0.06402954017273561,0,250
0.9187572317150727,0.6055122834151189,0.15877041796573182,0.1659778285859738,0.07441950468407102,0.08171443050211713,0,250
1.1215257820274134,0.5425606018298317,0.29295253072831523,0.20422635281148027,0.09016702994606418,0.11070958621386938,0,250
1.174005599723834,0.5406586439988675,0.07572413721651197,0.17400275652426217,0.06994212700224178,0.09585942814413805,0,250
0.8191560795808627,0.6809202145816036,0.2824777895515328,0.196692345960344,0.0815541907890233,0.0879659499871993,0,250
1.1038156942699415,0.4994830249550423,4.998137597587683e-7,0.10556118331477561,0.04982463700807454,9.714084823392856e-4,0,250
1.3490396962631166,0.48053244723649735,0.20605457523280205,0.22681088645809885,0.09102253167722864,0.13402690898905117,0,250
1.1389611883679676,0.5300337428777457,0.045554224560397615,0.16632590722936594,0.07128875002315029,0.10291604350302717,0,250
1.2610051930073414,0.5143772292432895,0.09271187761674149,0.17672182452677498,0.0706042281783481,0.09794716819023341,0,250
0.9672178966079648,0.6045037569760141,0.2956379179917111,0.21320206169927763,0.09095777853036509,0.10423917250568886,0,250
0.9985814951028353,0.6339447905719117,0.21841701001722458,0.16683932327668555,0.06767344347096704,0.07418076827852908,0,250
0.4903569024066005,0.792547654092405,0.4865553062444954,0.1829176574003189,0.08275424896566408,0.08138463757381809,0,250
0.8377654598725457,0.6233809127950014,0.3112259670286063,0.20490765496111424,0.09587301209416407,0.10576699492353205,0,250
0.7071684420800041,0.7153036100617379,0.2761789233368738,0.15967939989700375,0.07005555976296493,0.0734598613253025,0,250
0.8308123628608934,0.6938090494812684,0.16808762511661438,0.14329617779577503,0.05827155959076672,0.06063563269055162,0,250
1.1190621011005009,0.5331443190790002,0.0014154348798254307,0.12446616526973299,0.054339939362384876,0.05910999204067543,0,250
0.9746864894979596,0.5887479065095693,0.15746402834943382,0.18173956514434006,0.07930034923554757,0.09755054958903028,0,250
0.9689804662109462,0.5295004598442553,0.11786854705041079,0.15291395995162532,0.07564530612330785,0.09607962747913246,0,250
0.9802296647007527,0.6249903532247687,0.13448900448714599,0.18015507946925827,0.07243504458626071,0.09044544550242867,0,250
1.1610210843332307,0.5197673313075623,0.07441169826629099,0.22556015904316964,0.09577336538819359,0.16037306131312157,0,250
0.876966417655594,0.626337139601047,0.20084212509864663,0.18845834991589278,0.08419846232712468,0.10298803854433393,0,250
1.001430700884302,0.613718345283507,0.24541203943882758,0.1638971465993582,0.06928193481711499,0.06972919760321948,0,250
1.1578336262937783,0.5053341419357864,0.0657288280193412,0.16347757885550668,0.07255283565277476,0.10733884960604968,0,250
1.043052998790515,0.5458524505526726,0.25427291427983234,0.1930444338637101,0.08985233319115665,0.11590357686770708,0,250
0.8606352241905315,0.631117166351179,0.26312466483316627,0.19643288939327222,0.08760279950011755,0.09870255501309248,0,250
0.8497907501677406,0.6396285148927623,0.14135900712643762,0.15560103203085263,0.06890835189240598,0.07726780884556803,0,250
0.8630226341459709,0.6469441083297023,0.2056019950037049,0.17906810060558523,0.07714680854457442,0.09582481978646007,0,250
0.9774677647878043,0.548150519695647,0.12280594317192595,0.1547842353421471,0.07451148555005198,0.09542872383987305,0,250
0.8751959327991495,0.6665520937262615,0.2643228043039218,0.18113584097743524,0.07406567153003249,0.07783441868050892,0,250
1.5371947892902922,0.4340330198802058,0.12243855439007016,0.2040743749624286,0.07660695854116732,0.10946634972375346,0,250
0.7782858487188562,0.7080782182950608,0.2996079853888821,0.19573659357498585,0.07998013844562976,0.09224577459880737,0,250
0.9892676166697068,0.6001413473946067,0.08439902577448918,0.14721684719574527,0.06275643318302865,0.07427504293836439,0,250
1.145932557206876,0.5689560268366092,0.15468177939155647,0.17402047906231713,0.07000471152477758,0.0902963737170337,0,250
0.9396830307720614,0.575608503740102,0.2204769918428903,0.18152865465447018,0.0847190136571732,0.10107493619113884,0,250
1.1151960391538949,0.527066630470293,0.07777656168700309,0.17218905191215692,0.07598181693800445,0.10040211676092678,0,250
0.9993878830920504,0.5969460173862436,0.3526971401473733,0.24831778360838969,0.10441302503053194,0.12619741442111093,0,250
1.0354058099309835,0.5747522060883552,0.18849964844398337,0.17601977688499407,0.07590221078521737,0.09031125151179903,0,250
0.8571508528252422,0.6441070528367034,0.38825669759612014,0.23257190033829078,0.09947697440428015,0.10654332619242603,0,250
0.7074168003500286,0.7162809245065248,0.32875017499319104,0.17990996358757347,0.07794609867353615,0.07937778903463458,0,250
1.0640592274239875,0.5881788431127641,0.3244303222471891,0.2652483711130031,0.1035991307451941,0.1023042854837924,0,250
0.8857318029155384,0.6480115077846337,0.3309512335337244,0.1908733853764377,0.0816757415319167,0.08329189637340305,0,250
0.3850303974645449,0.8323297758129233,0.42930428087133565,0.14039560186259983,0.06813310375157597,0.07427190704382612,0,250
0.9046817802755308,0.6620847857995291,0.23163055582498393,0.16609259473304358,0.06718495578925332,0.07032135833767195,0,250
0.8766145316982634,0.5946015553029661,0.3788070060372857,0.1876930310534667,0.09150150000601932,0.08135369234182568,0,250
0.9541564092268676,0.649097987270538,0.2073602022738758,0.2030214845151105,0.07787540919211858,0.08151299111581847,0,250
1.1574554218895599,0.5410652114159512,0.05967967105503371,0.1899339682362887,0.07591254192974967,0.10848661708607733,0,250
1.0283904166315117,0.5595948093556996,0.11069199517236593,0.15656727314011096,0.07022561217218103,0.08867189424074114,0,250
1.0814851865066932,0.5596257511018999,0.25987580376778613,0.23529257224840294,0.0975478941966079,0.11864433519750346,0,250
0.9535361692649426,0.6254060020059862,0.12486575210862959,0.1585486878632592,0.06557860256304644,0.0725829689495045,0,250
1.2057622419532206,0.5096814935373076,0.2091005449946682,0.17898562565201379,0.07625272430303551,0.08989355627113238,0,250
0.8890172781826976,0.6776751074092391,0.18975494048152994,0.1448607731694094,0.05844336911550756,0.059488647509785386,0,250
1.1880534880146323,0.5668332803316615,0.057364689742238226,0.1730264621934396,0.06630476451062602,0.08502317625045173,0,250
0.8416851459727056,0.6657153672898922,0.1604209023735762,0.1619416832577713,0.06908142877968802,0.07944355073107641,0,250
0.9283624321789278,0.6468639397468159,0.20771520420213824,0.1731929371141326,0.07154134602349055,0.0698344161520012,0,250
1.0878782795946376,0.6244733716782715,0.10039308258755916,0.15742931040979052,0.05884024887017573,0.06857534576681884,0,250
1.2911627398275647,0.5064001009490423,0.1178700478287695,0.22053295820001265,0.08561593183031367,0.12456207062887836,0,250
0.5949557967137575,0.762070510182807,0.34418751949648513,0.17769858666031385,0.07671591835443972,0.08125393231009441,0,250
0.7033791580666959,0.6637303548045322,0.33739838878288225,0.18406043056314972,0.09351323845193094,0.09565197097677236,0,250
1.1730992588636764,0.5741363572539346,0.18783807376526937,0.2219950250921489,0.08336351670332844,0.10184440053053773,0,250
0.7839514430751309,0.645812426751846,0.11155299209883772,0.12022405375339017,0.06068049195686221,0.06419031582556547,0,250
1.3498171012660247,0.47944331157765424,0.09921663919647979,0.19100948888262764,0.0750472334450452,0.10563977492465099,0,250
0.9684706319416018,0.5926812802475446,0.13353584235992627,0.14478328971821114,0.06545428385907913,0.07409481453378769,0,250
1.204471203121485,0.5088232423814957,0.1259851321563977,0.16386729568288852,0.07000745618477663,0.08722421799202605,0,250
0.6364382614227385,0.7469970812963996,0.3186358093020164,0.14014712112772534,0.06382715453829355,0.06502049157370714,0,250
0.9917362298309343,0.6364670565026035,0.22319407720489218,0.196223031338726,0.07635251581733406,0.08663261644109897,0,250
0.9906425742280539,0.58859096675686,0.21022612103505506,0.19361386231842867,0.0839229230844637,0.09627180187140004,0,250
0.9872095780751197,0.6428207228913001,0.16248753141258418,0.15270547489073166,0.06088059824658403,0.07004996102249045,0,250
1.1454800796864855,0.5066509842422259,0.006100386189305577,0.12980880113929108,0.05835223775646249,0.0747222642423755,0,250
1.1799193315865713,0.5521171221712,0.11881253179136347,0.159667963250411,0.06473702784645267,0.07715334570465998,0,250
1.2076859358569196,0.4948155560044399,7.318673106966598e-7,0.10527540552757676,0.04599047017390554,2.556665931603182e-4,0,250
0.7110159539156158,0.7028762888454453,0.27451658482853786,0.15507238300179846,0.07153650157158391,0.0721818819026237,0,250
0.8209968850727666,0.5947170444302514,0.27545186625250034,0.17937566844460331,0.09174156350702314,0.09825432244774192,0,250
1.037796034033957,0.5979976420512165,0.09616432735372964,0.17583730384762317,0.0700452603418812,0.0857742258781498,0,250
0.8610141808719612,0.6729909981325222,0.2623641470916869,0.17651095684628493,0.07302093991847182,0.08010192731990548,0,250
1.0506218049084541,0.535934796215003,0.158872405319311,0.1850399201930594,0.08288705154031664,0.1138137060901283,0,250
0.8229414985147671,0.7145450112087733,0.2828063283377925,0.17526313881629457,0.06698408331160445,0.07113694691403723,0,250
0.9018340226772221,0.6557929178240257,0.2911883933755544,0.203502110287651,0.08181257297225211,0.08710722558837024,0,250
1.1871840080611797,0.5376187624804162,0.2569806887842522,0.23395435381655594,0.0927171836555424,0.10474464842342569,0,250
1.0314224864804533,0.6303202841149679,0.2697035398038951,0.1947532548865177,0.07548687323668161,0.08446503538335932,0,250
0.9071061628593614,0.6779488448706635,0.09592838805803712,0.14350359130503765,0.05752649621211451,0.06890285596479506,0,250
1.2698916019809527,0.5341030647670207,0.15636836873799428,0.20097347733740276,0.07591247057491421,0.09786490916853402,0,250
1.001701177971933,0.5820195170506735,0.10679205368170135,0.1437024031084189,0.06390787517977972,0.07302380652036479,0,250
1.1503287521978565,0.5220164292936638,0.13671939785883838,0.2138988534551529,0.08731076917427849,0.12179180840052709,0,250
1.12561274074193,0.5208825044682581,0.22666446946208238,0.21787801925537365,0.09319650234722819,0.11336409971957294,0,250
0.8479678960152394,0.6697023954860228,0.14618686119639374,0.14967008683743246,0.06297088518154081,0.06953630975288692,0,250
1.0958667826298705,0.49947573235672565,0.35155760563832583,0.35129891597380597,0.16008541221730374,0.22459826484503057,0,250
1.00554324172506,0.5785148418420452,0.25933181101890873,0.21197618551792927,0.09227573916528252,0.10296527563879121,0,250
0.9138311919763629,0.6579335598255207,0.315738012811602,0.21208972092523978,0.08475350153954925,0.09710710598892079,0,250
0.8378895773356465,0.6831991517983018,0.35003447137018007,0.1756503435081955,0.0752530296617964,0.07428034040306125,0,250
0.9013219342566314,0.5924166975779485,0.16043467624938262,0.16145217555021008,0.07674348032399761,0.08922910042251016,0,250
1.1351824581709014,0.5337673692330054,0.14438298699008592,0.20450362299239816,0.08547109085498514,0.11794699591308096,0,250
0.9913477934344801,0.552520291385691,0.20406905488913848,0.20950814614492297,0.09751352071098071,0.13550531234450208,0,250
1.0112819882483082,0.582975515077921,0.2473048571528883,0.16377816543794899,0.07547172416206115,0.08481044028385043,0,250
0.9986302440713243,0.6183296611136816,0.13857356281077657,0.16258061401402693,0.06813230819780673,0.08907738184424095,0,250
0.9149105980953716,0.6669130972459193,0.27505134225098576,0.17428455756997902,0.06946711570334085,0.07103874465263316,0,250
1.0319353184522275,0.5822699840522615,0.18601389028091309,0.18617763080753866,0.07797102064633214,0.09733583402013543,0,250
1.2602222418560527,0.5421385334737622,0.09416853809699259,0.1946256180154842,0.07524497868383412,0.11394226926077951,0,250
0.887208664161409,0.6343868138484285,0.2486643541250748,0.1739387463729541,0.07671905023741116,0.08456668150339162,0,250
0.785426379607567,0.6661989660848494,0.31007324552720517,0.19236921251019182,0.08650096329706851,0.09282255109091919,0,250
0.8232124574410299,0.6392985980936189,0.307466594203135,0.2647494493026128,0.11673406647240923,0.1365745434334966,0,250
0.772284128534232,0.6076911108365814,0.32579435003502927,0.21864097509640423,0.11153596790885033,0.1316755914009536,0,250
1.067751978786252,0.5599985127924638,0.14606149325299955,0.17654404717612848,0.0769117034617764,0.1041857258349074,0,250
0.9369536450986995,0.6151454500157362,0.1935632573003147,0.16416342144805374,0.07233529857304828,0.0815348122717872,0,250
0.9743352696836274,0.593855268254156,0.22343355861671158,0.21957526220286494,0.09214332642792278,0.11087175437619873,0,250
1.0978558165786723,0.5446048325966599,1.9774382940604147e-6,0.10398820606844984,0.0458637854863845,7.056545817556808e-4,0,250
0.8771324525140402,0.642944323850857,0.13724231533143472,0.1531460537608453,0.06512088472621592,0.07598360099848357,0,250
1.006836494716641,0.5966594958075343,8.892525786012343e-8,0.09300162746896358,0.0413631699895905,NA,0,250
1.1523972341003943,0.5883172793962211,0.2597034567059039,0.20724868132543176,0.0797021362703779,0.0943001377779133,0,250
1.2522956401857184,0.46694424060694123,0.00640753676850476,0.15899112665254012,0.06771053637798774,0.0942336063142688,0,250
1.1884667830453957,0.5321987139800756,0.04676673321879877,0.1908089061483978,0.07508085481439068,0.10180397193196543,0,250
0.7563858382042612,0.6850307106488902,0.1973357344134724,0.16937572532591055,0.07387915465803775,0.08494529066598239,0,250
1.0816232230755398,0.545810424332447,0.10776822710441337,0.20037150744193957,0.08451042612769805,0.11149731111088015,0,250
0.8521017569212559,0.6143660746259495,0.16706181902520356,0.14901687997482627,0.07103694914734107,0.08249091314417321,0,250
1.2653621222924065,0.4636136981080827,0.07248684074635614,0.188101347516939,0.07971187099425824,0.11917156997834068,0,250
0.9524918576133725,0.5767574385930996,0.2850784379124058,0.210523300557658,0.09618411283558562,0.11244946129785877,0,250
0.7144918694955497,0.7282018904025096,0.22351616303572427,0.13795204831609878,0.05911860527122337,0.061339561057422935,0,250
0.8522181896792405,0.6624690560777645,0.2608774564024393,0.1779977311524596,0.07535908611442593,0.07633354305710052,0,250
0.9582168333542846,0.5828717365979227,0.18170699048692954,0.18279965472435408,0.08272477437238453,0.1005021232842426,0,250
0.8367887812542321,0.667277265637537,0.2750988212701954,0.16582663725345984,0.07311548652260035,0.07655362364308023,0,250
1.1435577459775177,0.5677790166178174,0.2065729875938736,0.22000813883512854,0.08439122475985053,0.10413433618720541,0,250
0.9519554150478259,0.6533966577467282,0.18990991955444572,0.1585636887369367,0.0644422455500938,0.07529190911966481,0,250
0.9648961294685796,0.6055973676131844,0.23436894586432455,0.17705852532235392,0.07692882683429997,0.0855713153638175,0,250
1.0403179949498724,0.6202431137014082,0.20815418654098905,0.21445598979147418,0.08361848236092259,0.11468195085401771,0,250
1.193439278458705,0.5155930759644349,6.603652070680396e-8,0.10421992569567878,0.044925610131112244,NA,0,250
1.2278076600207408,0.5107564200404532,0.0713465647984285,0.1878864284966497,0.07699282144315096,0.11420259303185232,0,250
0.9769188268486639,0.5681414270559263,0.18757133438738138,0.15988404443337373,0.07449278023547785,0.08597396559700757,0,250
0.9777269425011518,0.5542766577189294,0.15720729392909794,0.18116839254250303,0.08510137142591886,0.11368158494462599,0,250
0.816277257061674,0.6923516130557692,0.22452177313121452,0.1460583274993163,0.06150982618643243,0.06103344959541182,0,250
1.0946987905395007,0.5746019193626092,0.16401344373916524,0.20124825534529853,0.08023764895413127,0.09514276812323379,0,250
0.7451700726595604,0.6693462826654679,0.34292714480165104,0.17555710210093212,0.08235515505652881,0.08399739655933497,0,250
1.2969951429404318,0.4865738275180617,0.041619347405811684,0.2087880776320048,0.08259647609091322,0.12571001496643713,0,250
0.861380071749434,0.6372953718176808,0.19333019151872552,0.15674224342436782,0.07038317656904922,0.0774715965037922,0,250
1.13242514003724,0.5259761229238413,0.3032528311133731,0.2276461961707442,0.09827054131034073,0.11174792744225684,0,250
1.1206353413299952,0.4866008170181672,0.08991912984865273,0.16115584532135696,0.07571164525997126,0.10439785910914552,0,250
0.5518097654602846,0.7570986240406294,0.40927585123064425,0.18646912613786243,0.08514004122145556,0.0863939351386599,0,250
0.7738825015853386,0.6914658333159807,0.1691358175109556,0.13569297895123542,0.060505892107757336,0.06874728223564021,0,250
1.2194988849364228,0.5376709414432902,0.20089603330171318,0.20269684325817072,0.0822256180116753,0.10706645532333994,0,250
0.8651844789170686,0.6912201547477427,0.16817117686883531,0.1422825774007579,0.05734945168129561,0.06438300391669849,0,250
0.923217625671512,0.6366537156008708,0.25008548090560667,0.1760216195253534,0.07486310839180689,0.0847917910875453,0,250
0.7438552738132777,0.652617055055085,0.299734654462125,0.19789096536726805,0.09578969666032779,0.11373805409417115,0,250
1.2456003924687504,0.49397115709075257,0.14803120382993493,0.16625939773445564,0.07229179993161952,0.09604956246123147,0,250
0.9910860114944148,0.5911344169349282,0.1628077519879091,0.16517327129932596,0.0733575552647022,0.09050574471172376,0,250
1.0820611267154339,0.5933241936278545,0.09668654248977934,0.16838748130765607,0.06817065438172347,0.09198857358726338,0,250
0.8772779755921614,0.5922309537841033,0.21810812987899192,0.14629747414112115,0.07408282032746029,0.08552998079326722,0,250
1.1239665470432179,0.5490891130702025,0.08475404637969543,0.16884378557906038,0.07097944729597662,0.09732132752882128,0,250
1.112982088401321,0.526792625071508,0.1744948694521308,0.17166045110443898,0.07693138663866728,0.0998401522050531,0,250
1.1556135469702087,0.5598082582393511,0.3120883901510686,0.21294431539231695,0.08650291068462965,0.09622271005198267,0,250
0.9232541126595484,0.6641975208583125,0.14644652524302038,0.16238268702482958,0.06543663384837987,0.07812856976990094,0,250
0.6773044203423181,0.683997760770639,0.27974531570459155,0.1506731629359513,0.07710184187998803,0.07833656050885199,0,250
1.2993612667421575,0.5363526117982744,0.004447216482541028,0.16428493633473798,0.06068933701995853,0.07698706080538796,0,250
1.0061276246968,0.604872711073054,0.2064319955917816,0.20348894924081995,0.08358893778358499,0.09764009886945524,0,250
0.7915714258775006,0.6850496336898656,0.3376754185035005,0.19302736028045053,0.08449125972064044,0.08814006983871119,0,250
0.7549851386730707,0.6875513712958464,0.32788922778028884,0.17306999338571355,0.07822715504368234,0.07648688046891036,0,250
1.171428774612014,0.5866480689582628,0.15385438569069254,0.19586149081274729,0.07329276899035077,0.09349040029844055,0,250
1.0755436412630195,0.5423841985687411,0.2739584016167269,0.22514717325086459,0.09809933853159399,0.12227030596254745,0,250
1.0062321360506978,0.4908757674259819,0.4258907326676184,0.27141528179434565,0.13721014795891565,0.17522468411067788,0,250
0.8908868039036283,0.585312260949655,0.2671164050031569,0.23018689725796604,0.10789540286606365,0.13225387024787064,0,250
0.9907980513367282,0.6086987981031543,0.20450638380062655,0.200555016262527,0.08170850023801113,0.09425438831144718,0,250
1.0308994235066784,0.6071830127659836,0.35129910268384273,0.249254816443775,0.09909899772738127,0.11153735933935326,0,250
0.8301019922996062,0.6165976180189032,0.2828124933116591,0.14909119021774003,0.07565721230692135,0.07753442303550666,0,250
0.8741660286686671,0.641318895910146,0.18023457317796127,0.15514242711860474,0.06770046902078962,0.07360782320995758,0,250
1.067259510550813,0.5630039513674286,0.17581822310122053,0.16952424270086627,0.07316863456313831,0.09551524260908076,0,250
1.045604345670689,0.5484661040633159,0.24139696091627363,0.22557041049150606,0.09823994805795078,0.11807256301101278,0,250
1.2204314102203273,0.5370725613606316,0.3286258091527691,0.27692722759065325,0.10796648954833725,0.14318875698495862,0,250
1.061051076354661,0.5257761807936354,1.9634864173223563e-6,0.0953846546369117,0.045301120529636536,6.660172285252656e-4,0,250
0.9731460731245313,0.6212409481085118,0.3811743212179913,0.25095541681591627,0.10175103111959555,0.10827557349738776,0,250
1.0682649400752424,0.5611895783058883,0.028883000097635756,0.1529270025721951,0.06475362943246589,0.08752623989929662,0,250
1.3804066990548092,0.49498205715428817,0.03409694679720227,0.17993365070472636,0.06889228535334106,0.1080711312019496,0,250
1.03197540183373,0.6133977578236904,0.1632616896630375,0.17680698380770818,0.0700737865924599,0.08372951538522923,0,250
0.9927105312219674,0.5782974205447913,0.3552604646820695,0.23557348464190034,0.10434514290959132,0.11839892449212067,0,250
0.944209604531204,0.6419329396380085,0.17499554113779542,0.1388930389682008,0.0593954677727509,0.06253385004258005,0,250
1.1890120319826465,0.5484834870173596,0.05746741457510877,0.21630140431851227,0.08341598295133812,0.12085494308416196,0,250
1.100439933626046,0.6253600619927314,0.18717967090888923,0.22124962605566575,0.07855364133257497,0.10051816108351368,0,250
1.128499355565071,0.48189678143194287,0.05746840296603167,0.14688588996350058,0.06838117360051464,0.08864890957034052,0,250
1.2890180788165502,0.46505193455856053,0.033817334899435,0.18922952599502524,0.07907036747152162,0.12868702338125437,0,250
0.7896890168349462,0.6984475687750632,0.25941829532810123,0.1569601787519577,0.06638389175304284,0.06697337606403168,0,250
1.153894543147256,0.5673625293095036,0.27860669269435917,0.22066160269726934,0.08702989792989564,0.10318597494064995,0,250
0.9520950322276301,0.6931937252971633,0.23334871450523373,0.21337451062929277,0.0737229295740784,0.08382411243254617,0,250
1.183457010532086,0.5459567169499338,0.14220156079836946,0.21810270445743196,0.08756431733852381,0.11912443438765252,0,250
0.7872550317257353,0.6692429801930873,0.11674445437153763,0.14891337438273275,0.06677745643543756,0.08010301975748908,0,250
1.0594168013267045,0.5382855127759121,0.20043608336505933,0.1920655128635832,0.08707127741895382,0.11789528585248867,0,250
0.9415161560176152,0.6054211570505796,0.21348023910567376,0.16206018233129746,0.07264734523303319,0.08330929514733548,0,250
1.0605842153063962,0.5609406808404919,0.08134369582327598,0.1611259976550244,0.06991155391309237,0.0850408835415395,0,250
0.9242318972342412,0.6210556509817189,0.2270028078593365,0.15521036622611764,0.06825168344213688,0.07735929193498146,0,250
0.8357560625082506,0.6697125731877595,0.2081387092087532,0.1520003956703811,0.0659292838058522,0.07088928669934756,0,250
0.8244687390716343,0.6147433856945884,0.12895343233167197,0.15134977923368348,0.07326905813627238,0.08441088187716712,0,250
0.8708214036867502,0.6082751729267029,0.18468021069437454,0.1495917481121665,0.07177805230628759,0.0912144191073053,0,250
1.1397702188554415,0.5194313527766625,1.2024475372847639e-6,0.10630349805989085,0.04692429934065718,8.928985950603694e-4,0,250
1.3522622693176294,0.4832472140925822,0.029309915734008568,0.2365688140298103,0.08851166668284845,0.1426684858060279,0,250
0.9522900708584782,0.6468269297867855,0.30951039829748145,0.26063056764986764,0.09909878425803081,0.12007162744227251,0,250
0.9469931630441307,0.5842737121086417,0.23487855166406482,0.19716536201649978,0.08783550233483554,0.11694112723819075,0,250
0.6105181801810166,0.7400658970560166,0.5167299051722142,0.27355262955133597,0.11919850119148641,0.11049262054320584,0,250
0.5111476962256689,0.7913830874733493,0.3769893212493793,0.14690913807248387,0.06756715587469132,0.07241657494567415,0,250
0.6771899789788532,0.695358645667635,0.22318159848236035,0.14938150586125507,0.07333857969338035,0.08796588659354719,0,250
0.9966464116693055,0.6456840397516065,0.13954683060026551,0.1531371447365605,0.05931429371123245,0.06398882962077367,0,250
1.0713995313893374,0.5713346877859571,0.16349797656494483,0.21609198330399101,0.08832339906759876,0.11429583891190936,0,250
1.1750039461443735,0.5135211549591436,8.831688531548617e-6,0.1118630117217185,0.04845550947573802,0.0036639958712601974,0,250
1.1763869013561987,0.5221931959979947,0.02697416615912941,0.1716759771322824,0.07090544633753927,0.09675279380301822,0,250
1.164877099342694,0.5414696679075325,0.20378216275609135,0.20449691562619926,0.08215238393283483,0.11137658979531434,0,250
1.0188003690846419,0.6001903957946316,0.20874627724550082,0.1795051618440565,0.07466499665653581,0.08171089269583373,0,250
1.1245702380856943,0.5523431666966653,0.28888170113264156,0.2055291510748521,0.08759167601642937,0.10458032745074526,0,250
1.1170008717965687,0.5759095384089736,0.1895298329382884,0.16933131989021663,0.06890486147034591,0.08342802892350332,0,250
1.2287527839446395,0.503054785204608,3.379102801035117e-7,0.10917146412094399,0.046369761007432675,3.983692391121137e-4,0,250
0.9091541042220386,0.6053486223953473,0.16380291553139442,0.14454291289341975,0.06774901448415534,0.07671378884717094,0,250
1.1023233784666944,0.5785250348029527,0.10044453709344707,0.16473182798938157,0.06704577428476458,0.07787343758817636,0,250
0.9195525539914478,0.62333652257099,0.24958346949765517,0.17439273434697405,0.07636404071779868,0.08271143356770379,0,250
1.0935962407585509,0.5679749517933481,0.21551387719658546,0.21661091928268458,0.0896768997510498,0.1178442500030005,0,250
1.025924634647258,0.5759999243156677,0.3007361447910965,0.2869381021205654,0.12085759300576407,0.16634259576804006,0,250
1.1668389591697925,0.5543300020576717,0.13006734476192125,0.22419783790056538,0.08612668349467177,0.10788629867778346,0,250
1.1541784231855146,0.5047574594528524,0.1101560521917124,0.17632896244716237,0.07730896700736394,0.1049591974127615,0,250
1.0526984608609689,0.577462189338848,1.6919566460511757e-4,0.10072352170643872,0.04471123780601471,0.03440946675329461,0,250
1.0924074516393096,0.574529914831185,0.10473819423875846,0.18643853258924564,0.07627233643612757,0.10623311861523999,0,250
0.8438061826095679,0.6763011990058166,0.2203346690505296,0.17223515936114492,0.0720389201502825,0.0865566913529067,0,250
1.3241462699406787,0.48538336843504937,0.30250149394352127,0.2922585263978023,0.11397265465502898,0.15576637203128324,0,250
0.8599277802753059,0.6607456392563686,0.2024108905236928,0.16547794806915755,0.06979327840867178,0.07745147071439532,0,250
1.1340283372818414,0.5284533293585152,0.078385227623755,0.19221022163117077,0.08028601075634348,0.10585360809120024,0,250
1.1541485079097382,0.5184617126596013,0.14992590942760198,0.20085420690568903,0.08445612918672118,0.10865030845984872,0,250
0.7465171878993335,0.6826979174916075,0.25158726029408535,0.150107731292222,0.06949946795011012,0.07225683402234706,0,250
1.34120969047419,0.4576648055553959,0.030183713138482164,0.19944408357814405,0.07960502409894683,0.1115479455764187,0,250
