tau,kappa,beta,psi,tau_se,kappa_se,beta_se,psi_se,convergence,length
1.3633481191933405,0.48318569313210674,0.11822088256488258,0.31657895806168235,0.16888561956079834,0.05820908832428577,0.08330360023753774,0.1819112544503122,0,500
0.8738443907367045,0.6535391865517561,0.29114977444052637,0.5002250568521124,0.16102709961408582,0.059683266252464603,0.06759837741275632,0.2991768265645436,0,500
1.023005028167886,0.6257056061804688,0.19048551646061088,0.795277102975511,0.15779714885009527,0.05164482147065158,0.0603691836362077,0.3200036837045196,0,500
0.8727415374351464,0.6007472611304595,0.2217673021651073,0.5509821478194232,0.1369115733725398,0.05677693928112431,0.06788028729360049,0.27535889774682604,0,500
1.0579008649391464,0.5733750707690675,0.13154740380825677,0.8568844772679701,0.19237881293174564,0.06184572838113987,0.07219919317767153,0.4251895122730888,0,500
0.7265452629742183,0.7023097889438364,0.23139186829939856,0.9296730055328681,0.1341722513265522,0.0497582203519042,0.05893878259102715,0.41255967761405765,0,500
0.9812197121518754,0.6407725819769253,0.1643634858062677,0.7065906225794825,0.1574487117082894,0.05270468316273169,0.06723945336639046,0.3085416843209165,0,500
1.0939292981955038,0.5355651675069061,0.1544784357678813,0.5664707754607458,0.1462635731806212,0.05517885470525125,0.07061736272611228,0.2404108097861058,0,500
0.9631941024914332,0.6160927597252529,0.0853962449364562,0.8381137429709721,0.13911337726035017,0.04817806339187695,0.06036209906022331,0.3147501140139395,0,500
1.2407395128271983,0.5571825907475926,0.1351723631180147,0.8187362473913697,0.17267534412660637,0.0562626678607328,0.08021838980062683,0.2779087657587633,0,500
0.931586017461233,0.6348535431652501,0.15507239689820598,0.8921464676025279,0.2038049213051127,0.06404381488938546,0.07233198093596988,0.5222146684477664,0,500
0.9752561075079852,0.59371335382967,0.17959744790177526,0.7438222001024863,0.14157542095756806,0.05244548151663757,0.061737122295371004,0.2953786052639074,0,500
1.217314945781279,0.5266814481930474,0.17773806269282305,0.5404256299529911,0.16469219102593854,0.05832866341455834,0.07854140693697577,0.22994297087229723,0,500
1.0187505340725604,0.5957723723344989,0.17343970297818462,0.8657814943638817,0.15685080598323498,0.05577496964500362,0.07601518543278057,0.31798509421327953,0,500
1.270649309135022,0.4888793585045713,0.11631370379441092,0.2794837490142543,0.15823652981078898,0.057991252023323295,0.08203093025287246,0.1794778474473452,0,500
1.0385146750467187,0.5788694561067731,0.13868404094478656,0.5168997496553738,0.1468799558314345,0.05351762325360557,0.06730220413535673,0.2483848909538248,0,500
0.8744253439569241,0.6582597777063388,0.17576334918799016,0.9999735525466965,0.08638730272112653,0.04103401539742106,0.06138205250177869,0.00433036568849962,0,500
1.1098173487611576,0.5611294303824271,0.1535271848395546,0.4713037374717531,0.15313281075165341,0.05519204072186225,0.0689538496753206,0.23289155610965984,0,500
1.1009906195641663,0.5815071765983043,0.11707788715460908,0.7053760713686005,0.15050407134816413,0.05058620778204145,0.06268134232092364,0.27492153919515444,0,500
1.312901807941161,0.4955154924910498,0.1847395918690116,0.46644115079643994,0.18283711195693747,0.0651222803448928,0.10153574249701693,0.20867289421069043,0,500
0.9764566392144308,0.5971653019487985,0.22681572839807554,0.6081947870523551,0.15630200530390562,0.05919706547590762,0.07637488051999204,0.27900857692642517,0,500
0.9286927843814101,0.6299908156859808,0.27477744824997524,0.6951792163229449,0.1538337987729918,0.057225165418596326,0.0661980907659967,0.31053843471294645,0,500
1.0699433057984151,0.5624296955136127,0.16384295529788645,0.7917700730133862,0.15388896292000132,0.055804954843402255,0.08025461107807831,0.28422226556639574,0,500
1.0185818126219002,0.5883649145019767,0.24775439202840718,0.6392339791290659,0.15444989081377405,0.05674916461185182,0.0639340542175842,0.27981239849841405,0,500
0.9442353896854175,0.6346714261177763,0.23841712993400824,0.5664961893353992,0.15755011663135177,0.05649434467729522,0.0668806457902665,0.2922339891845844,0,500
1.1469677601718054,0.5394924002825161,0.09540258679918047,0.6977824570428496,0.14581954243713768,0.05094883006288386,0.06568381410183435,0.25586596674180406,0,500
0.9972907669120181,0.62124930367568,0.097235082744798,0.7576448069890216,0.23173070052904268,0.06566039534219996,0.05364217677978361,0.5623070219969298,0,500
0.7757337175329068,0.6286322986105118,0.28695235319635826,0.9999863126044146,0.08641765185946072,0.05062461157217577,0.07714469065604358,0.0035012507159017337,0,500
1.207716325861719,0.5188557023272035,0.21720712818947577,0.3450516964336072,0.18981676956880975,0.07173872148318365,0.10951880909226114,0.20203503567370204,0,500
1.085367646130322,0.5863109404228513,0.16807960534712832,0.8992879666131237,0.18285365062217449,0.06040613895687276,0.08194308815316861,0.3656515005625233,0,500
1.1674758047854723,0.5765802787556635,0.110310531886382,0.6321707423472788,0.16537012238214,0.054160883781964486,0.07450135216416282,0.2594148085902677,0,500
0.7639456120573768,0.671211765213142,0.29143171013703933,0.9335884119855019,0.17721825330471105,0.06309122158087116,0.06497204924774325,0.5568927951472664,0,500
0.91107944416802,0.5961752975820815,0.19230962138818403,0.9505685364909303,0.2170894930944172,0.07091674265412605,0.07046810033161341,0.618730379228955,0,500
1.2500496391517921,0.5297017443227725,0.10489674247672418,0.5254855551572907,0.15926572781617382,0.05417814235202757,0.07409631777333296,0.22373309022357946,0,500
1.02628211952474,0.588898882760071,0.15160865357395253,0.5949921632269497,0.14485815308264924,0.05156172593270893,0.059972489866029474,0.2661698190899421,0,500
0.7978015585068476,0.6790413576770664,0.2491143679709019,0.8545019399477033,0.1363712116855164,0.0502921710731923,0.05458533421513527,0.3708911748638872,0,500
0.9244455631498409,0.6174449806312077,0.2083355581515971,0.7164293263270645,0.14215691802102504,0.05279652351042021,0.05994526797880548,0.30690226542764615,0,500
0.9820600034228539,0.5715958926555275,0.20568820127769977,0.8173616759599183,0.14990742838992646,0.059188615226661065,0.08129157833878799,0.3013433158329906,0,500
0.9040497367900878,0.6478698233801232,0.17840050100777494,0.8369867871336725,0.1425540529885857,0.04978249676896894,0.058117312231910155,0.3401337622927011,0,500
1.4719164335676649,0.45726268035844375,0.11658277629685156,0.27307102543179895,0.20473216035100153,0.07093697677957134,0.1288938588784851,0.1681956453640423,0,500
1.0139785896918336,0.6071826395113925,0.24583737922791138,0.6275957920003112,0.1555877839055945,0.055066151909226896,0.059916493908448866,0.28520051899897725,0,500
1.123165423306372,0.5491228017168743,0.09789803061551743,0.5087769621930529,0.15376471348383017,0.055490708323520876,0.07809808556520169,0.23238980407712645,0,500
1.0507401615423697,0.5439365945571542,0.09190377488212205,0.6514720029426142,0.13493515000517703,0.05108942006050591,0.06595795194028002,0.2527792363638869,0,500
0.946025991259493,0.5591942896905557,0.09225162573564147,0.5692726949862159,0.13187993402291964,0.05453411258284892,0.07722891129679506,0.2502460472427745,0,500
1.1156357664237238,0.5400066431316063,0.1433029471254636,0.9150073187198652,0.15290004531561502,0.055992094418587775,0.08231890771401032,0.29140621143634005,0,500
0.9871305860186308,0.5952074125353369,0.013930960732698642,0.8989497109256408,0.13325537023201278,0.04635219745750002,0.06217131101457092,0.3022706836334532,0,500
0.9600940821880587,0.6441048105387914,0.17185506658630792,0.5203636636713582,0.14939405864585864,0.05060486467789375,0.056522893723079524,0.2806967821548219,0,500
1.067512459337408,0.5663347967268236,0.19886905448022835,0.316340601588663,0.1629628880625627,0.06144263092545541,0.07994202039715097,0.21563271039870102,0,500
0.9228273125110226,0.6336392454867701,0.2330176502107999,0.5854841482736914,0.1524175366252236,0.055450367607608624,0.06353995273814667,0.29578213228834677,0,500
1.0090583838372185,0.5954242837122182,0.2132546767583315,0.6299821805931772,0.15428694711039778,0.05626568071631774,0.0681168108455188,0.2792545446733397,0,500
1.2353620151888105,0.5092216592076212,0.20455735742121184,0.4632013338473271,0.17590147248897792,0.06417969055172229,0.09318810600926192,0.21574369197484483,0,500
1.1532055191451447,0.5131615286757355,0.24004721458655823,0.3711623128600303,0.1620131213831077,0.06304309363702086,0.08039103839816837,0.20594177858864465,0,500
1.153430731416697,0.5021884428421889,0.041636922077319255,0.4640694588795693,0.14585634667646372,0.05569088635962859,0.08635132837878617,0.2091017502270092,0,500
1.0894250476918985,0.5488300154283198,0.213807002002698,0.5395894490330787,0.15605507224824725,0.05846774917601639,0.07396663989699118,0.24420169044841586,0,500
1.0901534051190764,0.5532768455352889,0.15028103786349764,0.6416878996127857,0.14712461837844013,0.05372151579093457,0.068008690470681,0.25625139216784637,0,500
0.9397551641936971,0.6489606412846486,0.1777791898374693,0.5722313149805086,0.14663483267222055,0.04983872651119256,0.054371446208191385,0.29307153455339385,0,500
1.1301700597542264,0.5617196966706258,0.22748020953555617,0.5833219588760797,0.16739991370536197,0.060108388877077326,0.07594061678509083,0.25373993080900636,0,500
0.7706904739663327,0.6754610219437786,0.27638525725347235,0.8494521211639503,0.13444364372599046,0.05179359765046285,0.054369975130508605,0.37548982399671027,0,500
1.0037081829646641,0.5846650956663114,0.32420992650057834,0.6686238925960526,0.17572935426297237,0.06778437525737081,0.08708472091781794,0.2920472452386664,0,500
0.8882741962154336,0.6187068278976015,0.18331343943604272,0.9678892214602549,0.12389266122143285,0.0496569558194153,0.06547384897971771,0.2906149348079246,0,500
0.9338778642168177,0.6313671583450301,0.21777994716691493,0.634863579665968,0.15015072350388833,0.05409361477204196,0.06312520915536018,0.29977587575272696,0,500
1.3423645884413216,0.4459208532378704,0.03931381041455722,0.3336897645837817,0.1475876893316556,0.053807639136783755,0.08234120290226694,0.1729985412477388,0,500
1.2472206111584523,0.48383336115647063,0.022951105351571216,0.612283909652251,0.14953687491701229,0.05405297715085516,0.08649968989647312,0.22120928307899168,0,500
1.3582921418358698,0.5175798612626942,0.10268728458457513,0.4612157468141702,0.16487949185879075,0.05237141614222561,0.0658260786325528,0.2099550316780877,0,500
0.999900253966821,0.5801909643178261,0.16692208579889625,0.5940220626915949,0.14588248908810303,0.05484556652321962,0.0715875441650155,0.2639816160875183,0,500
0.9438771206259845,0.6071413450890285,0.1749038208318987,0.7289744074298851,0.140786431283929,0.05210654267462785,0.062150055646406556,0.3004911006754015,0,500
1.0255203766741785,0.5753037984129714,0.26802962278290077,0.6395407728415414,0.16351804028150002,0.0619191386028282,0.07958808098747987,0.27691640684112145,0,500
1.1551206397650937,0.5444962053525494,0.08506101378757795,0.43049341883274644,0.14817355705731472,0.052763118701568315,0.06767428730316617,0.21709635432408103,0,500
0.6336954803996843,0.7614056523451985,0.3655456814835636,0.9999854188503589,0.08609629688289638,0.04145175695591708,0.051011047045120876,0.005285866726386239,0,500
0.8863104708776303,0.6104466401190717,0.10174263597664175,0.5925858387193154,0.13289045731294052,0.05201140265789391,0.06823306248209053,0.27624637591958773,0,500
0.8759136127034982,0.6449165075091452,0.16898872735607479,0.9367528161798254,0.11235197095155075,0.044403528403165415,0.05459139777437532,0.260193822163822,0,500
0.9279235079101825,0.6783051568286905,0.20920467097324255,0.9952146431262425,0.14768495487694575,0.04833839469612304,0.05712819826775292,0.35333056872509255,0,500
1.0422893587398427,0.5814687208587414,0.20456532498079072,0.6108330971319518,0.16570004209655356,0.06124065644459387,0.08530622898096017,0.2693479724885355,0,500
0.8982803178885339,0.6649211092718044,0.2526162417261316,0.9999658040502968,0.09205956362599373,0.04198612913608039,0.05751759377253635,0.005156750519429077,0,500
1.0565916682137637,0.5766914371103891,0.14409944678660822,0.8060985049254552,0.14653407247223724,0.051637581522324685,0.06335249319048641,0.29237731987969745,0,500
0.9866054299679907,0.6213950719593071,0.16971558707411388,0.8155512582483361,0.14655329951713456,0.05001219073832881,0.056624533581809106,0.31839578191512474,0,500
1.2506636247857086,0.5409302111794916,0.10614635163141001,0.3611256367673285,0.1637270847469743,0.0553204507683469,0.0713464533377245,0.20497510212242068,0,500
1.2738865608181191,0.5458097318016771,0.16602724950250952,0.33352821787100684,0.17450050624260263,0.05733248875869365,0.07250820579740395,0.20481354751231537,0,500
0.7976689405522179,0.7118555339206603,0.3523044581818681,0.7901342763941783,0.15874781877450928,0.0545535234140492,0.056379269087408236,0.39842541577618995,0,500
0.7792857799264143,0.6903217081064738,0.3118662655067402,0.9375673359051179,0.1405343379441465,0.05223864546424879,0.05636049040597445,0.39132185982212225,0,500
1.0629159684286227,0.537399323366781,0.22740842107404616,0.41812448079436537,0.15515130776451838,0.061905714465384565,0.07943836187302394,0.22316391937704977,0,500
1.254319171490446,0.5624415083311315,0.11752894325419959,0.6885105588867394,0.16713056341941482,0.052466535613332387,0.06928510752680189,0.2590523968795085,0,500
0.9486703776657204,0.6421630637789854,0.23353255693517352,0.7067970156813878,0.15141059025423131,0.05176371581715417,0.05435879471889369,0.31908686222525146,0,500
1.0613314299424546,0.5970280770893046,0.15342986425436803,0.4667622898824773,0.1529121601472832,0.052821281417909816,0.06264222584931799,0.2469777870268602,0,500
1.293568110936127,0.4722204786772332,0.18784805861567003,0.3795244555338173,0.16309844175430052,0.06075356577163029,0.08372002976122493,0.19014064607765635,0,500
0.9066119392639973,0.6074678444878129,0.11895279429140682,0.968015262376379,0.12710929355460548,0.04813367446072915,0.06030870250310908,0.32323231490066157,0,500
1.0124778213490395,0.5731940653728829,0.12271581321097637,0.4326923383457123,0.14704575538709866,0.05594025044680538,0.07456868318629266,0.23474634063369,0,500
1.1009079367183863,0.5590617344864528,0.15641276890250805,0.5386469333273692,0.15114308212237754,0.05459841735630488,0.06807665861399596,0.24317306323788884,0,500
0.926984812436471,0.6623840778222713,0.25317129959075885,0.7380230290482342,0.16409933211220615,0.0557990654822925,0.06844081923479758,0.33449080310419577,0,500
0.9758747255331433,0.5879625202954315,0.21792788190126308,0.7264181772329301,0.14464115328707033,0.055103142057847325,0.0650384897221304,0.2914904436450797,0,500
1.0813692636255587,0.5651749885058526,0.1679500146670654,0.5604080967034644,0.14906277167081278,0.05405242854950578,0.06486470503147851,0.24939107380383793,0,500
1.1018104330839347,0.5866785073520585,0.23852479838473656,0.4912361147722302,0.1635753933807994,0.0564493399653624,0.06172079463525893,0.2510159317133181,0,500
1.222579805265552,0.5359018517910084,0.025519199137246356,0.6243496824003002,0.14996117666694594,0.04986425034968245,0.06891805081172553,0.23699485454492059,0,500
0.9983659666854011,0.5580807379122688,0.18859809392554158,0.6652831550282267,0.14052446662999363,0.055107398306352945,0.06865869766718691,0.26830470008186125,0,500
1.0145924484714983,0.576690633406864,0.2311300580804046,0.7878012825920391,0.15991958089862612,0.06048392523296907,0.08166526920435069,0.2999950700588502,0,500
1.1613062140762012,0.5910255060041086,0.23562685810449005,0.31464364385187915,0.17954861924586882,0.05934614662874185,0.06874207717914257,0.22301579245099806,0,500
0.8408449039006336,0.661130304196188,0.26421305476847984,0.9074383361525715,0.14198827633184,0.05237014824684681,0.05801906732224231,0.368102523260279,0,500
0.8459749366774746,0.6465554003015151,0.32804658044384516,0.8832390975123515,0.15052429952370874,0.05812703180882189,0.06414119387572993,0.367294670959286,0,500
0.9194385365083186,0.6655842127491534,0.36373969302953973,0.6390309185819932,0.17742151311653737,0.061554876871208405,0.06726956605715974,0.33234096499956345,0,500
1.08589686560094,0.6070393826369909,0.2645454642634602,0.5549674914812478,0.19627025176128912,0.06740715748846145,0.09397030475791579,0.27340920945347263,0,500
0.8114266141471045,0.663537730172022,0.189647893061053,0.9999965185330627,0.07697784968401505,0.03958533522293227,0.05351139173082257,0.001589424079820113,0,500
1.1142248480035275,0.5298841885046155,0.05951554719558691,0.5254437699770604,0.1623344980741184,0.061352837465206665,0.09356468908808613,0.2321277232452239,0,500
1.145659927363668,0.5411820519982462,0.20366311358522735,0.6121507644827301,0.16719098433392965,0.06174630248984128,0.08833059619345586,0.2490792176995229,0,500
1.2203879050019215,0.5179900746865395,1.2163859185669354e-4,0.9029377133630022,0.12430314023797573,0.0385900086359886,0.007275874579735334,0.26542919379977087,0,500
1.4608085478380446,0.4378048246720902,0.14020090276094255,0.3214221089670824,0.19329094778387712,0.06906744347123565,0.12442357465855183,0.17098348830948482,0,500
1.1252625968692789,0.5471917709482637,0.18662594595684676,0.608793336751855,0.1674347284911109,0.06166753709642409,0.09000018843426404,0.25189466976783287,0,500
0.7903005358367732,0.6826947413568228,0.18106844080019507,0.9999179835068905,0.0746303734700988,0.03714527943897459,0.04765829977277057,0.011790248297345516,0,500
0.8955150826682102,0.6292085005986672,0.1794284066509828,0.5133521365498984,0.14035432763695035,0.05337632961875407,0.06389661171241585,0.2747849167925417,0,500
1.1904808518436334,0.5464567047614861,0.1458496872043239,0.3851766054731231,0.1603347342913167,0.05484393401828268,0.07005776392307403,0.21439534189703047,0,500
1.0652359224822592,0.5273889070872603,0.12304069660463474,0.49417908648683784,0.13955524677542894,0.0549744992102047,0.07363957891219325,0.22577007781911348,0,500
0.8453783237299429,0.6402304768422886,0.37073428223725297,0.5276153270973377,0.16265652738734684,0.06545204793243788,0.07111331111786082,0.3045839550638072,0,500
1.3825715457946524,0.4764379993413136,0.09606175625524088,0.4199225724077643,0.1600463859426637,0.054310750587658545,0.07509622544524432,0.1918076581421521,0,500
1.1920311226609601,0.5540246437443417,0.10982667823766802,0.6865696197281597,0.15419080720443168,0.05139176019570387,0.06533979062335661,0.25682110379908274,0,500
0.8151060917032953,0.6840623767824446,0.28188069809254745,0.7417930131466782,0.15142634984202383,0.05449464351479185,0.06273745079674543,0.3619879393952645,0,500
1.0429443035022725,0.5736461879902343,0.15280598036191428,0.9714477044119108,0.14050943193742654,0.050853109138825306,0.06447966214213656,0.3026803394569653,0,500
0.9491522814572738,0.5731256835529972,0.20546938745333135,0.36785393250400955,0.1416562746580558,0.05783485139262999,0.07111583967336313,0.23055632631026693,0,500
1.2311924836442143,0.5445445997858488,0.2440371437742773,0.6283877768963453,0.18868339464132167,0.06475725513531118,0.09045137858010299,0.25470699603194935,0,500
1.0987481165661646,0.5811762922788272,0.057403566706587056,0.6840637494385946,0.14774246001621258,0.04976613066895236,0.0664430035170119,0.26629884353727595,0,500
1.0890759633970764,0.5927332561625102,0.3115560269947661,0.5770776530788444,0.17482365136974784,0.06124347504544871,0.06691143554527135,0.2714960699196629,0,500
1.0462256422004779,0.5500266874445646,0.16359335178502915,0.9444617139576768,0.14620044910549163,0.055159772182118594,0.07578418705956272,0.3049107004988141,0,500
0.9542453472169897,0.6600223906907968,0.35725586650185565,0.4084630665423978,0.17993055142800435,0.061622016993734756,0.06303853675985167,0.28368657285595583,0,500
1.4495261583550423,0.429154885301173,0.18316055462525563,0.1562023098954283,0.1702092214650845,0.06169903032397586,0.08593001111602604,0.14810761660835403,0,500
1.146004360787687,0.5451879108098341,0.1529456210938181,0.44600662575107425,0.17903304526618058,0.06596141063732792,0.10325710010091982,0.22510045761908376,0,500
0.9519501444129197,0.5740275745431587,0.2644074975846076,0.45909811540406653,0.14753713948104077,0.06063218649705566,0.07017060933200027,0.24858003953454127,0,500
1.1464589422242892,0.5395818424715751,0.13172063335035966,0.20996093695815143,0.15513765055742113,0.057141626304701605,0.07381767712897866,0.187132523565314,0,500
1.1410214276490949,0.5242030486370555,0.32656602240547167,0.5206637633246564,0.19225034590107282,0.07424342930044649,0.10917841942333063,0.23975529674199222,0,500
1.0305771364643324,0.5657491624970796,0.20838825199990824,0.7353470143394515,0.15079152740813972,0.05628899300772739,0.07283990273168461,0.29339441467020594,0,500
1.0833274077705701,0.590179246153538,0.14143355163294413,0.5073903888451285,0.15706214097578242,0.054347236496321394,0.06951591933207109,0.24895058054177371,0,500
1.1203769110765927,0.5329369866003447,0.06194275934510431,0.6518563943076985,0.14468025156044445,0.052997959740928045,0.0769363902623609,0.24567400951671095,0,500
1.1507237503837344,0.5743860544907242,0.31966852534243667,0.4650733266209878,0.19145393835837649,0.06683859399351867,0.08071739775116511,0.24564777746625696,0,500
0.9273832637132583,0.5943475426416757,0.28382568376371875,0.5618504438702626,0.1466471352503451,0.05945486903239695,0.06438577694813183,0.2741342497810674,0,500
1.015234031620843,0.633487982722974,0.11517656798192841,0.9999988365651458,0.09379805397121146,0.04000477371347479,0.06476812789090707,7.364326457582008e-4,0,500
0.860110047994737,0.6638968767802915,0.21659146447884756,0.947886080198483,0.142962621151117,0.04995008279816616,0.05695931758288471,0.3759367575470823,0,500
1.1603357606749194,0.5149840879451847,0.2346670795658976,0.3453884520848694,0.16166263543258627,0.06246778977936486,0.07930662803514156,0.20194104123767317,0,500
0.9873200289657833,0.5667047736504766,0.2360956303710503,0.7574951302507376,0.15120391766209185,0.05987766878868829,0.07823933200451155,0.29254699710283605,0,500
1.016690424206526,0.5847352507002567,0.06893002040643088,0.8058729677269255,0.14174883128465463,0.05138435578765813,0.07179900628956797,0.28938799255943837,0,500
1.1687580257120755,0.529249865330617,0.08176421374868294,0.4735665491008028,0.15028963790949249,0.05452235253173755,0.07692407785838473,0.21773129994794965,0,500
0.9740631434739813,0.5954496788296962,0.20123200994307713,0.4451796121046208,0.1445748521728571,0.05475553760949384,0.0619472061863847,0.24943579334191793,0,500
1.115359617268018,0.5482976476835624,0.18070498581831784,0.5516776507072904,0.15185574723806672,0.05527950226575268,0.06661236490849368,0.24247005534024305,0,500
1.0754310808026681,0.603016959170623,0.06575629152267191,0.5666602510995341,0.14811165658402564,0.048308401456051676,0.05942146446589225,0.2593926786838542,0,500
1.0554673955794451,0.6205770688418442,0.159222346369975,0.4043717199977329,0.15546106376378216,0.05105300435718524,0.05604132722586911,0.2475392342044404,0,500
1.1292470227313114,0.5013240803333898,0.14236630610246523,0.6345688458280637,0.1473703777468124,0.05723954786868267,0.0824000404958644,0.23870428027990093,0,500
1.108832245876437,0.5734263319649051,0.08516131468150755,0.5179378385320083,0.1445143423370758,0.04926925140190249,0.05876754447712018,0.24040380386982904,0,500
1.0606570254296803,0.5789492707585967,0.13273372146468446,0.71249749082724,0.1521332231736247,0.05468258824153953,0.0748172538419076,0.2759890490393898,0,500
1.073429632510083,0.614768016690975,0.2154422837356678,0.8390087512719836,0.17007077425253941,0.056464182612657836,0.07269699259408421,0.3179686252589028,0,500
1.1463803286129084,0.5942607059656002,0.23041653667220777,0.6585878411363226,0.16954264371645303,0.05513540462062328,0.06145662196741947,0.27827006968132284,0,500
1.0581784845955773,0.6214406785647473,0.14269326714535144,0.8321264488023197,0.15422791949202785,0.04918778466808907,0.05821984309107441,0.31437033775016443,0,500
1.1086672750170747,0.5551920143087924,0.36423542189253233,0.5473446841326032,0.19691691046221654,0.07486774831697764,0.09734377546824192,0.25703023892407806,0,500
1.137771056871121,0.4745679258728105,0.09448658918091667,0.5724164316149195,0.14635609480643463,0.05988255399448575,0.09933144323418919,0.2196633686689127,0,500
1.3316188224276382,0.45316129919430803,0.026625094884443663,0.3607046867768767,0.16093562525373026,0.059642004065777,0.10406124739759742,0.17847667109459522,0,500
0.9574979906327902,0.5843688853823968,0.27805061254203434,0.5788488293111343,0.14955894935086042,0.05873358854781621,0.06849172016856568,0.27339557207103105,0,500
1.4088722273926144,0.4636994290354049,0.0776093278495764,0.3083272685396093,0.1683274738980882,0.058297428719580574,0.09146284149321789,0.1731539205863914,0,500
0.8753316079825398,0.6124731047589493,0.25779319233509335,0.6095353060893607,0.1538984508818432,0.06324931300114794,0.0845434271090264,0.29390927659098237,0,500
1.0462489774031023,0.622386058970446,0.1330206192240152,0.5214335630959195,0.14910596956631994,0.04880731481049631,0.05399654684308212,0.2634714146083932,0,500
0.9750022584884991,0.5933697437874406,0.07696762271652426,0.6715532601884071,0.13882882872311278,0.051065543577354974,0.06837997189390489,0.27670222049876686,0,500
0.9376314049900403,0.6481134725360891,0.256771695608934,0.5925189581978938,0.15286018815278846,0.05354016668243336,0.05669829665183877,0.3005951549724724,0,500
1.0276224053996166,0.6252205665061445,0.12312695079021897,0.9995772845323027,0.09342480279082695,0.03976985855480399,0.0616680808229498,0.02298400359849175,0,500
1.0712861091398893,0.5947444682395816,0.09348996953151162,0.4709857060889231,0.14955190630448084,0.05125916434126384,0.06390971659134591,0.2426145530953335,0,500
1.2829859411615374,0.5416434020110824,0.16871742052977629,0.7784774002654382,0.16824556169866692,0.053971136463362955,0.06713225030868394,0.2674176570917261,0,500
1.1564507554145076,0.550139993564899,0.2373019428211589,0.7893913880548954,0.16654466513131902,0.05846771130543335,0.07343425228385984,0.2821464529416709,0,500
1.124382138246278,0.5936630363546307,0.2505697886305716,0.5518800113818082,0.17789221702900493,0.0600964646177061,0.07518033588724167,0.26252015430129627,0,500
0.8768318528627639,0.641987338396784,0.26830400807360344,0.697183296004359,0.15680617788714565,0.05902350242028521,0.07262364547513173,0.32897697462341824,0,500
0.9741199778438483,0.6265290021928264,0.1494729311597587,0.8429578483794202,0.15307003266217567,0.052506530783320834,0.06860404952028441,0.3267640981386347,0,500
1.0335103736487865,0.5622781533373921,0.15732003182690316,0.6708846205104609,0.14444437682317232,0.054862241831649915,0.07111033875364427,0.26697997424330705,0,500
1.1508144072194237,0.5818866537723731,0.25731437930772516,0.3405176178076799,0.17932628011081206,0.06117008503323364,0.07098217594503929,0.22491276227792134,0,500
1.1684935814731792,0.5581446480925937,0.16845181988244257,0.6372370713251351,0.16508030043101823,0.05657097763120923,0.07517614987792756,0.25714122332399475,0,500
1.1708897704169245,0.5322142250817256,0.15131190820733514,0.8373065509071089,0.26065315646531706,0.07878261338348741,0.08648204874536089,0.531569604452344,0,500
0.8300768627949558,0.67673036973295575,0.24049816194862672,0.7878634469560727,0.14632520327204887,0.05167115277730438,0.05898869505848869,0.3630967455770068,0,500
1.0835170339157805,0.5299783161111513,0.22314940144173392,0.5677208937718207,0.15900762391533546,0.06268021441188164,0.08713226537117985,0.24336934422844592,0,500
1.1527205892731434,0.5251650016060436,0.06907591441713633,0.8479528387548733,0.14616071610428402,0.052132843207496775,0.075921165506309,0.271330113883388,0,500
0.9025677914813924,0.6520077984515297,0.13896679881494436,0.9640059314795111,0.14031255675780843,0.04693976359408232,0.05547784676962332,0.3644320004055298,0,500
0.7855076085357166,0.6552616185323348,0.22074348199139668,0.9927309317477334,0.11775004400768062,0.04808525809238587,0.05641027394396728,0.3305209500843282,0,500
1.2060423204891813,0.5296751479632276,0.1202547617588721,0.5554302072319411,0.1511024734081903,0.052159978742077485,0.06473658018541739,0.23090918595733706,0,500
1.2084132750463215,0.5343449890191763,0.12931288066960175,0.5254513791042281,0.16582527187348772,0.0576151244402989,0.08427679196271247,0.229545789318816,0,500
0.8472424068051001,0.6401633024456023,0.3121064866020725,0.9999847659147127,0.09168884021182835,0.04760572335843402,0.06688160368251297,0.0029525047634971673,0,500
1.0744813609663602,0.5926596262269053,0.2625947640982035,0.570697736581585,0.18031729781135372,0.0635757220132121,0.08237472653170058,0.27146649161760616,0,500
1.0748723266170968,0.5724638698984714,0.13352818612223263,0.27355126171448463,0.1479303183457219,0.053598792997172115,0.06338368535037088,0.20804491058657898,0,500
1.002182022475775,0.6050392588202392,0.21761357516694155,0.5101341486228681,0.15443404678427536,0.056205450982868596,0.06646224764149435,0.26259741733854064,0,500
1.32459277656995,0.4448472882834759,0.07410688209421651,0.339433628702757,0.15734146566882654,0.059032668967176107,0.09857114197499046,0.1752719115486123,0,500
1.251652831353775,0.5366351749516562,0.20009898872774154,0.3386692623296095,0.1743368161364825,0.060003433427716996,0.07581868235163057,0.20401826977126086,0,500
0.8178371575610356,0.6232375416354039,0.23589457916052345,0.7586489100286449,0.13005900384833205,0.05429941317812146,0.06449552764637631,0.31657948987904,0,500
1.0080635519224888,0.5920666574470879,0.16708295926413638,0.6230487751476429,0.15570102641557704,0.05745258440590468,0.0785496951796975,0.27354324878091935,0,500
1.0861470657916548,0.5597024569686384,0.23589893432960374,0.6035904781199644,0.16242699313022813,0.05996946568825839,0.0744286760397123,0.26045779755536036,0,500
1.1522282102795331,0.5647844265639619,0.22398751483639612,0.7512064384172179,0.17045288352492421,0.05908304667626869,0.07757977725737522,0.27971987422407185,0,500
0.9389798335463122,0.6230546094023502,0.18441235963718577,0.9490815745353773,0.14807977129466088,0.053645078042471074,0.07186755975213918,0.3415699726384257,0,500
0.9659231742635226,0.6525843255149597,0.2925850119751486,0.9999677481806256,0.10933542158628747,0.046988222534919945,0.07042752093530104,0.008238544811428262,0,500
1.1125251271920087,0.5903008182004891,0.3019632749142177,0.776906231159901,0.1831833242143281,0.06284119840663024,0.07806467700061351,0.30400709248657565,0,500
1.317365613905481,0.5196834433221927,0.07373684726532162,0.39954109558218737,0.16402299962401207,0.053657059801567375,0.07373569889381235,0.20222195507502921,0,500
1.021946396341858,0.6298568408736985,0.18242110824266514,0.6107108173364646,0.15874010716709097,0.052649731593697686,0.06261351612102992,0.2865394045278835,0,500
0.9302570531079635,0.6349390145916475,0.2829361649887917,0.7611308167793812,0.16212799344468945,0.059500228952946294,0.06755378228145584,0.3315172409034084,0,500
1.1590444252659173,0.4938522009506247,0.1480331007313466,0.5688096087161535,0.1489272821736401,0.05782712059372236,0.08214948284390225,0.2253178638996146,0,500
1.0536734088900046,0.5984896384578898,0.25963131222662766,0.49647519860462536,0.1777517420364796,0.06377224949478381,0.08328686769791223,0.25972638879601057,0,500
0.9988679385848939,0.5669553598610143,0.11833161294286193,0.5391269520669618,0.13393873857146052,0.05167990617560072,0.06125066112347305,0.24715775938559975,0,500
0.8609131625827767,0.592142582708439,0.1888407466195735,0.6023748270234255,0.1337608995580354,0.05657123602517719,0.07158917958646265,0.28047385371682526,0,500
0.7838046696150007,0.6855240652939751,0.19956905642715211,0.6137149403233337,0.13533739232560735,0.04973778882162712,0.055996447536444914,0.3306476702376782,0,500
0.9549016763871331,0.6365721061222138,0.19636543416467445,0.943392725200946,0.1473362942102596,0.05217394192544804,0.0699039668283052,0.3158647366855622,0,500
0.9912029948252312,0.6047459470240757,0.2216789370542532,0.6718498592321739,0.16110117236395824,0.05836913195832028,0.07471895983487623,0.29470967705300605,0,500
1.0586111831232967,0.5794427565491658,0.10442649070602551,0.5972559739326373,0.1501038048591459,0.05286907631171054,0.07023418632617694,0.26069020591561515,0,500
0.7709959213658658,0.6839050438831867,0.24845564141822102,0.8564286362651566,0.1330928603431978,0.049496896153934176,0.05235788879836457,0.38030540857779144,0,500
1.160652059236173,0.5021022664552023,0.10187760365079783,0.5750398107127641,0.14681427106682454,0.05545071018032578,0.08041934388873827,0.22707574032682962,0,500
1.1132664056528432,0.579081914536885,0.16667323956657437,0.9999742597292379,0.10509385672660262,0.04624254859540481,0.07890574857691637,0.005317787891934841,0,500
0.83434814759386,0.6798821351947582,0.2890263307688455,0.832387615285172,0.15783935212112385,0.0555135501598406,0.06284731014015611,0.39242812442282954,0,500
0.8591498843076737,0.6286861044675263,0.3378000179255378,0.6204705591273623,0.15460942988557969,0.06274356203858487,0.06924521817962571,0.3104495081547092,0,500
0.9870742910158065,0.5847528080086546,0.16976304952846394,0.6891618393899812,0.14780646414149823,0.05540669344456962,0.07296518385892604,0.28361905149330807,0,500
0.9961652906410094,0.5917198224676442,0.2506174580819412,0.5967946326046418,0.15201405963851533,0.056783543277462545,0.0637377369906084,0.27519955261875056,0,500
0.7035670002446476,0.7074374732283564,0.23432230647378904,0.8808498400882495,0.15284739020593704,0.053227923223311525,0.05191585814298293,0.5264131233309015,0,500
0.8253800259733183,0.6552864233370962,0.307329909931871,0.8696723584705035,0.14738774860185935,0.05658790159337271,0.06269110516339199,0.37254671439259407,0,500
0.929898953897872,0.6727154696313419,0.29054787438069013,0.9846713046887283,0.1675530922768129,0.05389916979128892,0.059495056133455314,0.40483730232296833,0,500
0.9805543255091287,0.5939126358127395,0.16148029378001044,0.6285296026261605,0.15030796731056267,0.056391941976414124,0.07602683618031623,0.2766500077980503,0,500
1.0588726588993713,0.6117520540211666,0.1274585337861586,0.7198997460627707,0.1549951946897447,0.05125593797248135,0.06581982181261405,0.28948824761975833,0,500
0.7462208517342345,0.6852397347905038,0.27597493780210575,0.7339101357876809,0.14180080022597571,0.05483601873806614,0.06422935873071633,0.3695577954233228,0,500
0.945386968735642,0.6107096322814958,0.0912335123848336,0.9399740704206994,0.30628917844268916,0.08545725133357633,0.06928965679791693,0.8816494859902207,0,500
0.8278093944107948,0.689614038488059,0.2550628389419039,0.7671967018887963,0.1502206274548591,0.051646610336460286,0.058324862698891464,0.36813245334886135,0,500
0.9470389104547136,0.5816125497955839,0.30754357186471554,0.9422611181141242,0.26613491262320177,0.0889727404100374,0.08754967922499055,0.6748501318936215,0,500
1.1141807631961003,0.5953660459865978,0.1698286448499727,0.6514463008712702,0.16349749104696745,0.05390091616982872,0.06711133777675364,0.2749960683203984,0,500
1.345899667024309,0.48356572469772574,0.03863025451278296,0.49709151064248047,0.15468225978720115,0.05246208138514607,0.07773227795724147,0.20257950629258104,0,500
1.1127469080990642,0.5564546782253844,0.28666659055210364,0.4459918685704564,0.18386352746707654,0.0688156927114741,0.09214873313366777,0.23603506034405436,0,500
0.9663845367385634,0.5704194475640902,0.1793302209576304,0.7813616921027268,0.14412597650152373,0.05676241786669676,0.07700425238168969,0.2952324908077462,0,500
0.8191883324312609,0.6519496771937006,0.2632442428102085,0.7195921907548986,0.1415446765872107,0.05516927551868476,0.06348900979617039,0.33609953946259147,0,500
1.1636266571963678,0.5968577716766319,0.21590750229172412,0.6727033757780551,0.1714134182837096,0.05439661383920537,0.06232685007295528,0.2798526827495458,0,500
1.0999310137920069,0.5726339372095594,0.17053659587171943,0.9450689573630487,0.13084837191834456,0.04948402737777589,0.07036225575146328,0.22355674389056818,0,500
0.8684650156168899,0.6355798638941204,0.21554145150794896,0.7921769486576052,0.1352838423506877,0.05077837202589731,0.054402979250346074,0.33191423403828463,0,500
0.9442150311196229,0.6383899582793757,0.19221410231001335,0.8692356132131591,0.14738692897301106,0.050371708315519126,0.05761634660703668,0.3415378602038035,0,500
0.9847608108721913,0.6113424775079366,0.21018366980134306,0.9532408131516992,0.14931879623753563,0.05252045699264632,0.06078711902051682,0.34221344069720644,0,500
1.1205097718288972,0.4572596249232605,0.11219089578862708,0.3255441195326262,0.13557875376553932,0.05835878476908426,0.08791565202279934,0.181250377026811,0,500
1.1339007106289531,0.5766076327557619,0.0963363277045345,0.5757128505025187,0.15161094120778848,0.05019152418697517,0.06233812223008632,0.25082358140758093,0,500
0.843644632836732,0.6568535405606428,0.24486861791084,0.9503550501114048,0.3247465786728271,0.09778749646368184,0.08654343904701366,0.9776675277971403,0,500
0.9525114812543353,0.6179879899968566,0.2388231021917443,0.5072769355712587,0.16286326623218,0.06055269224017039,0.07710198379130018,0.27488936775278405,0,500
0.8188424803694555,0.6336555781514889,0.20842811153377186,0.9436406541176051,0.10948388640018158,0.04774392763141662,0.06158211200117247,0.2630406908816224,0,500
1.0628330787744589,0.5509914996236738,0.14953537231451072,0.9999911991877967,0.09078172104619857,0.044723926759349726,0.07158057722709645,0.00380977616196224,0,500
0.9109320682201681,0.6567198184993405,0.1549232977703734,0.9970476100919478,0.09287921888027864,0.039960866252846464,0.05904084927440675,0.0945537555253432,0,500
1.0103283968265855,0.601234628147901,0.26858412059155157,0.8639369638591881,0.15614945042987874,0.056200166489212215,0.06303516372068504,0.3222410086985349,0,500
1.0205664195562982,0.6051282340405499,0.1210351759133323,0.6243990340052916,0.14524834408722304,0.0499459888308448,0.06003303890330481,0.274541750730076,0,500
1.2468664185369478,0.46433472523540187,0.045482121495406896,0.6287408963927825,0.14812633310277598,0.055260003309594956,0.09105720549921192,0.2193410390131659,0,500
1.0425333881257093,0.5469658010444712,0.21723188567777518,0.7426426943412165,0.15025329874950114,0.05861951088846239,0.07895089740157946,0.27460805438784464,0,500
1.0219909226587285,0.6064771073097184,0.1002895886868296,0.6628958845232515,0.14508154162382106,0.04921436396711443,0.06027736067636357,0.2805054088223947,0,500
0.9288846195636329,0.6450437192326035,0.163068733655021,0.9862536908210636,0.13877462945479932,0.04822651677154233,0.05936884185978039,0.3379255225261509,0,500
0.9867965940797814,0.5984256025695163,0.26890392846729827,0.7500050194441424,0.16025503198668836,0.060115712005075365,0.07453860713178492,0.30563240001636754,0,500
1.0440768355504364,0.5625233259000112,0.1662900078985691,0.8413418470530337,0.14793342250066613,0.05533886588656989,0.07465395075364793,0.29329687004565086,0,500
0.7926204215495568,0.6749028843907244,0.18710493128725358,0.9992734343145477,0.07531751675424055,0.03851008233153503,0.0520881647327619,0.016565884747989718,0,500
1.0808802244896671,0.5542781962141099,0.26084134511621865,0.8334487465683311,0.1634454839553048,0.06152185355016474,0.08129570605229154,0.2933747573968786,0,500
0.9438269304036583,0.6238432369011168,0.2508516690705104,0.8788133602582374,0.14646286491923094,0.05505484597659729,0.0703590471777002,0.3074876000766491,0,500
0.8752217688423743,0.6531144786515842,0.2853032656241415,0.47129559390401254,0.15377406368239607,0.05712306824133053,0.062193065689229846,0.29015106072017555,0,500
0.7159625926582518,0.7179447064125821,0.2968100551879536,0.9520735560681527,0.1238679527932277,0.047407600747182845,0.05143173276356347,0.3761139662228205,0,500
1.0172541604353371,0.5901548147075408,0.15775970296772357,0.6640988134056908,0.1411561446341118,0.05043209253706662,0.055932525439473586,0.2769762643930306,0,500
0.7289850641969177,0.7055342940948958,0.27472114993683433,0.956585346585201,0.1427754234135276,0.05257088059256284,0.06326986219955423,0.43434340079276823,0,500
0.8251021599552006,0.6236644639794907,0.18196950981252497,0.6981566908794841,0.12735619170238302,0.05160401338353677,0.06020613903455228,0.30875145317856545,0,500
1.043863758276429,0.5621332935062375,0.1658438257261011,0.5989732449614865,0.14867150962853132,0.05618988556564258,0.07392368281492942,0.2559777289424898,0,500
1.3397513216798644,0.44367122694174066,0.05813844310927923,0.5827028822273017,0.152128555170133,0.05500332790048718,0.0887022202355935,0.20598695941084563,0,500
0.8943642475655973,0.6472220195627701,0.1890148932727025,0.9999639098744524,0.08389605362753132,0.04055787053317388,0.05649874633112308,0.004436723302954573,0,500
1.1258563748186905,0.515738035037789,0.13458323144130951,0.5130301270891926,0.15180255233145049,0.0584211686899,0.08608815137342138,0.2246085658130131,0,500
1.0865650867581347,0.5913516858544348,0.1386521054526753,0.6772149693569209,0.15394594230911257,0.05260864374534415,0.06717533137195261,0.2719132046567377,0,500
1.1312223489989846,0.6006758763088671,0.12101441467652647,0.6921984728361151,0.1590324748371882,0.05013143575529959,0.06167904751533617,0.27883089221339236,0,500
1.322158523712485,0.5183396665253779,0.18474439265763618,0.6941458345899816,0.18078071696247835,0.0597979484406615,0.08525180474814997,0.24906793909377686,0,500
1.2513696324246415,0.5670978138481547,0.20661791436282415,0.6210601542129,0.1752162486647229,0.05572713463451388,0.0667904542282952,0.2554576761657159,0,500
1.0304800604506328,0.5567654596815269,0.22520315106218694,0.5979425563811518,0.15791849107024905,0.06268772227176338,0.08779680268051883,0.25789483421924986,0,500
1.187417889530093,0.5534445203472285,0.14566284988852263,0.5305860277709855,0.1678448825570458,0.057592683739990685,0.0800362008345729,0.23744499794342813,0,500
0.9971387346848876,0.5665402516719654,0.13496809697154616,0.6208277091313696,0.13506433194079093,0.051381207342517624,0.06155152083548462,0.26144803999452726,0,500
0.91857743780869,0.634732906750953,0.25967890004827926,0.7353408655678512,0.15023421602037806,0.05450895814283128,0.059866456884387034,0.3234436804182162,0,500
1.0917469543096356,0.6356484407831825,0.2831372454826789,0.6514194707125652,0.18984016978941012,0.059513420415201204,0.07159465778078294,0.3035479046877981,0,500
1.2465735567137235,0.5111257086612809,2.1953145121193865e-5,0.6348002988714546,0.12339413446032461,0.03877643072337646,0.00290675337048045,0.2282854739813095,0,500
0.9016156348703845,0.6759368246292516,0.1796826308426885,0.9997697378977852,0.08644364268222772,0.03804387789863922,0.050576858386201344,0.020382486547608422,0,500
1.0544936649977594,0.49722178218300406,0.09828609818586444,0.47058700284024996,0.13228014608395994,0.05575437921865994,0.07843795118541617,0.21312027437883457,0,500
1.0928919576818648,0.4975983668366575,0.1503508909085389,0.5903528182004621,0.14435801425537056,0.05902025391516476,0.08621834973861973,0.23245856391935604,0,500
1.0143884163403538,0.5636627316676589,0.23920281522097647,0.46031378420988134,0.15367175385520868,0.061129672152212364,0.07654120612814261,0.2399554475254631,0,500
1.549992862299235,0.3927070608542482,0.05704442257902431,0.22973443714109482,0.18362702167798017,0.06655660391432379,0.13397208276271755,0.14690551211602332,0,500
0.9118073524685365,0.652830824884424,0.29478416086446724,0.7810794812483277,0.1549817963227636,0.05458743020517588,0.05602175778436612,0.34447281702363974,0,500
0.8897029914797544,0.6330351238303213,0.259469900547797,0.5145105483960447,0.1458242151987549,0.05553152287054983,0.060109297075339074,0.28487969993396456,0,500
1.0556712092113152,0.5204230702387211,0.19721132293716967,0.5825613495626731,0.1385434209755836,0.05581430880024844,0.06553327340692332,0.24030337892188539,0,500
1.139891097856435,0.5750384837312403,0.1868513907004551,0.5562578529462633,0.16730538154834854,0.057185086575777776,0.07379928106491672,0.2522442261096128,0,500
1.135879608108524,0.5774880476848403,0.17945884427002234,0.4781295342289713,0.17174826507579902,0.05874643365011757,0.0779871001745242,0.24208606318193257,0,500
0.9165056696712214,0.592440091797451,0.16240612387566675,0.7490607742702745,0.1356228008725769,0.05408501508362808,0.06539440849596113,0.2969998962897674,0,500
1.255763087425823,0.5177011745142478,0.04689893176336229,0.6192437455903602,0.15458706078484521,0.052346846341838546,0.07615948025650934,0.23162129163261055,0,500
0.926089460872237,0.6336166527255676,0.23926350133710766,0.6062388388476895,0.15688045468931097,0.058179668497770676,0.07020991331103735,0.2972658492891556,0,500
1.1807934498204509,0.5045257792537137,0.13538367269924206,0.6328225573997328,0.14751476643720376,0.054634151971338474,0.07303373146239037,0.23581164945166888,0,500
0.9250049678407413,0.6633107451004288,0.2112785019260377,0.8859761123764631,0.15603828912963053,0.05161394862050093,0.06250023286541379,0.35995356768112463,0,500
1.144431098137677,0.5390139915936384,0.19371153980456493,0.6611012656800785,0.16087263261282653,0.05836795709614569,0.07795242011611875,0.2570243265411266,0,500
0.7104862620374284,0.6742650241297132,0.20028535497052066,0.9592635994214951,0.11194939731507084,0.047725377458896844,0.05945952195575815,0.34421055572591813,0,500
1.0543028385663,0.5906854071723114,0.22524150760779466,0.5895600121317159,0.16243520020423946,0.057793819733331475,0.0707952139022772,0.27015289356610345,0,500
0.7877100825707748,0.6296096533959448,0.2512776616133956,0.84153432853481,0.12899691916143696,0.05454413285359946,0.0619048585584117,0.3469009277703854,0,500
0.9746824285129483,0.621403266944423,0.17402928470796325,0.5618624631579615,0.15419253168394578,0.054587188947057996,0.06832619831769136,0.2783797944284074,0,500
0.8825758187234803,0.6633489426938995,0.30014678640255765,0.9998932423920793,0.09823373680917694,0.04539135015129589,0.062369464725568355,0.026807419724398228,0,500
0.9832270249686363,0.6130277130740072,0.25014739887947357,0.5977277652913945,0.16048236688949918,0.05813059366854019,0.06996645650134199,0.2857306951525532,0,500
1.3816738584581483,0.49627801578072195,0.12462430073675462,0.4777999746310173,0.18526634326318045,0.06223625585806291,0.09923410239333837,0.20720384679729786,0,500
0.8561446232980713,0.6229948379899063,0.3055368491474086,0.5821278648618933,0.1508656617460588,0.06208606377108806,0.07329318591004425,0.29772044382520807,0,500
1.0509147112349742,0.524799597446841,0.22386881350402518,0.4131157615480135,0.16485165832320092,0.06948737361523903,0.10431310343440217,0.2191477424853825,0,500
1.0673633618253904,0.604169055474345,0.1758111830840959,0.483445096746857,0.16177587104305532,0.055551757523655605,0.06776037045306701,0.2535408960033743,0,500
1.3026604633273278,0.46866025530949595,0.08183733104660497,0.48987438733787914,0.1580789866070635,0.05798377933396608,0.0943610332901509,0.20061398914035822,0,500
0.7629155010997489,0.6470544055764079,0.3236091330840849,0.900794542966816,0.13993190370858125,0.05922859232475949,0.06851580896362856,0.380800699675021,0,500
1.3481172919377207,0.5175540958453491,0.12774039693706948,0.39612540132912366,0.17361139928102384,0.056780354844393185,0.07778164672953755,0.2019273319998753,0,500
1.025478133670896,0.6020101010032983,0.25198179613474064,0.5467509757205411,0.17861308097995376,0.06444437515117697,0.08626919593104279,0.2735187419117783,0,500
1.016784781219858,0.5869520868268953,0.17893657536985497,0.6388253940490591,0.14943076168587444,0.054913823217818694,0.06915667711195085,0.27340146924888764,0,500
1.1525620277037438,0.5679720026680485,0.13930631067370375,0.6556189975023882,0.15950240009505162,0.053829764898002994,0.07066886286032353,0.26096833423856164,0,500
0.9797927241947988,0.6346561450965498,0.23192852565844532,0.6975943958953466,0.1577355938430633,0.05374128662885317,0.06088180893110232,0.31223749324683725,0,500
1.1029130784986185,0.565880587255978,0.0866290674142273,0.5467285132841498,0.14549404278885783,0.05060025143188063,0.06351486927315268,0.2429839958844874,0,500
1.1541204720965212,0.5218337427040655,0.06703299730274534,0.6761704454841783,0.14736015912526054,0.053291948923646054,0.07810901854373847,0.24660354584736932,0,500
1.227379032660353,0.43521014175715805,0.15279759086227024,0.4041964327103389,0.15263684003936548,0.06259391731321348,0.10226007386192817,0.18627465041429533,0,500
1.2404098570011135,0.4675683536469704,0.075376118547708093,0.4601055376646533,0.1467517420557156,0.05583823638424786,0.085439295438209,0.19773143120867262,0,500
1.0402578945762924,0.5976868486963332,0.3536856698261032,0.8495187203470427,0.17566554696848952,0.06335630169987237,0.07127310420320437,0.32410014217003863,0,500
1.0417190410873907,0.6025425870389064,0.117150860767423,0.6992014458003054,0.1503667731179698,0.05079770856294691,0.06371898121040624,0.2862901894887308,0,500
0.8943062430693127,0.6683198015035501,0.3091290143092178,0.9796781104382798,0.1590355094495271,0.056520354371502164,0.07180941548755845,0.3527602473319256,0,500
1.1205602164816502,0.5579503780273055,0.12781728190535488,0.7389321973364459,0.14744706734936505,0.0506629193250477,0.06191542737865045,0.2710133550917503,0,500
1.4022898653687823,0.5003928327492461,0.06289988651904953,0.471106605395384,0.16220106850700572,0.05160537452152876,0.06987563998534789,0.20301365140139813,0,500
1.1246369244315868,0.5341783967302072,3.5028645222457865e-7,0.6064223967296214,0.11562232267280824,0.038117319113773244,3.004809998373136e-4,0.2348681734880917,0,500
1.044288069992694,0.5886361562364337,0.23045900931777197,0.5807262164645332,0.15955273206934203,0.057707290382858614,0.0696319710974141,0.2677197329266875,0,500
1.1159903945754333,0.5531736632850752,0.07948178049281329,0.584405090051834,0.14184220237621933,0.04979125516061999,0.061845932998769365,0.2432281449380299,0,500
1.0311133913976536,0.5731546841610385,0.16191738965764088,0.7823971373291583,0.1445756331415194,0.05295592121064777,0.06596347740520779,0.2887000609473925,0,500
0.9618775553235966,0.5824155060439683,0.12043760642191227,0.554943510284102,0.1373341738276732,0.05326325918483198,0.06913614338527943,0.25733015488638344,0,500
0.8608454014949725,0.6458773227091267,0.24198207300188937,0.790048592200423,0.14579351196301593,0.05427933708474407,0.06415613445561852,0.341859275320173,0,500
1.0419483914364058,0.5937265315555346,0.16719354918264628,0.8418701573118137,0.15360527085384176,0.05339113964314587,0.0689266296684409,0.3082965585400179,0,500
0.8059094027960241,0.6458012432406881,0.24345700191320097,0.7881674476316707,0.12542001283575355,0.052336492700968205,0.06665440177717176,0.29593364647146075,0,500
0.8848891514328452,0.6553483587682134,0.3136488204742446,0.45461495424561593,0.16114578166027177,0.05902216718386583,0.06356073160921069,0.2907056400940532,0,500
0.9040333507925153,0.6234907623942316,0.14345261730394493,0.9444564946785909,0.13902581365784938,0.05071113329621478,0.06453718610066288,0.3482162871797281,0,500
0.9404962863886634,0.6271365785377697,0.1907693931239328,0.9999818324218255,0.08766232706424787,0.04225418967535301,0.05896952810939364,0.004408237940060449,0,500
1.048548814602349,0.5678760550725229,0.10034698650347167,0.48471013594037027,0.1401839924691084,0.05094247410281572,0.062271757913843394,0.2378858222068613,0,500
1.037266013853903,0.5764744715882016,0.1448437664482033,0.6093006918341864,0.15558867871665855,0.05769436846625862,0.08164117938141452,0.2629180040963849,0,500
0.9536194903998377,0.6408226456096985,0.22050900790412822,0.9592228505929006,0.14977731519630574,0.050927783289515714,0.05814827251047418,0.3568306974616608,0,500
1.1063886971674395,0.5663566859239324,0.26730818279451,0.6431690416019249,0.16504905416802626,0.05969883770229483,0.07070419785423353,0.26729572369496213,0,500
1.056515106290211,0.5547975662744604,0.16344534709492353,0.6687742481221521,0.14586419343872786,0.05525498299081634,0.07153611108655444,0.26213999911396385,0,500
1.3793066957494,0.5455334015539367,0.17968417482487467,0.6661571522706715,0.1985714937661501,0.06032782645562279,0.08641759080407954,0.25270964273449686,0,500
1.3002567948081127,0.4917899122555633,0.20606987924958506,0.513670195259273,0.17393389957226607,0.06227578254981929,0.0884692899815072,0.21522632016729398,0,500
1.2248847875096462,0.5101142155013609,0.2339218950632497,0.43205080503592097,0.17423410604010883,0.06390693778310709,0.08727378951979123,0.21293266887030576,0,500
1.0095875494474287,0.6149562784705722,0.2449801652717035,0.6195329211984361,0.16655656142596365,0.05915169511452713,0.07440669523650045,0.28746598647892896,0,500
1.141430539506279,0.5549698337171176,0.12086708534651457,0.664669379634299,0.15598840863496938,0.054980299939515205,0.07456396880846267,0.2576207711112024,0,500
0.9048890129858049,0.5722275874065242,0.2566251366698198,0.3397971143309601,0.14433692782477442,0.06334626833088094,0.07877396352966061,0.2295317621225991,0,500
0.9648185526634191,0.6017382571935671,0.2364804938933448,0.8502840204640341,0.12403097725802978,0.05061516875210431,0.06487324493794713,0.23497367236452824,0,500
0.9325567805802353,0.6248909267202624,0.1701088422547666,0.9993961290577088,0.0861111206853151,0.040962609576195706,0.05707544435259918,0.056011539018438465,0,500
1.0434778521773365,0.5757579744740763,0.2545292291367993,0.39475089706274996,0.16231986661196343,0.06107870031896555,0.07139115948102136,0.2355885274025692,0,500
1.088823355646479,0.5638748483154264,0.15944293386360428,0.835616306444476,0.1331433540873597,0.049167057756283265,0.06095882338897487,0.2481826798808523,0,500
1.0511190840651048,0.5657939034321243,0.22371307654656544,0.506648157572449,0.16254568219141535,0.062096932686548895,0.0827526473077865,0.24684418023381216,0,500
1.1015106889648016,0.5900745924244523,0.11974086865986208,0.6339682905883547,0.18185779784963968,0.0622113332013589,0.0991757369070464,0.2697559120403246,0,500
1.015662845253196,0.576948655381719,0.1693082389203143,0.3456251966018056,0.14323144069629573,0.05450419304653471,0.06314485448216596,0.2231454756495276,0,500
0.8794499522726849,0.6410234151616506,0.20335745648279968,0.762210044227878,0.13594247059026665,0.051636051063461925,0.06681609008399617,0.2973581098712737,0,500
1.0372030727307606,0.5854283603092924,0.17211274458110004,0.41469656360691454,0.1593650210148556,0.058990158524606574,0.07841184927744256,0.23658330610752049,0,500
1.0568966520125038,0.5902715337247919,0.22911280082882496,0.7796657406834563,0.15622274320765167,0.05483671542351118,0.06324827009973681,0.2987374343683858,0,500
1.0468129481591275,0.5720575291100317,0.17940359135715378,0.6523927914889085,0.15666273704313036,0.058033598838925025,0.07919535903299016,0.2698581407369798,0,500
0.9731416886143995,0.5875990218824971,0.1811542336814091,0.9999598118158117,0.09064328823795757,0.04492365915388317,0.07159064515405451,0.014464737032167085,0,500
1.1143068487915586,0.5416629766188807,0.12739160707049896,0.8476354051379341,0.14557977504006775,0.05196855264361898,0.06818635864408017,0.2806289818959877,0,500
1.0331751277686425,0.5944421364763426,0.20187106651437708,0.9676408813894196,0.15280489167855718,0.05342930012545921,0.065031098805618,0.3322366502593271,0,500
0.8395218306579328,0.5886774365607608,0.19034065057660313,0.5382787651204914,0.12368458384162394,0.05381621738718742,0.0615209975409384,0.26779273821754135,0,500
1.287217863695217,0.5016306778475235,0.08396155367994619,0.3533541294586817,0.16605210854313462,0.058525096600615195,0.08925079419393582,0.1918072270834016,0,500
0.9395973196518123,0.5972479629989864,0.19421558518642754,0.27931244269711913,0.14384434934537862,0.056544962964235196,0.06661744853539965,0.22504935441864185,0,500
0.8879206126149151,0.6696559056026792,0.25801773630308533,0.5668519569150724,0.15326590510469845,0.053031441667748105,0.05696580288835508,0.31256095056425587,0,500
1.0413618627487928,0.609826723881022,0.207628256109132,0.5014427151858013,0.1703089832735005,0.05936600688434301,0.07736650738043808,0.26287748016165496,0,500
1.040599405467364,0.5554418700478627,0.15609160027276986,0.906596762196705,0.14576311740458558,0.05668476029654474,0.0865091804291578,0.28144768678235116,0,500
1.257838210006658,0.5083349884165893,0.13691867832480584,0.46154532424540917,0.1581410169433936,0.056195030512283604,0.07320376334496684,0.21009696137807177,0,500
1.0511690831382465,0.5141581880619007,0.08296852427559628,0.4325758195044101,0.13074589300091713,0.05264463823928308,0.06991333709346269,0.2122549372223872,0,500
1.0368969963903754,0.5649953627446749,0.21500300799786473,0.6644212662112683,0.15271305625107945,0.05825499199278421,0.0750507995819817,0.2703780909477116,0,500
0.9911517397170476,0.5408003279990251,0.08747755297633862,0.35352375253306534,0.12960763182744434,0.05363114565145642,0.0706137007797664,0.2096258927126371,0,500
1.1306529148340605,0.5256270602152936,0.16044645421835857,0.8060069873877712,0.15605846222116634,0.05809413809052482,0.08509122039409726,0.2739887153795956,0,500
0.961097360690958,0.5698138956942767,0.09426237869935425,0.5396469811286871,0.1291659909467968,0.05061900131617816,0.062284497308853555,0.24915088815766118,0,500
1.1263957314578947,0.532999078224374,0.22201285018811154,0.6301943945287971,0.15799992784212832,0.05937195962437181,0.07617787924537667,0.25077138502808843,0,500
1.1291269202313305,0.5682890892372683,0.33199659036697593,0.2542228691947763,0.18029837463441112,0.06539834748096161,0.06722243002629925,0.21042062223867747,0,500
0.9612229126990748,0.6113771137403828,0.25297969166720996,0.6605478211167096,0.15311600688870633,0.056811973605672875,0.06544940948681202,0.2956715292237577,0,500
1.2588604208705583,0.5029260300396622,0.062129828968087955,0.4462271472803913,0.14850014460928967,0.05203348299950572,0.07127126637644653,0.20351104013258567,0,500
1.246207288676234,0.5542935308124054,0.22556500807600843,0.5179433348029938,0.1801174778535599,0.06002721845431134,0.07391875086169854,0.23759275713126496,0,500
1.0820607222153154,0.5216540746913957,0.14524283411701064,0.6912545086554959,0.13966314370007762,0.05434259120664185,0.07022603978889755,0.25320744767581477,0,500
1.0798348559347382,0.6170399593576779,0.1539371858860253,0.7779346595503036,0.16493928433804625,0.052548776872986466,0.06606166421997581,0.3090414354103776,0,500
1.010811500926865,0.6376369138454773,0.23141752820548964,0.8656237090537093,0.16304674447003,0.05327993669116836,0.06334108987188128,0.33901897151031035,0,500
0.9546511518450832,0.6175584127408364,0.33879097377980094,0.5510693111440466,0.17463174651706473,0.06639878485688507,0.07859177958570401,0.2877816425021534,0,500
1.1902627906895382,0.48499165491903473,0.06783280586124742,0.4415924587337746,0.1495288601536518,0.05742370756404078,0.09178403413644758,0.20134009352056137,0,500
0.8450307827191419,0.6415144134070377,0.27209016141562953,0.4291146350505549,0.14113553177274255,0.0555496989737238,0.05698108745693573,0.2771951396118705,0,500
0.8885966197767005,0.660329251889668,0.22786853844118515,0.5939786337988626,0.1462580947199699,0.05143119803283329,0.05569787648261946,0.3092024260701739,0,500
1.1786583038096903,0.5239062539425294,1.2866733490103857e-5,0.5678222680270412,0.11851811091931432,0.0384123929223968,0.003445635355328481,0.22464501496887201,0,500
0.9279411371937751,0.6308629475998703,0.08886608209465355,0.9999437681937503,0.08029404687147124,0.03770634726796031,0.055681670398531544,0.009134290845456985,0,500
1.0076569491513636,0.6152741469966895,0.13121335225014832,0.7884328856534439,0.14460644231544173,0.04880774707725629,0.05744516243202006,0.3049363477087552,0,500
1.1020853184099433,0.5253497514332381,0.12544916763030767,0.5868103948795635,0.14248806901930122,0.05388866730114373,0.07139574280168356,0.23830647663581217,0,500
0.7970644526360416,0.7006358249661625,0.2828898595050619,0.9999910911074976,0.09943254403732268,0.04589668563256531,0.07014445968517563,0.002909966200502332,0,500
1.070278951508543,0.5724665764595991,0.19911827313565322,0.8288394297735514,0.1582133752262436,0.05674810366408864,0.07436015636895218,0.2997722356399372,0,500
1.2335578536298502,0.5484549626889795,0.0787967184658881,0.5266238021268043,0.15207524684271764,0.04933994355979025,0.05967200301651301,0.22930864391657563,0,500
1.096707069846285,0.5935262733901948,0.27270755969204274,0.6111094671750621,0.1688381503309599,0.05771656621086687,0.06336125680673822,0.2751343747680768,0,500
1.0438917237180845,0.6118678053327078,0.08500156671064309,0.8885687088586706,0.13506852472901537,0.04638079457472859,0.06377381709622895,0.26640978342441995,0,500
0.9319974007187514,0.6046066750136105,0.23509052645486478,0.6763575797543964,0.14776405415530766,0.056175670982456814,0.06828324405023525,0.29763142933325437,0,500
0.978006722273581,0.626639377188624,0.2698087852101144,0.8340143896065342,0.22506235375970318,0.0709117681861596,0.07247042616452218,0.51273705499864,0,500
1.0673694185022098,0.5833703554672325,0.24518572668238375,0.5265535954134843,0.17521589099330115,0.0636486345445391,0.08487660986631086,0.25882490972582306,0,500
1.1128906801069411,0.5388090150466913,0.21747065591006814,0.44324959658256213,0.1581404404455633,0.0600324651910997,0.07559724306458693,0.22498302581411164,0,500
1.100296599403663,0.5492160420289633,0.06866765040159112,0.7306718973008471,0.1452511397798516,0.05195476273978868,0.07286756311111363,0.2652707389931763,0,500
0.8374597514644981,0.6515619460795096,0.18151914009034312,0.8253588857522282,0.13578920733565764,0.050504486298946,0.06044192157336745,0.3454376984404792,0,500
1.0458116424051787,0.5335887962754298,0.05946016900231585,0.5600893275264921,0.13804748066233588,0.05364213795460248,0.07756638967167424,0.23675518954771999,0,500
1.1354433835644906,0.5343459714710935,0.2557382630829232,0.6296172239447941,0.1693571916095623,0.06386151756382873,0.0860184786690464,0.25380291097418844,0,500
0.7937373589217602,0.6151851948239434,0.2374027938089594,0.7912797819581545,0.13029680152199863,0.05676536873903743,0.07059271623582525,0.33179079279278584,0,500
1.5002215649027644,0.40377551448230337,0.1106686937678948,0.49039536285510144,0.16881641223936616,0.06016102399799163,0.10555904462288887,0.18269194113681944,0,500
1.0106892393097267,0.6208679019009531,0.16575461505788974,0.8931871152752003,0.15315158794541353,0.05135678292934368,0.0638714008789655,0.32873357933705405,0,500
0.8207074143496395,0.6864302886908593,0.23424922623787514,0.9950354273735885,0.08944687250270048,0.040781837045031764,0.05509392721313244,0.09146311563186459,0,500
0.9957160029779596,0.5965931146693356,0.1743025297366908,0.7296161910807457,0.14647499763543723,0.053403032442730536,0.06612352937259643,0.2920741425024669,0,500
0.9792111509693117,0.5120481649949732,0.1221434308490349,0.4342282336363645,0.1318551898452131,0.05849247460898051,0.08492422094949816,0.21615134789474297,0,500
0.971971290577835,0.607148830444848,0.22777241659244848,0.6167448494922568,0.15421657137685246,0.05704267189108093,0.06972040509249153,0.284593150713708,0,500
1.1843269563161725,0.521957181522637,0.23502008717519615,0.26591005914857746,0.16763188409399624,0.06277114847345468,0.07761522044472927,0.19224777654206834,0,500
1.2432929078821622,0.49971615662713104,0.12448144627546434,0.49151258036994355,0.1617005999547669,0.05897061411504281,0.08922569352296282,0.2124459539740892,0,500
1.1353701883914826,0.5933508310962627,0.23729194986546878,0.34181792260188587,0.17765187521154321,0.05961349042890605,0.07029127875635699,0.228922057269484,0,500
1.0145217728713694,0.5922108038539168,0.19110255689555328,0.8308164196305727,0.15000609481939212,0.05442894227795783,0.06913500508507006,0.30645645732952803,0,500
1.129337491535409,0.5083710611375089,0.22457807253032933,0.3171231431302843,0.16513635065854562,0.06669529266094502,0.09438949605674528,0.19708374722407535,0,500
1.073433094585124,0.5721115472890718,0.23240995203040335,0.9999925303846235,0.09633155790558687,0.04521404226791268,0.062693988624123,0.004676199309770107,0,500
1.0314062436447304,0.5817360812287817,0.295511922995236,0.44292747048667486,0.17352384480147537,0.06609911992377755,0.08208311706479586,0.24773912259228031,0,500
1.0923948891699056,0.5532549865639921,0.2055306647143703,0.7181281939364988,0.1559501426699508,0.05793187183601074,0.07470763557000264,0.271741732166206,0,500
1.0162659814377222,0.5691024874281537,0.15784823824059055,0.5019235507029516,0.14221019927770412,0.05424109781780805,0.06661844463100283,0.24403670625984616,0,500
1.0628743083257597,0.5926455317337856,0.3620355633827784,0.41645909418312127,0.18702145913268434,0.06830048936810251,0.07558604925499562,0.24974971497060147,0,500
1.4026739629446159,0.4195868639655236,0.061894753171462855,0.3086964984687322,0.15348159096741873,0.05661557484405253,0.09277710545055723,0.16367310665116594,0,500
1.1038800776434436,0.5386893812053694,0.16033502137133437,0.4303521552566309,0.15206457366338805,0.057827083030087406,0.07698553081528371,0.2204877116898247,0,500
0.8836375321652272,0.6600960833844608,0.14350574455368786,0.8336120895913073,0.13664902764743184,0.046529350631941364,0.05176639805195946,0.3430937674001047,0,500
1.0857811009180152,0.5417492179599771,0.1835679327092107,0.3870673058090825,0.15271952597893124,0.058753641013094056,0.07585164999687564,0.21705562771763362,0,500
0.8556794471720458,0.650343190700979,0.2810757208400099,0.6779563269554815,0.14789913090020912,0.05538735843023582,0.05987082132795845,0.3280646252274162,0,500
1.2239167246442837,0.5011082415548237,0.047419671640712716,0.5757294633517629,0.16453939414768592,0.06059973832693833,0.10403988574274696,0.22316196103929317,0,500
1.1643628153013574,0.5391919904172326,0.0901864861718189,0.5982798998333649,0.14411031466721974,0.047204609113467834,0.050601265912009405,0.2596930631890649,0,500
0.8339841437089512,0.595051974691874,0.1448432772091097,0.6393391222980663,0.12265352081045151,0.051890665310995975,0.06375252945342688,0.2855013698848365,0,500
1.1134286907313355,0.5544613247606346,0.2091477418505615,0.4929714644843899,0.15441696248295653,0.05662087015551233,0.06343009754954355,0.23645772646025362,0,500
0.8257261627204915,0.6373993013545921,0.16526256674284673,0.7817729708814498,0.12762402211004115,0.04957137356931492,0.0560105029342821,0.3302742808078982,0,500
0.9298654015030972,0.5822433607722537,0.1913855660107678,0.49340487182999393,0.14034350530379122,0.0571792266354201,0.07186620672026425,0.25362398336876446,0,500
0.9662276544872761,0.6057765997909864,0.22245513957614704,0.8490330533811052,0.15267712040231346,0.05558567716211588,0.06708153374611577,0.331988564891405,0,500
1.3688691056540905,0.4718959890589902,0.13402297437525226,0.16756696713832261,0.17605504538218208,0.06310424626539812,0.09632355917110828,0.1593446515288231,0,500
1.0095551753640708,0.6082837429324303,0.1675526550473942,0.7603946272873483,0.15427580378220823,0.054309513638114586,0.070828436682739,0.3011947078622904,0,500
1.166836470351529,0.5359703453928081,0.1574206099641102,0.5462034057786211,0.15501503360688473,0.05535564652740527,0.07066463440203546,0.2349984553620103,0,500
1.0432405304057737,0.61981595117159,0.236827300221187,0.90730642871775,0.16895487334463183,0.05611956979497669,0.07017918352933071,0.33978346344251625,0,500
1.117927233377409,0.5922415640225688,0.09323402186573526,0.8969969951570486,0.15250404657326092,0.04906251040838693,0.06177833764537393,0.3040745753312494,0,500
0.9428163086136886,0.6025648493482293,0.260101047149219,0.565294326713717,0.15321516750737801,0.059392010507916274,0.07050949212927914,0.27811242763976446,0,500
1.3697302670708167,0.46821036951555106,0.056264192219675255,0.5727016615004656,0.15769832310181586,0.054080355522788774,0.08317794398478973,0.20924575342277055,0,500
0.7693831399246903,0.699460274143066,0.3808558579382542,0.5980935808438237,0.16216420100734885,0.060457352191531324,0.06398993366684837,0.3602382492791775,0,500
1.1142343911907553,0.574477232731431,0.18114292358113182,0.6603383006919448,0.16314106524750052,0.056990210637937036,0.07620794496783308,0.2682377833305646,0,500
0.8449204126372831,0.6563542534222478,0.20874159954691401,0.8196260306772339,0.1403840053116506,0.05165798234548124,0.06122938371440862,0.3483594464862128,0,500
1.0481287204504544,0.5720771020661873,0.17785203538609992,0.4344151529904927,0.14462334067057012,0.053542008992953076,0.060202525908355925,0.23413964079467353,0,500
0.8442469172193663,0.6570064930974184,0.2198243425030625,0.7298154031219621,0.14197499703867897,0.05255262274494985,0.06178971385761943,0.33452107746352994,0,500
0.9451308952699407,0.6348106477843968,0.3311545734891098,0.6293145590414426,0.1765719750693282,0.06380958137868362,0.07413643490538692,0.3147392138880454,0,500
0.9461049783188784,0.595202112554075,0.1844557374908075,0.7420245897411138,0.14188482073909073,0.054384763398487655,0.0683351834963974,0.2983205158534242,0,500
0.94981791991062825,0.631570860669195,0.2630540311670721,0.937086677745239,0.23729305199315862,0.07410758738494544,0.07869146417905666,0.597270884129564,0,500
0.9671199865129848,0.6154553751130286,0.20158689461108587,0.6531475247957977,0.1468294570165464,0.05322348754433372,0.061507078400339484,0.2903596142052585,0,500
1.056312891381053,0.6005792623690577,0.11594151739760844,0.8786231829734613,0.15172453580606066,0.05069280022749199,0.0657466452733757,0.31280382172744114,0,500
1.2350399231465812,0.46944908876722646,0.01847654452470016,0.45073549426440684,0.1510042616572904,0.05817594241407156,0.09939894083687749,0.19525481870782999,0,500
1.0836047362135273,0.5712142879283968,0.14457979976875768,0.5386200193657172,0.15164084328478505,0.053659691832775545,0.06853016053753502,0.24814485163883318,0,500
1.0934736591599605,0.5828449496665601,0.20765574965967762,0.7416315333270326,0.16145677390365426,0.055350054537731556,0.06744235694657826,0.2896430616173211,0,500
1.1869844314377669,0.5565287068396841,0.18243379016793218,0.7482552140140437,0.16613891114662455,0.055585399122619436,0.06971424020142904,0.2776259704721224,0,500
0.9848797033475559,0.5733970066944544,0.2663037502342459,0.7559444042151415,0.15366699756490573,0.06029687138722913,0.07371672848695922,0.29868493660697304,0,500
1.165262705695628,0.5005761756688935,0.11867072319915042,0.3952282993120658,0.14994028218697789,0.05764261034477058,0.08258511262174724,0.20155231915694133,0,500
0.8639011652077361,0.6606311205364969,0.21902594027331015,0.5355405581193328,0.141401831051575,0.05116310510365568,0.053852468603789116,0.2992798562020161,0,500
1.0585268614143926,0.5611700295658237,0.12493378838374404,0.5486548275851169,0.14443658528160036,0.054099899519220625,0.06938918685030467,0.24467056122018882,0,500
1.2135305831386782,0.4649247319590405,0.08748867485825404,0.3559466237059388,0.1410190859624911,0.05547002605820203,0.08066792072668183,0.18349397428936257,0,500
1.276402277969866,0.5086204707828481,0.09593203066865336,0.6309721468695726,0.1631171265146305,0.055940713207309534,0.08553601887396335,0.23273863186963392,0,500
1.1814189279982041,0.5308278989961918,0.1161806118796563,0.7084170045787417,0.15406417521568394,0.05473702509903531,0.07508489350042412,0.2540289980696199,0,500
1.1820347246700502,0.5510296647074221,0.2568482379961004,0.6072150976794995,0.1766246851709829,0.061884518675701966,0.07811074712341479,0.2548567756597561,0,500
0.8336651463167912,0.6424037899153213,0.15168236787888845,0.9999961024338739,0.0785245906258368,0.04081386263272259,0.06138762864679811,0.0016693108978870217,0,500
1.0147216516059976,0.5541525236407374,0.11246320479607841,0.410393618350192,0.13610041702249615,0.052712400698670954,0.06971704726091034,0.22284066897262989,0,500
0.9994244246833894,0.6511462546067097,0.15270414288647816,0.5423315080859761,0.15433796540859282,0.04902808004982981,0.055036477280297716,0.28484932384941714,0,500
1.397706839022366,0.47214033238170955,0.12882105324886725,0.5777030581143369,0.18322528581743347,0.06296093224005245,0.10590901987014524,0.21498771088586682,0,500
0.846312964755953,0.698221458836314,0.24413912443598085,0.9989324270206129,0.09497534375657478,0.04075425082411328,0.058111207824756476,0.054034741211153696,0,500
1.0456655996787534,0.5769852602082061,0.15793096403087986,0.5137753061313973,0.15481550125141416,0.05767073171250622,0.07730175899782364,0.2475568289701974,0,500
1.1404036697263278,0.5073667229739299,0.16103558502061283,0.4305416333574614,0.15333852912186477,0.06031942905067208,0.08625901115547219,0.21002542612748895,0,500
1.0935737316210685,0.5268105381264772,0.1492470952961573,0.3969206147030901,0.14892257684035826,0.05829134564812398,0.07998269777084496,0.21218725000813893,0,500
0.857334604534128,0.6696167509343023,0.28204620447619194,0.6376753308906233,0.15418355060471198,0.05534197160950262,0.06162290859968796,0.33040679509892035,0,500
1.0758046968455,0.5201690736554244,0.1363796503138583,0.5811444692755423,0.1422430026573983,0.05609675115931871,0.07792215563661367,0.2372397694755516,0,500
0.893711909678508,0.6122420480575098,0.25525896492777195,0.4703452243065445,0.15348600488194755,0.061606919260753026,0.0773802523046211,0.26939926920576013,0,500
1.263254951980908,0.5252539650797766,0.3331821595537447,0.547192354421496,0.2032782777799468,0.07219242672649215,0.09657751118984491,0.23843361171012667,0,500
0.9648163754866552,0.5987446474512871,0.26124770261891933,0.6252230600558869,0.1591307150250963,0.060776627081124024,0.07553182002673973,0.287446985753676,0,500
0.962621186798976,0.6429517035042391,0.27907551068153286,0.8278017031968062,0.16841127272513945,0.057968485964910776,0.07094385608673115,0.3437362593958084,0,500
1.1761927240129775,0.5586944135505437,0.21139327038767858,0.659819798201215,0.1646198914442912,0.05600096162326432,0.06637820360479112,0.2627204474375669,0,500
0.7372168277805871,0.6966560496075129,0.3467634961508694,0.958809478134536,0.14965343207978868,0.05704051331753447,0.06411917054263072,0.4375164378170134,0,500
1.1508740825817723,0.5707591705445909,0.18900747021536854,0.6206962804620192,0.16116593385100686,0.053577973395280636,0.069256764233964,0.2591864563467285,0,500
1.136055226616668,0.6021127707564691,0.2542823017119516,0.7183455389537293,0.17550910402330816,0.05644279204626722,0.0633679573776301,0.2951954614219169,0,500
0.8812888613850196,0.5657454450335704,0.13602943760194527,0.9638697052512377,0.12064079009229775,0.05033007261435213,0.06352524896418937,0.31504187750506174,0,500
0.7523569460972697,0.6954659616450544,0.25920511868235,0.6246768121277435,0.13706733453101125,0.05039424435769849,0.05203427368857665,0.3519619618658982,0,500
1.0624051766161038,0.5939191883977779,0.30126873282228844,0.7865989635433961,0.17804382757667214,0.06356395328292154,0.07993642762532009,0.30956703290495136,0,500
1.0208439513037155,0.6109409541399317,0.21950912945486784,0.6296657323157466,0.15798368851225322,0.05471511860985663,0.06327443685485731,0.28687991836540155,0,500
1.0264280026111539,0.5922742559277248,0.14501583107609967,0.7857614110722025,0.1492279320156369,0.052151021793221376,0.06890796911517623,0.2975533201405508,0,500
0.9311556234492671,0.6026375557491496,0.19990991362302143,0.7085035195359852,0.14213395556233313,0.054293457538615975,0.06564988526151341,0.2987937230679356,0,500
1.20698608941083,0.5276624478916117,0.1575320763637405,0.39304569105163367,0.15974988979280214,0.05687399564435526,0.07384738237981427,0.208708538102664,0,500
1.1087087184460926,0.5604010199073414,0.143431541753033,0.6354054959527918,0.14723451414761468,0.052241477114422015,0.06221565639278806,0.2561998111034308,0,500
1.037744750824032,0.62636891519868,0.2528668778565126,0.8343607979820019,0.17519457222193646,0.05889098253200768,0.07439136117708545,0.33057181738190117,0,500
0.9232142152106402,0.6320270053144894,0.26155735987325934,0.8410468298717066,0.1662010810398382,0.06197322054043888,0.08543682335478937,0.3409474622643389,0,500
0.8510840319815646,0.6268642108825158,0.3597299726437995,0.482414371607579,0.15825234140160843,0.0654340999126923,0.07150088408582422,0.2876160748156684,0,500
1.1004702068501087,0.6038340963688348,0.2706235243036994,0.5184113825511456,0.1752140960402249,0.05902166784944493,0.066915632418961,0.2636194503846795,0,500
0.7861946345802348,0.6720518099110101,0.2962966465430627,0.9999924878734769,0.08328730551501635,0.04326449364469932,0.054091500481823165,0.002952397524433209,0,500
0.9772897193646607,0.6117473300933227,0.270230763747816,0.6058264674721865,0.15935809207686322,0.0581011456100154,0.06635318992236165,0.28872336324676295,0,500
1.111558360571993,0.5765759738305393,0.2395084889960484,0.7316250613696011,0.1637085131331695,0.05635361429350637,0.06391769872004839,0.2854334568217247,0,500
1.2434019143728898,0.5511081001247575,0.310138937779022,0.23870130531097997,0.19407354808576893,0.06651353236326452,0.07477918253123016,0.1986612038066411,0,500
1.1710267226465791,0.5086027614739307,0.21337727182067745,0.3935099926757973,0.1595364731057267,0.060723951735750424,0.08390589294842875,0.2060207724182932,0,500
0.9394557574183349,0.6347973076767328,0.19294108091055745,0.8188867728278721,0.14439112754085873,0.051208077509491266,0.05843006392413953,0.3260062564982945,0,500
1.1067314167310507,0.5649515409159096,0.16882150484157338,0.7388836825390069,0.16044125161807937,0.057721312394911184,0.078396379546212,0.2767606460869965,0,500
1.1097526221454594,0.5650391733070518,0.33584284642617784,0.4704887309773145,0.18055254770603396,0.06590501109596414,0.07252015419161548,0.24669156546391635,0,500
0.8610147453208395,0.6661503092015768,0.2456444948901077,0.684786065118689,0.14643828430020522,0.05247495948092828,0.057270867470668785,0.33155868078109674,0,500
1.0122345009353275,0.5363190963746596,0.01971225376160305,0.6013786854062627,0.12668994992659344,0.049544751576412686,0.06797822775695836,0.24131171869340098,0,500
0.7667183148109735,0.6277588564988767,0.2966761631920451,0.525142357287699,0.1307010905222962,0.05794079406982375,0.06070458890474948,0.29636914136427295,0,500
1.0659582666489924,0.5531320278691654,0.24987926164258234,0.805904674080266,0.15957089714631692,0.060614253558923546,0.07911285592543096,0.29200434356496663,0,500
1.3650138830270446,0.43833492086206416,0.01619511202196524,0.364428776946317,0.1570194779234113,0.057786622695865805,0.10164617439743785,0.17450702451055553,0,500
1.1379716195958578,0.5438003903580014,0.19351326015135945,0.7081207908155527,0.15441201444903746,0.055009366900807606,0.0671756338831881,0.26504016306525324,0,500
1.0299200732622256,0.5692504684402155,0.21708792896666163,0.6633112748756229,0.15560757946097653,0.058443195273891316,0.07592090337966037,0.275496457890495,0,500
1.1185283918930231,0.6103674861316277,0.23960664018241268,0.38258456086127723,0.17783864085817874,0.05813433504908964,0.06719122008584442,0.24237498425404747,0,500
1.175117480493064,0.5458754574004744,0.15006109672707027,0.7922126699812572,0.16291952550519911,0.056526266119575015,0.08047856673274735,0.2748454797466253,0,500
1.104856109292903,0.5854810643433074,0.1612885151064635,0.6636251361757894,0.1579872409036932,0.05366827353912624,0.06747787171217827,0.2723835604281113,0,500
0.964498745703845,0.614776134149734,0.18933983081705613,0.7058547312471353,0.147178701951522,0.053379985061185214,0.06432021789817524,0.29910364844722037,0,500
0.9417219815065544,0.6572009152860919,0.23419068124967063,0.817049587227722,0.1572226790978379,0.0529655954166452,0.05968658328489382,0.3445596903282251,0,500
1.114726094459507,0.48989825606983867,0.1643021720503874,0.3294662200470545,0.14668557473582597,0.06053673074813906,0.08508837044931095,0.19257551714123272,0,500
0.9176298827760588,0.6076873614941545,0.21134177744716587,0.7270425762963418,0.14477879925445034,0.05628202001599952,0.07022694767150614,0.30479261722166195,0,500
0.9793340500115087,0.6243151068400223,0.14201673928430977,0.999944085705143,0.08930279116098008,0.040524142869992015,0.06065120240272006,0.016078672229202586,0,500
0.9725926619939577,0.6080227878010307,0.2500848720870971,0.6028733741729468,0.16154445329597544,0.06048185630996173,0.07643145540262243,0.284225213710821,0,500
1.2523207856562668,0.49498151870249474,0.12487682837617568,0.2660664950457719,0.15603686887538384,0.0568884267865999,0.07613878320238335,0.1805127224349327,0,500
1.017026157146327,0.5931329377150939,0.2765347446591253,0.6244516710824864,0.16941978043827924,0.06256409784707564,0.08026156534010769,0.28315918927447464,0,500
0.9941689393416865,0.5714742422122473,0.14984316120687327,0.6718954026587544,0.13987213419950578,0.05374848982207439,0.06796436673254506,0.27163794713797695,0,500
1.3194879475220629,0.5226596473759366,0.10699248648885137,0.40057148916243224,0.1613854081009244,0.052586502655338783,0.06559591390497677,0.20346492570574523,0,500
0.924669451596428,0.6281068706571598,0.27711386788601416,0.987052656227516,0.16466542203667808,0.05714690303062267,0.05940139928305172,0.4211773486782623,0,500
1.0496804920406437,0.5896115231162093,0.22510181739550952,0.6801446769836983,0.16414781418528032,0.0587833014571365,0.07613141404676979,0.28402726934831046,0,500
1.1152394984368923,0.5761001737775824,0.13072366354931472,0.40155973650839005,0.1576808713095371,0.05480195354600851,0.07009663072163813,0.22680345951942993,0,500
1.0727034904117474,0.5886879692889679,0.206131360262198,0.47316953934218975,0.1644896707301707,0.058071145201304256,0.07266619146818873,0.24878791527815003,0,500
1.154774288460457,0.5748360774932672,0.17947601229229698,0.5634771431626625,0.16380072389771955,0.054960552963206274,0.0669772400644324,0.25239166804774166,0,500
0.9966414505336469,0.5400513547402758,0.1654377549997846,0.44347195313938625,0.13847462103153665,0.0574242136604517,0.07535188343657166,0.2269138948687148,0,500
1.0588243042070988,0.578354933127125,0.23749559072082052,0.34840273776619574,0.16729344948427755,0.062231694101865354,0.07778306567244253,0.22723765495365292,0,500
1.023937400637425,0.6319144725488363,0.13252013876108404,0.8974597084155016,0.15306121110127496,0.04952464181320161,0.06318558924858236,0.3259271222261401,0,500
1.0886460668005349,0.5447346144484093,0.24740571125147873,0.42148178478183285,0.16876770933674465,0.06567260115370652,0.08882942975992036,0.2264307105428533,0,500
1.0459296221890397,0.6143548389385385,0.19761089637023033,0.7241939694140755,0.16286667852032216,0.05423087373092944,0.06554191746743358,0.30353839290460377,0,500
1.1983654382608582,0.4964663529614851,0.16117657652828107,0.6253844639849814,0.15123696247089646,0.05647648511973609,0.07584996754009143,0.23282385495035443,0,500
1.2437178855736217,0.55547307553771,0.26567721718691195,0.2265585933487918,0.19181643014191999,0.06505069744030474,0.07883446921764961,0.19613902442770784,0,500
1.0451744814895807,0.5497250716347118,0.15518719963036556,0.4131626630878349,0.14799396800341333,0.05770946808110363,0.0764495092491459,0.22405337556916677,0,500
1.0440805651511427,0.6062100878242074,0.32048412258035097,0.32964312048166894,0.19320018794745494,0.06985233091739546,0.08506023481604116,0.24029324305397468,0,500
1.0052495738084601,0.5602959513906122,0.14985452278204658,0.6944043702350418,0.13604392569995472,0.05213541108560066,0.06289076936762933,0.27020936664278183,0,500
1.1520583076293263,0.5255806403085364,0.23289830892799945,0.586519799304598,0.16348870334941684,0.0612957128577231,0.07987677367121168,0.24237743565407632,0,500
0.8244190261089012,0.5981284955368582,0.21956977280298554,0.754738159210101,0.12716902942255284,0.05504075346913443,0.06583544076447714,0.3111254487921084,0,500
0.8807337748211219,0.6495528876503422,0.2061837009271417,0.9999211284556504,0.08924718491183146,0.04287145315721263,0.06454876698862948,0.007593105199240053,0,500
1.1226381813299657,0.5700839165028895,0.18012568805842194,0.9054304606371086,0.156021199630367,0.05298351125400107,0.06450590515422847,0.3045103623566335,0,500
1.0644745272746143,0.5734879253383759,0.2222439850338917,0.6447273304007972,0.16760194088925628,0.061333118195655865,0.08570218461553183,0.27258882053444067,0,500
0.8455219553484827,0.6789519658966828,0.1552651821999202,0.9999479263069445,0.08350032927383022,0.03811220139344937,0.05539627320024028,0.020595519147806985,0,500
1.1357945051638925,0.5633196423385453,0.12106786192342021,0.8349148604270609,0.15526838324990855,0.052915854854593054,0.07205584805816846,0.2853864963702021,0,500
1.2823411288296416,0.5151119610971916,0.09462058096305395,0.8438861794111767,0.16516920914790773,0.05456960071594858,0.08255970319519174,0.26773146868867737,0,500
1.2723266596232123,0.5104446254204782,0.15335939682432798,0.6495392882637419,0.16269851675952335,0.0560211482689669,0.07594812363623077,0.2382184807450675,0,500
0.7679838688867081,0.6561777746217482,0.28355161732780876,0.8125440590939691,0.13317035757589984,0.054873476680471774,0.06199980466754467,0.35512176391470973,0,500
1.2574684079296026,0.5135632064917216,0.2946423268087783,0.6021778962507038,0.18412370684469057,0.0653902378781994,0.08315483195679557,0.24105918217421485,0,500
1.0031753105924166,0.5449787102581217,0.21548975914796456,0.4038774849939493,0.15676933188553632,0.0650102087026098,0.09416511341010714,0.22608003526509804,0,500
0.9181790760366443,0.6145389728195417,0.13330562291742293,0.6072501226081689,0.13444048065045414,0.050121914342912015,0.059055924750777256,0.28130167419578767,0,500
1.037512201272934,0.591010511309776,0.21830815356536962,0.7046503379469078,0.15618258192350673,0.05570383212415136,0.0668008232865678,0.28863809449232963,0,500
0.8381007750941946,0.6353140355704803,0.2507719763336764,0.7951339720857241,0.14024316318941624,0.05509912055740552,0.0641553756510376,0.34020166446208233,0,500
1.0379526696172612,0.592688930397389,0.16700427733975634,0.7882423478684194,0.2640221539957021,0.08013228661476389,0.08400826229292745,0.5743612640572001,0,500
0.9653630343995239,0.6476136942274842,0.17620141822851623,0.9671598045859854,0.14683787077286023,0.04834802195058885,0.0567819061310392,0.3457350721533925,0,500
1.1588070586224093,0.5330574452469528,0.04052741047095159,0.6576764682770669,0.14588073402057622,0.051265973072217925,0.07282586763697185,0.2444007355787407,0,500
0.92789022129893,0.6329379934973094,0.24391462057702118,0.5002219864322427,0.1576311604506584,0.05815625777518796,0.07018941657813145,0.2793468716763818,0,500
0.9625390714032188,0.5859724567220476,0.1556526872559942,0.7315203401661367,0.1416300700136314,0.054014765776273496,0.07028678215196076,0.29065579104914435,0,500
1.0366948907292375,0.5809915812122687,0.1545398787527456,0.4592326020363221,0.1413866499534368,0.051743871275637704,0.05823805331844444,0.2393021592876437,0,500
1.1866241511675906,0.5787005169079724,0.12195820614642464,0.6714457733178971,0.15964371473367922,0.050705228287606874,0.061654982126587085,0.26543644793980536,0,500
0.9594532196516469,0.6290132353116438,0.2383603934266156,0.5622100447943128,0.16079618673174056,0.058031262107775025,0.07127467032094809,0.2855701461637256,0,500
1.3534530990477407,0.4583396493211193,0.22297718304293235,0.17168359893926471,0.17152752994748058,0.06368341480930381,0.08354840322819204,0.15880085060262059,0,500
1.0444203050563092,0.6009857368347101,0.1989604616042229,0.6391230680714033,0.1557903701781255,0.054114950701779095,0.06378314964044685,0.27977841213347476,0,500
0.9751924846486822,0.6299595766291655,0.24112659741558096,0.739514523670959,0.15628901395036127,0.05424509428325516,0.06254240966846225,0.31550342153285404,0,500
1.1876162991858807,0.5130905112884945,0.08622001629703334,0.6811572427271279,0.1440726330325164,0.05132769160643743,0.06775323172061057,0.24262119602880935,0,500
0.7816673019713671,0.676446638705525,0.2914451594097366,0.7066169991497687,0.1387925507704776,0.052079350324443253,0.06041614848549338,0.35126891304135155,0,500
1.084293356430296,0.4764097726378887,0.13287262460499352,0.6085076008128543,0.14169472142298586,0.06087715256805932,0.09693724631488738,0.22819340244964334,0,500
1.1955589017661854,0.5749581790403225,0.2487593899598994,0.5191913731415557,0.18102710326325971,0.05997170353525191,0.07255315119348203,0.24822278169760534,0,500
0.9852202769508479,0.6042427683337791,0.16734185015993822,0.6570448042220575,0.1522441360884139,0.055656711521824984,0.07406655178773794,0.2844092235325467,0,500
0.7301943560767878,0.6857769322136391,0.25185073435863786,0.6832577676207933,0.13253521764821824,0.05229427715369658,0.05880164156633168,0.354827009945898,0,500
0.9231108986146891,0.6494308289932345,0.201043219292277,0.9998363090459166,0.10127747818448841,0.045927469795083664,0.07641772890530886,0.011614218569067976,0,500
0.9654783882685039,0.6344253329132271,0.3420216874106257,0.5647033932436883,0.16942837481746806,0.060200659571234334,0.0617472081006572,0.297948616151383,0,500
0.7745759288557338,0.7059603186176006,0.23603568672041353,0.9999865061638713,0.08605324159275203,0.04031229788954633,0.05728889796308093,0.005137629150356674,0,500
1.242601583058499,0.4742289949586436,0.13099021090185947,0.3878120378243464,0.1578690296848011,0.06032367427619474,0.0926818003371873,0.19192274442082224,0,500
0.9454449400176923,0.6201642112343607,0.1766974514999038,0.7771088970577262,0.1464305636203611,0.05316284177857174,0.06690377367975353,0.313050587376785,0,500
1.1306244521754492,0.5041539008556835,0.12537005205587837,0.25819174846412307,0.14355391703251164,0.056914325079013665,0.07640465604991452,0.18380020567310199,0,500
0.8414783440531765,0.6376768567794615,0.1517067565775314,0.9514653874701681,0.12246640291425388,0.048109212392961266,0.06193360849641135,0.3167563876129485,0,500
0.9225271476816578,0.6764554812704967,0.17936127308940966,0.9999968920422697,0.09250742098645373,0.039767392824059736,0.05610608239120565,0.008406461849360699,0,500
1.0175656767633605,0.5960250386071544,0.2059852273113185,0.7045562393425501,0.14794600964088933,0.052972440102823905,0.05935659447863107,0.2886924291295156,0,500
0.9966753640268196,0.6160906700922268,0.21181297837906538,0.8328785286684811,0.16027308602859905,0.05612569026866708,0.07283892317129811,0.3231229319410697,0,500
1.049402286067801,0.568597462784602,0.12185143587716948,0.4265010899724855,0.14631007579172536,0.053991157846493006,0.06942935616047922,0.23031627954345246,0,500
1.0722465015342062,0.5996756749021719,0.15377429861670233,0.8224942601658918,0.15888922693455249,0.05333725606317251,0.07032095278432957,0.3039616825626425,0,500
0.8531164866909734,0.6702506397239931,0.2984716800788109,0.998884550376787,0.10088049865772657,0.04608297385754057,0.061819154333299625,0.10917329775794765,0,500
1.0849908751968331,0.5908239502364994,0.17385738988871902,0.7139800958832325,0.1566424244473211,0.05351262993802367,0.0669144694303024,0.28308775727810276,0,500
0.9023644229366604,0.6053870717415712,0.23504758251757718,0.99996032045647,0.08773102266314524,0.045687600172177933,0.06940809921122706,0.005572666678872383,0,500
0.9661373731291641,0.6337030730295371,0.28389854983841084,0.9973203751702977,0.11206064239204588,0.04789222123692711,0.064842593347402,0.14053638140344,0,500
0.9569881778176966,0.5985290411165985,0.2055816933992112,0.4333824883248893,0.1477710062545566,0.05646774247592836,0.06652329930276515,0.2511292032754497,0,500
0.6768721822492035,0.73943483764165,0.42841339638288223,0.6664166047326222,0.15174151484347817,0.056106469845823626,0.0528087392276223,0.42216984888675196,0,500
0.9070760581168915,0.6184440543060253,0.2530611331678914,0.7248030430064047,0.14604147008770374,0.05586853718756819,0.06403449184960598,0.31319688563734555,0,500
1.0361924549595152,0.5521288362683274,0.26670554980528854,0.7109728263758072,0.1528646450535228,0.06021912634614145,0.07290953818060843,0.2760396860356538,0,500
0.998903455589171,0.6027295999400861,0.1888764550220724,0.9985183966107276,0.09477065265483695,0.044231386915139746,0.06885296266549043,0.03794399841294617,0,500
1.0930520012940472,0.583357888321229,0.1959350970813823,0.5003882395957644,0.1616912525767953,0.05665095055975678,0.06973011971558946,0.24877335165148973,0,500
1.317135662103747,0.46900567124185744,0.17054928393720903,0.4937493030931483,0.17146417425781715,0.06291865205406512,0.09770617425309555,0.20500313405800832,0,500
0.8769043049051826,0.6667324537009256,0.2535761570843407,0.9999968903117256,0.0873771206675359,0.040998455567610476,0.05203304780698499,0.0023274333600632933,0,500
1.0936565195623371,0.5717981007243775,0.2697678613195293,0.42579224845388997,0.17089776412592278,0.06266895535604342,0.07581079806343649,0.23660489553558986,0,500
1.299087891722448,0.4991716691935012,0.12846063661836907,0.6226194219537861,0.16969680979322876,0.05909837422868779,0.08945429788696069,0.23058461178322665,0,500
0.9243932530030151,0.6051855893968041,0.20575675224791742,0.6152679342428684,0.14788992266658013,0.05717113848541317,0.07433937178605717,0.2853427684203574,0,500
0.9938447628105639,0.6125455484979733,0.14292538373211286,0.6620030025195872,0.15370752097611196,0.054174042295524374,0.07217937498720003,0.28709901975557356,0,500
1.1226978600382844,0.5789873965084645,0.20924209586464504,0.6649069094844635,0.16746178544946239,0.05773883989557739,0.07086105225318408,0.27366165747301846,0,500
0.7974118304723729,0.656187802435201,0.23320679209842368,0.5608109896940902,0.13492387704050549,0.05321998981307206,0.059091761817463374,0.30821001418752253,0,500
1.1030362331114745,0.5788780487518799,0.2055414652717239,0.6205116426355457,0.16694668596214002,0.058471526121455834,0.07662015493972489,0.266526754097611,0,500
1.189314192863681,0.5737974807158688,0.14114620571025077,0.5467429353897494,0.16704514712668894,0.054382461612427144,0.06991119467909813,0.24710246222333102,0,500
1.1915625038022193,0.5842279061995878,0.27736232876110806,0.9179971769808926,0.18642694677325578,0.059675340210791,0.07440886247612265,0.31859530921061235,0,500
0.8895473985481768,0.6240678047351085,0.31931528846393353,0.40808476423959233,0.16674971587110987,0.06644410607760445,0.07858415009900657,0.26943536817682257,0,500
1.0323479882784603,0.5520093219149482,0.14756759270613787,0.6982788864354664,0.1394102319456547,0.053813840179991,0.06957038636257401,0.2653703650121857,0,500
0.8767876321681933,0.6713949866105253,0.27213591821610605,0.6143520410713572,0.1518625622765972,0.0530685441778132,0.055435540515627386,0.3236790286095436,0,500
1.0895447066861255,0.5744096043148519,0.1928448263690223,0.6638683200292994,0.15884281543357592,0.056686960234324395,0.0722796586159219,0.270403322708293,0,500
0.8946194313580853,0.6446890791922564,0.3147897330766811,0.3787234662347358,0.16132667917615715,0.060634736357456843,0.06498750530490445,0.27115085241560893,0,500
1.0773062176746622,0.5771537338781328,0.19812614903714185,0.6146614627846303,0.15964509769839647,0.05643206751145581,0.07122083174045017,0.26677132675934945,0,500
1.0005039762012358,0.5793683032530549,0.1313436425167688,0.5750793322748617,0.14374387506992709,0.05375164807460648,0.06903336596747012,0.26012197889682676,0,500
1.1281659057139097,0.5138732504110319,0.09574334321655747,0.4113642624858689,0.14311439664188697,0.054995205810994145,0.07602788626201895,0.20712425390890268,0,500
1.1172919458856123,0.5390597181913592,0.18640467229053648,0.5157381927049002,0.15568002161339684,0.05840088035848615,0.07691832193528561,0.23404738252286644,0,500
1.1382209331310178,0.5229641147490303,0.09847214391994007,0.4920722873389263,0.1474877742523453,0.055080107341144914,0.07761051663786904,0.22102379440817657,0,500
1.1550184073430299,0.527997533895711,0.1759433709502217,0.7382112616363773,0.15660376230733475,0.0567594669914107,0.07560670569362916,0.26395162042616643,0,500
1.1902023800541708,0.5285747130024735,0.13300545088166793,0.5173135301310908,0.15391296667683627,0.05419802290932836,0.0699749281080183,0.22705197083051323,0,500
0.7435677722020916,0.6987136597333181,0.195303272604946,0.997633970254427,0.07764918403363517,0.03877249517851032,0.0536238351031665,0.05121113560104404,0,500
0.9201049071052708,0.6249301605606472,0.24088943424067422,0.7881086869659212,0.14658307327165243,0.053641713095880075,0.059956304874755416,0.3268198178927824,0,500
0.9529674917569667,0.6507587186941184,0.26646773144116076,0.7602283492602581,0.16666225530403575,0.05640528331724107,0.06630752108551378,0.3372571258461769,0,500
0.8880083768103181,0.6481028286580952,0.2580156664232465,0.9945026956853037,0.09225029589256475,0.04322354792327037,0.05830822032190558,0.07829965789196418,0,500
0.9142985223723865,0.6539754634516701,0.18749341442627293,0.897055820165491,0.1470104543672384,0.049482256318893615,0.05644064204698487,0.358470987211379,0,500
1.3478782652937844,0.4324462582998972,0.15759020840249846,0.47692076618783547,0.1603422098789176,0.06040712785664827,0.09410592271852204,0.1918442682662628,0,500
1.062340007015908,0.5275643206594791,0.1116502495005785,0.33685464847641694,0.140205411279527,0.05664870623988349,0.07447227040644523,0.20285392622714152,0,500
0.7583932717952989,0.6875875142987062,0.24892484699759027,0.9999935390125672,0.08219639327616349,0.04165525941251687,0.059565359947826364,0.0027113386752746237,0,500
1.146039137602727,0.5668412405099382,0.08321389350218532,0.6109884440150947,0.15138752223591617,0.05131794727211069,0.06629320489441523,0.25033418178395866,0,500
1.0878429118026987,0.5616336025387163,0.20331670045553304,0.2784486464060494,0.17002365607720596,0.0633230745580631,0.08757078553549466,0.20869334554134397,0,500
1.0254033452271918,0.6076286598868318,0.2129529992410288,0.39628201781083816,0.15909080760046918,0.05714115098744913,0.06685874164892204,0.243529380024304,0,500
0.9341735142817976,0.579663172405291,0.2533110099462448,0.6493730902732971,0.14256030447189444,0.058343373474942575,0.06888399909830682,0.28072511467686084,0,500
0.7397924539522179,0.6888067456710313,0.26493317709060554,0.6565293868607243,0.1371894006592749,0.053529827234670875,0.060532171324038916,0.3525417062363895,0,500
0.8389409868524061,0.6071055363408734,0.25393491715735206,0.8955616505052165,0.13906072080719026,0.057491028930296985,0.06970345441260416,0.3542725275949848,0,500
1.0511747973539594,0.5466603585148361,0.16122587760611215,0.7047902876002996,0.1449892698809928,0.05525524473262662,0.072183232168474,0.2673917849286353,0,500
0.7781404326583475,0.6860027320602341,0.30850458018300636,0.9999781765394034,0.09011179160517314,0.04455234801874614,0.062023875526506705,0.004706217064175968,0,500
1.114044311647072,0.6083647840602555,0.27170838236894923,0.9999970521489185,0.11174226468507686,0.04629651973301788,0.0697760619585858,0.001597470077504473,0,500
1.2139695359093354,0.5532289099746237,0.1752253790556687,0.7467873947019747,0.16591498955749198,0.05496652260934072,0.07024082163917741,0.26939198735358466,0,500
0.9881886804375656,0.5988289919056535,0.1440836553180065,0.6323958641038844,0.15186096126373055,0.0561101175381862,0.07708367774010988,0.27616656711296206,0,500
1.1993544660740991,0.5216010153673062,0.23906486021207357,0.41804249641963276,0.1661364222543126,0.06055132379039481,0.07276497478608561,0.21474820513772044,0,500
0.9166769203879394,0.5602306622375851,0.1818811908048466,0.4729463481536543,0.13704893555082065,0.05891466189709273,0.0808281288092359,0.24320208523834616,0,500
1.0636131185725324,0.6258801422797,0.250428842268029,0.5725595342763615,0.17275119311220105,0.056958816756026855,0.06648931645664816,0.28142527199209955,0,500
1.4757515771909675,0.4821651496543665,0.17627801417468725,0.32670055829047645,0.1892627776135258,0.061862587998591526,0.08819348493305698,0.18159553631354183,0,500
1.1768336910965485,0.5670018254517794,0.24623495649120827,0.47495288438803096,0.1831518310029682,0.06304776553988167,0.08163610610512531,0.23934370690893858,0,500
0.922808385164361,0.6425502309002868,0.22331119779371147,0.694488733664964,0.15168651126863475,0.053571862045241905,0.06229561187406053,0.3169509235124326,0,500
0.8469060972758279,0.6505581568450124,0.22509846650952564,0.9653845187412079,0.11758304742560331,0.04781898821496649,0.061425765612108135,0.26813745300055974,0,500
0.9472342142581186,0.6045683373905055,0.11432154288668271,0.9331319484935752,0.11187769719455808,0.04630506898135265,0.06759136762598632,0.21812063041171886,0,500
0.8778083206309399,0.6245480920784459,0.2788048969795391,0.6230720137431628,0.14420159066603622,0.05585718778531157,0.06204794743033374,0.3027042418207162,0,500
1.0648683069019864,0.5714667416047646,0.14291112908122436,0.46311826284955854,0.14623429670588983,0.05301419878889246,0.06359859319981365,0.23645193321451105,0,500
1.1801816269186751,0.552094547400319,0.0991605665135843,0.6399327570487396,0.16100879701988904,0.054732159692477675,0.07820243554546291,0.2508416292965839,0,500
1.002740729784094,0.601100144655294,0.2991198004930972,0.5921315680327139,0.16314861191684565,0.05999864967744931,0.06530682149015425,0.2827078728441458,0,500
1.0105166122046148,0.5970003876325366,0.1439032468972611,0.6108637099351353,0.1440825848168989,0.051123562004928735,0.060281594861879166,0.2717784437400881,0,500
1.0879361184664362,0.6075923000095147,0.23407431430274078,0.580027097234714,0.16631564191190665,0.05512941834206414,0.06155873397085536,0.27395217373813235,0,500
0.8576784507357792,0.6657575627267992,0.3377221715284668,0.7883833176305578,0.16294260547578665,0.0599623501940686,0.06772391487653329,0.36181986234300345,0,500
1.256600743450412,0.5194673712934551,0.09142106297269777,0.5208396879555336,0.16448639287965613,0.05734797379726845,0.08185055279126652,0.22150869459416253,0,500
1.287402115745955,0.4443696241007424,0.13973894822017777,0.2791061155723194,0.15703418992733928,0.061512388666420975,0.0953782704511877,0.16944890039378196,0,500
0.943804955701146,0.6361063576648691,0.13419423209728099,0.9809225741385558,0.1019495119040424,0.04077578497679488,0.052730894068377616,0.18758619398589288,0,500
1.154810168005877,0.5149674826156333,0.052035307551863426,0.6690747324278439,0.14041945903798408,0.05101860680385511,0.07168755092876147,0.2407995061865353,0,500
1.0723381426370353,0.5695453317224758,0.13980459145035581,0.9999918131860476,0.09239226330938428,0.043639878142254444,0.07039911055533181,0.0019213919882553783,0,500
0.9167512121453472,0.6282196707851809,0.28488445985360045,0.6476418959717356,0.15943781361191817,0.059286083640222885,0.07171283201916184,0.30938145811864937,0,500
0.991698552419715,0.6110088008792032,0.1389346014614884,0.8840859641533466,0.1472594680811452,0.051316277370147045,0.06664719850201725,0.32102265699751326,0,500
0.9498082424079612,0.547467381651179,0.1939583375105237,0.4774825491304876,0.13259414961801155,0.05559311209019267,0.06535451261994991,0.2391123024415679,0,500
1.2922663649928812,0.5244148945312758,0.0998003134337958,0.37921729651943614,0.16351097185920904,0.05498895199679125,0.07555221587794243,0.2005848923647162,0,500
1.0144506799531885,0.5771136269863929,0.21204241599188028,0.890974291150572,0.15757620548367854,0.05925921187447911,0.0844662357620535,0.31249165718842165,0,500
0.8213713456422569,0.6418093668006861,0.23206638083035125,0.8089985574847224,0.1341569658118853,0.052459283227633165,0.05880348419251924,0.3444627410417976,0,500
0.9981350738874061,0.5852364982823515,0.20214364164151816,0.7040343992282851,0.1457021365395241,0.05453020686730674,0.06539597900619208,0.2850256186573394,0,500
0.9459255566033559,0.6297142610043588,0.2108717164202406,0.999996052668742,0.08748785374886303,0.04142961376298252,0.05532102063901584,0.002671667525442062,0,500
0.8307463827335312,0.6613628947571895,0.35048144121193175,0.7233372158778939,0.16080917442107492,0.06162028706048826,0.0700289298752028,0.3529540032405496,0,500
0.872536770001833,0.6523013264569633,0.09510719578305717,0.8805401368120762,0.13447938901980405,0.04631479249644968,0.05560665630894838,0.34726435514907295,0,500
0.9640576625358733,0.5765320070521524,0.15724444899232878,0.4772739589768927,0.1375898246804206,0.053875006502233105,0.06494436976987868,0.24644937510499793,0,500
1.0028015982904126,0.604927708974913,0.16692425994657267,0.8584365992186103,0.14775725741763537,0.05180765717375095,0.06383194951728767,0.31583559297800723,0,500
1.217852796712242,0.5718273024365034,0.09754996300227341,0.609021015500295,0.16287751826999744,0.05126589265058471,0.06586468289075066,0.25176721742616387,0,500
1.0558138112282338,0.549242083891552,0.1946665106340984,0.5618328234827611,0.1464437594776759,0.056181190052187184,0.06810302812090911,0.2470496375239673,0,500
0.9571966285432935,0.6129738958988339,0.2117764853746988,0.6296240654697934,0.14963802947220128,0.055415349907815964,0.06745135766988582,0.28746288564027134,0,500
0.8342419674535339,0.6471707553553425,0.16307805785212506,0.7620938614529593,0.12979091837874385,0.04877669750395234,0.05513153107131428,0.32870309753261984,0,500
1.0352032861727836,0.6002099713620805,0.09249467028070849,0.865690189244148,0.14479596293323163,0.049051798108939594,0.06267603472026624,0.3075393604149383,0,500
1.2145753400638941,0.5105842228182996,0.12801582420019572,0.48874974999427795,0.15366558658602922,0.05590250325071946,0.07513664947801324,0.2153876995457513,0,500
1.086046840031392,0.5465561467955122,0.19479863738749362,0.661137429444066,0.15612051370803812,0.059249020289963775,0.08052948928635037,0.26063749025757127,0,500
1.202946796559374,0.5630699754013437,0.137796458630704,0.7007398471707069,0.16226101380487445,0.05271273415306316,0.06717388810788051,0.264878252701558,0,500
1.0010509485634589,0.6001164697385095,0.19499154145843664,0.47212127925476377,0.15547816986021162,0.0570504879994848,0.07121850901525427,0.2546494557619541,0,500
1.1435097426641794,0.5294024132257588,0.15531878095630516,0.9123624333911512,0.15092158659593424,0.05487168840763147,0.07197647641898945,0.2880142776182895,0,500
0.9583455866797507,0.6083399682245598,0.2856676115826058,0.7006158752106814,0.15878475713617182,0.05919873852843307,0.06725321587786898,0.3076683020593439,0,500
1.1163143828288533,0.5211259052398518,0.16957576899394908,0.3885347633486364,0.16040124952623047,0.06312835599664252,0.09251034543437221,0.2099329723491356,0,500
1.5120959433741157,0.4459693664000739,1.0589635408437518e-6,0.46678456019642217,0.1341152469799023,0.04043306574151439,4.389131061637697e-4,0.18453544012863038,0,500
0.8769420850733086,0.6849440832021921,0.246785659673135,0.9666242249410741,0.15327642729125576,0.04958078293656638,0.051975181755305126,0.4090714117037986,0,500
1.0800350776282623,0.575894641647427,0.0872565820093288,0.7536709669598921,0.15206675117721524,0.052728052731167645,0.0738930811127465,0.2800868586511825,0,500
1.2986689697624647,0.46463901377230865,0.08966943942121476,0.47546493029989956,0.15571280022014017,0.057638177312466586,0.0891853351783109,0.19822843368036172,0,500
0.9307691650343836,0.6317434647831494,0.10053905225493744,0.5702806090673904,0.13512331660681293,0.048083364600307515,0.055691200106531516,0.2771201006412494,0,500
0.896123994136563,0.611611773836681,0.2433850217202303,0.9039956086874238,0.1360930485976034,0.055165555843737335,0.07192299408827678,0.3053822523677022,0,500
1.172443875024788,0.5065914213479523,0.015021934107870918,0.6673125706827774,0.14386751235807316,0.05224828892346314,0.08002669344255087,0.23650631520123802,0,500
0.9996622779324145,0.6065442093500055,0.15662593418157567,0.9022244810942242,0.14659411761001234,0.05089923325516631,0.061933726384767615,0.32593284843411924,0,500
1.0571669485023816,0.5900961462962241,0.16578574603203564,0.6199753476060028,0.15094083735272537,0.052915282808281026,0.06415535628709762,0.26806320338195666,0,500
0.875746682771985,0.6987830935125701,0.17094602283762678,0.9999971275923133,0.08236905727709772,0.03595203332284576,0.047575607990188645,8.663044295895385e-4,0,500
1.1397466226216508,0.5599236834232059,0.27338668337934824,0.4276668465595622,0.1788770832012434,0.06504686942467276,0.08097463899776848,0.23143919598497856,0,500
0.948395163825136,0.6357919488912831,0.2640089749281343,0.6010026048674812,0.1604773322220412,0.057828571943693174,0.06536062727583254,0.29841475035728643,0,500
0.8990733141313985,0.6399284825817092,0.2689412402589119,0.9999962256688112,0.0964479352113166,0.047242693360735555,0.07113726921709035,0.0013862892676296682,0,500
1.081179762134414,0.5958579689396807,0.17713848701945034,0.7002517286727945,0.15240264215680496,0.051091880668034294,0.056395799851109485,0.2838124648313861,0,500
1.0835237882555593,0.5620283317057749,0.23961520268452596,0.5517654025753221,0.16855155612095488,0.0633573854794668,0.08300571119249045,0.2525322946144412,0,500
1.1660922935170825,0.599682606313469,0.11275017925527371,0.8508013515269488,0.16460622274593134,0.050739639902027546,0.06674949729938907,0.2998118103357141,0,500
0.9468521724337048,0.654922652519657,0.20291321800920933,0.8289666796361338,0.15363056273178977,0.051231929773615834,0.0597804679128795,0.3421166224045947,0,500
1.2726169706454844,0.4467908320871944,0.02400895428505348,0.7722335222672901,0.14673849657538038,0.054890733960771446,0.0966998028583474,0.23240982199566737,0,500
1.0754843096428202,0.6092654936218185,0.13015592536987897,0.6112195419323844,0.15528757011910124,0.05076930003045231,0.06091621632740497,0.27328361473285334,0,500
1.1646365439666773,0.5706038365737792,0.2426166227652061,0.7077885063421253,0.18281069893531846,0.06264460452112082,0.08868999464133764,0.2812422583769673,0,500
0.9662471685591186,0.6120742771399148,0.13020098962582083,0.9999597874152562,0.08265514495282508,0.03933848190465026,0.055416514572100894,0.009149683909287918,0,500
0.92845279887573,0.5945247155658787,0.30088303646875375,0.7877297369965939,0.15298022336780323,0.060653141256847544,0.07003340828801621,0.31863891564890606,0,500
1.1051300724995452,0.5940587704967176,0.2803708717540371,0.556281617449579,0.17414455598693493,0.059386059332797544,0.06593487772622686,0.26708100033954246,0,500
0.9472977977412048,0.6445645385585951,0.23135222272768366,0.7372881379711916,0.1561101304770386,0.05335299603822674,0.06066385464197685,0.3259680315972906,0,500
1.1032365254182517,0.5576851696068117,0.025183025250970725,0.673832811289075,0.14160944617371948,0.049381875964255355,0.06739635463357009,0.2551155732327157,0,500
0.8626335354226703,0.6675530592444547,0.30348526126565434,0.999997975190734,0.09311987528015621,0.04387743240919113,0.060408239532491866,0.0011731404248259774,0,500
1.0099100705433919,0.6197197418456719,0.22374376636078652,0.6004705906097134,0.16203456073179795,0.056908700064850624,0.07063825612517131,0.28231842742099134,0,500
1.051731816074488,0.6067633550379065,0.1805029738539551,0.5293612202446161,0.1644653047738352,0.05610106606267128,0.07450473125398643,0.2641227242200839,0,500
1.1317379686254545,0.5396012754000952,0.24594409859818342,0.3439688014028154,0.1677359972354713,0.06315389594574243,0.0792842147016544,0.21161647224756347,0,500
1.2977881505736033,0.4676440976651836,0.182865338983855,0.23847347814255296,0.18023090117157703,0.06886566472966311,0.11010544458196159,0.17070801526005092,0,500
0.9161990724118736,0.6082877850078757,0.21559233760965646,0.9607476798692283,0.12376359564252623,0.051297689249710156,0.06988632525573019,0.2627531504368676,0,500
0.9842372931730139,0.6136701003173431,0.1496182478323942,0.9179098707700033,0.14617988081585573,0.05030073227043562,0.06142275950219672,0.33370956931456225,0,500
0.9697495087198367,0.624553149176672,0.08254746701529535,0.7328678419739408,0.13476423025223852,0.045561185923045464,0.05132566673750798,0.29750941681347476,0,500
0.9783268140721765,0.5766725681251775,0.22272527360617583,0.3605674929746826,0.1445101583649544,0.05679335694922228,0.06157150867019039,0.23158646354114754,0,500
0.9722523342562334,0.5657188442164813,0.11722882918581849,0.5958735146270899,0.14022519351652393,0.055242957918483604,0.07848806669596257,0.2585687646813268,0,500
1.0064589724651964,0.6129961143571017,0.20774494130381949,0.931558592199951,0.1542404739998791,0.052872178605019575,0.06234062450070164,0.3401497349955403,0,500
0.863190222934822,0.6240105624146031,0.14003095365060617,0.7396267412127622,0.13018599030119557,0.049895875291700004,0.05989327632679739,0.3112698178657158,0,500
1.2640764114665666,0.5277060812146646,0.12380080909252884,0.44521761135480775,0.16247559944195106,0.05532468436922941,0.07460637676799593,0.21230496693761103,0,500
0.8776549190396734,0.60729765040116,0.2889298413256026,0.8999560102977787,0.21622179905119937,0.07833468414688671,0.08950863152345195,0.5524849625203497,0,500
1.1447148951269022,0.5917177694099766,0.3102191353693405,0.36433961549251787,0.1916394134913618,0.0649969275102091,0.0751001421957184,0.23492217709763485,0,500
1.01924161668265,0.6292676534669273,0.29412696769782287,0.9339307133365159,0.1737589052353881,0.059447049441030346,0.07309040989606354,0.34914622841552806,0,500
0.9863284118931318,0.5771033378662445,0.1855520980825984,0.6826320941142364,0.14367324754621905,0.05486364082533705,0.06854978934773125,0.2800679794030373,0,500
1.0403048958797394,0.5904238332589911,0.2251106181901103,0.654672096421805,0.15744819206454452,0.05862732609795415,0.08171342301439632,0.2576165513881806,0,500
1.0025546463691595,0.6141981655234108,0.30334037060794733,0.8376271511250072,0.17997782057586395,0.06467131525939884,0.08598355177003057,0.3334407331722208,0,500
1.1960465450069842,0.5067341424907337,0.18461836679865629,0.6520907660003697,0.15695619695640142,0.05788952763286764,0.07734649997853317,0.2413499707677533,0,500
1.074091993042094,0.5396050741222043,0.1727041279519542,0.6111516950993714,0.15114737736024406,0.0583176035748211,0.0803780801017662,0.24999294403260788,0,500
0.9845738356784134,0.5385233964070599,0.16246502151571401,0.6011358059026013,0.13693377927054357,0.0566819255652629,0.07597366423855412,0.2515347936168107,0,500
1.0301830588219711,0.6036708289011965,0.15644139130353088,0.6824514029389852,0.1482705742191778,0.0513365238170523,0.06105778327333291,0.28429115207854033,0,500
0.9997652276475887,0.5508846540198037,0.19806735131609707,0.6917861104848773,0.14368461707856794,0.057202055315945015,0.07413882996970077,0.2724465539408323,0,500
1.145624187605092,0.5365420642476214,0.15047187499008333,0.7153630364212576,0.15880613205351007,0.05710506869177976,0.0821869236964675,0.26214156525114474,0,500
0.9884801074601626,0.5790713083828383,0.21296397373219106,0.5011465700588763,0.14847910447056012,0.05757017100935462,0.06969369379501822,0.2531741273431772,0,500
1.041003889701255,0.5754106073551466,0.19819714146477513,0.38859157803818595,0.15404815372427325,0.05706002937626615,0.06846125121528397,0.23211692964385616,0,500
0.8651602586754176,0.5668788146031412,0.2034320842532782,0.6203749029595437,0.13386843006433755,0.05979093832883244,0.08229145163405609,0.2741216267449656,0,500
1.348605253659778,0.4907236045560163,0.20683179687605205,0.34626716391939416,0.18576361409097306,0.06525182795839957,0.09471380550157889,0.19054350618090554,0,500
1.2486550338368754,0.47119319261657716,0.1838714052175158,0.31523016724559055,0.1575256504197136,0.06067892859285777,0.08286170057857019,0.1822631689044936,0,500
1.0629986544876102,0.5644981206310163,0.13088069475775063,0.767775219946509,0.1513669775015476,0.055582621357663585,0.07939208891162049,0.2797183671851626,0,500
1.3209185125705591,0.47562055188814045,0.08992179717040008,0.30232405746376084,0.16318058097854068,0.058967378898956826,0.0915781176746897,0.177627448225981,0,500
0.9843060753405665,0.6363897909968306,0.18071807266354203,0.9922343044890706,0.12473967228869945,0.04848548278493792,0.07745478623977922,0.19055561051795633,0,500
1.3736288642910344,0.4914399047100142,0.023827355721473306,0.3349652598529806,0.1563632408359654,0.051511615505013646,0.07194073477908695,0.1829958474894158,0,500
1.1081438026010773,0.5445080169562891,0.12182916666580078,0.5762908279715843,0.151446306960603,0.05572260949731223,0.07768886775326295,0.24272253658744097,0,500
0.8633187244951274,0.6485980549681869,0.3204910086964679,0.729707525126339,0.16093520800309755,0.061069631449946336,0.07302107448779949,0.34133525813299004,0,500
0.7604946041647481,0.7018760216132155,0.25469663900171874,0.9999751796443621,0.08631977970175646,0.04216768544111583,0.060124085691383666,0.004003218209520784,0,500
1.1210268701337036,0.6033513470191232,0.22315032067070267,0.48599595434811643,0.16752744911306403,0.05480376756592058,0.059621470098723914,0.254673551390588,0,500
1.1013828627830962,0.6034072356915776,0.13805816518978034,0.528696000025734,0.16045974304030586,0.05233384439245265,0.06518732368084797,0.25750370010561296,0,500
1.1707558456894007,0.5410152831904365,0.21486273289314659,0.5061298493412754,0.1682446051565569,0.06089249609422319,0.08130963547866457,0.23251078118385024,0,500
1.0984345663739221,0.5751265680988189,0.2549782868233796,0.8106435956836159,0.17083445213338616,0.06076607565712673,0.07970223154075835,0.2993501507729864,0,500
1.1993045326516532,0.558504399773975,0.05054223025949535,0.646483214570845,0.14866445180445698,0.047988618388067235,0.06012011405233158,0.2479500648614168,0,500
1.1716355670179197,0.5658587094315195,0.09221575169490473,0.692897677455573,0.15092450236276275,0.049386489119132966,0.06069692679948732,0.2618580449538383,0,500
1.180799638288379,0.5520616936053321,0.2050181814358254,0.5214261678444047,0.1771625121253092,0.062398942008643106,0.08729265873339365,0.23864323958639183,0,500
1.1062264400422168,0.5504697077615706,0.22245962078816897,0.5055543852588938,0.16281667736163408,0.06037712676664971,0.07626630032129963,0.24041476079696025,0,500
1.0003722607439054,0.6289516911870268,0.26483031095714715,0.7246069159898897,0.1669843312396924,0.058268904228412334,0.06731358666249677,0.31402758501760275,0,500
1.1427979486502593,0.5153233193490503,0.13581228558325384,0.5506238785023932,0.15275508053726106,0.05800190841161962,0.08448977419002884,0.229193694901635,0,500
1.0466325144317217,0.5787040379962171,0.14332422667903466,0.22425717922700047,0.14818066521896053,0.05434770628341021,0.06418222762134287,0.20473585365111807,0,500
0.8871008874499968,0.6335870712876288,0.24952922644851044,0.4886704284977943,0.15119795692599286,0.05786894983747384,0.06805485385755898,0.28111624798751556,0,500
1.2050599034089537,0.5807686950683248,0.08903036928066912,0.2072303804538091,0.15980847998211725,0.05100480842033401,0.0590629381248724,0.195388049040046,0,500
0.9268727293363999,0.6452116634090826,0.2109301736245738,0.8297574127428063,0.14576556149827533,0.04912345753124503,0.05875459020854468,0.33736677294098294,0,500
1.1644493862256546,0.5515405317581141,0.10299520181878595,0.5166559707880825,0.14926511439382745,0.05101741462508537,0.062203598884006554,0.23270711634374225,0,500
1.2087444130795637,0.5088373397654347,0.159398552471977,0.5536370362890745,0.14934131075248638,0.054084341332444844,0.06559600566240599,0.22465710568710334,0,500
0.9014099641672001,0.6626343936153238,0.2396340478800199,0.9999673694404329,0.09341763192253863,0.04257867090827568,0.060683658906929526,0.005223082344246676,0,500
0.8762824574021598,0.6190498292985317,0.13323801407789773,0.963684095449951,0.09501817055764132,0.04253364377074539,0.05993909597114564,0.18205724131409964,0,500
1.0225757928669894,0.6090127296366523,0.22776305185165957,0.6686583766256019,0.15935345633576548,0.0554793547848589,0.06540589914662491,0.29176413833198905,0,500
1.1274195609638382,0.5731764971431926,0.2321665224622353,0.4497104439403822,0.1666753912522205,0.05837751545690059,0.06855949299453533,0.2379385879294408,0,500
0.844469898227377,0.6601499088077883,0.2998830766985698,0.8124878599857369,0.15596568837990155,0.05750425894176236,0.06987855985321094,0.36353303205065657,0,500
0.8788528715856627,0.6512665036946494,0.2305828987288891,0.8946688542545125,0.13905910550791625,0.05009038471692981,0.0548324478955004,0.3474855658052011,0,500
1.4757604654823593,0.4740981514015754,0.031795707552955986,0.4696749026411289,0.16620543902646362,0.05249341597760521,0.07816083638786395,0.19483081484397546,0,500
1.0702120358355256,0.5691236444700951,0.21215495719983604,0.5995121853333618,0.1521732638373308,0.05535767943334657,0.06367563906005627,0.2604729694011018,0,500
0.872651569985676,0.597024783247194,0.2656235550529459,0.7644071855954827,0.14008411215293984,0.05885342858659532,0.07161549133638756,0.3126845916190301,0,500
0.8114078927150279,0.6265586761143176,0.1004542269128385,0.7016415536434228,0.1247306925288535,0.05092861646285386,0.06644269591790349,0.30295223968140167,0,500
1.050335052766368,0.5856072491026965,0.23979542112519564,0.7089038149930402,0.15816124756142724,0.05650694826227682,0.06487637916151506,0.2883590396233406,0,500
1.0448686220284558,0.545144657120505,0.17895937326671443,0.5442612209054508,0.14748569206391532,0.05806322314967964,0.07778548676113925,0.242305068448084,0,500
0.9645034217888317,0.5831875937222216,0.1179651410466125,0.6278215160248768,0.13455928123510666,0.05121295196484571,0.06343441481197243,0.2687883975027684,0,500
1.164967410320858,0.5688290839783835,0.21647739985753042,0.44383369821369983,0.18836028632792368,0.0655487054950835,0.09339232469394793,0.23415289076450033,0,500
1.0673013274157102,0.5954042516576249,0.16277768174381982,0.8885483433132872,0.1583436487094501,0.053917413451945055,0.07208217404559458,0.31250040739383944,0,500
1.0656232011637108,0.5698644025897439,0.14699487389515173,0.5125339997323914,0.15675617284657928,0.057723788758782216,0.07953268920372046,0.24424559332851536,0,500
1.1365159487566754,0.6018336644790091,0.15646057583478792,0.432962207139202,0.15950717896726577,0.05090465622719445,0.05520715347596882,0.24158635110413398,0,500
0.9143012315717032,0.6459982508630949,0.29889494616351764,0.4813585230342832,0.16709850452365654,0.06083017172837055,0.0698078749736664,0.2894273469519586,0,500
0.7979623037397064,0.721055723438237,0.1889880564515161,0.9999989921327028,0.08020664244001025,0.03544465460269412,0.04692479051362628,9.989532536995138e-4,0,500
0.9311404795407875,0.6161341364838429,0.15172126595942592,0.7887639770385702,0.14184217359939302,0.05204533414047721,0.06630428537846385,0.313088845705156,0,500
0.8503892605137048,0.6654999047554814,0.3999327416377263,0.7551131280778385,0.17608595010964015,0.06602616420705887,0.07525445963841944,0.36737487186667006,0,500
0.9636205497485834,0.6100622253393028,0.19332127054707965,0.7224844279820912,0.1534752614487212,0.05643948345061413,0.07436175687584254,0.30202434239719095,0,500
1.0685404385810424,0.5677344712198077,0.14527451381221088,0.6376256664178142,0.15693425809412165,0.05750612284335001,0.08168417637771899,0.262831591574634,0,500
1.2226669534771688,0.5535801220299995,0.09572465517076319,0.5444700087745812,0.16546650538080868,0.05480706791073607,0.07723693357314831,0.23535725510435437,0,500
0.8868944482895625,0.6505421974695392,0.22324968137282586,0.9999233680149013,0.08729275716688494,0.04191367573480202,0.057712814152058416,0.010547655730782743,0,500
1.1174094085340642,0.5588531221767575,0.17585357577964064,0.7042251161925881,0.15290196349937935,0.05414092763382328,0.0668167932023936,0.26777976706431905,0,500
0.9877433982038974,0.5954095849313944,0.30042474064233915,0.7149987312268934,0.15903514470516789,0.06049328788703499,0.07067247276439272,0.29741983057376153,0,500
0.9032118996233951,0.5778959208251435,0.12245111430725658,0.8759666034779151,0.1270283158425721,0.050772799912498986,0.06449285530737629,0.31190351149224727,0,500
1.050354912831679,0.5293352018027859,0.30571739812236876,0.665063874498513,0.16931913559051176,0.06940756852224148,0.09684123351001915,0.2666904339535176,0,500
0.9401561193384738,0.6416280661413153,0.2972050578847694,0.6680867618202153,0.16120921363086177,0.05695399890325459,0.06196583039272651,0.31764382305165717,0,500
1.0423484595023322,0.6038829396806348,0.1510125647036644,0.557955560342701,0.15550053072391434,0.05324067706986853,0.06823586222010948,0.2653886665312716,0,500
1.0434880316002688,0.5806921256894021,0.18485149041510537,0.6842449292377119,0.15208495444875142,0.0552791933878454,0.07033417258721603,0.27644281556778505,0,500
1.1722691695082255,0.5340336912404653,0.11315054720296523,0.5328554704822809,0.1527105330626101,0.054175898622581514,0.07323881231042133,0.22976849391587034,0,500
1.0461481935746024,0.5537357071892086,0.1914114871875807,0.440183339187142,0.1514996491153728,0.05853743304943546,0.07683906558624233,0.230925269158537,0,500
0.9472930960091747,0.639516794555258,0.2498024799683706,0.9997856438800229,0.10564313485733832,0.04769467190278553,0.07644009657427255,0.029713927058104685,0,500
1.0427487576861365,0.557946655752251,0.19245211766084083,0.45974897330755005,0.14633486745471502,0.05639551259370998,0.06709004513707134,0.23446892029465902,0,500
0.8565621298343434,0.6733800308246752,0.2248817656722418,0.7426206099457452,0.1524221870089512,0.05394456498322634,0.06862511294753512,0.3434346615651111,0,500
1.1353200011703137,0.5533277306645096,0.13974362722567402,0.845724638144637,0.15463542366746752,0.05345564090251088,0.07014943007834887,0.2886394883506864,0,500
1.0545809327186604,0.6100667633882955,0.2014471880575638,0.7971511669324359,0.16326487453847915,0.055077901713369064,0.06960118423048217,0.3094759000815572,0,500
1.2125721389763717,0.510314391993589,0.08149341055069731,0.5053745481888388,0.15476764811513602,0.05584567834296862,0.08291264484737398,0.21666629482362326,0,500
0.8476066332792432,0.6577794769961361,0.19705457456349917,0.5240374891204936,0.14701989022334977,0.055130377783691994,0.0672719001999833,0.2964073582376385,0,500
1.1149158963282169,0.5784638369392208,0.10667743231241944,0.5222858170213609,0.15037598268798463,0.05080093516560988,0.06196648215412118,0.24432923906264203,0,500
1.1938757253683636,0.4856090647316979,0.21139968917882734,0.34374547914781944,0.16596744937646865,0.06582442789510409,0.0959755606617905,0.19271944257950752,0,500
0.8007269385128225,0.6769396096819718,0.17111302051478913,0.9887344589231046,0.12515700098741173,0.04581685700696105,0.05331474450054266,0.3610454483386472,0,500
0.9238971351449198,0.6519752591465784,0.1995273199468651,0.8246598142891429,0.14336344163118017,0.048919791062188855,0.052864210636477636,0.3356715376863787,0,500
1.1092468156524216,0.5331606071860134,0.13688517186651297,0.37957160020131925,0.14535929757280416,0.05530254296148463,0.07016556841095833,0.21001105190723815,0,500
1.1618880540536982,0.5680651908160775,0.16327949763656324,0.4189464114816724,0.16057665189073586,0.05441979254867011,0.06551149101632017,0.22678818445055482,0,500
0.7374775807926347,0.6857695236899283,0.27105797494603473,0.7157920746354648,0.1396889675038767,0.05432590425161029,0.06815800167505194,0.36364121101552305,0,500
0.9596919488412783,0.5694165173472375,0.20052457545738042,0.6937543029646865,0.15041130763511995,0.061645540372860935,0.08700733299244302,0.28176044130669453,0,500
0.9219212288074131,0.6824907223986906,0.16916019877944394,0.9605043107500476,0.1485023508465169,0.04610994422665155,0.05223644658997192,0.3729899156978524,0,500
1.094426094084675,0.5335871982804888,0.10532118377718995,0.5484590566717541,0.1420356202524219,0.05352514313489266,0.07180091680554077,0.23390039578454697,0,500
0.9654149330074159,0.6275078289663936,0.25058274759549676,0.5661528521951591,0.1599426621281525,0.05751437339852838,0.06699459700926003,0.28671615103849163,0,500
1.1474939667272661,0.5007158894189192,0.12801686201613596,0.8227570893358874,0.15147783714885762,0.057377605108429756,0.08969703029985111,0.26581026903150706,0,500
0.9290790181702094,0.6078120390200029,0.2401654212819494,0.6555822912843717,0.1496689292631929,0.05752427573043896,0.06953881163433186,0.29581675916151795,0,500
0.9875515933202806,0.5784308060949503,0.21931250439555755,0.8178228448043727,0.14612560234891356,0.055846458895573894,0.06863374123489312,0.3037230429705928,0,500
1.0228778674759182,0.6186693495236509,0.26866170930939626,0.9359289086199096,0.16574475092361227,0.05735829425130867,0.07263581249030393,0.3300026094734819,0,500
1.0432590839949625,0.6038893818804242,0.17910084164742143,0.8245828552590879,0.156729724335995,0.05360851409035116,0.06841103297831168,0.3090383935269504,0,500
1.085049783844729,0.583989554079834,0.1789979756414344,0.7502314719270677,0.15891036966668082,0.055435587852148804,0.0716080503494936,0.2870961034812881,0,500
0.9691158752137019,0.6177735280229492,0.16185235765484823,0.5583537784738888,0.14323441292453298,0.05101881919643273,0.05799373660158484,0.27359438773203043,0,500
0.9018112069131854,0.6592386301531201,0.13428210579815072,0.8810723044938894,0.1414300591311484,0.047132809475706076,0.05443252963921289,0.35298668471030104,0,500
1.023235322428621,0.5884695389112063,0.16987666102046575,0.9999987538581357,0.09782483806611797,0.04666179704358424,0.08035558092424656,7.631446691687544e-4,0,500
0.9771691102744454,0.5394421271952421,0.25556215969435386,0.3237782296703224,0.14106909206823248,0.06052603610135501,0.06813647159150737,0.2137629279757426,0,500
0.8920169848401615,0.6033939361557287,0.29870490741318184,0.7550535261373125,0.14571341088256834,0.05905455270448659,0.0659627435764958,0.3168354355521197,0,500
1.120111434045222,0.5268630606951225,0.06705198138967035,0.6114050713663584,0.138465482883471,0.05112108573038871,0.07041789870438683,0.23360279606021753,0,500
0.8119374170702246,0.7217565738403543,0.3781990518122417,0.9999805047936151,0.10050434205738994,0.04310379051499539,0.05108835403621867,0.0037885257132623494,0,500
1.1249668391422478,0.514780668403671,0.12295086766933376,0.38088514265873746,0.14296247598052725,0.05580362125811555,0.07204013280710235,0.20355685729690393,0,500
0.7482866918418322,0.6965495545003301,0.21081386898790794,0.9999850690639022,0.07874318673112327,0.03998741381567725,0.05516826538249601,0.004702616085452593,0,500
1.0639711411726314,0.5702509957193174,0.09450399595215435,0.5642160838980144,0.13986216970031268,0.04921686885957673,0.05769121854283934,0.2500040983937573,0,500
0.934180030076715,0.6347578435448438,0.23646150883848935,0.9038157660575158,0.15212282992666848,0.054008043336481515,0.06460678660762297,0.3486574708278016,0,500
1.1442681518433024,0.5697539955552492,0.10791148666569285,0.7931941020473646,0.1662615576576443,0.05641616596661109,0.08479788211247268,0.282809118177429,0,500
0.8622886279755255,0.6412848193734714,0.18751234160029592,0.7579675612503627,0.13273351812280607,0.049444998152072574,0.054660560342375576,0.32397968843271313,0,500
0.8396692333895578,0.6290614916698984,0.2644212690511385,0.7298973882704654,0.13467636611942846,0.05416950793341019,0.0571568509916022,0.3223041185716504,0,500
1.0490114016714858,0.5728663490762546,0.1356221668192067,0.6027779559367503,0.14860653207751534,0.05430569837398906,0.07162880714648454,0.259105639050394,0,500
1.129942445268983,0.5649641422466132,0.18070136755300553,0.653990662075781,0.15783977412069883,0.054797574669145484,0.06760620488037444,0.2635987963259355,0,500
0.9728415121928072,0.6288997031112423,0.21852747936441075,0.9938450727258655,0.12398572230908254,0.04784645645785036,0.06399840474035871,0.23319907316272756,0,500
0.9745329223227481,0.601034227133861,0.14593787136189038,0.5538505327935619,0.14488761250163704,0.05375447046763635,0.0678923063331748,0.2649632694784201,0,500
0.9668646890084248,0.6040583394515555,0.24457338827076178,0.9999090567508933,0.09307170828129423,0.04524041162655711,0.06979093308191076,0.0059887438688492655,0,500
0.9768391832029274,0.5704674677203591,0.15538191314569003,0.9267874749191739,0.14337413854558678,0.054935449459846526,0.07638655125940289,0.3162349242047564,0,500
0.8217196901981465,0.6394977451173894,0.18293220020764214,0.8832173794321992,0.13169845754820753,0.051498226539951134,0.06392049492174932,0.3470536902063931,0,500
1.0459043257294256,0.5990901057075756,0.334494229889376,0.66444715317833,0.17574066426187618,0.06304985404483877,0.07088012317224038,0.29390855563490986,0,500
0.8370820627589487,0.6842934172314118,0.2510753948415933,0.9519213147328676,0.11343711499396673,0.04402213788762964,0.051698970342699754,0.2552919931622035,0,500
1.1079323101806184,0.5690338106752391,0.1561803598588758,0.7911578652090199,0.15514420780270957,0.05345206560954328,0.06834420551928927,0.2868098695971881,0,500
0.852610727783421,0.6220582741935013,0.23066039601242447,0.6168799445279158,0.13671267370848422,0.05509942074370247,0.06396196713817129,0.2965133750994045,0,500
0.8232386096317724,0.6245761385801619,0.1333146089717931,0.9404796694823955,0.1523462521612473,0.0541770955111367,0.057245253477564845,0.4703402577189843,0,500
1.087900873445711,0.5783266250274856,0.25025467402603746,0.804257668306685,0.17152867368450914,0.05873086264180082,0.06918568524474655,0.3215989716933883,0,500
1.3346853369552216,0.5287149159056673,0.14049036059596004,0.5838204005673137,0.1791987237308334,0.057502358170265166,0.08215520709986383,0.2331819712608054,0,500
0.8553843754713156,0.6457643252402324,0.21058024168726366,0.9279829886077846,0.1396903233759007,0.05264296081044689,0.06248860036753638,0.35806855752189193,0,500
0.8443185905864337,0.6691433211713831,0.26187594973709327,0.6119469232863297,0.14208655364765974,0.052129776548552026,0.057258211410834085,0.3102785744400498,0,500
1.0168326294680212,0.5771435476867852,0.1961285079416423,0.9167209216178145,0.16328094407141813,0.05747150703718418,0.06813783194910938,0.3678325103746908,0,500
1.1649118924933561,0.5668516559779181,0.12094430926697268,0.5727682971240792,0.15867592342743547,0.05299139904096803,0.06778797841913906,0.2473159212798377,0,500
0.7990605679416037,0.644404309608418,0.28742117284099866,0.5426300250585536,0.1436616655066542,0.05979720485748899,0.06926611424617025,0.30378020752142504,0,500
1.0589796176878354,0.6080371311687586,0.13604465601195165,0.5886877609999766,0.15362172521224882,0.0510902857721543,0.06137528132662714,0.2706083353189295,0,500
0.9940227577493216,0.6318324316667409,0.14456235806628215,0.5892291297877675,0.14405294050797768,0.04819406051017534,0.05153523745919134,0.2813001176314281,0,500
1.010507648423834,0.5976437816317596,0.16793792598161073,0.4698107462142066,0.1468690037427115,0.05316351687908507,0.062454794884342434,0.2499661153361757,0,500
1.0988303870759721,0.5526784691429174,0.19073659167467089,0.5259357134719429,0.15420994071679822,0.05653882242182131,0.06976714112453024,0.2419119916753041,0,500
1.1374004311693178,0.5298779817832147,0.1486212384058253,0.5503922662795292,0.15564541647311073,0.058207474833378015,0.08310159452884942,0.23387555319065922,0,500
1.1588175226519122,0.5244568140667994,0.052979212550833356,0.40798393422770207,0.14615196997325947,0.05313734683351223,0.07473809809364618,0.20737821926150948,0,500
1.1022872647433803,0.5544319821603453,0.26692497553168254,0.16094954201256845,0.1822551312190778,0.0701344633893319,0.09118891850693595,0.18997571574654665,0,500
1.1820412809530927,0.5852886527667918,0.14957945352160645,0.7492295620417572,0.16484405002227273,0.05171977380034259,0.06365579749905453,0.2824039609194778,0,500
1.3717738930777676,0.4590862648171944,0.04040020037752135,0.4198639094252986,0.16723315870392236,0.05957631802771673,0.10332639326652579,0.18711315339354878,0,500
0.8821459579599912,0.6220702481824243,0.26007374932109073,0.6840909233892143,0.14550569400462474,0.057095953856406645,0.06620148905059052,0.3107927324410585,0,500
0.9320490081588514,0.5850648893901098,0.24917204935832216,0.6816120965249791,0.14344068340621133,0.057746774637495626,0.06794904486171204,0.28919721387217323,0,500
0.9412140953808841,0.6441039254748722,0.2457462034129157,0.7242684557879351,0.15473702493367641,0.05366135475245999,0.060098107478621245,0.32347094967167017,0,500
1.12348467748383,0.5352649463865751,0.09855346432777443,0.5809740778194538,0.15045551516608707,0.055509189223788113,0.08016167110452754,0.2383927485371266,0,500
1.0033386127357014,0.5864946817300565,0.2403134327788642,0.252318354907887,0.15993858633873587,0.06188929395135762,0.07493402392670746,0.21627470036523558,0,500
1.2076786050216683,0.5483975275429647,0.19204308625312372,0.6366964258996045,0.16911304537870114,0.057453068520498835,0.07455676647614745,0.25351606358358025,0,500
0.8721229250890434,0.6433070352123182,0.223552659586614,0.8567969289961919,0.14056017761179634,0.05235992338786645,0.06312045986210188,0.3359870504298464,0,500
1.041190503169163,0.6016596248273209,0.17790899672188312,0.8578373876309744,0.1562854054652824,0.054005633697063675,0.07071816837536085,0.310806184281528,0,500
1.2239815944573778,0.524395984817854,0.13444408562411259,0.5294173606947116,0.1581984438830098,0.05536315905913378,0.07442662036463912,0.2254043333014607,0,500
1.2162749629388405,0.5283047418396185,0.2512306361797805,0.3235978166831976,0.18800063113496254,0.06850966807986923,0.09498694628794017,0.2028635972891902,0,500
1.137352863738368,0.5181077581308721,0.2463095252525922,0.44932870198111025,0.16089480736849315,0.0626146658112234,0.07972457188700949,0.21964484056962835,0,500
0.8781628569807086,0.6287406922580496,0.30710340086403903,0.7972003878402438,0.14811886006757188,0.05820138850036189,0.06815890600907387,0.32467783416110174,0,500
0.9218440304355887,0.6470295113061723,0.2868136973742909,0.8784036621372168,0.17699181062539698,0.06079284889217827,0.07205652252087229,0.40693010263734336,0,500
0.8587906152323576,0.6190468921470426,0.2702593316627039,0.7886419979330476,0.1380580342271402,0.05544451346798287,0.06104981843177426,0.32810312790056817,0,500
1.093932740889459,0.5424957007777546,0.13873925770925274,0.4691104791226744,0.15058656237196147,0.05663795469942617,0.07574807967974688,0.22783749879483434,0,500
0.8945937481046485,0.6484802199398161,0.1913223336672838,0.8737541530028753,0.14212785598732192,0.05012745211243205,0.058488075632649884,0.3467964194152712,0,500
0.9793923935358131,0.6181545438884499,0.27212674440932033,0.7328648098122452,0.16331212763226216,0.05824786326444474,0.06966068928555799,0.3148344968952114,0,500
1.0509144943558262,0.5534525844629272,0.15876195647573912,0.6275894428436514,0.14477858366712165,0.05510377826594958,0.07230273668651922,0.2559627241235419,0,500
1.3511172721401725,0.46162237382730653,0.12070096542846143,0.3144816115258259,0.16800161332099037,0.0613014545642815,0.09649177081907834,0.1762709475959218,0,500
1.3551060698105644,0.5040512162051095,0.16550297937486894,0.698250770611057,0.17749261701410968,0.05846995755489332,0.08576073154520344,0.24270776244398853,0,500
0.7840484908428013,0.6975205104032104,0.3260310150374835,0.9999807328114048,0.09661780473269402,0.04566980129287155,0.06424809017128125,0.0062014432525416855,0,500
1.0665632221000112,0.5468778094526289,0.005634513028886927,0.5618850751256756,0.1312348419280315,0.04813537743625055,0.062354000332848734,0.23578400090112214,0,500
1.3326545888881973,0.44198698917071344,0.12194049435402902,0.3312288586613017,0.1554093207395815,0.05884017650752734,0.0893507339265346,0.17373228637939833,0,500
1.199686163162826,0.518643610319849,0.2549384049230156,0.2874579721167811,0.17213643941936557,0.0644172964073721,0.0803961175236054,0.19454802296048376,0,500
0.9300809657310921,0.6232864411348655,0.1666161514747745,0.79735898380291,0.13960475069995576,0.05055403631924935,0.059105184419207986,0.31691908465153595,0,500
1.137144333515957,0.5644125816378901,0.2069090045841208,0.33934243710866835,0.17245339797113235,0.06152271573662498,0.0798216485834791,0.2167498736395839,0,500
1.0453323613486785,0.5366059485115314,0.12944516923553998,0.7349866824025517,0.14275356486546503,0.055706703599642415,0.07934964979525014,0.26681307699509754,0,500
1.035221516668922,0.5557751449317072,0.10190935591619284,0.5636200594070748,0.13263188674606513,0.04934683570351372,0.060903407705891865,0.2454578920372276,0,500
0.9511937889574961,0.5926193937508021,0.1618670918910054,0.9977653217635463,0.08721080477837623,0.044187043700694546,0.06901962216565452,0.03750952752865558,0,500
0.9710746830945195,0.6027815821714387,0.33476589048194594,0.9945015014744298,0.13093743213927406,0.05631901685850814,0.0770037623408131,0.20919878907064057,0,500
0.8745254163788132,0.6721636369756222,0.2916192329631314,0.8572139070140293,0.1632866485864797,0.057050282528404515,0.06920218423427994,0.3747496416825149,0,500
0.8676198252336479,0.6649315592858861,0.3300556039356106,0.999989018061598,0.09611444144110642,0.04564778685571303,0.05700193049852574,0.019007596662484184,0,500
1.0236750729519062,0.5734355091035549,0.25683638809872,0.7482873921921268,0.1574434464907224,0.05884877250291347,0.07343332812866105,0.2937717631967785,0,500
1.069230838238189,0.5962634276920687,0.2362784811050052,0.713110587443781,0.1643087491485682,0.056661886159848886,0.06739536178255379,0.29183816530719503,0,500
1.3092609319769224,0.4689425928794609,0.16770772392797526,0.45228878530957806,0.17134840458072012,0.06335854810428754,0.09929579602833255,0.19937814169561816,0,500
1.1316408801487283,0.6130516496033416,0.21456761834470292,0.8425048538672171,0.17127266457705215,0.05378391383608019,0.06312075062476147,0.31434177297029925,0,500
1.0662515825149428,0.5495237301390918,0.16968115927959168,0.844949495639207,0.16073101902756975,0.05917073260386475,0.0812221492059572,0.3170897181060402,0,500
1.1544568767993941,0.5325237779276984,0.22486551176629085,0.6053078661550692,0.18252326213352638,0.06901353906751252,0.1060512682177745,0.24866072157860322,0,500
1.1819437668074295,0.5610598458029366,0.20594494694929621,0.5544986241558056,0.17587550023623463,0.060080635978387406,0.08131067630231435,0.24709015785367108,0,500
1.0511406370418903,0.5911230578382819,0.20425259958264766,0.8082898430936929,0.16178587110712223,0.05721685783624984,0.07586694468431132,0.3044805010215988,0,500
1.0511135425346452,0.5935501063750134,0.17266055862930713,0.6142503101079657,0.15953330905746074,0.05641019551578153,0.07454151782896637,0.27042687055924386,0,500
0.9314605209608532,0.6499488673306204,0.2168910396526835,0.9413114285365105,0.15386969041006074,0.05277079739533302,0.06512932797138042,0.3601511845838221,0,500
1.31722286564144,0.40511792196892593,0.06446174496548426,0.5525929062153226,0.15900005894593758,0.064066590363588,0.12955605022839975,0.19498069492106726,0,500
1.066699632520555,0.572623071432048,0.24150645567548204,0.5214912554991534,0.1633016429256234,0.06043083534371591,0.07529176958119707,0.25164671110230263,0,500
1.0458879836777644,0.6078028933256484,0.10560215450036052,0.9625471962330349,0.15823086861270186,0.05280376087155434,0.07628438539694414,0.3262661565132857,0,500
1.0648114860265105,0.6094295673933312,0.2012534749057537,0.8836080771811214,0.1681110643268373,0.05634776215498849,0.07594617534828656,0.3217383732618208,0,500
1.0485188515303263,0.5166791176895883,0.25983270229076577,0.5104767495127575,0.15679560026606812,0.0664038905726733,0.09133425455509003,0.2332044226936235,0,500
1.0606347840386028,0.6174332189784462,0.2392899811941174,0.55169908336459,0.16972716029737955,0.05667750812790031,0.06565625942283206,0.27597088491495925,0,500
0.9357026857431396,0.6651572073553106,0.1765641930762177,0.8971625832867356,0.14649474929246314,0.04909337898126323,0.06432660402697138,0.3218177531789165,0,500
0.964729632650626,0.6327679948031513,0.20801190649189544,0.9997615828443165,0.09527736486812034,0.043509193477394396,0.06442862891008129,0.019039425271369242,0,500
1.1782775929652196,0.5648594784809856,0.1335571876730999,0.6271165910491909,0.16706395590594647,0.056272871059627375,0.0789910843200314,0.25474590677083264,0,500
1.2072282988392282,0.516190232206629,0.023305714220914774,0.7912477517720266,0.14820710371359191,0.05149947937407266,0.07840633745095846,0.2554876628822475,0,500
0.8645937041874794,0.6642049825569735,0.26206641883754755,0.8587564853267519,0.12774205163337637,0.04949646612526197,0.06307958966668045,0.2711562336240746,0,500
0.8691009630983203,0.6493401631662774,0.30011605598533286,0.9977657129348243,0.13292657926640528,0.05280460916228243,0.06569267972620893,0.30167717069437977,0,500
0.7465039590329915,0.6758019946796837,0.21793962759786153,0.8039574438850852,0.12383067862935941,0.04719497953112746,0.049051908809633955,0.3656945698915702,0,500
0.9155903484209035,0.6058650175638489,0.20050531696670973,0.6818656118201001,0.14157198927969458,0.05481211587455785,0.06655728491011406,0.2952872574525964,0,500
1.0055691255865078,0.5660908094479771,0.11718928978499489,0.5333855675499145,0.14263785417182664,0.05551568891838671,0.07487026660561036,0.24653574294982364,0,500
1.0431286059775025,0.5685249509624961,0.09491981567503602,0.6573271594878618,0.13861906983776298,0.050274741686200074,0.06323836521964259,0.26272374184228786,0,500
1.2790559186750825,0.5428965006936683,0.11251692353397562,0.43299629874345497,0.16762470334828072,0.0544236038481781,0.07171086463351163,0.21547316487665946,0,500
0.8210270355170587,0.6446077626253168,0.20164322778523966,0.79649588634278,0.13356494697192225,0.05196680036336321,0.061468297150898896,0.33929578177927533,0,500
0.9378511749143927,0.6246763762556584,0.20920994081795155,0.8961456395779264,0.1576112224715316,0.05632142857415811,0.07241243032107762,0.35554906491908445,0,500
0.9006623186693506,0.5919767654517838,0.14157581555480964,0.629490450811706,0.12869967555447165,0.051334977779918724,0.06113876087853175,0.27729867078402015,0,500
1.167629144758874,0.5041775865959668,0.12741760889906864,0.3247605167617339,0.15282747805265776,0.0591158656478464,0.08519323779126264,0.1923100853961003,0,500
1.0433278054278874,0.5820273365533324,0.26614307401807874,0.6558493867935112,0.1611994143513366,0.060331978088802446,0.07213902657540937,0.2770019729851905,0,500
1.301956707274998,0.5061286863849038,0.07997917051353813,0.4358276191532033,0.15759491697858732,0.053411048627886266,0.07349520637796918,0.20328516469767668,0,500
1.027872153776782,0.5635097972491103,0.2532500233066501,0.7336254933185495,0.16209339544551638,0.06288930798034581,0.08612346189985792,0.2863187085720142,0,500
1.1918207793803601,0.5395744142650781,0.1680652825297183,0.3881316815833906,0.1605820774008587,0.056588219389082206,0.0705109813837119,0.21257491493282166,0,500
0.8784269709404873,0.6434801019561198,0.28365896942586394,0.99997832433484,0.10251356060316621,0.05079626607592166,0.08139244564819136,0.003271448442756525,0,500
1.0983553039451026,0.5730178360349949,0.21802679758687235,0.6458055232584605,0.16171683003915377,0.0574476671410986,0.07125642164185535,0.2684681743059361,0,500
0.9912887385217204,0.6101681799833095,0.12353243152100324,0.8414536727500864,0.14231968853595514,0.04886458900146687,0.06028400694703028,0.31313452440056905,0,500
0.9053654729102573,0.6447403158710091,0.27534954735933614,0.5144769909677555,0.1554013794558931,0.056664405163915785,0.06112791025096704,0.2924213356782629,0,500
1.2082188599973704,0.5118678086465791,0.15748120959940645,0.5464027198246618,0.15627506426882998,0.05627370762897096,0.07594822023418461,0.2262300712093463,0,500
0.9026177642434231,0.6378089461396909,0.15913332861870735,0.9279327604706834,0.20297537956265962,0.06358947887775934,0.06787294858225909,0.5567870920544284,0,500
1.1691772441463832,0.575383826954004,0.24976169132189674,0.7211651580575843,0.17386904867900022,0.058101670620519394,0.0701513467681201,0.28016471241814833,0,500
0.9099313502517254,0.5711055507417488,0.26154741624082806,0.5048448815282529,0.13841384199863757,0.05972635478904105,0.06738395902044882,0.25595084166961724,0,500
1.1266546590703994,0.5407853504715646,0.12822026375196555,0.5267191962573202,0.1539809240759953,0.05665776868857512,0.0796202108895158,0.23312123901256204,0,500
1.0159454624775448,0.5950392121704562,0.18926871549219879,0.855527068541492,0.15598958845233613,0.05522230348693433,0.07228031605434743,0.31880110080858537,0,500
1.0028673448273475,0.5466492374975982,0.3118716613598239,0.6929749437745528,0.15763731924595814,0.06583511046590926,0.08085660681518389,0.2768608781441829,0,500
0.9786473531410227,0.6451196016424066,0.1889624580750296,0.9013290488243034,0.14672196168252769,0.04877012845486493,0.05460846964245037,0.3305654327031875,0,500
0.9204470909720204,0.5481042006891998,0.1784106113102715,0.22014102796795793,0.12792731381483408,0.056820311672803436,0.06628030205237613,0.19938559417153445,0,500
0.949625610102156,0.6209598188917443,0.2249497851930635,0.9999577358251275,0.0963554120301606,0.04537218106772241,0.07088382705058785,0.01144747236399821,0,500
1.0570405114774675,0.5905518042148379,0.13172284667614015,0.5762568097360314,0.14845627140080986,0.051810617951758314,0.06344783279058898,0.25982436488408095,0,500
0.9288080485604385,0.6039680024345825,0.2824416047504362,0.4399168591387912,0.15302428111782523,0.06125981769272314,0.06955529705110017,0.25813127469591496,0,500
0.940238170817741,0.6285367415086015,0.24052664726052342,0.9913153076488878,0.21237793663608054,0.067232983328182,0.07563430214138979,0.5577327081863441,0,500
1.2234146458799395,0.5581901385224126,0.06744025112737197,0.571934601300092,0.15317619599754015,0.04901162194318094,0.06057089380055667,0.23886969697360502,0,500
0.8396622599027739,0.6789782228031571,0.24999821099860134,0.8919284124913853,0.14689956436996532,0.05172256098927701,0.06057660203765574,0.37392642661261277,0,500
0.903470872472792,0.6369586478706747,0.20900516229059982,0.5271705667114351,0.1439097213093523,0.052742540778081624,0.05817096173184575,0.2853173114322043,0,500
1.2261420742658713,0.4830974078834847,0.11523086954158958,0.671469793736918,0.15501564390366318,0.05787785611981881,0.09059060496714785,0.2338256011295072,0,500
1.124311338110238,0.5625729624842499,0.20620392678735278,0.5952535654769003,0.15995511860071865,0.056406859616409594,0.06771349463413409,0.2558224672149463,0,500
1.0287947005710212,0.5980444124019639,0.11713377297108807,0.7143557992552411,0.14943936966463942,0.05196245884759381,0.067667577311845,0.2865501504474341,0,500
1.1810002009335137,0.5643001645127276,0.16785426631793515,0.8994268247502233,0.15172731856676436,0.05173988166892161,0.06905993343845557,0.2635328090738059,0,500
1.0124316056220166,0.5883860699888472,0.07817971594132855,0.8934347555857808,0.20613594940903893,0.06447781087944165,0.07604693611155784,0.49801525252684814,0,500
0.7658301280333354,0.6719201174867433,0.16365037763641777,0.9999912564374419,0.07280580635724755,0.03853478055526572,0.05321456231277955,0.002797244127347849,0,500
1.0569718534190113,0.515081695290595,0.17712448168510886,0.8420889411043349,0.1490976439416106,0.060384673068999854,0.09066505741190281,0.28044050979395385,0,500
1.042434003002516,0.5580256876335284,0.2115984712365554,0.49111406830360405,0.15639106080814133,0.061062699296666516,0.08003786376685879,0.24117624560695528,0,500
1.1587956081237234,0.5194985906577333,0.1515953857793258,0.10616352873683818,0.15909409904070765,0.060823993499687465,0.08212020674394803,0.16810585951230797,0,500
1.239698029905864,0.538939558192484,0.2765728648481567,0.3788591350566648,0.1894092667163468,0.06642000572811158,0.0856065846123589,0.21403194749373886,0,500
1.0537356411236247,0.5362482178657096,0.108396559076797,0.5849800559329594,0.13798438323176015,0.053273767485215645,0.0706066228550374,0.24236229849688773,0,500
1.178302597158641,0.5965057699300115,0.12613758117470258,0.7514125727119995,0.16464865159584474,0.05059764316950208,0.06257495914278917,0.2853275464970748,0,500
0.8012506821416908,0.6780123561642754,0.29768519958509787,0.9999374048031354,0.09578908911193108,0.04693513671988986,0.0696820160211159,0.008028457088209946,0,500
1.122101298025736,0.5797940235034226,0.2353519969753576,0.4166712801041502,0.17042044020865557,0.058718315219297594,0.07583602219519989,0.2350428532824806,0,500
1.066254119562792,0.5667395161089174,0.32187087867840586,0.26785062468611365,0.18930712294102706,0.07275293990422857,0.09041565293237565,0.2159240833999937,0,500
1.3666389664897136,0.48261862986970416,0.1030739374577658,0.30981888571746774,0.1808673856538783,0.06362857055940534,0.10523325823901734,0.1795276999827183,0,500
0.8546487922400288,0.6532303993059617,0.309481929098629,0.9544202579921615,0.17479823768199418,0.06165120708899708,0.06730118014654565,0.4676264768041844,0,500
1.2475233880888343,0.4905183408206163,0.148390350287063,0.3758809983440945,0.1593495275122119,0.05828349333589864,0.08651393294808671,0.1947356481413511,0,500
0.9364301316117426,0.6139564582474717,0.18802402128708115,0.7736709156160159,0.14240407541551087,0.05283503146214748,0.06395546397117696,0.3106949319707732,0,500
1.3103994841311342,0.5324428570120667,0.16231565635375675,0.5026380282426075,0.17805229307562453,0.0578552211686873,0.07728835740868963,0.22493801778022307,0,500
1.4673993555611842,0.4677315354503812,0.1559266268974409,0.23319381889466828,0.18536337467462682,0.06268920835292667,0.09426737581071612,0.16551252380296202,0,500
1.222854781782806,0.44907713486791656,0.13963365479249307,0.23672513225983466,0.1433869225645991,0.057969962117168025,0.08033511198726634,0.16593622092250115,0,500
1.1710353961703899,0.5359944078470927,0.16350634135345082,0.4776869004924946,0.15821457795481086,0.05748747661635899,0.07453862975117821,0.223974040468276,0,500
1.1740246218622719,0.5539890242414086,0.19656143062691214,0.5411582871179915,0.17648395311227952,0.06186223118482057,0.08777861603504578,0.2428018960732545,0,500
1.038991755639666,0.6358784071775141,0.2206910932736336,0.6802956832007772,0.1616730371445073,0.05159882278497041,0.05559402920557526,0.30447513315701075,0,500
0.8505125640853002,0.5965065256517534,0.11514951177524611,0.7058194684166669,0.12100505224723683,0.049364703321360275,0.059870604861135206,0.2925269060344295,0,500
1.1972055563608326,0.5346710204544677,0.12240329971995496,0.4582984323189398,0.15365493894963547,0.05402644710641352,0.07043216483589118,0.21776018460348723,0,500
1.1202523610984845,0.511226966156282,0.22248078916780295,0.6780235849648104,0.161365768724435,0.06355884572710575,0.09303575546475246,0.2534589995068811,0,500
0.9044234239362995,0.610005788172761,0.22769005335817297,0.6017778686872328,0.14370079456953855,0.05608451161475526,0.06528712338561139,0.2880505345921835,0,500
1.4152422166466374,0.4320842003055621,0.13528076370730488,0.5278972147424902,0.16020852511948028,0.057108987128335655,0.08458160348091939,0.19590705447587198,0,500
1.077655914868018,0.5718413801177643,0.15146958489914417,0.9665971825548143,0.15437450515228537,0.0541281700159691,0.07401474988001186,0.31792321909503013,0,500
0.9422263783702207,0.5996649904447167,0.12294020192595334,0.7303069563774762,0.13393924210116373,0.04991149432119239,0.06054933903823761,0.29245548463914295,0,500
1.1633577472826488,0.5459143557292231,0.06109832781419928,0.5424654314787417,0.14415368964773198,0.04929163964264525,0.06252902473663118,0.23175768881060235,0,500
1.3511163863854843,0.5178703019139229,0.07109406355386594,0.48390557752497365,0.17107260134459717,0.05522925178866215,0.08126745281019163,0.21199970229075052,0,500
1.05699151030234,0.5472566463334664,0.16656731508888428,0.7033409104085065,0.1512440380502108,0.05807897281222138,0.08187578507262323,0.2676668067836247,0,500
1.1610639007705532,0.5259554021676237,0.08631796934085714,0.49991787651009767,0.1465771650050636,0.053271982505682616,0.0728772824760075,0.2212402835144103,0,500
0.9069388380538916,0.6289540236700671,0.23990404692870604,0.8756537852849415,0.14866804341214754,0.05475543216562316,0.06431438542756163,0.3471017428399109,0,500
0.8440188705823324,0.6594191231579827,0.2711000300464013,0.9999864001187655,0.0872884869581963,0.04348679240270454,0.05635573088448523,0.007195114917469013,0,500
0.9508356786192355,0.6134347983112949,0.1966147191942867,0.5018508864427699,0.14729587498644292,0.055095358123533764,0.06571215365111015,0.2656409545647939,0,500
0.9793032962128179,0.6032368488336659,0.28107650812974927,0.4948072491717649,0.17066895521035055,0.065478825823,0.0842207192086004,0.26549835764737634,0,500
0.8975713930633469,0.6008592009666986,0.24835233938253093,0.8287826073284111,0.14065593747758134,0.05563574129435563,0.06514834198192275,0.3245491376358559,0,500
1.114709712279813,0.5814362555166912,0.1346345118920034,0.6596877244258886,0.15832178237632227,0.05344103127514249,0.0704055610019886,0.26821088885175054,0,500
0.7289253026266542,0.6996968554197988,0.32836826834041505,0.7508459364968457,0.16591311614853166,0.06086327968387421,0.06441830086174284,0.46530379105025466,0,500
1.1341883954958434,0.5218294461997455,0.011723248658619137,0.9283728897235731,0.14501195634751687,0.05223453190214815,0.08407709492291807,0.2803382407922403,0,500
0.7376091802195833,0.6568575154122647,0.22887586269714133,0.9999939062324111,0.0767189795280937,0.04444279753886521,0.06398765282092311,0.0025258213775900813,0,500
1.0108795935975077,0.5554990109363,0.24669632470330663,0.7483908110596043,0.15782565596877604,0.06321074307540227,0.08736586188573126,0.28598132219676875,0,500
0.9036179859066615,0.6318412624224541,0.24451474075387658,0.9999624888221045,0.09200782237704967,0.04504873668569172,0.06514813932167962,0.0200734135160462,0,500
1.0346848115266305,0.5941674876665157,0.18429474348277297,0.7977079294362226,0.14860320748955191,0.052203030551329924,0.06005677990946322,0.3007768129322743,0,500
0.842046703334125,0.6487943265646102,0.24231176180916192,0.44325356072283767,0.13888416997644512,0.05262385859747274,0.05681585119896849,0.28215265073421464,0,500
0.792385854869026,0.6445068100422869,0.1928454169248913,0.6359299225541343,0.13540639550093497,0.055014922579942074,0.07029727018784034,0.3138124225269831,0,500
0.9551893113019845,0.6091578495554483,0.07901266300289467,0.9785186213129758,0.08716883311741873,0.040278221407235054,0.06260802116164088,0.09199431252314502,0,500
1.0900569145990229,0.5494608968898335,0.2096794571957851,0.7150967548564648,0.15462459435247028,0.05757071311546669,0.07361141082874727,0.27026989852666455,0,500
0.8862733129392202,0.6326296309880812,0.31398245578944806,0.7916409815798682,0.15156819445531172,0.05794772673707285,0.0636610750411586,0.3380654446867901,0,500
0.9367990525601743,0.569623286606155,0.20896135817225625,0.8621708504640865,0.16419458523529806,0.0621915959714899,0.0740735432653657,0.3910270732757673,0,500
0.7951738101717694,0.6656793525898762,0.28971551383295574,0.5536521215719992,0.1413967659731038,0.055026654481661136,0.05728924875044825,0.3182052862138488,0,500
0.9675891747657479,0.5739966084343959,0.07983267959828685,0.8382626947874274,0.13519843172112922,0.05131084397715222,0.07140335759578144,0.2976862790600809,0,500
0.8698206457177726,0.6027134125686966,0.20757887667204558,0.7449642567095482,0.13555620205477859,0.055438935890563076,0.06924623414310928,0.308174013075939,0,500
1.1266076075863276,0.4993367617060655,0.06379313995298871,0.44789669862830944,0.13953829536529225,0.05468770173770685,0.08050193330907046,0.20722532252853404,0,500
1.0466152932643544,0.5946194085736782,0.16724355048696454,0.881145038189136,0.15382420573206584,0.0529565853203042,0.06704556649471258,0.3170961756318394,0,500
0.9277900102520037,0.5939628946311392,0.18331945784789794,0.7082712817025343,0.13721298176527272,0.053657746272050375,0.06559536702863757,0.2920106431989453,0,500
0.9094453578788335,0.6259742038695864,0.1629557302185883,0.7813045279583019,0.13996650625172144,0.05052338019438221,0.06045219867988854,0.3219498018460233,0,500
1.0255183844896947,0.5443905909151342,0.16648537695122548,0.4882961391799552,0.16217317273115334,0.06664410490434694,0.10476173293820291,0.2355562099675544,0,500
1.1315966188016566,0.5682503665379854,0.12190488010238658,0.9549989792508066,0.15968130267571462,0.052836555449268234,0.07034887178755155,0.32145160408993967,0,500
0.9774948900986249,0.6133254277508758,0.22111785596799824,0.6750741340998756,0.154542441435583,0.055775002834630286,0.06758603020874672,0.2960175261141079,0,500
1.2412502989831387,0.5243019066086755,0.0755347275215186,0.5693954327791508,0.160117137545807,0.054687843418617786,0.08073577911167726,0.2289801517196768,0,500
1.1211692816196224,0.613626206682227,0.2149793881441335,0.6184476339593659,0.16908546654631068,0.05395867358754086,0.06274041893960677,0.2777263790342604,0,500
0.7321397093053456,0.7012037163799255,0.3057571392497501,0.9999973242289755,0.08760981825770835,0.04498743721313837,0.06431125467859788,0.0010001947259859624,0,500
0.7679628396578011,0.6147506341354996,0.3241078247537507,0.49886506809605996,0.13676987584912575,0.06400710570399398,0.07334498021268691,0.28608228752651027,0,500
0.8846437686887181,0.6273278667505543,0.1833387023554198,0.8095352633516458,0.1429076439992357,0.054383742640325486,0.0713523112701339,0.3265327202403503,0,500
1.0608057265640785,0.5743098315952652,0.19934156022509417,0.29971636430850074,0.15180315061248584,0.056384814147961766,0.06314576846779257,0.21513729570260628,0,500
0.8796650389376242,0.632435346732121,0.17490006224816088,0.8172065601447696,0.13769768456995615,0.05045668741523566,0.06117491348445732,0.33325495843681346,0,500
0.913033326424753,0.6122768621674795,0.2622651599012089,0.5653991425184015,0.15147685196855093,0.059107571788131114,0.07014359235731552,0.28478743661860983,0,500
0.8346895824944917,0.6411842841686297,0.2410857628787395,0.663355474754917,0.13765396205702068,0.053874737352339934,0.0600669331431325,0.31697455585196027,0,500
1.1503112592636722,0.5571591623593781,0.2123338027466677,0.6425377989822515,0.16859003168926734,0.06087593747470578,0.08688183891951108,0.2492149564708037,0,500
0.9062750497459748,0.6283113230673265,0.19671936815962526,0.6177150584814626,0.14211349266841322,0.05308804634787149,0.06189593586342472,0.29403672225852107,0,500
1.053402076790073,0.5483404366612995,0.18530304222648472,0.4320107144659771,0.1454215043433307,0.05646962750300955,0.06883623548464028,0.22651999893172348,0,500
1.2535240723524026,0.5217855056685776,0.16818207608111,0.4242576466424579,0.16648682254813207,0.05804714924352233,0.07676367679345646,0.21053051818426377,0,500
1.0708878813343312,0.554575385344743,0.29656159588634234,0.42638335832954044,0.17139893823902366,0.06585013003392809,0.08048738804887397,0.2352831728976776,0,500
1.2527626081873615,0.5556606669193429,0.14294798912697396,0.41789621330346893,0.17099323089636917,0.05567542471039012,0.07163446617324067,0.21910738911516767,0,500
0.9802989870572171,0.5797320434581253,0.2378520847866233,0.9195259755646622,0.3086511370607969,0.09579596240944857,0.08575905425010982,0.7977051017594464,0,500
0.9864596025436101,0.6279826514805613,0.15389256034515802,0.7341249815051403,0.15048108016003767,0.05138763361763018,0.06375704825063694,0.30472466314579993,0,500
1.0528412794126234,0.552014710101382,0.08781146401558691,0.7001680250522637,0.1479616501807833,0.055869808836704664,0.08385789673064678,0.2644681367492131,0,500
1.0236019461509804,0.6083938003754155,0.30731324436697144,0.8342154547426235,0.17403258182835812,0.061671852342289404,0.07494255566443983,0.327981472829334,0,500
0.8967373062579205,0.6633101660447833,0.2844427668715358,0.5065118425381658,0.15916496274378092,0.05626442001888664,0.060751781877579784,0.3002208234567484,0,500
