tau,kappa,beta,tau_se,kappa_se,beta_se,convergence,length
1.1154802172451537,0.7694964956214286,0.046518694701406474,0.16346519572246815,0.0371859759473242,0.036622905057374505,0,250
1.0556973502156985,0.7989468774540629,0.09719533063749951,0.1819338784444839,0.03811764975839648,0.040673767250390215,0,250
1.0894568867539522,0.7050289981131846,0.08984791030458744,0.21086489709819906,0.06005504252104856,0.06896996383160027,0,250
0.8535051156503465,0.8379628605094958,0.13217623810223764,0.16442811138081745,0.034529219157061905,0.03673708772976123,0,250
1.0940871858396133,0.7913458406376076,0.13050464462633343,0.20029569479969672,0.04105028958229425,0.041535772927043996,0,250
0.9089891399885589,0.8355877930550322,0.1061601923157839,0.16708895308660568,0.03270606587182413,0.03563594864763532,0,250
1.0680066829070636,0.7881964754216004,0.1214843521044326,0.18488203559953506,0.040041336736060605,0.03903515127448374,0,250
1.1875060294313151,0.7264387721400716,0.06176810858913037,0.17566330560239016,0.043727533065227954,0.04304179013304608,0,250
0.843401488911001,0.8151742582986886,0.13653475615787744,0.17953254242352848,0.042836637479232796,0.042577536761306246,0,250
1.015084216553445,0.7714389018931261,0.06118231127078845,0.17302986645352952,0.04246568001707351,0.04328591643823064,0,250
1.0145428020664844,0.7937878645084394,0.04125244660990732,0.17519752021622045,0.03966171235575673,0.039571745574225235,0,250
0.7838467341867171,0.8260696840748393,0.08751824819011285,0.14921278174200475,0.036622446125808825,0.03635670070120503,0,250
1.433794734320288,0.7144678575623634,0.032271417763514124,0.21358393017330185,0.044838297327396255,0.04720464152969853,0,250
1.0994827131668357,0.7812954481101624,0.10581128173222706,0.21411258747588932,0.044932959064253576,0.05028765819384926,0,250
0.9077037572492088,0.8370144653944082,0.06134363347455935,0.146278092841966,0.029265385461405762,0.028574651828497964,0,250
1.1892251295832599,0.7617099075877437,0.0877999984180603,0.1955324216952435,0.04231426171818641,0.04368110626137752,0,250
1.0780581024845102,0.7719305463751357,0.04779496348620925,0.18386824667314802,0.04176435594184129,0.04494697970328813,0,250
1.02762480928465,0.795082042160724,0.10008912932441508,0.17271606551512628,0.038118562024537034,0.03887574361875326,0,250
0.8727727891572074,0.854838425572097,0.15504132849776658,0.20198278133062308,0.03780634153514886,0.0406409480984863,0,250
1.1116110654431046,0.7849241938535904,0.11272337636430176,0.19318316553013085,0.04079747537134312,0.043192218476971,0,250
0.6170076737997033,0.8748557672369509,0.13273998504429144,0.14744892337711693,0.03265841799767248,0.037747666955062424,0,250
1.004321706227866,0.7981385201318604,0.06862083688492562,0.15586626971364084,0.034078943881744046,0.03480053628609458,0,250
1.0712075475962104,0.790739390361336,0.08051085647286073,0.1727876866530607,0.03680638059624456,0.035291781133056144,0,250
1.2055162211158585,0.7293766184679943,0.09769242842360429,0.2064003246619611,0.048666755444943414,0.05153345392681201,0,250
1.0883782040397552,0.7362643782667582,0.10215283847263552,0.19865945918287609,0.051379516116357306,0.0537299885289707,0,250
0.7864988641054584,0.837941322440957,0.19126471030537948,0.16371058710992614,0.03870749902478802,0.042996087204291177,0,250
0.7873454549113785,0.8556310624817464,0.16309699223860755,0.16711492622121968,0.034460726194049676,0.03972226745532036,0,250
1.0579107702163981,0.8216872269557517,0.05463587263903603,0.1674763811228626,0.03228337497820222,0.030085503924219353,0,250
1.2914822961620323,0.7236228484614133,0.07808369631560326,0.21099614093209398,0.04887880564335034,0.050239707343197416,0,250
1.286748179195714,0.7235674010664275,0.10330831128493925,0.24156225253862615,0.05427015382868458,0.06021228294689405,0,250
1.140279720980725,0.7620404610625865,0.09986025477860391,0.22575234302574354,0.05020024974926073,0.05490067089842606,0,250
0.5524027809368279,0.8790173265251646,0.18032314139956115,0.13414961408347859,0.033449873088535365,0.04591011088734112,0,250
0.9230489485785717,0.8137807379788503,0.09538041838800204,0.19282756645035953,0.04332966293253804,0.04354332066364366,0,250
1.0647937137207282,0.8063421309438074,0.11258271886648512,0.18402094562207494,0.03700523042794707,0.03800644752246283,0,250
1.2203613546909537,0.7402277063659751,0.14049497012506526,0.21692570274182918,0.04869668041996229,0.04959932931894832,0,250
1.0702160463098194,0.7727052012007506,0.0946359413576327,0.19744899050476272,0.04566032219276361,0.04854606793736046,0,250
1.3096736206011246,0.7409154287219902,0.030232463866028784,0.17892539388722845,0.038591832263144235,0.03565535586844504,0,250
0.9950486657082872,0.803475074988272,0.07191459849818563,0.1753534597895127,0.03770007867910542,0.037997668763343456,0,250
1.0892864802647004,0.7896614358415355,0.08242647053898879,0.1814444958873177,0.039206538837019196,0.03876828994043987,0,250
0.8676089585598791,0.8219346655855868,0.14080102680982273,0.19051012462546593,0.0431447500963993,0.044551613844752945,0,250
1.051714686366953,0.829633382971357,0.09583442411713558,0.21118829957437468,0.03709636261804787,0.039877039641924544,0,250
0.8525807659522088,0.8384201764607693,0.17224286196039754,0.15715771791748773,0.03345805345917817,0.03926431697487104,0,250
1.0955661122326685,0.8150799641325981,0.04936872415442787,0.14649923457245057,0.029030436733290133,0.027109796026358806,0,250
0.9369016019222955,0.8188223950189646,0.1420562162694494,0.18362365146310422,0.04039588270541871,0.04268725060964284,0,250
1.3472591991129204,0.7847256193478113,0.051956126015740595,0.2160911649099191,0.03753170203982767,0.039701558111556574,0,250
0.984077966552056,0.7989975345428272,0.10243709152199912,0.1548611880472477,0.035833218991135146,0.03511005881681273,0,250
0.9523719158754358,0.8339771335278479,0.04478805657909773,0.16223563213481723,0.031563041393689845,0.032196933064565364,0,250
1.0918903002789235,0.7750542862419117,0.10938543248837491,0.1881563210364269,0.042187572833679125,0.04264961117958033,0,250
0.7325183306252686,0.8591860544130673,0.12091100336724393,0.13335065509620564,0.030055634821941707,0.03269390439083221,0,250
1.0063400082140048,0.7683611900321005,0.057932814057149465,0.16523811735067417,0.041443632837551155,0.04109247988245109,0,250
0.5402441934365225,0.8495477123780042,0.18371649835965037,0.12103580625727087,0.03747575955003426,0.0444411698331889,0,250
1.0167532433240116,0.8024591285193174,0.10080255392446208,0.20452870201449963,0.04245607548842025,0.04507949354479848,0,250
1.1735693617583374,0.7825260717218345,0.0930960579873633,0.23012867003629345,0.04560580874934324,0.04972303983279957,0,250
0.9037389347729223,0.826441359250993,0.12418972233731182,0.1599581625111487,0.034498958820726906,0.033833141027438444,0,250
1.0937701579916232,0.8181375144497777,0.11592685912467042,0.20281707550993894,0.037657868240270106,0.04182422640328975,0,250
1.0875645289366602,0.8088446557521856,0.06851333866451038,0.19631071116433993,0.03780723032153174,0.040176911506669154,0,250
1.401654451652664,0.723027667099941,0.01715499221781752,0.20159097865738262,0.04264626046934239,0.04276861808935858,0,250
0.7367000550232733,0.8192133091309156,0.1730970609970776,0.15545393404819025,0.042549808162555276,0.04451425351679793,0,250
0.9693334840595488,0.8148477690134124,0.07400677708038683,0.17761818682856373,0.03723182159512956,0.035798127790876356,0,250
0.8345095646666508,0.8625197135460674,0.11047032547447132,0.14885155889403576,0.02847843121565569,0.030276759469122505,0,250
0.9655953996883392,0.7910993943999362,0.09831149969563367,0.22414009027712203,0.05152935773604333,0.05446190505627342,0,250
1.2021685865178164,0.757840847728534,0.0635712311795451,0.1917391343444184,0.041553491837457227,0.0419754498543654,0,250
1.039699583145348,0.7895240319703353,0.09836006348737561,0.19894641768735874,0.043350462539232394,0.041696205061446785,0,250
1.0609307172841786,0.8170469474918588,0.1251347370104063,0.1893924789468129,0.036256693164442876,0.040598570770088126,0,250
1.3404251745121916,0.7459022844766293,0.0812909186236872,0.22874821779053253,0.046009923591508836,0.04581783283478973,0,250
0.9225639104292015,0.7754114592432974,0.06773510201528375,0.14278429172136617,0.0380535072714772,0.0377745086021504,0,250
0.9973530303094605,0.7510940836637267,1.2077210098031788e-6,0.09361752211912058,0.027910493314504174,7.561453083831009e-4,0,250
1.1531313165082928,0.7665017336958672,0.11040704283085519,0.21864669927799377,0.047169527507418735,0.04729256848985157,0,250
0.8871688890628339,0.8110560102798476,0.10797869602311967,0.1566892294029592,0.03710281161891813,0.03682707813386308,0,250
0.8939955769764527,0.8127929292599454,0.12111039051996128,0.18160094511837419,0.04121427270566803,0.042303892781609544,0,250
1.0898899670378654,0.771272017589595,0.047323296943967454,0.159708746305347,0.03681197291177875,0.035826876276324464,0,250
1.1581819628092145,0.7947081212568222,0.07214433496238756,0.19213525857670585,0.0373007240510547,0.04330804755018656,0,250
1.0427804508255987,0.8191592273047814,0.07492748681865757,0.16177498185160777,0.03202744664392748,0.030190483946603085,0,250
0.8028535262969986,0.8492624774500879,0.14998817338620643,0.15514410722418043,0.03350267772281607,0.03737145412333024,0,250
0.5847845294779365,0.8622124004083896,0.1358011493993753,0.12738554579889147,0.03416256640007543,0.037278171125532326,0,250
0.823553938852017,0.817847876872629,0.10790221355283165,0.15892498170807393,0.03866312998656065,0.039672577571068186,0,250
1.117732342293452,0.7858072651721755,0.0942123047124936,0.2000317346656532,0.04161008288508597,0.04578047316074571,0,250
0.9159448785487289,0.81264294880664,0.11085999321577182,0.172389343090754,0.038785578061294325,0.04196896798457204,0,250
0.9716219679414343,0.7885914535398847,0.16419277560826523,0.2022451921104103,0.047374072244695,0.04891403731964664,0,250
0.7378198789081255,0.8372353740154954,0.11635354378258331,0.15431556698209042,0.03719690748002194,0.03947781287347624,0,250
0.8793892153317178,0.8189850241325901,0.09290495131835226,0.18190005285401653,0.04020803883690476,0.042584504450821396,0,250
0.9341201142242554,0.8131372713206811,0.06782652280402839,0.14213051139883529,0.03295086619488554,0.033148256941132805,0,250
1.1760711095595193,0.7621762905984926,0.052555034080325004,0.21355843918026424,0.045950525026823355,0.04640781446190937,0,250
1.2053102222031833,0.7741441483373247,0.04074775431320986,0.1936355872232927,0.039085863101063115,0.038656323919435784,0,250
0.9840719075917319,0.7727563622312047,0.08893659288265197,0.18896198918197887,0.047004904340184374,0.05075189502941619,0,250
1.136537372655961,0.7777733273409797,0.07618021561556397,0.18696628577740662,0.03960195880484672,0.03920026459407251,0,250
0.6791833812227577,0.8529187379081112,0.12558141773890727,0.13426186063234427,0.03355744568338506,0.034462606909704076,0,250
0.8377852332025681,0.8257516762895629,0.07243633199054372,0.13903542219214546,0.03137664105730147,0.03462528520441849,0,250
1.2833366844312828,0.7124870204723652,0.0765202663001115,0.23373895352293678,0.05428525164924629,0.05929704530558715,0,250
1.2846273585430044,0.749919046979494,0.06487726986494319,0.2415325921611435,0.049017534706406525,0.05395165412576031,0,250
1.1293082856678405,0.7625129531877854,0.10763222907910576,0.20297041912103936,0.045701984490519584,0.05143205920607523,0,250
0.9670628350048948,0.8152045421785997,0.14851914883286232,0.22874413718627526,0.04620011848192945,0.05082386757446655,0,250
1.1100395436272366,0.7869913439006676,0.0784151855810337,0.1993735630347454,0.041338255448079994,0.04491658654802199,0,250
0.928993997818271,0.8331167512799011,0.09174982935485788,0.16297107834464006,0.032468749275990125,0.0330281485828971,0,250
0.7249998430820045,0.8601995604440792,0.18289077510775814,0.1437210403161326,0.03205671535494217,0.035843612661589995,0,250
1.307796330269782,0.7589755917915895,0.09460900094201018,0.22269490415058776,0.04380027031565523,0.04417300574465781,0,250
0.8429797397845257,0.7781386476814349,0.09759567256527979,0.1460684381287387,0.04184163750758977,0.04366768020500319,0,250
0.6824182100438114,0.86919195796519,0.11445321695400347,0.1382414837387449,0.030276762038162378,0.032768793478494866,0,250
1.3058148977313675,0.7379132970701164,0.054608036255983664,0.18223886528385436,0.04026048570082688,0.038722148047000304,0,250
1.3853055838892403,0.7035872780799616,0.06397701072610813,0.23453117900358253,0.05248232801269081,0.05770816391242202,0,250
0.7625798359138591,0.8660500482001109,0.13391933061770983,0.13647730628649782,0.027956819043707264,0.03032759209975047,0,250
1.0148746497509002,0.8058447991688397,0.07819035731129276,0.1647681797389791,0.034551742145082075,0.03485599062517031,0,250
1.1629219486440097,0.7845786046626275,0.04971047937531908,0.2171562979128886,0.042741924718219054,0.045426897068813574,0,250
1.1807118839892055,0.7693371809006729,0.07209473310364552,0.20759824794883563,0.0432588760983422,0.04546692880109039,0,250
1.02399353415658,0.7969575648355112,0.14165409014640032,0.22057791086715406,0.047008651533627814,0.050224813409025564,0,250
0.9872567770159028,0.7528765612563889,0.08029874071618844,0.18623445955078968,0.04948613286319004,0.05319606322805767,0,250
1.285876272893581,0.7418541657345085,0.04642611341096245,0.1847340667931297,0.0411824182679868,0.040276420137934206,0,250
0.7402356188260132,0.8361281356997649,0.1915646896530269,0.18332374067903606,0.04420085264371922,0.04915170897436759,0,250
1.1519207608727886,0.7823205417200713,0.11128331430071275,0.21572627546768344,0.04328907679311749,0.04692002182766281,0,250
0.5046257755659507,0.8925369563629494,0.19042906325422257,0.1391796759292446,0.0323789796451829,0.04677101887191739,0,250
0.826911557690171,0.8518645060486184,0.11646880557279614,0.1471273793251209,0.030192107295553012,0.031115945260868985,0,250
1.1186982971155264,0.7878807705188475,0.08598929418167613,0.1839395494908821,0.03774099978404174,0.03798294947452369,0,250
1.2858862392614268,0.7427538814658834,0.05281445961629323,0.25095587182884693,0.051540869247366214,0.05762153773872147,0,250
0.8357630412403068,0.835059920505061,0.09098316927581318,0.13350658442567553,0.03044337525987956,0.03142987448718356,0,250
0.9328641297606408,0.8244881305619711,0.07811165395564891,0.1526232911754092,0.033098138977283656,0.033505730534511516,0,250
1.09498928601179,0.8164603737206659,0.11856346376063728,0.19004540590987234,0.03431403438358978,0.03637598175489762,0,250
0.7499551235159617,0.8431004480932172,0.164350984186105,0.1555513173176022,0.03724296787704588,0.04284317812068312,0,250
1.1070416443053914,0.7885643579742058,0.05715218754915962,0.17866452354590637,0.03754874387723858,0.038107466612607985,0,250
0.8306633120011434,0.8024466647435244,0.11905895420298271,0.16679028361217413,0.043065631036282616,0.048721815588075784,0,250
1.4560630875828708,0.6972909603233216,0.031505586504898854,0.22440722695869608,0.04950318822304096,0.05263440779824478,0,250
0.8985183976995839,0.8056263432799844,0.0750610021874794,0.1468371020965218,0.035225244677765694,0.03342388273271467,0,250
1.0620692485113337,0.7656111605917898,0.13157426005462577,0.23946524989608395,0.055603718407478964,0.059950655565300985,0,250
1.1170276399488837,0.7669857982838636,0.03082292441736584,0.16955671785534576,0.03858891073627929,0.03650911453333678,0,250
1.1384374249365208,0.7789132886805136,0.08034148807884336,0.18195671679637815,0.039735115709461644,0.03897784890638384,0,250
0.9493479450524679,0.8159448350274607,0.13041165069592195,0.20702720131565758,0.0438515394187522,0.0479015541752298,0,250
0.7360495713241669,0.8520444046386751,0.18734992039237353,0.17241481020404692,0.0377257922558853,0.04330290904357692,0,250
1.106215238529223,0.7748288776260496,0.10561122020300565,0.19717784003540836,0.04372441160769017,0.0476214233811113,0,250
1.2594571072085619,0.7393029751710645,0.15232229873148234,0.23070792930868975,0.051075615687170624,0.054372536662807384,0,250
0.7561079098048242,0.8376697184720052,0.17836128646344643,0.1913427281941487,0.04449984883495118,0.05069147115756741,0,250
1.4064725696460088,0.7716341251607616,0.04173888032156533,0.21137230480212235,0.03785560404235759,0.03865267023782743,0,250
1.0067646016778815,0.7825487748704235,0.0891338878541005,0.18686937374327242,0.044516317576845814,0.04644065267044343,0,250
0.9175791692605391,0.7785053559410933,0.10415269254837375,0.16811727183119482,0.04396486704261534,0.043963049735568166,0,250
0.7884320186539446,0.8435886517455614,0.10001584420164043,0.13329542220631754,0.03075296365844655,0.029444403132361782,0,250
0.9270592047529815,0.8234245053878337,0.10353609487730686,0.15281937023209383,0.03305188190320028,0.03222919401526605,0,250
0.8013119507879622,0.8155586919930092,0.09470758167224741,0.15811630297021145,0.04018014405165777,0.03934590392297781,0,250
1.2915945789131884,0.7343970505562565,0.04520544604382655,0.20806406979588551,0.045439415682972856,0.04688211865421592,0,250
1.0425451056965038,0.7668247980615999,0.07350121754859193,0.1745009667840077,0.042844215976122244,0.04186557879484493,0,250
1.1036209559333774,0.8144011218695437,0.13742770689219874,0.21534606942417678,0.03984577668989229,0.04413588750861978,0,250
0.6552867202217711,0.8515516561309484,0.1938810656494748,0.16386299249437872,0.04117298312485769,0.04826420015061483,0,250
1.080527995800892,0.807403198571778,0.0878203704483887,0.1995704499297386,0.03846170532812427,0.04161693239198362,0,250
0.8804080629127584,0.8179829085596875,0.13224799324650596,0.18516852711816864,0.041657805782100835,0.04346315471926602,0,250
1.0472876480771376,0.7988815102543294,0.057335168915344736,0.1731393713940131,0.036616519567977526,0.03475506605238467,0,250
1.0463041018482562,0.8002377893421718,0.11150667462689165,0.20598232696174976,0.041483853611842,0.04096834041912385,0,250
0.8191069531201719,0.8477569830024418,0.15773623038339693,0.17910252662406909,0.03830101137040415,0.03995442293346697,0,250
1.248100690182332,0.7320192674079286,0.11767321122951513,0.2167991242025729,0.049688456386710364,0.052896904357842896,0,250
0.8992348907923158,0.7952897916017512,0.13413357412640856,0.18249577139522782,0.045822202361049655,0.04717758966766568,0,250
0.8286068810820262,0.8510547479215144,0.11242286292921432,0.13909544911427263,0.028995747856585753,0.02845413649251001,0,250
1.1106355830330144,0.7820328407981586,0.09985132330373539,0.1965150384702181,0.04223727033950987,0.04266650837582066,0,250
1.2337381746408351,0.7691674574906002,0.0682192667892545,0.20622026717191522,0.04149281031498802,0.042672814828478525,0,250
1.0417026478394027,0.7988928362118355,0.10871833827437628,0.24407362833168839,0.04973878532741345,0.053726456971227535,0,250
0.8226400856467988,0.8346910379351411,0.06692584881631633,0.12949388438303633,0.029927240077528127,0.029182540805555792,0,250
0.7972138250518203,0.8223460351887284,0.12224655452147641,0.14829626877516272,0.03698276898580854,0.03808615277423038,0,250
0.8427958940737849,0.8305229587949803,0.07552095026837509,0.14801917193546024,0.03329737491621094,0.03271790518250488,0,250
1.1580204620052466,0.7797605770449078,0.10511419005583084,0.21640646009060657,0.04413812382388545,0.045355573225237325,0,250
1.0029515105608482,0.8002836897919461,0.06039264713053648,0.1507576043443027,0.03388830871446243,0.0312715241301367,0,250
0.8515063759063138,0.8138449435762166,0.09596434146648886,0.15738205431923724,0.0384530597227952,0.038963123816047114,0,250
0.9141554655482129,0.8001458592742808,0.11227040117999179,0.16758129773111508,0.040117274861980426,0.04246637076940673,0,250
1.0039944415466768,0.8158950394572798,0.0849152685429013,0.18017390642566516,0.03662972116255956,0.039402290529690506,0,250
0.9920591656893489,0.7828573123626299,0.0659189235520533,0.15714555758063398,0.03837318186072407,0.03759913241992844,0,250
0.6504590255283752,0.8583969136631613,0.1299146524414406,0.1192361564382066,0.029790109212098716,0.03250625155204647,0,250
1.0336840849073743,0.7906630515147637,0.052609971822899934,0.17775654627896384,0.038821272365434534,0.03777318344617463,0,250
1.1533052060887459,0.732467393326796,0.12933938097363926,0.23229163646977585,0.056711651323772455,0.06272086578823194,0,250
1.1377530639590432,0.7740527230274347,0.08961005247069301,0.1931363384879777,0.04231747115920091,0.04280649813720966,0,250
1.252117765219081,0.7540045753126211,0.059534176711202626,0.22619406976645703,0.04707380605789767,0.04696396808121779,0,250
0.777042917026139,0.8417692919870128,0.13879690304739306,0.13966711894466965,0.03297421647018952,0.03466160230412718,0,250
0.8618885002037755,0.8423680863084307,0.12377229567929553,0.16077459967270563,0.03367952818137069,0.037315900718212586,0,250
0.9990215399989139,0.7908370009688491,0.051792297547523625,0.180797841771355,0.04061741500569769,0.0412951759165529,0,250
0.754110424775581,0.8592052860867632,0.15112195531221514,0.18125666469462173,0.035874879778834114,0.043230171835773254,0,250
1.1085950100163386,0.7628902186872497,0.11407781253821857,0.16257614527050676,0.038861553663562066,0.03881356113803789,0,250
1.3551816741578864,0.7374982338592151,0.0052730786811779895,0.1903639298159569,0.039426058937236746,0.03743962156508475,0,250
0.8262569560299979,0.8198699544194442,0.12558622812649956,0.14588732936895035,0.036995697113064906,0.03654665342320671,0,250
1.0631963143149434,0.7956640941569052,0.03205355948444736,0.16823119932853448,0.03556261514963432,0.034062227939121774,0,250
1.060491029378461,0.7982760552495906,0.1448560600125455,0.20272275903103293,0.04273793458435764,0.044751568395616004,0,250
0.9002977706270828,0.8115577924718744,0.16130496997614321,0.1784174842029313,0.04140656892349414,0.04587116377847786,0,250
0.9276258944112126,0.8134132860272567,0.061344764587933885,0.14744571389785965,0.03329629263786117,0.030940059594869517,0,250
0.8998426644019353,0.8292186013364147,0.13351087656245722,0.16515934480153327,0.0353928602404424,0.037897703243579994,0,250
0.8702138028874469,0.8364284216736962,0.1358497744215256,0.19209267495586696,0.039527681505931854,0.040772161160716344,0,250
1.3962456693840786,0.7263902553601299,0.09903414123595411,0.23739898852634247,0.04819419671144796,0.055025281685247916,0,250
1.3323381778850936,0.7703812088696513,0.05315326266653312,0.20639991142697767,0.0387879633622355,0.04066531288724903,0,250
1.1105441427307479,0.7864955014346178,0.08026777137172537,0.19116933728747407,0.04042577356285134,0.04173951581629372,0,250
0.8814216953664818,0.8211002341400264,0.15011647823632807,0.17622404774876857,0.039032817324072405,0.041706162654882105,0,250
1.3075345628252792,0.7157775813311406,0.03399073003671272,0.20864020001325487,0.04750736923599298,0.04948770720402633,0,250
0.7868662173086887,0.8292144366355813,0.15218670071917503,0.18016410106731506,0.041906002196584156,0.04474926701249776,0,250
0.9376412395668817,0.7978032908776169,0.11138048597221532,0.20214653899796642,0.046216076662038925,0.05262212745661211,0,250
0.9473775391332605,0.8445105469162881,0.10210876456815501,0.16978909458692343,0.03140877381229196,0.033573573069042933,0,250
0.6867514921015095,0.8543549359154633,0.13852702628569094,0.1399056823783086,0.03321658208786286,0.036045355458859146,0,250
1.0031131019117958,0.7600673222830197,0.06742205340027273,0.1673836469629861,0.04354796946504795,0.0444682938062502,0,250
1.4767381902172259,0.6927591842792955,0.1474259966837938,0.295400846977333,0.06423092531185826,0.07119019202643252,0,250
0.9801487262103555,0.8022977490257585,0.20461274479217467,0.22325193213528013,0.05006852074618343,0.0557988974879295,0,250
1.1832936301765904,0.7532924043894577,0.08488460450100682,0.21052083840000196,0.04609730212056696,0.048920944818463076,0,250
0.8225768251003267,0.8225970645301,0.14224089213415145,0.16169232627596697,0.038647476351710314,0.04075236033260712,0,250
1.1506322911821594,0.7775661167894261,0.042204078896129336,0.1804283659184687,0.037932006532236,0.03722625509903329,0,250
0.893370166639769,0.8021687607682575,0.09421510143716903,0.17655870714718006,0.042063363514517546,0.044193389492048984,0,250
0.9480202974895698,0.8327188649392699,0.13255356703072108,0.19685950584221887,0.03882268317420301,0.04171162286705493,0,250
0.9009372471452773,0.8221615245306952,0.0481670608441873,0.14584824446303452,0.03233519760554594,0.03073228191659862,0,250
0.8567163521785863,0.8071362874049546,0.14475812425270326,0.14147271425372332,0.035592415895772424,0.0401352537334157,0,250
0.7763195402763754,0.826997566818863,0.16883695758267725,0.15580470368747068,0.03938100457752951,0.04157741739505401,0,250
0.6254056688140789,0.8628637084089461,0.1656432621549392,0.1656380418348396,0.03936190212905178,0.0454127772363814,0,250
1.089899790309347,0.7936503180214047,0.02235086069326661,0.20407603976821015,0.04095636247622901,0.04136883437753523,0,250
0.840150073268364,0.8346105373048724,0.11557005998937225,0.14598327105712156,0.03386614758963565,0.032678759716071676,0,250
1.0155702055990254,0.7648372746232446,0.11047331952213141,0.2269559974726896,0.055915753629724445,0.05875757664169966,0,250
1.2452795548302062,0.7582960473904612,0.02847614639360474,0.17144854481045355,0.03695538774646498,0.037893702999311156,0,250
1.1817424262616743,0.7695440314813002,0.05011935995625525,0.1964540076748033,0.04159066212758779,0.04135315057895755,0,250
0.7554568096274026,0.8573748220828787,0.1628125148997177,0.16831634735116183,0.03546518292466767,0.04054148809997405,0,250
0.9962076886413277,0.7785531884455609,0.10688822494873852,0.2299592475209052,0.052925984950164116,0.05769322718835999,0,250
1.2341228891092482,0.7635578558210602,0.05850385639743809,0.18424204687211113,0.038872975858065456,0.03803653527641567,0,250
1.036662949495115,0.7529299346895428,0.0683395340455166,0.17194294393829185,0.044978827139175843,0.04830996101402668,0,250
0.9545064255124499,0.7974416838165543,0.1396554543003917,0.18442399611413854,0.04254646166288355,0.04437099892310726,0,250
0.9676603163020855,0.8338982387030227,0.08964665432151098,0.18253642211004673,0.035211785551498204,0.03483381509230104,0,250
1.020198810918267,0.7968573849840023,0.11205876321530618,0.18362688253628842,0.04055130083014756,0.044854199362466304,0,250
0.8725828530970003,0.8161650125841589,0.1019346451446088,0.18198041970361079,0.04083942072993574,0.04486092359708836,0,250
1.2149285870146764,0.7641879137049303,0.0879405909108986,0.20195649397805945,0.04303764492611984,0.04472252451289724,0,250
0.780521182884255,0.8485582020627683,0.1251697846179169,0.13350016407224327,0.03031276773806094,0.031485227040383756,0,250
0.9909171134303014,0.7918508706012385,0.05357469596974602,0.14873339950307876,0.034742000344552874,0.03318517454076076,0,250
1.4496720795214841,0.7327928479260802,0.052125766788008863,0.26206309172370057,0.05021497090966616,0.05912523603180127,0,250
1.1553652273848705,0.8086048282110186,0.13451080380402972,0.19615341567781688,0.035981589588586646,0.03869589267931809,0,250
1.0828992435973672,0.7628975564921664,0.06392044645909128,0.18590016886479246,0.0434986752794233,0.04671890468987672,0,250
1.2272836276789645,0.7848031087752894,0.07705331781235053,0.20928642013371018,0.039818803044135466,0.04265969143670291,0,250
0.970709088099848,0.7809055715558653,0.11257779437757436,0.17846603692604482,0.04417227372537063,0.048177783476615464,0,250
1.046792601519378,0.7481676803055424,0.06432054030755119,0.17497659011586844,0.04498708442838858,0.044487423667982036,0,250
1.0602624982238564,0.7820671903324504,0.11375044206137243,0.19549236604640013,0.04346850730414602,0.04575062159003763,0,250
1.1600756874692328,0.7769139848291934,0.05228615367541366,0.2026238162455724,0.040875001960136485,0.04165085744717446,0,250
0.9067090910300574,0.7939398318752362,0.13201053259129766,0.21619245091984643,0.05043847870044382,0.05537680997679614,0,250
1.3349603693914436,0.7386044038210228,0.010765875702555787,0.19269347623722163,0.040409741361095326,0.039724551926504925,0,250
0.9067321324417981,0.8458423262223654,0.08000287383343142,0.17176799611534216,0.03205706504793202,0.032163523328692024,0,250
0.8146099657977011,0.8392419229426208,0.08552535935350333,0.15194520652498272,0.03428455933286978,0.034097579103541754,0,250
1.3000460130379552,0.752758072709255,0.05475531707096476,0.24277391582460112,0.04929654554431617,0.050388834947999686,0,250
1.1292543714038001,0.7406691183178711,0.045955249328326404,0.18472280636307206,0.04563494568696223,0.047530242254572745,0,250
1.0421618644965998,0.772693598712099,0.07129184990992384,0.17934491388389862,0.04203631003242996,0.043516998198936514,0,250
0.8923369718988894,0.7911551986436537,0.07487014234388584,0.13330827320814448,0.0363936594901767,0.03364037879809894,0,250
0.9688232698606503,0.793770897199664,0.06770585320631967,0.16208914952758152,0.03809705697514263,0.03884195134763973,0,250
1.0175186793032873,0.8025426767673273,0.12059680344718793,0.18374900612936898,0.03991022341870969,0.045005129180838474,0,250
0.9608620633350364,0.8169342658598688,0.027549982322364174,0.14406054794488438,0.030777313756961744,0.029196016674890933,0,250
1.0151954773096146,0.7815465932160222,0.08786315572191193,0.19453973793325544,0.04313280916453792,0.046071262137604596,0,250
0.7393671047634502,0.8554778093110587,0.08239374804913871,0.13613111935902814,0.030520575803434525,0.031239889365100283,0,250
0.9960095644258774,0.7879876605975443,0.07679786757957477,0.2123524138004283,0.04866390128893618,0.05304856128899334,0,250
0.8498678701561277,0.8177555568737223,0.14180160224914715,0.1746661404814031,0.04089278184922702,0.043000907466185984,0,250
0.6782383692249364,0.8682963500190192,0.15639602385339363,0.16501150830013825,0.03534112716339567,0.040989431291655894,0,250
1.1252711052084452,0.7848258488120184,0.10911685566963489,0.19714080633155784,0.0408987490976183,0.04391720239802379,0,250
1.211890602359786,0.7630933217315071,0.04785332279495879,0.17744136353520107,0.038038352552533,0.036730377848485034,0,250
0.9007347556795721,0.8179019852771183,0.12477433842732912,0.17256742696845742,0.03841093952260584,0.03949701883592631,0,250
0.906489388695401,0.7896628311800016,0.07481740637755055,0.13805463269432078,0.036149412132233695,0.03498447511340423,0,250
0.9303572355966694,0.8052208897129184,0.14631057054707533,0.1829712222010741,0.04165380813803398,0.04441440262719162,0,250
1.1895939926944565,0.759383073195637,0.056031595768032905,0.18620348046503732,0.04084019416509526,0.04212517939733786,0,250
1.0572333585065614,0.7756903845821855,0.09532609343764038,0.23827611389683367,0.05252872798053541,0.05745006496973914,0,250
0.9286938798829062,0.8071802721170772,0.10811655438327498,0.1640202288777199,0.038094626139549136,0.03907250916397179,0,250
0.9307806652250574,0.7741258066338291,0.14651065246658165,0.22447287304778385,0.0570434255709362,0.06497727611123945,0,250
0.8803680670983737,0.7985533844920017,0.13204204604247602,0.16431547518131387,0.041271067224106985,0.04288872968546189,0,250
1.0290687042312108,0.8071050208997568,0.12843189992176518,0.20299402105139516,0.04164773868529178,0.043724434209725355,0,250
1.1273282838297316,0.7490662692010012,0.1034288182399485,0.18648247249373917,0.04483801505778283,0.04711407192444154,0,250
0.7909627181147805,0.8362684681053922,0.12615679411001537,0.15712671488636476,0.03617589635310254,0.038022575253391824,0,250
1.0160954989495492,0.7926361879253709,0.10892780038902183,0.1804906011389758,0.040531302035612,0.042935228987681644,0,250
1.177144049668869,0.7498973270051621,0.09301709489936727,0.18417607072724027,0.0431146956941484,0.043004344596471136,0,250
0.9369482041546993,0.7984265457939121,0.09387627296259415,0.14504750850985826,0.0355538266365189,0.03478268919032774,0,250
0.8385643678866823,0.8226640485664105,0.12148627844709146,0.18904846640241824,0.04250493327971352,0.04708786552299345,0,250
0.5685064081526926,0.883565968326704,0.19379438631159052,0.15076193084061631,0.03548086410985812,0.04189839967015463,0,250
0.6395433943738021,0.8788430197257715,0.18378410101192816,0.15544568934836767,0.03311760500691703,0.04262442445267274,0,250
0.9582144763260338,0.8179983857133447,0.0676484650178004,0.17727571265353903,0.03614803136632401,0.03600304918934004,0,250
0.8761374559887471,0.8066932419952133,0.10634510855106603,0.16116517327020247,0.039838249202437455,0.03973507373107315,0,250
1.4395750957238351,0.6923616580904559,0.11572503350906183,0.26315252490223695,0.05968438943305941,0.0690377025676315,0,250
1.0061474984133016,0.7395585633992884,0.08765532125643974,0.20985179418521027,0.05687798088232432,0.06600391023550445,0,250
1.0165329488587747,0.7725088514239229,0.19970776551699296,0.19640453444522488,0.048389118529719284,0.051269373066336894,0,250
0.8643984799663488,0.7951973168126845,0.053057696663249415,0.1424221861766825,0.03656842532394225,0.03541941059386898,0,250
1.05282477851762,0.8025780013177195,0.0709208318166982,0.18190328001324813,0.03706329379013374,0.03865050439895015,0,250
0.8713373199047167,0.8261090235985419,0.06704356094730106,0.15089144260836024,0.03517615552104436,0.032431527876704364,0,250
0.994674843692773,0.7871066987363036,0.10358001815274083,0.1738371189578316,0.040830562982357835,0.04311535559638975,0,250
0.5736847648300484,0.8845123077421613,0.12333199892459976,0.11326837003026195,0.027015949106794883,0.02996936909177182,0,250
1.1347338658238992,0.7960429596104737,0.04897130395669348,0.17291635235997385,0.034280456021267974,0.03444039022042944,0,250
0.6555690125417949,0.8657940917301014,0.19574772102596993,0.1348915367453053,0.032621452671600965,0.039894126718193056,0,250
1.0779541689571752,0.7866217581847336,0.10245506608626198,0.19747566106512768,0.041973795420951726,0.044038945349659554,0,250
1.0473871329444802,0.772133993680692,0.08838745914861598,0.1874902831873267,0.044187767978549466,0.048099733727552635,0,250
0.9779418908336648,0.8191277762336496,0.11236422258625005,0.18453504750956343,0.03685430627494416,0.038512739258293814,0,250
0.958835228779922,0.8206476377370524,0.1030409402176349,0.16832549879199654,0.035499297374433546,0.03820176153364268,0,250
0.9864390141675066,0.8030405986424053,0.07080284043563569,0.15969265235377011,0.035490376800964125,0.03351071643755921,0,250
1.1358346906148338,0.73883584347899,0.015663238514858388,0.17973147222377844,0.043446569883650164,0.04251408468788224,0,250
1.2279435340465084,0.7420204384144616,0.07442767785417058,0.20564280627620657,0.04644937343408691,0.048892548845267225,0,250
0.8070026315924217,0.8300701333017625,0.11949869196849396,0.14864815478156182,0.03495669981834123,0.038686387625222196,0,250
0.865947855426791,0.7901861567257701,0.059872359768903156,0.149204990884721,0.0404114666785593,0.038599049737818775,0,250
1.0139111145740953,0.8068633141486917,0.17332019419494735,0.20362186266834642,0.04278026025672398,0.04649344797070539,0,250
0.6678529709461863,0.8548692406648987,0.21123053697056363,0.13945851324888142,0.035014716125515974,0.04190734200374613,0,250
1.0008280451791882,0.8044267880251009,0.03857563981462904,0.15744807302786568,0.033959472315590565,0.03219994748001473,0,250
0.9180672298687118,0.8258942578030128,0.10078244483115167,0.16106858028483356,0.034315561055462254,0.03594710173041873,0,250
0.8253729440110524,0.7966006787647341,0.12832560412717106,0.18191481161029313,0.047558155036508995,0.05158008960392307,0,250
1.0303024289125307,0.77167152629597,0.15690241380026632,0.2509728560272958,0.057755335228645274,0.06482696905700278,0,250
1.2062637061997754,0.7762250734172279,0.025844038866296232,0.18042830785488492,0.03724088954154877,0.036650150119632734,0,250
0.9865765973508959,0.8191902981379251,0.08678910953183329,0.19000899361242599,0.038500813103119355,0.03848782450912547,0,250
0.8247869439524264,0.8113109945967767,0.15776420713958156,0.14842955309348804,0.038661485431918066,0.03932932151762054,0,250
0.9707552847525323,0.7657510921429332,0.06363481629617138,0.15239990501035217,0.04088940514627415,0.0396930002273972,0,250
0.718619584006724,0.8797686049259494,0.0800794184582675,0.1328299313380834,0.025919120262991806,0.02582948293237751,0,250
1.231625922707414,0.7840727714821486,0.09517380723572139,0.2168759446429746,0.04074377292718923,0.04327450021347214,0,250
1.245991805779836,0.7827305586253595,0.1392203066417994,0.24442720376269111,0.04586727300550159,0.055765515426442154,0,250
1.133906920502684,0.774604572678475,0.11242900872853853,0.2252261076681546,0.04811749414596135,0.05581587043283599,0,250
1.284260167886525,0.7601564502574581,0.031204761386112206,0.2200894481608254,0.04317866861397632,0.04427656307161721,0,250
1.1217460974942512,0.7507522970999065,0.12475589208403032,0.21268578133554872,0.049537514458636876,0.05234243829695739,0,250
0.7306277307265049,0.8646902792500065,0.19170962184985738,0.16719558198263446,0.03452540535544467,0.040390751961298876,0,250
1.154307283028135,0.776163807565852,0.08380182715610199,0.20037283073119053,0.04188903751066993,0.03961054275916696,0,250
1.4615187417734488,0.6971240692932646,0.09791787571208535,0.2445940355248072,0.05413219700391213,0.06097553482081115,0,250
0.996148251196048,0.8149101958912307,0.143622203878995,0.21265725434404445,0.0422654570032758,0.04486100293062026,0,250
1.3872470073785625,0.6958051413619152,0.043716429176377095,0.2779923507940983,0.06258427960250912,0.07086684523815488,0,250
1.5786844018831874,0.7202232471586993,0.0416492112959016,0.24876140604946115,0.0463197872808036,0.049870525227780196,0,250
0.8839775988875757,0.8009944905857606,0.11807477710603113,0.20219029456491536,0.04840816221520446,0.051803640529821136,0,250
0.8920162993669319,0.8095266532102708,0.13459976551548666,0.1753766157573771,0.04109276990073941,0.04678575000680061,0,250
1.0318286111881043,0.8019405683363746,0.04980274010986206,0.1559683776787697,0.03351852871831909,0.03345081076327946,0,250
1.1055470051790224,0.7790388853857452,0.0956240508419739,0.18441651698367792,0.03952623118931041,0.04126438285536913,0,250
0.8474628986053725,0.820856931069116,0.12295166477683643,0.15546048098944246,0.03637344871655801,0.037673490843844186,0,250
1.0600939893093388,0.7743952954225516,0.07935700937645096,0.20133493287799473,0.04527299713450994,0.04798694416271869,0,250
0.8570584854573405,0.7944734004563538,0.11946703525390076,0.16214629955952423,0.04190794345151023,0.04364757875741422,0,250
0.9945454699705827,0.8268071002779503,0.12804703879681095,0.2039691355683142,0.039378320828578284,0.044628088065027424,0,250
1.1525934227260504,0.7352983156757789,0.05307288796211098,0.19446127969152194,0.047375188793433595,0.050164410342276027,0,250
0.49634502007713427,0.9021273694058225,0.15992672548503242,0.10860445640175666,0.024912330884003683,0.032766355453123924,0,250
0.847150448755601,0.8238033361257237,0.12894966343554923,0.16892238924898847,0.03720517971031235,0.03990048248004619,0,250
1.438271669553929,0.6991638831604484,2.0465628349068174e-7,0.1378967298646602,0.03171119292503746,1.5137162664464793e-4,0,250
1.2423077021790259,0.7512004045849048,0.05668357705809018,0.22337759654975922,0.04876835634444547,0.04942632625633778,0,250
0.9773914266724086,0.8338627469668559,0.13300900770549373,0.20458135048534376,0.0385638800329339,0.04457302954600398,0,250
0.8270551805886259,0.8163362743680463,0.05737008029019833,0.16532164723076068,0.039746356458091936,0.04030141226620929,0,250
0.839259956448482,0.8192369599015445,0.06507173499936275,0.14760696546097385,0.035348978567569835,0.03439549193808246,0,250
1.2179046260838087,0.7759933120105019,0.11762594533923668,0.22925202034204695,0.04486040578624798,0.046998281688104306,0,250
0.7290632513281098,0.832165151923724,0.07291147797924906,0.14177172299178897,0.03599268847571849,0.03722024911523643,0,250
0.8561174324292209,0.8343483721716715,0.11834423071570886,0.1813532766917581,0.0379129335474681,0.04131813449759753,0,250
1.0226348793616513,0.7666895210993159,0.07931188887372827,0.1734629144257465,0.043162116408676066,0.04558557599009839,0,250
1.3600443876984951,0.7052808279780904,0.04631710441307489,0.22286137155208133,0.05097792141517001,0.05578960716699466,0,250
1.095120054708804,0.8000915904957197,0.15242255597452314,0.24172254687587252,0.04781985121904094,0.05219137528700843,0,250
0.9233840381724758,0.8238976525295253,0.10991527740371455,0.16553257786479722,0.03512650356468743,0.03718305075971608,0,250
0.9929969254319916,0.7675357802933829,0.1428457329205586,0.21241689027137534,0.053283154492258816,0.05633433839186133,0,250
0.8976358148608519,0.8331995724927798,0.09397078470661221,0.16409348531999,0.03417258484602161,0.034048916226406906,0,250
1.0032236997081605,0.8032476783692855,0.1270238489615504,0.19588853227602657,0.04182799241097261,0.043767275959403294,0,250
1.0133926149853523,0.7635879584174541,0.04879145388366303,0.16228987375678877,0.041610328746039836,0.04381433450773478,0,250
1.3551721761269624,0.7362049565571983,0.08720878008816782,0.22114183028123904,0.04641503303844319,0.048595620648355244,0,250
1.0412179864403173,0.8014230914941712,0.053821961961681666,0.16824332781446166,0.035392604270498555,0.03556431593551361,0,250
1.052637205707426,0.7492419314247963,0.07630227152931755,0.18989507566061148,0.048475746147206705,0.050128490149020356,0,250
1.4140013654094137,0.7541350286650481,0.14641029034817274,0.28981768317260936,0.05238978178689851,0.06098901147299471,0,250
0.7237356136177249,0.85116643602234765,0.1026336917898103,0.13343630814811466,0.031715087581601596,0.032442038044517556,0,250
0.7392016193489935,0.8439797525696794,0.14563968455258816,0.14304927563725084,0.03508645242012856,0.03823264298518078,0,250
1.3271053013705674,0.7447335463279283,0.08327333411289953,0.22680924027049293,0.0471083598374565,0.051574067943251575,0,250
1.0720507596374258,0.7782204375361746,0.12231060497401575,0.20311231178272776,0.04600802355728192,0.04999443772857344,0,250
1.0385541703569197,0.8192035346675424,0.16415709970013154,0.20234054843668248,0.03931055193559385,0.0433842373259287,0,250
1.1773259527266149,0.7737040915566369,0.11830112483190582,0.20139301818434013,0.04263642744617084,0.04235233227717626,0,250
1.1355193041206686,0.7570158202846748,0.02907858450441591,0.18676497781957296,0.04258623985522042,0.04149450252991433,0,250
0.9452509114860745,0.7874685122821112,0.04807629326835518,0.15713299704878406,0.03958541060834744,0.03835689510096621,0,250
0.8911657850900445,0.8192239431689453,0.15643432114369324,0.17574465524852456,0.03936381875376433,0.04460147674563343,0,250
1.225162515856285,0.7454178094581057,0.10497966419068429,0.23834454185482545,0.05217929419046467,0.05559603976764728,0,250
0.8105293968138131,0.8465610794694856,0.10924522252278544,0.12775576002264638,0.02825862088266174,0.02919826456260177,0,250
0.7613415635649547,0.808784296423798,0.1254118932571068,0.15498333156094582,0.043394573485634386,0.045631501417448136,0,250
1.3780178887359482,0.7367009661951147,0.07017327689735571,0.19831815347108397,0.041528720292542384,0.04283650188923759,0,250
1.1161798138642869,0.7888370241276593,0.12354578532617366,0.20053552863440377,0.04130704312699148,0.046452244388948204,0,250
1.041722415964611,0.810310771175,0.112423257675771,0.18695320764634135,0.037644682681577925,0.0383909200792218,0,250
0.69835759065663,0.8537365975519196,0.1317729164173604,0.133523165502168,0.032512185189914264,0.036080477867373166,0,250
1.0104095275155436,0.8157463795634983,0.05905792056104007,0.17817836554147973,0.03556985096823566,0.038929901800163404,0,250
1.255393827841447,0.7663547153926984,0.028910776026435846,0.21173853571763407,0.04185451198824057,0.040784931761562115,0,250
0.9648173786279036,0.8107303764184923,0.11465185257577928,0.19022538819978588,0.040181760672851445,0.042721791842491766,0,250
0.6587133124439731,0.8691219229832218,0.19303361018511025,0.15512161975402564,0.03365633529299939,0.041837898769113716,0,250
1.267901313344277,0.7349557250475504,0.040487250365310756,0.1738823240293312,0.040324970619760946,0.04067877703969555,0,250
1.0290017955087167,0.7604655547159562,0.055019491588831036,0.17208064391798158,0.04341453206473112,0.04491943342518101,0,250
1.1559163400797063,0.7960610330692905,0.06778262685221186,0.22203906725137282,0.04168178221926511,0.04425269344943124,0,250
1.3009927976417741,0.7699541444216773,0.07219386922667871,0.21529059331717076,0.04201293690607643,0.047616819139139885,0,250
1.1443614239852633,0.7921486069421979,0.0855064245757373,0.18117659331295013,0.03621812595629717,0.03524308555056649,0,250
0.7340104054719546,0.8475332467567006,0.14581761916928396,0.16770020872335636,0.03784679778587892,0.0417820155304343,0,250
1.1005933764115416,0.7790035504121204,0.10697857059087541,0.17978717780899173,0.039738899157227774,0.040391856686762935,0,250
1.4332042036840742,0.741725763567882,0.06296019489031539,0.21028388465843897,0.040952195227137826,0.04283331949765716,0,250
0.8181477970477601,0.8283732823667003,0.15349152998307072,0.15028200313619722,0.035468784767294766,0.03927394592676481,0,250
1.0338587305367526,0.8031276850391579,0.14694766340920776,0.18622516923700858,0.039535819163231824,0.04335652353487464,0,250
0.9590407080053299,0.7970626397217319,0.08848802082740789,0.17405430839765146,0.03993034777667,0.04084570880107331,0,250
1.1292858111936785,0.7922669559157364,0.0835931794547797,0.18087654016323224,0.036971099768874686,0.034857267050221456,0,250
1.1059654944137558,0.7998431276840768,0.111375271606372,0.18817041281427255,0.03789764021875223,0.040117693984204346,0,250
1.0284807441112447,0.7748310648676057,0.034736074766935236,0.1780408134422551,0.0425348065080408,0.044494619529546406,0,250
1.140170879231786,0.787066442293295,0.07394972691535172,0.16437035666300318,0.03466843563092275,0.033773802064757275,0,250
0.8099893465447289,0.8132209061769526,0.07969291024574882,0.13381798052089638,0.033843341398216716,0.03417347399809167,0,250
0.8353266101720189,0.8220668063871964,0.08268357112730891,0.15012459679970863,0.03612675050493902,0.03505263908763465,0,250
0.9438854733108656,0.8011164507645524,0.10870680818175665,0.17154896346780724,0.04022721328808531,0.0414938364214557,0,250
1.1023670893685997,0.7642126400763807,0.09540388380714594,0.19599174626715582,0.04513238032333144,0.04815026319020074,0,250
0.9847503216729467,0.8112469766590519,0.07553998682437758,0.15503188460949857,0.03343788385192293,0.032720367835014474,0,250
0.8892545154478627,0.7989139882437712,0.11505409523085548,0.16569597139644152,0.04130629039659076,0.04176528386520809,0,250
0.6702489312686244,0.8463760238373673,0.13787546981643742,0.12826523254407635,0.033898995422128306,0.03851757128133435,0,250
1.1194368411262985,0.7731253173077742,0.1186948188374849,0.21843642563560736,0.04701515256512683,0.04882153263869124,0,250
0.8975031331744753,0.807399642912418,0.141400368604633,0.16639240670809066,0.0390018024312851,0.04166371301721638,0,250
0.9888391175103978,0.8022466201557388,0.15620308355565515,0.20482256696212475,0.04322415475997267,0.04781720507939264,0,250
0.7851812714301024,0.8308058883306688,0.13813005852716836,0.1683562149937431,0.03915351747333933,0.04329082148618861,0,250
1.4844004833143238,0.7148614898520446,0.042610997417435556,0.21571185642616572,0.04398456829627975,0.04752465261599562,0,250
0.7201764866197439,0.8514143264128743,0.14945529992601866,0.14188873201462138,0.03339323610459781,0.0363367455641441,0,250
1.1149981396021638,0.7719881141340732,0.054484791090033534,0.16805824723154147,0.0375213354373298,0.03546739343189589,0,250
0.7388390693341057,0.8552757993677488,0.08578188292531673,0.14457691517939067,0.031448071651787514,0.031215049010948147,0,250
1.1278263737359406,0.7577857731371116,0.03956776700492813,0.170707483448843,0.03943597915475906,0.039766069683325536,0,250
0.8811743242489454,0.756654197247708,0.1794193643922514,0.1782122638089311,0.053315894465061235,0.05687728412624321,0,250
0.9504640898171478,0.8056502236769078,0.07274680574335449,0.1494348940707939,0.0346902545238423,0.03321771692129026,0,250
0.8079841427635437,0.8260843966319515,0.07646180485624186,0.16883816193702,0.03917021247633576,0.041125545821094345,0,250
0.7810902336426278,0.843526613857485,0.1444743788584243,0.1797477559537025,0.03972241655169817,0.0429331396119964,0,250
0.8078331046664435,0.8460222562574252,0.17244032977834056,0.16090711955074358,0.03447350008672431,0.03813487192139293,0,250
1.000795080978257,0.7959770260630109,0.07559706064746798,0.1737953498532816,0.03866470000818178,0.037335708180919434,0,250
1.300617428283875,0.732308764250145,0.0793564732054799,0.2490335269821859,0.05417395793860759,0.059478258365646214,0,250
0.9970609668115247,0.7920559524231993,0.11292705657063624,0.24096896100299417,0.05257878427879555,0.05762124578143581,0,250
0.8467501920680953,0.8219068707790572,0.1348547242419493,0.1729126071782879,0.04009850009370605,0.04083575336777226,0,250
1.2447760328724289,0.7609354813203552,0.06145464159963299,0.2062313136970679,0.04261238699121591,0.04297586854792899,0,250
0.6700198462757415,0.8286100821267062,0.10049798872287184,0.13052290579956452,0.03725935243384112,0.03758383808191032,0,250
0.73322753365781,0.8336418957830204,0.18264624011434158,0.14803743914958944,0.038139646676449944,0.04204544893221105,0,250
1.0809380342466761,0.7823851768017572,0.0514757945999785,0.16050533742994685,0.03618142229943121,0.03522812136580345,0,250
0.9860862574620888,0.8119975769065938,0.05771282524808308,0.15194259327445322,0.032950448764085816,0.03263097319996286,0,250
0.772677644073954,0.8303750855585929,0.08182620432277964,0.14204193464674028,0.03550034365772835,0.036662077589132896,0,250
1.103719269821733,0.7798498739585111,0.06172842466628388,0.1733380102104685,0.037659785634310196,0.037556474454955725,0,250
1.058336642283989,0.7925894486377357,0.023255949009591572,0.1752014932013691,0.03759517286115212,0.034506741459087956,0,250
0.8001403179750699,0.8141813200964989,0.105212242164698,0.12999555009990124,0.034938914724702015,0.03408064244606424,0,250
0.9922602673887949,0.7786166797039117,0.1406510308446653,0.20408476835256342,0.04804836114733439,0.05090768522489502,0,250
0.9724900058306324,0.7796502440210511,0.12788126737168426,0.19106905723200646,0.04559973890993708,0.04829341415416744,0,250
0.8473963613461507,0.8127773488324663,0.18430087815740054,0.19968652865405365,0.049034476324075225,0.04989241740273864,0,250
0.8756773885211953,0.8487452440912571,0.13939577698653696,0.21194137109265593,0.04014268705657763,0.04418759138552562,0,250
1.5054257175061176,0.7090965292706559,0.031776387598949754,0.221133108074419,0.045357244571596206,0.05024596693441645,0,250
0.9416127520583256,0.783499551784907,0.08384171261803053,0.1671214409416648,0.040374570678827514,0.041384889875803126,0,250
1.4182950157220802,0.7182238377258222,2.9982984606020353e-7,0.13567547082418885,0.030226015975834297,2.359526130832124e-4,0,250
1.0074264345440076,0.8188339922874319,0.11433664249618847,0.17835831805034189,0.03665136725314298,0.03717363301951167,0,250
1.03799747544522,0.8030285085451253,0.11201008120923554,0.19983335778509415,0.04133317731914273,0.041316962717755874,0,250
0.65114198808848,0.8509118344616572,0.1634600609077205,0.1533740967646937,0.038351056731494595,0.04197062953891167,0,250
1.1468633853804167,0.7586999376933113,0.10761914816921166,0.2005191786111433,0.045258275604000496,0.04719974022333908,0,250
1.418231055072527,0.7254881119120656,0.037176609229422786,0.2158060657818222,0.044121977056464895,0.044935359903640316,0,250
0.7718548911149044,0.8400682940707506,0.10360475809740968,0.1453127834209968,0.03301938776329868,0.03597132408007327,0,250
0.8910082599987165,0.8235776391256466,0.14662400459263505,0.22158572795284698,0.04626351221728246,0.050630810595291786,0,250
0.8614843035680234,0.811986254983612,0.10878044976124925,0.15336964649447135,0.03669526682443431,0.0373460406542743,0,250
0.860622532167308,0.8339486820373984,0.12556248539255702,0.15046782395066396,0.033217220070315016,0.03416903787627742,0,250
0.85445806220359,0.8070453300061473,0.16513289252325683,0.24142014720587612,0.0571114871916475,0.06766328249083575,0,250
0.7437064634818179,0.8332458079374249,0.11132125906427494,0.16242176953851972,0.04034767784835754,0.0430255718780047,0,250
1.2194912197814345,0.745040857399805,0.07278101217794088,0.22010920092489777,0.048546926718220765,0.04840161364420929,0,250
0.9493389346127372,0.8098813705233666,0.08037672577867658,0.15641937148369012,0.03505827631179238,0.036112404465124766,0,250
0.9752315606807178,0.7911555606326933,0.04252127682673996,0.16253253214269908,0.03847741190692119,0.03659080661339231,0,250
0.8500116365830412,0.8380477388784396,0.15908091401900293,0.17182317009144035,0.03666054410517074,0.038651110161895055,0,250
1.0294557300312475,0.7931242934891874,0.09298659320129406,0.19561212719674717,0.04177425230788766,0.045893158397857764,0,250
0.8972109803110736,0.8103979592299848,0.14013422572368503,0.18924871621195788,0.043322781807027345,0.047847577574458545,0,250
0.8320612480633803,0.8393955502508139,0.12204656862681836,0.17267893298832482,0.03646887553418121,0.037899490922123684,0,250
1.1019102108061367,0.7994359063850148,0.08228775363667268,0.21565323916596288,0.041553957432728564,0.040261538231580116,0,250
1.0066486364621579,0.8039129300743441,0.09964819255956452,0.1852501848735649,0.03913457701085012,0.03817214870516658,0,250
1.1817419324204783,0.7365122310858571,0.06545501090587505,0.17593828201268427,0.04249753418666701,0.040373643655338506,0,250
0.6641156395661875,0.847878604341909,0.16968222117441178,0.1381026224072562,0.036363891449242604,0.039369217035185526,0,250
0.9129298885029095,0.7951738920517437,0.07911934778335347,0.1658574873087897,0.04061084644494134,0.042567505673099026,0,250
0.8098884381598629,0.8302407731033262,0.12678138426349883,0.20702227366024886,0.04646035222086684,0.052831275543376306,0,250
0.6452898301152422,0.8688585954086616,0.1884960760844968,0.14709146890787042,0.033492469151230914,0.04055106495245594,0,250
0.9100706504747,0.791714604633293,0.050986701465682016,0.1353179768102607,0.03470136136156113,0.03146583584645677,0,250
1.0691546189052354,0.7882350896716507,0.08575468018076977,0.19959902112033545,0.042578255459810734,0.041691280287916216,0,250
1.1610142317835648,0.7822515038442697,0.07062436731104862,0.21919730012346011,0.04415820230809662,0.04325389344318632,0,250
1.11861757303292,0.7627257907126384,0.1419255663137037,0.19068635903660502,0.043179824230493505,0.04661541078423256,0,250
0.8837684679785681,0.7905020789183096,0.08999856355636461,0.1581113745341056,0.04141836392466822,0.0418121102721733,0,250
0.7363982695330257,0.833208695100577,0.1344254512163922,0.16561862260438281,0.04049244700401856,0.04668732546744396,0,250
0.9666416312447123,0.7964396177949957,0.08619799858028233,0.16420133148789187,0.03730690846211081,0.03992759774385377,0,250
1.4953951255693512,0.7103251430732631,0.04124105267722196,0.2539732712519811,0.05144899699789126,0.057976439532172144,0,250
0.943908925425404,0.8066926078405847,0.12287487948320343,0.20952155544271212,0.04533264605598426,0.04825227551817743,0,250
1.0707418841480352,0.7757977286599879,0.07921947155899171,0.17466814797084276,0.04032127551445989,0.04188362728225892,0,250
0.7616792867443192,0.8251785276638905,0.16885742292728265,0.16384568360511592,0.04146974970687866,0.04516125231994774,0,250
0.7399747573382554,0.8400555609346761,0.15096503144301499,0.15887798020217705,0.038403594573459716,0.044137520048288824,0,250
0.8431548167616764,0.8281092520496888,0.10448976716073345,0.16275937926178605,0.037248352365833744,0.03651703364493102,0,250
0.814526978865341,0.8157606374193951,0.0809798782527155,0.13410621898946828,0.03443264814181118,0.03290763803464632,0,250
0.9801744161095849,0.8197969395089054,0.09592386760616645,0.18682136214684147,0.03785788842007379,0.03908582429975716,0,250
0.9206044512656556,0.8143608844165691,0.06244438630516118,0.15541728588750864,0.03423543388194484,0.033368745813577565,0,250
1.0313642487794126,0.7909738894264438,0.07800848759446545,0.18154163450482863,0.04020065661329683,0.04009733365020507,0,250
0.9162629308647504,0.7833655536303035,0.08112967270695726,0.15816206324358278,0.04088252521145633,0.03928561487789422,0,250
0.570288055129057,0.877665960122931,0.11792573013699646,0.10830322873046695,0.026190570859431685,0.029441084460461318,0,250
0.8041856903739566,0.8429896170343343,0.11064665717805115,0.13524749098826835,0.03050967819493304,0.03358810895304691,0,250
1.1289250089798393,0.7499069223107625,0.0784414690425028,0.2019541840894117,0.04766951420829621,0.05199462216093019,0,250
1.4793722045601219,0.7136441063045448,0.06410493304122582,0.2879251083140802,0.058017781941035,0.06563232050727118,0,250
0.8349311304393433,0.8592138287338376,0.14432212811106787,0.17183951332903186,0.032234986392154455,0.03656957655844093,0,250
1.2295595777410808,0.7842206563333737,0.06719324505591694,0.18271018875472575,0.03571903205213985,0.03380693741495561,0,250
0.9429324502905554,0.8145463259459484,0.1357633211653238,0.19460027090656468,0.042883008448048335,0.04485758046563068,0,250
1.184653898484209,0.7794782049662339,0.07273404209577622,0.2005424231196067,0.04134614439304189,0.044366064381251104,0,250
1.3835491724879587,0.7181888714749783,0.0832697359261044,0.22600739993163385,0.0490840163438428,0.05402276595939633,0,250
0.9497440799686502,0.7879272076146773,0.09799673331843894,0.16210817257053373,0.03908693300368675,0.040452834392911856,0,250
0.9595401691281169,0.8129265130018316,0.05777585327848412,0.14976312782865428,0.033332360857886816,0.033366544467790714,0,250
1.2410027772505707,0.7419962073651856,0.04155475549915559,0.18253044537930396,0.04113527410422966,0.04262914179086414,0,250
0.8096565022234038,0.838838019921467,0.15776544109822002,0.17586004523294543,0.03918612476075207,0.04194523448643115,0,250
0.8085665133520742,0.8188365115430024,0.1474763650406441,0.26334944819117645,0.06020267618845242,0.07557156013602472,0,250
1.2942744616508113,0.6721237157879779,3.2408057434786555e-6,0.12044887943694016,0.0340136901759656,8.705253731919174e-4,0,250
1.2651257029335357,0.7421279644757124,0.019560061883637753,0.18299547973169775,0.04052861307097275,0.03752135005194657,0,250
0.8059552969227518,0.8382522813630121,0.11137549750682295,0.14903465881988645,0.033521073123940134,0.03427548786147564,0,250
0.836088654538962,0.8156126325906267,0.07525302010493579,0.15298921943305924,0.036625960313384144,0.03676806026073514,0,250
0.944100162400923,0.8104055216598852,0.04958161140991769,0.13968537009427157,0.032977295934223286,0.03028092860682952,0,250
0.9006704371330309,0.8117287869136894,0.09177013801394732,0.15604276680294957,0.03632938718568106,0.035827071103647176,0,250
0.9531961266392955,0.7789870304210742,0.10363772560333846,0.19283419512399305,0.04771263068068253,0.0496854248584074,0,250
1.0915653704660446,0.7719297354167407,0.05181000101058311,0.1974109051322639,0.044176339716845786,0.04451148081132134,0,250
1.087992444611735,0.7795805798713237,0.08639977444073939,0.18260671935913697,0.040898657034275386,0.041605199882164816,0,250
0.8328315127261059,0.8206763389926274,0.11939978391075934,0.15814714768980745,0.03849821566001563,0.0375966613336884,0,250
0.9706776446231556,0.7938299160030503,0.0615655930471373,0.1552406497075245,0.03708356895029802,0.03659038941555788,0,250
1.171730837525344,0.7854298685503219,0.1100491329692242,0.22809155711036858,0.044944943510597246,0.04809195616887566,0,250
1.020358074033643,0.8081395772194051,0.1163222753305311,0.1699682246464125,0.03584249446914084,0.035862977188830185,0,250
1.0278755916487101,0.8208966381218298,0.044071575854834635,0.14987006441101927,0.029504864522855907,0.02635506572188571,0,250
1.3361274418917715,0.7292054805627919,0.038275439666528084,0.21075797230151513,0.044855147546466634,0.04512277628420884,0,250
0.7574187496481817,0.8314127385621662,0.14703504531375908,0.1472059485180602,0.03752389142779575,0.03827638163631923,0,250
0.8686973303278178,0.833213110235869,0.19683006091308436,0.20566490740383037,0.04349934261509015,0.049483660378062976,0,250
1.1355620739901129,0.7705717178652982,0.05452396760104395,0.17956769658379518,0.039191416909116046,0.037535385991283386,0,250
1.061420388910279,0.772491748462124,0.1792846648624012,0.21032944304321266,0.049228098995617586,0.054338790754454275,0,250
0.955273046379995,0.8283346962455329,0.12676781243500512,0.1914923681777197,0.03784909887774552,0.046227356367039694,0,250
1.1302098853870703,0.7386056770441587,0.016189995530058458,0.17713973909361788,0.04379386992242356,0.04209100331886775,0,250
1.3340148848596465,0.7944876649990456,0.05825628816359907,0.21150777091799958,0.035618251822700925,0.033295711130199725,0,250
0.8523304547724309,0.8346437486188031,0.10078260192868235,0.1514038720624103,0.03272641794856575,0.03478738077098006,0,250
1.3048268891119443,0.7409471552686699,0.07861653339678411,0.21110972018431343,0.0454504641329598,0.04980778457384363,0,250
0.8734931481439462,0.8159059835112148,0.09827805878424567,0.1525969999740271,0.03609159073724691,0.03615531534094206,0,250
1.1763292568570312,0.7921719250197411,0.07259630636313477,0.2065512230628701,0.03916679504217685,0.042647028730011714,0,250
1.3632323497416083,0.7156960875223731,0.11817879337635932,0.2815737290502905,0.05958230047914876,0.07046293266868775,0,250
1.2680600149194945,0.7489131503191473,0.04817722752053203,0.22404439364405435,0.04697583731375189,0.05680461076618412,0,250
0.8769494567453269,0.8425765467094479,0.09622080274721316,0.15995158336947882,0.031728572821693654,0.03244042863046989,0,250
0.9707343007950089,0.8163057298508224,0.054412526128949125,0.14521733243699567,0.03214948453479545,0.03075261383564776,0,250
1.0943810582137663,0.7776185414076359,0.028810005382818638,0.20290069924657914,0.04365145151479631,0.04332270844926044,0,250
0.9893424287142772,0.8080269569452037,0.10246812152879298,0.1792956089855268,0.037981071959402674,0.03826814303633291,0,250
1.4608414790908453,0.7205555704784822,0.03486262912905935,0.22423813180327956,0.04518910418206626,0.046304528277494525,0,250
1.1311738355887526,0.7856905047590255,0.05891368496589839,0.17527401204564216,0.03681643312460502,0.037394108673670975,0,250
0.8770391153497523,0.809517593077853,0.08530489978358417,0.15442242231857192,0.037653529131377574,0.0391963030429205,0,250
1.4243224522773843,0.7256404884816426,0.016585188545377074,0.22392766888970744,0.04484997071561984,0.04582186526287822,0,250
0.8935812295753477,0.8150927430032893,0.09752630862112083,0.15363213315080693,0.035647927002495645,0.03681029403255938,0,250
1.0268694074387623,0.8144541227795893,0.10956273665984913,0.19257678554970073,0.03864094035798302,0.0413423120036895,0,250
1.0332051850555906,0.7682245063750646,0.15454592778959633,0.21459135521678369,0.05156943039306607,0.054003971989198415,0,250
1.2478484956482392,0.7606726417514759,0.0953749574530694,0.21922564073850848,0.045044099160311574,0.046478208904709516,0,250
1.038306167261599,0.8226807982738876,0.11754708472389817,0.18492289508287063,0.035348117455682095,0.037333580839112486,0,250
1.0655460527233827,0.7878260034903813,0.043214060783845,0.19049264063270974,0.040529503538942635,0.040122475396250946,0,250
1.1488416107471857,0.7589316891946446,0.14481883741968363,0.21998116979868274,0.049505092538091704,0.05497000028504731,0,250
1.012624014683226,0.7863728320491346,0.10313248602777757,0.17542334541129298,0.03978803133669957,0.042901777985721846,0,250
0.8392088295924565,0.8275642446428055,0.13022747846778515,0.1691534134735023,0.04113914797110315,0.0414151954865466,0,250
0.5787899593792759,0.8698159135334501,0.26403212144454913,0.17835283839712363,0.0446924375355734,0.05476655789737142,0,250
0.6984738879989796,0.8664974799644439,0.1431707653679438,0.1608793057811628,0.03401878503644408,0.03784966840379023,0,250
1.330321963147163,0.7154785481586927,0.01667731760427384,0.28007833475394706,0.0605664131370154,0.06958548010349501,0,250
0.8774009569705984,0.8032978456858906,0.06434165618196994,0.14419831871072514,0.03514038720709793,0.03295771104594289,0,250
1.1924054702445865,0.7634438346284209,0.12517245185376474,0.20170369009153621,0.04315500415229352,0.045674913994480246,0,250
1.4466967332831824,0.6969739490974128,0.06900711093041831,0.22566717486569884,0.05010004182600835,0.05015155573357367,0,250
0.9528283815350844,0.8152893227696563,0.07680189114549697,0.16092626120463374,0.03533838333793331,0.03683607344970903,0,250
1.0678715172206252,0.7646513610334379,0.05611963788907302,0.1779321485009978,0.042435479639594105,0.044389749154990124,0,250
0.7932720907451749,0.8420964631377061,0.09583507877503088,0.15227761726999528,0.034474870554673936,0.03353387387383744,0,250
1.3970861112667403,0.7242854701615318,0.07047306637572853,0.24170265692643303,0.05005731991886328,0.05304956762123586,0,250
1.0540328741135152,0.7892688109944394,0.03658457871242495,0.1726606169065807,0.03734958064274555,0.035684479393835636,0,250
0.994156810145955,0.8038248493685413,0.08065536718536907,0.18907558707864938,0.03966330812409198,0.04018654979421141,0,250
1.204338530781819,0.7489522396171971,0.0018730729013395197,0.18645729669677855,0.04112384021915722,0.039223706138726964,0,250
1.1667583022299635,0.7946950772760766,0.07218001206855738,0.19819277460736917,0.037848740844851174,0.03836320643872238,0,250
0.9989833126455357,0.7977661096943178,0.15626147906146182,0.20923113213911376,0.045682100540747714,0.052452309387304316,0,250
1.2167419409522506,0.7826336190487664,0.1006088762793865,0.18526147889605804,0.03741775407483157,0.036415455611454546,0,250
1.084928623437661,0.7856260983571659,0.07756492909518027,0.2196990549321811,0.046682780553672434,0.04914430155612114,0,250
1.1484178763228423,0.7815230594975874,0.11061298078359792,0.1808056340814468,0.03800537184277273,0.03944711882099735,0,250
1.1332099334002166,0.7761493662750741,0.02144727574278739,0.1959114596669876,0.04163828473833094,0.04162882093863556,0,250
0.9142072612329596,0.8011984375512712,0.0912547854568971,0.15219493530935227,0.03697283652133766,0.03581782111658688,0,250
1.4148649002513933,0.6681095996525743,2.9920997488532502e-6,0.1385954811291946,0.035446004544469153,0.0019949317857299825,0,250
0.714959940710669,0.8526460898989718,0.12574920196079317,0.138586919662802,0.03256800216386153,0.033923264274874375,0,250
1.3051597853726418,0.7665131796792952,0.054852958284813215,0.20579078358896993,0.03988166430222376,0.03893170125217088,0,250
1.1726230205336134,0.8004575606934073,0.1266496987644316,0.2658164118345929,0.04800777369579611,0.055004126630534556,0,250
1.0905757561191194,0.7606882297019377,0.039581562486627093,0.17616174802108062,0.04175755131935081,0.039500276587676346,0,250
1.3278814669691963,0.7398559456869475,0.08290167746872552,0.24938486601801702,0.051579259828772234,0.05697918857061983,0,250
0.8401803326065059,0.8199749132593422,0.08269699544360369,0.14477680350753944,0.0350404911540234,0.03452591759604458,0,250
0.8464443505831171,0.8335575442389297,0.15648925134152233,0.1860496734409333,0.04040924105290902,0.044330148938430916,0,250
1.1661379954570064,0.7421298132383091,0.07533190121759188,0.1827070463778474,0.04386442109178107,0.044726553747042916,0,250
0.7365536969237155,0.8496494448580663,0.11987428602844136,0.14080489542441676,0.03142374208787926,0.03497074250447295,0,250
0.9653228500790103,0.8152437176246046,0.042559650407830676,0.15778953362750187,0.03289918788892141,0.03179311986334633,0,250
0.8500500691980489,0.7985518085007188,0.158447574339452,0.16321936181499772,0.043382088170301786,0.042746293354738917,0,250
1.2234155621847487,0.7564949729471204,0.13486019606928748,0.22048401957517172,0.04729439497403887,0.04694573089934217,0,250
0.8713566203503211,0.8316297039731221,0.15036563730563546,0.17707496447750357,0.037210984104946276,0.04269983859182659,0,250
1.0012287272339009,0.7889899836597241,0.10446087283711104,0.1862646351867741,0.0426322066133891,0.045443772473882614,0,250
0.7615599662923577,0.8460522696238139,0.20124751023091572,0.23295746974810494,0.04974090570960508,0.05977465123357934,0,250
0.9824493660157335,0.7818195721369054,0.12041318385191252,0.19687785406422656,0.04684951074733076,0.04749051136930863,0,250
0.978063265625937,0.8139420332888091,0.11102204000249616,0.16667074452912778,0.035899309428088166,0.035327439638952386,0,250
0.9383635348607247,0.8318181801087928,0.11523572376264822,0.17314558218818174,0.03446196142583123,0.037004478894633666,0,250
1.0790456364217331,0.7472259968857546,0.05925292836515543,0.18169432527744475,0.04634259291390731,0.0454396500445721,0,250
0.8076817456630324,0.8447432471564292,0.1315586098348178,0.15128765401486824,0.0323509205119628,0.03581534369858055,0,250
0.9224662695858316,0.830665957952114,0.11425350554343602,0.1866315611291442,0.03832847289444219,0.04120483951660894,0,250
1.0519056498835029,0.777964708959957,0.09072946841144594,0.17428594100393036,0.04039416681456439,0.03932641095326512,0,250
0.9373014267608663,0.803004300482504,0.12113462725543442,0.1651874311571255,0.03761650506349317,0.03822145163953938,0,250
1.5682656142778515,0.7177559830767176,0.027828310728407683,0.24443235100788496,0.04631595442892915,0.04816384599393493,0,250
0.8315546501303676,0.8418156143109566,0.1453240276732527,0.163897845681763,0.03511630334657253,0.03747005968338743,0,250
0.7030442129931649,0.8370700821320186,0.10375483042304336,0.12219313114268852,0.032577528905048704,0.03139982195724958,0,250
0.9494858537550427,0.8049254341577047,0.09635866407721322,0.19723209496045035,0.04315783755258775,0.046220596136169946,0,250
0.9627669169259753,0.7788696082275121,0.11608127241905278,0.19304756274333768,0.04742849694976299,0.0483055038589665,0,250
0.9968018304175802,0.8086101679102491,0.054036372826352735,0.18000555456703624,0.03728471346329317,0.03861059157449924,0,250
1.1986811459233262,0.7558554611931925,0.023709010827052727,0.17523731194178385,0.03897950343797931,0.038101407894824066,0,250
0.7247726773192013,0.8368413926752973,0.11479448676651519,0.14710224809635258,0.03702231959568208,0.038441637225771486,0,250
0.6698909536155783,0.8475509738266792,0.15952470628769846,0.16611257351958306,0.04094139587781402,0.04644038298406823,0,250
1.0968494914139706,0.7875350585467905,0.12250647283695143,0.19406901177176206,0.04224164274762913,0.04108642088126632,0,250
0.9616647937219432,0.8104107156172683,0.12059177502974915,0.18720819761429894,0.04067430421388929,0.04269561217769927,0,250
1.0795236709427682,0.7745398610974925,0.03311917445241186,0.16808650734818295,0.037988751317594105,0.037364862920324066,0,250
0.710443589514142,0.8601746646432945,0.14197523031228912,0.13256081525449437,0.030674006382064436,0.03377979147977043,0,250
0.8201914116487178,0.8415338374906677,0.1204114613330734,0.15427577082618263,0.03423740531899149,0.034594950890543846,0,250
1.3467384394421915,0.7522516920261434,0.11298973313530092,0.23610009491463171,0.04633940472314179,0.05027781778903607,0,250
1.3220151078200002,0.7532278075893827,0.0490915756383419,0.2089273657309857,0.04223316803505429,0.041218979118615606,0,250
1.329624318096819,0.7034462858436329,0.06758419948786532,0.25616711602100295,0.05884509463400884,0.061704202881323555,0,250
1.4192519109615405,0.7313423838210061,0.03435013830366371,0.20318715175086607,0.04122116302898123,0.04078216552519928,0,250
1.424090578865385,0.698564452895067,0.017525208512830646,0.2358472791226907,0.05142560045318173,0.061738095782196446,0,250
1.279994017644733,0.7371389244886166,0.05547339878365623,0.1975949833533303,0.04297033814690183,0.04534809457953888,0,250
0.9704107438828072,0.8043084616428949,0.08412710048245768,0.1647623633202106,0.03698810730816045,0.035830640649418134,0,250
0.6356529021824646,0.8684737828549138,0.1982975080911194,0.16632613356254813,0.03845189674989509,0.04808531759574687,0,250
1.1147106090208685,0.7742261229741718,0.1319592947228477,0.211333199307823,0.0452758573105118,0.05135232581980485,0,250
1.0237436229797523,0.8088720844542371,0.0776444058336526,0.19599317266859273,0.04000443710803223,0.042768921538531436,0,250
0.49728251529894685,0.903465176661733,0.18499007381300753,0.124741443431678,0.027915083778925008,0.03945730584338781,0,250
0.9308397633135558,0.8078573282151369,0.12947560435202918,0.16309445301496817,0.03872354916968154,0.03952759357114337,0,250
0.8223505088325296,0.8251644772786917,0.09877539018822033,0.15460482769490252,0.03633399169000329,0.03605209397464212,0,250
0.9028089999041614,0.8170006189481794,0.09074937045327487,0.16442634074708776,0.0370810532271916,0.03826851674135921,0,250
1.1112897220271116,0.7877722529010314,0.08151449571918468,0.21169182684835414,0.043801386194944884,0.0473628680309286,0,250
1.1898325404141814,0.7976416351398162,0.06985310411316821,0.17900487876998203,0.034148821078096116,0.03728857944861255,0,250
1.0882136764845676,0.7494000274714626,0.07804469085573018,0.19145190805770906,0.0467576541403513,0.04785094435567848,0,250
1.1905863358116056,0.7447995696098518,0.04878550665239954,0.20509218683278063,0.04648405079124249,0.04822962966985067,0,250
1.0714106425886367,0.7528497522931035,0.0743175126830752,0.18721710003406333,0.045626518822735766,0.04557333596155841,0,250
1.0300911663310413,0.7980973273746248,0.09407970548858703,0.18559126521935582,0.039523099347632915,0.04089211860891461,0,250
1.2743792197008372,0.7636107126037068,0.114583191910189,0.24412930075949626,0.04839872004091291,0.05353936320124454,0,250
0.6615561882551765,0.8661035700728656,0.12560176110894217,0.14263862316473522,0.032905944045328095,0.035466801215697674,0,250
0.7958445209943676,0.8244436713230944,0.1463240690458866,0.1714179330373235,0.04115785452977988,0.045251103335427555,0,250
1.2818147085527645,0.7547707725811106,0.08975431063712232,0.22233034192206944,0.04556540635750899,0.048469008864709597,0,250
0.7350705522001346,0.8228363595597128,0.12143655219137976,0.14176290276355638,0.03825216082189699,0.039201449439121475,0,250
1.1816933103158807,0.7447879883610563,0.11136863730633605,0.19559775640924446,0.04546782549803416,0.045898567630444746,0,250
0.8698643837691598,0.8395256520887399,0.11916153667941998,0.17161765393812958,0.03479497089743429,0.03670602034095544,0,250
0.6988466737772601,0.8435534983833068,0.10145192231957081,0.13536049235958472,0.03472693630483883,0.03453523040089654,0,250
0.7532194055776229,0.8388707444623658,0.14979997534600353,0.13990100523419194,0.03355829066799901,0.0361928950382113,0,250
0.8853466351429854,0.823311008320609,0.10058191040710088,0.1564386977103857,0.03522530272542608,0.0361871693805904,0,250
0.7746812222123811,0.8286081226001024,0.06790197544217942,0.13400154021046815,0.033435282714157646,0.03269468728403064,0,250
1.1057522476191841,0.7717496586308742,0.09506884156556943,0.19931574878156774,0.044296561828212434,0.04532609086715902,0,250
1.4399886258258203,0.7445406639817195,0.030642660047377476,0.22253577861446208,0.04173315383322911,0.04041745711643166,0,250
0.7293767573319678,0.8415141970594143,0.14157574034221154,0.151786197601044,0.03702981224236382,0.04255796145155091,0,250
0.79980669211059785,0.8270743614411245,0.07521803462905623,0.13432407208787653,0.033353424589573834,0.03147040886994015,0,250
0.9079267709728653,0.846062280076739,0.12197988145532686,0.17852611734773396,0.03326045951441756,0.036506342762661,0,250
0.998235087933668,0.7523924174855436,0.12447896620707706,0.22150713359001808,0.0577906245453078,0.06369094794944948,0,250
1.3695908353630468,0.7269601498493378,0.12525958947116728,0.23543192279517067,0.050658008682602146,0.06175123512385885,0,250
0.9572899414769911,0.8163004265338942,0.13195259324658062,0.18330732615889625,0.039596316120406795,0.04422713428349631,0,250
0.8910666718842882,0.8245451065376592,0.08252326528762188,0.15834421841215,0.03516979214516514,0.0365810301403948,0,250
0.6820994518472598,0.8442032413792775,0.16877414831666543,0.1422254505300762,0.035590297664771356,0.042462769349418866,0,250
0.662338413262499,0.8424723472756771,0.16350041202832927,0.13870912936908494,0.03675246472182893,0.040169642551758,0,250
0.7350069801036726,0.8557974223571236,0.1139841352902457,0.121684613555268,0.028491289995188213,0.03065391116617555,0,250
1.1449737926308985,0.7120433015394523,0.09881739221118312,0.20265354575282488,0.05459206929854006,0.05897467078439705,0,250
1.2884632174193902,0.7659743423029282,0.08649559102414629,0.2514307674001473,0.048479753015762024,0.04887465758303127,0,250
1.2304218011553858,0.7568075129295586,0.0719656017198861,0.2325916546642998,0.0478374630692167,0.0488162472839512,0,250
0.6492726223725315,0.8401518554983588,0.1362367987608841,0.14292623256245668,0.038036364581188635,0.044399210279793946,0,250
1.092579989811338,0.7638441792193591,1.891301986061964e-7,0.10192371254499567,0.02633793238637651,1.1521229618802874e-4,0,250
1.216212692648316,0.7814212057513928,0.0784311297365305,0.2143361034218096,0.04097221710203822,0.04274877336964941,0,250
1.0495669180799905,0.7749300682300718,0.06202178517594414,0.17811036269093844,0.041223135654435056,0.04239815302358048,0,250
1.3875162669601917,0.7258836417533165,0.053924627893812346,0.25113565457987097,0.051361339500942085,0.054172488518022276,0,250
1.1436952070569646,0.79677404269107,0.09131161874112842,0.17644869245690134,0.03571693308576595,0.034710341379696266,0,250
1.388443850159869,0.7386642842518046,0.05042965572811063,0.22926781938924834,0.04579452753512952,0.04464762146100241,0,250
0.9188434353372364,0.8113349953685672,0.0659734602913308,0.16617473141496675,0.037221703924455826,0.036339552051642875,0,250
1.0932474228847573,0.7721013335444347,0.08442907394721592,0.18956682469588562,0.043162531430564,0.04620711598807237,0,250
0.8833997126656594,0.8214077904835657,0.16744968744629352,0.20284330020719377,0.04436131008968243,0.05010270977359676,0,250
0.8582346319252856,0.8103134220919624,0.11330874441020687,0.16832083887878524,0.040132048354871434,0.041871209923765806,0,250
1.2053485282415415,0.7486441903746394,0.04962640741324584,0.19704163464687474,0.04373831281801221,0.0429980761551819,0,250
1.2183645610427711,0.7990409262663458,0.1128824487797108,0.23121611065568762,0.04126284216282371,0.04578189613533164,0,250
1.087874524097772,0.7613017598998536,0.07046401428519439,0.17298476586644337,0.04184802912965128,0.04296930480241026,0,250
0.8877082063136831,0.83596551491986415,0.12385342142730545,0.1557642100044086,0.03330458965080447,0.033895018981441365,0,250
0.6433474180660029,0.8808620631766628,0.13224331337821124,0.12105118307390202,0.026790352882656892,0.03048882025290845,0,250
0.8367157263752606,0.8274564324682574,0.07425066900092797,0.1541275978741974,0.03478775818270911,0.035198935321284146,0,250
1.461989446713841,0.7000297107341658,0.006056985788376929,0.22291318264618856,0.048159033891714796,0.05371047287384022,0,250
1.1179062789428538,0.7853072677083822,0.048404449234249296,0.1889148390794316,0.03898360699094892,0.03866308067381987,0,250
1.0570827018005873,0.7819522087897839,0.10150530983195614,0.20138359143502946,0.04423621966921871,0.046234484029812305,0,250
1.0156039642156687,0.8198295485945414,0.03923466627343513,0.18807651033907527,0.036099471067769104,0.03719908540698774,0,250
1.0054028158302621,0.8212157181833775,0.06876809798093236,0.16768368103863057,0.0333646013525011,0.03393812571723982,0,250
1.006672488539045,0.8227377113854379,0.07255260885393718,0.18058650415653127,0.035665567952693655,0.03640166156314078,0,250
1.2206032999157146,0.7563764515419085,0.06430950622988783,0.2061588103447287,0.0442210851542045,0.04504859433515043,0,250
1.0417611186589775,0.8040000754203204,0.03662902143963257,0.1546093217423379,0.031607189866711974,0.02923584527813051,0,250
1.237927740008472,0.7618199934925072,0.056142012423349964,0.19138582575044083,0.04049216023675043,0.03954386339316221,0,250
1.8458955721590244,0.6355488069866053,0.05768230223179565,0.3358068922401748,0.06715114535236781,0.07792481420284807,0,250
1.132694470275865,0.7541244534437197,0.04548599842440423,0.19074138173048694,0.044064229469033836,0.043400641773466225,0,250
1.2001067991983376,0.7839944417435167,0.10689335649685365,0.21462109357663559,0.04197774235163829,0.04353653710518946,0,250
0.9125115436783606,0.8192700934718107,0.10246661262522742,0.17974656605166886,0.0383913414701309,0.040095144320840125,0,250
0.9609726859778774,0.7987859626163124,0.055399142224898196,0.1779607751999482,0.04055453975068718,0.040859660991060164,0,250
1.33735290781678,0.7345410054553214,0.0682223348640181,0.22846565418569545,0.04872686915220386,0.050203547032283656,0,250
0.8866277985829946,0.8258210465707896,0.12045276549931873,0.15697390439495648,0.034675666206916124,0.03561548555883674,0,250
1.0477441576833433,0.7760139504236989,0.0877315186331932,0.17321594798521714,0.03991415093612264,0.04068940043782626,0,250
0.8876395203820078,0.8089110560168301,0.11913028865909414,0.18466088402654196,0.04294250760486775,0.045592621585387606,0,250
0.8417028223676947,0.8067627885503529,0.14871193641059446,0.20151210722306848,0.04971723228022263,0.05644998329363967,0,250
0.9170708141905245,0.7782500510252695,0.12376004523699027,0.1565774241202236,0.04289821005837529,0.04334407466542946,0,250
0.7671050661963795,0.8662269097073151,0.12131818414134518,0.16537049819270025,0.031956223204550424,0.03536777901380583,0,250
0.8824713926476564,0.8409475092558596,0.09807390340516957,0.1627076240264467,0.03330702202742338,0.03377287078452409,0,250
1.057323569764647,0.7912957216409057,0.11066316237402363,0.22537794200479613,0.046775813992447575,0.05323398464306963,0,250
0.8620167752414115,0.831452857037937,0.07771415314563228,0.13933810042198708,0.032504507985903014,0.028883714673242317,0,250
0.8284387249886167,0.8319584929622673,0.08446936806389083,0.16574411461743868,0.03589253205217757,0.036096229292890504,0,250
0.9604497163055763,0.8178749947967903,0.12141825080863221,0.17444326581005132,0.03686151708552352,0.03741922207537282,0,250
0.8779319428784048,0.8254233853322337,0.1255766606186448,0.18005465410705476,0.039140228452201296,0.04077558984136472,0,250
1.3678992930834586,0.73850982157286,0.045307777018223076,0.20362104572382062,0.041948290838672,0.04046835311134179,0,250
1.0531965684391047,0.7826407780764719,0.15161416654801455,0.21898784049267503,0.04777816941439983,0.050832003524118013,0,250
0.8644096812468889,0.8193900570183713,0.174662618313971,0.19125592352505022,0.04359629700888144,0.04910336840148868,0,250
0.7397900373156815,0.8342183480835632,0.08070357671140854,0.13875369387647915,0.03400696370723236,0.0347936888582948,0,250
0.9440103651211291,0.7956693338969016,0.06765057585754002,0.16580913364452704,0.0394776865001949,0.04049636256509018,0,250
1.0103294144785757,0.8111397002295857,0.05797210297043148,0.18117342326416286,0.03719625378123805,0.038400344264251984,0,250
1.3806027762905393,0.7418667387927299,0.04686224624378936,0.19998007647447658,0.04075296679232517,0.03808353022518488,0,250
0.9963587945806519,0.7924249398189819,0.10103354953436741,0.18565244256082236,0.040315114384254266,0.04336984838103215,0,250
0.9822062287985238,0.7665732572350068,0.1401734091524509,0.2574516550859725,0.06276963385473512,0.0701722115741955,0,250
1.257733375585116,0.753381782101787,0.028967467220108272,0.23461768929142546,0.04814161330730845,0.05472490590286101,0,250
1.1788284832810731,0.7156026831795058,0.03904852468974403,0.2047272129433284,0.051062591997418534,0.053904009033686924,0,250
0.8845670705254118,0.7747726767235877,0.04646707858606358,0.1478837663903207,0.04099557844933416,0.04037331779822017,0,250
0.9007216136604019,0.8349858037602969,0.06173052699277553,0.13391468241156748,0.028574981502209558,0.0264075506084956,0,250
1.128469550155116,0.7529015115502943,0.02161470591031693,0.16427065045244096,0.03912954606608923,0.03739240062475168,0,250
0.8322564797278071,0.8277960333828243,0.07739881067065792,0.1604591789521158,0.035265502853032864,0.03625869418538419,0,250
1.168456888377122,0.735966239481005,0.041211940111860024,0.1817682882327882,0.044329547941849685,0.0450346576419795,0,250
0.9261547063512507,0.814348495492487,0.15082748091771198,0.16882698407835767,0.03895991427521368,0.03812213247466148,0,250
1.2342382778145535,0.770006175650292,0.08510169776621773,0.19034056880644454,0.03978604179904816,0.040199246115814595,0,250
0.720833898878177,0.8673252009459732,0.10678597177289763,0.1407091169502728,0.029065950564173406,0.029825889573793656,0,250
0.736841903499429,0.8558602109306015,0.12880356456383443,0.1388873748470921,0.030609392167557266,0.034002904885754096,0,250
0.8565951670658332,0.8301524012956693,0.12077955273576643,0.18864363443517723,0.0410526271142889,0.04305253526680962,0,250
0.7813227708243443,0.8385731450910732,0.18681425504035035,0.17780669988606476,0.03973782094414048,0.0438952960054208,0,250
1.18515553023338,0.7655190967317709,0.05751845265533697,0.21490623186939942,0.04490898357212508,0.04386272254255124,0,250
0.9569758128505571,0.8055359804537249,0.12874943783321302,0.2060102824298719,0.04496175902361764,0.04848259234636368,0,250
1.3337569933784201,0.7861121150987445,0.07069485703634264,0.26525983620937493,0.045421666519870944,0.04899868443472506,0,250
0.9327981177090798,0.833305863522688,0.10769556250193679,0.16434910844964376,0.03296366204807072,0.033855057924563586,0,250
1.0007458402527414,0.7708036608601683,0.06707324003429967,0.1762367484667622,0.04423474737674282,0.04655094671246377,0,250
0.8529593017124496,0.8187464104700058,0.12637629421481447,0.16597169028239128,0.03768506956382833,0.04222284800298077,0,250
1.0206234864549815,0.7882570719239937,0.11021195178092279,0.16820840460133674,0.03842982653056357,0.03923266967933947,0,250
1.038295488691775,0.7854486081669385,0.12022174598113063,0.19739388583300005,0.043856119457287374,0.046028819460621664,0,250
0.9241756202227931,0.8103090275357157,0.05416751190563077,0.1700579022913995,0.0383525521749518,0.03645927896616206,0,250
0.9373210067495081,0.8036535496718856,0.125521973723566,0.18200467920233326,0.041492878576070605,0.042297922727636994,0,250
0.9387978483354952,0.8086360531524708,0.1259802050392847,0.1837895084277182,0.04062563407214623,0.042485984369324686,0,250
0.9168451611599027,0.8171611147594313,0.12474655799549118,0.17094702881752305,0.038808675271290886,0.039939432707527256,0,250
1.1537123308327601,0.7602467712393927,0.07315117887788385,0.19214305486991903,0.043627962181326585,0.04501903328780104,0,250
1.205891535639892,0.7538542709411514,0.040935695417431445,0.2068698155749476,0.04455087608679195,0.045792234486023584,0,250
1.0140180150456195,0.759997434640907,0.06724177655535499,0.18855856012817693,0.04647838810998473,0.05189066098594371,0,250
1.1085626089777927,0.7873818603689331,0.05245052993450059,0.20917553634585756,0.04278771857241751,0.04277715449656062,0,250
0.6059834333518587,0.8796935598713753,0.1596810127378317,0.1459487212823852,0.03366494100779051,0.04010067074708432,0,250
0.6265975357849322,0.8657679833109515,0.1520662022052661,0.1461312177735731,0.03577890849489758,0.03923161005150279,0,250
1.0519541929139324,0.7969153404738823,0.03927065238356132,0.16991070090877827,0.03534526107182152,0.034696301746956044,0,250
1.1655155229337029,0.7458834783922554,0.09866999166078672,0.20196676188307844,0.04692742125812501,0.04722212257650959,0,250
1.1981134869480883,0.7758939147653154,0.019603764977751143,0.1935759485604435,0.03863390909555076,0.03723884959425147,0,250
0.9399018671694331,0.8210181818842063,0.07554377750592314,0.15487651487780127,0.03309565907412293,0.032513359620936454,0,250
0.7780080509243629,0.8530604384857078,0.08883364291871801,0.15968024955354645,0.033065310318376895,0.03614085469476001,0,250
0.8893989028637793,0.8158987694819329,0.17002923699363584,0.19522038116720455,0.04392755284659228,0.050854574739112396,0,250
0.6896501487122746,0.8444935605993237,0.16587488642079964,0.15440522796561618,0.03883747326603485,0.0454994172931886,0,250
1.0475838728553066,0.8026137111403772,0.12887369566601006,0.18789642760159242,0.03896371970659066,0.0408105058613826,0,250
1.2320607566454267,0.7634613587722222,0.07271382186850685,0.18747340734864687,0.03946237649209825,0.03842939421703429,0,250
1.0964547274718912,0.7820896294638133,0.11075994950743351,0.22237234921986193,0.0469334058674837,0.04707964806593248,0,250
1.1903269908745768,0.6764494770105156,0.016228528350354206,0.2752368085492194,0.07426951885619541,0.09084014051662823,0,250
0.7779026984022844,0.8568811226409228,0.12432429283977095,0.15252559590365355,0.0312829459082653,0.0357803326963626,0,250
1.0586380674240639,0.8006694504742453,0.16199196593042395,0.21785523804478885,0.04487553197858964,0.05197402491120484,0,250
1.1816172178781068,0.7402234728803253,0.07446613030064328,0.17475834811363525,0.04214574308276921,0.03936510065051004,0,250
0.7741620992990317,0.849087787140549,0.11296983030395338,0.14602029299140476,0.03276889006683857,0.03418199574136393,0,250
1.2639073826796607,0.8006023618260462,0.052919802576374464,0.19706827296028093,0.0347002710417825,0.03551945618186046,0,250
1.3940133477883272,0.7321438471734276,0.09098548918356665,0.23299818795412255,0.04716863034061223,0.05004189201472074,0,250
0.8948819797133332,0.8216558694787588,0.10101721255161414,0.16636356655786444,0.036351785840697065,0.037512677552501546,0,250
0.9220287183474282,0.8259156418721398,0.06764776045170165,0.14878622276345468,0.03166149274455016,0.03056774679252435,0,250
1.0132907492947234,0.8049798590994228,0.061103643383755915,0.17679773404023907,0.03792768332348255,0.03619574734155876,0,250
1.2289487163616704,0.7434714856785519,4.509865782016105e-7,0.11408135033355919,0.028442133870471984,2.5130824789517216e-4,0,250
1.2614531099947364,0.7603343201638771,0.08453979436785032,0.20435395707347181,0.041974736447233374,0.04144340538785051,0,250
1.0445757113700747,0.7495986660628607,0.07313339858152072,0.17931808278951225,0.0463729493366623,0.050650422371322355,0,250
0.6793094327569171,0.8636617660182796,0.08926036239711618,0.12324439898990527,0.028361807008687942,0.028451300244013576,0,250
0.8652715425901487,0.7867269655749158,0.1534922457314782,0.18969831089798855,0.05017905704885369,0.05500647081818398,0,250
0.8472329927582339,0.7964826560994774,0.1591054525033438,0.16936687555611368,0.04451001147770008,0.04400493203019495,0,250
1.0925855521599697,0.7684799492924929,0.07894481733607628,0.18497103942071177,0.04339715529585695,0.04525263839900321,0,250
1.0474957830655338,0.7970443709245432,0.08976668165485152,0.18203112773962193,0.03908457353139701,0.04184346194632719,0,250
1.046798806588617,0.7741957638189131,0.17595893069261406,0.19390210851735448,0.046745062530559024,0.05025748472605056,0,250
0.8686633867160298,0.8274897669322895,0.09724354464689292,0.1590071947809931,0.0348629307553753,0.03618148909834735,0,250
0.7553361399169681,0.8342088851211439,0.16323349678310645,0.1712416490926988,0.04169211915510071,0.04325392606496735,0,250
0.9037892327067881,0.7799055216470681,0.09890589105779768,0.15697001414149628,0.040081643903233474,0.044119736752785944,0,250
1.0311861520705836,0.8035738014550896,0.10122633745966145,0.1816871375646569,0.03821364111627894,0.04046811471852944,0,250
1.107423247037993,0.7627525091794218,0.09607758136695319,0.18871848505822156,0.043591000603606184,0.046253454146028716,0,250
0.8777303715085651,0.8380818326396559,0.13152115762549277,0.16038363862508193,0.03359099456432598,0.035041969689953795,0,250
0.9145854797637853,0.8274097723226166,0.12267051616070143,0.16961021041362326,0.034826259808756976,0.04001031855771744,0,250
0.8165535979180341,0.8371777974339899,0.1354822716072879,0.16326828844839142,0.03741382749710496,0.03823135456836424,0,250
1.3013276999642849,0.7705403061381045,0.11634093854486079,0.2400950705033439,0.04502276349996182,0.04690416479346253,0,250
1.1087379283141054,0.7698004807406945,0.08017265533823079,0.20656551002653095,0.04541075830186006,0.04629306424885386,0,250
0.9424135864306642,0.8020636224967104,0.12234018013494251,0.20864676034410723,0.04644953132669419,0.05069617234339122,0,250
1.3358263923935088,0.754467493966697,0.028390574754300988,0.21060953666914042,0.04177670628786302,0.043585925668415335,0,250
1.004734056376813,0.805011645497805,0.06717233896642702,0.15899178825751117,0.03459571429094349,0.03448097805560954,0,250
0.5350444672752758,0.9064483551399687,0.17691208275112966,0.1315652116767921,0.026054046274159345,0.03703827228946452,0,250
1.2805999901500418,0.7526171346035782,0.042390801187905246,0.22447399379585461,0.045903529782381595,0.05036990319191761,0,250
0.8613088929184921,0.8086021379251642,0.19689757943115696,0.22112620407144684,0.05154901833178995,0.05851425624755011,0,250
1.1838471911911392,0.7619243528545513,0.09654449852243321,0.18833841899964204,0.0421148667895343,0.044618149674648076,0,250
1.1012076287156018,0.7437292601149098,0.08731388374017406,0.19832062959816346,0.04961845986467216,0.052317340659044004,0,250
1.0111491060708047,0.7841910419863782,0.034563513682257345,0.1540362869494843,0.03593771029620669,0.035750651472718005,0,250
1.2030137120849262,0.7490410683229972,0.08832665319008579,0.23099381475108158,0.05106514636007289,0.054247536364084595,0,250
1.2191481951154268,0.7798262185772151,0.017371747862294593,0.1935605786231812,0.03878710330880174,0.036145220926250096,0,250
0.9389623433310202,0.8304444653305977,0.07849621619949541,0.1612452746345236,0.032828975083287394,0.03307964631704218,0,250
1.1400085898578063,0.8032671952116921,0.06595173416523117,0.20130503863847057,0.037315037480070624,0.03750746174386917,0,250
0.8271780416480216,0.8141268072281922,0.16055757596137923,0.18369491096404206,0.04484791389863688,0.04897612131008264,0,250
0.7727900053310878,0.8321599771272178,0.12060612827303893,0.16324124237235607,0.03890875458668425,0.04169286949262905,0,250
0.672901220719602,0.8637967746451635,0.14744251121159171,0.15155935774744342,0.03575684152198209,0.041271828192767805,0,250
0.8489213214130523,0.8333377784105193,0.13849549212271223,0.1684221110214537,0.036832737004071636,0.04129115880876286,0,250
1.1985451753706327,0.7629117835361846,0.0849982800588041,0.2258944935453288,0.0473967776334895,0.04680780432022331,0,250
1.1335591761498476,0.7688078506584406,0.05112821053059388,0.18753121853638383,0.04071927906221153,0.039733881933124965,0,250
0.774764086715932,0.852923728888533,0.1577954287461717,0.2062215281733805,0.04205789875337045,0.048582793649386544,0,250
0.7926937035092356,0.8348122526296817,0.1334181561029626,0.16009862959689464,0.03683275635450625,0.040272218356098004,0,250
1.0915988302053825,0.7827365580277084,0.11142379424156815,0.2029460572943885,0.04332120391631861,0.04475698582449409,0,250
1.2393896168997547,0.7471819786039918,0.08012305788374376,0.20482078770168408,0.045297539709053765,0.04675850485752187,0,250
1.164755193513881,0.7242660055975298,0.10027315976228907,0.2152862901878068,0.05381177844030737,0.05689990601504396,0,250
0.7322538028886022,0.8314088773155764,0.16355613722103268,0.15956531411995534,0.03977621082499266,0.04654856041622535,0,250
1.118621198647011,0.7634525770878109,0.09063951926061388,0.1792094725630597,0.04157901750478053,0.04181560667404564,0,250
0.930883144975204,0.7841862195716852,0.07460414348268031,0.1539662831862861,0.039588193874194634,0.0378122972624396,0,250
0.7119821023851763,0.8650535474625185,0.08584980284203285,0.1401986311776819,0.029817690758239736,0.030590471570916242,0,250
1.3575480078506441,0.7267792774109716,0.08276806761666089,0.2084270065390337,0.0450823859769529,0.04379059816086009,0,250
0.8833259286719625,0.8298420907328324,0.10741349037559395,0.1610061134347006,0.03520392577259979,0.0388175491966915,0,250
1.2047879578044802,0.7378998524879538,0.03555502185457006,0.2442285573783995,0.05582138619438422,0.06476526314907628,0,250
1.1285165313030805,0.7627496811073784,0.007804527844023243,0.166863927378877,0.037813055152784394,0.03630165997805107,0,250
0.8022946524792485,0.8053600655206022,0.053131459998248864,0.16013285898803903,0.04192730528106694,0.04158817359621286,0,250
0.9657768070036742,0.8017767956682369,0.10934597137851841,0.17694626363591406,0.03978497152211744,0.04329157663763884,0,250
1.3692831770065095,0.7431377298606877,0.033174745669812676,0.21098883512360725,0.04349083740448797,0.04238558690989868,0,250
0.9469419252492046,0.8223647050279612,0.1026825727920628,0.16460854577450343,0.03437190510769639,0.03638294636704203,0,250
1.0390229759789824,0.7735494371672438,0.06358453549413805,0.17245923243461106,0.040947809211187486,0.04268924685354369,0,250
1.3824415312688556,0.7556878859154901,0.1092273384074013,0.21241730030061992,0.041136228597672214,0.04174182874364178,0,250
1.3152210651448208,0.7117118339205197,0.08199093250826325,0.2947214235289506,0.06653614655486825,0.07553514532641331,0,250
0.987653578184136,0.7782675373311716,0.11347296151977526,0.18177641213252946,0.04414124081965309,0.04845426201556002,0,250
0.9791271629001564,0.7871807164430816,0.09397387597875917,0.1540930873074613,0.03783258640685435,0.036065938122277756,0,250
0.8563151350433187,0.8281064525934545,0.18793113387161248,0.19876902577647404,0.042768356698150004,0.050372517935812114,0,250
1.2234852778820289,0.7777998910023557,0.048234618104404575,0.20656109852260116,0.0403197046524277,0.041509297908311066,0,250
0.953254717268468,0.8124729428293784,0.09383478124691237,0.15134803457745233,0.0339260047647479,0.033263379591715485,0,250
1.2120165881703526,0.801401159318732,0.09784716346791388,0.21248554985472215,0.038088504406670824,0.03950913728278104,0,250
0.7611264778731452,0.8211634986745306,0.1105539299543533,0.1406715255474582,0.036289801698640774,0.036310981636089874,0,250
0.8841878414726226,0.8384173424297662,0.08698233121322121,0.15803276146785092,0.03248747502928118,0.032008317739111836,0,250
1.3951757066529826,0.733841499405338,0.0019095380721761857,0.2167851051034207,0.04420341284719336,0.04567064332906907,0,250
1.0358280198490402,0.8124100907328473,0.07622609519480855,0.16892659177700906,0.03358138993172309,0.03470743258065485,0,250
0.8286672020640823,0.845408973915265,0.08741369577028718,0.15610527774305483,0.03296148804252292,0.03420684908850434,0,250
1.0846258288777477,0.7589642583663304,2.2163182367539304e-6,0.10106448812841502,0.02687963745914915,0.0011207068328856918,0,250
1.1358172432935567,0.7690752548270073,0.14103788699680767,0.28800125675376154,0.060922634730432385,0.07031812036999842,0,250
0.8902091739133907,0.8244714066104031,0.06320620816894373,0.15018342238234442,0.03409283309214295,0.03250758770830415,0,250
1.2990464213637738,0.7507938026007538,0.10967877383589615,0.22500133550564913,0.046349930783483366,0.048205172933448795,0,250
0.9026419707737426,0.8128930850396573,0.14343651440818464,0.19661114017709644,0.04408918513756948,0.047414273892125616,0,250
1.046414289219414,0.7814823215016915,0.11319208197005573,0.2095125744540916,0.04712788644573509,0.05075244487443519,0,250
0.621146160506874,0.8780198835922927,0.20384651425279102,0.14834306226688782,0.03307903596962522,0.04167059452254732,0,250
1.173820763804644,0.7104628548256481,5.082829475544254e-7,0.11102509101979283,0.03153954854242439,3.9148919086441864e-4,0,250
1.1319810665457817,0.7763915826455436,0.08451763737246104,0.2171555190887272,0.046997501548235815,0.04953110749704929,0,250
0.9231236733929504,0.8253105438463034,0.11223525749648484,0.1670354784932902,0.0349914805533581,0.03844799365995365,0,250
0.7621831244438088,0.8199334496202233,0.10300754879757593,0.16228109507310412,0.04166861690283614,0.04492172850557734,0,250
0.9351996212001462,0.8062367235183723,0.10177381174419672,0.18613266978032286,0.0415837493000114,0.04202679666543713,0,250
0.938117180259654,0.788422359411009,0.09877846549413168,0.1613039094087546,0.04068535067441759,0.0426825744789734,0,250
1.0016348723769157,0.8026530533376424,0.12108142537424313,0.19828644537877402,0.04250137271580024,0.04445652012819833,0,250
1.2618498835268432,0.743599003176828,0.030173010439768062,0.1988193584596365,0.04371825280632762,0.046895652637002384,0,250
0.8696266421920199,0.8201083415643169,0.10447830819579025,0.18572594120860014,0.041753189501163135,0.04498151407730499,0,250
1.0736079553317996,0.7707899597470975,0.07430273028051648,0.19413630856226013,0.04494853824125548,0.04405726000865448,0,250
0.7593659480125186,0.8339316873078095,0.1115223654463313,0.139372347638506,0.034352740421304095,0.0360648261948259,0,250
1.3825737877393087,0.6962403834739491,0.11054566026794697,0.26147252115169384,0.0604662206593407,0.06793998801055029,0,250
1.1315525711370455,0.7737122204984289,0.0929396627278057,0.19113980459860022,0.042022766857559735,0.04566526161923858,0,250
1.1267159037064522,0.7702324297234476,1.442194709385818e-6,0.1041986382207343,0.02570416633974433,9.267031015232714e-4,0,250
0.9521527804303419,0.793204124721297,0.0754580199019516,0.1574138021925423,0.03730420270168477,0.03575976559047795,0,250
1.0691442295540006,0.74137092417158,0.03266377721104217,0.16132085526635206,0.04229320702555084,0.041011868741307016,0,250
1.1104784328598658,0.7956430102022579,0.09301529730793451,0.20138346511004024,0.04076933343069593,0.04387507482138747,0,250
1.1329346512581189,0.7751198116519967,0.08650153732587272,0.18818672640503084,0.040665481823357524,0.04384434410846941,0,250
0.6357976433122174,0.8878400613123026,0.1756019047999216,0.1427654335669986,0.03034894237833386,0.03677038450160728,0,250
0.9981144242279723,0.8086703060509282,0.10157808542422879,0.18568556802692981,0.03856010771170505,0.042150165915641004,0,250
1.2734039443799101,0.7644924712565058,0.10207988266832528,0.18527653246683945,0.03831364627808896,0.03926886648232533,0,250
0.8871201316403403,0.7869710356659272,0.12202059909127562,0.1618978523284248,0.04307275372340889,0.04528926589337705,0,250
0.8520047903763914,0.8142710282356409,0.09744427022332772,0.15238879486563997,0.03666987098750198,0.03651285849527144,0,250
1.056447364703138,0.8081949147023108,0.12426443130292023,0.19572007021791274,0.03902782350855065,0.04112895787000451,0,250
1.0430021135207128,0.7510471840789119,0.0825087699536445,0.17970450169591654,0.04592557489795875,0.04471315805940757,0,250
0.8391234706559604,0.8238842732813625,0.15283485157065374,0.1803109132314621,0.04027143733111717,0.04636795606142794,0,250
0.79495359728125,0.8344820089500197,0.07488772967843205,0.14206790485398335,0.033057966537608036,0.03259069769747441,0,250
1.5699577274705074,0.7167115838730461,0.04952662660597103,0.26080488597706286,0.048884600418927705,0.05091080761703168,0,250
0.9657767154205282,0.8117304245696648,0.1447599434622933,0.17076385684620712,0.03789696993488926,0.0403675188088803,0,250
0.7040636098867417,0.8425660513716884,0.15949456355574357,0.15248881547086066,0.03821924682171038,0.042200101286850575,0,250
1.0677053573394708,0.8016486452195016,0.11193267005601361,0.2049865288727442,0.040707090862992776,0.04488473710898887,0,250
0.9538869046200779,0.7917277149347925,0.12314096692235638,0.17193091423098933,0.04153253868025486,0.040860976577763615,0,250
0.8856627157840562,0.8338003188092562,0.0922575096760643,0.1651142155304037,0.03404682714662564,0.033886658216776215,0,250
1.0126946508013421,0.7883877538930639,0.08456357665336552,0.18147049922063527,0.04101024414157184,0.04422323193052028,0,250
0.9773731739031097,0.7955013526203428,0.09573979976229148,0.2091227115786091,0.04601003190674046,0.049182704263108674,0,250
1.126182718703226,0.7756705229330023,0.0814025153653643,0.1796430823811872,0.039848142883554274,0.04236221586155578,0,250
1.0701654288271534,0.8103300767284811,0.09402782290443706,0.1751546456219629,0.03438539490143703,0.03527206882627269,0,250
0.8804510859753936,0.8188723594533956,0.13767753281230175,0.18371510739238786,0.04069452369127985,0.04359565258133616,0,250
1.374011044875549,0.752778811719253,0.05260407500031669,0.2288422532264338,0.04381120609862435,0.045626485464084154,0,250
1.0708319684736898,0.8092976930381314,0.1220996456436783,0.19618499825542582,0.03857346046842721,0.04262728612052392,0,250
1.074296624196715,0.8155663270178729,0.08258783389771983,0.19107147561702195,0.036359107643919954,0.037100039268495026,0,250
0.9176312178435652,0.8193789415815959,0.12845508478094395,0.17991503682263277,0.03907885829940345,0.03947220304988864,0,250
1.2672700948051174,0.7846994993200522,0.12400124506323001,0.2359243153049444,0.043163982223255216,0.047592544225825456,0,250
1.1857705005999994,0.7687479564403852,0.08839109726491988,0.18530663149207177,0.04058211461001336,0.03939101265736016,0,250
0.8623545957901162,0.8249423718892157,0.08264179933672816,0.1628874904440187,0.03639320478580682,0.0377901740192009,0,250
0.7569276289372208,0.8373050803285846,0.12782650706409793,0.13169931839987328,0.03267491752407277,0.03366133731372575,0,250
0.7538879340076067,0.849191522481789,0.10112912642137445,0.1452023695122741,0.03266776292672983,0.03347284980353654,0,250
0.7491645952753763,0.8334584610840705,0.09771979855376524,0.13864305826674345,0.03454284513624385,0.03687070057123894,0,250
1.1191277067546266,0.7799102934657361,0.04195281992300815,0.16779577887012898,0.03630498899665416,0.037428995563803774,0,250
1.1920167687988676,0.7488167776981077,0.14725231580043463,0.22956794920187237,0.052228272387994504,0.05686851193289436,0,250
1.097752368755042,0.7548382192061714,0.054160089322041145,0.1868408243071906,0.04447507852072912,0.04527468915134889,0,250
0.85625981334455,0.8206823077858082,0.10213450779235655,0.15706188022577494,0.036707956094727504,0.03914668108620237,0,250
1.2999047846830714,0.7534113295678495,0.04388521291240181,0.19064456205121133,0.03920490314274079,0.0380573500166745,0,250
0.9165740692240296,0.8321483879406085,0.06420746470155703,0.16115868514342147,0.03338323396684553,0.030499490208903274,0,250
1.0653022794933613,0.7880748137808662,0.04326564129488354,0.1527331577826404,0.033833738313587325,0.031858928113366346,0,250
1.2950976530384708,0.7275202730055733,0.05557195887633666,0.277120030205585,0.059024620365601445,0.06713195198602495,0,250
1.086835275571617,0.7990453056709937,0.015847154993776234,0.1555137671198046,0.03168389768228035,0.029108791152020544,0,250
1.2732358920821294,0.7604359791032084,0.00951962913946104,0.19949812382031257,0.04054688454087668,0.041339482435435504,0,250
0.7756092108741615,0.8505685822648625,0.13512812962517468,0.14391234344479378,0.0333454290966809,0.03530480338635706,0,250
0.9351395432453239,0.7757988942921226,0.12255575926028033,0.18103053690690663,0.04718925760235305,0.046389314713421184,0,250
1.2576594037529047,0.7704302870707657,0.07545762188948903,0.21353820056721076,0.04159360710591106,0.04357404714302906,0,250
0.7528301830243256,0.8470202924395437,0.11847436969357039,0.13909275730615972,0.03244295451738703,0.0354588317509712,0,250
0.8484498017430279,0.8215298322016773,0.12928862090229204,0.15474550917480392,0.035647871966645754,0.03816061689111544,0,250
1.0713903004128988,0.7966191347284216,0.0911978088409704,0.1824129177179046,0.03769852712913791,0.041367943396931506,0,250
1.0197533550040514,0.8016328597195649,0.11802615399965556,0.1694350258750399,0.036956365625632946,0.037025772217015876,0,250
1.3566308607970048,0.7468637497735303,0.1042639984320467,0.25669142880697465,0.049837145892185644,0.05261664362795131,0,250
0.9432065687957545,0.8161913603978772,0.12627855994842796,0.16030133781800265,0.03538399321206851,0.03616921830929132,0,250
0.8858275080278948,0.8322494338900935,0.06582322188329219,0.13962205125265048,0.03063738032079627,0.03108714335681748,0,250
1.293587341570473,0.7686797937443883,0.029206882020972432,0.22302105546041537,0.04194812001097603,0.042863193184963407,0,250
0.7954465791128063,0.836610218923503,0.14218652714275426,0.15491838677179176,0.03611263935526462,0.03805923766458943,0,250
1.1863372161154353,0.7593068752616245,0.057607372882329484,0.19313527036063496,0.041306783584642966,0.04417514680381812,0,250
1.022411171464202,0.7842871675810639,0.10349184821765657,0.19054691357790357,0.04315604172983873,0.045790977541119764,0,250
1.0333459484356036,0.7978876165786697,0.11251171062401331,0.17728581559469767,0.038206093368797774,0.039053538392206946,0,250
1.621300733601653,0.6556878751889227,1.7051912696597922e-5,0.1554771401610493,0.03667522054409695,0.006489678414876615,0,250
0.7360321011852032,0.849143565892132,0.14105692473634537,0.17148058584945045,0.03882368313121979,0.040830635646340735,0,250
1.084295318327707,0.7810510133596925,0.02401041988048415,0.1532508919020819,0.03423454515917191,0.0317643024865214,0,250
0.8446414396343553,0.8443326866412689,0.13425456947657965,0.15073432180555849,0.032925191540544005,0.03608404431837674,0,250
1.1303595748411768,0.7288106091034521,0.0708901815577889,0.188002272156063,0.048993287416653035,0.049339167788415364,0,250
0.89315903012812,0.8022198825616841,0.1556155704625233,0.20927472148804951,0.049265561604175306,0.052544526178477026,0,250
1.074540226935629,0.78032979533856,0.07443574571529107,0.15615142290056322,0.03625511418398221,0.03526490422763192,0,250
0.9980249253455435,0.8019723800843259,0.08183913520738795,0.1634582542332787,0.0370132277170192,0.037396018104148526,0,250
0.994613128511639,0.8104550851449792,0.05418129139414966,0.16016062735574335,0.03428131437507607,0.03535184699078446,0,250
1.1185226621813584,0.7913349130582676,0.1352591976874554,0.21481292744229993,0.043190390602595836,0.04501518074018601,0,250
1.1507360594799518,0.7872996908468732,0.12609414703910274,0.18024534949837248,0.03693899626172668,0.038613396046768625,0,250
1.3230880678009391,0.739948553430711,0.026850283482040688,0.21642654729312463,0.045718860680447775,0.05026599145833125,0,250
1.140731063027004,0.7558823440401313,0.01673459464282377,0.16200520149715114,0.03748375201723496,0.0358138201908618,0,250
0.9485942920920672,0.7828397454937301,0.09941667028464002,0.1915296112069252,0.04666445973401321,0.049956689910181165,0,250
0.7428482369429822,0.8591855299754432,0.08861793135682096,0.1486138081990619,0.03174438859480239,0.033565587012790686,0,250
1.1802442192207558,0.7092393207530414,0.062387725241434974,0.2304122511757937,0.058280754343687007,0.0650477402520483,0,250
1.1108228903403305,0.778607940122441,0.07771769784970659,0.18087994716825878,0.040551517229514604,0.04214476712286176,0,250
1.096485731968765,0.770730653074427,0.051356668723146835,0.192728220453561,0.04287702508928391,0.0424763366366816,0,250
0.7451291325623085,0.8433605864898686,0.11564624214768705,0.14683153874155533,0.03471446219046569,0.035345617262326455,0,250
1.0591955623836637,0.7824057114894395,0.11919334251693728,0.2082237499477924,0.04628535209278585,0.0464065721783565,0,250
0.9922691471088891,0.791144824005744,0.09020404879450815,0.17069080508031645,0.03855046140315154,0.04001252246429061,0,250
1.127937967589499,0.7924961184939873,0.11478468444953989,0.1897055469509941,0.03985670579787667,0.03804939981200648,0,250
1.0417701026593118,0.8052464916047195,0.09776721733056816,0.1774730977334975,0.03647949302055839,0.03671561064738735,0,250
1.3537546643943856,0.7088812904632298,0.0957198133615065,0.2305201649610009,0.051484814352923965,0.05630781111258627,0,250
0.9881561240032959,0.8160274051452546,0.08261431820373752,0.16395695746495137,0.033971208302799004,0.03435156355541265,0,250
0.8865041633524536,0.8417342694701027,0.09388018158733405,0.16300955437155107,0.03248509103277926,0.034779537930955486,0,250
0.9127689704348544,0.800646362104196,0.06717818115352253,0.1572973394886826,0.037813714100840765,0.03537876441885294,0,250
0.8795996578248606,0.796705360873679,0.08313728097637534,0.167464141575385,0.041368891495852295,0.04335729908621342,0,250
1.0157100060682922,0.8067457010464921,0.1126074934607425,0.17167055191689778,0.03658564054822556,0.037626059133353304,0,250
0.7707221538892353,0.8275026137254448,0.17212800186712698,0.191372236517494,0.04536028317100797,0.04973061715603249,0,250
0.7768977843303696,0.8545245946819139,0.13214648830397235,0.141390778151018,0.03058893024010542,0.033891861766198746,0,250
0.9707841758490635,0.8147640342833304,0.08644840523478835,0.1664828316792926,0.03489078360356591,0.0348007765648554,0,250
1.1377969862257054,0.7350025022545793,0.0836764874665638,0.1918368895759738,0.04783953543535202,0.046784499148957256,0,250
0.677882264324372,0.8623618014906774,0.11540179347517374,0.11413191826249437,0.028248692085677343,0.02862035153992837,0,250
1.2129871791621,0.7696693181901892,0.11160923621170596,0.22994014890111777,0.045448942960870424,0.04830501636886121,0,250
1.0497886421727955,0.8098010621372859,0.10497662065011806,0.19616048993981264,0.03874903191255414,0.042135286427301334,0,250
1.0373742087508449,0.7848524968679484,0.07858425669087185,0.15456693060470852,0.03614444318251562,0.03473668964086429,0,250
1.0997846412298127,0.7857934224610114,0.06701755901449798,0.1737129223306546,0.03738845091763663,0.037499146856360244,0,250
1.1605058553734473,0.733752438661101,0.11256892426687488,0.22151595565230203,0.053019788480375314,0.057505538524952646,0,250
1.2372791225362236,0.7537949456694648,0.0775166897661501,0.24069798141513948,0.050014266373978475,0.05257484928831459,0,250
0.7915585026364406,0.8231440844979779,0.12086128902575659,0.1693401746248332,0.04085371242533317,0.04320274060272203,0,250
0.9675696138898754,0.8057968167312317,0.16033054867550034,0.191226689173619,0.04206367659720297,0.04729935046632325,0,250
1.055247882704496,0.8196123890223853,0.0996160511750873,0.16378062786439349,0.03214398756110263,0.03250829734187692,0,250
1.1911172324548143,0.7578036285556057,0.11547046343855526,0.25211865592015026,0.05441718408985016,0.055047997481941884,0,250
0.9110275240189888,0.8147424788801839,0.13268510875103398,0.16167880981840624,0.03639996618088299,0.04240708420209889,0,250
1.2546477161937901,0.7658406020803782,0.06884897855105604,0.24933111120175358,0.04837076156409172,0.049898403732300034,0,250
0.8984900318977144,0.8257873843441941,0.11728712234253157,0.16317948856645303,0.0353665558401558,0.03627967213716242,0,250
1.109796843384367,0.7736610825382646,0.07235376706884494,0.19155499331401565,0.04270814409337851,0.04074928250742472,0,250
1.0239010664308676,0.767765044932024,0.0622807140326692,0.1758445145712277,0.04353283445120267,0.0436476875800297,0,250
0.9851907270385559,0.8150944788259128,0.10225309017737909,0.1855508080586215,0.037669269395328935,0.04083820257756722,0,250
0.6653905961103873,0.8715613376357342,0.10640187746343444,0.11252027315689031,0.02581774133048676,0.028602799137141102,0,250
0.9264588466907469,0.8211063375097699,0.1694798806931682,0.1891194913229055,0.04097246730188325,0.04209869305383809,0,250
0.9923149528596584,0.7984596796774533,0.11085488058810378,0.1698992217121079,0.03859330332311769,0.03998820590808563,0,250
1.523858844723126,0.6901558108089232,0.01612132497962787,0.23224410386931718,0.049110778152789865,0.05309186749420775,0,250
0.9239047466291497,0.8082654346750393,0.14015297498775175,0.17329897148146858,0.039552080992983775,0.043604257228839226,0,250
1.1775404493805037,0.776855834227309,0.07349762422435203,0.1727289337244697,0.03764350762586092,0.03887746650719997,0,250
0.8945079033774841,0.793724685197364,0.06293306853560121,0.15214175226511184,0.03904657263580206,0.03901398868488278,0,250
0.974961631966292,0.808988625954445,0.09002301005415311,0.16523372993920993,0.03651201310827947,0.037841246891565136,0,250
1.1578272313432305,0.7164102680239367,0.05126135529803919,0.1989861033814895,0.051868255641999136,0.0535563650212652,0,250
0.9715621167612964,0.7973762529470886,0.09661099080100513,0.15781837157058723,0.03676105823576198,0.036130707315916374,0,250
1.1348267695169358,0.756907372333567,0.09967940439469815,0.21935376087228253,0.04978945410155519,0.05773488248807001,0,250
0.9935538971349076,0.8032714158629577,0.11807017255156985,0.1987618799664791,0.04325379437922471,0.044184114175382455,0,250
1.03870660257998,0.7804334313430029,0.0712472999143385,0.17200580597122328,0.04030390557446211,0.040460960708856276,0,250
0.7264353076965535,0.8466064900184092,0.06432332871271192,0.12138464670203897,0.030373523445306964,0.0280054934793082,0,250
1.1566446815371554,0.7848737804212698,0.048539017728901734,0.18307548232273374,0.037405464140499785,0.03683887665198412,0,250
0.9157187237074816,0.8262852566263039,0.15227403649064022,0.2423758772830916,0.049155508704695434,0.056872373575513904,0,250
1.1560468961283228,0.7557751045667463,0.04532865512260179,0.17572039348194907,0.04105368244679302,0.042060852655885855,0,250
0.8922288616791986,0.7869554651135731,0.04775097084531462,0.1464983391777685,0.03875460946846991,0.03736269156930166,0,250
1.1380901777854873,0.7922364557433988,0.03427609162878104,0.1763124030721501,0.035309373942981004,0.035408740391951805,0,250
0.9530243746046979,0.8110669387543262,0.09947032322114382,0.16764397848440382,0.03689681229237363,0.03606234371536832,0,250
0.7576837780682188,0.7954021764260791,0.20427684039403138,0.1857880518200353,0.05279913079139108,0.05750181027053107,0,250
0.8699332067480201,0.823998663164407,0.10062833326755062,0.1717201052608093,0.03768791682135429,0.04023174287000889,0,250
0.7453567896709149,0.8511562172724182,0.20913211696037545,0.1856518554486198,0.04024802082516226,0.04642512088361549,0,250
1.0503784362112438,0.7856507021651679,0.11136385471591176,0.20304978059846435,0.04504234493026447,0.04676580862224827,0,250
0.7572737114551723,0.7929144085974991,0.19452885092640196,0.19715491823556136,0.05698111045486253,0.060665968133635804,0,250
0.6914895071756977,0.862157732661185,0.1457342967592793,0.13940144375068644,0.031453536224527665,0.0349126764129466,0,250
0.8527968723707758,0.8193220777721922,0.12609874483127714,0.1577492962982613,0.03639634520025837,0.03880511646114827,0,250
0.8305479010065244,0.8248049289204009,0.20418534179753206,0.18862369256244843,0.043584062204703684,0.04735622894393027,0,250
1.1842348199342392,0.7535425629826673,1.5439372414827153e-7,0.1093767684554844,0.02693060891248189,8.528285411809103e-5,0,250
0.9060235248768405,0.7917409049907085,0.13172746475735084,0.1925408351794537,0.04733586796617988,0.05068152743297122,0,250
1.1781409029036636,0.7766979642584514,0.11735007594681914,0.20675671659021622,0.043043922563405515,0.04651477692978648,0,250
1.1098934199800667,0.7802617659123406,0.05776082876199955,0.20080108709856645,0.042950066768692896,0.046266624713188244,0,250
1.0636531611808415,0.7967113126892497,0.04760957455671872,0.167503552498976,0.03527441162618155,0.0330435315309878,0,250
1.3171176877735165,0.747099992906338,0.044853805483947226,0.1825254337730766,0.03840119825459525,0.03882847463558021,0,250
0.8489109473275954,0.823606168349743,0.1517469592653663,0.1571418140741739,0.037377194434166025,0.03923638858570609,0,250
0.7163679334842005,0.8549512240810989,0.14901536700281362,0.1340309336242119,0.03149626325029267,0.03424551604927609,0,250
1.114147852635351,0.7828664654338388,0.09685888261470285,0.21192469902064678,0.04425159333654464,0.04909277396587227,0,250
1.1470774943865456,0.8122311509491802,0.08122518148465488,0.19401309670043843,0.03453259050952389,0.03527555606281208,0,250
1.013644037204343,0.7914595270894473,0.053753312568586765,0.17176327970294275,0.03833732234375054,0.037690162195639663,0,250
1.3493176322572733,0.7061023541581838,0.005623410970736625,0.2116801349861319,0.04849505319661806,0.05056921063933766,0,250
0.9715221269284245,0.8195317790361382,0.10693906857820774,0.16789858997021154,0.034979359051305545,0.035645219990077755,0,250
0.9294617197768321,0.8278881474955122,0.1545377567688655,0.1999835447931379,0.04020563176910276,0.045530304151073675,0,250
1.0759696473185822,0.8223238302263759,0.112383153735501,0.1994031356699026,0.036894262169186814,0.03794304841718533,0,250
0.9521897291419188,0.8248648520822871,0.17906235932534162,0.19596812875603892,0.0408105187828707,0.04625334443985115,0,250
0.8208161629701219,0.8150120972478826,0.052633324475035985,0.13812791922607495,0.03495460851674042,0.034680270368530684,0,250
1.301907278661582,0.7324964520575776,0.006995823352723294,0.18938533582510958,0.04122340119667387,0.04248859872243012,0,250
1.2359012872969806,0.755378959638014,0.043606206580949915,0.21573685239860552,0.045389818554789726,0.04899734592659298,0,250
1.0749431218458836,0.7941243423518243,0.04878256232371399,0.16658432273566554,0.03614295741966474,0.03610538769275589,0,250
1.125864563488408,0.7817383088933851,0.0975941117746268,0.19112644522607813,0.03974784400610559,0.04196856728651658,0,250
0.8815075618568949,0.845797749870365,0.09685730530251999,0.15912214291259047,0.031712913860327624,0.03304671839015306,0,250
1.0376974819530427,0.7691190976304499,0.033170603607903,0.1643609009534576,0.03909836847302144,0.03727706457204709,0,250
1.004990549227969,0.7751562500764542,0.07053804440467218,0.16508318347272483,0.0404402355138756,0.04109646457636684,0,250
0.9995414405985186,0.7682090358344154,0.08493872356726642,0.19298662728944582,0.04743267496340338,0.05096938026905843,0,250
0.7067346179632852,0.8563351658416669,0.11686778969505986,0.14853508680440175,0.03214576325780625,0.03712995048467025,0,250
0.7880023574807884,0.8510222661510735,0.12001848416558634,0.1553681434098814,0.03294256121520272,0.034538313557680785,0,250
1.022484816538062,0.763452776524791,0.11874702384414892,0.24629852705220778,0.057288285308220756,0.06668255642333781,0,250
0.5906688231628044,0.876682366119754,0.19998267724910446,0.16099456511874446,0.03693827494613333,0.04666324258329636,0,250
1.018308944735958,0.8056598699153332,0.0830754397370411,0.16336295787434243,0.03520417532256084,0.038743518540698796,0,250
0.6870388071180371,0.8430806460526546,0.06445974962979793,0.11829837758300518,0.031192873688002255,0.030905919579128586,0,250
1.3070251411788198,0.7383557582466515,1.6547127038305033e-6,0.12129633966533276,0.028153364598472064,0.0014437125721397167,0,250
0.8024992240745343,0.849376058344717,0.14591247669763607,0.18579822538009425,0.03758475389949,0.0412647689104709,0,250
0.9590886095279302,0.8037929266915605,0.09575073357215404,0.17825404776153708,0.03975131180458157,0.04010030645437828,0,250
1.1264846840877387,0.7811495756180341,0.1431713150878991,0.2162704380943253,0.045772529850301946,0.0488831487609879,0,250
1.0983948990200854,0.7815077088572081,0.08455621613992141,0.1777495193943731,0.03792752163110587,0.03928178266365822,0,250
0.7875055483866736,0.8274567705564135,0.13605548631399697,0.16031007098031766,0.038547681179005436,0.03890943784756485,0,250
1.2825977408203368,0.7402570230170623,0.08626016779580258,0.20586214647210338,0.046580390601908696,0.047612383136553714,0,250
0.8928850896116441,0.8195960995860606,0.12346488504859882,0.16340246336030861,0.03583348438619551,0.0396766018740952,0,250
1.1239757494925477,0.7520831323409735,0.059532587305970885,0.18093012867619554,0.04319534646804109,0.042926740740938364,0,250
1.2331051521239647,0.7279302279836668,0.025747438250720192,0.19073307041884002,0.04467571063418904,0.04576011506030237,0,250
1.2021831966963294,0.7748618619343819,0.07368713999651624,0.22968597607355606,0.04562105955481782,0.04821214887514661,0,250
1.2267914610145538,0.7550230763018879,0.11630673557403036,0.2115778098357626,0.04609694170239634,0.04770720920606533,0,250
0.9383717425648006,0.8168932630556187,0.07706520628961551,0.16235853339980083,0.03564736113400613,0.03580969425094485,0,250
1.0832250229820009,0.8010816522326959,0.09086594681695395,0.16474894306618015,0.03436610291123584,0.03526489253781972,0,250
1.221206811201374,0.7848867250629193,0.06591117398976568,0.20568688300012306,0.03908709984462462,0.03797371134712306,0,250
0.8404515990777892,0.8297656384958071,0.1282343132462857,0.17868824945421602,0.0389777262815645,0.04243286524722635,0,250
0.8969989958131237,0.8133657866688915,0.03923115744620344,0.13727915985685415,0.032515197095100104,0.03288237402271153,0,250
1.064906149555077,0.793811616648751,0.10336252611075619,0.20573687870268076,0.043107517023646465,0.04574335511350554,0,250
1.1306013261563106,0.7648071868898045,0.05297103298285122,0.17896791691210637,0.0407044025238412,0.04246366920839883,0,250
1.0873412319514113,0.7924116162311541,0.11632487127748403,0.2260373119504923,0.045637280793522514,0.04905517542658162,0,250
1.0683630365227115,0.772169300013793,0.09711107483312778,0.2055828628146316,0.04697765971089884,0.050885516721401056,0,250
1.6065755028107025,0.6762874424903689,0.0071848573304971325,0.2660011030195386,0.054801124938225254,0.05796493892834173,0,250
1.2354048337598382,0.7590625907997501,0.01584502575559343,0.18076053021321972,0.0386853692642004,0.036347933396280854,0,250
0.7976641252062969,0.824639132002918,0.11901244942022382,0.15675948239335352,0.03813417935907533,0.038609269565920326,0,250
1.4520433050270949,0.7223327875144837,0.08787437853782942,0.27846101879245316,0.055513387491834404,0.06362899418199015,0,250
