tau,kappa,beta,tau_se,kappa_se,beta_se,convergence,length
1.3988851316795745,0.3695036071886579,0.401843287637625,0.030321996818630813,0.027499597398692538,0.07489475269736783,0,1000
1.3401385880303736,0.3722190903332312,0.33864629507040706,0.02897030181776614,0.026874500245665123,0.07574064542657354,0,1000
1.380892002289316,0.37151579172775767,0.35713451841592586,0.029952288231723592,0.02773214547864931,0.08398732277984472,0,1000
1.2996491398414676,0.35890819685079456,0.44575837477591623,0.02823904025474763,0.028677873590400277,0.07877329109089326,0,1000
1.3150326397307268,0.36964962685817826,0.33387933146781523,0.028443065722697756,0.026970318259629564,0.07839559116558524,0,1000
1.3037846477762165,0.43632224774418477,0.46837520234695906,0.028460368406043286,0.02724354580726003,0.06919649927887236,0,1000
1.4079298415796444,0.3801737348635614,0.521457024732372,0.030701025742889226,0.029593027036442645,0.07322713694241204,0,1000
1.3197570609326248,0.35308925587216944,0.4788761073667864,0.028749747436794044,0.02959985597942536,0.08586201630133954,0,1000
1.3345988506853121,0.38433253697933273,0.4011709170279173,0.028938461760342225,0.027191135160266656,0.07243084778781006,0,1000
1.4308293900097853,0.35271724022819784,0.4012200602623588,0.03102841624542139,0.028534987741276836,0.08461603375517317,0,1000
1.289886905928498,0.40305364445347724,0.5364774361488245,0.02823118120564849,0.030384815273716597,0.07947824988472883,0,1000
1.2907955458937228,0.37463256445740395,0.44808711143504637,0.02811885994409181,0.02887436329318871,0.08366902515587168,0,1000
1.3557520486192884,0.38609622924432907,0.457748045207239,0.029640451077121033,0.029372447310082535,0.090950726272974,0,1000
1.3578415855794672,0.3513576861707473,0.455089981349023,0.029473511172234727,0.028623959905594673,0.07635515927124234,0,1000
1.3006240188093174,0.40363517884733013,0.444586906930031,0.028281958122960315,0.027223242641384166,0.0680429114342774,0,1000
1.3546008428994833,0.368179972236586,0.2914806245668806,0.02918865670753113,0.02625496225820497,0.07376549973811672,0,1000
1.3235617075213286,0.37243930915319495,0.44358290810122575,0.028748568776378974,0.028205227113137648,0.07509108248312346,0,1000
1.3483119592561836,0.36213193230723006,0.4762768617570554,0.02938285031627494,0.029759087601348613,0.0846057971085344,0,1000
1.3491769891730583,0.3969279450106804,0.47850102686176277,0.029580694545568324,0.030043011802027033,0.09478353600427819,0,1000
1.393568940982617,0.39537821649660143,0.48151062773781594,0.030391918677875645,0.028586238391484275,0.0760664800704715,0,1000
1.3190857391301958,0.38830709493320437,0.488219132634407,0.028783693135449987,0.029036143418303868,0.08017062298313335,0,1000
1.3651167970876084,0.2998131494329883,0.37109078794128136,0.02952796582334037,0.029470104832873448,0.1033510929101495,0,1000
1.3375088710584238,0.36082784719851657,0.4175539685835208,0.029047891749953,0.028300332996470664,0.08247351937283136,0,1000
1.398924988103115,0.34955640012968703,0.4399144781102563,0.03039424473737532,0.02898887990973303,0.08550769511187917,0,1000
1.3366806543089544,0.37336843879002307,0.4383178733507375,0.029151065000982693,0.029224807931129373,0.09028705790745606,0,1000
1.335129515653326,0.3836885093901655,0.41950992321100045,0.029122012540411236,0.02872133013792471,0.08993079355577094,0,1000
1.3765210836750985,0.39652873720934445,0.4934988911945511,0.03003551129129586,0.029062769387275172,0.07812433811765573,0,1000
1.2827762386046209,0.37533225313735213,0.4769098535216715,0.027952167852814878,0.028965855078638515,0.08037063875204853,0,1000
1.3814241848471207,0.3849049723780149,0.5530642939348202,0.030233137581275313,0.031597477858907756,0.08598548759527566,0,1000
1.3911221853788356,0.34597474912633797,0.3387701045075253,0.030171977830799522,0.02858975775764012,0.09668576659453121,0,1000
1.3577786722602112,0.42318394357425343,0.27882656403799977,0.029396618375938984,0.025417431077361278,0.07138781251737465,0,1000
1.3599005170145322,0.37057240647966444,0.4414736735003774,0.029676626803625896,0.029399511679781498,0.09256397850272628,0,1000
1.2905265653424303,0.3649824411872815,0.5321937714827264,0.02821245123424891,0.031176323333860303,0.08959890452472181,0,1000
1.3329192915389936,0.38869398139605194,0.389588012550451,0.028934172552761626,0.02708761893080841,0.07533306799087258,0,1000
1.3038731814887714,0.3819797530772459,0.40248815469893834,0.0282508473373407,0.026944301756699988,0.06841949369984573,0,1000
1.3596135353862004,0.3753500988276284,0.4119040523264827,0.02952835288977815,0.028055925646937197,0.07872755339033108,0,1000
1.333349291254551,0.3802347828251597,0.3758756189497646,0.028891226426186002,0.02726607061480613,0.07478051449068047,0,1000
1.307496546739164,0.371365807081354,0.5101382512822034,0.02861565142394027,0.0310988267983638,0.09355241950589066,0,1000
1.3282510717371787,0.37176242215799454,0.5093836061438999,0.02891882359794063,0.029403614672274283,0.0740564980582337,0,1000
1.3621501754432597,0.3328838595168136,0.37931749152747,0.0296673650221954,0.02975378898011762,0.10925066522741925,0,1000
1.3819208241877385,0.375975096870696,0.3816522253172648,0.029947838093341932,0.027365262374304127,0.07591759863132848,0,1000
1.3258004369723078,0.3583376471811448,0.39511359567441984,0.028717985465671503,0.027899800859461865,0.07756209995551272,0,1000
1.305947289287088,0.37463481465864584,0.29961859073571423,0.028204440471518304,0.02665176132367995,0.07822307983107073,0,1000
1.2694835279501282,0.37092930859736895,0.5514931382165995,0.02814943916444175,0.03707115781514716,0.1369973466411225,0,1000
1.3242537460103898,0.35282390100596084,0.5116805728514894,0.028811781227463237,0.029918591316683844,0.07767313384759643,0,1000
1.3644088011304292,0.3743744422122454,0.4133150064622927,0.029693960001077394,0.028479205793271237,0.0853734884108786,0,1000
1.3852042945522858,0.3907267625350935,0.4790163817594595,0.030217441285143268,0.0288960429921381,0.07924317656332854,0,1000
1.256529117519806,0.39099238754092813,0.5340905116026413,0.027541725213895692,0.030825124037357574,0.08754323031511176,0,1000
1.3229574823512065,0.39096296373250333,0.4897166744470543,0.028832272632127735,0.028906687491483677,0.07620427895690224,0,1000
1.3537561312977282,0.35134395112459754,0.29473829255362527,0.02916856191379833,0.026948905453816507,0.07993601025950292,0,1000
1.2865283181058431,0.40661631301228857,0.5600477256144584,0.02813656408706789,0.030079708901521368,0.07159271005296383,0,1000
1.3194879918891385,0.34816891427180335,0.3915616656247996,0.028634692855274143,0.028581170049628367,0.09026201736499176,0,1000
1.3381789410251228,0.3789329514659327,0.4051757118680289,0.029130585424667087,0.028504134391819782,0.08828694149831186,0,1000
1.3177306185672482,0.3507311701778851,0.44854923595658774,0.028657173306334466,0.02919634619948334,0.08701820167044859,0,1000
1.3584671004973115,0.3789936152218134,0.43930873286591177,0.029644948292325383,0.02913696332481881,0.089412833843539,0,1000
1.3146609499896171,0.36968458605923116,0.3765522794593191,0.028661718647081117,0.029068174187411637,0.09920730447645504,0,1000
1.4024042763391689,0.36646759531387696,0.42381950063872376,0.030550988806643226,0.029110698288891373,0.09092795417591391,0,1000
1.2607591665740674,0.3880344705080237,0.4014480618622321,0.027367148842679476,0.027438249616848733,0.07498998610341565,0,1000
1.3049659814341081,0.3551005525657579,0.41231124988872275,0.028302690977977156,0.02833180919721071,0.08174437615766365,0,1000
1.3282635284584239,0.3910423811444787,0.36370485158427485,0.028772637647012947,0.026580874322984716,0.0712895131590335,0,1000
1.3149809867048055,0.3780484081029891,0.3136607210840271,0.028396992991436342,0.02658829277765573,0.07562373736752802,0,1000
1.3213727790579817,0.3784484564769061,0.3107782705219624,0.028598381294794306,0.026996530440130007,0.08190480558472975,0,1000
1.295687904650424,0.37274577820193777,0.3756406526370234,0.028144324112049666,0.028058536746117253,0.08654542337239766,0,1000
1.338651841670649,0.4065152710445684,0.4445371456616496,0.029160953116822794,0.027782054678727672,0.0733850874090876,0,1000
1.2999109186190978,0.39392610373690756,0.4368360072783256,0.028361347613903708,0.028604414968120214,0.08451171719703718,0,1000
1.316821731162507,0.3926875623382405,0.5255558200812832,0.028841996949980905,0.03039388632953248,0.08756446249357396,0,1000
1.3153186313418737,0.3932751987072541,0.3868881034294862,0.02866927623855952,0.027986921985796987,0.0871237079073053,0,1000
1.3547058570989994,0.33419375192007017,0.2894555709655314,0.029214227477248503,0.027673981385933185,0.09073262662558794,0,1000
1.3124621238643461,0.4025756199590821,0.5182825093592613,0.028635212538318865,0.028965736452782203,0.06991688602508918,0,1000
1.2849398511953103,0.3887559445795904,0.38489622610249846,0.02796868702478548,0.028009828007703286,0.08540659427532198,0,1000
1.326242538245338,0.3753020029904615,0.4048889696693539,0.028763865507249714,0.027577048579481594,0.07466255795155974,0,1000
1.3466511279091855,0.41695120672576075,0.42813330865349447,0.02932192712386628,0.027077353063299416,0.07153233966502856,0,1000
1.280543800396662,0.38740761067093205,0.4473122676382087,0.02786754130489613,0.028239089895972038,0.07585971917730171,0,1000
1.4379379731328616,0.3835883969329419,0.4296131613133714,0.031209160009446568,0.027810424443076392,0.06930022735685853,0,1000
1.2863201446392312,0.4178238663529444,0.436472916585876,0.028023098181290597,0.02725410930642256,0.06941031648046427,0,1000
1.3424029540591378,0.3893126886830471,0.42893089658914807,0.029226642787419203,0.027980264169650843,0.07990812497726953,0,1000
1.3609474621067883,0.3602482667446516,0.47706623340207654,0.029701371818742193,0.029821319968100685,0.09191021617129666,0,1000
1.3437009346716449,0.37501671804729536,0.4133210590025945,0.029108261248673564,0.027339040363917995,0.06921513968646151,0,1000
1.3740606971499099,0.34098242664215056,0.44801006114795605,0.029906679061984708,0.029682359293277834,0.09402679187634273,0,1000
1.3261086179608352,0.4539078184105142,0.6810560021112603,0.029141126074583367,0.04024140446210735,0.07465119061819511,0,1000
1.3114748594285242,0.3796830904561807,0.3721285061319617,0.028460070331276965,0.027519015550499026,0.08127593165394807,0,1000
1.3632348475286693,0.39780442138529165,0.48297399671571045,0.029736043369363443,0.028683308304966116,0.07583161785423465,0,1000
1.321218289814417,0.4002099119090246,0.44333254584501947,0.028871540689650317,0.028563025200028704,0.08723667342520784,0,1000
1.3275563351467372,0.366664632651851,0.39525237641802285,0.02901642929862882,0.029761241067558026,0.10541378989559132,0,1000
1.2775140438066477,0.3919983555565745,0.43521610184186155,0.02781537315614831,0.028136990162925042,0.07926881024921523,0,1000
1.2695717619987477,0.38004721598713653,0.38542330703801614,0.02754680943747094,0.02741029195901827,0.0773024971213515,0,1000
1.3200736551236076,0.3835627690208159,0.41321176105599766,0.028744334965756426,0.028371309197952832,0.08458827029215714,0,1000
1.297235420309347,0.423807632848726,0.4536169990038794,0.028300186758018476,0.02752069967733382,0.07351298354966254,0,1000
1.3759412778753264,0.35291090161374267,0.4348868597379084,0.029888974743892762,0.02873420940309407,0.08310518967149813,0,1000
1.301286822829812,0.351601610758873,0.3986403420438869,0.02836046919324659,0.02932552481049142,0.10045669446127634,0,1000
1.3677439604869814,0.36839111639761773,0.5681296151558762,0.02990661810630276,0.03139434573160664,0.07887784186505614,0,1000
1.347912341436039,0.398454268654534,0.41933341040719685,0.02939216130828053,0.028178302987783104,0.08345700375876636,0,1000
1.3877663890766865,0.3259586591293312,0.37227202234251766,0.029960551194625124,0.028194432999254476,0.08448345967876247,0,1000
1.3396619526113034,0.3454061920555139,0.36962261772080746,0.028989931459700795,0.028067663150015614,0.08483528627010074,0,1000
1.3851847972381868,0.36209997018560963,0.2917120412025358,0.029977841342870907,0.027793927443403706,0.08936908871321643,0,1000
1.387343673412723,0.35993879986468985,0.282956925665266,0.02992163411952231,0.02693469812897178,0.08198927366873052,0,1000
1.3598984463541053,0.3733858908101776,0.38693767224432357,0.029480099468240373,0.027491590693526802,0.07803396677443837,0,1000
1.2653394373074711,0.41063245148476524,0.5471712758485686,0.027700327394137237,0.030367241852425734,0.07709505315658649,0,1000
1.3676220936650776,0.36142476477799634,0.3818006940314114,0.029569979966050573,0.027379079616572915,0.07265363983178955,0,1000
1.3557240056020454,0.38022351451556774,0.2887444090738697,0.02933773338071795,0.02682226696053767,0.08317857732639392,0,1000
1.2742511022075005,0.3983661499940685,0.39488492630137495,0.027666960024311335,0.027154511183464215,0.07223033041856598,0,1000
1.3092183310857108,0.3532061487789959,0.2655360067740929,0.028235363220795444,0.02707666465469297,0.08676433864202424,0,1000
1.326746624913237,0.37948480090807407,0.45288473405404894,0.028870108917386648,0.028676632328727112,0.07942507232452704,0,1000
1.3262993025446437,0.3484744274652441,0.5151721162006794,0.02887898534258358,0.03012404527477061,0.07999367997838544,0,1000
1.36098446800616,0.3690099241559606,0.45969821348320167,0.029653810435585834,0.02905450685489954,0.0861367233742331,0,1000
1.3726685578111488,0.34817183982473,0.3605674918645053,0.02988296492802988,0.029327421989849185,0.10439454471241225,0,1000
1.350985518553634,0.3524831138672001,0.4233702565851306,0.029324936591051103,0.028743759669100297,0.083575671155399045,0,1000
1.2762695592162794,0.3722250504975468,0.35191122248532036,0.02772347941042374,0.028109900639426935,0.08991957232361474,0,1000
1.3587990658270244,0.3961358720317134,0.49090703541573627,0.029654843763124262,0.028726559482300493,0.07779295299741174,0,1000
1.2138160712354786,0.3904826585588015,0.34604494782027073,0.026297806172470548,0.02686402780093371,0.07545519801572041,0,1000
1.2991504812616195,0.41383684483744715,0.5686690595759082,0.028452169194418314,0.030904747879113736,0.07378631589313368,0,1000
1.3225538150700982,0.3948966261597514,0.4400355800917873,0.028757127171809865,0.027772675647067386,0.07265083816031581,0,1000
1.3536877556144693,0.3904212765423757,0.3594684539548883,0.02943307008415022,0.02758797107304108,0.0848832659563312,0,1000
1.323157039880196,0.37337365709951786,0.45762295071991244,0.028779881347298395,0.028400805691321928,0.07657282207431029,0,1000
1.367031031649121,0.40008311028786814,0.33411080150253225,0.02973779684599797,0.027437089906451398,0.08659655264334325,0,1000
1.3659884574940915,0.3096206293338451,0.2406026376331093,0.029198083080782786,0.026747889403652074,0.08218323545626129,0,1000
1.4191021567270885,0.3577172886246105,0.4284617397299288,0.03085415918610872,0.028810749280190954,0.087073079925794,0,1000
1.3273410791253568,0.38208572487991144,0.367462446965389,0.02888838497671405,0.02828758053336754,0.08955084576286056,0,1000
1.3125272941718877,0.4113565037525527,0.47558442410205715,0.028626805667622594,0.027994772337680936,0.07219909563796412,0,1000
1.3571198485609364,0.34134657327418627,0.3020887919990456,0.029440619407050384,0.028647896149832555,0.10311883965499732,0,1000
1.2851783871993931,0.42166612164927364,0.4722096875200074,0.028113800937673208,0.028306423464000263,0.08084140632637866,0,1000
1.3007415440950905,0.3979244622513187,0.5441868171792333,0.02847009428370924,0.030521177525459412,0.08120479833785131,0,1000
1.345799373553502,0.3742340606477072,0.5228867742240819,0.029387935629636083,0.030046736502725768,0.08206113902949967,0,1000
1.2854862863046574,0.36009599335339804,0.44420528331207876,0.02794866451531558,0.028738739156762675,0.08345298728898048,0,1000
1.2974324494412004,0.4346044385127168,0.4153337211506584,0.028246920499475633,0.026707752821712793,0.06774273192581862,0,1000
1.3350812849779932,0.4012332221544894,0.6056850784558163,0.029235619916900327,0.03233136062165748,0.07410891287106165,0,1000
1.3405724613089842,0.35930630841224254,0.47489412370445316,0.029133875634284045,0.028775499735279663,0.07503199311847486,0,1000
1.381409155959462,0.3871927920860836,0.46043643955529684,0.03003931521349769,0.02795176799264131,0.07062398253831141,0,1000
1.3451471865003328,0.36782902121519356,0.337891199685694,0.029136742586068694,0.027724798575129127,0.08494947099458391,0,1000
1.405191360299654,0.3729805730709426,0.4304896695178246,0.030569634103373742,0.028453698404989635,0.08273439461625114,0,1000
1.2907513148980245,0.40144994621099733,0.45449451790405265,0.02818824839661774,0.028649087738312387,0.0832466674433201,0,1000
1.353317654580321,0.36636453522998536,0.38573564628238427,0.029383124713211067,0.028238369329251962,0.08593698684817032,0,1000
1.3287989304398764,0.3586953737731302,0.3823233976664131,0.028831413379178508,0.02814174918193255,0.08628044325858801,0,1000
1.3060849809892907,0.3559270042211309,0.39604192344327427,0.028317862411641342,0.028376791311631153,0.08437410627914321,0,1000
1.3449061514059772,0.33624348824963507,0.22811888665706803,0.02890600938516386,0.027041276550729663,0.08844870104489264,0,1000
1.3157187427884944,0.3680959921847665,0.3590623263312712,0.028517826265030164,0.02780197319777145,0.08276141987227437,0,1000
1.3595290861020564,0.33839102537327437,0.36482407840855713,0.029400980763668625,0.028065227533814206,0.08692216562081018,0,1000
1.3388002302970483,0.41057781790953113,0.40127888251382243,0.029103947435318668,0.02692758457127678,0.07138769407871154,0,1000
1.329339934847667,0.37192495719996704,0.5766755625791357,0.029078680024147673,0.03201693030290097,0.08288177331694986,0,1000
1.4122352263371842,0.399416737760677,0.4581632809770602,0.03081233219107658,0.028236402914791302,0.07943577244229648,0,1000
1.3763559328672816,0.38384699989509175,0.4146148246141911,0.029934609859427433,0.027890953620065405,0.08095230295071534,0,1000
1.3460756234651945,0.3437652444125865,0.29852594609198224,0.029051724225690568,0.027463681859537615,0.08755592932550577,0,1000
1.2989446885622968,0.4069505176752577,0.4327554844402567,0.028278627641533428,0.02738063058800261,0.07333055679704162,0,1000
1.296283941885653,0.3777649894659115,0.5806816566119211,0.028417792207151113,0.03331427578719138,0.09215678672441115,0,1000
1.36632916779316,0.3941547655637973,0.49614277101563914,0.029904463488431392,0.029725933415718005,0.0890474766661994,0,1000
1.3905766063850107,0.39091228827457214,0.4486377060401609,0.030260678096697986,0.02806523632372531,0.07398725155406417,0,1000
1.396157818770951,0.3924506683700512,0.4870958319411312,0.030468938643969646,0.028869592467940148,0.0773322272383845,0,1000
1.32240988785319,0.37520402660553603,0.4440556926602964,0.028773841462560394,0.0284589703110285,0.08068648621395143,0,1000
1.3010095533368637,0.38026192934501263,0.3341485555485926,0.028227757350984917,0.027836262656701655,0.08574175882475604,0,1000
1.3349752314442493,0.3889542466910759,0.4130243219256236,0.029076413826268504,0.02812185195317081,0.08504756096777388,0,1000
1.2576389560532373,0.39066681012540405,0.45778475615628494,0.027554989051871728,0.029695229343474187,0.09620848518488898,0,1000
1.3467217057103327,0.3684752215716949,0.48117979981042724,0.02933797898453171,0.029462653396638637,0.08183314830646814,0,1000
1.2775254261115783,0.3794137079513711,0.41567021473155613,0.027760040317104804,0.027949359482142135,0.07761630999220732,0,1000
1.3745080646827497,0.3949127663045633,0.43810987873280016,0.029858844312925473,0.027339251642640547,0.06737394967990497,0,1000
1.3135410089576787,0.3919697680457453,0.41060341841875514,0.028622098579595755,0.02818031138243404,0.08454568184995634,0,1000
1.3571347586385947,0.4204087683902566,0.5904318075678507,0.02978234748439462,0.03300764912904758,0.08285815347499709,0,1000
1.3574658405250628,0.3653281129282121,0.5537106680242715,0.02972162973075216,0.03227331308774295,0.09338725047998701,0,1000
1.3007103002279907,0.3935361058692268,0.3839101795767694,0.028269101147212376,0.02730184879180302,0.07929619283397076,0,1000
1.3939219545121282,0.37348331336635965,0.460363177208403,0.030318819898816105,0.02868629368245231,0.07708621229912335,0,1000
1.379133488468401,0.38712570219153125,0.3918333852780585,0.02997635054904229,0.02776603655735347,0.08054012531728635,0,1000
1.320118094550157,0.39254862135164015,0.3956009547294465,0.02871677971626209,0.027822326151899952,0.08156050114010882,0,1000
1.3784831263139798,0.37348050362487445,0.47858792604994177,0.030000403048029922,0.02895011987787516,0.07504191953064474,0,1000
1.3504150221082738,0.38857035357116065,0.44582546654177724,0.029499128906005458,0.029202964783824784,0.0901934195383298,0,1000
1.2917897254892658,0.4122482110584738,0.46606476964806265,0.02820333991170632,0.028118568889591765,0.07678516427165322,0,1000
1.3469862681485152,0.40927247484827234,0.47677922760167085,0.02941121492905656,0.02818145178449091,0.07534877797429451,0,1000
1.3956240709584984,0.3697533260362376,0.4769072640394385,0.03038757456126905,0.02899293375251512,0.07854980585973327,0,1000
1.3461874899477615,0.3881140222034185,0.3746264539125211,0.029197081384840257,0.027022914637756624,0.07530686912504243,0,1000
1.3222022752223466,0.41047484190628264,0.4539504701765512,0.02879409741445015,0.027362034515956465,0.06932562351343113,0,1000
1.3437321454293694,0.37502650160383827,0.38008759815334364,0.029132066773263587,0.027455842971451004,0.07773881316717222,0,1000
1.3963939265808216,0.3171516540251331,0.42633540910099244,0.030262994050352484,0.0294784198386138,0.09204117996973511,0,1000
1.344154489797,0.3708927194578822,0.33664675561227564,0.02914662758609803,0.02765594816475938,0.08567973789443237,0,1000
1.2712677533432761,0.3811617990113562,0.45042832652511766,0.02766579744089625,0.028297994993658898,0.07692372954617586,0,1000
1.3474976274053998,0.4063929064865335,0.44629024649522775,0.02934511220534292,0.0277477041481662,0.07243895510858671,0,1000
1.3958772833846662,0.43385539615554036,0.6585869882637605,0.030735978861593165,0.040322943919570906,0.08741025237679373,0,1000
1.3817392488767248,0.3632978944087237,0.4702558420894663,0.030047708728113704,0.028822298895218347,0.0760014914655077,0,1000
1.3328057163045635,0.3940542701682913,0.5060619512828786,0.029090565274268794,0.029215104856847668,0.07599813645306305,0,1000
1.374622753777183,0.39206192102308285,0.5957842969785153,0.03009266664498845,0.032556524865920276,0.08037674464909465,0,1000
1.3762786044710777,0.3536569032381569,0.4431443937738124,0.02998663670290197,0.029573279150872114,0.09335619880363921,0,1000
1.3769635945752317,0.33240269206123085,0.30994460727858925,0.029816305574523864,0.02852028325211453,0.10037302566607002,0,1000
1.3267907091642714,0.373650508620509,0.42667136333621364,0.02893613587409293,0.028972673929752706,0.09190150026463567,0,1000
1.2681300868686955,0.3462123652878191,0.42849954827257014,0.027579804174642956,0.02925502851388986,0.0911726910195599,0,1000
1.36467196121358,0.34440296095972256,0.4711178604126172,0.029840141182270095,0.030935955197255265,0.10588554413897133,0,1000
1.2837142768377792,0.38872038933134623,0.5881664388556443,0.028139603041135747,0.032625246286909756,0.0838432912812499,0,1000
1.3465496501539767,0.37827710780246654,0.616532029890227,0.029625753809623873,0.037217756960468716,0.10310605085813677,0,1000
1.3562621431835253,0.3686444367497001,0.3187086750959312,0.029424742652648436,0.027979667770006586,0.0910887043455301,0,1000
1.3414451127225713,0.36889263584114274,0.49242604715544913,0.029262853315801227,0.0298453686295476,0.08506595699470768,0,1000
1.3174140194455435,0.3864618555687729,0.39616912053419884,0.028663530871629345,0.027840205490525974,0.08291266153659838,0,1000
1.404531473592838,0.3432552282845205,0.534754442218713,0.03071695578249565,0.03183164630528972,0.09883317023424175,0,1000
1.3554096425059738,0.3869159431300071,0.4550888465419991,0.029569072201940626,0.028894818005715476,0.08454952593339547,0,1000
1.313949185024804,0.37602188377771617,0.41221306586311135,0.028481098858239646,0.02748329146679756,0.07210570062671501,0,1000
1.2599137222800771,0.42683509553072285,0.5078521171237704,0.027510077316910464,0.02818268497993004,0.06607149027787254,0,1000
1.3195808607641881,0.419872631231075,0.5421640657770781,0.028917928449791633,0.0302459912734353,0.07977431029198176,0,1000
1.292378648446879,0.37409049721951276,0.42209387604512777,0.02811746990768944,0.028444555385793602,0.0838832361147419,0,1000
1.340358369947765,0.3356602451359198,0.4573193957950808,0.02913206817188163,0.0296674820742211,0.08881242241592191,0,1000
1.3375011166224915,0.37042656851595884,0.3639920444237076,0.029017529327430774,0.027953139695059886,0.08546427214001985,0,1000
1.3504789366731111,0.4033710913996772,0.4611648388189515,0.02944134652299432,0.028051857825188948,0.07386424462744458,0,1000
1.3368189087183544,0.38344460472262254,0.3784799211603364,0.029051223343221876,0.02773368900357296,0.08300104061275135,0,1000
1.2761685756129562,0.4162274207280717,0.39107877968214805,0.02775400753118911,0.026884936026155104,0.07324456079521802,0,1000
1.3402722738070654,0.40134441193810744,0.49540817184075425,0.02926480544558781,0.029146764045345375,0.07824530403923294,0,1000
1.335364526260251,0.35229998143944674,0.40608362219394817,0.028988882512828027,0.02856362073122297,0.08705136295995962,0,1000
1.3692362432696725,0.40185843535395677,0.32758955046822913,0.029739809868935308,0.027202131113093317,0.08275865825351984,0,1000
1.373261917721046,0.36496714979930517,0.35631197344194315,0.029723722928541457,0.027443356012940952,0.08025256603169378,0,1000
1.3035743996817966,0.4154210848460917,0.5191000886902868,0.02847740103017991,0.028650757675992917,0.07089952422348635,0,1000
1.3364494103532363,0.3868002183800552,0.45854434732806876,0.02922753285031403,0.029653728627099096,0.09361554009969804,0,1000
1.347639093930872,0.3770249568066052,0.4316018618223228,0.02940807620666425,0.029103102922008413,0.09120436705567084,0,1000
1.252924009179298,0.38122633443357007,0.35414729765271175,0.027175653552116066,0.027562969862057543,0.0818295582340796,0,1000
1.350986160089691,0.35278934612295504,0.33643223426589475,0.029222345617037074,0.027822914112702424,0.08683791765682454,0,1000
1.3753217895624452,0.38035218341071425,0.508224014479699,0.030042457358111445,0.030229941797568452,0.08512709346314928,0,1000
1.2938686800426464,0.4322389645561807,0.5281585643949519,0.028337199325309263,0.029436569085655662,0.07628808901669477,0,1000
1.3069862008746618,0.36618482342599606,0.4252510121286754,0.028606275009152825,0.030190671693732227,0.10581610998604979,0,1000
1.3051229913955344,0.34545724918978843,0.36421348779519047,0.028258390560609997,0.02823222161539926,0.0867684261708886,0,1000
1.3223159590558393,0.3876813988357927,0.44102364104003633,0.028832486045284985,0.028488127901182995,0.08276126795408598,0,1000
1.3253716701293965,0.402368336322644,0.5563134847654835,0.028983134227674272,0.030123061755152298,0.07278300921986204,0,1000
1.3133572074726305,0.38401780397692,0.39440031943917714,0.02846874371887337,0.02701070850480905,0.07063230860807841,0,1000
1.3658068072584375,0.3726995668318056,0.5100247132358355,0.02974589583509368,0.02919313671930182,0.07268416585126632,0,1000
1.3220663712541272,0.4405430080579908,0.6399490618927165,0.029038657643232223,0.03492675442257363,0.07311632497283517,0,1000
1.309564683771489,0.3804228997951042,0.4174289942364574,0.028559736374912135,0.02880092338436952,0.09120752536968087,0,1000
1.3692611911737624,0.3491200405728602,0.3423133016246019,0.029779160245800032,0.029123103104507372,0.10204039901622206,0,1000
1.318808646834749,0.36293837924292466,0.47071554029179763,0.028692591427610867,0.028979807409430437,0.07902915792823735,0,1000
1.3451617767959185,0.3971157774108863,0.4335815236312035,0.029316448609370896,0.02811906941921498,0.08101304212456899,0,1000
1.3711292257432828,0.38476674779046055,0.4617907539499769,0.029882117937971395,0.02875742899919011,0.07992438427964126,0,1000
1.3240994196910627,0.3665393557160441,0.44031842728279036,0.028826413516242145,0.029015755684643367,0.0855304713310953,0,1000
1.3116552351523136,0.37770973499794364,0.43690812926719774,0.02853942038555453,0.028194058205365777,0.0806057303527906,0,1000
1.3326668722699198,0.3895273902583734,0.3691512037080861,0.02890878469908257,0.027163295120360902,0.0772058312930284,0,1000
1.2883997298330763,0.3513214518085273,0.32396396502486496,0.027810991675707532,0.02743218415262227,0.0820204694159581,0,1000
1.3933833312157649,0.390184950213726,0.512999434618172,0.030472795951808726,0.02998405374403051,0.08342475659270426,0,1000
1.334948643805199,0.3360163692227377,0.48381184778797864,0.02908000485385997,0.030348531273365426,0.09414534754172137,0,1000
1.2992770319497704,0.421175682175066,0.5387878448196315,0.02836300800669571,0.028731370634393148,0.06471000899768985,0,1000
1.3051862237104948,0.37524922605456973,0.398725050218966,0.028275222663915398,0.027422494506812875,0.07174659825447308,0,1000
1.3158696115248318,0.40713228267721585,0.4852326086761166,0.028789697967676418,0.029597332900783844,0.08344243324163515,0,1000
1.3809011777136573,0.3517522575532408,0.3167789639891889,0.029967002562307728,0.028603281083232665,0.09864573341105498,0,1000
1.356238265305027,0.39740415669374163,0.484790063588369,0.029577208873464204,0.0286691408202927,0.07581406176762366,0,1000
1.3111634318903398,0.4145919514812535,0.44711540130901206,0.028596565344573333,0.027690996990607557,0.07582491605832156,0,1000
1.3102195238497778,0.3524871469016808,0.4126602342169313,0.028504038839212372,0.028854092149136677,0.09109230816335812,0,1000
1.2714000673158965,0.37246002771794773,0.48572575750503355,0.02774497559518988,0.029826277248543188,0.08573530630681715,0,1000
1.3407185786486975,0.4096205129296853,0.5207873425136033,0.029329512447267645,0.029440413441777818,0.07730297459451782,0,1000
1.318254232038778,0.37734459607762144,0.4145814576516533,0.02862135993101566,0.02793047644876838,0.0766839598541417,0,1000
1.3332008831294984,0.37985019562622246,0.2157709152421887,0.028675433897990196,0.025711875899038786,0.07466827694965616,0,1000
1.3411389811469454,0.3564807902203885,0.47411865314399293,0.02928932272106081,0.030388286081175015,0.09580689025799614,0,1000
1.3191753429075421,0.3625571334871597,0.4765875223094082,0.028675310929143612,0.028895420851618784,0.07572443959144745,0,1000
1.3356516665611886,0.3830056625426461,0.40267779575175966,0.029067945690537392,0.028176941910313214,0.08440724064225621,0,1000
1.336792739935118,0.40358712035933353,0.4323881573289602,0.029180917999780637,0.02831991849610978,0.08475065094757064,0,1000
1.3450457747344182,0.39559694088221886,0.49645984676671234,0.029382656858866405,0.029381911750446417,0.08104108597412074,0,1000
1.3310199497127924,0.38496697178913686,0.31346205794890586,0.02874879688187722,0.02629571885024954,0.07253794216709117,0,1000
1.3104187745967195,0.36484662742777507,0.5791298072041685,0.028623698690368682,0.031197982303163622,0.073799808863812,0,1000
1.3428443575975901,0.3888579505984711,0.4274940531207722,0.029248787311364353,0.028517255347468712,0.08124324396632276,0,1000
1.2708829106843194,0.3837663541878798,0.4839110460733618,0.027783207131589716,0.029633399726105854,0.08767015933584464,0,1000
1.3410311616915245,0.3817070368057771,0.3070715868526076,0.028961521818700278,0.026646846719503323,0.0740254501963407,0,1000
1.3467755102404346,0.339669282230637,0.4914307047027379,0.029315249527803858,0.029885756450182155,0.08767009298574713,0,1000
1.3043976161654804,0.38818536834775114,0.46314864072809053,0.028443216033631938,0.028845489523184397,0.08061521531421409,0,1000
1.2629570961024525,0.38884512218825834,0.49370477072337476,0.027592284643413647,0.029388780650442155,0.08352122240976913,0,1000
1.313642893705436,0.40694003172027327,0.3518626861469749,0.028596191139683258,0.027156991924222378,0.0829555568085253,0,1000
1.3714028302407268,0.3487458375055902,0.36444218119698263,0.029638841218002504,0.027604556772060834,0.07967425596012039,0,1000
1.3761911502371453,0.40430757803221135,0.48064276613873774,0.03006716490040167,0.028847024579544734,0.08041849891512795,0,1000
1.356211449992506,0.39297437899199095,0.4576758552409906,0.029502936027287666,0.02778131863989447,0.07039972561618606,0,1000
1.301098731192764,0.3948698915561381,0.5238856604907589,0.028440252438912968,0.029975059243564098,0.07969454009936926,0,1000
1.32947773285362,0.40409361936116844,0.46776834441258286,0.029046843383641323,0.028753491410646707,0.08151752550684681,0,1000
1.2708634639609129,0.3907929773856722,0.3987545368872576,0.027727083464453198,0.028451227175434798,0.09092582757420761,0,1000
1.348159505218678,0.3720394193925649,0.43959931510698075,0.029262942800498466,0.028052910242966897,0.0722412713529551,0,1000
1.4203808700190712,0.36865427056998584,0.6224703399431241,0.03111032755744172,0.03451215486765368,0.08359460647515396,0,1000
1.371807441757474,0.34546720558734295,0.4332864469215342,0.02982891373120359,0.02921271569246816,0.0908608854838075,0,1000
1.4063984080810508,0.3975669475764213,0.48127106461051206,0.03068839415613604,0.028752773705266025,0.07742031371433099,0,1000
1.2503030603884882,0.3797090192430941,0.2735426468779682,0.0269665076766805,0.026302016828551083,0.07598950878811654,0,1000
1.2724824650282298,0.38263055131344226,0.3706587558608626,0.02774211466464332,0.02849938043937631,0.09462144128464013,0,1000
1.3216040022026334,0.33212579811059373,0.352543495699274,0.028679901434952214,0.029297957988929545,0.10259116985783352,0,1000
1.3284367665364205,0.3782179605787972,0.5280402391521295,0.029000159221196684,0.029930092891441835,0.07768048347702972,0,1000
1.3815820064291353,0.3763583110120142,0.4492684835021142,0.030050529365139363,0.0284809523101487,0.077252088990173,0,1000
1.2719794771342008,0.4086603357827417,0.4912649590944567,0.027769063056852315,0.02853024792686424,0.07309317060796015,0,1000
1.2766353072511734,0.37758021973384037,0.45039098141161354,0.02788707869348474,0.029652393364647596,0.09242957538941976,0,1000
1.3048714152258796,0.41567497392869207,0.5963408663660734,0.028620082609862988,0.03234131311941057,0.0779363723049178,0,1000
1.3198109973169494,0.4105428203475421,0.47028914514730785,0.02894983561762749,0.029417884320953987,0.09201610366564623,0,1000
1.3374846092259278,0.38419436825018277,0.4613537457168832,0.029143324981579136,0.02866037263888721,0.0796049033272418,0,1000
1.3081366674577133,0.39773610068952503,0.3985494821476282,0.02846606513804672,0.027479575656697015,0.07984883678081459,0,1000
1.3409546139354018,0.4060987220805634,0.4377916875549523,0.029147479238306597,0.027133573897162085,0.06655735566977845,0,1000
1.394043284784524,0.31283220026960606,0.3048185036218949,0.02993739314538045,0.027550886182232733,0.08354161645839717,0,1000
1.4140665253948288,0.388209776263307,0.4857972313733604,0.030847607171454978,0.029024161706201614,0.07885788696415441,0,1000
1.3368256685545314,0.3621518016319269,0.2659022125499299,0.028873494812534452,0.027407372448316432,0.08744546168643962,0,1000
1.2807397464405224,0.39332961142505857,0.4612015822309556,0.027890113080273754,0.028285049022114754,0.07343681092599867,0,1000
1.3599306848717942,0.39170637174591727,0.3723454535978706,0.029546334135893023,0.027497614314542854,0.08046140259529688,0,1000
1.2983260721791283,0.3395508315871193,0.5909571242592477,0.02833908098424054,0.03252641619490798,0.07963584747860392,0,1000
1.3103142015480291,0.38890489769690495,0.237370041031362,0.028249285202462705,0.025884077883240795,0.07527225036516798,0,1000
1.3553619845614227,0.4372531703749249,0.37943789684942014,0.029429486310911555,0.0256882594795085,0.06172305996100605,0,1000
1.3880222408311484,0.35033482436062474,0.5700949965935026,0.030404751996736118,0.03313968692135158,0.09689131116765468,0,1000
1.345179593675878,0.4208282819188322,0.4835567479144783,0.029427414980746767,0.02851637502311373,0.07908881929953403,0,1000
1.2949968290867697,0.3581521519565549,0.4776953352444888,0.028253913606286624,0.029920925071462233,0.09199776254058534,0,1000
1.3070855698197392,0.31209464792438085,0.428297602811169,0.02837009107371235,0.02983130784096901,0.097959081223739,0,1000
1.3620867396459724,0.40161802598160695,0.44961896055841405,0.029634762915845197,0.027846499740238208,0.071531508078022693,0,1000
1.3549641880848693,0.38775787694645725,0.48542323653686376,0.029494845079717495,0.028667819164809424,0.07041652982509916,0,1000
1.3185835650250206,0.3719122729017521,0.4630427065740188,0.028677293006425898,0.02879186491745684,0.07629464151468346,0,1000
1.3723462794014507,0.37840150889149243,0.47881068674502,0.029967836070644658,0.029471532990821295,0.08804419713501303,0,1000
1.3556901339612861,0.37464078618993246,0.4262933779548319,0.02945709262654262,0.028142204130368338,0.07905554417240232,0,1000
1.30737804789048,0.37498225259573165,0.3886629269727128,0.028415117850699646,0.028000081741052937,0.08510566852975768,0,1000
1.3730628371223097,0.38745906161451993,0.4670718750550566,0.030003777333788853,0.029096186755605238,0.08695171750719588,0,1000
1.3202595903215442,0.3672835222729943,0.4523444989841844,0.02870383960311036,0.028705287868192486,0.07973404621912254,0,1000
1.3039515586154942,0.3938134908173862,0.49297544924550024,0.028486036436448293,0.029369323028809242,0.08124392720746557,0,1000
1.3197475840179125,0.37717940158286634,0.28574121808648173,0.02853306640222726,0.026931356395471336,0.082845038089358225,0,1000
1.3514196163527832,0.3518886895282429,0.5272628446395111,0.029532250331693308,0.03112543929643496,0.09165746808672738,0,1000
1.3259756829886145,0.3373154123522121,0.272205213343071,0.02854927370473948,0.02725213065411437,0.08783072476144213,0,1000
1.3493883577253207,0.3779285970298003,0.49519187890542216,0.02939544730273794,0.02902643803169177,0.07566344749989198,0,1000
1.3548887081243846,0.3579842346462022,0.3392066841861091,0.029416074674885707,0.028488038262908962,0.09436476591918469,0,1000
1.4204091902822251,0.3676352446985692,0.3632680265335974,0.030913487735663596,0.028681788304560023,0.09426111290397313,0,1000
1.437681801007027,0.3620156016940022,0.45426886950798406,0.031345316610807784,0.029452362561639342,0.09067777553536724,0,1000
1.3630562001987956,0.36991780655476164,0.3572700188473832,0.029539695871914694,0.027454984986325724,0.08130405095340322,0,1000
1.2848885856888028,0.4136049000497488,0.4054429793324299,0.028025917684350178,0.02753161244887843,0.08032622929747353,0,1000
1.398548291537855,0.3721151284214862,0.4067800459754524,0.030281032063634958,0.02734386144626364,0.06890978962952526,0,1000
1.323089270480794,0.363374507104807,0.49308287599467643,0.02888835642867036,0.030174259568742975,0.08939685467609171,0,1000
1.2791676369738747,0.4143239581399531,0.5120903800589449,0.02792596667359124,0.02845895525956826,0.06994457406661943,0,1000
1.3199785190980666,0.390030595312201,0.4368595646191561,0.028730256279866747,0.02821383423634257,0.0769548708706968,0,1000
1.304312554458305,0.370974748438786,0.5210138106988872,0.02854943734873518,0.030800643141895748,0.09180029481098947,0,1000
1.3641046127263932,0.3712496799832902,0.4787936588005451,0.029782209252855216,0.02970401460471137,0.08904215822028683,0,1000
1.251568864901431,0.38039400675756396,0.5349433339421044,0.027460206260659908,0.03167908777554221,0.09610121345967153,0,1000
1.364814037012577,0.37392552866514084,0.3510376024194609,0.029577365915938014,0.02727003262605199,0.08123484076570917,0,1000
1.3304072354759948,0.37704090116437705,0.3382362184324693,0.028766888511124286,0.026922850209087912,0.07562784063159561,0,1000
1.353193704854386,0.3962681925338891,0.49017594745731274,0.029486934425351292,0.02867952572157068,0.07162997819914366,0,1000
1.3023419326708399,0.36046080818290216,0.5040455010162481,0.028365339780861684,0.029617113932418015,0.07811409134400982,0,1000
1.3351266430929787,0.3706019559389981,0.5116136914613201,0.029119098983122572,0.029862398789520128,0.07990773386787242,0,1000
1.383143335563476,0.34910312763814033,0.34646140214317395,0.030030028253020827,0.028660740350639966,0.09699359810359091,0,1000
1.338209832442308,0.3506090884668767,0.3479829081621297,0.028960607430152777,0.027779822034268854,0.08672254138416402,0,1000
1.3451156119420333,0.3734565654581874,0.5705391121318706,0.02941606640964855,0.03170891887073594,0.08258269922535867,0,1000
1.4068897265120086,0.41980443482834223,0.5630268958656058,0.030795973085144743,0.030366733255754272,0.0741466055262418,0,1000
1.3964363174753103,0.3654087457388152,0.34390588166200764,0.030395820088090646,0.028728506058168284,0.09801443248616844,0,1000
1.3752100089657717,0.391385461330969,0.5187958687009072,0.030128604071166347,0.03078824561125366,0.09038960833275275,0,1000
1.3738309402903663,0.3873852539035294,0.38722712740909154,0.02983131413141242,0.027393948384552502,0.0777960210200701,0,1000
1.308114702215303,0.37656525651318856,0.49404639569587155,0.028640078330618685,0.03065859574707065,0.09614903722143422,0,1000
1.229901857970865,0.37331097042389444,0.39163890403091384,0.026643838287674016,0.027475268011370242,0.07576296725712663,0,1000
1.277443659420132,0.38454488163197154,0.4162891411975587,0.027764766512643875,0.02783143035903247,0.0783658754664936,0,1000
1.3332343013864527,0.4003954841658112,0.43068213909913683,0.02903962772463535,0.028208573854000902,0.07605813334915722,0,1000
1.2892815140419782,0.37285677658219785,0.49038855073461707,0.028090684843522257,0.02887762269957465,0.07723562472378143,0,1000
1.3022413874817078,0.38652360990857915,0.25970976005436236,0.02806866001984766,0.025896829963850496,0.07337461164573184,0,1000
1.2778777827334533,0.37276233299175576,0.33156673110612433,0.02781691246550192,0.028512407465191663,0.09748902342746256,0,1000
1.413871050185088,0.3608117643125237,0.34078983277005204,0.030803287316270023,0.02917075645931446,0.10287150309645264,0,1000
1.2893322237896792,0.3906255897976931,0.4435319108187031,0.028103093003190294,0.02850464747340749,0.0812380900059453,0,1000
1.284784527273419,0.4222043803250413,0.34648988291033145,0.027889887700425605,0.026212302584029165,0.07145096199923204,0,1000
1.3264591549001168,0.3887583140101607,0.38794908118202936,0.028779498073889347,0.027309567080774002,0.07472627007282273,0,1000
1.3045943703754899,0.3388811338356124,0.2513833277369395,0.028033017237626134,0.027117945720036337,0.08523244772604618,0,1000
1.2919938815288283,0.392934898077521,0.4357636575621707,0.028187656287800362,0.028479207793730806,0.08397881117725209,0,1000
1.4023117985089666,0.35057980930047666,0.4214701983337086,0.030426816401992608,0.028365811742842157,0.08239457309413793,0,1000
1.362299909173938,0.3510035906131486,0.40699719081233443,0.02955230891621363,0.028239877579135184,0.0851641414732712,0,1000
1.3560338312506872,0.37665954013016933,0.3968771542517631,0.02951947779667675,0.028531120039235375,0.08782706949025555,0,1000
1.3344137903241733,0.3329746560016715,0.36122268785518374,0.028851498435296823,0.028326796317980792,0.08838438286030036,0,1000
1.3786121904798188,0.3282487723321706,0.32341749969390005,0.029899179575962165,0.028931486685566003,0.10563307413775659,0,1000
1.2767471119916927,0.4374093799473758,0.4630355942145781,0.027891653151032824,0.027470665309413167,0.07182317559080101,0,1000
1.2803600929240757,0.4510330302170535,0.5762266368556678,0.02810351843459441,0.031126175340457845,0.07588766960916174,0,1000
1.369032019974271,0.35065269415433703,0.387287687682854,0.02965305617520788,0.028093253056380278,0.08244044918552378,0,1000
1.3275502279631632,0.326236229330919,0.4368191831435372,0.028875243978196484,0.029726974920440193,0.09893611701142062,0,1000
1.3222474441957777,0.4013351590261647,0.48694909532330577,0.028810863739489143,0.02809675393922307,0.06982901339465364,0,1000
1.2614407846506435,0.3898443983034804,0.4210767372984223,0.027452026489459377,0.027884997052364385,0.07943781113171254,0,1000
1.3314269667296321,0.34731130019754386,0.3878016587186025,0.02883356517179954,0.028471136155395642,0.08336955587771852,0,1000
1.2615381694182695,0.35438401106839684,0.31518585605907395,0.027347730529043456,0.0282353260069578,0.09510682405097785,0,1000
1.3317013786562146,0.3277125145655317,0.23811693268863404,0.028655203564569732,0.0275448380663345,0.09413788473019215,0,1000
1.2934219360429415,0.36246203410073835,0.2924567084172364,0.027961751051162446,0.027324826984931393,0.08703505755210587,0,1000
1.3804855668318663,0.3558999160234261,0.4413168369053826,0.03003677116193052,0.02911802769466235,0.08792499114203105,0,1000
1.3065892239681949,0.4192600004447342,0.5345698572073642,0.028631941687733233,0.030201017848012462,0.08068208950327568,0,1000
1.3014204933024367,0.3929491686241353,0.3758845557459731,0.028301097772011112,0.027655126282750322,0.08064022390215039,0,1000
1.372363700408031,0.3569846987979074,0.20948748779164522,0.029726203660523882,0.028154228457936775,0.10160474933656875,0,1000
1.4079408149727601,0.4062589985804864,0.5536296487984634,0.030907560881156534,0.03193556337024,0.08941503167627658,0,1000
1.3161748845386734,0.4063649694924093,0.5498326079455628,0.02883716931803456,0.030699507651090734,0.08235954120470453,0,1000
1.3444249695862014,0.4090436405775616,0.47649847458935785,0.029403190958762596,0.028872784893716922,0.0825155994427494,0,1000
1.3684353566777938,0.4043125385544171,0.3999603851632673,0.029719403771988426,0.026830185571334014,0.0701177827605315,0,1000
1.3215299650799999,0.3725412972236299,0.41128814214675646,0.028843083278830763,0.029258622940729485,0.09636077522101086,0,1000
1.323636067504282,0.38951111489788554,0.4271915909110247,0.028714276937556963,0.027294016738167982,0.06599119920943411,0,1000
1.3006584904463112,0.3899846087783576,0.44060968656990795,0.028383940873753174,0.028738571690092873,0.08618469705572682,0,1000
1.3238634139307779,0.3861663879071094,0.36414620766207323,0.02862801856423649,0.026605568289440322,0.06715047562968118,0,1000
1.3338474918229428,0.4038363852521008,0.3653836976231412,0.029002699232334724,0.027150834804827682,0.08080158909366691,0,1000
1.371299314071017,0.3841997635116768,0.481512618952712,0.029899906112701397,0.028949135262560502,0.0778343874695301,0,1000
1.374358975079131,0.3993071885561069,0.3712902830524264,0.029860544584371703,0.027254969247333453,0.07800437102760127,0,1000
1.2914358771094403,0.3833472453136089,0.4103419097722086,0.028107399694424565,0.02823488691180159,0.08389173916727798,0,1000
1.3141103764429731,0.3454347084228287,0.36751401641868986,0.028456118432023694,0.02838216001383803,0.0880850251557432,0,1000
1.3256300216958292,0.4202414871649163,0.5747659775106166,0.029048821091545093,0.030863918823883455,0.07467707480016703,0,1000
1.4419905632131402,0.34385026534297064,0.32462660747730254,0.031058804633472034,0.02718940095378854,0.07737179431518529,0,1000
1.4142735159986903,0.36610565101905307,0.4782509739135601,0.030842669573844246,0.029628493323696763,0.08662191867260068,0,1000
1.3247263031064784,0.35818786632018823,0.40162304577419045,0.028803081719820316,0.028668478216110273,0.09128593465355206,0,1000
1.3605850564031254,0.34829552290356003,0.43777371825658395,0.029609318882917946,0.029519406704074533,0.08996372250715487,0,1000
1.3466611574864495,0.4052929891903364,0.37726945007271556,0.029159588583627778,0.026123238498252134,0.06346760790905939,0,1000
1.385357167214301,0.36902457700921637,0.5383165824114996,0.03029284652583372,0.03102318792305328,0.0857693427099358,0,1000
1.3226031188030651,0.341736616089893,0.44505189077420976,0.029004800044811187,0.03129604859898175,0.11858087730930171,0,1000
1.3595246213986796,0.3553359229548514,0.43505822723365656,0.029507174847373363,0.02860050090041412,0.07943664502774908,0,1000
1.3405776289836715,0.41609932706010083,0.5008841145799257,0.029280162108979966,0.02843315541788606,0.07089914070566704,0,1000
1.3153366029583147,0.30833262987063054,0.4128708180467165,0.02860004239005803,0.03043115821602972,0.11039610659308668,0,1000
1.375034177594617,0.35126894759185184,0.3833733315816543,0.029783470564014994,0.028055610823319685,0.08399971190496348,0,1000
1.267319976881478,0.3660204353153893,0.40726971123308925,0.02742147549479056,0.02759765945678147,0.07033181953769176,0,1000
1.3979885003232873,0.31003578109151003,0.31262951569368913,0.030111397609878795,0.028100771399716416,0.094265890127410365,0,1000
1.3592129995333213,0.3939336362065887,0.5107578952496329,0.029669460158240315,0.02909537920912702,0.07382002291804561,0,1000
1.2966814700249008,0.41121789497701605,0.45643735288597637,0.028238182655222217,0.027656774947433124,0.0695858921661953,0,1000
1.2436081238463097,0.38757601190964946,0.47615461224720645,0.02711584627745473,0.02891523559908618,0.07834230721525606,0,1000
1.2693341267380895,0.38073271255449226,0.48718750842102043,0.027719517471172534,0.029820695126168462,0.08639318671636469,0,1000
1.39573825923989,0.39201458284423846,0.5846614274952164,0.030598143917186647,0.032650795557403106,0.08485215833957771,0,1000
1.3330612575717316,0.38523259759981454,0.4335675660110028,0.029161862552048348,0.029397111895631937,0.09603768165498938,0,1000
1.2721964644572556,0.3900257654441173,0.39273825457245026,0.027704538969540442,0.02801592768917117,0.08629427893626532,0,1000
1.3430412396155829,0.4056367969185032,0.45617148236070104,0.029320623437901063,0.028669254305336164,0.08053458194565141,0,1000
1.3460819439350606,0.4005223293931745,0.5489568892040738,0.0294352144421194,0.030413020129028214,0.07737061375000405,0,1000
1.2639954790303793,0.37738295921626674,0.35865502951394107,0.0274918271376838,0.028227080491405748,0.09036620392829856,0,1000
1.2940392226316781,0.40808852609929364,0.4740200644959646,0.028209805063620044,0.028086005237461496,0.07419987073500538,0,1000
1.2916339723908021,0.4092581343340806,0.5778705216772717,0.028340325480503623,0.03230717475190766,0.08395820309713485,0,1000
1.3246971110303127,0.3601839884009211,0.317966559131497,0.028634852102757714,0.02751854600550287,0.08414960066946787,0,1000
1.2971817527546252,0.37446112254026376,0.47810866806508073,0.028303084985562124,0.029496757720606757,0.08524154505044351,0,1000
1.317185816047469,0.40852115283147267,0.49193518826665417,0.028796491350610846,0.029031336083504826,0.07880036845705085,0,1000
1.2797929994784156,0.39750886106525196,0.44586862734042354,0.02789109117496982,0.02794741985835399,0.07726058112277502,0,1000
1.3236686205209367,0.3712181558754027,0.5118033134578623,0.028918183823321286,0.030318921868400617,0.08649562940745156,0,1000
1.396914342637613,0.3498566962503077,0.4268626665394328,0.030350335379054624,0.029059299065725054,0.08788798484000379,0,1000
1.317421642790977,0.37971243079014044,0.3303137427576571,0.02846475232794682,0.0265584742039484,0.07294934131428527,0,1000
1.349899539587259,0.37680914417422895,0.41537109748615264,0.02945434817349562,0.02876871016037197,0.09330605119850999,0,1000
1.270276018798799,0.4055219453857912,0.48641046698608253,0.027753056980931504,0.02905721104691208,0.08155380103925909,0,1000
1.3173523256495516,0.4252387095190242,0.4016130712275155,0.028683919329839026,0.026850456883242682,0.07218729240580143,0,1000
1.3005631172101093,0.3606597624697036,0.22366841631849102,0.028078557498804366,0.02711200314630304,0.09116828056207103,0,1000
1.299087097969955,0.362833713142346,0.4480436938444086,0.028194199137587403,0.02825617797955096,0.07563016801567664,0,1000
1.28904115315986,0.3417702155424655,0.39065370517958536,0.028054552031879017,0.029432329270521643,0.10195116178690906,0,1000
1.2814838380391191,0.41979773941954207,0.5236933955293505,0.027976810395336095,0.028757720106248958,0.06512540514271589,0,1000
1.3306205431476372,0.39795348910187756,0.4547982910900646,0.028986823747679073,0.027976854425061697,0.07420394839702722,0,1000
1.2896544472530185,0.4092247229635935,0.4392591506697853,0.028103649119742072,0.027655791298283005,0.07606316775041329,0,1000
1.3307544886661313,0.36687766290448287,0.42878706907156316,0.02887191529774508,0.028063460016766517,0.07577134384785439,0,1000
1.3789352118002294,0.3665915151305965,0.30992499193871403,0.029734915754062185,0.026618884176971662,0.07403266363127854,0,1000
1.3230813671337154,0.40465572982203224,0.5792264877676374,0.028981368567816513,0.03129259701102292,0.07432690498128493,0,1000
1.321037377318026,0.39661977961614536,0.2927516138872133,0.02856709423152197,0.02632518199973625,0.07477913596153014,0,1000
1.3070892116964763,0.3618538127211843,0.35603597702531886,0.02834315998613693,0.027869199961200623,0.0870547631529156,0,1000
1.3125439758386976,0.38348254086411065,0.4330144694515176,0.028736152243894034,0.02969070427987129,0.09969069312470215,0,1000
1.3465546292199122,0.3660159229155776,0.4598498161193188,0.02938221030598207,0.029680256068469732,0.09089278526077382,0,1000
1.2922383029840308,0.3809222372869714,0.39241205938676754,0.028045208311445025,0.02741137003531847,0.0768302215398421,0,1000
1.3231376382919384,0.3902865763684236,0.4477475942750388,0.028868104219475995,0.028667411744641998,0.08423382722556795,0,1000
1.3436313684104417,0.36378413394528086,0.5603516994945598,0.029343234568246362,0.031216928825477868,0.07916239667084907,0,1000
1.3328656596457207,0.39797088954339066,0.49407972843814285,0.029148490346020007,0.029409665706593778,0.08345056989324565,0,1000
1.375979625642178,0.4270384733978662,0.47583215888119,0.03005922013741745,0.02801142306224461,0.07315155977521925,0,1000
1.2890502518505111,0.36344825227727084,0.3162074567490423,0.027885050245710117,0.027429779697322017,0.08459591851271013,0,1000
1.3107062001158647,0.3942266626125794,0.38893449449799383,0.028573189242738745,0.028211579501422453,0.08737396478331286,0,1000
1.3043811983550737,0.3669151260479971,0.445834649289924,0.028337678112606464,0.028396336463305638,0.07731502484540487,0,1000
1.3246341293229484,0.37333864865320787,0.44166203198744003,0.028945523525334756,0.029377860173392993,0.09613493603307173,0,1000
1.3730094351515292,0.3795176916691896,0.3994342703601924,0.029802828143541966,0.027677115216105944,0.07804235700848167,0,1000
1.3054850373441937,0.39924974988205375,0.42558710812565304,0.028404403924285445,0.027593235213641647,0.07500327009049754,0,1000
1.3365602534077932,0.38927213531513205,0.4949970517412536,0.029193298581855598,0.029569298169411166,0.08262752583257947,0,1000
1.3749161645075703,0.4141848091955838,0.6130937849155372,0.030269226666244278,0.035802265992388456,0.0923717968594456,0,1000
1.3514179684047447,0.3529922393788883,0.5268873671913388,0.02957432191931938,0.03176401865193176,0.09908789589474926,0,1000
1.3265573590164454,0.3622822235738398,0.49443945573540393,0.028973105626767713,0.030310752760545314,0.09090049352960819,0,1000
1.355921106028858,0.35484158799438453,0.354758158078174,0.02934427005327524,0.027953811274819138,0.08459333854012585,0,1000
1.3514570862323203,0.3565039218011479,0.40124879889334397,0.02929878757373968,0.0281148476114169,0.08133068174190133,0,1000
1.2876297656812938,0.37101284350797875,0.46941004051908153,0.02817345575053132,0.03030809867536864,0.09874092875852442,0,1000
1.4093756757805713,0.3587261976627345,0.3681236872967039,0.030631418815661032,0.02851443924252741,0.09484180524477294,0,1000
1.334011263459517,0.34483342262848266,0.4216180770761287,0.028910118353584188,0.02849465413491281,0.08005154704203064,0,1000
1.3417640223208092,0.40198314148575737,0.3954784790136075,0.029225940505202976,0.02757232986014389,0.08134107981993967,0,1000
1.321730569347678,0.37049801133348714,0.31230960709054467,0.02857191652375101,0.027046490128676444,0.08063568218091367,0,1000
1.333384960066145,0.3901188160081177,0.4796601415243798,0.02903671253949637,0.028385803414998315,0.0727299719886815,0,1000
1.3968197128359512,0.36301766323166285,0.44805556351201886,0.03035100767359752,0.028477004735007624,0.07744968218398841,0,1000
1.4452882853477125,0.3758216784511706,0.4430000641180129,0.031501811981412844,0.029052195028538338,0.08788165577994567,0,1000
1.3765291998035052,0.35600979490095636,0.4783796244363993,0.029899847132755855,0.02881744179578244,0.07352020120549325,0,1000
1.3617862964603118,0.4143403746172339,0.4639910800650996,0.02986401873446225,0.02958452256610674,0.09123094787267608,0,1000
1.2626569651925175,0.401475294932827,0.41240230032246866,0.02740323365490355,0.026860157593821928,0.06700049257211088,0,1000
1.2818713734052982,0.3325601932506957,0.3814071268044146,0.0277191181138178,0.02832324007038902,0.08608439500874053,0,1000
1.3130260964002114,0.3482408034442598,0.4478618675154034,0.028588432432575726,0.029589693842334314,0.09259551664078519,0,1000
1.3312975039892299,0.375031180745979,0.43888365676872054,0.028877381375002956,0.027789166954029207,0.06863712426221791,0,1000
1.2980965530674229,0.37516427553678655,0.558496974666355,0.028418839203939377,0.03185647471308282,0.08893203518920322,0,1000
1.2916907984856456,0.38395465159682407,0.4310692069179818,0.028063745573919312,0.027664146069473546,0.07287465373458511,0,1000
1.3592140370910755,0.4064695106122746,0.4833362955353576,0.02968579628084111,0.02848672539566513,0.07887843426083249,0,1000
1.4217374965257186,0.41937832492321275,0.5131917663625272,0.031104270381110168,0.02920659167902433,0.07603615745072217,0,1000
1.3583023451527498,0.37729144413488497,0.49080028383458035,0.029589860306070206,0.02900059305325818,0.0757853795528328,0,1000
1.3254996829276176,0.42135909438581903,0.49234943634900946,0.029004480758005397,0.028884186060929868,0.0777444376859226,0,1000
1.3847085475450995,0.38538829158071464,0.35380165142489395,0.030009072921952092,0.026933223839440565,0.07615750599199873,0,1000
1.3361629344198631,0.4187181305257118,0.3836123184831264,0.029017974408932543,0.026426782957428722,0.06895255078597598,0,1000
1.2931642923845368,0.3614613591514186,0.274710320835116,0.02780321245657562,0.02617964498029836,0.072979406432003735,0,1000
1.3529443994106398,0.4047796430493482,0.5012853708602292,0.029501097833515615,0.028393276518600966,0.06848515945556256,0,1000
1.3790429141693363,0.39376162283764354,0.32856098335621386,0.029854283071263095,0.026635308069147993,0.07424975237428275,0,1000
1.3116345714669886,0.38946988723760095,0.2966225150482325,0.028335766147508257,0.02617941676585735,0.07599940286185941,0,1000
1.2635600808944838,0.4058344052792997,0.4273179720794465,0.027521431967216885,0.02764243698942518,0.0763888465824845,0,1000
1.345742323175472,0.3416845747063358,0.30684462772550025,0.028988873703829278,0.027372918875389347,0.0825484603852106,0,1000
1.4004036053810072,0.38732630662838563,0.376317779680243,0.0305067789415887,0.028241412651218028,0.08942878542789032,0,1000
1.346790859672431,0.36266472955102336,0.26317582571041503,0.029042740118413037,0.02682180600022797,0.08287079640233536,0,1000
1.3697412388148005,0.39690729525897045,0.4221140526895747,0.02980418963113757,0.027660912625972263,0.07643624364185504,0,1000
1.3282068113651795,0.38026167814660405,0.4042436690812267,0.028915005573043863,0.028305154182260536,0.08688454797416587,0,1000
1.3152739652565009,0.4045127808902958,0.4892164827300244,0.0286885139838991,0.028304938955849807,0.07226333017553513,0,1000
1.3482149904539515,0.3963330419981357,0.5425976381456541,0.029535880149779408,0.030981557925154255,0.08646123973115967,0,1000
1.3579964764986014,0.3667217572386316,0.38901799986907987,0.02948914288252816,0.028299315035304036,0.08539047771678616,0,1000
1.324253481700464,0.3520843739548844,0.3665221808190916,0.028672383584200416,0.027988619087790215,0.08511455041212845,0,1000
1.318550523779778,0.4170118218406474,0.4666697168579253,0.028787438620465074,0.028133220622201423,0.07606647643838854,0,1000
1.3505226277483395,0.4000494529378685,0.4744401507278346,0.02955667868746403,0.029453273189097403,0.08860367599899509,0,1000
1.3069770391512476,0.36408316181522804,0.47909158750907216,0.028578780181635798,0.030310846496883388,0.09698874780463426,0,1000
1.3367199777535421,0.38971387617512754,0.3997493533659052,0.029034472211594234,0.027463651467799697,0.07650746556512839,0,1000
1.3370285784554838,0.4297236825749659,0.4728956449935136,0.029238250829487042,0.028245084403006986,0.07737182079808835,0,1000
1.3144086868660272,0.3757775538032567,0.3746899972464115,0.028542814428856842,0.027744324851122843,0.08393742207603805,0,1000
1.344325699094586,0.3788492289874141,0.5098419296029006,0.02928330184543947,0.02913543109659841,0.07238552797857256,0,1000
1.3194375280051438,0.3776191907479445,0.43715254927653296,0.02867104080045106,0.02818229158916796,0.0754050021499907,0,1000
1.3488006777395776,0.3579932824509356,0.4082799429830354,0.02924096678410836,0.028146325435309802,0.07937136590858823,0,1000
1.3068885319934063,0.37141151117780535,0.41475957994387086,0.0283632231911413,0.027970829573197662,0.07755020999780457,0,1000
1.3458448640885299,0.358206955059574,0.4626769969120358,0.029379849127058953,0.02993954044419025,0.09578080869287212,0,1000
1.3376891110387517,0.37508431561688826,0.4686591796690932,0.029116987516185695,0.02869698648358953,0.07775407392786755,0,1000
1.3360563431133408,0.35169753490374156,0.3293534720676436,0.02891523986142666,0.027855507097984043,0.08864910417090108,0,1000
1.4636431708067492,0.41015672625318433,0.571289367806781,0.03205608551161594,0.030852233868824797,0.07395705361271297,0,1000
1.3072539753557326,0.39082676062940913,0.46892883218949616,0.02844540404890942,0.028147507206752548,0.07057193666649055,0,1000
1.371311450627982,0.3698906164510446,0.31802581742899705,0.02977315782232645,0.02797630199469944,0.09247533191294446,0,1000
1.3193485917845083,0.38231512959366426,0.4271934514997978,0.028655134117665335,0.027726085817841962,0.07392205733983688,0,1000
1.369647806748009,0.3910654140415678,0.4171441527831722,0.029831337329680917,0.02838865881805121,0.08172549936184048,0,1000
1.2631136035839963,0.3472749283307937,0.4081311378016335,0.027423098695026016,0.028611148485288507,0.08747202583114344,0,1000
1.2702555613913564,0.38356657268472993,0.43227862849096915,0.02768147521213464,0.02886667112302202,0.08722171276525352,0,1000
1.3040302723300432,0.3819365022892441,0.48081361915459264,0.028407046040037565,0.028848661719500523,0.07554630490832072,0,1000
1.2980606149040779,0.35273708720633784,0.46197010766896024,0.02829670956007116,0.029907082729902106,0.09282538514669779,0,1000
1.3413578179413623,0.37906397429944566,0.4247428749807858,0.02917840106865365,0.027962548651076932,0.08049326283994276,0,1000
1.3095747243925817,0.41098814547293944,0.4832886031582083,0.028558989647153275,0.02825754677137112,0.07064614977630836,0,1000
1.3277194390850147,0.3610274054235849,0.30958515149773913,0.02861820821304783,0.026638110585900904,0.0749836840990113,0,1000
1.392622166410696,0.40330168773672337,0.4733028627822768,0.0303222982409119,0.027993634950327945,0.06912589171114489,0,1000
1.3507632373185623,0.3857618710436635,0.44675265444224893,0.02937099403550143,0.027889235646088077,0.07371367158355038,0,1000
1.3407661947997958,0.37004662796597954,0.49154417334264083,0.029360002865904407,0.03079020354634616,0.09837533415137521,0,1000
1.3700188619061684,0.42891655630354336,0.3663404965437071,0.029710493142779813,0.025718493702022713,0.06242712917435752,0,1000
1.3876615551284184,0.3590860871578556,0.4413108146356205,0.030150458480769762,0.028632837049835064,0.08134248803052217,0,1000
1.4066168284704772,0.3405645522801624,0.3294463185063975,0.03035001129503612,0.0274823583600922,0.08399320868133878,0,1000
1.2197365929187427,0.42307073320741095,0.3759764643880439,0.02649173293614049,0.02634382584291011,0.06886586978725888,0,1000
1.3348885577941392,0.3690078246844218,0.39619519237775785,0.029177939461670077,0.029535042656423215,0.10330360742143928,0,1000
1.374095512148276,0.4001000045864097,0.4694313608809391,0.02999807148655189,0.028825185829373004,0.08125349061555852,0,1000
1.3847385759064577,0.32672303075822806,0.3751041714209596,0.030236091007538938,0.03060176079426718,0.12039111164722445,0,1000
1.3699795305270832,0.41419257660805714,0.37500054604968447,0.02979299189074199,0.02677560189502271,0.07444800191835071,0,1000
1.3537662486096216,0.34137320808312416,0.5437076258407743,0.029531606966224512,0.031316335894713505,0.087460200296667,0,1000
1.34851364082675,0.41663343961859634,0.4450250041060635,0.029433236130354777,0.027808371734352987,0.07733660500737967,0,1000
1.2604564630032966,0.385916336875067,0.40099681881231974,0.027329076390393742,0.027179953246005598,0.06947144476222411,0,1000
1.322225325510352,0.39185899908868316,0.40305937041213596,0.028791474287559064,0.028144292151809608,0.08462832339257347,0,1000
1.3046967348427236,0.39052354667970335,0.4297816084267986,0.028448544274647807,0.028513132968591776,0.0851715508842242,0,1000
1.3105860148980824,0.3893595852363706,0.4634984103878644,0.028498375130441695,0.027775610656151178,0.06979729986721113,0,1000
1.2555091833574086,0.36340411532721395,0.37069144212523386,0.02722315637160118,0.02764821199196573,0.082974802563254485,0,1000
1.3725108774390578,0.3741476134045419,0.40010035590840254,0.029742918313642938,0.027589031272587373,0.07288624348325877,0,1000
1.4442673751075228,0.39204617381697127,0.5402711895796071,0.03154990439987636,0.02986865941354033,0.07537858730996115,0,1000
1.3058179844162743,0.3888043939316483,0.4653461048967324,0.02844944584258622,0.028463394301467666,0.07616140354323585,0,1000
1.3780503631618264,0.3453185127804709,0.3160150287605756,0.02980517614966088,0.02789786329443032,0.09186184879479263,0,1000
1.3156342125357672,0.37412174914127005,0.4545716376080866,0.028736251669422692,0.029428549844091077,0.092515304386692,0,1000
1.4399338233231602,0.3726356856645072,0.3184567757924382,0.031205826133418317,0.02766291308385271,0.08542609952017777,0,1000
1.3419591193595293,0.3526344627614885,0.3654577561307454,0.029048259138627824,0.02798741429259115,0.08547737175331477,0,1000
1.3349927398286288,0.3666693677598346,0.47932702435759444,0.029066980921810044,0.029137347258237856,0.07948617024777024,0,1000
1.4034372851539196,0.3657446704053022,0.3669839309763542,0.03038837626164028,0.027297756434273193,0.07892120288186494,0,1000
1.2330132872491826,0.4315401319813298,0.4955552680471681,0.026978783014528704,0.028452146866419625,0.07480779692312178,0,1000
1.3151855581886647,0.36334532221480653,0.29845966636342264,0.028576523137688936,0.02854236619776676,0.09906945315238089,0,1000
1.3830341421267844,0.35499401800381664,0.36326805945767515,0.02995383780247815,0.028041884030482852,0.08497302910507665,0,1000
1.348235110500858,0.34067196937386024,0.3192213909892279,0.02901584575090836,0.027025300834842544,0.07620959112018376,0,1000
1.3385934675534585,0.3974999371095083,0.43018478048351655,0.02909868280213572,0.027518820904915305,0.07186611410670767,0,1000
1.3215372070671934,0.39401259914383047,0.2949011557684555,0.028505344949466094,0.025678653274355364,0.06790872221640042,0,1000
1.3197322043030912,0.4034477378861904,0.3551120159208185,0.02861813090064182,0.0263284900168609,0.07304811970874167,0,1000
1.3488632408325711,0.4107322378662896,0.6023984421574781,0.02953643826756641,0.03168743554752567,0.07012802954640197,0,1000
1.243664359850298,0.3595825893850732,0.41455496930843727,0.027057400312999552,0.029049610773658637,0.09145430467925708,0,1000
1.3533544300277516,0.36195492267559815,0.37572809950219166,0.029364101305032544,0.028138376150466837,0.0855622003619298,0,1000
1.3643960854454626,0.4024968615972505,0.5119722026683813,0.029790443820038075,0.029053429643572205,0.0747336292761027,0,1000
1.3796866937852184,0.40865889666857674,0.6405762038233591,0.030327568582361308,0.037762507425305625,0.09073504225885917,0,1000
1.3724956645829112,0.3578835021303294,0.31736684662580406,0.029755931723070676,0.02803041624721714,0.09413960527118265,0,1000
1.3362555869576593,0.3630650703488746,0.41913370131958094,0.02901240830128436,0.02826226707853976,0.08091209095494585,0,1000
1.279640027069709,0.3955965760579856,0.3694488643103528,0.02787024367303814,0.027737296303374327,0.08705418046699227,0,1000
1.2792662060757056,0.3978394091666024,0.3725752798335431,0.027858776231397677,0.027661198777452906,0.084888431465663855,0,1000
1.324806134966141,0.3789070700209798,0.508116198855309,0.028999267231484917,0.030695891745341583,0.0939333020129202,0,1000
1.2961371669164525,0.3536099398170833,0.4136244725359104,0.028150756049783267,0.028759392724200732,0.08681287415484379,0,1000
1.3235142220914797,0.4028113159747915,0.4636940535057685,0.028868198334396834,0.028158390550123247,0.07632238796753754,0,1000
1.368913108852031,0.32347062871111393,0.3808177167445978,0.029641209276669057,0.028844037017532992,0.09499740744818375,0,1000
1.2422562071754,0.39879997604109396,0.4897533593531065,0.02716534824087634,0.02945623592931092,0.08465075298809947,0,1000
1.359369114098356,0.38718756030010004,0.35504836403327966,0.029514905231590918,0.02755309226030428,0.08273963738026054,0,1000
1.3950074662910323,0.35957651851518285,0.5066047853936724,0.030383821412472648,0.029665154458619593,0.07840405073399728,0,1000
1.339346024478037,0.35322544597804906,0.40199393573775705,0.029121150843350187,0.029019364564550874,0.0931579382958213,0,1000
1.3370362447943291,0.3699625934263389,0.5760702928610627,0.029232107393230813,0.031711385299812475,0.0816809246228507,0,1000
1.3514698076316034,0.39192683505753656,0.3332743756397707,0.029337459899282402,0.027228365072964323,0.0840792095033219,0,1000
1.3139899036217855,0.3689723580426043,0.5691201285501032,0.028717357464775446,0.03165154968657771,0.08135031268640303,0,1000
1.276645918625694,0.4374658765467462,0.5380251675680652,0.02798674099120331,0.02957468437285843,0.07733409114664237,0,1000
1.398779915843178,0.4269325026785341,0.385590057461214,0.030348535620231154,0.026088562728706816,0.06309494729937225,0,1000
1.3216366314064374,0.3692337736515238,0.49706161588691355,0.02889605916483991,0.030381748058944755,0.09237162247933471,0,1000
1.3603269835203877,0.39170261243076415,0.5079482053944799,0.029676797209166113,0.028992889067905852,0.07285089891965546,0,1000
1.3742425835816048,0.3427613921342481,0.3061608256678501,0.02969943608286184,0.02820101036206844,0.09250964247096266,0,1000
1.3540390505478483,0.39048811330345634,0.28739728079589616,0.029168397251800295,0.025559790924998153,0.06665180966468502,0,1000
1.3627558232768546,0.39425649825020703,0.4361932889369695,0.02970195817337944,0.028443210125212434,0.08181573458204518,0,1000
1.3586642025247884,0.37469216163398317,0.3769582580021107,0.029756448457811502,0.029798402780065642,0.10899027645811181,0,1000
1.326630676384294,0.35866551833601484,0.39737883311452005,0.028768243402696014,0.028330454541748065,0.0813423715977851,0,1000
1.391720773701539,0.3726971752453563,0.36862841900670973,0.03007884570127148,0.026844919212839265,0.06964025720989024,0,1000
1.2915448251351593,0.3923810633246702,0.49202911716173897,0.02820381221321561,0.029143397854079645,0.08081920185029234,0,1000
1.3674127981203088,0.3667253381972005,0.3489861326538381,0.029568545038817385,0.027454206591563956,0.0776607408547336,0,1000
1.2702254181427552,0.37737970282028716,0.46992092840028693,0.027685846388192898,0.029220105070751443,0.08212347358844303,0,1000
1.3501174889676129,0.3619042129249123,0.5171801189359594,0.02949566938306644,0.03078054990575364,0.08967681430889525,0,1000
1.4265197599138846,0.37009863503958995,0.4109868657643781,0.031056218086927923,0.02880041848662338,0.08978341438001382,0,1000
1.335941416518034,0.385264723150216,0.3097461694529915,0.028867982299885082,0.026468801906587246,0.07507035293665672,0,1000
1.3249774705320452,0.36632633836031797,0.5070544531547123,0.028888667779559032,0.029480207797798516,0.07967436394661677,0,1000
1.3476090812851917,0.3663774904671977,0.497649628588948,0.029434609239750855,0.030245186932520367,0.08883620414535218,0,1000
1.3778935913823018,0.3436870845403616,0.46752362452557916,0.02989984423922562,0.029019879439000057,0.0769996478115737,0,1000
1.3731866393368504,0.38136669419457464,0.5416366312629196,0.030078773863147064,0.03156660528098748,0.09145817419172501,0,1000
1.3165498795255397,0.3523290692540022,0.5575320456138071,0.029089708642895097,0.035810326513009715,0.13063034728226672,0,1000
1.3264278665081277,0.3605084700855753,0.24340118401619149,0.028643847627575353,0.027299816375978725,0.09015801139258484,0,1000
1.3685790445610546,0.4052202525165757,0.5155798056933226,0.029954766455215987,0.029762474717310042,0.08310902599318362,0,1000
1.3488835050481174,0.3284009970162937,0.28558465850309417,0.02907915834159376,0.02790426109800908,0.09313571265367887,0,1000
1.341790916476692,0.4030001336995449,0.429584642812904,0.029222399679326275,0.027618649233900873,0.07630168517557931,0,1000
1.3116837344254075,0.3722877846216542,0.23220959980902295,0.028346718322394226,0.02716206536920974,0.0884975398814936,0,1000
1.424770050867167,0.3932540183018203,0.47621743005068146,0.031075916502706087,0.02854457035123222,0.07754633811734149,0,1000
1.2887535164368467,0.4005795802384211,0.4062972699658872,0.028002795831341423,0.026993311034966706,0.07146034168258043,0,1000
1.3005250070524579,0.3521327664901384,0.2817659688940878,0.028070072568919562,0.027351142151866546,0.08801099568916086,0,1000
1.3094303985094387,0.4408677415707199,0.4743998249612057,0.028603520918619296,0.027344555170354706,0.06886002354909965,0,1000
1.3556502166430915,0.3972198605231521,0.5039921385633891,0.02955244718209841,0.02888152665024216,0.07208247865343417,0,1000
1.3712665533475061,0.364576681055801,0.39222360371343257,0.0298470520460159,0.028812152094228646,0.09343722384792766,0,1000
1.3158102930974276,0.39422723618521816,0.5581546426836781,0.028794172407168816,0.031020554751954837,0.0793079316982774,0,1000
1.320432766235005,0.3671351672558031,0.47494421309910684,0.02881478089888166,0.029744386976498883,0.09079300619472866,0,1000
1.347735033713438,0.3378581955533099,0.24353320264431733,0.029102912062223117,0.027844375318488466,0.0986977341683539,0,1000
1.3003775446326271,0.3690059144914211,0.2464871038951267,0.02797632103489746,0.026101250220326205,0.07689249936536081,0,1000
1.259688168407933,0.402502563791353,0.333528252406825,0.027301262301480667,0.0265663059126052,0.07561616113387624,0,1000
1.3624756630624226,0.3460131477692015,0.5242398603498883,0.02970200396847049,0.030519318305241922,0.08365841246558255,0,1000
1.346628467785958,0.3476421824552978,0.3110350843271139,0.029147551524258398,0.02785745563360485,0.09350193305460522,0,1000
1.3161332437632751,0.3784842210851084,0.4876725284026658,0.02866043109471245,0.02891752434400383,0.07413194611261044,0,1000
1.3614973537664123,0.36017161166124745,0.41501453330207294,0.02960727866134547,0.028768533228828587,0.08826113754893763,0,1000
1.392476026315293,0.387029778530123,0.5638413096885122,0.030445350251546474,0.030876395586345192,0.07514763859787335,0,1000
1.3549372080898343,0.34770631388570017,0.4844029109043763,0.029435972702671623,0.02913134836991793,0.07521832286024749,0,1000
1.3293505651093818,0.4041905870694646,0.4151361722659395,0.028853390287965096,0.026775766070737988,0.06513360991441437,0,1000
1.385111838250762,0.3229354407544323,0.4426600450402795,0.030057399650184193,0.029425293605079665,0.0903261540160503,0,1000
1.2807395599559566,0.3506817496170886,0.3934006391011539,0.027754763233693955,0.0282055399471596,0.084169733304153,0,1000
1.3539275897614829,0.4018353940552986,0.4741787100040278,0.02950780470320327,0.028333972897001822,0.07187837659765232,0,1000
1.3765029937459143,0.3576448714471217,0.4063047007988885,0.029834641408640325,0.028090650343839226,0.07954057476204159,0,1000
1.3748908745294286,0.3961124998510725,0.4145267736634882,0.029876203972819967,0.027386742956014648,0.07155318410081636,0,1000
1.3082262549470736,0.36952389073893366,0.4165133253940296,0.028355010509949246,0.02770765419840391,0.07296780716993834,0,1000
1.3485641572583378,0.35816412303753553,0.38506521182991077,0.029258689170992884,0.02826213640863075,0.08598127945577212,0,1000
1.2995319722203786,0.43500561063750326,0.5646373846654119,0.028491921574242234,0.030303437861693074,0.07299158174145062,0,1000
1.2952168880379282,0.3711917477753403,0.38764688458595764,0.02807039834950889,0.02773884265956098,0.07823738229132741,0,1000
1.252417600482747,0.3949482992118126,0.4682341049368989,0.027428755921630847,0.029593278753261155,0.09311199439221157,0,1000
1.3409107466922767,0.38671508034900426,0.5624792712245907,0.029467570234158705,0.03316788644149812,0.09917469745312546,0,1000
1.4693106358711971,0.38430429595715127,0.5195394299115365,0.032143882272147296,0.030572747595504917,0.08697750046956186,0,1000
1.3935593922394711,0.39417720238655835,0.4415971447789598,0.030315341948522867,0.02776034401991633,0.07346515037019742,0,1000
1.2713964127934958,0.39149746949883896,0.5162742184897667,0.027798998037852757,0.029978434751768646,0.08235417698332505,0,1000
1.3268339310254507,0.38140244663971645,0.4810495583693052,0.028882354782832097,0.02859704339572996,0.07220064389888468,0,1000
1.262500023229073,0.37729905849952544,0.565483965363219,0.027607119530320957,0.031413634924639576,0.08182578206636058,0,1000
1.356418167390282,0.3910797751507522,0.46916518193456214,0.029704130395218638,0.029833192462101466,0.09339678168491689,0,1000
1.3818644004354514,0.3957313033921487,0.4935268943509061,0.030231202353932767,0.02951437441383419,0.08677480140914774,0,1000
1.3877687940334178,0.4117967818825093,0.48499633651775365,0.030253972726074944,0.027863989745322545,0.06902767401082309,0,1000
1.3126226658075721,0.39991061521230303,0.4437116746734902,0.028620756467612852,0.028158327301146598,0.0784684718884449,0,1000
1.3443701811695665,0.3779378582191247,0.5646906868636735,0.029421461681073055,0.031731542708225445,0.08462538268862528,0,1000
1.2578837331936532,0.380512818423887,0.2851401974957929,0.02720933690600564,0.026881633238575203,0.08283554744401302,0,1000
1.357869122650372,0.3667644430414895,0.4614599763458364,0.029657445658285906,0.029719003702044423,0.09492562120787555,0,1000
1.3928241331407931,0.3864303103825354,0.4053339325865836,0.03030899311495933,0.028009906120444315,0.08282320311364108,0,1000
1.3545753513687346,0.3919351769223885,0.30904984441829125,0.0294183157643985,0.027310265676421377,0.08605776253460179,0,1000
1.3145578861314346,0.40322762094108167,0.4898624673265247,0.028697395371203648,0.028724663762466816,0.07560852251177673,0,1000
1.345777551336869,0.4289390742051772,0.5354215319434605,0.029445359611980956,0.02909006479609333,0.07113208449022691,0,1000
1.3596044971388135,0.36699746059084015,0.3715675169601097,0.029569276429554217,0.028488819201662893,0.09270357559322903,0,1000
1.381812422154415,0.3675375407471533,0.46797902507015976,0.030131411988409032,0.0295738429354207,0.08705795482743672,0,1000
1.32745625749813,0.37732542773292505,0.3562033452860887,0.02888118244571302,0.0281828808976679,0.0922793976361928,0,1000
1.3335034986211087,0.3668054322718706,0.41090558037313124,0.028994604868449934,0.02857814179035842,0.08624796567087291,0,1000
1.3373201337766474,0.37513743825388607,0.3882798516937805,0.02897339469347797,0.02744587976171643,0.07487648412091667,0,1000
1.357997048310917,0.3547599622699886,0.3373090670557365,0.029379435537248047,0.027695375397903718,0.08564965618781825,0,1000
1.335821981875422,0.33284443449597323,0.3846756649280066,0.02899054027198488,0.029295623202472122,0.09796238379609233,0,1000
1.3804930117082714,0.36622389142687484,0.48792229883905197,0.03018780154643704,0.03051527889079299,0.09660739016546954,0,1000
1.3666041448720967,0.4139097505671646,0.6225436975990176,0.0299872997498808,0.03406003802347032,0.07785757072901574,0,1000
1.3625607992694249,0.35060022176663946,0.43481029174818364,0.029721372155996108,0.029659804047364825,0.09883235945941743,0,1000
1.3400636074903172,0.3913378378474843,0.5529884673258062,0.029273347045096158,0.030262568487520843,0.07479940871975722,0,1000
1.3575227492914963,0.3661028502429241,0.43947794162350073,0.029462696925738226,0.028047114628655775,0.07359978054423959,0,1000
1.2880475224527295,0.3905046056636857,0.4470394646363719,0.028048979375884193,0.028245754504726047,0.07680346717292764,0,1000
1.3235328979013257,0.385674405536723,0.45234288230081415,0.028794533291718792,0.028071490249219767,0.07423210255048228,0,1000
1.3641736647110434,0.4065964093192015,0.4736037387105372,0.029763206934107916,0.02844251585774464,0.0757658315643777,0,1000
1.322043460383841,0.3732988058330491,0.3835984966880394,0.028700085064809172,0.027919597241262174,0.0825853636865329,0,1000
1.3034265541516363,0.39883110200417904,0.434317465758145,0.02835694901676013,0.027311644064256586,0.071425709800221407,0,1000
1.3385657003804774,0.3459820183976027,0.40666339378985006,0.029150525352394353,0.02936530127906242,0.1001071430473273,0,1000
1.363566012055506,0.3631929042808807,0.4011026083438396,0.02964377929851303,0.02859130749159977,0.08868975929352388,0,1000
1.4007300658131283,0.3608820469520949,0.4265296276127771,0.03041611585289861,0.02841164189457799,0.0818587105137654,0,1000
1.3313705496158175,0.3530211676496393,0.4654015726341379,0.0290319044707181,0.02979684849148842,0.09340448093980648,0,1000
1.3289763167066404,0.3728320325033287,0.38195179927003564,0.028872935140491787,0.02807544711253088,0.08640687815810483,0,1000
1.3418303522220698,0.37525007833838797,0.34928820246434894,0.029156691116099667,0.028021513036313898,0.08958766203469753,0,1000
1.3321315296370217,0.3948096073844608,0.40744779247216756,0.02898958678209362,0.027582868126090357,0.07925952206371217,0,1000
1.3578009103064534,0.3290619476935349,0.2139981554404459,0.0291904116186034,0.027419888410388695,0.09502365573989734,0,1000
1.3815084025435294,0.3530224514157385,0.44835639785931175,0.030034915599970166,0.029201127967527406,0.08467998680095196,0,1000
1.3985933555374561,0.3847028724182477,0.40459575527750324,0.030548083020089357,0.028954217451998887,0.0946476886148179,0,1000
1.3429808463848087,0.40589332751193336,0.42334617111527817,0.029150119793470933,0.02664274737615596,0.06253670393605805,0,1000
1.297452279685476,0.401835561903793,0.44235772743553853,0.028312336762578452,0.028447452347323425,0.081286569210484,0,1000
1.3657058804926459,0.3659636673194811,0.45477815860496457,0.029775282511175588,0.029306237539576143,0.0890882726730255,0,1000
1.341309680648284,0.3764362183737516,0.3870785022816632,0.02920804271511629,0.028600614173118648,0.09156366447897707,0,1000
1.3818236387997076,0.36897660904737256,0.40267320617787883,0.02997381291728934,0.02774351978335518,0.07809633723795997,0,1000
1.3680040672856695,0.37449957604517126,0.3796292596192355,0.029819918585608268,0.028916133234984667,0.09563249938708476,0,1000
1.309184041647886,0.37775535503120394,0.4702880530465718,0.028518900761732247,0.028873185038016214,0.08018858597212813,0,1000
1.292263556634403,0.3625600272706387,0.3778720096344081,0.028024897181645934,0.028009293461004225,0.08300764663541535,0,1000
1.3328422679697096,0.3952914758075935,0.476572966137141,0.02913114575060163,0.029062263717056693,0.08317984614023649,0,1000
1.330301049264512,0.35084950356425404,0.5245836391917521,0.02907021270023755,0.031247234274713615,0.0939561179691678,0,1000
1.3497839162690237,0.37435302654541575,0.4583073368204952,0.029367353476690942,0.02842703192876408,0.07808134583177402,0,1000
1.4163818841374944,0.35002687177964004,0.35482994789986044,0.03060745945540686,0.02779807784204473,0.08071099076388537,0,1000
1.3569788649360448,0.3726179032064768,0.5869753435758603,0.029658489546623635,0.03184040819587373,0.07714350420197306,0,1000
1.349692689181143,0.3752354732496667,0.3916802443983519,0.029195943354054732,0.027042089114810222,0.06638812410271934,0,1000
1.3029013329224304,0.38642291649427496,0.48175839228914685,0.028350126650149268,0.028443316025509806,0.07183054895696056,0,1000
1.3355744311978244,0.36457989769975596,0.4359992944384742,0.028967594682438657,0.02810383708261353,0.07277572839233627,0,1000
1.3470033401728467,0.35331557202683267,0.49148407112954967,0.029297498261690823,0.029512381541606007,0.07752354152359538,0,1000
1.3551307383082483,0.4071520312882708,0.3678491439275397,0.02939612584454517,0.026473019913195856,0.07057769623040945,0,1000
1.3300211877216086,0.37274212738036183,0.39788077443065856,0.028895709269057584,0.028130037965766456,0.0827417301866154,0,1000
1.3680364684487134,0.4173550843279388,0.5018606422758936,0.029897155198342587,0.028290035105840907,0.07293827348446534,0,1000
1.3855229963565114,0.36406027532345675,0.447614508762307,0.030171596325142522,0.028968619471719227,0.0865581183034921,0,1000
1.2777393179032233,0.3559360143446664,0.5431189487919523,0.02786038068670628,0.031048909316374402,0.08120734957319739,0,1000
1.3288386324761357,0.4019549109228806,0.3008485934961614,0.028821057012398645,0.0266294879939074,0.07980214773385014,0,1000
1.297107400138479,0.3375340979578945,0.4282626358062988,0.028212694294406124,0.029357621249949725,0.0943028317581826,0,1000
1.2413807954493232,0.3609130992639154,0.34350066343197533,0.026860643984765724,0.027476459972323865,0.08157666105959513,0,1000
1.2580428635772425,0.3762023747760732,0.5566179918780914,0.02750709541357801,0.031120458917036693,0.08062007010374507,0,1000
1.4109197394153992,0.4321201515067709,0.5193711442974176,0.030925647655493046,0.029283126591597188,0.07803589174158856,0,1000
1.3779399545940192,0.37868326559286125,0.49591223167684867,0.03000345644986596,0.028931097395798043,0.07142322930295074,0,1000
1.339537058465216,0.3881863469896428,0.35954765305821373,0.02912524626658535,0.027799071054882916,0.08607101658471228,0,1000
1.3272543026375974,0.415521632997219,0.425589817702752,0.028932553530960168,0.027520289377007148,0.07557657507872834,0,1000
1.387073002883792,0.409557616973797,0.6617453893805069,0.030476396799386567,0.03931176315034792,0.08477298076382693,0,1000
1.3194436431929448,0.4126421007287282,0.48845883187285766,0.02878258591024143,0.028161605181202243,0.07126792889153137,0,1000
1.3677795995929998,0.3535803652078414,0.38892838079129893,0.029612710638426062,0.027856325640993704,0.07915386614051452,0,1000
1.3301327162149017,0.36623738898199026,0.49539351521737773,0.029048638786592997,0.029982607376318627,0.08924385143287823,0,1000
1.3612352286014657,0.34465874425784987,0.3450845020535293,0.029495648136731778,0.028417871169727153,0.09338362493416946,0,1000
1.3692889548354428,0.4205458057183705,0.5268384170876367,0.02993511000946057,0.029098984707810596,0.07147889921499966,0,1000
1.3206560102739187,0.37090945287828636,0.46210373593002624,0.02875013453747564,0.028962734188685925,0.08080422804886404,0,1000
1.2930191002460367,0.3955907710231573,0.45915830539257396,0.02819485627624505,0.028210115671490222,0.07851631605653363,0,1000
1.3233928804378507,0.3757671566196312,0.46606247065715195,0.02879166773321268,0.028500908626715882,0.07497035616377089,0,1000
1.4263011393355143,0.36242588409939447,0.47416591419928594,0.031069144603343757,0.02940320978488762,0.08468693713091409,0,1000
1.2692385528701204,0.38400516915914845,0.4143881942010997,0.027630535338567953,0.02821086448194674,0.08383717834690577,0,1000
1.3906525228393103,0.3784484325672595,0.4140880986251951,0.030165836597184307,0.027437288160048697,0.07314475967176931,0,1000
1.2623016128221611,0.39467147727779534,0.5096078931380674,0.027504852983430784,0.028596603081954258,0.06826761003193015,0,1000
1.404392074781804,0.4045623609054789,0.5675453435022015,0.03067670498012593,0.0298514285255409,0.06491175397822356,0,1000
1.374897202658909,0.370563861449195,0.3169052837595522,0.029685296323682317,0.026683824343911956,0.0768396808797582,0,1000
1.2838676014643893,0.36543572532800683,0.25956968224038013,0.027672555514973236,0.026593589673920746,0.08124450975892547,0,1000
1.3922600352971517,0.33387670015534715,0.29787629364198454,0.030520056017986012,0.031118555227608966,0.13120029053662757,0,1000
1.3490712746297713,0.36918159219585334,0.45099566487332815,0.029422439911844255,0.029275319893574445,0.09007607388312089,0,1000
1.3103117589240856,0.40410257851292025,0.3393946159754272,0.028443690038055153,0.026720566094522936,0.07799571309261372,0,1000
1.2526595048997038,0.4144799100812848,0.5576956254449412,0.027466911651001773,0.031015022911306676,0.08068995327934464,0,1000
1.276771537988402,0.3628208444683948,0.32770887300095763,0.027668263112382952,0.027954296249030494,0.08758757911269603,0,1000
1.3120920725369831,0.37898351024372806,0.2641808487925495,0.028252768421805123,0.025976826228931334,0.07267436071621709,0,1000
1.2489210341164125,0.37656238538893644,0.4387909506818507,0.027168011629661502,0.028340685040201076,0.07919803464112023,0,1000
1.3557856511827209,0.3733708400209872,0.39698793296376833,0.029411749422290412,0.02783150446939097,0.07723833450288492,0,1000
1.3790241132689205,0.3992323596362401,0.5492773827447405,0.030161967597550143,0.03033300392058671,0.07599951554845985,0,1000
1.3573802896639016,0.35608346237030614,0.44667168095866544,0.029572060915670786,0.029392630726535203,0.09103963477290677,0,1000
1.2615674733468651,0.3897740299728861,0.4311188708493234,0.0274706166968762,0.028107687715414838,0.07950765981925179,0,1000
1.3658021539221967,0.3729559210236959,0.4935177886583822,0.029850432010113056,0.029908164525378,0.08986903994357522,0,1000
1.2841355351475838,0.38687917070070404,0.5286810079229877,0.02811489134115218,0.030821608214479785,0.08676512538303699,0,1000
1.3306381021916893,0.3535264751702692,0.4378555513649442,0.028914674697557062,0.028960622931463988,0.08447362761011631,0,1000
1.3601375156142377,0.35830397868216324,0.42463838912672086,0.02964755512322979,0.02922968501610736,0.09571435345352643,0,1000
1.3726446781671342,0.38701845833588633,0.5202691775723121,0.029928540532220944,0.029253637775141353,0.07056148898516929,0,1000
1.36500999007839,0.401516161403579,0.34464307011507594,0.02972295788632851,0.02775917226422024,0.0883090947842451,0,1000
1.3799059970363299,0.33586561722614144,0.46416138655350675,0.03006757671188255,0.030546476989607038,0.09863671633574747,0,1000
1.3130185335548203,0.3764774257013774,0.3814213437638014,0.028427899262257333,0.02714768058502086,0.0722474061668976,0,1000
1.2885644281194673,0.39777696565547516,0.4597962751207977,0.028070083158435302,0.02827351820766103,0.07527654002477804,0,1000
1.3853110010402754,0.40873095851187136,0.4122498149830402,0.030215889861562123,0.027810643956969232,0.08198662985999915,0,1000
1.3717589300139548,0.3809072109203191,0.3983840414875519,0.02982727306102281,0.027951149429414235,0.08327289513077785,0,1000
1.3126288848633068,0.37989270564315375,0.415741182390049,0.0284755297687462,0.027575888894941378,0.07111501455041598,0,1000
1.360392367369977,0.35788119729152723,0.37175271448494956,0.02948626520720289,0.027937789133000466,0.08518070809719841,0,1000
1.3088616078212696,0.3919773722635815,0.3449493981371894,0.02845525086126521,0.027448720626331715,0.08650498054852242,0,1000
1.3920485969839551,0.36790035243387864,0.4107521112306049,0.030283361143219226,0.02857096527583414,0.08773301102696048,0,1000
1.3226960831128087,0.39324986850947674,0.4772645895431698,0.028873908820200415,0.028820700213526406,0.08055662174256144,0,1000
1.3249365234272739,0.3652116575877896,0.3365926516240879,0.02866126810454014,0.027425037008190233,0.08033801305537484,0,1000
1.3376052674949377,0.3832766169201943,0.30667297458619164,0.02891275395679539,0.02650009377256389,0.07668743679141873,0,1000
1.3638729956282079,0.34878132707319964,0.37041529388448513,0.029604675623463375,0.028553035624261983,0.09313593893521455,0,1000
1.2876841479249523,0.3813274911237209,0.476760197982281,0.02808701689695338,0.029232525681832173,0.08296964624569521,0,1000
1.3519641297375566,0.3767515477922698,0.47171133246517294,0.029379674638052383,0.02826936953644319,0.07046062940303105,0,1000
1.3550107733206085,0.3637804342839332,0.4374354217319644,0.02958417639249076,0.029735849226378654,0.09784042487921597,0,1000
1.335947786733409,0.4105305536572555,0.5559625346044323,0.029275391778260062,0.030384270494589943,0.07653905715652937,0,1000
1.3362416972427342,0.3950701404977479,0.45910424260912003,0.029107512793676387,0.028276857727593155,0.07545854091001522,0,1000
1.3340681480146361,0.34408603133790344,0.4076579533622359,0.02885610573548914,0.02779801884891499,0.07826383087602899,0,1000
1.3951786786852436,0.3591701261207827,0.4105559551305964,0.03029902248251421,0.028317333395334963,0.08389646913697481,0,1000
1.3443647133634544,0.37058714310871704,0.4495054875295454,0.029214483830060842,0.02836658097610563,0.07580980938653635,0,1000
1.3275810939372057,0.3904158100038245,0.41402346053623507,0.02884405335316643,0.027361368521702043,0.07450570813494664,0,1000
1.310315596712289,0.3871559787627435,0.5771024540656732,0.02865097971195821,0.03144630792949643,0.07631107445232528,0,1000
1.378794174211989,0.3678920250667783,0.42350594784779777,0.030013357878124817,0.028770720345379964,0.08731282666814068,0,1000
1.3241770106311772,0.38426198891233354,0.3958993511546596,0.028762471513686317,0.027548500125472494,0.07845908931085409,0,1000
1.3871814006910277,0.3766900999785907,0.4897315133348323,0.030231755644644566,0.029017104652258242,0.07830222978985092,0,1000
1.3708306344756327,0.3595366735885753,0.5061222388109764,0.029993566085491655,0.031125913051773476,0.0975233271648446,0,1000
1.2746547002210815,0.3737197916424732,0.4685002785698764,0.027750714772815297,0.028981562837582343,0.07904460507062312,0,1000
1.3515952742323418,0.38500813262881395,0.38683981783480925,0.02937036036975416,0.027920382571860785,0.08143272526038718,0,1000
1.3368385920871244,0.3805829077892769,0.5791038993338279,0.029265573021682777,0.031854464090117274,0.08316645503625165,0,1000
1.330391811349433,0.37548482474620626,0.5050773985555475,0.029042026723375466,0.029877997704254564,0.0825275985464394,0,1000
1.3574084952622896,0.36301810261192036,0.3883580703229921,0.029462836090816163,0.02811313243078641,0.0843884241662466,0,1000
1.397361579718304,0.3511161821052365,0.488109876716545,0.03051362792262421,0.03071341609778217,0.09760987281521319,0,1000
1.3841875086525475,0.3934540490785859,0.4642298750120446,0.03015332173172986,0.028380395703381755,0.07533183860131823,0,1000
1.3077428861890976,0.4074210171124849,0.46417787159917806,0.028511200164234245,0.028061226020427738,0.07326481242659494,0,1000
1.370945131826434,0.40123606905467746,0.5769410791694581,0.030021574230198616,0.03146361370651279,0.07695504928844864,0,1000
1.3018454503949728,0.4009018218473875,0.3979807931875672,0.028268157672010002,0.026936691090191613,0.070949339250197,0,1000
1.399781999063338,0.42394023463532776,0.524421860030396,0.030614034227827016,0.029103227900665104,0.07216991867479239,0,1000
1.3306570787142866,0.38100368931024003,0.4309763246302638,0.028906171767337452,0.02796265316604134,0.07479581992425446,0,1000
1.2827985953714034,0.35685249117312035,0.5210126287845278,0.027952153503683637,0.02974896369536681,0.07687875004655247,0,1000
1.348399512104531,0.38163098158168446,0.5910430772419278,0.02949165376468918,0.03225831515408602,0.07807192973789054,0,1000
1.2934925912031803,0.39683259211384486,0.42517471262526096,0.028132871880931186,0.027665680603164124,0.07483094457024969,0,1000
1.3521377041484532,0.4040639450292315,0.46482101960025757,0.02946311954376612,0.028127920549559957,0.07194918101164792,0,1000
1.3233131499769968,0.4178941581765762,0.4375673932868715,0.028845924883738355,0.027450507550606636,0.07396310998025318,0,1000
1.296139753073587,0.3557719428269249,0.4057187873219775,0.028193836413667496,0.028838866062066135,0.09224843843207077,0,1000
1.3614831265923442,0.31574563478745044,0.5102702573413234,0.02972969611416811,0.03205318318599757,0.10731704599955498,0,1000
1.3036175673059365,0.3285541552530676,0.43825913967095165,0.02838008308880456,0.03004803670557247,0.1019261367267608,0,1000
1.333497675886114,0.38367590355054415,0.4611182669366809,0.02901372012075918,0.028119058201076477,0.07329268257813792,0,1000
1.3686139158987563,0.390981499513127,0.4460114324233729,0.029793061476528673,0.028059433470778463,0.07639566440821362,0,1000
1.3521295885190034,0.40638089694226875,0.4927431585784011,0.02952138563128774,0.028674850314421314,0.07468801989129664,0,1000
1.3007596134719583,0.36365503976340685,0.4698845153620682,0.028405873629832327,0.0299672853222793,0.09357417426217664,0,1000
1.3679579536862818,0.3405019815655179,0.36590812654250066,0.02959138389003194,0.027972634593737937,0.08557486806358865,0,1000
1.3232982930193666,0.4170358626937957,0.42589191603850024,0.028813364581356016,0.027279908192117487,0.07299676048955275,0,1000
1.331937217695405,0.4136350238314835,0.6042624412759471,0.029176209640273645,0.03221753411308734,0.07217749412645044,0,1000
1.377406258916851,0.33594338102330235,0.3845271404272087,0.02978856308220414,0.028125509998188608,0.08287806164666212,0,1000
1.407722130401263,0.3669465736368877,0.28207748321023535,0.0303791977929613,0.027120736718620853,0.08212241984378062,0,1000
1.3380869207471968,0.38055475703829383,0.34767833337905946,0.02892852078114564,0.026768122488185966,0.07211947218284027,0,1000
1.3395881427051974,0.35005805664075773,0.2905216167924832,0.02915205175904028,0.02908962578958466,0.10877649550521235,0,1000
1.2881909377142597,0.3733055140259732,0.3530482129603522,0.027886463819034694,0.027265012714597896,0.07803279366223889,0,1000
1.3515518429297722,0.3620232809000671,0.3887303512576805,0.02925113954733471,0.0275018013211347,0.07520457667470841,0,1000
1.4042772556564003,0.41359564748940975,0.40431954690505884,0.030559696525862722,0.027123685017986444,0.07389673047797692,0,1000
1.399073042535521,0.3115673064895402,0.36299411056068953,0.03024456243579187,0.028990864483366845,0.0969708018893673,0,1000
1.3665919286322394,0.3807452161560398,0.4688086990943324,0.029766550451165837,0.028797237758169194,0.07875512642080955,0,1000
1.3599208576080917,0.4058111497437405,0.4528777788319167,0.02956261987488364,0.02725420378616557,0.06505620470415852,0,1000
1.3499002222771985,0.32051260380615204,0.49424089130401666,0.029337342832357304,0.0302510630295099,0.08859121366595926,0,1000
1.3163002494388027,0.37963608156910705,0.34486771842687935,0.028539515749996712,0.027319313441302517,0.08226452789235013,0,1000
1.3252046164056126,0.3656149124772884,0.38941035703577925,0.02875390430655702,0.0281774260007758,0.08328926269234854,0,1000
1.312761773196985,0.3524672302993499,0.4075538923453938,0.02858872320279368,0.029298296560173853,0.09720940327207962,0,1000
1.429236676975107,0.38204716663634836,0.43345549834895086,0.031070392243669254,0.02810112330616166,0.07685128995448029,0,1000
1.324217031852667,0.396786706988554,0.4965380252158432,0.028890071384122775,0.02876042725685459,0.07223124251083606,0,1000
1.383352355461259,0.3709265263878104,0.35828610650058274,0.02991138883170649,0.027121004392298993,0.07395946167012589,0,1000
1.35541577907654,0.3766724197996817,0.40524253549025524,0.029405896153287547,0.02762976522178618,0.07519886274098102,0,1000
1.2798324642000076,0.36373888844943963,0.4963855588149546,0.027919938273772035,0.029995983511118627,0.0860203109499284,0,1000
1.3002971054043042,0.3990861148521518,0.41569483413402675,0.028242358673157705,0.027182360024420177,0.07003290381733183,0,1000
1.3734821361474492,0.39657316286527017,0.5248713786091285,0.03003068323133425,0.029803334059640287,0.07937432436632265,0,1000
1.3771785623670127,0.403650698128269,0.4300980475059569,0.02998947316452148,0.027564899455660218,0.0747763717355491,0,1000
1.3438340248892982,0.34887577900159683,0.3783331166411426,0.02915473363622384,0.028623662594314526,0.08957717246003882,0,1000
1.3439702114492957,0.4047588400044632,0.574742493345623,0.029434589558839878,0.031204194867523277,0.07736005247013476,0,1000
1.3430841477226825,0.40731636251052994,0.5802782431696321,0.029455805617845398,0.0322494715935476,0.0821508455571158,0,1000
1.3325952169315158,0.3516792568209858,0.4445802357634191,0.028988232368972345,0.029230549061983552,0.08796932103429847,0,1000
1.3203821792815404,0.3919996328633477,0.43332740169006045,0.028775187717594203,0.028125661626305226,0.0811625753284927,0,1000
1.3484356536045825,0.3747256111554842,0.4403161101558491,0.02931716212516573,0.028435507609716765,0.07829980070454153,0,1000
1.3211911319894771,0.3529095575694544,0.5349923288392597,0.028876267258686764,0.03131320093110095,0.0908725447841701,0,1000
1.3540162118920982,0.4543392556092987,0.5037398143431797,0.02959379480093309,0.027449330304886794,0.06421773585123831,0,1000
1.313033479774375,0.33973209408123595,0.5001172868308063,0.028626659994592064,0.03043895927722862,0.09145043190444757,0,1000
1.310512677711526,0.38940504591055763,0.39656062292954675,0.028390835860047328,0.027105701212935877,0.06653244587269971,0,1000
1.2706596841279107,0.40654386851013313,0.47974716899700615,0.027730938996448882,0.028435868252508625,0.07587618214614279,0,1000
1.2971235219082493,0.39084026915051356,0.39444585423220563,0.028332016700215946,0.02858627758769471,0.09340500314350834,0,1000
1.3143197718228863,0.3920774134540999,0.4641819880628103,0.02865334504197653,0.028599852598604078,0.07861894171322527,0,1000
1.359381517585051,0.352469838163857,0.24330171407858867,0.02941538287009802,0.028028270028694832,0.09786781235833125,0,1000
1.3316229992708968,0.3857210924534674,0.4813186649876399,0.029080494638809972,0.029612204737151062,0.08448156478680385,0,1000
1.293156143720292,0.39242538503050634,0.46283617912900904,0.028157648868385867,0.02824917940726478,0.07461328893859859,0,1000
1.3550985359803396,0.40958596116993756,0.5109692881146561,0.029559763012169525,0.028360953422247308,0.06709103785026176,0,1000
1.3602979948338743,0.3949429765612314,0.44610175323026985,0.02965294304455554,0.028396210305975493,0.08006201185282097,0,1000
1.3560565158155258,0.37118748429420984,0.4547727801965139,0.029466878153244946,0.028453489313395638,0.07735979126334064,0,1000
1.3842104500877601,0.41990395644444606,0.5854302883464734,0.030441704325374002,0.033824033336588066,0.09062565852142361,0,1000
1.3343664530007973,0.3604462223195166,0.4167429479366593,0.029121849665376155,0.029539778744914993,0.09926443170329909,0,1000
1.2719021506980641,0.3209743993354739,0.37491269661087817,0.027654789172796262,0.02984458477137572,0.10994518716917104,0,1000
1.3268594220590078,0.4068948093567014,0.6173759007551886,0.029091714656884444,0.033895158004858324,0.07823038156165218,0,1000
1.3649722762725476,0.39810633011302143,0.4988459040107902,0.029777503064116057,0.02877846065230973,0.0733608082098578,0,1000
1.4160357995245203,0.3640728365494493,0.4532483341101473,0.031021147772254235,0.03042748425248176,0.10611719153545676,0,1000
1.3181944918089215,0.3588264923352835,0.5146815369975881,0.02871342546983057,0.02993175298145879,0.07893575906589408,0,1000
1.3113871254310807,0.37003248161772073,0.3187451282921498,0.028332241710661298,0.027020039158941248,0.07820817433504994,0,1000
1.3756360094023794,0.3796966461382621,0.5647520050630519,0.030005090934820917,0.03025238276609064,0.06653703458302775,0,1000
1.376759195676307,0.38528267093026386,0.4833577112602636,0.03016457427689778,0.030344370076415078,0.09631397775488003,0,1000
1.3442368967277307,0.37503581227555177,0.48887113691769807,0.029369432687528597,0.02998388660616671,0.08882441840905472,0,1000
1.3382168783524748,0.3923779703639973,0.4302311838883362,0.02908209920855271,0.02741705389967656,0.07019734961823541,0,1000
1.321500043857317,0.36150714065970335,0.3729046343266874,0.028696203816592214,0.0281029063303956,0.08744064818392241,0,1000
1.389924195021839,0.4248092098417335,0.5365703390582427,0.030442884195788816,0.029560229937234537,0.07522420743471929,0,1000
1.315443505134796,0.3825517453934352,0.5823005773940654,0.028751012250726852,0.031936197896040366,0.07766410722334062,0,1000
1.403479693370046,0.36166485666100556,0.4295777493638502,0.03046169241079979,0.028234475055385483,0.07860641773088488,0,1000
1.3494350321380935,0.39430342814450076,0.42491394687822887,0.02930945785205817,0.027563979236075283,0.06942047517109844,0,1000
1.3268111207212923,0.4139897815419917,0.5397114877403695,0.029066518080347728,0.030194383960777192,0.08058228442466218,0,1000
1.3117208689443058,0.36718055496681695,0.488374961743367,0.02857372932379794,0.029342953878674617,0.07992065561761169,0,1000
1.3537932585294088,0.3856558503227679,0.48171601642309875,0.029444237565741674,0.028136428020720323,0.06831531365813345,0,1000
1.3231235364115848,0.38527553066422116,0.6791414165596606,0.029079992543490904,0.04292749120426054,0.09457847103425508,0,1000
1.3405246231897052,0.39907110577779525,0.3962833268103252,0.029185435581988533,0.027529128641705574,0.08041074428913815,0,1000
1.369445140212773,0.410629428286837,0.32753418979706755,0.029748124280790576,0.026516423041822976,0.07915775268322539,0,1000
1.3560839996906757,0.3257271040864127,0.4775877123270389,0.0295403665804214,0.03043533050435716,0.09768103012480127,0,1000
1.2745936320556817,0.3803858340452417,0.39857571236204536,0.02763329276793548,0.027338312226206366,0.07220954383539623,0,1000
1.314972114144943,0.3743959255164445,0.4366908987864479,0.028641882220922264,0.028441233786285162,0.08488847703972201,0,1000
1.2911663991223146,0.41638108805916607,0.46982019834537014,0.02818405919243516,0.02810942815995119,0.07404002353155616,0,1000
1.3568287084575286,0.35933983218361376,0.38485635886332187,0.02935672537593906,0.027589876494693785,0.0763790473342733,0,1000
1.3134238571637329,0.38974091472974026,0.47314236486149297,0.028551790684217843,0.027901615943670063,0.06684379979645116,0,1000
1.4149334253008823,0.3747919260848325,0.42306824526745496,0.030692483399319483,0.02768959670547419,0.07265745759605,0,1000
1.3371582943722522,0.38148541602058855,0.4769839862658264,0.029123509954456044,0.028684563057855408,0.07592196638181171,0,1000
1.3793907169811113,0.35270002769709324,0.44669928329519165,0.030016605205178733,0.029364473094014836,0.08832012796145154,0,1000
1.3302747960032275,0.390891442058082,0.5450459559157914,0.02912737200592448,0.031031840993369104,0.08480692034280327,0,1000
1.3226337189312727,0.38742968011623796,0.48180986141367155,0.028837513582079054,0.028840195138231273,0.07845971947800552,0,1000
1.3247454746539309,0.3504320021449925,0.48709038785354597,0.028868357855656137,0.030052226733209526,0.08833608090099807,0,1000
1.335800606128802,0.38259246147557335,0.49135047070013255,0.02909028353346734,0.028680316819827238,0.07302564934737789,0,1000
1.374135331242373,0.3761329907743821,0.494758462383276,0.029962939964242295,0.029279163151414555,0.07904784611810885,0,1000
1.2770069777437425,0.3876174761271295,0.38971633246204007,0.027755271963401773,0.02774742176932817,0.08073866141841239,0,1000
1.2761114613984699,0.3655951629868679,0.330318336578758,0.02759706652569865,0.027247548806403364,0.08087444814840929,0,1000
1.3277168284373617,0.3753915641346871,0.42669874481228703,0.028875407579290607,0.028230243942044996,0.08133995852350692,0,1000
1.3814824533420735,0.390333732289835,0.3818558319207894,0.03000953582023492,0.0274219582646369,0.07930005188099505,0,1000
1.2798672981434793,0.34924720498562345,0.32001663570890737,0.027604888345066227,0.027290133344688217,0.08067559595992052,0,1000
1.3697703994024248,0.3925701263284957,0.5190791454942045,0.02993882818400456,0.029772302372375135,0.08038092622098823,0,1000
1.3749392514513323,0.37690304034118693,0.43243137359247513,0.02995104324514933,0.028464249993630533,0.08580082785382077,0,1000
1.37317987163715,0.35770804323851185,0.3158756544955253,0.029641133667711216,0.027420088231017478,0.08019003536665222,0,1000
1.3578944589219077,0.3644172579588554,0.3177159078987941,0.029389833275174214,0.027582020346473324,0.08641818421044657,0,1000
1.2964741917600497,0.3917547445738324,0.5193804891052833,0.02831408938390506,0.029365440379697835,0.07623887980571696,0,1000
1.3354876007823857,0.35853325628457816,0.5115576974842835,0.029132886136931394,0.030356937345378733,0.0854464355103693,0,1000
1.3340032280532317,0.3776093931025789,0.38885093321207664,0.028983513907307315,0.027856995266825797,0.08299437752385998,0,1000
1.309342868265893,0.4086304830270907,0.4767825421959626,0.028669193031291455,0.028995627243089375,0.08547027541201177,0,1000
1.2909590730409048,0.3660798898816858,0.43621093412136647,0.028095992988579722,0.02878187722949354,0.08617077457268082,0,1000
1.2641374425258614,0.35603007641599266,0.4691415630077035,0.027660350979916787,0.030734699937698295,0.1036312843804963,0,1000
1.280558385860998,0.3698648950168091,0.345459356416622,0.027718535730362683,0.02727211932224596,0.08005096014764572,0,1000
1.3573227496150684,0.3436483438642776,0.3935533620353652,0.02941712459599708,0.028494254135198457,0.08572143424603978,0,1000
1.4070897836671505,0.4078132856941489,0.5222999979485162,0.030749279190559517,0.02948915915641042,0.07493734251722269,0,1000
1.2913597703449105,0.3987506279958502,0.41042409222034615,0.02810769473578296,0.027822727730337685,0.07975839994770414,0,1000
1.3381575896183506,0.37754666783015967,0.5523964920762638,0.029206850107432143,0.030451262338022606,0.07527675085238505,0,1000
1.3824882815265656,0.34412734909094794,0.36488874925696274,0.029860495877076166,0.02758919241939944,0.07847072547088058,0,1000
1.3392928627223433,0.39706799674961274,0.4072071238367819,0.029100988267220268,0.02720445338913616,0.07335927547394903,0,1000
1.405288738068472,0.3998798898825532,0.4821326960082553,0.030625755587871874,0.02817460230063357,0.07026449483828162,0,1000
1.3315041723747199,0.32942256123012237,0.5727242020061204,0.029069307200376107,0.03248267204591146,0.08999375409875482,0,1000
1.347307403032387,0.33609724786380263,0.3483946624824215,0.02986282226087975,0.03336594380342291,0.15193268586527375,0,1000
1.3693993807900608,0.4284288764172412,0.4184103693661419,0.029804008973688904,0.026614277952322865,0.06874097046097553,0,1000
1.335829349671209,0.41539817365998266,0.5365355992512824,0.029206923142823225,0.029576340005181417,0.07207721095435694,0,1000
1.3717237033929475,0.3727174002670342,0.4280495715496478,0.02984634233738426,0.028739160423446822,0.08390611828233586,0,1000
1.3522003577596562,0.38677318165667707,0.3975883723994346,0.029361029286761136,0.027510292670530852,0.07687917110041385,0,1000
1.284029541432969,0.3851191395691061,0.2936229387398895,0.027793364079713136,0.026792991166889494,0.08040455688665392,0,1000
1.3187843697116148,0.32888536151246806,0.454638296102334,0.028638523004577053,0.029596717030558665,0.08842341022260335,0,1000
1.358649571990168,0.40136446199668696,0.37841003343121166,0.029546689879325835,0.02730207720655684,0.07929566468396486,0,1000
1.3719202076437855,0.42040605947365306,0.46439590372299067,0.029922034271937476,0.027759427395544923,0.07188085249459715,0,1000
1.2811848017079728,0.3371911670586799,0.41568533606430097,0.027872048907761536,0.02944089997209442,0.09863415598473833,0,1000
1.4466635603497577,0.3959934007460647,0.5077386505207865,0.03156300391999457,0.02882125017854288,0.07199979839893621,0,1000
1.3547904234638024,0.4091573305154251,0.4540679956374218,0.029522573581837918,0.02779849272910308,0.07197404191634194,0,1000
1.4155591607688436,0.38792567827024144,0.5060379598061181,0.030889124341656454,0.02956208279405173,0.07744034461760793,0,1000
1.3296988888623122,0.38869735028135893,0.3485261451786906,0.02909372373682096,0.029133453043212996,0.1033138411912059,0,1000
1.3369303009684679,0.3325674249496163,0.23689820249166912,0.02885111243436431,0.02791361861604626,0.10047768523624209,0,1000
1.3493955953872605,0.38730949792668257,0.559626900790472,0.02956138987864098,0.03186770766124237,0.08629440558003541,0,1000
1.3490912989735886,0.3743364383143096,0.45918932586001665,0.029386134461437025,0.02892885635977884,0.08252815693668086,0,1000
1.2782725956468268,0.4299939826606098,0.44223294053260165,0.02779680596159863,0.0262943648216673,0.05845408424708351,0,1000
1.2741434320467677,0.4098898169152931,0.627344495342803,0.028010218256018796,0.03640543684562476,0.08792120971244648,0,1000
1.309514208678138,0.3572374315321655,0.36088007781679254,0.028340212102514688,0.027882813485124742,0.0816492139895801,0,1000
1.2878208693145652,0.38990225128903483,0.3584472349372418,0.02790432129495521,0.026770479101814904,0.07391867180870906,0,1000
1.3138003827027533,0.4307184858803268,0.4021164768117831,0.02865001146699771,0.026920902093705172,0.07545685139974179,0,1000
1.3155995647985643,0.40075514615486196,0.3637678542473687,0.028565734834221035,0.02687080651831676,0.07669775777596888,0,1000
1.3344176908888807,0.36935549042942395,0.5137952765198743,0.029095450928037222,0.029734203844978865,0.07743248030253995,0,1000
1.3011174935127587,0.3780436179530992,0.3859876288226893,0.02827231880898699,0.027968289027745227,0.08348283176833599,0,1000
1.3162730907875784,0.36375633293379595,0.3175322769831904,0.028640846200887134,0.028608467723657965,0.10094778344236689,0,1000
1.3609339766839608,0.36878671767100224,0.3256140345899016,0.029482775850230677,0.027481643052732808,0.08643212652015585,0,1000
1.2882431058111148,0.3950946244668773,0.4643327452117461,0.028085360023855557,0.02845766543858921,0.07694426635040898,0,1000
1.345142313275854,0.3737700921406811,0.49264531203950157,0.029360666336431026,0.029902450142133195,0.08496713103287386,0,1000
1.291034217607313,0.41615515673651543,0.3931571226916989,0.028099844651414973,0.02709119164885404,0.07574812669341485,0,1000
1.2584461821611135,0.4053459190063368,0.35084202352940214,0.027265546836005197,0.02628048265709714,0.06948268569417383,0,1000
1.3700043592638462,0.3844768398358545,0.5629042560992964,0.03005825211502225,0.03263998742902534,0.0936973098847856,0,1000
1.40461350159865,0.3467260590136296,0.4974614105375607,0.03060373617580532,0.030117306703998592,0.0868006073051371,0,1000
1.288674146552474,0.41542893951562926,0.35857819013308456,0.027936810883830227,0.026168789653149574,0.06823594424508975,0,1000
1.347980853840811,0.36574971117600913,0.46603237193243385,0.029360258909071197,0.029257558519956674,0.0826592466041941,0,1000
1.3859321595931664,0.3708401874284204,0.416087246153207,0.030156958529847653,0.02878862759165441,0.08753587320622722,0,1000
1.3705776282608335,0.4201941258845562,0.5681843253721771,0.03001500505012273,0.030795952310464694,0.07480176980318495,0,1000
1.2355796638250602,0.38002326842365935,0.5003554908473753,0.026950558745586058,0.029724944012427177,0.08037091367021369,0,1000
1.3694642445202485,0.3443866739976418,0.3740483922538969,0.02988513294805549,0.029800627033005494,0.11050490360859686,0,1000
1.3616171367248022,0.36615582679317354,0.4672214158637931,0.029662527224065746,0.0292605907040661,0.08480930803838303,0,1000
1.3235943845590594,0.3529152676197276,0.21077496142208,0.028439138156014534,0.026552498876414834,0.0828276924070183,0,1000
1.3062104099572318,0.40690732517691425,0.5422213684653506,0.02859623446239714,0.030432236935123973,0.07948103577010378,0,1000
1.2422358374409816,0.3496077689270683,0.30779739973487996,0.026805042230200905,0.02740241259240874,0.0842671246111031,0,1000
1.413431922023547,0.3760029975654796,0.4121218862647435,0.030733238846139373,0.028098718887350306,0.08292309027537025,0,1000
1.3835354453947706,0.3714503110143215,0.4389097388768354,0.030095002691042816,0.02848688332864862,0.08171420490093657,0,1000
1.3421398777210758,0.33061398587698976,0.3175471999749412,0.02903808189249499,0.028452623068249163,0.09828177803110011,0,1000
1.402763682225714,0.3733330057777497,0.530448599656831,0.03066515184684315,0.030591250528869726,0.08506985339179073,0,1000
1.3643197256301252,0.37020569030102424,0.4213872902241476,0.029651792166077804,0.028213011444395877,0.08237198653372989,0,1000
1.2880973667437008,0.3740803099281494,0.32982607216254795,0.027866905393281134,0.027323066335240637,0.079698859567608707,0,1000
1.3135555920048019,0.41578381525654096,0.5680852092183281,0.028778840075860436,0.03106946961772426,0.07841697940195619,0,1000
1.3212094376812702,0.3977311128883285,0.4904516374844458,0.02888013420596764,0.02953473664603634,0.08342369183318844,0,1000
1.3869533135702898,0.3609010691974044,0.42157222202937156,0.03017081889468249,0.028749586413346996,0.08804646348724773,0,1000
1.3234850271677283,0.3921809823163104,0.45547883287294716,0.028912942383228377,0.028834481092917242,0.0871490732046696,0,1000
1.3410826155495497,0.37866851133533924,0.4603317668999137,0.029280470320576263,0.02914038070632394,0.0873851183382551,0,1000
1.3333444043675438,0.39869461419426794,0.449978736239539,0.0290017700902264,0.027751394090506056,0.06674531932185225,0,1000
1.314522681624257,0.38363196788721965,0.510645731574633,0.028694928974315994,0.0297341754028721,0.07879906538738782,0,1000
1.3271824088209572,0.32567982964280634,0.43102356255934804,0.0288295621037732,0.02963085486242218,0.09476780756308939,0,1000
1.3202884683147642,0.384009839837432,0.4179743590175581,0.028734911305559566,0.0282474236473497,0.08270675182344009,0,1000
1.3506253689607197,0.3760738946601092,0.5426792561624322,0.029547697917616318,0.031148395607303286,0.08505639193320876,0,1000
1.3723183803159518,0.416356484321375,0.3701413712069216,0.02981966301571268,0.026630309761799965,0.07241302947191129,0,1000
1.3194247806078534,0.3624725415637177,0.5410926958577453,0.029090849434563356,0.03432147927964582,0.12056382638401836,0,1000
1.3854264503142102,0.36070481398888893,0.4184748152392334,0.030055034334513443,0.028173310756112742,0.07904604039665117,0,1000
1.3308856294470568,0.3652661886913622,0.31818625740870665,0.02886278193849979,0.028191711317402064,0.09133873050986717,0,1000
1.2725279226458488,0.429890476281439,0.3975345195372064,0.027735567920657258,0.02692069919351695,0.0742437515470004,0,1000
1.38799481563823,0.39268480135054895,0.4439185203116668,0.03022859527668143,0.028057456859724102,0.077838839727381,0,1000
1.3043220510894813,0.39814548604260075,0.3792943894938882,0.028352318131957068,0.027297415834101637,0.07904820838616383,0,1000
1.36766248035672,0.36265088682289515,0.3983859170461801,0.029606770353655647,0.027665366156307512,0.07507140326970452,0,1000
1.332893096878222,0.4069446171441009,0.5852311595587781,0.02925253429175611,0.03245076342695126,0.0827549485270034,0,1000
1.3406159380807805,0.3654883750916,0.40466170836643434,0.02912321931608696,0.028427954087589788,0.08518857711696123,0,1000
1.3556444434496593,0.36555439500184994,0.4083946831465787,0.029404982342077175,0.027954171353011942,0.07932057868765141,0,1000
1.3272388051029766,0.4052533719425122,0.48510354200632744,0.02902706556320339,0.029332510208217373,0.08447530869847188,0,1000
1.2375440729831626,0.3948786769350997,0.5824109002486022,0.027319269320278484,0.03550711301024734,0.10994095021684984,0,1000
1.3549280794426424,0.3611736956947241,0.5237119484884375,0.02956843129859707,0.030449813410961583,0.08390034609879057,0,1000
1.3440606935722546,0.36583432428641877,0.41321654050801887,0.029291771512769006,0.029143348031219464,0.09371053286806989,0,1000
1.3980099808190332,0.34710525522621394,0.4106403610122509,0.030296871556875868,0.028465487699327052,0.0833507849974522,0,1000
1.2561460153757507,0.35578028509741816,0.38085789865420483,0.027206165269961287,0.02787372581937436,0.08166696748456322,0,1000
1.390658221454595,0.3575499712607925,0.5586750707099515,0.030523624752779987,0.033285386696168845,0.104497239339015,0,1000
1.32396535374669,0.3482196277693694,0.4696349858536893,0.02880287725835266,0.029453078353856167,0.0857674393922224,0,1000
1.3390947251636995,0.3546283237503515,0.39080670203769724,0.029032510459917327,0.028194509800925676,0.08362038185464968,0,1000
1.352490164116515,0.35701315597615474,0.5502302222134141,0.0295471333958583,0.03160269770130629,0.0870139383858427,0,1000
1.3501511354823317,0.343413837283895,0.5023935542206717,0.029580747533397674,0.03159548330669244,0.10700792075227862,0,1000
1.3798348536437193,0.36226229144879707,0.5165422769457474,0.03019591367957945,0.031121364879408468,0.09461067219648198,0,1000
1.3306802327479308,0.329173762089427,0.2692644432775628,0.028740932127394606,0.02841654663988263,0.10073845916040454,0,1000
1.3521532446200595,0.39947799391531863,0.461476736211598,0.029513620214558115,0.028684420915901364,0.08167785104874403,0,1000
1.359467344013775,0.3683201740858689,0.3754637452693949,0.029467520761987557,0.027723939567478827,0.0806399376575869,0,1000
1.3322776158131244,0.4093897992150638,0.34650809288651846,0.02891455360895378,0.026535891098218762,0.07451459517635554,0,1000
1.3431105449440548,0.37974836894376346,0.4973054415858094,0.02927755186474226,0.029227444998524622,0.07708324871610377,0,1000
1.3808990596469182,0.36813001545640517,0.5949949635206487,0.030254737238298565,0.033913869372877846,0.08980317957250808,0,1000
1.3258588353750649,0.3703632535352704,0.4565455496224571,0.02880744456449446,0.0282777635286545,0.07222538672570941,0,1000
1.292953855043624,0.3970708142881214,0.4532779928729832,0.028152607102498704,0.02795707361964509,0.07333204938254048,0,1000
1.3360632905988414,0.3979488713471281,0.5873324805386035,0.029223835864646507,0.03143527853557723,0.07277365739326169,0,1000
1.355983137451197,0.405270226770212,0.44429844748720426,0.029482708539956014,0.027130453943093685,0.06662349298394078,0,1000
1.3251023690307484,0.4260532824244349,0.4812959066443174,0.028962910866346718,0.028187699041690772,0.07393810954256945,0,1000
1.3930378550241076,0.35913408902667066,0.36866824981511814,0.030437775776720334,0.029705262639652206,0.10851620301293458,0,1000
1.3082516182414945,0.3552863428717985,0.2975916033068988,0.028377660140155744,0.028605343214922235,0.0990665842711937,0,1000
1.3765038245912942,0.36203650539142995,0.34630063774150033,0.02988114276440579,0.02828297802940557,0.09138303791562022,0,1000
1.3655918412725485,0.3428376769234411,0.42065573245760773,0.029605025633241605,0.028594822971499297,0.08187336561352603,0,1000
1.3436830805735946,0.3881083295001435,0.4552098310942021,0.029230822595441103,0.02809385681764047,0.07371028972033637,0,1000
1.3819064042347249,0.3817667036379588,0.5412208374214065,0.030163915246509007,0.02982409533058008,0.0736140647242411,0,1000
1.3070257915157948,0.38696017589811493,0.4532497973091157,0.02843017302003328,0.02811526370351994,0.0724072954309936,0,1000
1.293856186495011,0.3750321061066658,0.3440702289520044,0.02800263740534015,0.027092136755821204,0.07853760566442254,0,1000
1.308751434275183,0.37570079170196186,0.5176751269405775,0.028641548384884925,0.030809633813632737,0.09063503988345076,0,1000
1.2992276748529523,0.3817953748118555,0.35858238350536026,0.02815353987758241,0.02693653254613321,0.07552159011424682,0,1000
1.261686651767231,0.3709847654904908,0.31583874703706416,0.027266911596319762,0.026788533208644414,0.07913989461316291,0,1000
1.2838548012652546,0.37042057434928766,0.3310532832557723,0.027771706284846598,0.02726942753730534,0.07971453793080784,0,1000
1.334780207778232,0.3336804731059254,0.2956703936507202,0.02877589064482743,0.027675952302424367,0.09028638061607962,0,1000
1.3086083559061996,0.35547717153335373,0.5341207442408942,0.02855003796459054,0.030614779103008017,0.08187995200616972,0,1000
1.2992030997791535,0.34858016574199346,0.423749302801066,0.028197502514046145,0.02872016670313595,0.08346280451307946,0,1000
1.3100184347549797,0.3865295413699353,0.25929012682592995,0.028203363637776944,0.025684399838937663,0.07032086174378994,0,1000
1.3131312465505878,0.3713365070429572,0.3198102659145598,0.028384934467558146,0.027105692815215004,0.07831459704086192,0,1000
1.324921967038795,0.39105135626613585,0.3747913524247477,0.02870363972812033,0.026746655967356498,0.07065569200624898,0,1000
1.3233470637532587,0.4052938918156391,0.5212641918200779,0.028891033609725374,0.02919525587872031,0.0727088695115141,0,1000
1.3726050284665932,0.3742829068019022,0.3788178864376275,0.029762168849938757,0.02761451377860439,0.07922059268281019,0,1000
1.3570709614716328,0.3793082710551933,0.5325711305694616,0.029650251838025193,0.030296849702946486,0.08178312949360327,0,1000
1.3459456904827618,0.4141644240753187,0.49833382277295196,0.02945496094066769,0.029227437147691274,0.08144270429091527,0,1000
1.3969425974686507,0.4010240625437298,0.5589298191128971,0.03056039424806822,0.03040232337076908,0.07462080590811024,0,1000
1.301152459136912,0.3775897530526462,0.406393970341727,0.028286879799861588,0.028159552253711032,0.08146754849873343,0,1000
1.28808877638358,0.37076164308315956,0.44577634883446887,0.02803516956780346,0.028583797154868217,0.08184423509158581,0,1000
1.2782034329547278,0.3783102714601965,0.3823695767174359,0.02768877123867143,0.027086590855707585,0.07350065330526324,0,1000
1.3600701687232075,0.37540721263273946,0.46428288797456163,0.02967712775836888,0.029422419498671578,0.08793844807410471,0,1000
1.3652221234379829,0.36771299663833806,0.3780646886561376,0.029597576399118912,0.027765364347604033,0.08123282368129865,0,1000
1.388367865586575,0.3454838247993581,0.42943301198433326,0.0302659820229619,0.029796731739877496,0.0999304301700834,0,1000
1.28642657948882,0.35853897801567713,0.37388631802845446,0.027842643047610353,0.027933111249481692,0.08071774600559331,0,1000
1.357388185737919,0.414342770841012,0.4313902485304303,0.029575100985413286,0.027402112502730076,0.07386347676874253,0,1000
1.302327429692086,0.4255816062584226,0.5839581283918529,0.02858135130655101,0.031831821266598524,0.0785727618975194,0,1000
1.2913562890048087,0.3819413576057069,0.44103455733250096,0.028091070355204018,0.028086531656552633,0.07759338258287371,0,1000
1.2856382112764362,0.41101682636883236,0.46237560427761404,0.02804363178774852,0.027869863730872045,0.07446915477728645,0,1000
1.3392262740896828,0.3508079830770156,0.4909841220805308,0.02919255385818633,0.03023391229597258,0.08833381151717454,0,1000
1.3418636029571032,0.4031046286649008,0.445574425631052,0.029329463628046153,0.02862433242983715,0.0865020070107086,0,1000
1.3588660453733072,0.3217281541069205,0.31628047095606965,0.029390269878058088,0.028723031198050076,0.10136918684007883,0,1000
1.371679766174514,0.39205296428150616,0.5362561007076673,0.02994305506840693,0.029657570457707352,0.07116882441411568,0,1000
1.3197917935121704,0.36585500963346257,0.37041608176596713,0.02865033742407948,0.02829475294191686,0.08797844266408514,0,1000
1.3463632976245503,0.3788621097590005,0.5053363186587018,0.029319095450367,0.029066025663523117,0.07061817970973511,0,1000
1.3413969372120826,0.3634146204720594,0.43451527077412877,0.02913058472304756,0.028322323024320844,0.07914806547916822,0,1000
