tau,kappa,beta,psi,tau_se,kappa_se,beta_se,psi_se,convergence,length
1.0287744442678037,0.5379309978051227,0.019354749713819848,0.46438281899551576,0.18698120066079973,0.07287496239068822,0.10052222029399001,0.31710881633691074,0,250
1.3887004843150665,0.4234751540101731,0.07492290088786373,0.40393941694517066,0.23847598802721318,0.08992091268902787,0.16835626564056472,0.2527625972378922,0,250
0.8214053638809561,0.6680679467815946,0.3584251896962425,0.5505467681357653,0.22461883165225946,0.08605909966149052,0.09009706722159218,0.46131055212442196,0,250
0.7172971353523199,0.6714386497904372,0.1932300146132633,1.4370824783273055,0.17498806801960953,0.06732377745532384,0.08925694950833311,0.6931434985156212,0,250
0.9520848175497766,0.5960465411434213,0.22067529825196347,0.7939017888301745,0.21298899101845858,0.08258282555723381,0.1078464314719328,0.4402748643159035,0,250
1.0353019797769267,0.6076160198787108,0.20461940884905291,0.6710708727815629,0.21339102531509438,0.07337583542548051,0.07829344357261363,0.4084594508185839,0,250
1.186982457903077,0.503481025928478,0.09303807646263103,0.36737936929560777,0.20267127241859834,0.07505808351924355,0.09613132802695666,0.2797111073732405,0,250
0.8671366067419876,0.6665966415067763,0.2460869751554998,0.4664041552232617,0.21349707045141642,0.07627457461826735,0.08235548333570923,0.41893786161701363,0,250
1.0127764647573194,0.6017978968248355,0.07623497152241411,0.9662975778270441,0.20695544042659814,0.07064029208517816,0.09617620880093546,0.4641858574558828,0,250
0.9352867817425349,0.6895758429517186,0.3302248474745736,1.5674974122437912,0.2525572502749026,0.07745989535839476,0.09478279020022706,0.7506192585044454,0,250
0.9220796548294335,0.6204282848876301,0.27253804713837504,0.689956433716327,0.2084381878397614,0.08039065504738838,0.08518560588518383,0.4333149491845969,0,250
0.895821382313791,0.6417347681743657,0.19524712863162913,0.6625403830044346,0.19481317007858331,0.06998864188273751,0.07150575973051576,0.4393082264079679,0,250
1.4724959605809107,0.43877251776733794,0.044508915781963386,0.49086811122449575,0.225051923627373,0.0756828607877191,0.11657434129459436,0.26901631474898213,0,250
0.8418118931871282,0.6680541980363432,0.22809779597757682,0.8571579358595006,0.21320802304446435,0.07678658171341249,0.09685955436735336,0.5228784467064331,0,250
1.0797224408461346,0.5971829546597516,0.17550042533131624,0.5523653369776157,0.2223759486897916,0.07375360178207349,0.08902830299231629,0.37424568050074425,0,250
1.0164490002302076,0.5730690715600391,0.5309983499340585,0.5081368123104463,0.31874147704574013,0.12872106590372764,0.1303769126983626,0.3951706869663384,0,250
0.9775782921190022,0.6133275788954962,0.11684597715990866,0.5240843256502388,0.19933583001001154,0.06940183787339087,0.07522499655006307,0.3797298981529288,0,250
1.1204071910882172,0.5262894199378749,0.043883066559421896,0.42060876336220265,0.19383363316113986,0.07273698677206196,0.09798442129323681,0.296983488527692,0,250
1.4883860107045892,0.43814283285556904,0.20217047377854747,0.1685759001356278,0.26883339603506295,0.09363122234181977,0.13684801204114452,0.21753700140398774,0,250
1.5131854907146696,0.502438618067754,1.1026277724530072e-5,0.7790090107003528,0.20699253657494143,0.055589466394678835,0.0025954549570398997,0.33930068806329067,0,250
0.8875768546613926,0.6565124827399618,0.2137539449901069,0.5568819419234109,0.23747397126394473,0.08458376382934403,0.11059495648823116,0.43802990255318514,0,250
1.4535980807009148,0.3563319686378603,0.07966171669997879,0.6345633160427688,0.23217905636539202,0.09111866194147075,0.20041996490308733,0.2741722780757343,0,250
0.7820621423209186,0.666340681411486,0.08558361525388349,1.2591850519429364,0.17101985061719693,0.061164811610656525,0.0709580919161773,0.6017860105684864,0,250
1.2714481287981418,0.4869139687202667,0.031138864290095734,0.28638247733625133,0.1995728408605139,0.07162637745906082,0.09421095915944681,0.2514999668673921,0,250
0.6374884776507274,0.6962701231142493,0.2757193330062306,1.2930397360683468,0.16963293112999359,0.07026119589600531,0.07615355047895804,0.7213149626899509,0,250
1.0451547608149978,0.5754221615736603,0.18922090333549524,0.6814590690247101,0.23009086010974775,0.08669079374431743,0.11951961721819045,0.3931448869475602,0,250
1.265766769713893,0.5220109726994445,0.13279470166864546,0.42247999458850916,0.2430398238403374,0.08431504408411575,0.1225444626207105,0.297541908929328,0,250
1.0928373569492227,0.516518861606792,2.2890970402701896e-7,0.8865383975699261,0.1622344734259457,0.05504344575508449,1.9534199645497731e-4,0.3845066301603721,0,250
0.8692395733861986,0.7025125082648406,0.22868367302627687,0.9881920534683875,0.2163378669267546,0.06723173193612073,0.07254940404994976,0.5836094857664458,0,250
0.769402920007755,0.6924654270823949,0.3063544653247698,1.4075951893986167,0.20861369628326254,0.07826365430699986,0.09543772782139927,0.7161882483676761,0,250
1.3102815343350174,0.5302526952280944,0.2061609064648842,0.3279202580965501,0.25995395394358695,0.08692571926703824,0.11320042204494594,0.2839737655099316,0,250
1.0712615378264785,0.5934665284583371,0.1303744124309616,0.44486725970009494,0.21905238548353076,0.07501442697497027,0.0937323396036867,0.343413605606312,0,250
0.7777219157538908,0.6619851395833457,0.17802445826596106,0.8931738817941659,0.17412631645588003,0.0663123551362045,0.06799818208091472,0.5212920938018958,0,250
1.5192971188049038,0.4668418508519297,0.10680255636367748,0.14610221613151309,0.28460488976844994,0.09317783706431836,0.15336685941295233,0.2188265223620161,0,250
1.1424329098891068,0.5797921329780521,0.00787822309539469,0.9093114736652506,0.21321433041135734,0.0665609727321976,0.08927266816505934,0.42391828739383375,0,250
1.0252685448288175,0.5911745550007247,0.07561224761280053,0.8781864257784869,0.20594315016296097,0.07223327052470228,0.10139457682840915,0.43395046160307094,0,250
1.306677864138203,0.453914870960766,2.959693383345927e-6,0.3530351948341694,0.1689141786817766,0.0572748451094864,0.0014392167186387148,0.25123509617969125,0,250
0.9755009991516757,0.5592953425452815,0.06776705676589433,0.5230669105298199,0.17542655357095235,0.0687144524849554,0.08137733296452394,0.3412192651950314,0,250
0.6750081793655599,0.6818805665199696,0.13201820810862092,1.4417189737432328,0.16376745111873922,0.0647657226386622,0.08289515297518511,0.6980838398244266,0,250
0.9204849778531041,0.5859121330736975,0.34897352381250685,0.38024573059213773,0.24136469187378987,0.10249514344804257,0.12483263387656877,0.35420415874497096,0,250
0.9063068185113272,0.6353990262516149,0.28267204772134064,0.6674038087940616,0.20334720225960026,0.07178616303992122,0.08127715728050125,0.44474603894814485,0,250
0.9105661107586139,0.6276377769369273,0.25604321768543725,0.5233025793230517,0.21739112974961172,0.0812284187862915,0.08929948687416886,0.40919924973982297,0,250
0.8597557615658437,0.632895906007245,0.3189715628685682,0.7095764456099858,0.22323790249831704,0.08834805393227474,0.10551376540383504,0.4705570717253839,0,250
0.9309218383122778,0.5532214665656263,0.22708233726921692,0.3559680991057512,0.22171069943831476,0.09885534919980987,0.14253000767372598,0.3219154140449143,0,250
1.0442238243010482,0.6021657553397797,0.23614808666264372,0.8363816998271618,0.2256638651305178,0.07926981411987075,0.09350903628024482,0.4456496708076704,0,250
0.9335994413749726,0.6471016344764605,0.2627798334232585,1.014966879770804,0.2194614585206904,0.07583670187116655,0.08418106675248571,0.5382327250521831,0,250
1.2247641179219557,0.5905506606162069,0.1386461153919265,1.3217601137916934,0.24305732649645825,0.07042819591048179,0.08904961750379947,0.532779639821144,0,250
1.0607669574842709,0.5554279411185333,0.20548018937900328,0.7187165122638887,0.21457981390071973,0.08066834259817807,0.1004624851069958,0.39097842296749635,0,250
0.9013182382927133,0.6448107471026551,0.28071766766441264,0.5391362519341032,0.2173473695166807,0.07798821873384565,0.08215933925023364,0.42538601908927526,0,250
1.0110227876784326,0.6720596057116877,0.21440636780142644,1.155749742807692,0.23392844027335033,0.07033216262736747,0.08503160529314707,0.5703519361302516,0,250
0.9612752578499689,0.5956720287159757,0.3238943670990768,0.16492294328742887,0.2545547959121018,0.10096319261444765,0.11913611524749655,0.30640870087262306,0,250
0.952748534412611,0.6346750511135631,0.13430914058978413,1.4165372897803687,0.1953015456735222,0.06421560269619514,0.07062096713210435,0.5979401649859031,0,250
0.8512516850201669,0.6336267928312356,0.3537581791256126,0.7264446870240809,0.2317616774629322,0.093560890416514,0.1119433844998916,0.48123548848654574,0,250
0.9885355858526924,0.64948198833629,0.31531558645175134,1.065126198539253,0.25594660856748663,0.0836585911582447,0.10256151290153742,0.5666167587029864,0,250
0.755070319763908,0.7022178578903812,0.19296895971340042,1.1598935081670183,0.1934684753375112,0.06617599759657086,0.08140723670339699,0.6450038293633613,0,250
1.3698420050343354,0.4826560121977558,0.11767155917958373,0.27205586901370793,0.23006127756208322,0.07917905205718707,0.10444528990329272,0.24885418857235375,0,250
1.3557574184810834,0.5659526667695299,0.23253798794835417,0.7555182282077421,0.2855180323876799,0.08354801923396685,0.1067311552542311,0.3964926631749789,0,250
0.914471228300366,0.6602790894484761,0.2337544367509006,1.2230642658579183,0.21292940616979839,0.07053458231361166,0.0779480397014919,0.6018601130958738,0,250
0.6953001711692687,0.7080323130726927,0.2638013248296526,0.4559305942714639,0.18152210986172793,0.07159318044581937,0.06855466834513421,0.46631304826927916,0,250
1.2877187338988134,0.5685600842686113,0.17635520432186924,0.6824447221344916,0.2564442799907178,0.0789249851265602,0.10230569546637262,0.3740512364960753,0,250
0.9055156127325646,0.6445376174652067,0.21333871681567682,1.5270831149046056,0.21017381033976074,0.0711646124419893,0.08549501761523662,0.6720428771942045,0,250
1.053276040817711,0.622691238393239,0.3826282217371024,0.7807415563034878,0.2737522288142312,0.09284398678191146,0.10093882153895505,0.47151503514603554,0,250
0.836211907937734,0.6357936141816372,0.18085034795592925,0.8482170430177317,0.1854047305653426,0.07120123652813894,0.08116419464432723,0.48586646905415065,0,250
0.7914527298049803,0.7307144979400154,0.2426435998607918,1.4278486155589842,0.21692574368477416,0.06636210334651023,0.08162750418085865,0.7610728819687799,0,250
1.294395744949142,0.505317969324456,0.04551557946031266,0.7107208885123024,0.21654131532255802,0.07192304435837339,0.1006992988396026,0.34098919423375196,0,250
1.0194528373229919,0.6266316647340041,0.23990190708547238,0.6609904986314793,0.2354463010752962,0.07935712930463673,0.09235771671654966,0.42789200708422015,0,250
1.1319692596910944,0.49841431386894,0.2133007040883766,0.3307582659488338,0.24852165902206946,0.10268407968535587,0.16332029546885504,0.2806296518917564,0,250
1.0781820109173088,0.5497682081009992,0.11981557582694859,0.535668044496319,0.19668781567696667,0.07300963034290969,0.08758082059054256,0.33740146026254547,0,250
1.1094517258243017,0.5384284132369175,0.09165347989168311,0.8585614899690978,0.20192973815679616,0.07310578093265556,0.09701717493752768,0.3980949497048521,0,250
0.9593368605328584,0.5801955131360409,0.1872760971020425,0.32581093584427445,0.20059199410474474,0.08134476592841408,0.09639605802934877,0.3206567205212681,0,250
1.1064951869445208,0.5956286203818141,0.31762237004169364,1.2801664255170375,0.24878031037302412,0.08368817201884643,0.10061796501786525,0.5538595560209723,0,250
0.7427080133449715,0.721835495195184,0.3650834513603179,0.9708334898500385,0.20820005933048158,0.07226668616618942,0.0663451318448617,0.6483553916216483,0,250
1.209628080203894,0.4686838365828784,0.02329159925060089,0.4013833383500999,0.2050692540042005,0.07933037987741841,0.1294144400556982,0.270368574285541,0,250
0.9204982583588487,0.6382199123863131,0.19040087122919255,1.0815092807571094,0.20797616229647678,0.07091164173673882,0.09009331618776725,0.5424251378743626,0,250
0.7831599000097613,0.6786586490031246,0.24145765036558095,0.9436798138219629,0.196022283684641,0.07322079204872177,0.0874881606312661,0.5590913990565661,0,250
0.7789521501170688,0.6115932080084986,0.023192249415953638,0.5318548453281795,0.15751813012901533,0.0658376163403427,0.07769876977745961,0.3857131469050265,0,250
1.105929768088278,0.5105555181174098,0.033329116827849524,0.651486657468704,0.19185880664708083,0.07205725160928153,0.1013186042909387,0.3413246278166546,0,250
1.021582033383595,0.6230007553272376,0.34947927736984113,0.22421796059207771,0.26320247768090216,0.09250038972800055,0.09120249734608687,0.3315277969168554,0,250
1.629646722296921,0.42261047710764454,0.2632217089591923,0.34392822250996047,0.2869695826200344,0.09436720316763438,0.13014584386381076,0.24217022868306157,0,250
0.8354797480402164,0.7049298575913394,0.23034140149050739,1.2167714803681375,0.2020098708933442,0.06530196850668543,0.07211323198943428,0.6377913172352229,0,250
0.744849822179075,0.6639183269951826,0.2891569544469275,0.19798687127684794,0.1874454118172546,0.07969535420451877,0.07678751661127077,0.36246349828263713,0,250
1.0336742388796665,0.6294810278618544,0.19128346037691352,0.5174397433382305,0.23161056108353792,0.07670695947224085,0.09071538580495016,0.3876469566998979,0,250
1.249394512215547,0.570258123174847,0.2794830114573824,0.7118762707140487,0.27910580197733253,0.08934752717380672,0.11317379337593335,0.39689413097450016,0,250
1.1307112871242377,0.5691389550356422,0.26667439411123534,0.6845001434498157,0.27458156665726347,0.09861586126163996,0.14153026671325397,0.3972500920269787,0,250
0.9554109581743854,0.632530855566021,0.14203587444358862,0.9625905016427854,0.20409418632356993,0.06962603388536069,0.08423007575036975,0.4930131767191755,0,250
0.7454689033783498,0.6938337477888891,0.31460719743285087,1.4518680253468192,0.20975400954661708,0.07689845992172586,0.09565944074832086,0.7603132216311541,0,250
0.9662017677792627,0.5903376364830801,0.08683544825568539,1.0581667002600157,0.20094944606845866,0.0743285955689704,0.10904234864645328,0.48240880728097507,0,250
0.898941652902143,0.6568643799517683,0.17070304071760345,0.7746106707592468,0.19343297519232044,0.06551788718629525,0.06390683645155161,0.4739103674819545,0,250
1.1734225984637259,0.5086823343689365,0.17815745177617634,0.22266496472903094,0.21404119413448505,0.08174222202478862,0.09671877298205912,0.2580394957364822,0,250
1.1090610271225687,0.5253572033826421,0.18488068602421928,0.3556343641951524,0.20833417485263528,0.07924522245547246,0.09743999687728346,0.29406433785659797,0,250
1.0380462549842289,0.5790307396900285,0.2594056791492362,0.6322856316872876,0.21926666008753007,0.08231570966994942,0.09045299868411284,0.3865152411724227,0,250
1.0637030366979958,0.6314591639024534,0.04166115308296924,0.8032129236231711,0.22444767299842663,0.07036708888505244,0.09630708795645102,0.43353875852706564,0,250
0.9268829566944603,0.6420805650977265,0.13728234959720098,1.2009680947020402,0.2154429355556127,0.07395150132967421,0.10611905708329814,0.5653751259201396,0,250
1.16020534638338,0.46804460578117235,0.025788196391812918,0.5026241614623297,0.18524234289480063,0.07374325095136997,0.11005170235960085,0.28892167253707457,0,250
1.0209729643631202,0.5655625724776827,0.023872737601219798,1.06824969565397,0.19208779451387262,0.06812122386177806,0.09769550728228933,0.4583271323604721,0,250
0.8792674330660776,0.6010982131552137,0.2584965381642081,0.7658734608533918,0.1906510601869842,0.07780155857578856,0.0824512536919816,0.4446991813474757,0,250
1.2841166028266744,0.44373554073063337,0.045180786180396885,0.2616081447464165,0.21268472312633516,0.08315815531179185,0.1392764340947526,0.23426553544093734,0,250
0.9966521117242145,0.5526597081343654,0.20554702662442217,0.6714009598183167,0.23494705424584866,0.09735377665623361,0.1548055399902303,0.38788627956924915,0,250
1.1233542867071418,0.568948821338373,0.29996269228260586,0.8489147571745741,0.25723723772907475,0.09221962217583686,0.12176957524649328,0.43375660207829286,0,250
1.5712308861548525,0.4575411667824206,0.30047087060088123,0.2391359824442476,0.3084682247835317,0.10118891444594585,0.13544981347031246,0.2356553042519238,0,250
0.8972687670477882,0.58920078107463425,0.2087864246991165,1.5143075158489387,0.20019079992857924,0.07810375934971041,0.10843074320359092,0.6245184455988709,0,250
0.7745622991063492,0.6119189211525995,0.17962407166991884,1.258280807833176,0.16795112172015192,0.07039727066478102,0.0821214514436491,0.5811859261745831,0,250
1.3413981591143875,0.3984635930618694,2.289045429327569e-5,1.4388855669561582e-11,0.11854972825091434,0.05261608660636528,0.0064712955398583995,NA,0,250
1.0781579778970833,0.5409815396364529,0.24242690255462085,0.46919493835465287,0.23445026365877905,0.09530376795310423,0.11788539395463601,0.3302001432110086,0,250
1.3935623093575866,0.4710914356489234,0.021118892967273654,0.262975267929065,0.22849327569924405,0.07806020545038382,0.11910468584248647,0.23969021953312367,0,250
1.1433725606719107,0.5438204932206343,0.11439833491229634,0.6652878542414553,0.22075388375010488,0.07682454670401884,0.11031190724621784,0.36375565362159284,0,250
1.1745287990004392,0.5607636940515827,0.0014409302411628154,0.7915681848530046,0.20517217530408277,0.06369101450526254,0.09165873207796271,0.3812816423414205,0,250
0.6877126221105665,0.7030115317593296,0.27481584366253486,0.7347505920919833,0.1891144809716169,0.07510719949593134,0.08440236918376223,0.5488819231669336,0,250
1.0314791362623759,0.5647414991143438,0.13147681942962214,0.5527325961891286,0.19924150800909263,0.07419619452136078,0.090702742917919,0.3550865118095437,0,250
1.0983684558187894,0.5423182123652734,0.1977489226022444,0.6811917664272782,0.23773774930004832,0.09344700686515821,0.1392264238609958,0.37183162480205667,0,250
0.8932926367014566,0.681080948861973,0.22593634328204512,0.9363579437489722,0.2191746320513305,0.07211060729843935,0.08691741834825195,0.5413837956776998,0,250
0.9995193034993115,0.594839808379776,0.19819365858499313,1.1498259997050018,0.23065502883388225,0.08506418233124863,0.1308121258465719,0.5218820737311192,0,250
1.088844001594145,0.5435384678395127,0.2924588613347301,0.5818452300859897,0.234360610876911,0.09147078882561621,0.1090235093288467,0.3589363838617979,0,250
0.797001496131686,0.6913484120554034,0.16193495476900435,0.589766185041377,0.1916039260557657,0.06673985719045998,0.07160063584640823,0.4666658927668106,0,250
1.049176192695891,0.6188774063926253,0.2543510964553466,0.5152981156099522,0.23704518271866085,0.0805422841061815,0.09071702746446902,0.3836065006204329,0,250
0.9015023900203819,0.5852065415044366,0.270027984998597,0.5722510137920683,0.2042145544045112,0.08455423371046852,0.09475533096553038,0.3958191949497468,0,250
1.0036450368860907,0.6165300982248516,0.29717288382026535,0.5532093883889289,0.25541955838138003,0.09367220720858538,0.1170214277987172,0.3993206554440313,0,250
1.1322210200147371,0.5656527920733966,0.14055980033088836,0.8686409055346686,0.22094072329034836,0.07506406360151449,0.09806833366057581,0.4182371690853503,0,250
1.0016339257769882,0.5912911177952871,0.1388484987130062,0.7183571478457415,0.2122277517752382,0.07911216722809958,0.11231366805116107,0.40385888854305474,0,250
1.0341081587564256,0.5484955392190348,0.28482250688010025,0.6394401348015643,0.2304554108022541,0.09088667992086942,0.11304214170323262,0.38445974343238576,0,250
0.9323381847754806,0.6438470601351785,0.3148279639085193,0.5572420195655757,0.23180546198781307,0.08326115395407858,0.08832009204580589,0.4270608812004478,0,250
1.0215231114190906,0.5208140187994801,4.083126028259534e-5,0.6876057936531068,0.15194129902737188,0.05476739177735855,0.003935096350125653,0.35142755098077166,0,250
1.1974892599014382,0.5011066911996012,0.028005162498655114,0.6321880374453678,0.20353156264459923,0.07189597009421485,0.10629118094446058,0.329171185703519,0,250
1.0610911027436523,0.532594622094153,0.20177313742028571,0.24233842090689717,0.20510600790407701,0.08193258626194318,0.09650044391139954,0.2766244870492691,0,250
1.1629642465845347,0.5824484944561712,0.18840358127817883,0.27622801736245345,0.2313129800949593,0.0771502290825751,0.08346899175127175,0.30081372203614276,0,250
0.6859055977990819,0.72829676599614,0.23364430508921985,2.094733109887983,0.19013867249721644,0.065307155534868,0.08780806166442874,0.979233040802725,0,250
0.8029111566093388,0.6716286106737098,0.27054958064598394,0.6961482994399888,0.21382279504182664,0.0816164488228692,0.10005431628782166,0.4919767528275316,0,250
1.0899043844712424,0.65641009703953,0.0941165277995994,1.386497548923138,0.23090705510917453,0.06345691558924112,0.07873092086277865,0.5945135369686839,0,250
1.024778776919486,0.5738468458913145,0.3943252996990883,0.7534401849453927,0.25899762469671617,0.09979698089567052,0.11381661599233762,0.43956241583191297,0,250
1.269274514810277,0.5955323877624569,1.0734191685750317e-5,0.8814191886544301,0.19795185915754976,0.05173052319478762,9.587919399997664e-4,0.41222655113251844,0,250
0.7222127174864266,0.6689877472818895,0.3183364320922776,0.815892063308953,0.17722734150222746,0.07508236974926218,0.06984593166448569,0.5302056090128892,0,250
1.1096460792160037,0.5580476718004442,0.12026716614440239,0.5831248340108511,0.20854314814997887,0.07359363384424568,0.09033171801904735,0.35228321362385334,0,250
0.6960714245395276,0.6804144657487312,0.29560495563560235,1.1010342486380167,0.19595019316583878,0.08178850392524453,0.10545583384528051,0.6398972013988742,0,250
0.9250770110794273,0.6561734773740159,0.33247780827189183,0.686956835854932,0.22890742773533174,0.08063222445313752,0.07900226889162892,0.4673597062207936,0,250
1.0603309813299253,0.5862539158900009,0.06092480923989475,1.0271536009808953,0.20052094472035642,0.06666859763069931,0.08413070162122432,0.4609610167132876,0,250
0.6167511226478233,0.7593613768618147,0.1646912152581073,1.795610729252784,0.17551192452176437,0.05748366885008699,0.07674727996059387,0.9327952212056735,0,250
1.1120385262831007,0.5583901414436998,0.13768365649445113,0.15960104999991773,0.23456822605045244,0.0852328308992351,0.1147252948663972,0.2680944804724144,0,250
0.9793075652168609,0.6157176999512217,0.22516766152034792,0.6788226092330666,0.26795590304860917,0.10015996574114726,0.1533872636103448,0.4295920070696783,0,250
1.081985751836883,0.5602490357292186,0.0922190075802316,0.5916513959063033,0.2000610091589674,0.0727988344842612,0.08758960419347597,0.3525124847237686,0,250
1.0304760826133341,0.56840376596951,0.0681959886286754,0.6111860916120053,0.19989711202106847,0.07273079347969981,0.09475434093138299,0.36771558147250666,0,250
1.057453809064872,0.5884891875244658,0.05541256138481594,0.7459440095861891,0.20646436555234113,0.0697024752902324,0.09132229349124173,0.4031457334670241,0,250
0.754520270735604,0.6506777604971024,0.22206519823359736,0.9234190669366696,0.1745193165902246,0.07159713724235592,0.07772984448948841,0.5301792227494512,0,250
1.038282239251723,0.5271150467055468,0.17134954061706423,0.0676140386546583,0.1941956937206217,0.08052940784341704,0.08854337844046671,0.2411354380071578,0,250
0.7638177270635714,0.717061666196721,0.3386729529167507,1.1528955207619593,0.2280970879384648,0.0789064511657277,0.09608941187775026,0.6936076040379436,0,250
1.0956068014594404,0.5331978332364379,0.2934073400335375,0.5332154600462435,0.22443546473936632,0.08949760419297713,0.09447491712979188,0.3406594863679309,0,250
0.9882906372917213,0.6241273658687811,0.09781389940067946,0.47768356167834025,0.20457450397893928,0.06916401448307127,0.07954239895716608,0.37128752891801015,0,250
0.9610996215429709,0.6329676328112255,0.07977989027334856,1.4858965176876646,0.20871995529532036,0.06782541118846418,0.09568602384680168,0.6160435944086873,0,250
0.9898889063982939,0.6049227155990458,0.2451216530327261,0.7540499831195854,0.23254391938339894,0.08431903984915784,0.10689458447062862,0.44393556305683496,0,250
1.2212137877455045,0.5204795052570528,0.21336609636427695,0.5497122873909243,0.26307906316623303,0.09660574861331046,0.15129081995837323,0.3304224926777658,0,250
1.3728468730428414,0.4772767170535674,0.3264579860931191,0.29886541715764553,0.29621659423043134,0.10787817754466986,0.1427281636975811,0.2609981185179377,0,250
0.9140875832179812,0.6380571010243066,0.1670061934642274,0.5590183567687076,0.23260401244792356,0.08568404017935484,0.12125870422132405,0.41149434372111304,0,250
0.9146940029117198,0.5677827438310065,0.15170523734671007,0.6009419240233838,0.178437637057993,0.07365716496214164,0.08463071025974726,0.37546248074476957,0,250
0.9234445212521075,0.4698275497402914,0.22680434780044834,0.17009263573798702,0.18296302932974237,0.09616483166889273,0.1351346165076519,0.2446443411627739,0,250
1.301528139138226,0.523300885632205,0.25896532102910624,0.5921406820640702,0.2612717946654753,0.08878824186127438,0.11322112378233734,0.3388996379204874,0,250
0.8628854509380256,0.5839839679750949,1.1840500594653e-6,0.5701425472089112,0.13931837410444858,0.05218848386892647,3.113626074953129e-4,0.36587503664669657,0,250
1.0086442557119393,0.6343775948244996,0.1793790828945689,0.84574926364823,0.2152721526244677,0.06971271599939603,0.07565472944433332,0.4687748729778029,0,250
1.3373755961506542,0.5030503992053901,0.1294614627396665,0.48523946152856484,0.2289390405624513,0.07579004959949938,0.09604651400353822,0.2992102428364715,0,250
1.0828604862035145,0.5825801653204905,0.1311806051545513,0.5727411548663969,0.2215162760886962,0.0802610090807109,0.10013933620230346,0.36421353780092103,0,250
0.8993964634183281,0.6601646186461543,0.19323357729222668,0.7579238424288804,0.22470908201547793,0.07861706564983725,0.10677478328285521,0.47615929632630516,0,250
0.9098725045223361,0.6874180774320585,0.24283311434647123,0.9043666719265672,0.26834109315292276,0.08880208943599811,0.12047299352045429,0.553852598858069,0,250
1.0727376309989127,0.48193804722942224,0.2338463568572329,0.24350736188248737,0.22014326071922385,0.09801940587141078,0.14342632965555804,0.2581284030916209,0,250
0.8200647560687451,0.6197349174570345,0.16479919466812767,0.6461243997977761,0.1722463724545583,0.06979107043979332,0.07332767374928546,0.42521134558179624,0,250
1.340952881052113,0.4593635289153775,0.2103059575926995,1.014373841893626,0.241409660367595,0.08674761934305582,0.1295250172472164,0.39322724561333,0,250
0.6628823045657407,0.695042324726633,0.4328734966321897,0.5546830967999162,0.2011814947228045,0.09039089419616439,0.08674111223601287,0.5086608408228536,0,250
1.0748872943156873,0.6120241769285084,0.06438311465980356,0.5316571151967179,0.2026588571116336,0.06645108457520248,0.07221556844072063,0.36170669746659123,0,250
1.0269099967756465,0.551358889335408,0.1687312326046685,0.9707204617557114,0.2103010757869659,0.08098586232748464,0.11623018449313394,0.44602581256487084,0,250
0.7884474243139507,0.688621426694005,0.23829733975292078,1.4052416565157853,0.1914122982946285,0.0669803215306096,0.07478401406102357,0.6901283471733971,0,250
0.8359431348307067,0.6906838453148629,0.37663380803586405,1.4661092463910208,0.23678027042323782,0.08115499737422131,0.091054787488843,0.7532366379951834,0,250
1.0578803277967177,0.6299251130483948,0.11221201087101314,0.7870352599835203,0.2223959612798717,0.06805851758302517,0.0786504325034926,0.4470465203300348,0,250
0.7666156323927582,0.7048279340619208,0.26476266953075933,1.5222718160464015,0.2010272556358084,0.06875988077689785,0.07915781594162394,0.7628766174194052,0,250
1.0442826653534498,0.5903889581456866,0.2349185504284972,0.4137010974434725,0.2345671536823588,0.08569157999073775,0.10459458825798167,0.34480200013608964,0,250
1.1461016818843457,0.5556088176220596,0.19647234016640044,0.45347563712436445,0.2318599446298325,0.0833290468413949,0.10526792547103339,0.32637978055266553,0,250
0.8167884025245624,0.6790316979349881,0.20626665438501726,0.5046635010805164,0.20399524181305775,0.07427035600108196,0.08539456899333603,0.4356054648202131,0,250
0.9299466342898719,0.6417045900485561,0.28005940784131234,0.0051409372597772136,0.24730153333749993,0.08957695131074127,0.10424208071698443,0.29354773360443387,0,250
1.2037247268703228,0.48403648844912056,0.1691430579468313,0.43344032861632864,0.22361229527523024,0.08839574966273099,0.12583622575189554,0.28874840437224286,0,250
1.1262572187139495,0.5865779420343562,0.07668502714433083,0.5512619206663608,0.21796565341965637,0.07176082621276542,0.09036716079450943,0.3557120929347958,0,250
1.0693285723378245,0.5769897195228457,0.298660644718017,0.45778414458418176,0.2350946013430866,0.08754482836268819,0.09090989292408522,0.34892458231315177,0,250
0.8744659110767631,0.6651132013552129,0.14880658981980766,1.243334433212363,0.19690051983909834,0.06421472264186807,0.07273479820445952,0.6049321908290052,0,250
1.1228016866036346,0.5222442379523257,4.130723067549987e-5,1.2122442702491751,0.1713887411346258,0.05493369485634783,0.007858950277558773,0.4519539864896849,0,250
1.1761858537409624,0.5854200047733549,0.19738121947529308,0.5834647267260482,0.24323065378404746,0.07818410925439273,0.09138609009854383,0.3719596104628228,0,250
0.9926927821820932,0.527502272614565,0.18089720860710615,0.5453703089626883,0.18932841114665766,0.08045111073347459,0.10274198184549295,0.3384020105130029,0,250
0.9424028923521196,0.5963470807791776,0.34197442478152423,0.8052643464297239,0.24523985990951302,0.09674722447223032,0.12395214428499501,0.47062524735104294,0,250
0.8559427740690578,0.5685150338091652,0.1695897775909202,0.7558472228993544,0.19188185926085832,0.08636359086522147,0.12820869571680857,0.4219148089211162,0,250
1.2069648802096262,0.4938203414112031,0.26564180279105304,0.1740015532586674,0.24102294626168944,0.09257227646067247,0.11884458254471124,0.24673460866995892,0,250
1.2766628611605224,0.5967203944678282,0.2967094259204347,1.1586240466540336,0.3197691594196716,0.09409188490036619,0.13886016196918863,0.5298301072269673,0,250
0.9750972738993915,0.639499429351877,0.21507877431465885,0.6098083741489692,0.22057489004188313,0.07421203515264908,0.08293149267312705,0.4235867908219281,0,250
1.4435341719396255,0.49093664236388174,0.3626015678234612,0.7659856874724398,0.3211572619792426,0.10812837971314619,0.15592126113426705,0.3653246782340779,0,250
0.9607894390334693,0.5854106661901629,0.12189657987220574,0.6400734735022732,0.20099044244553216,0.07804273085943038,0.10627560433320549,0.3870599754063301,0,250
0.8050504403379237,0.7106542601839215,0.4354329604110468,0.33031140549507465,0.25711802325838573,0.0895971529703576,0.08306788890923307,0.45528620092178196,0,250
0.9117782932199249,0.6334729737000796,0.2789905186405775,1.1320545245748,0.22484626664315474,0.08299156288253977,0.10586252955649879,0.5662645971054568,0,250
1.0049218020475574,0.5535743690775328,0.04094991941358396,0.6863718728243507,0.18053312980613254,0.06888329360823507,0.08996266209102514,0.3689144807201835,0,250
1.0554304243184698,0.6049458181952264,0.3801839595583716,0.6330709493054695,0.26794015000733923,0.09231034929389016,0.09887615357056134,0.42634421164287084,0,250
1.1459985405557442,0.5562147994567493,0.2663082950595986,0.40151410711699687,0.2568429780412743,0.09394671654857054,0.12087346905806028,0.32063937258667313,0,250
1.4082108411664802,0.4562404887235787,3.5728220096388784e-6,0.36585810707056543,0.17953755127077492,0.057102556659279165,7.996983294843805e-4,0.25105790451635746,0,250
1.3938479471201939,0.4628718575434921,0.13539555691303726,0.45456988852767005,0.24704922600994594,0.08614901244992135,0.13625575273183563,0.27785724389445215,0,250
1.1419035388328072,0.5342723406320027,0.1942863982593056,0.5102593466748184,0.2362628255247318,0.08994708962721612,0.12954887484828587,0.3284063236688901,0,250
1.1422348173958183,0.5543843464493906,0.21834274065748635,0.7012547610621832,0.24279168908261406,0.08699166335594509,0.11960297420421091,0.3841814208761978,0,250
0.8290052160759843,0.6828608527628716,0.29902852026553056,0.8658300541560596,0.2105084834292881,0.07491971847313403,0.07953753070084278,0.5439617027319555,0,250
1.2289301761874838,0.42560989851498987,0.12003472108408766,0.531790162499702,0.20329176812617936,0.08298331334224351,0.13207637974610728,0.2842738415513822,0,250
0.8273578334448911,0.6603542352740953,0.27992376620523113,0.4298111121047478,0.21610556603037087,0.08316828855528871,0.09380347593966133,0.4127381572816521,0,250
1.1094603763071913,0.5708989750499424,0.10909282939116614,0.7070730971619265,0.21717866628191884,0.07458928853482265,0.09874097656034168,0.3853864804548311,0,250
1.2005482453485672,0.6258301211882009,0.24349306966314335,1.0368943531076833,0.27096971183397284,0.079863393586906,0.0992801861548636,0.4998616116943304,0,250
1.337489104192188,0.4242674230731923,0.15651021252662034,0.15388498387249538,0.2244161976241671,0.08853339562744728,0.13389046559548262,0.21142305859553465,0,250
0.8857157444205784,0.5607034630907699,0.012614380331766702,0.8806819089764685,0.16069086141532646,0.06433486540068532,0.07884535952584563,0.423730836539882,0,250
1.2998201480848721,0.4444753265168756,0.1402210414132114,0.3651894008841106,0.21709158848632995,0.08330611241717628,0.1216995214176638,0.2565163350067166,0,250
1.0072588459699519,0.6009623271821046,0.2070790796711299,1.1020586963819285,0.21616773027583935,0.07585450812460752,0.09354088878015554,0.5119693500786322,0,250
1.2304321783198169,0.5391218657246485,0.2044265200661375,0.33800944121901144,0.24606055812419628,0.08547281437247038,0.1077970166982675,0.29282972197452223,0,250
1.445199764567601,0.461543572356699,0.14559922643173112,0.27335859220415626,0.24797208239283491,0.08431638560183063,0.11842858993328097,0.2425283718883374,0,250
1.1725045259684472,0.48854855032266875,0.13436230101747892,0.35705424936135355,0.23788536595984142,0.09550895044337103,0.1588351713095399,0.2762766383255797,0,250
0.953683655575632,0.6480444568087541,0.09849179626515596,1.006668073932166,0.20426828795030513,0.06648200924679923,0.08234665451265348,0.5077186150917238,0,250
0.8455283052334583,0.6074212794087283,0.14488141514588584,0.581390974202719,0.17944375504333243,0.07512048489294686,0.09215532235625877,0.3948252827728254,0,250
0.8542881302356866,0.6272087415487902,0.16241612086328597,0.7986504431421168,0.18037847672740012,0.07032848795345484,0.07480231726574169,0.4598577359847139,0,250
0.8827689463757067,0.6878660712914227,0.21865737670618948,0.8620453271579663,0.2365643945846286,0.07654626867962305,0.09953110533600949,0.5409772807708871,0,250
1.383996688775306,0.4798024592339903,0.10010803256637249,0.6650761920948767,0.2352799824763989,0.07883060848217313,0.11867796121797046,0.32142030350567175,0,250
1.1851513701937961,0.5712954020219312,0.2592077920613213,0.7583700514195972,0.26318675466748315,0.08755656689515584,0.11315216549995977,0.41058195493677463,0,250
1.0868849411533885,0.5558609402434576,0.31398524682049495,0.2734534841173282,0.2405293029724195,0.09023113219709784,0.09781427848731887,0.30167067831168276,0,250
0.8897944767073046,0.6725715822380488,0.3151989760238385,0.4796171210778561,0.23717367112817828,0.08335444223813503,0.09054092916460826,0.4309078842446308,0,250
0.9261098361126986,0.6216606638439409,0.10424008903071949,1.3643796454134092,0.18959698240179634,0.06626360117437413,0.08304057281914705,0.5751367364875268,0,250
0.7071827086147127,0.6685587209051125,0.29899114500624674,0.7248218980839988,0.18199224581617005,0.07548693907860417,0.07909341859188612,0.5217188031595315,0,250
1.1353978561600926,0.5554694213430516,0.0742200979727244,0.5557288493952139,0.20780177299861854,0.0717602032863575,0.09194170884159282,0.3401429145192763,0,250
1.16944772147329,0.5359780942221256,0.18619741143215537,0.540138080665542,0.23703648595634452,0.08459933554458628,0.11219830014077788,0.3398967624132495,0,250
0.8120512212935092,0.6595490377732027,0.19100340349384917,0.9730988794811384,0.19254869950156175,0.07043129961550043,0.08306590792501674,0.5468916943455595,0,250
0.9772689127692369,0.6134186668162743,0.10037762881119133,0.5827788260353609,0.19908098169920524,0.06983262041264558,0.08437341779016543,0.38662778733574926,0,250
0.9601532480346344,0.6054128160558906,0.17669772420523375,1.0884284564495745,0.20976599652027536,0.07550443941968424,0.09803657165134155,0.515981886972247,0,250
1.18259833294876,0.5234619375303795,0.12661731000428017,0.29003672378015105,0.2277999589622101,0.08521579285236865,0.12043799415213391,0.27353140609761584,0,250
1.0875919880287606,0.5416882543883443,0.1921557646824203,0.5683390809642765,0.2131235777647595,0.07853293405021451,0.10350901244580937,0.3489805937701884,0,250
1.1347075526753945,0.4429678879098208,0.18829945879781096,0.30178734241528726,0.20794912411002767,0.09315220093146655,0.14685947609925007,0.25046644008223334,0,250
1.1724034676738182,0.503438078776229,0.23792439227783052,0.16513469998340607,0.22599190456079682,0.0889686674493632,0.10588742242894478,0.24640611180939495,0,250
1.180291235036236,0.5326303164042887,0.09043701153996526,0.5652483189547476,0.22535581471758973,0.08003126857457953,0.11805186761264115,0.33376345926227097,0,250
1.3938120135114718,0.4882961493536075,0.19650884055571277,0.8270782203749556,0.266623301147477,0.09096923031355261,0.13354693737708528,0.3676289775840358,0,250
0.7533491420800097,0.6932403913297699,0.3398645558613164,0.8763878909004751,0.22293604362615407,0.08618906266791149,0.10873551603063013,0.5786096377512628,0,250
0.9409256970262713,0.566993369652839,0.25155810712706483,0.6997027758890094,0.21756755056998653,0.09076581022822969,0.12848057905065136,0.40928964455788047,0,250
0.9171653084968264,0.539698232277105,0.15242257908084475,0.3755526033709628,0.17092830591950128,0.07482290951845268,0.081242081553324,0.3128296167973993,0,250
0.6859570445008248,0.6950354698015638,0.17584869387272942,0.7535938485784439,0.17382475307821846,0.06790886967969909,0.07968237542058226,0.5333192217458126,0,250
0.822136237597171,0.6647957778175508,0.2722540091467317,0.5429238636476652,0.21082869695567943,0.07964168861101202,0.08915955330527778,0.44615443774283947,0,250
1.001585471437358,0.6354528863780281,0.21446884320639703,0.8172457872265091,0.2257174565960662,0.07497287979901601,0.08799828885478635,0.4679093740558008,0,250
1.2333104648604898,0.5393278481362093,0.11180184134497788,0.7314462400665699,0.24119234856847616,0.08092927944612452,0.12129738848264873,0.37031839489890916,0,250
0.7457304649015924,0.7323720271072484,0.22700682865480118,1.062983794335793,0.1924120918883853,0.062277887013002756,0.06331002420532864,0.6505923104957794,0,250
0.7948068275990449,0.6838717690136462,0.18713690056567692,0.9777388359682669,0.18741300467833927,0.06678060915955603,0.07328844839782843,0.5593775122120512,0,250
0.848092135177466,0.6142461761908734,0.34036128279414074,0.5391795352878378,0.20751916682856086,0.085648117770135,0.10110085219106173,0.41281398369828,0,250
1.4797104288111442,0.44221464270770683,0.07859103621509346,0.43582031578093605,0.23008325694296083,0.07731951173050654,0.11584016093176666,0.26091468627035985,0,250
1.1247967554458433,0.557182578839912,0.14926068966715733,0.980583513970077,0.23980379068791507,0.08527135169789554,0.1352530466875508,0.4452231561658089,0,250
0.793858681921232,0.6685110473849315,0.3397865243791595,0.7132746302088341,0.22095441599435323,0.08906363107725586,0.09999498864121659,0.5021968553829146,0,250
0.8545196947093006,0.6710450904575778,0.28546055169254086,1.0727036195396686,0.2063176589988664,0.07222025388512118,0.07322432278553431,0.5844945386482922,0,250
1.3676981233789367,0.48426200454579477,0.3144718380494088,0.45513676408470205,0.29684311488768045,0.10760012338351052,0.14373092435411508,0.2957180555941819,0,250
1.2016167329024823,0.5789769024188575,0.08950779643361982,0.5114839364601204,0.22973525305089987,0.07225832303347118,0.09181203016096738,0.34145048427987645,0,250
0.8778587926857446,0.6748746619339273,0.23069192583252043,0.4351663990731607,0.22885739348890544,0.07839701767526418,0.08895677510553092,0.4225329906703417,0,250
1.3618659115791711,0.5272713211035407,0.08581997610092623,1.1170528226260519,0.23988506883420757,0.07197111970972553,0.0995710201667981,0.4351248406266511,0,250
1.355024923915014,0.47190005082507874,0.09363165151297781,0.4697702386139084,0.22660010050141244,0.07811691278760458,0.11259255461581102,0.28363996710567385,0,250
1.0970809671526323,0.5791472898353263,0.26738334011652004,0.6030837814126919,0.2422712705951596,0.08545052883699812,0.0987160311225043,0.3837320789467863,0,250
0.7783918146318265,0.6865175486625408,0.25259068917572014,0.8817863700977419,0.20166906643462185,0.07615489880129422,0.09089168589987633,0.5484525059385191,0,250
0.8238796787039698,0.6794351690712596,0.3768872508455143,0.7934949092699689,0.24190255815547576,0.08749055795497288,0.09059672225995845,0.5584535726778658,0,250
0.8536051767151989,0.6744159966401533,0.39447117039695834,0.9875285804210719,0.23805475024983447,0.0853607596327329,0.09015307900120868,0.5924301506133384,0,250
1.1339936097571992,0.6276535874557713,0.10906840931497919,1.3001294870022686,0.23930427584184402,0.06951799936018685,0.09454076171651755,0.5530858483766631,0,250
0.9596782066558928,0.6247317151752042,0.30232574840350523,0.49146314044431333,0.23831160195944623,0.08718097949848572,0.09738760355624926,0.39727388045368683,0,250
1.239269930914747,0.4983469545062975,0.10446463573232435,0.6535269674952463,0.21982341888027043,0.07901702606968582,0.11642826859564753,0.33274195700459286,0,250
1.0323088131909566,0.573447884461007,1.2270184554454233e-4,0.8247571745757567,0.1632050048031317,0.05267022329267766,0.009664298183024502,0.4031112061682719,0,250
1.4935481118512255,0.3739173816636522,4.5488036936539973e-94,2.5476048272348513e-7,0.13420384167038316,0.05494979138791066,NA,NA,0,250
1.0263262225425516,0.593018002187266,0.10591494831449137,0.691260840999453,0.20715885952273172,0.07200538648895496,0.09255301159623383,0.39969329076175125,0,250
1.0117577055665576,0.6480405930961727,0.24233555114178848,0.9371423540617285,0.22553614257554774,0.07222682569719849,0.07415124361452961,0.5045324249767058,0,250
0.8370719225769885,0.6962284615714547,0.16945321302962185,0.6457684152236436,0.19847086016818588,0.0648466499222705,0.06879715796392392,0.4802889837814374,0,250
1.058401911706372,0.6508972594909546,0.19793676528069332,0.6232103874378785,0.23763792155748611,0.07339588247118749,0.08468765450827687,0.4201081358938767,0,250
1.0456974811878312,0.525228698551632,0.21490039908726738,0.5945067423124293,0.21659144479994485,0.0886785215112251,0.12294224323780424,0.3531558066929072,0,250
0.7116041226143913,0.6207770600940393,0.15306632188833788,0.4145992619327983,0.15583662592344216,0.07328097626395867,0.08306759837715547,0.3793018506801747,0,250
0.8592604398805647,0.6422439412091997,0.35919740900408614,1.3436937865134309,0.2226428199817284,0.08699395576903093,0.09864640915953697,0.6470816385917165,0,250
0.890939677531517,0.6089352335871056,0.2176951364939464,0.36535989269820024,0.19625299432165308,0.08007077742646664,0.08932776687233508,0.348488215088913,0,250
1.3396153240918378,0.46969699700055656,0.029018481403460205,0.16023752679834918,0.267701820191935,0.0986471988256211,0.17650867238686205,0.22374031766859678,0,250
0.9845355439774021,0.6040599289164339,0.19620906503113322,0.23966546085470178,0.21582591198800374,0.08123373233298477,0.09369540495900905,0.3118859278113592,0,250
1.453004376309471,0.4566271481197208,0.0022625020085246797,0.49589681352649023,0.2201675854022928,0.07167959125197534,0.10638187905162028,0.2748741641886664,0,250
0.9603507923245166,0.5767438292583826,0.2273242409808455,0.2469798375322563,0.20794004436333974,0.0843159714483486,0.09835695033561762,0.30478757989346583,0,250
0.955128550011189,0.6325590310404764,0.28372888274175895,0.651590932870514,0.2297377794784701,0.08046939887879966,0.09333938029716164,0.44101451731924834,0,250
1.0099170000894857,0.5244732045383744,0.2030786568928864,0.8034449697081755,0.20173356861294559,0.08466473353715957,0.11829076395314055,0.3960326202594111,0,250
1.1253815360972428,0.5679843421439246,0.13374299488669156,0.2989511170661378,0.21610435876929923,0.07610706016312083,0.09015249296082965,0.29606761274336346,0,250
1.3445959581020122,0.4962942173216288,0.16312015633951693,0.03861827478161806,0.24715873532459798,0.08549182225888799,0.11401718475755829,0.21451097381838574,0,250
0.996851326100267,0.5834467016031939,0.30810870659846096,0.10850109135795619,0.25289161270084065,0.10088349495507869,0.12141020352085041,0.2796023495146252,0,250
1.2154625084501005,0.539239292425243,0.13577697290130988,0.6720116243491338,0.22969210035064888,0.07712032416279233,0.09958514774615376,0.3620590526919426,0,250
1.1247227289363924,0.513681403187824,0.02614863713014153,0.38232733598604246,0.19387164668337745,0.07268115520078278,0.10138747733757636,0.2862107580102512,0,250
0.9869265661586686,0.554122610642896,0.15172064440467115,0.71460091959383,0.19675407331561456,0.07828494414163127,0.10334970763178884,0.3893591089847488,0,250
1.2179932226815553,0.571523125379325,0.18714771464290772,0.7528174350510902,0.2429424492286726,0.07693969461982669,0.092868818838573,0.3983054703743283,0,250
1.027343950222968,0.5337269491835975,0.21857090871010343,0.44154900437202094,0.2148328642287685,0.08938095468637763,0.12006256625167191,0.3227317579929717,0,250
0.9133518818374006,0.7025416359119493,0.25450415680212995,1.2028906169589968,0.23439944202228277,0.0711151244726313,0.08331269448269378,0.6368925355050133,0,250
0.9246631944692795,0.6553209759892,0.22619652361773912,1.3778655198860543,0.22202299271135098,0.07318492818047391,0.0906473531822661,0.6421693096745128,0,250
0.8678385269338121,0.6155423279232929,0.11139113457647869,0.7339512059888705,0.18144736866374234,0.06813382737214148,0.08680508898041292,0.43505873890615127,0,250
1.157662494829166,0.61541188839638306,0.12572413831629753,1.1349239220104472,0.24782604338686556,0.07295635156032897,0.09843497602588418,0.5126366306153854,0,250
1.0873003183415184,0.5560173308463844,0.28788222463284074,0.4461295164935027,0.24084044789417458,0.09093586635078502,0.104067592589089,0.3389832609608087,0,250
0.6598299294883612,0.6702945777714356,0.25572788812997255,0.6437407211948241,0.17229795393357067,0.08034999049364659,0.08742014987612047,0.4909332456641014,0,250
1.098243058146543,0.5567113623626371,9.275263544250863e-7,0.26942780540918276,0.16134256169388594,0.053524825062255484,2.462149415441361e-4,0.28056006568082076,0,250
0.9096974576223187,0.6250123509105107,0.14003445364806016,1.0494667249537837,0.1992541823793297,0.07125299730632362,0.09218876606296217,0.5185417237169255,0,250
0.9798377128899002,0.5544152355755431,0.09658622683460057,0.5558426683200944,0.18479618513769536,0.07366435854747802,0.09448543942386796,0.3494408408348651,0,250
0.9833034362211812,0.6272354740302588,0.2334427461969804,0.5939746354251108,0.22682273420510773,0.07862847701098162,0.09085304959255813,0.41489118568350797,0,250
0.9413943742654737,0.6252606960930338,0.2536425005627811,0.7752746961316955,0.229719626330914,0.08388267371275306,0.10760756041698244,0.4646016307415075,0,250
1.477933258930729,0.3822520325866324,0.10502490415428126,0.11878534430065744,0.25150323169588656,0.09765600028122359,0.1917628767712799,0.1903718522596215,0,250
1.1438317555583883,0.5651493748450772,0.13971633389501226,0.857260605120606,0.21180189359933127,0.06734234258345885,0.08817025692213057,0.4115075270632334,0,250
0.9798964882791206,0.6090606858105359,0.18430086248225627,0.7726776860700655,0.21544210345741285,0.07848924733332899,0.09884569418008979,0.43708831377889945,0,250
0.9084440519014427,0.636382961396013,0.1372644092020373,0.5191919772048956,0.20589544486184008,0.07518588440071372,0.09553185387922003,0.3950292801973568,0,250
1.1272737946399127,0.5517213448397894,0.08783628046615084,0.4684546240644667,0.20762579842331463,0.0739631672626793,0.09692535051890115,0.3202815680501517,0,250
0.8311272441622644,0.6479690277759531,0.2659294624309694,0.4448616597638423,0.22492995581862185,0.08788489859599845,0.10531320326763605,0.4149354148740728,0,250
1.225661107142375,0.5129817896759051,6.559367260043138e-6,0.5387998637757712,0.17240072609801196,0.05509961272109998,0.0030599703896085737,0.30882980477772753,0,250
1.0512051105103517,0.5481766128142154,0.2954079077970214,0.6273354629839294,0.2422864387148867,0.0962299749159584,0.127819561764367,0.37840701564837104,0,250
1.105359419158062,0.5889199415689069,0.0812284503376593,0.5807890932603286,0.2077335945044385,0.06700818085984178,0.07536940175979195,0.36691822062252055,0,250
0.8828560218805097,0.6796557236172207,0.12182098433265307,1.2230582981524283,0.19346147075088865,0.06082846355364311,0.06537157935531095,0.5957020688920698,0,250
0.8224882841029971,0.6854187226492172,0.25121310015195053,1.2198279214766112,0.21007107218571236,0.07189590127738162,0.08509783893076694,0.6457324223052335,0,250
0.9954227548321349,0.5972826796945498,0.1328655182080823,0.7450099904708097,0.19924088864102024,0.06992148267296522,0.07833294973383742,0.420954070888093,0,250
1.1121729310048682,0.5584860110865958,0.09915139076109215,0.9300529902500474,0.2101869231767666,0.0740418284511405,0.09940380166024962,0.42403070400926085,0,250
1.3135172637843289,0.4805740198506687,0.2541660225425654,0.488716204202263,0.253359986009537,0.09421150340356374,0.12349366496187392,0.2976538053590481,0,250
0.9512063117298152,0.6426416634256414,0.16976609013716515,0.44334905583056106,0.20945671906384689,0.0711732409044675,0.07740184980882626,0.38337889714373463,0,250
1.082547222589887,0.5851067059900333,0.21439480662724025,0.2399726585659103,0.22359399775408695,0.08057373399729871,0.08406928044800244,0.2984773557139601,0,250
0.7808126810363497,0.6666331168944999,0.14727995677318795,1.0729014809311153,0.18225779245945864,0.06644035138491769,0.07733525994797522,0.576598540150201,0,250
1.3150399836437234,0.4580578361354817,0.12735976403326027,0.6507098145368043,0.21871450296204478,0.07850796083621153,0.10907589695916944,0.31627709410402494,0,250
0.9225619490557605,0.6306454912404421,0.4070960896760711,0.516454740920283,0.25398498076165377,0.09582561669494503,0.0971793830578795,0.42529817671649334,0,250
0.9006369801552229,0.5781407588018314,0.20758383963742402,0.298787963184257,0.19595371295385408,0.08470916307480243,0.10128733831918027,0.31820293222757223,0,250
1.4345378710774808,0.4663096500333601,0.08253459992519052,0.20666760600551648,0.22957946491437672,0.07823731759692645,0.10654283542303594,0.2285638812824391,0,250
1.4156119927071629,0.4320454632108358,3.4514620371812484e-4,0.30209119635832854,0.1764246171154948,0.05813556608388126,0.011328349075404741,0.23295373000589684,0,250
1.1851663685079015,0.5716211828632989,0.2499306010291478,0.6092112216216736,0.26193235500045786,0.08762240239916301,0.11081145646438079,0.3755817661301091,0,250
1.3275697109111817,0.5191668647445391,0.14613618773844633,0.2511355199633426,0.26591737065422716,0.08985987687059535,0.13181469477771943,0.26215998478161034,0,250
0.8879407387870193,0.6528215592630214,0.06192045058860143,1.5603706384984382,0.1997258604446295,0.06792150486738696,0.09287570013404448,0.6548160403070421,0,250
0.9668590652105445,0.6074008271545114,0.19642696277594945,0.6795414434229957,0.2087110813971497,0.07649273366080447,0.09072124291174406,0.41684099204312036,0,250
1.2112086853567376,0.5564465153635606,0.15982976184978487,0.2577791678319822,0.23921999679177927,0.08078000215060423,0.09864517741460961,0.28355117836755983,0,250
1.2569249443475041,0.518230697475606,0.23598580371515762,0.44901615131851447,0.24598671454415372,0.08700111055002817,0.10752453471986945,0.3076886132512722,0,250
1.2755479518108266,0.5912171120478928,0.1481932881268028,0.5776498837552341,0.2545419499922404,0.07466112853720587,0.09019640519518528,0.36364784911167647,0,250
1.072507632282062,0.5939932383346676,0.06430254408600095,1.007863247061872,0.20682260558309443,0.06678847504539517,0.08339954432638519,0.4633600018559676,0,250
1.0931717012461601,0.5913110598448752,0.22544401299843253,0.7238309612844844,0.2893550042292092,0.09990362065056085,0.15315753662857023,0.4296462790090907,0,250
1.0217302825226249,0.6058945599562413,0.09641984139093829,0.5991733736762417,0.20523387127023424,0.06955442990495751,0.08058726325366439,0.38743357895212366,0,250
0.7532110062674078,0.7167097278191458,0.17366984381420794,1.307314208689358,0.1903947726858511,0.06436847906823402,0.07439709383068016,0.6876992972345543,0,250
1.0600703743409339,0.5016797508769785,0.16416657844783267,0.1647489024288177,0.19459965247362626,0.08254836420057277,0.10103571392445257,0.24732178655155176,0,250
1.1701266662406051,0.49503096110991984,0.16769914514308176,0.08294332303253196,0.2064030283282723,0.08215627722458725,0.09830527523936294,0.22426933634798818,0,250
0.6759581596188368,0.6205842664042318,0.17607928463284633,0.4902661038896306,0.15641107535191676,0.07859873951320714,0.09490868275488516,0.4033419158045454,0,250
1.3028601528518318,0.49189227355874515,0.2845923029577748,0.748245572026311,0.28888078181025906,0.10250605564206049,0.16084440893968502,0.37190689444831354,0,250
1.1578231968239203,0.4947999877570234,0.16914306353876588,0.09024286358448952,0.2257129371398707,0.09116544331101924,0.12639578727681897,0.22816723168479378,0,250
1.2475410618214573,0.47342567896541116,0.21095166344293984,6.6441550737758125e-6,0.23738485471923637,0.10129310415853951,0.1568251649612382,0.0020052293623562213,0,250
1.1492743468731181,0.5215049468960808,0.05399935444286378,0.46564517515505005,0.19547885075225646,0.07166320040494875,0.0914094028162612,0.30438668590793433,0,250
1.2721723222817711,0.5167333567846192,0.2618446728796429,0.7043921521445565,0.2482178846622907,0.08599291801884101,0.10356914875252904,0.36140409207299223,0,250
1.0420653522928136,0.5673672989027079,0.12710996768026844,0.5912169263919157,0.20202656713701428,0.07333138050444489,0.08606415606540951,0.36656864968213765,0,250
0.8568306616118853,0.6507157606709579,0.0682186236311501,1.003773501216781,0.18408979565670025,0.06372124890200119,0.07824911369909128,0.51755078860554,0,250
0.8270426060587213,0.6341829099844124,0.14785518553011048,0.43866564473377284,0.1884191227556004,0.07659971125476092,0.09650504746509034,0.37835321439795594,0,250
1.3028029625534197,0.4623343145764595,0.17223388458914674,7.840103456045427e-4,0.21193537425826045,0.08840300524329543,0.13349077227798412,0.04829557357172727,0,250
0.9120407088137539,0.6258943983573049,0.2795171824393176,0.8599951022766055,0.2196966350577193,0.08135927027426297,0.0961608228417534,0.4934929862483198,0,250
1.1699750288222501,0.4910402062684419,0.4571407186161714,0.27705833541078356,0.28879788149657953,0.12066699635025097,0.13451125919245363,0.27407472314573933,0,250
1.112469699841216,0.531745745069645,0.16286198269231944,0.6478741695344948,0.24073071659016615,0.0929008255988787,0.14956747160749395,0.3605894062614926,0,250
1.061799352191108,0.5757316478165305,0.15345340663364068,0.6319787858235381,0.21411228142236385,0.07562800805287773,0.09680357050856647,0.37998212453838814,0,250
1.237049175248965,0.5325428284303354,0.2337086407134156,0.56122325256454475,0.2389569079150234,0.0816905389708478,0.09241929242351778,0.33901324980701164,0,250
0.7894187370037725,0.658234372843146,0.15095208141945596,0.5857064997504866,0.17493599123643344,0.06646460180323314,0.06998445845688964,0.43783069985177,0,250
1.3640889208807536,0.5639875317901815,0.23043113704425464,0.4347255431654689,0.2778311437971451,0.0844666565474004,0.09337248884421857,0.321067696848592,0,250
1.0040162995705455,0.6400481893745185,0.3032104222698671,0.9574292800610612,0.2485036003877502,0.0816673610320091,0.092085224425525955,0.5266829233983428,0,250
1.4865826534317919,0.3721834210165929,8.080356162014553e-4,0.19515578643670395,0.19065118493385316,0.06897615580931649,0.09783158544194555,0.1972882238094848,0,250
0.9768671998539569,0.6363101132556861,0.21245320817067168,0.2045386761910296,0.23121601364194333,0.07971610350154577,0.0871913648620415,0.3296664700698454,0,250
1.150488501569052,0.5012786678722866,0.2456091133251688,0.4692740361965866,0.22058784584923166,0.08653567571005762,0.10415327564642671,0.30952500918216447,0,250
0.8948333467309375,0.628249844628215,0.1154778697658814,0.5700835938006982,0.18672733054361484,0.06894038390959793,0.07722824290833144,0.3998260558794949,0,250
1.5549965885206052,0.37575751616419106,0.07854892116622807,0.5501677626126797,0.26098272700595876,0.09353273481776438,0.20950666444354377,0.2630743886960746,0,250
0.9176970156554695,0.558798157101511,0.27020199396168326,0.3220247093386453,0.19964861073736948,0.08876383424386163,0.10142916288642859,0.31647704799212195,0,250
1.0395876288667896,0.5952693683763323,0.1132780188430462,1.1648465016852734,0.20943869273891727,0.06950866051795476,0.08760799068478363,0.5110093593641568,0,250
0.8553223586705204,0.658281333024879,0.2172458502880985,0.827274458813802,0.19377232298694627,0.06956267181874819,0.07029894178030324,0.49876319368407257,0,250
0.9159923237975233,0.6706585638458592,0.3134736905081656,0.6693922231510215,0.24323944501923928,0.08141566442273146,0.08780446496045807,0.48590115075361956,0,250
0.6950902197644682,0.696594361867904,0.32271546059767475,0.5092228319196118,0.19799546230480247,0.08112269386292877,0.08784672673133434,0.4851540255620654,0,250
1.0581985063199069,0.5923110766510497,0.19004461188702443,1.0425130345986717,0.21837933909429832,0.07374937614392994,0.08674017624762465,0.4873685140984259,0,250
1.1297711993353914,0.5279917697424109,0.10753281213355269,0.4037046617507574,0.21256754818848353,0.07847307670899724,0.11184216296346579,0.3016424300805015,0,250
0.996239935611501,0.5945028578138101,0.17400199551132814,0.77227380672787,0.20523010247039172,0.07425000529423283,0.0879003146682757,0.4252102445656073,0,250
0.9229851767914609,0.6522009419763816,0.3452131707375472,0.6405278380200784,0.2438859956315688,0.08753894109052499,0.09420290625258422,0.45940236056870654,0,250
0.9218964332134171,0.6806749526703604,0.2869036486140881,1.4438083068389655,0.24086041232507976,0.07762059548268488,0.10184427664625646,0.688640122418794,0,250
1.150030436029207,0.5791147006696735,0.17676207467326138,0.7971505951085115,0.23436589687183282,0.07622872913806336,0.09083915889146237,0.4182948323782959,0,250
1.3133601127301617,0.5175162321167535,0.21370562644486074,0.45021565513892026,0.26238447672371956,0.08872164310116509,0.120095831968109,0.30625012625864706,0,250
0.917896347657907,0.6282834379456224,0.14198564384835835,0.8444451988789914,0.19341337341295836,0.0690543374426483,0.08056337230061932,0.4642981502464483,0,250
1.4571789203491499,0.4828416695109011,0.12898781699161244,0.548992813762504,0.26203734633166453,0.08378728013206312,0.12816488451472524,0.30296625407672284,0,250
1.4123701428185396,0.5180718043862116,0.10660744935975286,0.6669898744182875,0.2560694550695565,0.07954249669980004,0.11949637921268344,0.3363546812996472,0,250
1.0222455403468111,0.6166647544221177,0.19943874993290803,1.0808187942476342,0.21936369446473317,0.0728559910878998,0.08491228271599997,0.5156762130554481,0,250
0.7737390974264367,0.6778023746951879,0.15560947337501327,1.2063700964633557,0.19214575275631915,0.06944014942249985,0.09164512245225065,0.6246282357585817,0,250
0.9440535387318029,0.5816259327103259,0.3679111005871903,0.3795091361839368,0.2444777043141283,0.10375302474487688,0.12396295277081408,0.34698135069081054,0,250
1.0935039613116415,0.5299130694543372,0.21253445793191303,0.2803775331079917,0.21029778599469068,0.08326057410733612,0.09711003152926032,0.28087792376045867,0,250
0.8590200101631738,0.6422601640823795,0.08389391171167887,0.9769229579702812,0.17802426632506335,0.0626940551503256,0.06920601395532473,0.5061333400885876,0,250
0.8256596699985752,0.6361399730503189,0.15237397535615296,0.8002872065265577,0.18103824768426702,0.07054949317683758,0.08191511415368426,0.47056103962409324,0,250
1.4531209236670717,0.5025296722530187,0.03361800308392369,0.3394397641158471,0.23468629211925773,0.07168891204502453,0.09382369093608336,0.2643578623248194,0,250
0.7505118600625709,0.6587171654641388,0.05249351158821973,0.9121548424484631,0.15798067325136964,0.06177201079619614,0.06938807930390199,0.5011824503173564,0,250
0.9579055222823499,0.5982843267133445,0.1949037021216104,0.8698674147134683,0.20903647683875015,0.07771441157036615,0.0969595316500628,0.46110545432203387,0,250
1.1671542555758403,0.5385571791193066,0.2263762618399366,0.6472627954623472,0.2363890901345686,0.08423807996657474,0.10218360877791978,0.3663150878025574,0,250
0.7968191713092583,0.7114541974831269,0.23477562118847053,1.6863045113340123,0.21466603919008181,0.06747885684452903,0.08614333493121797,0.8208873662465649,0,250
0.9808426060489791,0.5890083444215859,0.2576267909532472,0.1838492957359127,0.21574110368199967,0.08578244653532119,0.09019861603488277,0.2955457742210624,0,250
0.597652121330008,0.7289340320139979,0.35788917747339477,0.7539451091128098,0.17579240397751666,0.0731247821666647,0.07737691541890586,0.61410925755737,0,250
1.1541854507096658,0.4883180469698754,0.0614181930273857,0.4911860041077759,0.1904953569268887,0.071980111350075,0.0931777765964081,0.3000106097104219,0,250
1.1016112610093785,0.5065693093585034,0.15751438684729194,0.2792585569940745,0.2014063662214955,0.08094650243695045,0.09985439107628366,0.27125141517953066,0,250
1.349379638784769,0.4244689532462869,0.17127895196121076,0.364564070201275,0.22981354578404575,0.08925105434513729,0.13916458301510118,0.24933594962541428,0,250
0.572965190539708,0.7075973112973247,0.24397436666221228,1.6773700657597963,0.15315475439288698,0.06515909006967108,0.0746224844478043,0.858940895223391,0,250
1.0084332068940411,0.6165797759608503,0.1189657458065988,1.043689642505182,0.21047383440745449,0.0701908045672086,0.09053228200889844,0.49520173773081855,0,250
1.3414576204743538,0.5529260145040488,0.06957806041869447,0.4588484662439732,0.24913362457579952,0.07552827370145535,0.10273681763245016,0.31261332617263954,0,250
0.977673809432147,0.6522235913386708,0.1275738943810165,1.0041106502368664,0.2119229115954341,0.06764711875789226,0.07923487088405516,0.5134219877042585,0,250
0.8019959554017975,0.6567897368928817,0.22519975869761275,0.6653380349967676,0.18934385027043793,0.07223247731287719,0.07720408622235322,0.4680683422600134,0,250
0.9570389971524043,0.5836926872174876,0.09181279704445708,0.7067061209939195,0.1862623687880967,0.07116829797231988,0.08999754409104654,0.396756414685216,0,250
1.3306817260431871,0.5056423261725423,0.17537342558787616,0.4204543120215274,0.26433320143361977,0.08984877904561576,0.1391616498708681,0.2920575507348589,0,250
1.140685407599042,0.5408121044201681,0.14842719892390824,0.051782816139392236,0.2227875876396162,0.08408593531394704,0.10553790537131286,0.23393310622547914,0,250
1.445946632166519,0.5025322001932235,0.15328206368217356,0.2007474736368403,0.2655362708619783,0.08563500914909081,0.1200686936422812,0.2433228416168406,0,250
1.2078163674801574,0.48927459283800373,0.1786119607228356,6.566047613398276e-6,0.18570771533389685,0.08053918387411682,0.10258718777770442,0.002459420804709362,0,250
1.0952218415734063,0.5879580967111089,0.21954093809351308,0.5021933465511526,0.2603210020720172,0.09117594357878193,0.1271666498880247,0.3626103736469343,0,250
1.0702368581661783,0.47944314298910007,0.14524904884990214,0.40511664197969344,0.19910037868518538,0.08767957055806189,0.12758414514136013,0.2856184859308647,0,250
1.2153566976865253,0.5596036522378167,0.23533355731935368,0.6106701626447986,0.2668149121403039,0.09081143949820845,0.12382940190615305,0.3640190391133022,0,250
1.0589658338942902,0.5555357874358368,1.7595702871079725e-5,0.46182379101328735,0.15767226969220519,0.053589235807324526,0.0023620333924461298,0.31753220328035303,0,250
0.8754806174506721,0.6631915769073801,0.3347217116664869,0.6577803910245367,0.23863813377467202,0.08715064749560056,0.0984846104106379,0.4774526759123267,0,250
1.3321112058739386,0.437330913213762,0.10359598651119653,0.4776791284111321,0.325587481769143,0.12957341558211277,0.28858411984110904,0.2838506154516626,0,250
0.8861281506579062,0.6342621125307155,0.24731196130004207,1.0095102326119874,0.20311530673274686,0.07530860159991298,0.08578048796443193,0.5296970552111782,0,250
1.0312981695797787,0.5704221367543889,0.24322721809728412,0.5708742817326579,0.21363809844998982,0.07845126820225819,0.08796586772893518,0.37254440788160104,0,250
1.4627951432160196,0.42898788307507296,0.2381932243893947,0.4236806235737234,0.2962338540637541,0.10913555233263614,0.19585849739244918,0.2639173089592643,0,250
0.9572111934239116,0.6285850144646747,0.2949743785078409,0.9613430562014946,0.23038856941627683,0.0812187368100001,0.09279929487380084,0.5192308197423101,0,250
0.9773444206795325,0.6448494444815963,0.14414788824804475,0.578507049393077,0.21745422204415796,0.07184823322101955,0.08570643037913227,0.4117955125790208,0,250
1.201321627316413,0.5065334787058703,0.3034517232229265,0.2446979799233431,0.26590839233252744,0.10400731572242575,0.13579242816429543,0.26527056443228975,0,250
1.1568762579368839,0.5151872924655895,0.21974709173266077,0.2924279617144205,0.23796365800472527,0.09474967255543658,0.11887113391883217,0.27725864817027257,0,250
0.7766943539364681,0.6921873474320304,0.22603726878308747,0.5838429744841761,0.19323379681005345,0.07029705555978519,0.0732677604980506,0.47511391099241657,0,250
0.9328633096892679,0.5633160027579253,0.3394196646987461,0.3395890328793543,0.23871918102361628,0.10593147970166678,0.13444388568188073,0.32826017676168007,0,250
1.412083442093631,0.4504354531766885,2.3722685764278846e-4,0.6785903332601085,0.18681682213541784,0.05769028025525066,0.012571126941905736,0.30650529482103406,0,250
0.9148058525605668,0.5426938272273789,0.12311363140301675,0.6133117443255047,0.17431282496506853,0.07676864956116901,0.0965007212809059,0.3624393691088538,0,250
0.6029303423170312,0.7670520810325794,0.2742289753306253,2.297303506682822,0.17780223652717322,0.060971435701919006,0.07961042226181525,1.1364000678307393,0,250
0.7214973975921,0.678788167110891,0.30508686260210777,0.7259840817595504,0.19359631059399768,0.07877134777495756,0.08576988112175908,0.5271458834493733,0,250
1.0576333022815294,0.5967630754706696,0.08597399797556109,0.8141207302599837,0.20463334867934344,0.06840422951536523,0.08453834186465582,0.42078776917765837,0,250
0.9371494281633219,0.6300996596754272,0.3253421037312289,0.45484288141680596,0.22923081359441888,0.08588302464242663,0.08638089505412358,0.39143466894549356,0,250
1.2880869936241983,0.5227254150310064,2.850268533905102e-4,0.8827281725485033,0.19639779086767611,0.05963848180721057,0.05519226898343373,0.37735349601133905,0,250
1.4400957537239127,0.382160117972501,0.14250983682120844,0.37672637956815747,0.24009100495703617,0.09351350737286651,0.17687206374277573,0.23655929047404933,0,250
0.8165675760700715,0.684871834254017,0.20009936346452217,1.0844092414616584,0.19282210871648486,0.06822750687728922,0.07488160153190951,0.5836245106812389,0,250
1.033354911581023,0.6450211556539452,0.12864837622204114,1.1639628788035032,0.22874394914864463,0.07209038999971318,0.07889205528157572,0.5533607552271986,0,250
1.1709486850338782,0.5817986874046982,0.19947409375842076,0.7582153104668957,0.25378557047002454,0.08224346378064064,0.10695727267484095,0.41374409736762796,0,250
1.0685493132267951,0.565866721173859,0.16017873670701574,0.8295609045494647,0.22022347022253802,0.08002875098271174,0.1117564050273581,0.4176810200765318,0,250
0.6473234009581068,0.7129063556468768,0.230623179216919,0.7784141136765714,0.16897309855264597,0.06749424599977187,0.07169164397289413,0.5654546883339009,0,250
1.2391701915013638,0.525696736173138,0.1015464261783246,0.14559197837470522,0.2170856347437573,0.07589661526767712,0.09023133700280814,0.24447504975788656,0,250
1.0601501131894946,0.5617319421234304,0.06658534699254696,1.2618902233280822,0.19982783140574858,0.06940108083608508,0.09712148891366747,0.500145111934619,0,250
0.9700038068605579,0.6238427063825811,0.12905104897124178,0.9358621515125676,0.20200239107929918,0.06816411467372749,0.07914944714627704,0.4815353607711564,0,250
1.3155168951047747,0.5086109008779212,0.001156476670681346,0.342655897541122,0.20073637298619007,0.06502294786853215,0.07432737284262622,0.26819740148128324,0,250
1.15236973432515,0.506794788095969,0.17478995422665775,0.8060926402848283,0.21442694877175544,0.08130633645761146,0.11318650496753324,0.37693067905112726,0,250
0.9052099045870198,0.6564218493894151,0.17208749491315162,0.9912880124276626,0.20932730936240349,0.06956241434830893,0.08313258162770887,0.5360309250660353,0,250
1.4740707818054761,0.3574392270691203,0.18645492316420362,0.18769726951210514,0.22544018221988119,0.08964686298094385,0.1428370508788131,0.19591521935692616,0,250
0.8972507458437275,0.6369094519519146,0.31814092123588394,0.2914389025220175,0.24941439817592578,0.0950887370795449,0.10862179474170834,0.36599111847280447,0,250
1.2580759010649076,0.4359752371453177,0.27873800137487753,0.5726094014458034,0.23302663634019943,0.0957916134649886,0.14038318717759582,0.300130420076991,0,250
1.0520300659241029,0.5967663589852696,0.28610455044651756,0.3935157421501786,0.23397159201572787,0.08407147872388028,0.08899977913567547,0.34560418653601177,0,250
1.1071786035990419,0.5260820530855559,0.1380397034074568,0.45523393568883974,0.23980999529326238,0.09497143275323486,0.15485808284343472,0.31460465459668435,0,250
0.7533997922004452,0.65818055711487,0.27364557483446245,0.3873043256001841,0.1954192897204826,0.08259242894564403,0.09248036718669318,0.4060685507345573,0,250
1.2583364666905974,0.4518702175512344,0.20157846119847905,0.21888353820698564,0.22790199940068434,0.09108277185182136,0.12866762539514326,0.23547330283206752,0,250
0.697698912740517,0.7048616693823143,0.15805269688663914,0.8558762551779564,0.1676153963285561,0.06282868801917071,0.0647668338653781,0.5557418163589757,0,250
1.1496380313933428,0.49578911050329716,0.2251532816392965,0.3741690977786295,0.24363879210414685,0.10101584220976076,0.15160457960758467,0.286161748792413,0,250
0.8766454711991851,0.5860396012883679,0.03336777042427144,0.7570930540962332,0.16317724244026682,0.06497545812129747,0.07554389165743783,0.41006237829699677,0,250
1.009057368237529,0.577048997250865,0.16986973682289844,2.791554744193439e-4,0.17393799907758306,0.07781603985720394,0.09190936628693229,0.03398435625748416,0,250
0.9676609117647804,0.5960181030578797,0.29824666904000957,0.46545729255781504,0.22538249110864284,0.08661187148745589,0.0927835615153652,0.37374239354074523,0,250
1.462410840282051,0.39851308551726844,0.04633196336638238,0.23835330904772856,0.24689242449169718,0.09400680464049266,0.18618860869384105,0.21344389489020338,0,250
0.7464953991637348,0.6969889539169251,0.15330476830525042,1.7771500031784289,0.1877356078163042,0.0630005137040579,0.08095278793744826,0.812299869413791,0,250
0.9173204280885113,0.6194923645560242,0.19258101248915271,0.8175396856015887,0.19980772019919243,0.07272943597248634,0.0819322365142733,0.46480616738353653,0,250
1.3701691172955295,0.42650286500184537,0.20997133463505488,0.36149364535309664,0.2386113844517049,0.09103056965940952,0.13374913005333683,0.25057710633473623,0,250
1.0500127481437864,0.5514908439856768,0.13107426974759367,0.5527952361708849,0.20343778987799618,0.07666084581387406,0.09981470607359011,0.34761848728516326,0,250
1.1464529442635825,0.5448609441867575,0.21430552420884325,0.5558081545279343,0.22938567287865283,0.0827202621983223,0.10158164003383265,0.34677029099563905,0,250
1.0053555653003796,0.6576449318076387,0.177283133145663,1.2895165506827333,0.22295178026536489,0.06722481963742097,0.07777280286479224,0.5956009028634212,0,250
1.065944842524834,0.5750325816900228,0.12932815294022187,0.6389855008100167,0.210440952291444,0.07637743984895876,0.09523457938201385,0.3742960489460477,0,250
1.1666444827812983,0.48078923773444465,0.1742082595413977,2.5041105342029854e-5,0.18619775362411226,0.08501911395360144,0.12110296878398807,0.02613433560429211,0,250
0.6276101494261894,0.6890274200493565,0.3048705458359661,1.0243945162079886,0.1794301427782019,0.0813966739048589,0.10349995809066964,0.6345569469392318,0,250
1.1711590013346072,0.5085562791167481,0.19494186841694452,0.23773698568842444,0.2161800921801382,0.08383573207879427,0.10279038453033773,0.2596387115969658,0,250
0.9894732450393995,0.604120565041525,0.14044108902600227,1.3170310803826935,0.20665433751200857,0.07097873720258423,0.092437275771806,0.5588075248169969,0,250
1.0925899883623222,0.5131231797184127,1.7035639393455249e-6,0.427103451276727,0.1558759393788024,0.05535653103047515,4.526720185008584e-4,0.2937676835707868,0,250
1.2302535862660136,0.49316914760712377,0.22895809528167121,0.24451351029544424,0.25408655979061584,0.09932776582464073,0.14610974139969904,0.25472404765096895,0,250
0.7863394576282449,0.6664380844199671,0.21566995037754347,0.6924283191396025,0.18554881446573915,0.07275204573464626,0.07715097274782305,0.4748379316719584,0,250
0.9873002373883842,0.6659215999635112,0.16108133202607094,1.2291959068365645,0.22226464248426234,0.0677357864581838,0.08369068320187002,0.5813102094277763,0,250
1.3401759635667072,0.5174777022721395,0.18723205269473278,0.2798213527817026,0.2708734139079556,0.09103821962004542,0.12976937232751104,0.26859743676197395,0,250
1.0617789483158842,0.5957899568892963,0.17693144460882362,0.4938202314665476,0.2203966263402127,0.07587403876357127,0.08585812440987546,0.3616953494565642,0,250
1.2817999890002474,0.49498302939411926,1.5390396337341703e-6,0.6455977336252073,0.17530652989960926,0.05367257575619633,9.553581645650416e-4,0.3185519170256891,0,250
0.784113257126699,0.7188163744052488,0.348074717186299,1.2053033883187245,0.224186900430838,0.07452765105830036,0.08056468299096237,0.7082785188374079,0,250
1.6238128572203359,0.4040242104765046,0.18707623177942115,0.6061971050531908,0.2703074954288047,0.09021938495021385,0.15073237602723447,0.281905702644594,0,250
1.3168462004025192,0.5490234152499388,0.003056560979028291,0.9060954251713293,0.22794035126032505,0.06811667333310341,0.09725957431407628,0.392806660076594,0,250
1.095882966975035,0.5530445937574621,0.19393476804092882,0.2704888251260245,0.23147541791145232,0.08679620507271292,0.10993565247723407,0.29182871843375335,0,250
0.7718917933476727,0.6150573016575874,0.2859289161791596,0.10218624783956431,0.18925615565395015,0.09138122684125806,0.09073265810968902,0.3003000281308403,0,250
1.073062119563159,0.570607860156834,0.2892532863248333,0.7896735486013051,0.2295250537918254,0.08295139303491779,0.08952068413830186,0.4244974162827048,0,250
1.0666922685744784,0.5395628511447211,0.2825308377739268,0.9309201411256951,0.24072911817396697,0.09341598211838226,0.12591839263623844,0.45170966927946926,0,250
0.7609721973242376,0.6725713112799123,0.20296943610439402,0.7868437888865161,0.18255749969139995,0.07017269437821361,0.07857856166626427,0.5109230953430205,0,250
0.8249655449914959,0.7073125540915092,0.176252572125752,1.3430109664812424,0.20679214784501712,0.06589891816773566,0.08585383536894424,0.6743411178459037,0,250
0.7787949460548396,0.6819745514264242,0.25067956998350627,0.9674661134307444,0.19561701315178767,0.07128762358879198,0.07905433552155205,0.5782282438928846,0,250
0.7419117455767732,0.656666912113663,0.14491125954438352,0.35205582074181896,0.18469414749514346,0.08025368913694897,0.0938791668153682,0.3826029315893698,0,250
0.6892690631610708,0.7559019709404592,0.44535857302302156,0.8778011821472537,0.24004958740396476,0.0813657283638933,0.08194486013776629,0.7091623021410269,0,250
1.0950421256614125,0.6115434668842745,0.27641108918183743,0.5002484341039917,0.24385830611546108,0.08074443805894324,0.08293997910745461,0.37667143742043685,0,250
0.9550270695860313,0.5538000907143396,0.16394885466941006,0.9398951790710657,0.19783065133114147,0.07988226433663853,0.1098831313536748,0.44985992169138034,0,250
1.0113174981029753,0.5219943199911986,0.0796132103461681,0.7033444971755323,0.17953374829745392,0.07247306515976434,0.09683335529762457,0.3616943283155005,0,250
1.1480786086914303,0.5472301377777611,0.11185902845937255,0.46713167431267194,0.2105158821471258,0.07582292464651616,0.09604987622056095,0.3167198850212354,0,250
0.7207164576711553,0.7267416121221965,0.28021402288486896,1.3417477900452912,0.20262391162312074,0.06925951859500268,0.08405119632601918,0.7531804627029383,0,250
1.2605641061927195,0.45857080925426197,0.09661358427784547,0.4860435186037405,0.22866313530856217,0.08953483791603177,0.15525412880347825,0.28434149233849115,0,250
1.4582148219351982,0.5386544376842198,0.26669431521320935,0.49386357659734964,0.2989342901825089,0.0880475946642513,0.10195345028788143,0.3244491859966085,0,250
0.7202992508824636,0.7189685619660323,0.28311014405338797,0.6059585710452545,0.1895425511684731,0.07102024473179919,0.07040365219656991,0.5094850323798014,0,250
0.9913335897922985,0.5660082554209571,0.16683985594984804,0.844163519376232,0.20284684294657954,0.07800106337892858,0.10372614839754911,0.4276433682018598,0,250
1.0837494595804738,0.5759134523952937,0.14237824368153085,0.6886203781433118,0.2216590763271358,0.0778258640621599,0.1032783610841479,0.3888654099455975,0,250
1.051777033043107,0.5140182361588223,0.03210727828914945,0.6854820244526884,0.18924542741448028,0.07413122809805318,0.11013070460460953,0.3541670394115907,0,250
0.715405462495112,0.5512329373475292,0.31210881444435234,0.5456172040604674,0.16221936743371135,0.08974440587700701,0.09715068447679556,0.3899508335511714,0,250
1.055341276810456,0.5546936648107997,0.1548689355635132,0.5901300375493096,0.21229986127848005,0.08007024225881641,0.10900528352698245,0.358958854588345,0,250
0.6551868428664288,0.7398901337501771,0.23384115091458554,1.5598649930345725,0.17501790433783515,0.06076304460995921,0.06474858748170373,0.8298156120535515,0,250
1.072462684488592,0.5575525155378022,0.32764291236432486,0.32183745672291236,0.24136099491040997,0.094097859054729,0.1025915840711913,0.31106507015895346,0,250
0.7895206002195163,0.7072466998327677,0.32017196418713945,1.1236163298551578,0.21096708349514248,0.07295129373446178,0.07786906988162996,0.6495943183668005,0,250
1.2365726761869629,0.559183089941821,0.1982403961197528,0.762697561543152,0.24578611087347751,0.07939311962449047,0.09904007290739605,0.3925917932260278,0,250
1.0591168488074612,0.5857349868007584,0.3234840638768353,0.4218672303983494,0.2662302503902059,0.09841621152041155,0.1228938270419352,0.3526131613667824,0,250
0.8490941139328769,0.6499455556122222,0.47507502788241063,0.5532292557422193,0.2554226223818512,0.09928045684159797,0.09131610791561716,0.46978425282389524,0,250
1.0469948035536067,0.549929106318306,3.7330474705069275e-7,0.6371402004784033,0.15657542317828554,0.0535813156252219,2.0103910586991486e-4,0.3492799818881452,0,250
0.7125705563101034,0.7324108468932504,0.30111484454801435,1.0040153372869716,0.20700217987697891,0.0709188352559508,0.07719826540722335,0.6719717687264509,0,250
1.4058799114766496,0.4694488609796754,0.16455960368312994,0.4009152123110606,0.24617061892948652,0.08549628450141054,0.12541444848547212,0.26834697101284405,0,250
1.367422676950411,0.47652580185816046,0.14788748203699661,0.36486575426916334,0.23774876380902038,0.0831213942016068,0.11689163461659714,0.26541578309714714,0,250
0.9489567335210567,0.6074846563982716,0.14117545822448235,0.5327340847344636,0.2076821368803111,0.07794053363012117,0.10189179159171229,0.3788930128551043,0,250
1.0369714390379643,0.625775012860855,0.13239005432050827,0.5068463033308694,0.2359888070781949,0.07875884455523743,0.10550734401039914,0.3774370558133608,0,250
0.9371019227470611,0.6190092288459224,0.2871385711669863,0.5344969439858466,0.24301874669726828,0.09361119124279049,0.12417147022827961,0.40112036725772054,0,250
1.3348525702667808,0.5269239575986541,0.13493550231646537,0.21142017011633532,0.28660452916566204,0.09605146783918457,0.14780964195379936,0.2560280576748179,0,250
1.1526223826711184,0.5401518115970073,0.09993950690626464,1.2773037738548767,0.2227302455455404,0.07734602048570194,0.11944099570676166,0.49155294307374864,0,250
0.7578945726479579,0.7309518838749348,0.25242159540788306,1.7137674516163441,0.21739437738585102,0.0687926456008983,0.0950824603816725,0.8619040116912587,0,250
1.0395603315899604,0.562855233317759,0.09154286502971312,0.3789321898139453,0.2037838375356092,0.07549511847937197,0.09759549040200644,0.3168357618586502,0,250
1.2464379169720587,0.5055917421257325,0.02180561411581558,0.35876409877615956,0.21366570922587097,0.0758039562047204,0.11050459777702439,0.27331749925553983,0,250
0.6321100662163422,0.7491745547141807,0.31725820610436034,0.532810328138191,0.1809055375574678,0.06869737733511365,0.06355571344670904,0.5464401752486359,0,250
0.9603640304528163,0.6015209056699832,0.10927285973904528,0.7301659392744307,0.20341763130973342,0.07593135177948779,0.1066855398737272,0.41448213581170706,0,250
1.2199696100601993,0.556188668496147,0.2000249476587021,0.6132600217822086,0.2578555098282917,0.08663371374159076,0.12058219205591796,0.3606155117666655,0,250
1.1817672786978606,0.5737030881334765,0.22816172385490935,0.3713202027873896,0.24249500927211126,0.08324943406650205,0.09422200873924652,0.31527485653276704,0,250
1.0722604352745218,0.5963577023022854,0.2731018606096119,0.154665893776212,0.24634888544612885,0.08873806486091763,0.09527308605924892,0.2896238231621108,0,250
1.065649102330717,0.6318643987588486,0.1889215556887274,1.0898305680468279,0.24559332988418275,0.07716105509471634,0.10599561666884169,0.5253887633432897,0,250
1.112932851888697,0.6100829603550437,0.11246159198804759,0.4953478919945176,0.22013869049256005,0.07037700396915846,0.08094584243727701,0.35725924599046815,0,250
0.5571229395821188,0.7735836055643861,0.3846517050457123,1.688383733404567,0.17761656594984576,0.06347043577027503,0.07235599311782223,1.0316588851762567,0,250
0.9640515496242873,0.4602536207276883,0.23264525243923212,0.33395336276459653,0.181063013212842,0.089496065427626,0.11981835349158278,0.2740719427449074,0,250
0.78444494014325,0.6570638908944593,0.1891133443055461,0.9040945892543456,0.18775840761616822,0.07336316624892882,0.09176656646623182,0.5239443070635913,0,250
0.8794050466302612,0.6166683646689111,0.1331800419215071,0.7852717062219151,0.1878235285355227,0.07199327851563933,0.0895057468092551,0.44776967179714566,0,250
1.3797657208886154,0.46805757047353286,0.1046687402837022,0.4793741311744893,0.2334105707896439,0.08045310918340845,0.11991231954122768,0.2836404978715053,0,250
0.7902645702742872,0.6674048182813269,0.09978259742150569,1.3894025968611894,0.17732227545998341,0.060820610847612346,0.07645698820597727,0.6437182027284258,0,250
1.4801003110035238,0.39115665437110275,0.08540518896496373,0.3440351957641127,0.2339651892964772,0.0868314448365954,0.16046883932647862,0.23034830753833868,0,250
1.0899505423355176,0.5449376343212124,0.1886324057798438,0.5418981049740124,0.20968477680904032,0.07883198749009176,0.09382996726502531,0.34198225297340656,0,250
0.8658486315421171,0.6689471161388639,0.1580680814342615,1.168153117355504,0.20196907325825667,0.0670926013748508,0.0786859900434203,0.5937441442890775,0,250
1.3795166546208004,0.5088143980679586,0.08304780628540272,0.9464076675830198,0.23994812054306183,0.07386094693661799,0.10480772482650205,0.3921086639882363,0,250
0.9069472802725586,0.5721887164779382,0.3038557013145749,0.4088516064851064,0.2116111313585955,0.09110284176879088,0.11099775443697493,0.34933522159496283,0,250
1.1456834630187298,0.5117264415851769,0.09185379714985784,0.5725887869805304,0.2066406723317869,0.077260027225194,0.10834439071731902,0.3273600956677815,0,250
1.0761651214884116,0.532354424430488,0.20229387163745663,0.5245214540792917,0.22269552144964866,0.0880549990218335,0.12228004123557694,0.3372817699604742,0,250
1.4384711551979072,0.3788528533927441,1.0825108919811972e-5,0.304024398989478,0.17041218060394966,0.05939217259618809,0.004922580648745211,0.21807267394087498,0,250
0.9118340713785583,0.6321232325847618,0.2273722968313582,0.17840416079617696,0.21783274709367573,0.08270892509495473,0.09286123915192472,0.32226320657907825,0,250
0.9246135066245731,0.5829680255294756,0.2605811574832025,0.8458080830815206,0.19965187986948074,0.07837881596971637,0.09699797246556337,0.4526260436457732,0,250
1.0706983966807568,0.5630359737230057,0.3076475582361608,0.32315581315837116,0.24597506452270895,0.09347664332533465,0.10793706087931844,0.3156816626129455,0,250
0.8387086180037421,0.6532875441985374,0.1547238053327245,0.5126879154635888,0.1797909192206091,0.06646176586253562,0.06547335873699388,0.40944863522490016,0,250
1.237594576874114,0.4287616734543236,0.11693669133385681,0.6267601373402154,0.20855614382992693,0.08341638870896666,0.13507912988628853,0.3050419180012895,0,250
0.710539301503038,0.7174406944813003,0.24936473231610573,1.4868695642739733,0.20193205472070647,0.07285558935005607,0.09641862326159331,0.780145320767882,0,250
1.2405996546673732,0.5199962506704686,1.3272101332715603e-5,1.0479174660235637,0.18375649676344596,0.05462479121525792,0.0038581621809650004,0.4117898078298735,0,250
0.8259121539767941,0.6751934835726179,0.19793728135905858,1.1254466234186478,0.19485837922485158,0.06979047652462432,0.08319407492050353,0.5847457491953295,0,250
0.8427772612195176,0.682239450958785,0.3000069197943742,0.7445915321575534,0.20915202986233067,0.07344084471164283,0.06895628956486546,0.51100879462301,0,250
1.2211711136706989,0.5673561080275923,0.19964436370251978,0.5279649610251536,0.24803813893613663,0.08052002391384556,0.09721501009693966,0.34761447505031956,0,250
1.2042749681701697,0.5422538931450006,0.11462089816534242,0.5853459816044367,0.21264421218254528,0.07111039552528169,0.08025577455779047,0.34078022372184746,0,250
0.794866576646156,0.6223463628864323,0.21965800693239051,0.9639987047498474,0.17728892472274502,0.07197951104286678,0.07921780699690172,0.5195920428088556,0,250
1.1949345147845927,0.4073995782509012,3.0231596638908652e-6,0.05773862367134456,0.14559756621541212,0.05868716672798413,0.002467942119970195,0.18942151961161188,0,250
1.0204292639034975,0.6623390372415423,0.24673743140554258,1.359831536903096,0.2394545987354411,0.07414327403239418,0.07865819818284428,0.6273301877824431,0,250
0.807836340067823,0.6596325953599286,0.19009599078606643,1.1745187026433908,0.18507921866679236,0.06810332350346125,0.07754549638339549,0.590987298598118,0,250
1.0471443742225444,0.5850580323203,0.17415265773823602,0.4697937439849743,0.22094423732936208,0.0793473968555188,0.09506851117678349,0.35223399341291795,0,250
1.128232812806875,0.5900197452420634,0.05589975636738359,0.5564352633355389,0.20903589192888192,0.06642876250180678,0.07375007650929512,0.3589569535300337,0,250
1.06762825171395,0.6137095226162106,0.2848953041979799,0.635803291956608,0.24941240758957284,0.08321847622280552,0.08911913163684484,0.4192446938757069,0,250
0.7388293734895113,0.7077971135894978,0.25241617449477066,1.0310243379972093,0.19421625593038344,0.0685993543828309,0.07597370401986893,0.6287461685991375,0,250
0.9844402621927552,0.5044112425038727,4.511793728973097e-5,0.6423835158480532,0.14478631110133622,0.05551591274101673,0.0018125331064196637,0.33804329527630783,0,250
0.953610379053374,0.5531045577860076,0.21504101677041157,0.22413551627857356,0.20027009569144527,0.08626088574384366,0.10371782249642873,0.28856203057454793,0,250
0.9161680998834276,0.6891390135806623,0.3172493410028691,0.5313104411558331,0.2713947515061705,0.08643663957070856,0.09591391673576304,0.4747318508053484,0,250
0.8621806024803875,0.6584505093992212,0.3771557088220589,0.7429413028695633,0.23825633386066356,0.09088415863944276,0.10103572489629703,0.4983170199748617,0,250
1.2836239615880343,0.5196198147607654,0.07342095128322805,0.4134633560498992,0.22246342176571415,0.07309623156140506,0.09276811525325579,0.29330094597210227,0,250
1.134422806530169,0.5578601425060014,0.17020459493570586,0.2513845575934881,0.2265407723286715,0.08097237140881257,0.09624214512861033,0.28745336204049543,0,250
1.322564289775343,0.4505023574174299,0.013277081429550358,0.6088171805730159,0.22074467882804344,0.07929350949737489,0.1390757902619263,0.30127895427655377,0,250
1.1192975372476406,0.5458205176034019,0.1785678153288642,0.36041235906675656,0.21358101679578986,0.08011748370433615,0.09079237419219395,0.30153120843096953,0,250
0.8102389813499112,0.6591623325978581,0.2752847504724099,0.7376021112843929,0.20390432118831653,0.07849532591426726,0.08857486844499313,0.4949102964351534,0,250
1.1411607667641175,0.5068172908094691,0.02037890640178337,0.7921001314546833,0.21610396578861177,0.08307132671389207,0.14370938903106023,0.367288298947462,0,250
0.5838531084067403,0.7670921594860503,0.39279405170939863,0.9990897522954796,0.18984903371465708,0.07179310511677517,0.07541032294086361,0.7578650503525511,0,250
0.6391822183294914,0.7361975639474073,0.26282413699504736,0.09758049373316087,0.17781437332175737,0.07152295762446614,0.05784855738891176,0.4012973058382353,0,250
1.2729979491292982,0.5401375414548235,0.005209374696468354,0.705228195625035,0.21404715082854817,0.06644800780194506,0.0844747295702827,0.3537536496384984,0,250
0.8349685584138609,0.6552243200007832,0.3488890280497611,0.7437444890411002,0.23259360497311868,0.09025443797121356,0.10699168410900449,0.5031133836787093,0,250
0.8184307618587697,0.649584492819788,0.27158500167078703,0.6394219684933066,0.2024181957157107,0.07755823921940293,0.09065698397053855,0.46182392781152315,0,250
1.058253446004083,0.5458886112915622,0.17919369254200485,0.4946326337872033,0.21556599538153964,0.08455631715134,0.11499837285675121,0.3337064519118635,0,250
0.9754394217303939,0.6155439760186712,0.2572149352252537,0.7159508504559504,0.24553540278854888,0.09272280148636497,0.12586044958302603,0.4361900473516817,0,250
1.3548208349704793,0.43544167368105097,4.6146922995777546e-6,0.416893282967739,0.17195266160529138,0.05789394795643094,0.008990341364718081,0.2550071687037418,0,250
1.2813652619182956,0.5322637429775878,0.15146191342616755,0.5009268072141092,0.23851544505747205,0.07881372268428628,0.09992755619356182,0.31900588113606987,0,250
0.9594737754486982,0.5531921117585896,0.04409402684226474,0.5849554054605878,0.17674788283992332,0.07143911361895892,0.09736198577679728,0.3503768466469859,0,250
1.182043050135521,0.5062615631595636,0.18845623182500199,0.37502530243677934,0.23530708401147105,0.0896989110517316,0.12631830723107212,0.28980824253834603,0,250
0.5736533196015177,0.7689444033817139,0.27781757781810995,1.400004495099833,0.16668513604528487,0.05935041190903818,0.05770877604279613,0.8685623452067837,0,250
1.1374177408687283,0.5589904498322217,0.1668358126791781,0.8755296077974574,0.21706756503816865,0.07506591359033944,0.09482203891365637,0.41532863017381727,0,250
0.8461592793956193,0.6864134235772409,0.15154907570122816,0.919333458093131,0.2032103058752902,0.06751803794175586,0.08194127098777368,0.538082970783382,0,250
0.6616217285525617,0.7151867526090337,0.2723591237637807,1.6157652272563676,0.17563126165535475,0.06769777805453787,0.07206316483175414,0.8189050190369855,0,250
1.1787106321164647,0.5762180878561615,0.2853928926503125,0.7143268209610831,0.27160353417398564,0.08916900891683176,0.11413073442837736,0.40988926136077475,0,250
0.7300315260027025,0.7145375328492309,0.6455973794594128,1.0785803421450502,0.3515765490859032,0.132965145543308,0.12414236647349573,0.8224447360879246,0,250
0.9498566352167841,0.6402664598172798,0.27413997949955976,0.5256081872831572,0.24069169331101392,0.0854511135910992,0.10209811516616499,0.4139752400763208,0,250
1.022573429354996,0.6075681264515348,0.3308638477251075,0.8510950591139008,0.2587465939502744,0.09332031197571926,0.11722809913156994,0.4742348412698272,0,250
1.207039442979572,0.49567380870610783,0.3812140085312673,0.1674828720125724,0.3081319581682855,0.12291566356773202,0.16101666810623336,0.2510001148109362,0,250
1.0976580933836193,0.5557442625224979,0.13944013320904589,0.3735060316749501,0.2147133844715925,0.08077523389202532,0.10637283974314701,0.3056080171403915,0,250
0.8705076422420839,0.6159842255877641,0.13133367211882527,1.0978678793688896,0.18365546971949567,0.07174959030276569,0.0819102474852208,0.5216077976500687,0,250
1.1078869953522539,0.5008427042285363,0.2178024703228715,4.4139951744502e-4,0.1920572324292066,0.08578487548368097,0.10504247559167289,0.1374320171607429,0,250
1.1426421526286823,0.5418855127977841,0.22922669058437165,0.14567724493281659,0.24727690197171892,0.09468056033956702,0.12272359125574123,0.25777382909902363,0,250
0.8863770043195671,0.60677310579058,0.3326333941295082,0.859194093922734,0.22475654753013813,0.08837043610426111,0.12084270855366022,0.4942109701220139,0,250
1.3639860484669972,0.511991570657539,0.25067465547348394,0.34984353256993683,0.29890362058445935,0.10033082440091699,0.14283359852373087,0.28539853834474777,0,250
1.1077161022699595,0.5569473178615792,0.08770967995906594,0.4997425800925109,0.22618603783715052,0.08110016990256319,0.11862843086602648,0.3350821112347936,0,250
1.5164119977260915,0.4547825126426959,0.18895440020048998,0.4522144803838353,0.29825144728277475,0.10060588887879526,0.17488725547418374,0.2748061139900588,0,250
0.9346078833051736,0.6355464863413628,0.30453196736710114,0.5444196039283784,0.23524066308540745,0.08553056828050568,0.09458162886773484,0.42065169240742795,0,250
0.5911164308026422,0.7347959586039254,0.26492197003781187,1.76068793706205,0.17353631744207892,0.06738180290547219,0.08414842137180038,0.936209629243866,0,250
1.2438746764237962,0.5462951498182538,0.32273920253739,0.35970257035663644,0.2928591406120474,0.10174125651079266,0.1276364511224154,0.30775630878831467,0,250
1.1809812994217692,0.5267965412260253,0.24006654731782182,0.7850253570140475,0.24648880516801047,0.09041604620581029,0.12726703421396998,0.38929621536478937,0,250
0.9143927681966494,0.599722202736523,0.055560025749498886,0.7318128395035186,0.1824228519193757,0.06931248574967165,0.08964856032528999,0.4115456804418399,0,250
0.9688419182891207,0.6009882764670439,0.22397061520678593,0.6476473160688623,0.23812192507849117,0.08926555304223614,0.12604370625423167,0.41748465136475543,0,250
0.7287573733441965,0.654456107078407,0.08060855208025652,0.740123526291497,0.1571594880753968,0.0631295985218435,0.06924183187196523,0.47044329650305466,0,250
0.7319220155842384,0.718298770054161,0.3051230567458566,0.8358016698188826,0.19908164220939817,0.07077318381310961,0.07074021150694905,0.5928497087163226,0,250
0.8891867107630775,0.6254861082238093,0.1828115824191407,1.025899591704674,0.20141562306843216,0.07579500170975863,0.09689351836366832,0.5192361579964645,0,250
1.2839505890307228,0.4481471629219601,0.18845762101543614,0.528244495580601,0.2380597736409418,0.09212220612180225,0.1463035887406274,0.29484985724772794,0,250
0.8372461829060548,0.6239360354226446,0.15095804405698615,1.2191921775424113,0.17930767919981322,0.06613544015572584,0.07925255313194339,0.5683860910534428,0,250
1.0512338440661941,0.5688878914028493,0.24597967428413575,0.3000531914339133,0.237858728787245,0.09010756549317672,0.10950708016296981,0.3120837645619249,0,250
1.147782207815674,0.5367069961908099,0.31087952772789956,0.21675572149477362,0.24550326969001754,0.09347719372239292,0.10101959673413519,0.274356235171516,0,250
1.2047638306351034,0.5301891240610987,0.23617778609697213,0.3089709832472979,0.24715736215288792,0.09027985397179507,0.11074295819128703,0.28598870658225906,0,250
1.0177361558135862,0.5972491682087836,0.2401379111501422,0.5814940655339635,0.23413040048320985,0.08376949316548236,0.10631394538379907,0.3940648984793558,0,250
0.9736883100530429,0.6045761605929765,0.2167609245095763,0.7456765452608531,0.2534574249727506,0.0988113776130298,0.14243322781074094,0.4385946113280569,0,250
1.119191875519385,0.552373182237569,0.27674520108342693,0.7481466259176067,0.2630198372486925,0.09739478744329809,0.14396608614571946,0.4046860096358579,0,250
0.8065790896643361,0.6912009064590154,0.2076662541321211,1.2328855224267226,0.19281641769139252,0.06582369463614643,0.07202460838332034,0.6368407193622044,0,250
0.9635360403549471,0.5702903012631335,0.22071286011102698,0.5671957939537724,0.19626437697553184,0.07872919310901488,0.08600329133628057,0.3708144811785277,0,250
1.06466004656367,0.576952785081003,0.1068401599627879,0.5541528423410647,0.20112949632977567,0.0712987537743278,0.08588874166732585,0.3543876304774179,0,250
1.153742148878979,0.5579236298610212,0.31448490934765294,0.20851887689929355,0.2607273456361113,0.09628603048683732,0.10981204930262008,0.28020912630253425,0,250
0.8721258777488256,0.6862903262264585,0.17728104509120665,2.071708911587916,0.20771190946177723,0.0635015023936175,0.07762336811360292,0.8503393816285121,0,250
0.9095988653058911,0.5923197081486113,0.19706775074338245,0.8573823646413131,0.19586610048348327,0.0763336237016187,0.0938866527021433,0.4590048518890301,0,250
0.8043503750561325,0.6481144214643162,0.21691376645387053,0.9408483300893938,0.19856297122325706,0.07835551878769183,0.10302745432290475,0.5308926254549676,0,250
1.04409256345018,0.5372735363315131,0.02818486972070441,0.6031404460641858,0.1874048629891729,0.07162699740705751,0.09882292650136253,0.34346044990511965,0,250
0.856000132294303,0.5621615086789866,0.2745931605508702,0.22738535802046073,0.1830334669690995,0.08639586823314488,0.09069389997757038,0.3004501164931509,0,250
0.75359255917996,0.677837946338014,0.22122574185761118,0.8194410908181075,0.19393851830911404,0.07472046022668583,0.09360795788510248,0.5316823935302338,0,250
1.2422847415752234,0.467822136154438,0.12607200203537966,0.309913990465319,0.21294392654599376,0.08247890990299671,0.11763273658558002,0.2546621714943239,0,250
1.2587444437704782,0.5783523546928802,0.1688520242987519,0.23215516980790882,0.2599933070555667,0.08170827541635899,0.10039121569964544,0.28607424002262344,0,250
1.1504583282592624,0.5815659800624722,0.16348159086074474,0.6007300678407148,0.23310182965389892,0.0766422260561098,0.09345416269315589,0.3714757282542418,0,250
1.0373488190860365,0.5357817274927356,0.2411774818475286,0.18344463909090247,0.20876661229639376,0.08678074592629698,0.09722734493419559,0.26798782474064003,0,250
0.8897621570512385,0.6532240730496954,0.052118128376928245,1.436343108879774,0.19267734707466797,0.06327093079953618,0.08468280960219794,0.6179545124137845,0,250
1.4925212345407775,0.38200723557088484,0.09025671564063573,6.8713314077083515e-6,0.24089647941535597,0.10111908423937803,0.20288846061720353,0.003358565252043697,0,250
1.114906955298444,0.567088152182526,0.03835067629450876,1.0559720607275893,0.20847163802138383,0.06920522917696129,0.09713828267752436,0.45122488479703804,0,250
1.1963706826993787,0.5736673668412735,0.24213598318150636,0.17524443017310037,0.2749518843226971,0.09370243462865824,0.11771824797404348,0.27819418276413976,0,250
1.6009234399298724,0.4716121159742415,0.220622232130935,0.17856888474279864,0.311316072427974,0.09750503339774608,0.14232021223974345,0.2273166814330987,0,250
1.14766050942161,0.5571384567925697,0.18252687289490893,0.43555352528829916,0.2596271258104799,0.09227189335878978,0.13176728446606417,0.32961486865027434,0,250
1.0397755256710812,0.6209933181456986,0.15026457624514322,0.177802057923865,0.21326291969311922,0.072315803779715,0.07542811930319522,0.3009788926056984,0,250
0.5922917354352993,0.7194248237184652,0.32278021654434813,0.772004665925547,0.16809290610672853,0.0740467443298902,0.07835183470080655,0.5952342715703922,0,250
1.4080914985348425,0.5108652639556559,0.1004241986453387,0.5232113045813978,0.2431686403989464,0.07698074323177545,0.10800134720670629,0.30385261591092805,0,250
1.1436855101313748,0.5798375643506161,0.3110485904114832,0.689857782787552,0.2899947461464818,0.10046503794581035,0.13922157712488106,0.4102629408850678,0,250
1.2767726117235154,0.5064392112664754,0.19521641451551536,0.2734296429156603,0.24305134783782165,0.0867895354806943,0.11313962804169903,0.26456655356392866,0,250
1.1777981876573842,0.552024127288777,0.14002116525590894,0.6259782499601373,0.23106452521534787,0.08019097435179419,0.10913975539509785,0.3566505312554397,0,250
1.3081327524561026,0.478790816222913,0.16229972458148498,0.395140941974753,0.23528232344759084,0.08722614619678432,0.12632363249858666,0.2734097480312584,0,250
1.0335925379427047,0.6137300994723787,0.40500777459759685,1.019938225245523,0.2796688672296169,0.0974641093236853,0.11349181402943577,0.5413374077931212,0,250
1.1184125613624314,0.5455591998266018,0.15212500290875164,0.5046158946095132,0.2132245812069629,0.07746882254528008,0.09490253000730621,0.3328877417949303,0,250
0.983459485390794,0.5721288745490446,0.1365774223643002,0.699006300662379,0.19205140705042678,0.07347822123788808,0.08980496188293435,0.39277394645511393,0,250
0.987871710031573,0.5997018478393705,0.0757402762499028,0.8550771400200464,0.1921798550357171,0.06653053733717235,0.07822198717907736,0.4390807992212935,0,250
0.7933294198039991,0.6218735356352262,0.2573182584003923,0.7922392995362307,0.18748010239038024,0.07678231412504098,0.0958911728313391,0.48501857099487716,0,250
0.6193533777736986,0.7110246492702446,0.23084453424073276,1.0598220130879006,0.17181631787124382,0.07115208713293437,0.08877385900001543,0.6585104486743497,0,250
1.260068890406339,0.5093428677297441,0.34686279773053297,0.34087592359815294,0.2715693376568693,0.09918505062478727,0.11229470959635703,0.2880629353469347,0,250
0.8038183996217698,0.7116440418368983,0.222909052149556,1.1544313201420588,0.20466716736657167,0.06728364621639744,0.07338882877963658,0.6434946532045065,0,250
0.8729984069269833,0.6876943582878425,0.2359235439891347,0.6840317385107376,0.21698226191365477,0.07240430020881022,0.07960253698601774,0.48654137318084173,0,250
1.3283761309692799,0.44206997442099627,0.08675887774108641,0.25852659601152944,0.21561499259215935,0.08097056401521208,0.12256800620239829,0.23426738863025662,0,250
1.047122314515014,0.5872271412453854,0.21744627982471493,0.6751149913530404,0.23075166411425882,0.08271311618319174,0.10576823348269512,0.403275625645453,0,250
1.0334496872825076,0.6132755814752429,0.35998860746722255,0.8063390050703626,0.24445068687573104,0.08349760947255548,0.0791128907186012,0.47060564081465467,0,250
0.7681788580915914,0.6417479115369401,0.11706682096710452,0.9373680387207161,0.1766537789039985,0.070656667574118,0.09103660595355431,0.5180972093563267,0,250
1.2743371498671137,0.5187118742025283,0.15829209485788764,0.6667158635842181,0.2464421665738147,0.08334535452514565,0.12152965110951416,0.35058163931214137,0,250
0.6709667602931227,0.7510933528196673,0.203216234372419,1.2137601021081086,0.1783730976035899,0.05935038003593849,0.06417877093127498,0.7210332696375364,0,250
0.9804262767949442,0.6340461533465185,0.23270115322546547,1.032249154050696,0.21645532293188152,0.07307610011162773,0.07981937099288323,0.520689143307121,0,250
1.3283188091891955,0.47293168622862836,0.2561207883561744,0.23316541838765867,0.27081926171822485,0.10009149734645802,0.14222081067078854,0.24667277257215048,0,250
1.0870249698320977,0.6023542641352395,0.1655646242955435,0.41565289189049237,0.21859297593525887,0.07167350057033019,0.07724046654100586,0.3452056031321521,0,250
0.7477849492384949,0.6878224967749194,0.1979000043921591,1.819964674215646,0.1865432905455488,0.06618018445381862,0.08273837575209107,0.8165160250830253,0,250
0.993409579262383,0.6096807418915643,0.2687084544343709,0.12683427745077816,0.23421685722287366,0.0859961391019568,0.08937612100552811,0.2986950330214269,0,250
1.0541232594177274,0.5396681259072438,0.17739909892733557,0.5061014564750231,0.20511877986034824,0.08026595608658783,0.10022690055688142,0.33468079366035947,0,250
0.8105822454620999,0.6656965662865415,0.24535535478133186,0.8899293505969165,0.19878396328852085,0.07394710448797875,0.08450870052075611,0.5338727037273249,0,250
1.0086902800189352,0.5257786011437869,0.1772065515681239,0.6208083110246267,0.19700971696782896,0.08162811149010901,0.10836351312066689,0.3568197337967832,0,250
0.8957806032435619,0.6689423840401257,0.20825964246987452,1.2618581756475742,0.22110372978573425,0.07532721508786461,0.09652236358979402,0.618250901294299,0,250
1.0089689343721662,0.5940804799467004,0.2662730137149024,0.46518746130175426,0.22539097468159291,0.0837770612928382,0.09345019574049575,0.36384247603170733,0,250
0.918819146773298,0.6642660944959665,0.15796299031519653,1.0920712891297677,0.2169837614724744,0.0694847171125279,0.09242420118244604,0.5625003164432534,0,250
1.0976007693868841,0.6028035672717647,0.1482182788017543,0.814665834740326,0.22069073258707222,0.07243814979317756,0.08696124482581574,0.4269379724220525,0,250
0.9411207936496977,0.5507780873313528,0.021069123093519885,0.4438157527367979,0.17803845001525018,0.07410106904873062,0.1035656957673143,0.32193301580413397,0,250
0.8374239211121497,0.6714822554994794,0.13708230045861497,0.851361524786965,0.1908283336407254,0.06749429098516352,0.07206586388718142,0.5072665810075843,0,250
0.811718026780302,0.6392003729007787,0.31103443707806333,0.6706951506139615,0.2477483728958252,0.10260021406935672,0.14165493696312892,0.4814419225208975,0,250
0.9028584120202289,0.5919172200697093,0.18435689706156488,0.5401900341466914,0.19562737021145984,0.0793366729087474,0.09859638744810055,0.3799234318095034,0,250
1.4816265793457624,0.3618534975760985,0.21842486665261376,0.1278701415164545,0.26576567622865355,0.1075024436048086,0.20837563912602244,0.18713660920970543,0,250
1.2079385659106725,0.5444199218289475,0.17810759254066522,0.3010886902126618,0.24453946834043452,0.08519614739568802,0.11116962516777831,0.28793964083250834,0,250
0.8114017392497942,0.6261268373575437,0.36217526548664936,0.07827149843377115,0.21536124655942504,0.095039781371817,0.0913580077582543,0.31066116841495006,0,250
0.9857091611036747,0.6102037245973393,0.3211295932435633,3.264248537880234e-6,0.20965778273623722,0.08760150695671758,0.09256057640540037,0.002557673749882014,0,250
0.9798059768540491,0.6350825518893066,0.09661239320916565,1.0054104279742748,0.20849455784800297,0.06679485938165074,0.08261732491742717,0.5036501609027103,0,250
0.9056093782342617,0.5769786858398366,0.29175910208812794,0.45182456491530887,0.21835402851559985,0.09443308778766374,0.1200863366270462,0.361471522921449,0,250
1.0984012821237799,0.5631291399408577,0.17935068102074403,0.2665816005532524,0.21173919868109004,0.07694548260807897,0.08206035848308704,0.29222561614133297,0,250
1.1860072835176498,0.5111337028581209,0.15522717957128856,0.4097931863195562,0.21271418552292412,0.07660100094606895,0.10048023224284783,0.2947503146951567,0,250
1.1145977312757507,0.5687306006256005,0.24593156829892818,0.1194143107989403,0.24500109346392424,0.09234469094307385,0.10394512605122819,0.26347609257724275,0,250
0.9449589430735633,0.6477082654835773,0.19632006937674867,1.6381158444869417,0.2262199568676825,0.07426387874130516,0.10519111836699375,0.6951693195014939,0,250
1.4500903560857064,0.3782383004600169,1.138688803674615e-6,0.13532891917842038,0.1686484781856195,0.05949287501383758,3.981284427535372e-4,0.19030357148704496,0,250
1.2963794740940042,0.5052124413541894,0.06359320647177469,0.604132257667338,0.2256649687714624,0.07655303753089654,0.11298350132719681,0.3212853547392162,0,250
1.0607526663761195,0.5690983336522655,0.23427938399480805,0.818851368768464,0.2298072247455214,0.08323619191637516,0.10267189509015794,0.4316059985161634,0,250
1.5517502872902218,0.4438695541426619,0.06886873438009153,0.22463878149538055,0.2494942852847923,0.08252244857329788,0.13036544802333824,0.22185589025808733,0,250
1.1135918662436273,0.5916900495237726,0.003873677976182757,0.971908225535424,0.22054614039503684,0.06946043852754981,0.09917107057229049,0.44790632956212,0,250
1.9794107776102636,0.3235992063647805,0.05538105218076952,0.3399240904438173,0.30299004209920216,0.09573731173646056,0.2343727999223344,0.20417665058991707,0,250
0.9803551011445052,0.5850428499442458,0.21323743431434858,0.7732073380159199,0.20132547047057828,0.07671738825116786,0.08955738827938409,0.42149537701513096,0,250
1.275865296786098,0.465737993879492,0.11019646109890509,0.4079401293758613,0.22873126267985666,0.08656594286962997,0.13934988809734009,0.27247129452569074,0,250
1.4446602029122146,0.4291431381784299,0.07017729820919479,0.3597298118055554,0.22097851945970187,0.07771378532915092,0.11786837057943816,0.24377550840013537,0,250
1.1278449760603664,0.5955430247969585,0.1757030731394145,1.17882093335605,0.22723270569797363,0.07188010941841892,0.0862348196168518,0.5093714255928361,0,250
0.937703186578061,0.5895780990905012,0.4586059109144965,0.08771745658303715,0.31173870354391603,0.13645847123020596,0.14281067621618168,0.29024518039088026,0,250
1.2373766295762891,0.47461110048441013,0.28222578842335144,7.342331050444584e-5,0.2272765663440096,0.09746605468878497,0.11780878174315314,0.0044257678565436925,0,250
1.6091779613397044,0.45142439053083333,1.5277397224052679e-6,0.5161300774491254,0.2047278002571652,0.05732899178707645,3.644344642678328e-4,0.2722379687446292,0,250
1.2013702495479144,0.5184021343264789,0.14268090524543967,0.6030926061036289,0.23831028534927304,0.08740131741513034,0.138359921698921,0.33639442346127574,0,250
1.3055991736741153,0.474236229361394,8.369741254049692e-6,0.4467924565024633,0.17298499256888206,0.05658554763602481,0.0011856911412386495,0.27382139441896053,0,250
0.7832694927942536,0.6886821087145772,0.31103316101766054,1.3373280862371577,0.1998733521284373,0.07105186106025886,0.07126327504173748,0.6955957243119344,0,250
0.83888925442866,0.6761106273603779,0.1634993408201075,0.43331890543350765,0.198619583753549,0.06925151412661658,0.07312920079833479,0.4151051925249706,0,250
1.0850143038869788,0.5957500999693393,0.09802121488870445,0.5631091040940119,0.22229395214323797,0.07398925186565138,0.09574737598193578,0.3695770276107803,0,250
1.0717534722468174,0.573184534472975,0.26280251108512026,0.6894941524699543,0.2289870351334885,0.08394554597026785,0.09881915115932174,0.3968699559126784,0,250
0.947433182842756,0.5450930999930108,0.25933058297755573,0.5097565436854188,0.20053886487235587,0.08572235755809815,0.1034335981726282,0.35320156215110754,0,250
0.5421280807196307,0.7674329129593445,0.3531387253859025,1.081430869011552,0.16949671617787515,0.06680686598910726,0.06843705132339191,0.793821119472479,0,250
1.0654115256197987,0.5728555788656188,0.07009646704347963,0.7048624513798906,0.21120971466902996,0.0745937515275772,0.10513630388362674,0.3858572651479829,0,250
1.3513549366467474,0.5341703559118511,0.18291680394436396,0.1938299484428706,0.27857187669770395,0.0903781260650731,0.12310739893458489,0.25749717529851046,0,250
1.096028825869097,0.5455335743357256,2.184183771667909e-6,0.8946795279632118,0.16835846122736295,0.054118051520131105,9.367101841335582e-4,0.40123067450581856,0,250
1.1253943259607502,0.5527492191918195,0.13973808378696756,0.4740265038410258,0.24775194736870482,0.09141684336572038,0.14180625566587454,0.32900174227089235,0,250
0.9317395739167387,0.6256771479834458,0.24048132461643848,0.749713729474016,0.2147973330914451,0.07945401428697893,0.09062856756675532,0.4535830090445329,0,250
1.0279044254667469,0.6116549413511301,0.34036592271963023,0.8191220503608598,0.25848041961219426,0.09411961638554081,0.10710648853311257,0.46471914946570325,0,250
0.8634956681767894,0.6614881327407631,0.2821551744059352,0.7571724429864589,0.2330385902480675,0.08554799051801121,0.11016510452366997,0.49785786668382964,0,250
0.6039698417351609,0.7227341421083038,0.262117532616585,1.353268718407964,0.16064345393572127,0.0651869316176428,0.06956030343341275,0.7586413397885375,0,250
1.076805381703326,0.6139758286832506,0.2007179470821432,0.8570820532213572,0.22890858650566445,0.07246489726625277,0.07890405135738604,0.4611537778338472,0,250
0.9783555362439428,0.6459446964066314,0.1846841867278905,1.2451493621088001,0.21883091980297226,0.06916677829855994,0.08017795357445666,0.5848580395047782,0,250
0.8959866933952845,0.6371482152235347,0.1890100016153966,1.2182047624044872,0.21773817701592155,0.08010469011767671,0.11684073049591859,0.5775304779323299,0,250
0.8869050453546605,0.6641967506716608,0.34377893092658435,1.6034381236923103,0.23436574968636842,0.08300709937693379,0.10322144927787952,0.7329234250672058,0,250
0.7780292315940366,0.6451965744942602,0.3853413298262527,0.7250588892000284,0.2419571732057798,0.10411653938707938,0.13182875347352774,0.5111606512243793,0,250
1.0779529751476795,0.5876683251354786,0.24358859333460448,1.0552673502199799,0.23354540145900102,0.07848065449745589,0.093670182890237,0.49712685728499867,0,250
1.2616228319424116,0.49847230820569627,0.08642640399862685,0.7216804279119023,0.22543678538298362,0.07856707011763599,0.11741769944981459,0.3475020764371385,0,250
0.912376081085005,0.6319025119715667,0.1379984438667017,0.475167218235861,0.19875683248980122,0.07286106184842472,0.08683781035740883,0.3802447943201848,0,250
1.180665463786049,0.48794278795021734,0.22048107947206688,0.42302513171186495,0.23936452581575882,0.09453909695711402,0.1409505772593867,0.2940287685097826,0,250
0.8692316509305017,0.6205035486545158,0.14256086632499337,0.9054484259938544,0.17949364274455024,0.06812153091190626,0.07631946499946009,0.4773997251486157,0,250
1.4022250960229634,0.3591748996351405,2.130748934638186e-6,0.5060586620309179,0.16722901943790672,0.06003400335727671,0.002590138403385548,0.24680117337032442,0,250
0.9986592507416575,0.6355479750026762,0.23664310526027388,0.5778918566071928,0.22951103278890134,0.07637757247751911,0.08375076823315758,0.41628528529824255,0,250
1.2171218588359396,0.46948428807436476,0.09340045789094946,0.21824625095420253,0.22040324784526982,0.0873571123680191,0.1372436083453539,0.2392946209186493,0,250
1.2287898640703498,0.450755310534197,0.1732677011773321,0.35160096494771703,0.2129348861290554,0.08643682823978917,0.12498754125588919,0.2583454932279137,0,250
1.4655353086405514,0.42369020965882354,0.11758847701938412,0.39621165311249423,0.24232278805649976,0.08661287138834396,0.14521928571571682,0.2502641285930363,0,250
1.1372753603367967,0.49365513869054384,0.16050232988650145,0.7783982106732436,0.22263993093916376,0.08872091079465255,0.14371922363927714,0.3684234734858047,0,250
1.254875641518224,0.4680139817824196,7.311962298758498e-7,0.4261207769390164,0.16597596609333684,0.0566305429297477,2.92536543139973e-4,0.2698975947579098,0,250
1.36329858101316,0.46907854826020906,0.1985090347212029,0.2523581456528212,0.2575144861341077,0.09429560444044292,0.13814198710432832,0.24402210323127724,0,250
0.6551890638261738,0.7097364282867649,0.22079415880046957,0.963628431376957,0.17477740548368945,0.06932369717895302,0.08296475451276751,0.6151404321944357,0,250
1.050682908843027,0.6232866426800938,0.026314073197342556,0.680675400255564,0.19688528937283511,0.0617390533461156,0.06745192108743003,0.3982181995950837,0,250
0.9931255836740939,0.6233040138585905,0.04488172494762462,0.7561620441115534,0.19890389550088786,0.06546664910422367,0.07960772804251767,0.4259942727660479,0,250
1.6436057963952806,0.3110790300933013,0.2516228938138165,0.19894462575545305,0.2578877759719503,0.09972711318232474,0.18613912154710544,0.1855105976817169,0,250
0.9226972887145197,0.6379123120113818,0.24780670941711333,0.755618001794036,0.2133867319931397,0.07642475766416591,0.08490367067494248,0.46449913603225423,0,250
1.2690522722823043,0.500506605765259,0.07439201678731464,0.49278007874456076,0.21512458388605066,0.07437976076628691,0.10372722486035642,0.29927569831631134,0,250
1.2283873124799858,0.522291934033886,3.5780222085128695e-5,0.7027876776743289,0.17624608057321944,0.05491396581959414,0.008122888268626347,0.34301695221359485,0,250
0.9068916495947598,0.5464359489741843,0.30865572517820195,0.4853841576698782,0.29347832330186424,0.1372383397634692,0.2393981541422151,0.3701895970575618,0,250
1.1698989145854617,0.4880502435703341,0.20488044155904703,0.47737215686386836,0.22730275040497264,0.09056233323747713,0.131770701686689,0.3031371059743587,0,250
0.816767274101826,0.6662335099983777,0.31908966943558886,1.3667813588730804,0.22359373538650007,0.08169336761153742,0.1021951294361993,0.6978855007544652,0,250
1.1768555043107214,0.5675933939630774,0.03659886842271828,0.48400709859548957,0.22590240243830545,0.07429569971221812,0.1024102923390848,0.3286180725335396,0,250
1.1247960799954289,0.4959645964182058,0.21763775920331477,0.2944553974214536,0.23858013735808253,0.09866253975571357,0.14989852380193394,0.2729350904529603,0,250
0.9805569720655076,0.5398872759957858,0.17832174261522907,0.25553480851152677,0.1836095697600357,0.07703885953793532,0.08033981996704112,0.2856916594187168,0,250
1.0134356669259,0.6281958715656765,0.17659131433100608,0.9345453323921392,0.21373884783067898,0.06972787868215781,0.07674296027610791,0.4841615929309944,0,250
0.8404916623945036,0.6780800290273457,0.08682375492313095,1.23819787074938,0.18306237894824398,0.058720606607426416,0.06161085542357641,0.6033792839533827,0,250
1.1938261721445578,0.5716944893404255,0.09330533339658884,0.6630347644743714,0.22324932741598408,0.0721361169738651,0.09237276801868137,0.36713459785181723,0,250
1.2408100243511768,0.5102476023893752,2.3736209328786765e-5,0.5996719264571394,0.17466180473212525,0.05560039968664775,0.006016787240029323,0.3184793076206425,0,250
1.1177172934193913,0.559901300524206,0.11894920988792543,0.5563984746782947,0.21722614431165177,0.0772686497459334,0.10468111975099223,0.3454925272547339,0,250
1.1260599102698474,0.5564090049684227,0.1460941762424272,0.3552459306642354,0.22794032329948727,0.08281201735000289,0.11073903549638388,0.30443377373195407,0,250
0.9566601312074617,0.6097974571777861,0.14541034274857562,1.2296439393689493,0.19527895792756683,0.06807718239549107,0.07894243395825194,0.5418653322144966,0,250
0.8363563969927803,0.6705253912734837,0.10798422638749293,1.371950711936443,0.1821534471003564,0.06205690918190717,0.06857533050652209,0.6272024854853914,0,250
1.0570983314770874,0.6429361822098462,0.2753526560734845,0.6986158265066411,0.26694338340083557,0.08469694310560982,0.10478330008505753,0.44957962502214815,0,250
1.3341336953940932,0.5318642580957719,0.2821594910196635,0.4326969385842626,0.27644496613532105,0.0912692043614509,0.11044193028938251,0.3093370831521931,0,250
1.3750906304889814,0.48106432394386994,0.017161212242804383,0.5589175811552598,0.23099979418126,0.07707709980204958,0.1236044957630065,0.29945125607911427,0,250
0.9493492207829468,0.6103510844976024,0.09022046654319418,0.716933679105976,0.20644518385169666,0.07478993578462186,0.10189904963407505,0.42112594558484,0,250
1.1646342321299543,0.5538277030902122,0.12903447319665315,0.8531497434461468,0.24180911004020375,0.0830789547779907,0.12792223250407692,0.41222831007111055,0,250
1.102745153551508,0.5954799484231202,0.2049477443000701,0.8311542834896524,0.24998894022983575,0.08336473069803237,0.11669719971098891,0.4418784502915005,0,250
1.1074599760230637,0.5766508875922183,0.19825639371108833,0.4489550307782057,0.23205797467972294,0.0805365059579315,0.09423563993212072,0.3430028956868024,0,250
0.9400556648149597,0.6457133319414052,0.2856906131526607,0.8793328960129985,0.2293404539001034,0.08034575070910073,0.09332664534684659,0.5049256743958697,0,250
0.7640566821521632,0.6536288780977877,0.37124841944931125,0.4613076425444089,0.20824576390623156,0.08896542158973116,0.08861788929386728,0.4329296075812043,0,250
0.7330274259360183,0.6697015879252807,0.2171488008300037,1.5366894215806095,0.17349850366103714,0.065904414650745,0.0678734576865246,0.7212039254587274,0,250
0.9238106596227929,0.5863837324450417,0.3943597266080424,0.2886605475764336,0.28023996718176636,0.11967170359600154,0.14947257561256838,0.3385157532940241,0,250
0.7311253474645633,0.6708362680931778,0.2588470971197204,0.972653876508293,0.177916993328129,0.07313520761339895,0.07857991583040119,0.5641502055022954,0,250
0.9352503826367916,0.5758690383872139,0.173040944184633,0.23940870449468904,0.19594393764121887,0.08028954528773757,0.09371433164887336,0.30236725237567785,0,250
1.3352161082550464,0.5480124380342186,0.41643333545480843,0.3885894278871111,0.35378868633422217,0.1159415843452417,0.1376957248896116,0.32021584588210883,0,250
0.843752946911749,0.5774370120761975,0.35111387123629506,0.6909488459846541,0.20242492057591727,0.09127794545547974,0.1041279728160184,0.432828429983249,0,250
0.9292990120312122,0.5915501774745274,0.1648449827717189,0.8905136096924363,0.18894896890165214,0.07334783443484424,0.0845406632020528,0.4533980478046718,0,250
1.2084263528403658,0.4968115190724045,3.525320145504185e-4,0.34753252302376486,0.17110473069031767,0.05875389547299531,0.04106027033395512,0.26829825964516874,0,250
1.0614485442956423,0.5068913514877913,0.16427598399623394,0.4765052442542018,0.19157257484450418,0.07787334878607656,0.0924914610185936,0.31364844242862655,0,250
0.9588279806917277,0.6427361029380652,0.21522639828904702,0.555498852618178,0.2278878740438648,0.07882005247327956,0.09542917401019416,0.4128399725766202,0,250
0.5847018044180253,0.7318443365665563,0.37150405042021967,0.924360704031293,0.1766804794869929,0.07309561302423624,0.08029314511107662,0.6842704563419405,0,250
1.0674878599778774,0.5324817917017269,0.21469394752909454,0.24489885580142084,0.2309391261665841,0.09354645419928899,0.12585409478112475,0.2802783784640496,0,250
0.915581705398583,0.6664764408180508,0.275845281537265,1.2974596256043482,0.22229385186197478,0.0740913926079508,0.08448917727935203,0.6304369210768498,0,250
1.288326505612557,0.4571427833951918,0.17851246161455112,0.04936185607829613,0.2605955735204653,0.10282209470304268,0.16419139218878243,0.205841069038274,0,250
1.2054640014708007,0.5627200678833713,0.308358764802485,0.6809686610054906,0.26809606470775277,0.09064011164397387,0.10831540719629533,0.3898329307731296,0,250
1.2357154215859274,0.5261888439896885,0.19497527860283995,0.3501752840830993,0.23412509534440767,0.08307513067580713,0.10120046499660772,0.28757385156095566,0,250
1.556249524397121,0.3954628673978743,9.119183816954143e-7,0.04968570960314336,0.17995569020800312,0.05904099061187557,0.001482434194292276,0.17879914545859543,0,250
1.3463386383295035,0.4737078910432432,0.16193672446400378,0.5340206665679854,0.23614846575510626,0.08248604692527328,0.11593548632081137,0.3000754801273413,0,250
0.9846827733971327,0.5631455847362481,0.22628566977570116,1.0452679774912002,0.20675288390448054,0.08140331176498308,0.10780443701639418,0.47684631482189754,0,250
0.9214598500067585,0.6467360167953676,0.16537369707639019,0.6765953545725496,0.19639241503414004,0.06719251656814235,0.06790481771911179,0.44059140939012237,0,250
1.1128379962123742,0.5086224677718381,0.05369217907460883,0.3328301540998626,0.199296022474913,0.07820898996220947,0.11291166019566441,0.27657744171492415,0,250
0.9341149871383954,0.6843767921198052,0.3447230042713709,0.7234368568572251,0.25698865904607776,0.0805922943445966,0.08034056463311164,0.5223339799096677,0,250
1.0884509904437285,0.6119439952962955,0.1802744948537849,0.7462899931429245,0.22834887583875485,0.07538645256367667,0.09118276836815559,0.419526818003599,0,250
0.8770496538735889,0.694295095420173,0.34825282612640074,0.6688947535543511,0.23492763411593479,0.07748171620559487,0.07367851151975296,0.5093337273747097,0,250
1.447235006764568,0.4226293236692877,0.11599494928092795,0.5395957400824757,0.23648850203515476,0.0847446827040536,0.14219095769947124,0.27659240326887885,0,250
1.249837158485845,0.5128219026498618,0.2251478795384344,0.455131091657925,0.240018482040689,0.08658961687752872,0.10635737310117545,0.3053323046118496,0,250
1.0357833205309412,0.5837360099208118,0.0638286164409839,0.9143079935490335,0.19782243435784297,0.06766429231311345,0.08560389049793755,0.43843472677878664,0,250
1.2051228635643823,0.5470743732036699,0.09908573918942992,0.6093569107447274,0.22022089177179627,0.07274735183694156,0.09388889904544433,0.34747471301664673,0,250
1.2360292419422605,0.4789607753882756,2.1695273127452428e-7,1.2164378689821094,0.17819680378567318,0.05635516395270926,0.0014249960132714677,0.42571392033297456,0,250
1.249856048119464,0.4929739466836544,0.17098460052250483,0.12044467367729289,0.24127193859799928,0.08993153743499088,0.12145066353943226,0.23224339977007266,0,250
1.3318222533920714,0.4488297559724384,4.355312099547214e-6,0.19192821428713563,0.16925786816987967,0.057220985388918545,0.0015176346063772482,0.2221645671953269,0,250
1.0953854050181073,0.5449786314063637,0.29737996572797004,0.038709018306639,0.2610526982607741,0.10196488377868373,0.12165449901196518,0.24665468751900918,0,250
1.1874719776746159,0.5329538817284246,0.2914396028813274,0.04572667118168058,0.27046335844935837,0.10032522959335269,0.1221740079185874,0.23623824799488324,0,250
0.8468788110056774,0.675110468497013,0.263995805674368,0.32909404883367815,0.2260370839471875,0.08284169694590357,0.08895025612532285,0.394831526568254,0,250
0.9215183122673211,0.6175130475384517,0.210397801845126,0.13313116612508213,0.21035456987293027,0.08169265949044066,0.0901138583060626,0.3003049691421144,0,250
0.7550613235936458,0.6983092643279787,0.25012275236538734,0.6774953157466187,0.18453441456136524,0.06696462532541317,0.06089247887544214,0.5109753862600054,0,250
1.4651037477852933,0.4457528794008342,0.22753437612435484,0.38840688266959317,0.26175450763572394,0.09146284415371304,0.12892626373116617,0.260203604955866,0,250
1.2477218599682132,0.4691020007649686,0.19670189853107162,0.4564419043944896,0.22466336714759125,0.08739216070741233,0.11980750841142682,0.286292512393426,0,250
0.7810728233112219,0.6770466001785114,0.2505643539859327,0.7683919670380988,0.19146108271292545,0.07171304800695959,0.07467740982616146,0.516791431167927,0,250
0.6073589977063667,0.7188088248167246,0.15608420491574407,1.0325921581747999,0.16734221848266292,0.0689330561266684,0.0932501641731184,0.6376847680307778,0,250
1.2969587140711099,0.5501090880892074,0.05310101455536756,0.5946062541641134,0.2256136362301714,0.068734515786958425,0.0829944566620054,0.3395976964435816,0,250
0.8867920107636776,0.6625197237906665,0.24269986659361034,0.5679868919188512,0.21150656856316513,0.07443065500779274,0.07857547666385799,0.43874388758701044,0,250
1.2218742506491715,0.5377368279057858,0.055091217038913405,0.7611059982954114,0.21478960690363263,0.07006264062942218,0.09180277384396224,0.3706695943144443,0,250
0.9072072120298325,0.6102819790532791,0.2400485510748868,0.7529527157397945,0.21102852767485922,0.08234308304149586,0.10313749569092222,0.4475034361384023,0,250
1.2822596264460526,0.3795946654742455,1.133961099166679e-5,0.10771142350858823,0.15172844017120837,0.05894594393333596,0.0030745357002375903,0.18958285270408695,0,250
0.8898208466173159,0.6614466470349386,0.15476914314426593,0.6924337527066401,0.19966567201834692,0.0686055495398459,0.07787056427918247,0.45566128618717605,0,250
0.7074925323867411,0.6732619727367035,0.2151059349330605,1.0828200932113745,0.17341008754193665,0.07173190087647711,0.08692969164534273,0.5950909184284052,0,250
1.2184746589082547,0.5329183900538109,0.17103896171041508,0.20153352468415686,0.24783006825178736,0.08878780571398096,0.12146285462692276,0.2620454684036566,0,250
0.9406075538376765,0.6275248915069737,0.22067832694230147,0.9408772113931315,0.20928607671978433,0.07444238499253196,0.0857690470208242,0.49645768719139183,0,250
0.8612532958354421,0.6450016729956053,0.2178249134599083,1.1466767955683204,0.19945064043604727,0.0719186190978967,0.08131364002434108,0.5778608892092453,0,250
1.20630529091957,0.5893185761880388,0.07687157531354405,0.7985889710455651,0.23943208550367606,0.07395389531850631,0.10671442431757568,0.40266373765213537,0,250
0.8575796642370913,0.5899104857303378,0.19547194278574195,1.2409136451471958,0.1920513100827301,0.07893129354722805,0.10893256456934317,0.5593819062011224,0,250
1.0050411542368871,0.5540677659456613,0.19166926481609298,0.18128742852056198,0.20505398178616033,0.08355090641540457,0.09840287266617208,0.2755637106499313,0,250
1.061346407813341,0.5675239028198076,0.126896052672707,1.4131877621074163,0.2241377466391033,0.07755126642696275,0.12192622971612957,0.5591930092151963,0,250
1.1487934145268797,0.5356503479682397,0.3268815816656098,0.2236116477186486,0.3261890005579923,0.12721489576857134,0.18943065807693218,0.27910355982500623,0,250
0.6079456971538979,0.8033985093684941,0.33869629931312606,1.7485117567138586,0.20003976068033147,0.061244157048548256,0.07450805501634587,1.0506410047658614,0,250
1.3704019112366899,0.41009788450462265,0.0043173881087411,0.3858859701391421,0.18832126576266056,0.06754554009445514,0.08848827031687301,0.24428977682172587,0,250
0.7714478069324545,0.6969504286780004,0.22253060194150773,0.743411916864535,0.19179226975354097,0.06825694388247042,0.07170444612232045,0.5233643841010703,0,250
0.6533471533116085,0.7055342182902061,0.40918834720479935,1.0953609038824592,0.191103472173273,0.0784054413902313,0.07994984115585703,0.6988480072817842,0,250
1.1275791038004535,0.5418878213078522,0.22659964008371916,0.35236389742957863,0.23322380242909263,0.08654279746975518,0.10905777321511329,0.30460342009045427,0,250
1.354658941287324,0.5100573872968709,0.06526993664035446,0.6254595101980773,0.24999635708921503,0.08154937469544754,0.131038136644764,0.32794066824444307,0,250
1.4071198193432983,0.4130073692059655,0.08986953594455742,0.12340887760778431,0.2222315427220019,0.08411591567634819,0.13382832967070957,0.20123607779131406,0,250
0.7840135504463227,0.7101106784897977,0.13393430459385602,1.4036127961948983,0.18905857242765786,0.061089500742465726,0.06972454720968713,0.6932858283577694,0,250
1.058306537272703,0.5616858933322756,0.22320604814364728,0.9824526386902163,0.2357019487964617,0.0879955616818974,0.129854820143632,0.46255948162674476,0,250
1.2223879991972348,0.5718906505242246,0.1590602018207852,0.6068118740147556,0.25424478868763867,0.08062123330736407,0.10752637366397023,0.3667734755155484,0,250
0.899319427543886,0.6011581762846187,0.14536724705983056,1.0528093417304867,0.18902011010023145,0.0733508049747612,0.0970542236486144,0.49782393749156223,0,250
1.3758271474242891,0.47700457136746405,0.0377409830619835,0.14399505969867785,0.2200632329131233,0.07676631436006873,0.10634306752594587,0.2205023946675946,0,250
1.1666143316164663,0.5183327904446862,0.27646836515930195,0.39115072366888,0.27005885123242396,0.10409884440607543,0.15086461563968506,0.30543659278552765,0,250
1.164616705051404,0.5100755766181473,0.23983568549707465,0.410475861900509,0.23592310941419567,0.09216183831392692,0.12585112114919195,0.29854341026565434,0,250
1.264178644513537,0.4923015929944568,0.23855728675203783,0.4722122054841489,0.24436485183558254,0.08743598336840169,0.12735239204688034,0.30216283601919086,0,250
1.095032143077283,0.5909344209375891,0.2582782157713773,0.39256964344275797,0.24790455136307102,0.08656889912428285,0.10080150096808024,0.3406843481842253,0,250
0.7924548863882176,0.6861564911411107,0.20722000493412102,1.1954002591933004,0.18954876373853297,0.0666006379064645,0.07556369040999833,0.6247739103067081,0,250
0.8405679400313858,0.6788330848664313,0.28595573604113966,1.398140022826273,0.218484519673273,0.07548212993278262,0.09269960584198342,0.692231726393299,0,250
1.1089005007943125,0.5713804095986977,0.08596787748364869,0.6723449313208864,0.21133375670218393,0.07221232776668102,0.09409329895145292,0.37523021191770584,0,250
0.4779195684377333,0.8119013799675963,0.4922469694130204,0.5595402642706868,0.19437382185944863,0.07564493121021518,0.07925712327013561,0.7387936705671065,0,250
0.7782890454322556,0.7156302382182352,0.2676235864482912,0.7218222722270149,0.19363030139741638,0.06570285303271862,0.06130524756754157,0.5321907650318225,0,250
1.2446310940766163,0.5241948626778111,0.05391737658670093,0.28886177892232373,0.22668182766259454,0.07896716798638607,0.11345505171969102,0.26821609823393505,0,250
0.8834150589064375,0.6574445258906476,0.14120278769555522,0.933320398752407,0.200247599102301,0.06822498889991106,0.0814198276447334,0.5164748305362222,0,250
1.152211192906493,0.5717397271773572,0.11914806684942958,0.5058122182392121,0.22078610019683664,0.07453061305147099,0.09236646435837761,0.3391238352119095,0,250
0.8770614226460837,0.6194803024964005,0.36445974837903555,1.0466977130861541,0.22064514100483082,0.0872467192013423,0.09374245133487001,0.5543242280483447,0,250
1.0052336982586205,0.6691669671839345,0.2142206967246787,0.7956640993680593,0.2299867383547053,0.06983767713797501,0.07532510518947114,0.48421298898166343,0,250
0.7580924376928737,0.6201606116814384,0.1527690446519887,0.4111215135263873,0.16553700202339713,0.07374867389295683,0.08428025807827604,0.3733641716332302,0,250
1.184632252527732,0.5724893134391389,0.03482290847928918,0.7762844242285775,0.24245660299814534,0.07845027873375136,0.12263435289155944,0.39317865972217036,0,250
1.2608204904580103,0.5762150157674054,0.17335965864620986,0.7233901721065286,0.24792824864463284,0.07625274682851364,0.0906546022197192,0.3884740874636783,0,250
1.063383442244016,0.5262033386865076,0.23385611636237436,0.26924462886635386,0.2199920857510703,0.09100748393331827,0.11791073730818336,0.2799514950771786,0,250
0.8274703332780239,0.6044906183941375,0.20907776986534973,0.0325565357253587,0.20274689913476493,0.08958012175401232,0.10323484714263566,0.28441539212262984,0,250
1.1700240614281316,0.5648286584415441,0.021267180823488958,0.7151126864160152,0.21291557171908743,0.06808492909739008,0.0902059210148868,0.374283496015502,0,250
0.6951077696837367,0.7079235622377036,0.2164687526539424,0.7071112462560891,0.17692611061749022,0.06730329882050982,0.07137732650954333,0.5303321510229844,0,250
1.2289517127453355,0.5512616728629707,0.08464641440403989,0.5459348771906711,0.2338974304960894,0.07670744039129267,0.10626625939658355,0.3350014971988858,0,250
1.3160317369513777,0.551152351924213,0.27583862370240275,0.7500977439053264,0.293929915920501,0.09242038977823488,0.1244356865196801,0.3962795505484431,0,250
0.8560119700496964,0.5327248229034138,0.09305172350106411,0.5833160589676099,0.16232807838486968,0.07641484495484303,0.10568497549989789,0.35277157530901804,0,250
0.8042388372611058,0.6943017983073877,0.2459817135367156,0.7810254616639899,0.20573244464246807,0.07181591560779291,0.08011656587355082,0.5299669522096323,0,250
1.1665421645335845,0.4441828855867077,0.2992542302518693,0.16159249589412675,0.24628968892138953,0.10974290649604287,0.16153762510013345,0.2284180748188933,0,250
0.8996541434753267,0.604839825152166,0.0521560738903605,0.9105977956823201,0.17336601209154562,0.0629925232096039,0.0701542610921488,0.45908296203330184,0,250
1.2505516341162823,0.5103576578198568,0.009244486282703128,0.4560170578534324,0.2093840347128156,0.07179763112712725,0.10047528988315728,0.2931203056386937,0,250
1.0096718880485043,0.5226146390865195,0.05467741971365732,0.47058965951848214,0.20569295934748827,0.08726251083619148,0.14342593552552302,0.31585700846285225,0,250
1.2478478832325408,0.46795730841779426,0.11896602392433278,0.3894852467496777,0.20127084441562842,0.07551694115072397,0.09306455873491545,0.2699136132107119,0,250
0.7792198206226854,0.6855153151027931,0.14783855973361773,1.0590078799872846,0.17899063944336946,0.06281518107258342,0.06735961506958048,0.5793079011938123,0,250
1.1578420308542088,0.5238415232838859,1.0591450734721425e-5,0.5934206669751605,0.16645768441366135,0.05470497649992091,0.0017089253661744955,0.3252635404521867,0,250
1.14016491656717,0.5011123176298483,1.5481573797995917e-5,0.49819721889970153,0.1596823827563636,0.05565536593022063,0.0022218931612472603,0.2998055816153224,0,250
0.949396468917108,0.5933559685027273,4.1515605810318385e-6,1.3708221853515736,0.16180039638603824,0.05216003906994065,7.137769137305855e-4,0.5395752408377948,0,250
0.94243744203467394,0.6011398483623679,0.2229417488731001,0.49690341508816993,0.21069563520485482,0.08400783631204771,0.09754210213784494,0.3720309089356216,0,250
0.8675054864107905,0.6266939181745665,0.35236608730377517,0.5187887102025158,0.22515418768372855,0.0902671134386911,0.09473573304337017,0.4207011232619997,0,250
1.159506785965238,0.6161452054514952,0.17373445531907847,1.1361473529310293,0.24449721523324297,0.07210113143807997,0.08860338627497975,0.5151139525927758,0,250
1.6221581973172814,0.40078790326319014,9.287021667096788e-6,0.4965951062693881,0.195855898911184,0.05828645466966407,0.0017396468547634404,0.25253636402272756,0,250
1.146657487565175,0.5302600648281681,0.17814087401003198,0.408483103226335,0.21915264874365548,0.08119650508247002,0.09970695801156326,0.3064202870894665,0,250
0.967426122952595,0.6003497158277866,0.20534885178887727,0.5727713255316196,0.20872655929384604,0.0800035142566466,0.09300863102600812,0.3861799687048692,0,250
1.3546785516232502,0.5817394422913136,0.11248038530522626,0.47792113713516526,0.25523978699618005,0.0722752734932915,0.08362021134121292,0.3325323433434399,0,250
1.0454414165698225,0.5898914163726787,0.08403296414406412,0.7015989124232002,0.19596588965250114,0.06734292730018833,0.07576741110739339,0.3929460815735829,0,250
1.2232200587424589,0.5503933045876799,0.07880942484146727,0.41700333479310764,0.23048628856990536,0.07724925480001298,0.10593041262129313,0.30609322367599057,0,250
0.8876570217319402,0.6120883260196436,0.2416546225010336,0.41720911982888026,0.19319888206084707,0.076972916678257,0.07613150968146411,0.3673933117052685,0,250
1.3922891363691132,0.4972306995874835,0.00759657649616947,0.5267469753897583,0.2111572960786982,0.06619956034179472,0.08201049055445024,0.29515602322282514,0,250
1.3488098677081766,0.5373367371239628,0.1166527951425519,0.35879602672700217,0.273418409022397,0.08829884880615159,0.1262810565538253,0.2896213227396337,0,250
0.8690401903610054,0.5930197870307774,0.20624712007851229,0.6360475564126367,0.184287309164073,0.07471298723663782,0.08586809242460282,0.40984047739452073,0,250
0.8867912462446288,0.638522888144252,0.41475238285090527,0.8484864054236133,0.26827093149701603,0.10452420116717491,0.1317049347127147,0.5274178861670845,0,250
1.1859543488333455,0.5597251419998079,0.057107648875484696,0.9335802909426677,0.24050435754048313,0.07941490640855323,0.12818750869284443,0.4226888680978304,0,250
0.9066207186966042,0.5996189498679935,0.21265645480208273,0.7212695268286299,0.19805527531479683,0.07833502058842179,0.09363234113124214,0.4287195096383908,0,250
0.838155460025161,0.5655951911309853,0.10904263860151744,1.1342077216316633,0.16584673800024377,0.06981231349839277,0.08795555322821338,0.5034100338004237,0,250
0.7175693750389799,0.6744338357343548,0.2836104884744669,0.4278733456072297,0.20132191643506603,0.08371501041134768,0.10212535312045691,0.4389780782498704,0,250
0.7366423599417014,0.6483296576487118,0.34913183313629,0.580499461319071,0.19770972863591985,0.08795429642934036,0.09488308142658189,0.46184146978037993,0,250
0.9272229105644751,0.6009485859831285,0.25382042118446374,0.6304947729320525,0.21962493456376617,0.08785912931603945,0.11614312276733764,0.4094893149670238,0,250
0.966928046377095,0.6010730659143378,0.23153760542510116,0.6574984020446338,0.21932209856926857,0.08250018483139017,0.1023697706847934,0.4134706828399518,0,250
0.9349405947626629,0.6313926062582889,0.3584344854260047,0.8430080506192262,0.22715360321128936,0.08206513275206463,0.0770309133545591,0.4997765565810541,0,250
1.3703937638571406,0.46442896206734513,0.03544016857546534,0.3145367824662614,0.21634970941011092,0.07447456723269276,0.10680801696342669,0.24910115091244295,0,250
0.8801496785794606,0.6508454840257434,0.28859836366265307,1.007262993299848,0.2310900048387091,0.08261957245002625,0.1004667355181389,0.56749489669892506,0,250
1.2244407908348105,0.553919113647423,0.16101275825363529,0.6931712165118091,0.23218522555134988,0.07611182988250087,0.09340136133305042,0.37075087808785456,0,250
1.3602301373878793,0.4929130019954438,9.872697173614277e-7,0.25576347807987126,0.18103949335871375,0.05581224138746349,6.770536963392927e-4,0.24654581503483153,0,250
1.1052952927768052,0.48417177960727115,0.13525630746390216,0.9322850970701353,0.20900231370054798,0.08301544396722126,0.13341082949051924,0.40091397304475507,0,250
1.1252302648343933,0.4873975886598826,0.29007894660166966,0.3191671847945524,0.21811887993005774,0.08982836481053817,0.0990631200976238,0.2770810647989525,0,250
1.6657285953186056,0.4316722463993085,0.0734426957195479,0.0891723629356979,0.26531148526693327,0.08392503541196601,0.13275398129327998,0.1942128115426485,0,250
1.2065416576587331,0.4815774705926865,0.2311773219368819,0.27434231428072053,0.2631804222197775,0.10706612733837048,0.173205376999971,0.25918208982319463,0,250
1.0393037154539686,0.5762010483817239,0.16138791118744186,0.6724895583171597,0.21637096205211256,0.07911307739375842,0.10376497228479765,0.3908965636653485,0,250
1.2206366557454846,0.5379314888687993,0.13221263942544664,0.67131512047406,0.22207124480563095,0.07391964384005034,0.08764851801987374,0.3593365500369204,0,250
1.1549212887847757,0.5221892468450255,0.1462294178383255,0.6795799485751355,0.21462491826029303,0.07880350885636572,0.10613066894871394,0.3558966850512835,0,250
0.6340108677377785,0.720367739852508,0.3023977565114925,0.7078763257322088,0.18169513241870475,0.07476156258640779,0.08184178652821208,0.5703094300571673,0,250
0.5964755140634916,0.7577044331059215,0.20065748330771527,1.0205457683693187,0.162738271025483,0.05753073485283778,0.06243924378778427,0.6942697051609797,0,250
1.1777578679949332,0.547925097104599,0.13840015900773897,0.6091959803982365,0.21966378930728092,0.07543094447997192,0.09395484754770965,0.3507199321330313,0,250
0.9106166107489545,0.572309411214585,0.07884572503866188,0.7667896733791717,0.1766692628657373,0.06920906957107781,0.08680589922926155,0.4130462695905909,0,250
1.2001645982337374,0.5298938672915726,0.16927170014187665,0.49782919191307407,0.2340757310012079,0.08410828375885983,0.11688194231642374,0.3200477802165831,0,250
1.31895182018139,0.5346480363379261,0.3347709104917724,0.43706824550098183,0.3052822373676916,0.1024574831638607,0.13076998988520205,0.31829122684741834,0,250
1.0601459939587512,0.57006046836619,0.1483420844275206,1.2344043284636097,0.21182660248846177,0.07335361628679449,0.09673616289293879,0.5133434786265103,0,250
0.9597900439879145,0.6267153367397621,0.23881016060611593,0.5202929959283763,0.2530819136521859,0.09150660117879479,0.12442899911952783,0.4033042746960265,0,250
0.8671954297677376,0.6494918850932033,0.1402176046212058,0.9022678227093702,0.19568346397765182,0.06951879993860124,0.086532605974277,0.5014386165256612,0,250
1.29675568205211,0.4660549097444527,0.1853439980055532,0.598062595708709,0.22961136772935567,0.08446848237908144,0.11822470537227721,0.31258927981154017,0,250
0.8748094585805596,0.627586395584326,0.23120816370494118,0.8904107194546553,0.19830104964434317,0.07624822777114888,0.08792659139703894,0.491151737161814,0,250
1.0777064417455866,0.5488821803496516,0.24911701697736915,0.4154787201169629,0.24268525500554122,0.09494605523712676,0.12984966196743483,0.3241142241200044,0,250
0.8985738757511053,0.6663875467295567,0.13082100714002645,0.786929546222835,0.19164889479134015,0.06405380819259392,0.0677490884236053,0.47217725574284225,0,250
1.3940152112366906,0.3760066421101358,2.3919178564454897e-6,0.27904385643728363,0.1649911956142555,0.05883569101333757,0.0028486057664342734,0.21426049436660716,0,250
1.2273165938484625,0.5573157514333644,0.11047072587139051,0.21217913746802694,0.23898433402134914,0.08008124246343348,0.1059148446279924,0.26955003884617246,0,250
1.017337334984828,0.6068652100516585,0.28339374565325876,0.39721904877765757,0.23289109707051756,0.08289968821870967,0.08606679117453618,0.359145589196399,0,250
0.9390358784260394,0.5983485219260596,0.11741820784700589,0.4519804048952182,0.18407280621107727,0.07062871083452232,0.08110648247844056,0.35014803736601585,0,250
0.9039035704460043,0.6920530621048164,0.15175918258003795,1.2007712512931028,0.225624550278868,0.06963117837416848,0.0949999373422717,0.6116510952360344,0,250
1.217490649548669,0.4997273966584059,0.01257070923570848,0.6625007805771124,0.21854694647839942,0.07880580339111963,0.12988604962555989,0.33325151245710083,0,250
0.8912650862738019,0.6127862159126386,0.25200049724313206,0.14216370276675966,0.2282665200390681,0.09459526398770125,0.1137135578576362,0.30536838379588,0,250
1.082077873404924,0.5444051292019892,0.34834346626480395,0.34747749521548493,0.268507406542657,0.10643126481933106,0.1328991699307302,0.31659269851248834,0,250
1.0605049844472294,0.560292983182774,0.26678982512788624,0.4829774743391543,0.23954557499983514,0.09299748667368099,0.12491556080238547,0.34478880142472484,0,250
0.8555705808386749,0.5800148330721322,0.18429238365886308,0.75240729500544,0.1782597695408861,0.07613918031644223,0.0909774997185371,0.4274296150265978,0,250
1.0073746434278295,0.6269160093951095,0.29661307400645337,0.4920697544413143,0.2610029671628608,0.08991433307920642,0.102485204647485,0.40305954342990746,0,250
0.9042091356764006,0.6622164497017029,0.19875209743654162,0.9028097533169336,0.21627736915306148,0.07353651947388519,0.09207638308151242,0.5153711839540305,0,250
0.8900368202207471,0.6407385295690002,0.29515284347117343,0.8438238465970521,0.2172104271837965,0.0811026604193218,0.09482389365844607,0.4971644719051495,0,250
1.1305341013415164,0.5858527153930482,0.23276628461198012,0.7361375205401336,0.2693269686823332,0.09171865718338405,0.1335884057980852,0.415803764288405,0,250
1.15494861942247,0.5851937575753338,0.09391330765559451,0.8258479062452958,0.2154547611992197,0.06873962750415089,0.07912518663340659,0.4115038721711734,0,250
1.0043385926145665,0.5127884467773622,0.30402733776085783,0.45374250694408097,0.2145581133551451,0.09723029169089943,0.12271201293257114,0.32011955538834835,0,250
1.066553521587595,0.6060630488125212,0.11404906969481722,0.29384339428583156,0.20429702513291398,0.06832067498557855,0.06847996345399514,0.31583613598407584,0,250
1.0904563112701917,0.59234121988452,0.06920694987309292,1.2816487175902156,0.20811231684783218,0.0667324281828004,0.08609277390061582,0.5177950895818274,0,250
0.7745308682981756,0.6051859462015272,0.08419483137707566,0.5727252441815274,0.17168345431301235,0.07770192648089148,0.10859851189774247,0.3939379714105456,0,250
1.0625455247717208,0.5408212956876826,0.1388582292469066,0.5907551391304158,0.23035739483265824,0.09148085105820902,0.1433405701963102,0.352815874397301,0,250
1.1913909674938061,0.5075432876308252,0.1299809547811322,0.453935047148634,0.20531119307054743,0.0731393705980084,0.0966761473353209,0.3006282597927396,0,250
1.2294470222978902,0.4350220027078589,3.5343336696532698e-6,0.33085409622192874,0.1585137071818752,0.05779235702186835,0.001393631481276239,0.2447023648910161,0,250
1.1473518604263788,0.5788905299846047,0.15960771718126898,0.5724419889489247,0.23139259765531614,0.07677000171132953,0.09555971316806572,0.3629324862365382,0,250
0.893089740713264,0.5865209248222053,0.17148983447080376,2.8221661542712964e-5,0.16123523515766264,0.07694057044509908,0.10208518229845993,0.00808977726197498,0,250
0.8439837046944539,0.6421211721990119,0.17707489727292106,0.8950566252384322,0.19263541657973346,0.07203236839285679,0.08566458311451186,0.5043251996685618,0,250
1.0411156612781045,0.5916209743260707,0.27192597334772,1.0413440268161194,0.25686261404468375,0.09171955417947679,0.1330327632064938,0.5101168402752317,0,250
1.2636195696276409,0.5354750468873798,0.22144274146142992,0.43557131132193594,0.24187827886816393,0.08153241630121438,0.0908462969649243,0.3113176397710466,0,250
1.3896300579460064,0.47872744558909547,5.2162671417617054e-5,0.19631794102679279,0.1802408822991874,0.05663937024774327,0.007805229370613614,0.2295793317061871,0,250
1.2376365151799509,0.5601605075607462,1.6022636339348598e-4,0.7105594508925451,0.1874419453616328,0.05461386764293373,0.024856788802957407,0.3619681338213955,0,250
1.149306753175757,0.494292025135217,0.048871984505744905,0.16142288897610937,0.18560033139535023,0.07225054087280705,0.09063112595522059,0.23588062629516282,0,250
0.8314535713181743,0.6031055957656372,0.07151437938744873,0.8332210411782703,0.17877924025202993,0.07398272860327984,0.1040831199923916,0.44976311140129116,0,250
0.96692529688214,0.6248647087102075,0.1863007021322611,0.6558069958799281,0.21786621362208136,0.07595925945650006,0.08943157918457996,0.4273225834807717,0,250
1.3481818367095322,0.3965463754103443,0.15698703283936546,0.001069359356650715,0.24182532406406607,0.10874896308481441,0.21373849627603858,0.031367028429619755,0,250
1.0496694647704914,0.56377901218392,0.1667198051160568,0.3958973386686092,0.21597994652389155,0.08211827135442065,0.1061577266606567,0.3219857750227285,0,250
1.3321794466893495,0.4768324603564673,9.781182167141945e-6,0.4492352036827534,0.1782292722777663,0.05657016257743197,0.004928999896458975,0.27661304844279283,0,250
0.9323072280534269,0.6593094520992482,0.2666751117920881,1.1214936296535718,0.22382725641069248,0.07443676459326914,0.08416190167917932,0.5785563442299212,0,250
0.8095725079151624,0.6939803031667038,0.25975329611846315,0.4992870649451442,0.2139350345945798,0.07615415923250624,0.0835022367414007,0.45501072252150615,0,250
1.0802373377493546,0.5332365982246766,0.1442003837282518,0.5194857739489649,0.21566934248524178,0.0844210019148833,0.12150715046845181,0.33159765698733623,0,250
1.0823592151498027,0.5661985199163653,0.23855889490062251,0.6644421411013957,0.22241245259795392,0.08068141271102956,0.09145223987856,0.38614557637713903,0,250
1.080407917475889,0.5550276350896415,0.3841615043554888,0.263353493483956,0.2645736682309053,0.10569612853977674,0.12296623740599068,0.2968834029798579,0,250
1.2263276675871957,0.5175173204873498,0.0349435083407602,0.43206653167518033,0.20981016728140703,0.07280449385047244,0.09923969822077082,0.29376856518887756,0,250
0.8206422472209027,0.5976867396888138,0.17943727702750123,0.6288852440635908,0.1812820882593864,0.07897033180350838,0.10084731133526406,0.41073463639566854,0,250
0.7208763360058452,0.7313287035643776,0.2551673860718393,1.6048203728733275,0.1995364887002304,0.06606108936087274,0.08125549534105853,0.830234774197769,0,250
1.0629353339394254,0.5261987174268931,0.02421137588444432,0.6576275422600383,0.19234796079198746,0.07341875950333737,0.10908718058780209,0.3501012885057185,0,250
1.1046945844866356,0.5728993735288368,0.07481609917625136,0.7833921127834812,0.20813435335372266,0.07092270807328561,0.09534492542848856,0.3964207343003444,0,250
1.094537026459928,0.6015474217705467,0.09158476460974915,0.9209113433245325,0.22649758248079885,0.07306370386044372,0.10185240337489344,0.4499790549109527,0,250
1.06890950558716,0.5904434726100697,0.1926653986950434,0.4124246595810411,0.2524492279545521,0.09138725252396432,0.126423794665168,0.34070700639054374,0,250
1.3698813234270295,0.42983748158103013,6.848817456452448e-5,0.6577141727273487,0.17775646004931703,0.05889671444316684,0.030428763741072926,0.2945684181345352,0,250
1.3939345605169968,0.4351884992956781,0.1256661153279873,0.28843436264634503,0.24455434513546068,0.0901505354940511,0.1487276869402994,0.23826091481636935,0,250
0.8833764592605693,0.678521799689302,0.1702949809300195,0.440785571487548,0.20748295192705132,0.06941213561325449,0.07472528428769169,0.41013747724859745,0,250
1.1570417604929732,0.5451930794773526,0.04670525919726118,0.918300026098554,0.22960787973884692,0.0806557221347669,0.13247873086075923,0.411701061693008,0,250
1.1739565739804594,0.5656440645748125,0.2332013759975231,0.42827532478291497,0.2645193778778871,0.09219745852840316,0.12368812643029513,0.32933424798348265,0,250
1.3758551294520145,0.4277530450254019,0.12777579248790014,0.0023522997300815247,0.22271464573037247,0.08658015988269757,0.11956702663949942,0.17889407398788157,0,250
0.7808228520023811,0.7051540414181301,0.19911354963489394,1.0959881105203266,0.19742890848181094,0.06605026279156447,0.07646552108585264,0.6253762921859609,0,250
0.7979867433031829,0.6971896808100306,0.322145931855107,1.5562128829290642,0.22006393536468236,0.07697362621005488,0.09165680360032216,0.7736634111541484,0,250
1.497422894329992,0.46801030863284,0.3079561995822602,0.5902580965696246,0.3012292265101788,0.10061608999362194,0.14475813859550132,0.311966063632611,0,250
0.9285242063978991,0.6481854575673739,0.22346833197540922,0.8665189116790468,0.22232228342875232,0.07741457005685176,0.09528042443649924,0.4982403906777173,0,250
1.240500958013569,0.5202540133942843,0.041824221889171016,0.7012352036064877,0.21519846279960722,0.07332954360721083,0.10593557222019193,0.3455388817004847,0,250
1.2610249896256245,0.5818105266827532,0.12404763145012322,0.37400907710332976,0.24624324120950072,0.0760514658671521,0.09443218144870347,0.31171147597677007,0,250
1.1467037894859826,0.45653365288939,0.2097953965964663,0.3715691328218761,0.2300887969705832,0.10038507817371954,0.16636391278282187,0.27204294049284755,0,250
1.0348736434012895,0.5238912250135865,0.33081953573680783,0.6834267159809961,0.22674200718196952,0.09566215713397183,0.11679063817970622,0.3809045170597037,0,250
1.1150271426574956,0.5384406141916763,0.1898724355832794,0.6618807861670213,0.22781343307021545,0.0844258417126592,0.11952072430833108,0.3681188578294062,0,250
0.7212333262043669,0.6641291621010942,0.23232496588864715,1.299970969132975,0.1749342611066643,0.06910174986078375,0.07611369242208837,0.6620022704557545,0,250
1.0818237756396178,0.5635708337443329,0.16508206582158483,0.043555573961270445,0.21310804512320272,0.0804882056861083,0.09175959626653354,0.24307643838437362,0,250
0.7784878945898444,0.712006710408659,0.1941495955815343,1.1160998743508068,0.19533489150170866,0.06478106217864875,0.07406406412992272,0.630889474846582,0,250
1.0193922726013074,0.5818019757636843,0.15921584522932672,0.7414754038782898,0.2065081813281171,0.07440948909512402,0.09043397508869885,0.4107110719882558,0,250
1.1821959070008237,0.5417779931438065,0.19073587365798764,0.43514527288062055,0.21980034015176492,0.07803734347124819,0.08808566584694429,0.3121114245035989,0,250
1.0791457116710965,0.5265454132040368,0.145462878064277,0.8440644185750031,0.20009695881480105,0.07618352859512309,0.10011587052290365,0.3971285115166854,0,250
0.9240357525164811,0.6884158527172248,0.27150480106072694,1.075958098503938,0.22915202585271685,0.07056151091232535,0.07465672711557043,0.596014308501079,0,250
0.912834507588376,0.6111059573857783,0.2265316908071665,0.16226396314613392,0.21632101911308815,0.08685791728527818,0.1023470446589923,0.30390819186069773,0,250
1.062205097583942,0.5221258705177874,0.24861898699383295,0.3304702123240148,0.21427995875086106,0.08945430283034497,0.10718688890801144,0.2922077648503112,0,250
1.165943973752539,0.5146731540113852,0.10672944229198654,0.5173727945735997,0.20572307074720128,0.0731864120029312,0.10315633158530527,0.3157010904215612,0,250
1.0010081188985538,0.6370541462967542,0.23254287313521202,0.6396976445472506,0.22327187516290636,0.07456142948531304,0.0767372137268364,0.42772411693889867,0,250
1.2763777396088005,0.5406081789166846,0.1828914001947979,0.5103577564735123,0.3137340536242414,0.10661149052595997,0.1837461215066962,0.3316481114963881,0,250
0.9316990494960028,0.6135849789003269,0.15444281216202288,0.6669972936915326,0.1986904842602913,0.07599172647922807,0.09382411541373042,0.410324709158348,0,250
1.0033578917807344,0.5518635623776761,0.3064572238986163,0.187542781398543,0.2300667203938486,0.09700707560474822,0.11280238731197674,0.28171232495803566,0,250
0.958648587748478,0.6297003265771198,0.3636107397094418,0.9985815025856393,0.2483222905579559,0.0891880426377865,0.10228373662262351,0.5404775659120893,0,250
0.8869980991139784,0.6315664366374429,0.25609060203624123,0.3815723960299508,0.20896142995872727,0.081655706796247,0.08881090987660696,0.37021922489280745,0,250
0.9223653565029486,0.6377719118805053,0.25967075606640405,0.9379886911641796,0.21569417741209404,0.07643309799228334,0.08360296569365615,0.51639939402725,0,250
1.4408556926608596,0.4920099171276091,0.1312023805720026,0.48902671576711526,0.2574283724405448,0.08163470404399778,0.11563966019884549,0.2960990072813103,0,250
1.1244935812071983,0.5750015906768559,0.22837387508001356,0.6813657284923773,0.23538604282427458,0.08282469777678564,0.102554995624018,0.38745820555421207,0,250
1.0622495169595907,0.5075141688542092,0.19777316140236695,0.3915847674278012,0.20910491890451566,0.08841621646217966,0.12224350465290582,0.2967334194685156,0,250
0.7837105333315766,0.6784673454391433,0.28251639824533903,1.0206873093136273,0.19357570999078863,0.07257426272350412,0.07226805102207189,0.5857626941642853,0,250
1.0352847121232502,0.5457757551729719,0.21242835722660194,0.23703460831847054,0.21520449330717936,0.08893513664291802,0.11448800677001147,0.27935568879305894,0,250
1.1371278286891098,0.57401869019544,0.35910996031835424,0.20960627148231953,0.2846939235391174,0.1039894720508728,0.12209114576884451,0.29079919089265316,0,250
0.7992816849831619,0.6720058831997777,0.23479529366547552,0.5077674109324869,0.19231093090120413,0.07214856752821511,0.07522685992980332,0.437316538783252,0,250
1.035958460677739,0.55359112936424,0.2670711752207958,0.8878370011213025,0.2171003836729292,0.08503092204165566,0.10670849760972625,0.43285081438756884,0,250
0.8419419119535521,0.663356091441543,0.07876713464802419,0.7214710585209271,0.18267029443367463,0.06374487023826225,0.07213574066268691,0.46049470293808925,0,250
1.4056391773849604,0.4458620721434477,0.058367843000652224,0.679499127480376,0.2305779459852894,0.08071732285757473,0.13945638966199614,0.3090235246483403,0,250
1.018060396994738,0.6086151343737528,0.20106598409710383,0.5382963011186844,0.224280849936886,0.07878936319269975,0.09361021379004435,0.3836911292362356,0,250
1.2081173757679915,0.4555056396583193,8.068327823261992e-6,0.21363804283730056,0.15753677318799283,0.05671106971283715,0.0018283666532538229,0.23120352983852197,0,250
0.8161082861591095,0.67704412419411,0.4574653619840609,1.483469716037403,0.24814956866664886,0.0905462850769986,0.09619951351785844,0.7834461402956435,0,250
1.0517337009016423,0.5814868583404809,0.34890058836402005,0.16131252016268724,0.3094571751911802,0.12253806430719473,0.15673773591678591,0.2880885522333165,0,250
1.3444926434459339,0.44072629816497055,0.0034018662689753124,0.2783545298014926,0.21135107447496862,0.078116817498835,0.12823958476350095,0.23355797097454647,0,250
1.0150658501698178,0.5527819245245947,0.3020342486996965,0.2864881681891258,0.22226059882501784,0.09047119535361423,0.09550437385242166,0.30500823725465775,0,250
0.8182130895188338,0.595586410607311,0.3560891962906101,0.5460380412534165,0.24284361406666652,0.11673561114778194,0.16275059243323214,0.40786283687081515,0,250
1.130495277516329,0.614908667456619,0.2983356350399281,0.6198544139385952,0.2638050024054875,0.08215823300995963,0.08539236306010235,0.41647057967002926,0,250
0.624051295949025,0.6856310658644953,0.43144224065652736,1.0189901918583866,0.1938133544910296,0.08918162228714784,0.10057340306641706,0.6717085409359651,0,250
0.8557704649444977,0.6217766442346294,0.14071273051093644,0.9879030157461958,0.18300067639129436,0.06961806671069166,0.08341957304481412,0.504530477202882,0,250
1.2782447955492044,0.42266814657555046,0.014228592285173728,0.1947297497489967,0.19664386473241438,0.0788578316920446,0.12904917639103747,0.21574835453878155,0,250
0.7644921516604843,0.6729766101773874,0.2641448146798384,0.2697154686833843,0.19644805341955127,0.0786045104533719,0.08068726174500987,0.3846425643259261,0,250
1.3004379997576678,0.48830994150023344,0.003755346852053994,0.5748649546905281,0.21025640334899695,0.07108654714953307,0.1023490280515116,0.30678959095459174,0,250
1.0278200154045698,0.5976388042498777,0.28783051936134213,0.6299192455928925,0.23493539391557655,0.08470418888734994,0.09520517061803714,0.4066172800806289,0,250
0.6547311659141453,0.723021738974811,0.40240277533684793,1.444475319018475,0.20601843430747102,0.07912539966348414,0.08949810969884774,0.8482536393357067,0,250
0.8724086617285691,0.6692730744769326,0.16668540107471472,0.32193302129314866,0.2024937586027476,0.07150875800217076,0.07470229977020627,0.37403819639407565,0,250
1.1112956459737995,0.6089993107548075,0.2357429627124232,0.49631914150347656,0.2408246299537101,0.07829096452747418,0.0833874512618971,0.37171725093739744,0,250
0.881538301381574,0.6393516608455039,0.30160303515394876,1.3354678831395443,0.21940754705805127,0.08277385905998826,0.09280646937579341,0.6363066658145894,0,250
1.4674324355175576,0.423488496157335,3.135918943194165e-6,0.21088741786412207,0.17871239940978761,0.05766967868957092,9.046321980378044e-4,0.21421143174593532,0,250
1.20489054847192,0.5259239866708393,0.11482069771464085,0.9131466991561566,0.21454414653293813,0.07280263333660704,0.09310875122667558,0.4018124385431568,0,250
0.662629519957479,0.7562324581122937,0.29333479982563526,1.1872099497363966,0.1981886588772536,0.06574781016156674,0.07081804654237234,0.7743907794046995,0,250
1.2731598911454043,0.4593804648291677,0.2698343981995438,0.35046699845616286,0.24263550949699894,0.09555480790306438,0.1286058540265746,0.2644347475853115,0,250
1.280124237857618,0.41196521409735376,0.06221334768369702,0.3199776775780826,0.2064837345102973,0.08368439684816743,0.14685945286783375,0.23659676592706472,0,250
0.8384548887635996,0.6537089852588723,0.2830756495221695,0.4829626674384119,0.20262118901345566,0.07781775359571748,0.07915107031127211,0.41860698123173795,0,250
1.461677183538982,0.3858523631298412,0.02070021678696023,0.014206976751072901,0.22500006919102988,0.08742158999216361,0.1607485775637652,0.171687341672861,0,250
1.2084337642824445,0.5467367508519209,0.34386671124903767,0.3956093869231738,0.2916145728086279,0.10391977865777036,0.1303979287781673,0.31998427941367347,0,250
