tau,kappa,beta,psi,tau_se,kappa_se,beta_se,psi_se,convergence,length
1.1887825366370166,0.4158530721832288,0.3684716877627602,0.5132293603257321,0.16625867920864387,0.07487828241812368,0.09934788306332738,0.20392232447223307,0,500
0.8653162094556796,0.590155637585386,0.6400755732129135,0.4758796056313267,0.21166006594328704,0.09781409932510732,0.0755407556222879,0.2887552606953603,0,500
0.9626503899325635,0.5419416906905067,0.5173741596943048,0.5684057748746412,0.1953927437218641,0.08937020046002266,0.09612317345702244,0.27223596743682205,0,500
1.077981466276912,0.4084376240367312,0.4806629849008004,0.20162509318838714,0.18283533050203288,0.09520820743855221,0.12696435780925414,0.16027571030529922,0,500
1.0158006590266417,0.47630875025857805,0.4084479242262574,0.5123656007793959,0.16909210048143042,0.08093143410292009,0.10467770557828758,0.23095283173732187,0,500
0.5436010074024911,0.7262159745168286,0.5675929453052939,0.9328201605468756,0.15559654662004205,0.07517325742224003,0.07365160070510336,0.5332940451784299,0,500
0.8588930884622996,0.6210210401092303,0.5844205920351055,0.5128977922644515,0.2130078181260483,0.09312078242924202,0.08306474906173954,0.3060104129442486,0,500
1.1608000818214799,0.4358081962946826,0.23851553478141274,0.28531422802567,0.16423386671289555,0.07346404980007475,0.12078191538625861,0.17434832103134315,0,500
1.167297631389654,0.41593515062736064,0.4247324809863806,0.38824063264060643,0.180134146221182,0.08422925642737766,0.11446310368897651,0.1885077376056627,0,500
1.0705100128274285,0.5373963072799633,0.505717167636569,0.6654489109277135,0.2085469634480491,0.08679464136989593,0.09626724889560531,0.2808940456934588,0,500
0.8633804301385678,0.5627312353829969,0.3097880248688041,0.9981671892633376,0.08755180656893782,0.053835415639974044,0.07666070658562904,0.040159485902825705,0,500
0.7773376772763081,0.5936469783351576,0.5139221923455615,0.2619111742571552,0.15991635675430763,0.08076908623699551,0.07032447241214257,0.2450402198301284,0,500
0.7729605781203264,0.6195138664403167,0.7021170398666366,0.613492380688584,0.23177644874777908,0.11256172484878604,0.08622236315819828,0.3490971803313176,0,500
1.0940909542566517,0.45171220542640683,0.5111718940394969,0.4914322973530645,0.2190320275888163,0.10540776240368825,0.1439608957095048,0.22478618905598197,0,500
1.3625247519615622,0.3030646463666841,0.36875471345881283,0.11919927605647257,0.19489190328396833,0.09492489085459525,0.19849675111113152,0.1234903485686463,0,500
1.213451088043391,0.4307778529608255,0.31971475765211543,0.27659164428250715,0.1689457148607927,0.07369458777553428,0.10244899853140303,0.17131072663159977,0,500
0.8731288068050443,0.5771548234266648,0.503260452188498,0.5367952596289074,0.18000687815287725,0.08322452950118135,0.08346559606850941,0.28710099643607306,0,500
1.0339446572836761,0.46783077298233305,0.7178338095097546,0.4818503219050445,0.258646933351905,0.1311447506654836,0.10007454467004728,0.23847408918180535,0,500
1.050988021653852,0.4824487117145209,0.4805049819191096,0.3457558395244616,0.19013387008893762,0.08894000064917482,0.10022798998564914,0.20674916106108893,0,500
0.9344630248539743,0.5688757594959891,0.805316530665909,0.6460404283545448,0.3773559683495663,0.17236215504303692,0.10134902618443899,0.36536414496011205,0,500
0.928625767269682,0.5581348582050867,0.546839723320735,0.488097649725752,0.19113650193270557,0.08692660764469172,0.0790902382449249,0.2677615395975742,0,500
0.9716781338711146,0.47704624874638374,0.7031432224427672,0.4656977594907179,0.29919601635049714,0.1595249320887099,0.14934052383344182,0.25296590090746923,0,500
1.1463302515729799,0.42995980023100233,0.43038044464413444,0.6073682243654084,0.17163203800762938,0.07824235283573812,0.09630202622630542,0.22637405241688296,0,500
0.9032467366096123,0.5455641083050895,0.6957834975702222,0.27899987958913236,0.2494337275169349,0.12290099649704092,0.09146144458570606,0.23091141431560694,0,500
1.1712645806839395,0.43410684470292893,0.5494092199224565,0.5475492918086646,0.22274395389859902,0.10417207306842237,0.12268466634808865,0.22600745884355242,0,500
1.173810017548172,0.4117706287211156,0.46472970407902997,0.2919291546840608,0.20552356890901022,0.09796536617003834,0.13894758021618844,0.17544693662975747,0,500
1.2929142990862854,0.4032120549009869,0.22321538999002852,0.25376661749312074,0.17612002476048264,0.07542369576903359,0.13603172786700726,0.15925890108339016,0,500
0.8049791231865856,0.5744892233731569,0.48522852626400204,0.3468353944323371,0.15813383663874517,0.079301691706506,0.07477163132532386,0.25107696017460357,0,500
0.8269953699004982,0.6099989000501219,0.5073113230726014,0.38314203788292966,0.18801446338060648,0.08723667790949127,0.08467822815447283,0.27303819366463267,0,500
1.172033560879088,0.43634420173559013,0.3852318756084492,0.5289737120943346,0.1953169568868552,0.08879810866395861,0.1437841675742868,0.21556251366448398,0,500
1.1086307753366915,0.4505753832115619,0.3018929048027887,0.32285142312726667,0.1897280635301519,0.0894146148392954,0.15713410172297773,0.18663646932344385,0,500
0.5244838648255087,0.7501205597223104,0.7152078414270906,0.9999778738915274,0.12521141261672783,0.07107789833496964,0.06070256359685357,0.0038841865696636127,0,500
1.1475477438939123,0.38918575030593394,0.503248391555868,0.36025661931646064,0.1815977067556337,0.0913545843676198,0.11171416589502235,0.17921935704059203,0,500
1.3169404692470148,0.3647522176639896,0.45644086088123886,0.29379454122029336,0.1948760685959827,0.0892157823326039,0.12669623785501966,0.15885637089482302,0,500
1.044160034824732,0.46193532738568494,0.49807990607922115,0.5325456033366118,0.17681040554948155,0.08506303163582732,0.0923909056102268,0.23035234921016862,0,500
0.8381501841170993,0.6000831589247173,0.4883143675584051,0.7151377132103359,0.1614813084427793,0.07351350339793494,0.06658867252422415,0.326127723603299,0,500
1.0479634665391018,0.4544899126720577,0.3837987800852748,0.4670689994239096,0.16539403812995926,0.0806599563538103,0.11055304653391938,0.21265149741100373,0,500
0.8732356596012383,0.5211761484814131,0.47454977975273493,0.372994625198208,0.1671375416787048,0.08800102733009942,0.10124993352732713,0.22898660002927027,0,500
0.7683520994427829,0.6210914672948731,0.5729128650443358,0.5990173210391271,0.18044700220584212,0.08647080160113972,0.07923574616085985,0.33150628000099547,0,500
1.4041463186679968,0.33304413989998105,0.3554050793432402,0.09586761757371308,0.18583237657068488,0.08363131439655182,0.1442290878905002,0.12471805603956704,0,500
0.8518663478958498,0.5461851572564126,0.44879366127400744,0.6791238752724512,0.14725131331569802,0.07182375577254048,0.07430416420377153,0.29263804746287325,0,500
1.3116170031862568,0.2908738576918906,0.12721669816037953,0.12229916143068974,0.18655831758440491,0.0951499219105718,0.2837410178730607,0.12112264673795366,0,500
1.0689971522174722,0.44734288519555065,0.4390288628118702,0.3429852004455623,0.16739333678964036,0.08107068095113314,0.09214018236014998,0.1923217523470434,0,500
0.9213528670697193,0.4802671548695044,0.46381201638827746,0.2752466466573527,0.17140998677349994,0.09327659360304712,0.11804585120072833,0.1962149265213948,0,500
1.0361573783903353,0.4553813211177353,0.5061558174467009,0.6685322407901891,0.17811954222931387,0.08820127554125623,0.10196522665773186,0.2521526496307643,0,500
1.00059542724573,0.531793634721476,0.4002632914083944,0.7062038388342894,0.18801251749359857,0.08217263549672649,0.11235040334783224,0.2920428020844363,0,500
1.0873765641535564,0.4595274969877918,0.3900778902442305,0.5631405405867522,0.1822652760847527,0.08487443133806437,0.1261280222038715,0.2308401776783363,0,500
0.9398370991680349,0.5349519326553092,0.5163247245989355,0.25775479946949903,0.19876695566047334,0.09456416893789354,0.09716648019825919,0.21599163651788683,0,500
0.9664418967291263,0.5266536321997659,0.5535729014955586,0.6531050336432176,0.19337368087345186,0.09046066632125063,0.09072388447290236,0.28413640308510657,0,500
1.3314354172798932,0.36144129001460745,0.21465819419792767,0.3465229855701587,0.1554772781437095,0.0674902138825274,0.11921200360225799,0.16065075322647834,0,500
1.1073835154866691,0.3986673960150002,0.4377502337370692,0.49898569265583964,0.19024477463672892,0.09608310781406111,0.16642517531671813,0.20699171294591984,0,500
0.938686994584834,0.527711479459871,0.6503992229469474,0.27218383743690905,0.2165134699379749,0.10639397957218891,0.08229797556686129,0.21688918644074592,0,500
0.8267987890776661,0.5843269170761575,0.529255357787204,0.45938767698711375,0.18034451748691474,0.08630983171059574,0.08475297654275855,0.2807332420693283,0,500
1.017079141892638,0.46291407688136343,0.6397151109058147,0.5398252921022813,0.2083343664897421,0.10484720556098312,0.09294306860285062,0.24327867111874427,0,500
1.175585887199481,0.417454461230714,0.4178723282453146,0.3639349118776508,0.20519148794448652,0.09740921277518184,0.1608018572822324,0.18566888838817755,0,500
1.022630362240604,0.5126308504213127,0.4026759733480801,0.21976710507910927,0.17798939456292912,0.08108267699293402,0.09585062213478222,0.19271163479906614,0,500
1.2726103959850394,0.40252745679004515,0.47686589212671804,0.45556980559832794,0.2358197602994771,0.10737095185496656,0.17151981999095733,0.1970456530354425,0,500
0.8221934488647662,0.5712943127511564,0.4167582663710951,0.9470088140839586,0.14585487733125793,0.06917428099496184,0.069678931814613,0.36430799537549563,0,500
1.0626642321035489,0.46079304594993103,0.4938494278506573,0.6125992128306456,0.18354434018043797,0.08779657125722122,0.10168548283690496,0.2433994520973668,0,500
1.0372173765254535,0.4534342011769384,0.5240015882163742,0.649162886642388,0.17154719076273647,0.08438538368044378,0.08489154638296093,0.2444728161810015,0,500
0.9035713332978228,0.5541407903437067,0.3873762722356448,0.37706735333372043,0.15591365815303768,0.07257639232832623,0.07992423278009575,0.23591067210353506,0,500
1.0016482864548635,0.4799183311585701,0.48636800258583274,0.333324125376895,0.1885246591885293,0.09354178959697484,0.11267001458039526,0.20552158157118075,0,500
1.2051246797410693,0.4079299698126012,0.3723033952982582,0.4147120942054967,0.19175391012628168,0.0886630305885926,0.1483331932230925,0.1892885861040673,0,500
1.333797010221801,0.39110869151872746,0.29305722771813947,0.42409997602146265,0.17744950301748502,0.07438599384231116,0.12245419793631791,0.1802493284298398,0,500
1.0587667029802703,0.4389398416930819,0.28604300120817816,0.3515820974770667,0.14803035835852402,0.07211789563685182,0.10562204778637535,0.1872298271951017,0,500
0.934753035128552,0.5155283300757915,0.4931431376679293,0.5089869922177761,0.16721794958538622,0.0816178524468671,0.08214431589404395,0.2487808767495724,0,500
0.9646850610067097,0.5300819850018363,0.49913242805314023,0.5068691319232491,0.17447290443884286,0.07997328307778438,0.07838648030094335,0.2528076882222974,0,500
0.7773035173580881,0.574067607728902,0.5518743204244677,0.5966043939558813,0.17508785543650512,0.09552770426849257,0.09123010089024149,0.29351511422675286,0,500
0.4122361239415185,0.7880201621735383,0.715610984487521,0.7776116190895204,0.1656954474828062,0.08707342672309588,0.0659741074198279,0.5844236007653497,0,500
0.8706765016780975,0.5467121043845878,0.52460299494682,0.30299657477831854,0.17519263735060145,0.0879532172880804,0.08248692138362555,0.22879138784763184,0,500
0.9790153575022326,0.5048862933334628,0.44833112306683803,0.5551138938894347,0.16624611195808467,0.07833789144185459,0.08401475684834249,0.24979493891495286,0,500
0.9013868971506975,0.5839469547301067,0.5331376534063266,0.7094940804583183,0.1867842908394596,0.08252560500687199,0.0792233977300198,0.3219739278974027,0,500
0.6843742274288603,0.6554701975070715,0.4769795537360521,0.9288519652008537,0.14463612544165624,0.06879173592959499,0.06898401766003112,0.41571432455193097,0,500
0.9046144932608419,0.5893355001202502,0.4142220292748457,0.7795839730294719,0.16500919074973794,0.06982396228164929,0.0764091346384575,0.32584533370316227,0,500
0.8514327863415583,0.5788971416008981,0.5391608763611142,0.6940220538680152,0.17945125926415387,0.08451772604957832,0.07972016269120534,0.32239387371686595,0,500
1.1494233866247712,0.46201583054035716,0.4346668054099252,0.16874839883571832,0.1823467846417501,0.08149377123456186,0.0879352163197146,0.16729281125802595,0,500
1.1888700036680884,0.4274875469857235,0.4176623334672652,0.36046824786858245,0.17630925034814796,0.07981459457530443,0.09603631754864005,0.1851263174470935,0,500
1.1615838161446075,0.41764603561227537,0.45337156963025016,0.2621228189257352,0.1961408980910103,0.09365466706696629,0.129656893742152,0.1710899396514925,0,500
0.8100688564277018,0.6111927965373638,0.5846520377280381,0.5761345232583912,0.1874492630655436,0.08743274119222932,0.0727493786984177,0.31907429236690776,0,500
0.8994023383905908,0.5070307467453583,0.5730553223554203,0.37356908480263373,0.19394785408137247,0.10337774827908414,0.10503102676634318,0.22824424873329946,0,500
1.1084570494269002,0.42913103496440136,0.4283825631185945,0.3775429304558309,0.17342222858064268,0.0833375450917985,0.10632654874677144,0.19213432253749435,0,500
1.2224230682676476,0.4402571639315811,0.396390553335144,0.4878753925394311,0.19930144094704239,0.08623958114814641,0.12958057424497033,0.2088710694963769,0,500
0.943361023585175,0.5442534093493964,0.40000181286418096,0.5736207994164169,0.15643671409290955,0.07015330063001754,0.07297032788712247,0.2649831738483467,0,500
0.9494731471309651,0.5271653783979215,0.43244894497580866,0.6934565834802602,0.16682189967027447,0.07637002788905643,0.08555958838277959,0.2897642542639274,0,500
1.128137606218473,0.405515831985897,0.4386611757321493,0.28750296205562326,0.1679174524426899,0.08305804468270978,0.10040441083241332,0.1711704479455825,0,500
0.8154719160436342,0.5644928747862609,0.2840029920200801,0.4913721450788989,0.1316487001474773,0.06450094296889285,0.08094371467126255,0.25747749480368615,0,500
0.9548607657697116,0.5115574974561359,0.39392931231506406,0.3634150287879165,0.16063505897190952,0.07721373503043608,0.09195283821167645,0.21775185964111088,0,500
0.9299837368291259,0.5145828653978229,0.5094570658478546,0.3394011603481489,0.17283626262404284,0.08564213193486926,0.0817138714911567,0.22107262127351313,0,500
1.232903977354065,0.40906842429618934,0.3650048486646142,0.44479319704730147,0.17831414807202256,0.07951069325821657,0.11885528897337357,0.19121128371956586,0,500
0.9933593764733398,0.4604725089882066,0.3459175040938059,0.37546298208281204,0.1511418812926957,0.07619931535606513,0.10529488580893759,0.20043720186168723,0,500
0.952068036620751,0.5333969579137486,0.39219211515176894,0.5900411423179689,0.16065355351806856,0.07355313918236629,0.085777153607002,0.2629005327807174,0,500
1.1534183464893606,0.464083162276158,0.39689840523775394,0.41759553675660477,0.18580699991814595,0.08155504803303917,0.11020989935020313,0.2049058881699478,0,500
1.1641739064783965,0.42197372330009897,0.5609976346100486,0.4501693642998769,0.1946080363419772,0.09171591222337264,0.08661788614768617,0.202697342049872,0,500
1.1489796848537828,0.41520886697193926,0.3833710961342055,0.5596553386877251,0.17106800835975589,0.07982679697173625,0.11849790198504435,0.21406910029252837,0,500
0.8636442891023243,0.5572028684343447,0.5175727313768176,0.8217650973833737,0.19136290602502043,0.09316616057398189,0.10834252238471478,0.34462880318698114,0,500
1.1536158571128343,0.4691221577092795,0.5052891319048474,0.42627741386394774,0.20335583286127706,0.0903867209060692,0.09360071315072048,0.2112482479127643,0,500
0.9255495694661511,0.5332175849136185,0.5697203236766872,0.7369214076472668,0.18522745359073609,0.08892549581974597,0.08135505673219415,0.3049961157409003,0,500
0.9264060254765223,0.49158549983732486,0.40031046027790185,0.46273239144504746,0.14986202438898436,0.07604469214825094,0.09084202817392478,0.22867604045436613,0,500
0.8824492502984176,0.5815299008053348,0.5867711669268412,0.5014126269858831,0.20132823876851155,0.09250472142474843,0.07863587458218796,0.2882353411830321,0,500
1.297921647882442,0.42410503010497835,0.5074424821779243,0.5498450266795222,0.23301668647708498,0.10019047371528746,0.13679321703454078,0.21663182450337537,0,500
0.9002853074566474,0.5431463575822425,0.5966135096014796,0.6754109065056584,0.1978510774568705,0.09624044158906099,0.08755998429239606,0.30557807215363053,0,500
1.1240926736899197,0.39145160935157675,0.2804617276015737,0.4912473430894997,0.14844553241136876,0.07253376741980654,0.1206819370547998,0.1940533492163687,0,500
1.0801373384352466,0.4619627225200508,0.36941366738748743,0.2601235051706103,0.1907643173828296,0.09108414215525366,0.1420723974501894,0.18196075676521378,0,500
1.0664237398176049,0.4729257311839571,0.3993751453792484,0.896038135495912,0.16675242129230852,0.0752675693305619,0.09762677518643566,0.290240165166433,0,500
0.9542764187237885,0.550299533331187,0.7087299873127149,0.5203165302551698,0.25912604855113597,0.11988342624701069,0.0896101646506679,0.28214512698208166,0,500
1.1747443601611076,0.4295699966873988,0.36283719180543234,0.42437508400234963,0.18582366912077106,0.0850197361513032,0.1350711902614492,0.19584235836105005,0,500
0.7344033977955038,0.6425428895227473,0.558782475456304,0.9363531909330196,0.16458166638547767,0.07751249300937464,0.0689561235267073,0.41259795714902586,0,500
0.9173534599133889,0.49234868321738007,0.5237383780960032,0.35467562114774975,0.1822305486134428,0.09743729981493496,0.10805133288167681,0.21665493875184766,0,500
1.0299386479730857,0.5062659826197289,0.5625815674189025,0.5413712285050428,0.21385697608072135,0.09610947297159876,0.09051987064670552,0.2660295824714657,0,500
0.8321255416941084,0.5617733275698253,0.37525803417324805,0.49259595636299747,0.1477367941976835,0.07194156308960592,0.08555517300469181,0.264228987403566,0,500
1.0708086814913098,0.4695226032315677,0.547118125244834,0.5847543351165461,0.21207865989105804,0.10120058277955307,0.12005625218569636,0.24666854099780594,0,500
1.2858747647512276,0.3929745055216548,0.2919567369772829,0.6099459553554825,0.1773231194943095,0.07738098749108074,0.14033317537924359,0.20734174304337888,0,500
1.3260978154429808,0.3869269711206521,0.4709977491976151,0.27991481062834883,0.24117188153254002,0.10773527765334028,0.1745357173977762,0.16433018566159358,0,500
1.0384885824394172,0.486034298964803,0.45077491141762216,0.3607270448624823,0.19383787801469998,0.09082532905249607,0.11735567064675924,0.21092492227116746,0,500
0.9391295614139111,0.5580216574246664,0.5103151789339628,0.7662884471866807,0.19251808397487763,0.08658682157442978,0.09527845171963649,0.318576021470255,0,500
1.0268453697877251,0.4754533741009685,0.4613162840179962,0.4270957818707257,0.16856862728697988,0.08045633524474032,0.08542825186439768,0.21649729582807348,0,500
0.9459840069229671,0.5619321144467282,0.43585622261288337,0.6978222640187812,0.17107953763381578,0.07440836982531093,0.08083656954143269,0.2975881718448821,0,500
0.8000317681801237,0.6006119813405862,0.4850513640371558,0.5132337119504131,0.17009002973088738,0.08102131726290093,0.08138831025078364,0.29690257545202065,0,500
1.1754188127430463,0.4596243314061519,0.3240174971636912,0.37196474219216713,0.1741192092735062,0.07493797825578025,0.10655618123294838,0.19329524741339854,0,500
1.1374350513938931,0.4052448451072586,0.3786672160846643,0.5305349980703244,0.16595896899447007,0.07990382436641251,0.11885788248545387,0.20662058645925968,0,500
0.9343108450497504,0.5539502805222467,0.5061555399629577,0.35037679884724787,0.18477468474406156,0.0852741014180625,0.08236962736161697,0.2359490707780059,0,500
1.1775066411430486,0.4172549130861712,0.4639721773409734,0.27455564209529254,0.2429575352155283,0.11666562041727074,0.19076386998216843,0.17499407431238312,0,500
1.0893739874666442,0.4580940086519757,0.5398516948604234,0.3764313344321596,0.19905562574930194,0.09443555154316004,0.09843548985777553,0.2046663860059651,0,500
0.9482002590593935,0.47485945062114365,0.46253837159537986,0.4813132344474115,0.16336047369159912,0.08492399142628401,0.10092329491244381,0.2287900166406135,0,500
1.0368815739371782,0.4949338749099801,0.4676706380402081,0.45207451326567394,0.2022671013650918,0.09367959800705142,0.1189929470495597,0.2314305189882542,0,500
1.5621793482301887,0.20214093306544173,5.8224819303352874e-5,0.1396734815469171,0.10875180321443546,0.0442941027105722,0.016629005607759127,0.10669607202441386,0,500
1.1024263622833654,0.42634231251953886,0.4221300206444849,0.4643421227100297,0.1727297805769894,0.08405722675902079,0.1153914587043667,0.20435352621849098,0,500
1.1450136820366155,0.46648439363491745,0.4694139887465133,0.4628457634958463,0.20129883366897225,0.08963339590319713,0.11191443011160913,0.21646714441920573,0,500
1.0175788619598103,0.4400179699493453,0.5080509401563426,0.28616965046534415,0.17846246365634433,0.09385852149228327,0.10884442931713441,0.18488054305725563,0,500
0.846762631561438,0.6297335090831722,0.598437680212082,0.577395985979617,0.20805589352058074,0.08831400354141072,0.07680257821164214,0.3313552248079927,0,500
0.7663631191559943,0.5550727106286136,0.5645574374774287,0.6149681804239464,0.16031911211279712,0.08685371168487463,0.07174742246517817,0.31430900199107337,0,500
0.8717244918717414,0.5622827942890676,0.49328453539297534,0.690962176774845,0.1693391119967049,0.0808100698878498,0.08389026457216225,0.3003513465062871,0,500
0.8146073002408112,0.6126672519616232,0.6414670911102929,0.7144097303028907,0.2041378644440726,0.09481388165046929,0.07671995091880877,0.3558557621819882,0,500
0.9878236368838841,0.49106266045617647,0.46766480140464045,0.5504342704217665,0.1704226432813585,0.08269647575878168,0.09398282964357078,0.2435550101402734,0,500
1.4473260350885662,0.11205821636858984,0.05370249623426532,0.17865507113326007,0.15850450193315388,0.08914445005078747,0.7062285497609753,0.10224898431250182,0,500
1.1530211846095333,0.36078850454784706,0.2689885195666466,0.31726134461589117,0.14895469347008297,0.07579178476147248,0.13869362522203377,0.16168577174703103,0,500
1.127537325934667,0.44071015340664105,0.3753230176007279,0.4178166274174585,0.16765097222656955,0.07774628881604109,0.104843371202451,0.19735982411572653,0,500
0.7235484941944899,0.6323038775739983,0.6394791108771006,0.5009695231986016,0.18701596925876812,0.09297038002703266,0.07229323553105262,0.3258469358423629,0,500
1.151824882620506,0.38203361652380485,0.19233422229229785,0.3491209501619473,0.1409779575900528,0.06786540140555432,0.12212653363859628,0.1690534940685672,0,500
1.3190768668323,0.42950030549586776,0.4845782764156181,0.29139328520786145,0.22719579047074942,0.09394082525724878,0.12216742035342572,0.17580534080057375,0,500
1.2241389299644765,0.43816379044667103,0.5054812249214788,0.09428040278788125,0.24293629168501965,0.10894418073637853,0.14370074022107623,0.15046630786608015,0,500
1.0889822251274417,0.4392629193720491,0.3990488815535773,0.4840415662351289,0.2011719678289942,0.09779364544520104,0.1644552556593008,0.21632957498583436,0,500
1.1767301819806295,0.37152287855754446,0.34155098140316875,0.2846199981508329,0.16518695048348586,0.08218320851136363,0.1399485263794612,0.16054123004177787,0,500
0.8999426061713851,0.5215110503014265,0.4318065879461493,0.639200609980567,0.15152893452721883,0.07456004814161223,0.08009044663796515,0.27199712768538703,0,500
1.2702375974046247,0.4251315761544042,0.3408331876799495,0.45651854977441153,0.18103499560094297,0.07656513541719949,0.11273617281796003,0.19467683778841416,0,500
0.923933472043867,0.5563222610256936,0.3688067118769203,0.6786318132890529,0.1557977397453975,0.06955663163269825,0.0815130623686615,0.28653699831056734,0,500
1.1382069877021896,0.47247611401343675,0.40035550080544763,0.7049428911853534,0.18607729299757247,0.08045249444295052,0.11126863780246296,0.25625573736945295,0,500
0.8834067357331862,0.5351132423126583,0.6141753974288844,0.6615967433868324,0.19608409435863094,0.09910183177324679,0.09100684575273478,0.3000389482320773,0,500
1.228191695200101,0.31044984169002293,0.38587696079502676,0.40998570299060594,0.1632967066491492,0.08432981448112,0.15435444072674795,0.165131613683275,0,500
0.9692940175321468,0.4892606418699012,0.4083215132525935,0.513932824759241,0.15298119743908561,0.07496818231656073,0.08448573968300514,0.23374276619112264,0,500
1.1779343038744903,0.38752219459263326,0.43181247799174116,0.05950066937531578,0.17523307691601456,0.08601617011445571,0.11064708793105675,0.13582985009426016,0,500
1.2257753577067443,0.4137463753320523,0.43842723360229385,0.41386684738567664,0.2868739541185372,0.13379036270252664,0.2513337188297013,0.2020393574628535,0,500
1.0366031058928908,0.41551224117807145,0.2798552376743434,0.2613508039394847,0.135425838762033,0.06945133192291,0.09941661126683173,0.1689090260831051,0,500
1.4745932362032472,0.3332655071200251,0.23365199253321636,0.3217949873302359,0.1603235983727674,0.06564342606704028,0.10845810775297089,0.14966055659842908,0,500
0.7343596511312069,0.6268786476506544,0.4402051239221469,0.7081237452475339,0.15581376302625777,0.07489967010744814,0.08577248224437131,0.35071093206302073,0,500
1.072976412367373,0.49137069412799095,0.51517703668678,0.4165907235664835,0.19496374683342582,0.08874120958761558,0.09225372734961096,0.21937940862335806,0,500
0.9003087032771908,0.5644396615083657,0.544372169120967,0.5466506530299515,0.1909294994940466,0.08798631360950192,0.08452494480968506,0.28493585415240924,0,500
1.1405618056761033,0.4631384488174564,0.3470545620105019,0.49610529846939483,0.18282837820613967,0.08056749501582318,0.12235193351995945,0.21666548557824514,0,500
1.129905858399765,0.4766616822436644,0.5255345825670915,0.5066864297400354,0.21148200803165015,0.09420817714441136,0.10530339935612094,0.23046719530528537,0,500
1.0829464462129188,0.47560496433844507,0.5310476815574388,0.5475025132644102,0.22215553119684078,0.1037901645927549,0.12796963052932164,0.24311985099374,0,500
1.3418712832883337,0.36267042703916313,0.18638740218284636,0.34623334774792286,0.1642589430229967,0.07123446167009839,0.14242758523692242,0.1609306547157505,0,500
0.9517685722560939,0.5108775555880554,0.40556844522535224,0.5069229915506397,0.170681754485364,0.082946550983609,0.10983791947426197,0.24244492513517354,0,500
1.029484978370406,0.50866793249877,0.45059960331835425,0.620646242295693,0.1819308171613789,0.08122752958211947,0.09470711457875625,0.2621481453406781,0,500
1.1755550404996344,0.4101797760880268,0.41539167567043284,0.4926538889589579,0.18346827802993637,0.08563022843294943,0.12836772998337148,0.20335933212851992,0,500
0.8754385143458366,0.5955740136003952,0.5884349264326497,0.41660359607430025,0.19409307467119027,0.08668104531509387,0.06812086185478378,0.27490600913708085,0,500
1.1153431995110612,0.45760788081582515,0.29799831748180944,0.49099612874328297,0.16463374112337498,0.07367827030531746,0.11086651281228667,0.21273005950104676,0,500
1.089793835414467,0.4558659402283065,0.46711370526728574,0.36613936483162846,0.1862151924166176,0.08842041669250511,0.10838278180149666,0.19892470881663674,0,500
1.0956379187267933,0.46451100855583854,0.5013363783031668,0.2995534021611984,0.19326204007623368,0.0903311267732749,0.09775965352465633,0.1915348637181029,0,500
0.8457752143584122,0.5580916473233473,0.5919353965282667,0.7572194591107116,0.18729057023162665,0.09310196408116639,0.08621166900760217,0.33225959552786943,0,500
0.9566210866313529,0.5184120141196361,0.4374800155493559,0.7699982428874558,0.1877634806657037,0.08995064404716185,0.1288584238751642,0.2975966586966353,0,500
1.0054914779274473,0.5081041267922093,0.37797971912375866,0.4820931581833781,0.16344311910067294,0.07462289665119907,0.09095212375786427,0.23295165689012698,0,500
0.7426081929448028,0.5933947405878999,0.3781750380017502,0.7234392389761829,0.13544640259943708,0.06783656397138983,0.07606637695352979,0.327799377957356,0,500
1.3833995326715245,0.3121651488540842,0.21065971687268548,0.21061775718579992,0.15217590835142836,0.06834243903008541,0.13349636186085462,0.13412796942996916,0,500
0.8622810242236771,0.6058962235940446,0.7079051873485068,0.7381233957278026,0.2527878255217467,0.11432462023023099,0.08278929192337219,0.36850274915800846,0,500
0.9214542724198334,0.5192252053141476,0.541356638695706,0.5914301974432088,0.1818812755936671,0.09010648181121021,0.08852661665249714,0.27205479172248614,0,500
1.0775337809843661,0.48661531400330743,0.4292022980571424,0.4215660433116289,0.20853256377121324,0.094716102457789,0.13340768875645606,0.22040127917852684,0,500
1.4159836579204554,0.3427378936705159,0.4494614585326445,0.1695733222046588,0.21749460934544837,0.09675750214252497,0.1587450600000693,0.1363007199087111,0,500
1.1632169677525837,0.45098634165002416,0.48817663428866254,0.5212736857238178,0.19642435562550306,0.08771389941724882,0.10335242872022851,0.22145836910273084,0,500
1.4794941393270005,0.2804493286932382,0.3759248705491553,0.27708229515149824,0.17977083238054634,0.08099061215572298,0.15038130812563041,0.1370982947765802,0,500
1.4034574125482462,0.3309215568626648,0.37758753284510116,0.19961464631113485,0.18705157617958887,0.08430638182704316,0.1410312160917252,0.1370674745386939,0,500
1.0224356972257984,0.43654535269115097,0.4165188271852986,0.4792953870880545,0.16340919573551524,0.08330622164002792,0.1151557293117061,0.21301877384875706,0,500
0.7553679202109855,0.6413873371684135,0.5690331573127753,0.8037415547393046,0.18300881110315773,0.08292280282010644,0.07530392421498945,0.39821408754000365,0,500
0.9309445045036117,0.5143786711631064,0.4861691788410926,0.5261137946483389,0.16945087005009773,0.08285968295678758,0.085534584466224,0.25369840083147477,0,500
0.8365317996909977,0.6014841367575865,0.6427770689562937,0.43965366951552437,0.22397983411279954,0.10463041705042173,0.08431179106379963,0.29157661980799654,0,500
1.0015052545825969,0.4886862019372526,0.48572101691609715,0.502474264414969,0.18008537448444853,0.08700491182845659,0.09856384125096897,0.23643655562923638,0,500
0.8050710205816595,0.6139385877798842,0.4864937526296472,0.40932880919698456,0.16320574436012036,0.0748064907847655,0.06600573574929677,0.28032685126984774,0,500
0.9664209009833615,0.5064264423296543,0.554181594423288,0.5567359168673842,0.18697283104683352,0.09151079371401664,0.08670727417859728,0.2563587905396036,0,500
1.370981072682973,0.38119381268340535,0.40420326565355624,0.16971263919257576,0.36764435495517117,0.16235875089816634,0.35360580307826806,0.1490707657448451,0,500
0.7299162001341128,0.6499271685992977,0.7154731062712932,0.5025201450863838,0.2454655480074449,0.11686236003513713,0.0824351579205045,0.34746403686811556,0,500
0.9986932451474098,0.5065076591512435,0.4282320902739669,0.774240338660613,0.16555900756615577,0.07608368098769862,0.0840824452364712,0.28551238885443636,0,500
0.8795980977116487,0.5100254124780659,0.5442025819895369,0.3915532196824429,0.19978254777690369,0.10738384733449884,0.12316452130406785,0.23655705010100078,0,500
0.8793992549983551,0.607824704314126,0.5626757556413572,0.43000491825590803,0.20044327950866883,0.08710913097897365,0.07553313149218564,0.281802445359528,0,500
1.1321652590568074,0.4079522105733277,0.30258135461175534,0.40011281666860277,0.15644890179884274,0.0754167148288427,0.11617740937775807,0.1856913961056017,0,500
0.7516671047474882,0.5649658875314906,0.4555998393612551,0.5037126639579184,0.1414508685426692,0.07630062103687753,0.07670349259723057,0.278225813431402,0,500
0.6973879019172361,0.6536927886107832,0.561989919540322,0.47902664978971854,0.16877987867769564,0.0822117441988009,0.07388264553295172,0.3276233838475065,0,500
1.123285731804153,0.5129955307412292,0.5190429607858035,0.6970097636791857,0.2084142372181681,0.08565724503335805,0.0865830013893126,0.27771548002508467,0,500
0.9918915868921677,0.5405471208639612,0.47426312253424263,0.5330035193987315,0.19282421917437848,0.0846648754692081,0.09580873799465744,0.2631540660053538,0,500
1.0083358848381534,0.4873668284267575,0.4666681124026151,0.32067611846618993,0.1762772929346517,0.085037435723133,0.09499081514554313,0.20357783681969396,0,500
0.9740489742851831,0.5097002187895846,0.3739312726083522,0.34687959414797986,0.1601474298104844,0.07552579023806885,0.09131802151683963,0.21296370665236475,0,500
1.4321441472005585,0.24656187883463848,0.156250767149316,0.2770443590546869,0.16944397990252763,0.08198887370331881,0.26385089301366155,0.13117477308996914,0,500
0.9864065959767683,0.5220973340065395,0.5399844822552196,0.7383702808549645,0.1863578526319114,0.08600320400233795,0.08626692437146176,0.2920342678504331,0,500
1.1128374645020875,0.46467564479080703,0.39237356221669634,0.31855327448223786,0.18587245496135263,0.08499122575726979,0.11784167258318369,0.19106481654568272,0,500
0.8933102693405068,0.5669144016411591,0.552035553416542,0.5140759778014194,0.1847046767666719,0.08698363636646612,0.07196678361673413,0.2763164844959849,0,500
1.0151097590582197,0.4832121851091891,0.5201698308221773,0.43210194074233793,0.19091628675616565,0.09200059384809178,0.09644428142458202,0.22559455489346908,0,500
1.0889539242646062,0.47401036740052016,0.4801787421397103,0.32964535760655056,0.1982822057082618,0.09180534235012086,0.10853910043165002,0.19957231689633448,0,500
1.051417198959781,0.4502457138802548,0.44915227124783297,0.2557213569924277,0.16805006673095516,0.08344843909045199,0.09313923018260617,0.1799012026301315,0,500
1.040861034900963,0.4698718183627324,0.5789308463728478,0.001753671683893603,0.2540274437164324,0.12845754453277414,0.14198028671254628,0.13028948189932843,0,500
0.7795833077540366,0.6465784935743218,0.51874764218217,0.8291329140235423,0.1698707115075353,0.07344716977666427,0.06801412760395614,0.3900060685912839,0,500
1.0024913624181746,0.48350196775664994,0.4986339899669268,0.3187456052157795,0.19279291501896592,0.09498808135029696,0.10944772799949434,0.20564996919299938,0,500
1.1116036287667028,0.47948795458953225,0.44529281881143085,0.41072092094599566,0.19636561592753965,0.08825172778690564,0.11553600587700456,0.2110885387121574,0,500
0.8641740259352949,0.5297408031804638,0.5218189530721602,0.5685903503882145,0.17535620501082927,0.09069757347195524,0.09650729141899862,0.27423019446421365,0,500
1.2416223394003534,0.36297297251777294,0.4773305278176826,0.4626267539810788,0.1894242612941275,0.0911972109912424,0.12816980219102359,0.18642333943441178,0,500
0.7127456332675002,0.6343712086014061,0.5467538592956287,0.5506738828252774,0.15936292185164963,0.07806534653138414,0.0662387369211372,0.33296825506598815,0,500
0.9694283185776152,0.467884054372872,0.5600536348418175,0.6096208137149,0.18664027728275354,0.09622659177252765,0.10675952667082708,0.25654589297995845,0,500
1.5550100155266513,0.2719149005243077,0.36656919791633225,0.3222091644602243,0.20159603620422256,0.08865812454781928,0.20099732818257168,0.14095926475682283,0,500
1.2861356732726885,0.36237070233587704,0.4577588324885717,0.5696685500392016,0.19844191434314062,0.09238506643785153,0.14656980544111745,0.20161603894067567,0,500
1.172940155995372,0.40727622917670986,0.5933968991543157,0.46287020467325385,0.2647718383747952,0.12968308414483168,0.17316799372833183,0.21315289085555955,0,500
0.728615120757879,0.5912578275096314,0.582434513905975,0.9916990585188482,0.5662763849545197,0.22847745705005285,0.09937058894272828,1.8325829565793996,0,500
0.6185315143978871,0.6765486499978415,0.5986314545316088,0.7351418194184262,0.15613680189626508,0.07923106429550773,0.06615783627042181,0.41657754237507005,0,500
0.8557525626955156,0.5999781487148452,0.374137034860017,0.8353569213788505,0.15384441192112355,0.06719773644909786,0.0789030413489899,0.33849339288840063,0,500
0.8495175069816097,0.568502872466104,0.659444740161497,0.647166494701724,0.20670306744110228,0.10190769282762825,0.082336360783985,0.31787159455308545,0,500
1.152687850359562,0.43518435183083376,0.4929655946353002,0.5392745018620275,0.1940391045085076,0.09040280663511908,0.11013278098772862,0.21959880086814051,0,500
0.9489835393349374,0.5235158861666841,0.5676541027939741,0.3436827617811507,0.1968485925257412,0.09522487351845363,0.08728194523302708,0.22676168976475283,0,500
0.9765630864436693,0.46978012120142915,0.5450854840009456,0.6583687895397943,0.17625044402406545,0.09014158116220021,0.0915678951157403,0.2610409382968612,0,500
0.912761052616582,0.470920905016557,0.4216152399187593,0.34991204461723524,0.1681979015835928,0.09338721340877576,0.1300812744335356,0.20633996382497424,0,500
1.4702741788361222,0.3023488888992177,0.1106237376315004,0.1302670244053534,0.15415985264948873,0.0662482914821158,0.15244245618100413,0.12127234944479344,0,500
0.9012580376149973,0.5349618189978315,0.4395004176783822,0.6416036367564958,0.1756662844975237,0.08618767198296727,0.10966671641031529,0.28351379843093627,0,500
1.0032478141533734,0.495736230563503,0.5118444997407795,0.24096911439107335,0.1864524796806709,0.08984814353499902,0.0895153819776225,0.19502441376538476,0,500
0.9281072346906881,0.5004720652144904,0.31016298967829015,0.5781441054106473,0.15782121375917865,0.07968399121052407,0.12347320751822087,0.24813888648030202,0,500
0.886637315864367,0.5545470374404029,0.5040402291277052,0.7213877688674077,0.18490447258753523,0.0894139573395506,0.10207394149542763,0.31075698808483365,0,500
1.1175398759737707,0.45746129904734256,0.46676269455591063,0.7179256139412279,0.18624658875609607,0.08382257837499964,0.10166768295678467,0.2586389753726223,0,500
1.3646082798176717,0.35963114943926283,0.1145802785529522,0.4419133498590615,0.19065229374777934,0.08326216953734467,0.20707686597084013,0.17351902026697477,0,500
1.1371988181256507,0.4316611305726307,0.41735448338987646,0.3411399285997376,0.17546253247392385,0.08234065672785873,0.10526826494268522,0.18554586300739173,0,500
0.8324348916254036,0.56927181840632,0.6356247156727821,0.9709066897992368,0.21042290810962352,0.10390436864732325,0.09774496105400991,0.4030898988875191,0,500
0.8793367192105732,0.5256284997224366,0.525188033991391,0.6557615372479699,0.1742752261987856,0.0889398329696658,0.0960226532803193,0.28744660760693636,0,500
0.7371542929224563,0.6498283366528149,0.7836478269296268,0.5760108684158447,0.36924187888756865,0.17333301999282552,0.10717623256709748,0.4283950460675079,0,500
0.878383665662951,0.5734624259010247,0.5665922446095906,0.9023553083306214,0.18088791555202932,0.08450484958431521,0.07789912730850419,0.35544478693040427,0,500
1.1634199991498044,0.44887931861021935,0.37900756744512426,0.3215661698160615,0.1856176908116358,0.0833567195771715,0.11913729988583474,0.18534398806680058,0,500
1.053062151577435,0.4705793718790281,0.2997674300337703,0.3562313202719599,0.1623606466650137,0.07653241937719256,0.117066640830445,0.1966163567374586,0,500
1.0478490795289486,0.4541231334668639,0.4677048796460401,0.6292382851539031,0.18021289933455775,0.08686393825245142,0.11109391599347089,0.24700767669114457,0,500
0.7942726467792064,0.5938432784692642,0.5702547691389585,0.6834957668761475,0.18418067682725145,0.09022529852462773,0.08451495949326382,0.3377791562550727,0,500
0.8535273781450394,0.580315967499686,0.5613156295536834,0.5208511696846354,0.1864114458687122,0.08719572119197302,0.07542507316101481,0.29622770257703757,0,500
1.1181597897247517,0.4476387343203138,0.3135390066463019,0.36682669683656727,0.1681519151716807,0.07726436564193072,0.11765175684891493,0.19165590134522317,0,500
0.8059612371719128,0.6017904048570694,0.440892683828331,0.6563394932584847,0.1612944384112014,0.07614944077210939,0.08701142243659442,0.3158493000673616,0,500
1.3605218302089392,0.32378177542409137,0.3799156994016587,0.32126664269126204,0.1739203781405666,0.08001422481532683,0.12842692792525506,0.1524397570894195,0,500
0.7263606563534094,0.638370520664655,0.5083627286262317,0.9999766901688241,0.09938364541443338,0.06162289287031977,0.0707212019105963,0.0040940497711821075,0,500
0.730682279699033,0.6182408035362325,0.5697757773298998,0.7695157854529819,0.1736953520447261,0.08718340320856167,0.08183177808612543,0.37468020315614753,0,500
1.0121941859394499,0.4978774330932449,0.483773519814469,0.5774222368372335,0.17734172700755213,0.08378569495662462,0.08815730392566594,0.24999586088359163,0,500
1.1382764561802043,0.3958939584359664,0.6056189967363408,0.6629206256865585,0.2055298026289678,0.10195693077548171,0.11094104620664673,0.23972993735866982,0,500
0.8442357884281633,0.5761827563790327,0.424904183781162,0.9021768525786261,0.15379427339970783,0.0715802095683282,0.0801172658244725,0.34614891776513823,0,500
1.2129330678429313,0.29097497898551955,0.08928498679666098,0.19986214048332518,0.1290532861456128,0.06670592499153771,0.16633771559431182,0.13133180978673253,0,500
0.8621491614536473,0.5886240186769723,0.5891354230101953,0.7278855264099529,0.20390312130864777,0.09428682223585455,0.08738907669472581,0.340597753454773,0,500
1.1316082662456595,0.4829831340037516,0.36077505426239814,0.5041549274164914,0.18069675036029886,0.07715233622211276,0.10549405714550678,0.22428363040221375,0,500
1.083129929754606,0.5150317284603566,0.47713297865515536,0.5300292306530138,0.19786081400649838,0.08365638988065237,0.09323072571210894,0.24792116802269026,0,500
1.0267012295435964,0.543686320697978,0.6053203606595979,0.489690965300781,0.2211381736619458,0.09558495170162586,0.08286198217054994,0.2583065882084885,0,500
1.0577572311833154,0.43593203433734395,0.4356456586694487,0.18618739270039014,0.1652857873734582,0.08372064225094455,0.09988036596902393,0.16549153993367333,0,500
0.8568850629499876,0.5433515370362517,0.6012606977665408,0.6159160528690947,0.19926189737550343,0.0993656820451552,0.08964909238725612,0.3163738735672882,0,500
0.9228017889812034,0.5177530422367838,0.5608608815597436,0.5176596512142755,0.20240150517922895,0.10192081445131225,0.11081299275929513,0.26087279167542426,0,500
0.994349279846137,0.5063899938204439,0.4629781901901896,0.5211365949618596,0.1844199832310644,0.08642827714157536,0.10412529368655092,0.24653388794964773,0,500
1.269219780255302,0.43969352436917136,0.6272928766126658,0.41725919677081785,0.25789514582743533,0.10976561558324432,0.1103970372683609,0.20706217045131606,0,500
1.0901097801392512,0.4146878961523941,0.35207407004304564,0.2785248957445735,0.1617720250330603,0.08067182294104953,0.12092159974441397,0.17227333910287793,0,500
1.0337346216075207,0.5340832930469335,0.4506044999545822,0.4936603087180792,0.17917707940062122,0.07682479833565677,0.07735076688370958,0.245435945915681,0,500
1.0734427882947568,0.3991955286008084,0.4626955508787797,0.4852532280948779,0.17101996412853882,0.09034102756870983,0.12353451527070687,0.20235801120694366,0,500
1.0928747216809815,0.4186166167777464,0.31312041672884494,0.22774768879783255,0.17120738048551512,0.08629070513544772,0.1456391482535662,0.16462012157559974,0,500
1.0705435267605032,0.4233009467248568,0.4451726237906325,0.37239074343480844,0.17089039135479994,0.08675305254912061,0.11260605314928017,0.19056448862974837,0,500
1.254183503956044,0.4040173785359501,0.5539132677648797,0.2634576524917635,0.27359949819628093,0.12580695604238998,0.18117460669009333,0.17155480510998874,0,500
1.0022049813646174,0.518632930665866,0.508758694009103,0.6490013879376776,0.1823612435302479,0.08287330501791938,0.08151555809734902,0.2729769826354684,0,500
0.7396843213121115,0.6278612961856849,0.5731256790778122,0.3180342213437957,0.1738757646526951,0.08525674580327576,0.06831512795247181,0.2790333665627133,0,500
0.9837881300725265,0.47808711709702173,0.5122338171870827,0.23771104864732562,0.1921374269844916,0.09815444199323925,0.11147406272859396,0.1901700280217221,0,500
0.969047372015188,0.4759401185672626,0.5693399984003986,0.5884705735442283,0.18759120122552597,0.0959512017889198,0.09596429390533193,0.2553426624472996,0,500
1.208237896446414,0.42406718967592183,0.36919012851801214,0.20884696846031967,0.18096678310860775,0.08185523114768846,0.11701971551389251,0.1609476471729545,0,500
1.1530470899767205,0.39838636953774664,0.44644183055932574,0.34913866300224033,0.19125783473641614,0.0953311008817309,0.13916811880727273,0.17947534235617843,0,500
1.1542992628449633,0.4245292156666368,0.280799027368111,0.2899404226511081,0.15734770546421253,0.07233741276326057,0.10912080561006571,0.17232655369687028,0,500
0.8993150100391226,0.5595977081292948,0.5407111009762521,0.6399084133582918,0.17708833918108416,0.08266076451534862,0.07406511356648178,0.29540560958033274,0,500
1.319165809773475,0.32130784542268015,0.3155524550570449,0.36456966024150106,0.1602466315988996,0.07525968875469194,0.13439284576269614,0.15725493561821943,0,500
0.96660435041241,0.5654764901725452,0.4606319943456807,0.7614247951936125,0.18234154817946746,0.07587139695459702,0.07731917171076487,0.3236011541783834,0,500
1.389811280770929,0.32290095382626305,0.4290198103070167,0.2644895094191558,0.1971559222848132,0.09065675568870302,0.153673156494935,0.14559042572644104,0,500
0.9497539575525676,0.4859787175170955,0.36154403912880667,0.5653334076640364,0.14629696389331606,0.07229879989882933,0.08923349431531723,0.24100887456916364,0,500
0.8681561984971616,0.5861442406854535,0.665490294803205,0.35941376762330235,0.2685229868012811,0.12684619841688916,0.10620900666054979,0.2693552526385682,0,500
0.7930858591210072,0.5404262180406104,0.5502885081081541,0.6105374367859516,0.16666718677125428,0.09131508194598292,0.09051646242829667,0.2960995222489387,0,500
0.8891444310941274,0.5678294084478491,0.5169160165020786,0.83984980206185,0.1756523378056515,0.08040009734906474,0.07876812341839592,0.3407445753285757,0,500
0.9640691701044247,0.5300239775631624,0.4080390236294519,0.7067933396780861,0.1595701079308095,0.07199784063343331,0.07964058887216918,0.28152789926200095,0,500
1.0306663520071606,0.49975980802769565,0.3928814148031182,0.5199525526817476,0.1771859615640084,0.08027711116107389,0.10685591744122953,0.23878230443356074,0,500
0.8301708356609471,0.6093797290679152,0.7684307530312837,0.6390285739094119,0.3114522940928755,0.1463854526998055,0.0952478485018685,0.3649194105146027,0,500
1.149007024011223,0.38664667063693453,0.4988705313482743,0.2866313573979234,0.19347323898253413,0.09908063180619166,0.1338216245931465,0.16780939709493822,0,500
0.7417316701279401,0.5668183650379809,0.5955295879945163,0.4532897933992995,0.17092880334412616,0.09756777405804959,0.08252538994088028,0.27722888353276415,0,500
1.0193281966423227,0.5235607253337081,0.6309746000641203,0.6212512368422769,0.2347020103854748,0.10625582183845976,0.09502370339860797,0.28412820714463644,0,500
0.9632695995831583,0.5139406416360666,0.5328386701903566,0.4681856773646095,0.19550261416975934,0.09477347822025879,0.10244010796729866,0.24428946707372315,0,500
0.6849350064463181,0.6194594462653669,0.5357038663105291,0.6766757395576085,0.1503915333071882,0.0789617423489175,0.06930450813978425,0.3550197430326897,0,500
1.4111892210921877,0.37088017004613055,0.1661010440980535,0.3161569219750629,0.17718046162608533,0.07280106274164526,0.149196818181424,0.15731719069807257,0,500
0.8088734383762605,0.6114340532090964,0.5541308612587428,0.667413218250509,0.17866837491437812,0.08146326177016061,0.07301019767384313,0.3395280362655492,0,500
1.0393969542454686,0.4378252513275711,0.450622968032121,0.30869969958399285,0.17754885257684333,0.0910644914284567,0.12121747594608519,0.18661296247793913,0,500
1.3269407044290291,0.34300587144550676,0.29765926236700097,0.42532211495956956,0.1619181709272725,0.0727045186172629,0.12495467818830273,0.16925304751161696,0,500
1.0124385967822929,0.5189883031348711,0.4490493671043909,0.7248293344675498,0.17004790369374334,0.074465140372372,0.0799066911496592,0.28178146106670127,0,500
1.000212025161942,0.4930446600583954,0.569836589913302,0.34240139595822644,0.2142163330007301,0.10498512208625649,0.1098500922241283,0.21522493482799399,0,500
1.059437125312756,0.4971388670850587,0.2523700649749363,0.5366228636996369,0.151780197197692,0.0658011554007909,0.0924514614660448,0.22929808975513577,0,500
0.8743015590038724,0.545632853220902,0.5637908591666683,0.7112819380769778,0.2006054948034434,0.09853802832370903,0.10204256524274474,0.3231448666870098,0,500
1.2335000597187469,0.3443080043548495,0.3788332900454313,0.29741571042840886,0.16847841782537984,0.08310609456328624,0.13854174064940128,0.15611989390675218,0,500
1.0639849407029478,0.4967470197619458,0.482173115245614,0.4666676867572473,0.19955238127540098,0.09056339215617931,0.1083877053684834,0.23043362632679745,0,500
0.7644406771764408,0.6488357018862732,0.5997477378471632,0.9999729488036799,0.12208103853955803,0.06824383532824128,0.073153029953756707,0.0051693627489905435,0,500
1.0765604244955673,0.5091836120597832,0.47783529481337395,0.5985113531765384,0.2146424039656528,0.09323337448573026,0.11850963055455739,0.26194956170898065,0,500
1.0712959546573952,0.47776251107940887,0.5539062161368916,0.585388397273744,0.22774358895143276,0.10619125036898114,0.12448263573298464,0.2565100282338685,0,500
0.9389107799408484,0.5573580527647877,0.4816636037678084,0.7782310896785264,0.18512487900545863,0.08326981771825027,0.09627614691803209,0.3160326247250475,0,500
0.851785893989876,0.5634346278548548,0.5255520005251061,0.6420099206894259,0.1741382382413144,0.08474632713359533,0.08452301724252921,0.3001971622529396,0,500
1.1915638819579988,0.4339281422693881,0.4104048354341713,0.22458630980762503,0.19123183003784083,0.08603165827062892,0.11710415903320699,0.1676562735553701,0,500
1.0610598456449114,0.44578495658373984,0.4329746409785293,0.35374758916917204,0.1673545435167042,0.08132684804472716,0.09505428770628603,0.1946658172419149,0,500
1.1188855402902067,0.4314954146968786,0.35206523960129277,0.5665430238642509,0.1558153080918307,0.07148653248825415,0.09585055013570834,0.21737683766999003,0,500
1.2597469557223073,0.3578055365975759,0.3531030874488194,0.20957666471747946,0.1768498534666423,0.08515341263821925,0.1488658152265665,0.14575486075235355,0,500
0.9265626224281222,0.5473425659217447,0.47290138921189057,0.3799659313249984,0.17476705549328334,0.08088901362163585,0.08088416333741236,0.2393276004198566,0,500
0.7961775609905013,0.597691375711927,0.610275026135359,0.9999846868552447,0.110606156204086,0.0677305216966123,0.06988296165818655,0.0036846467203729173,0,500
0.8078451962516598,0.5725601868150446,0.5134345706501156,0.2516674517481184,0.18677633783805153,0.09512333018549837,0.09938880225983739,0.23647378120627166,0,500
0.9289719324263636,0.5391247425666581,0.6230990561889196,0.34839478301541493,0.23820381373564162,0.11632152252135487,0.1069644618881093,0.23868745853050533,0,500
1.259531695388821,0.3805774513455638,0.36961284538346245,0.2451927081408716,0.17522939239979937,0.08094990992049957,0.12262343699253785,0.15520360739221267,0,500
1.249650208001621,0.37440487773740133,0.2207104858602222,0.427677155699203,0.16445531747230996,0.07564276708153478,0.15131123817411685,0.17702645982070342,0,500
1.1317283825526614,0.4227870543049964,0.5403806231645747,0.15862799378076403,0.20921963356702758,0.10287769526079098,0.11735647433424291,0.15884609776519093,0,500
0.9590347969910414,0.47015557609806047,0.3389780925783145,0.6969395698172076,0.1457619484594094,0.07320206663856314,0.1039790208198443,0.25572084212666074,0,500
0.9799763159016122,0.5243458511909538,0.6527179810523287,0.6549691953009481,0.25134952000122596,0.11788135122727804,0.10243683680332191,0.31104960973607143,0,500
0.9077888512035741,0.5534516904235897,0.4446644985255378,0.8177008460107573,0.1562367939357583,0.07150728480018981,0.07177627976220723,0.31332099883693154,0,500
0.8938035402971323,0.5489189928690634,0.44852558430703815,0.6433534661012538,0.15926795352233736,0.07543542124051081,0.07833444848101373,0.28436571323181153,0,500
1.2954940772229282,0.42912578546676744,0.6280957753489702,0.3261814931324758,0.2664741596891468,0.11404031177279146,0.1123238036854382,0.18634828655513563,0,500
0.8251530721796827,0.5979304050117001,0.5889105463888947,0.7493418815466178,0.19171964220314644,0.0898117291328077,0.07989447485277143,0.35257149349469097,0,500
1.2374183590158196,0.37160575301867926,0.46659935039167894,0.29584306335466676,0.193806774310589,0.09302638487155566,0.13333148828904773,0.16368390995135565,0,500
0.9781834951700981,0.5095661322255104,0.4852669906081235,0.5278786736670306,0.17323249371468347,0.08170434173489181,0.08264242884577365,0.24845654020421623,0,500
1.386079796571593,0.3499841215456388,0.2902383470050734,0.4250583244669805,0.18245649628792138,0.07996630510288241,0.1555334542115349,0.16984243089231588,0,500
0.7750455496212069,0.5492496176776848,0.3336508095368289,0.39241626017779135,0.13063619397496365,0.07018688885083706,0.08545155418478803,0.24139948610697406,0,500
1.0949977970467886,0.3813400496680026,0.477979710085968,0.5344473725747418,0.18366003113017512,0.09744545615556666,0.15122570740308633,0.20841300757096845,0,500
0.9155903202758047,0.5199232025241309,0.28468267708972594,0.5637121333711423,0.13945865003121322,0.06657808151097787,0.08868826987438146,0.24904161887800116,0,500
0.8953041170076376,0.5322581568742081,0.4686223249641015,0.5744140741895708,0.16268349705576668,0.080150039373383275,0.0874211110558844,0.26477597627204325,0,500
1.1588905189844765,0.46550166177446406,0.4722880044918278,0.3087317832418454,0.21359079437396122,0.0945453548492514,0.12002236398176326,0.1921476703307218,0,500
1.2059879688297093,0.35992416645096614,0.27077231517537764,0.35093911162452357,0.15929857647860377,0.07798289478754429,0.1497574033710532,0.16515190047227424,0,500
1.0565583286432614,0.5003938879674252,0.5641823574300656,0.46433366459630887,0.2131135761332493,0.09644071619278084,0.09690674812350135,0.23719134022129745,0,500
0.8927118942073615,0.5091938437514205,0.3969852267010487,0.6541364557168277,0.1554927405544783,0.08004510769375657,0.10561635727982523,0.2698713293893784,0,500
1.0337973578048685,0.4835823456091539,0.4500724917960667,0.34575026273344656,0.1768557475953828,0.08342662828506724,0.09446487912231755,0.20558439409056994,0,500
0.9105128472050148,0.5571070135903431,0.4993511217597404,0.3019922013015352,0.181223662539531,0.08522287797306989,0.08294963433083857,0.22953515780393033,0,500
0.9589447029418187,0.5010699916459354,0.4304269079274279,0.8903484280667767,0.15720047820627697,0.07514878101088611,0.08794421813171785,0.30252792765650105,0,500
0.9322235960439215,0.5305048803684657,0.6595810660492716,0.536165071981003,0.23962479237418668,0.11842745493309316,0.10588479597842324,0.27396693860063753,0,500
1.0636370863906557,0.4774079660879148,0.46598201680161255,0.5014153446921625,0.1803070218087787,0.08245617572834182,0.09568485535074085,0.22962444413876673,0,500
1.190101127767917,0.4317460400297245,0.48792902185549025,0.5659319079805154,0.19113202489855954,0.08517430287530664,0.09625258184530378,0.22237142919862912,0,500
0.8404546380459955,0.5953036935276304,0.5505497558298347,0.7467010891572718,0.18071729548125037,0.08290513938432767,0.07389269119843374,0.3445632484441308,0,500
0.9504380973253591,0.4550437952211948,0.47615917760452225,0.6058676442793809,0.1558025901537734,0.08296852232564123,0.09314338451630322,0.2430096385979902,0,500
1.4204677498008171,0.31453627887629565,0.14928135085788974,0.414586305843755,0.17515395251806143,0.07756535234059901,0.199878052761421,0.15948460222911112,0,500
1.0419163598681311,0.4614587438856821,0.6393852313331463,0.1793823462878901,0.2268036457550066,0.11358765340983462,0.10156746888250896,0.1764111110023688,0,500
0.5980813091588874,0.7055486942534656,0.7576951934750352,0.6943367659087997,0.2300181238273451,0.11278364422417117,0.07516323048894834,0.4543508201309433,0,500
0.9678563876620115,0.5557801929592883,0.48101971710988356,0.6386177448683108,0.19546941206849636,0.08555885589026108,0.09398896977947277,0.29123213750532667,0,500
1.0991256189258145,0.4063794820644702,0.3053483720058934,0.36511851899871717,0.17094619019499047,0.08648690026258739,0.15980545043275107,0.18200310418201182,0,500
1.2808837775992508,0.38830088817275316,0.47173124893291896,0.30259788432361706,0.20892839162216456,0.09538421419991366,0.13653290844762342,0.1674267987573155,0,500
0.9283488984646883,0.47732672388623654,0.43979128276216445,0.37531323036116204,0.16383128972173502,0.08702568345380213,0.1100552557365322,0.21225716165862016,0,500
0.8401893467763358,0.5548297039093432,0.47177544939913774,0.3964504178856134,0.15250566111311473,0.07649296843306604,0.07027833479329625,0.24696919738907633,0,500
0.7614734176712304,0.5911731761571106,0.5746493566708868,0.7837598043002356,0.16258921904855608,0.08420485101308386,0.07162371145316417,0.35089734743456785,0,500
1.1814645089947833,0.3702928516435479,0.3527946134216309,0.530193615975395,0.16002700956909321,0.07826833281415156,0.12775976779828624,0.19436374921537278,0,500
0.9916354364744481,0.49532806585975403,0.3633817940525347,0.43502318247087174,0.1580339139994309,0.0743856314064926,0.0953487260105219,0.22174728719636175,0,500
1.2709742487901006,0.3520450281024412,0.41191655537117683,0.4525152970801321,0.17619447920890505,0.08376866773907952,0.130773078887224,0.17842515395326541,0,500
0.9457134401465277,0.5454469703313872,0.5552885579096495,0.4941413966216359,0.18495059314546292,0.08546500716982429,0.07330706440293698,0.25939540287820084,0,500
0.9318541957880846,0.5234809906874853,0.6036347474301326,0.1386827713992119,0.2288749463890522,0.11487082144469034,0.10758968300779431,0.19105767568282503,0,500
1.3396167466426399,0.37397335703723183,0.37454799233952824,0.5217172685789916,0.18473795602309373,0.08016199206993999,0.12712689002702413,0.19139359578620513,0,500
1.3485791189947416,0.3725072451095254,0.4599914415891068,0.38365344685773495,0.2179124403918411,0.09679989930237844,0.15270807163721614,0.17478871282142078,0,500
0.9337042978532731,0.5522706639925848,0.5659107113142955,0.5811466464631853,0.19524102779558342,0.09024871251444502,0.0846720877613991,0.282433630807333,0,500
0.8789832896682056,0.5703949595210547,0.5539099248642686,0.6171049883465023,0.18450342372860745,0.08565200943446821,0.0784749910836186,0.30240560639509995,0,500
0.8531587737635508,0.591178390175819,0.5330744466573717,0.7449819874494402,0.1864307440207228,0.08569003769052427,0.08854473661855973,0.3382738624682182,0,500
0.9430585523566412,0.5076027808168044,0.43216207338303114,0.6442766347642871,0.17718173916184568,0.08611037367940365,0.10981825213243783,0.2819237622480117,0,500
0.837334372745597,0.5451521737600866,0.3901587606374471,0.834237734713024,0.1547799601519626,0.0775050975715845,0.10499708333127607,0.3225850445390895,0,500
1.4276941638155383,0.2583552217021552,0.21755067991269741,0.1504020342944272,0.14942556199647425,0.07034509230544825,0.16379443117379155,0.11800121337524404,0,500
0.9642323774372044,0.5338109281201614,0.4700035588253748,0.3990503157903488,0.18411322423121243,0.08536469275322457,0.09433613937519937,0.23472824359420696,0,500
0.6973134777887274,0.6392948779638806,0.5042765572644964,0.7826162827149805,0.15385840783765653,0.07570218067530032,0.07588283323425865,0.38264817766130155,0,500
1.11905206708117,0.4070050480160292,0.2837586650452212,0.5020806013052391,0.15416012657321998,0.07445107717430674,0.12540053234871612,0.19987312215548436,0,500
1.2029052520675207,0.3949078018650546,0.47449346090176286,0.289751110984904,0.20913383010234327,0.10070912889673518,0.1504899347135952,0.16969529725683546,0,500
1.0520814623004986,0.4400983632904976,0.3502263556447229,0.32585030714828683,0.15292914327176516,0.07546973025505582,0.10094165188219413,0.18555633370007876,0,500
0.6473141082288628,0.6639577926800565,0.6280212799208743,0.8493635427168217,0.17464263430953436,0.08837782439846487,0.07368934492796744,0.4398771318826682,0,500
0.8488287456724669,0.5863504074809591,0.5566713036111484,0.8443440131464844,0.18690894152259718,0.08704761318775396,0.08394267825638768,0.36057323758094134,0,500
0.90754950218588,0.5766135111874889,0.4547371259096812,0.9261716627007064,0.16888135874622762,0.07416958107794726,0.08317023842534342,0.34410830931949965,0,500
1.1926484572860445,0.4220932202849801,0.4397773777257583,0.6379595448928181,0.17602517013033211,0.0784914915274951,0.09299582130545059,0.22754828517522177,0,500
0.7918933160340772,0.6120647368487131,0.4655711914051537,0.9998227549213203,0.10603093799064613,0.06335013100685408,0.08642468711826386,0.017383976220909977,0,500
0.887407986544263,0.552132132488754,0.609587978063458,0.6230984337949228,0.19543599852520824,0.09539015797434212,0.08715534967051991,0.28809961170578563,0,500
0.9837100484895356,0.5167199046252814,0.47920537038805716,0.4125571498681612,0.17208522858862343,0.07979737842136853,0.07612154810835443,0.23000313290289684,0,500
1.0725186143706646,0.4859983740440431,0.6388654530933506,0.16226401647664773,0.272153370797658,0.1279216467088128,0.11803395391704986,0.1809487304258161,0,500
0.7562759529958176,0.6078623699753867,0.5542886969507034,0.6390239383797971,0.1813960170180158,0.08956300448752742,0.08801847010933624,0.3452548167088147,0,500
0.9953125934259404,0.5041925182000151,0.6053273220067661,0.5131611461273069,0.25324843090247146,0.12324845738325226,0.13821567136712712,0.2601750534826068,0,500
0.9600343227124142,0.53481869497191,0.5256660953105174,0.6016738300036714,0.1949653077898891,0.0902533719634694,0.09555371422628813,0.27770851532099833,0,500
0.9877036839978222,0.4392237958427788,0.5902902284501749,0.40223311279137575,0.20179808395478208,0.11031577105649926,0.11920061768022941,0.21020275962908727,0,500
1.0103924832481481,0.4743085759912109,0.5306429761359414,0.601384272583675,0.17978122915069367,0.08880889963598487,0.09239508424661566,0.24852398686982785,0,500
0.8805104348717825,0.44908587942467115,0.4173893073840305,0.5819273668559639,0.14586645591465214,0.08440852329673854,0.11845090026681117,0.239303606399304,0,500
1.2825600448936476,0.383040117927629,0.3345090826011785,0.39348000415625684,0.1676164161532586,0.07409996405700815,0.10922751119323212,0.1751356009454708,0,500
0.8969337301925122,0.5651187179439121,0.4453475559325326,0.8597552460460556,0.17208661387756785,0.07761231437062643,0.09144802394606086,0.336759396948458,0,500
0.776333333657522,0.5992065097723862,0.4129478804937375,0.403822099482927,0.15508713000749247,0.07672186527425079,0.08469323972248494,0.26896635316232603,0,500
1.0313564461154388,0.4565545068243223,0.4637205097021543,0.531493396101827,0.16331903854400387,0.0796945990839819,0.0840951157073122,0.227070257440912,0,500
1.0726604541039892,0.38388654974230807,0.3881051128038834,0.26004196763067716,0.15273256152329673,0.08133329141405644,0.11660181485776004,0.1629631219223953,0,500
0.9370126210374239,0.5626579415008653,0.540712574391937,0.43792188886853745,0.19560616661014565,0.08820409096902324,0.08204776117022615,0.25816263762671154,0,500
1.2292604036470474,0.4075003928870266,0.6158047660809837,0.24284163368157966,0.2627095598685671,0.12329532166496375,0.13846757263593654,0.16857199838455897,0,500
0.6858599687353631,0.6533032161664726,0.7419935000574378,0.5256914827574074,0.23152463449575558,0.1163661416625127,0.07852476870732901,0.3537744517947669,0,500
0.9182571896813998,0.5848231032781938,0.5508242742925378,0.3848795729824237,0.197659566454744,0.08544476854331934,0.07605086259211495,0.2617716230124199,0,500
1.0439067959811001,0.48645216000216235,0.5192807247903849,0.47991878010227407,0.20316841024726304,0.09637834045839296,0.11356924369783655,0.23176638402432118,0,500
0.9369952484247126,0.4628592237680077,0.44077327384904896,0.7239582119301536,0.15965142343283578,0.0844623906071162,0.1120849936862428,0.2677054156467873,0,500
1.2267110290938288,0.4059010888215969,0.4468941329766597,0.6136647442927434,0.17985908874523598,0.08070675403946956,0.09852443133548341,0.21819777141293492,0,500
1.0252517797847016,0.5113556068431416,0.5595007656994049,0.21197482673785994,0.21318639182441254,0.09882663411238649,0.09606697572244213,0.19564514178300327,0,500
0.7327989796665165,0.625428939438392,0.7813618452050467,0.757400421658994,0.2748953428540223,0.13952266304546815,0.08679461982867494,0.4163075152794488,0,500
0.8442410637249155,0.5392859935697941,0.6051989546724847,0.3488124922599838,0.20079163783886,0.10679015818086506,0.09713557666038139,0.24120105999865457,0,500
0.9451161414327619,0.543286591015851,0.5790929153610173,0.21872829070178423,0.19587829093279882,0.09198657798406269,0.07430548244869611,0.2105205947624769,0,500
1.0339104522886053,0.4590144225828415,0.3457238173150002,0.16929605428825065,0.1719362327278276,0.08537834411104814,0.12756500959792785,0.16866735893527077,0,500
1.2960832109865315,0.3413294828196992,0.5060208216455024,0.05234831717633514,0.21671277049089838,0.10701993179925404,0.16185711006499778,0.12263184579767179,0,500
0.9081184586298406,0.563831545420802,0.3853889085317623,0.4922602265388558,0.16114264071318468,0.07271930919766902,0.08402356536655065,0.26032660606322877,0,500
1.4210039655601776,0.25118342835437274,0.06356445671363334,0.26438930030544605,0.18447793067052826,0.0909578171331939,0.3236883762361424,0.13049672687676264,0,500
0.8789126175486528,0.5507756880715713,0.5088022366353719,0.44421615886786797,0.17329921889514002,0.08318810567075229,0.0817012132160553,0.258311836744359,0,500
0.9061233059112069,0.537164762083109,0.4893446064774549,0.6520394031702113,0.1798780787380345,0.08610915071738781,0.1012234456223378,0.29025777986192436,0,500
0.9830607828926389,0.5130981351910552,0.5391065151321279,0.390079473732297,0.20059751698195105,0.09586376149127507,0.10169857956732158,0.2284425859967598,0,500
1.0523270479612823,0.4106958278616411,0.31182332130969326,0.28084612495418154,0.1625088114191305,0.08422706717352373,0.14536823919176434,0.17298975167149733,0,500
1.138360052067096,0.4083449892880285,0.48615038535864596,0.22836742564707363,0.175527546312187,0.08631200629238495,0.09067029071190723,0.1637556604695556,0,500
1.1219622208795552,0.3607608312295154,0.4285147240919247,0.4847460329549604,0.18164258920711385,0.09770085365266501,0.17451133880308992,0.19276194742903668,0,500
0.8465136799233168,0.5322696619651771,0.577456483439496,0.26954256332262166,0.17890501949015214,0.09528452077461852,0.08406030295608245,0.22079869677745587,0,500
1.3433337912069627,0.30128877801355736,0.29371598710724617,0.4296708229552652,0.1624998037696598,0.0769283568727722,0.1603506880520921,0.16167465271328618,0,500
1.2768808179013647,0.32974118989967743,0.4853436596505575,0.32931713206658364,0.20340818856627874,0.10190892354275334,0.17007595098286593,0.1594237005329104,0,500
1.2428284262196625,0.34497238474237035,0.5500389637761137,0.34780560751187334,0.19963449748147444,0.10048269249216013,0.12847319681849242,0.1660451954553067,0,500
0.8358321664295254,0.5981533948353953,0.45350761931564176,0.33791857203637143,0.16230383404027585,0.07436160632199568,0.06991337034577538,0.25579262694955823,0,500
0.8936252219022878,0.5727631303341774,0.6184065026238111,0.581306154734976,0.22138903510953367,0.1030110774869301,0.09335003028751575,0.303630259701671,0,500
0.9925613044008098,0.5397282305522468,0.4259594298761552,0.5725191444956947,0.19317775456124864,0.0853539480975135,0.1074545314922249,0.2686294884259091,0,500
0.8326534139439473,0.5484038897100855,0.6052089568590109,0.16644253758338615,0.21050324382898444,0.11081311006041222,0.09793482144604952,0.21246477143742468,0,500
1.5788551574624183,0.23090353344060052,0.04821459919402304,0.3206820089301191,0.1538539028134266,0.06663395023422154,0.218028698561697,0.13049232163612337,0,500
1.0970400994384846,0.4374499402558242,0.5516213093513147,0.48103903392527764,0.22219486109630154,0.10945890723608345,0.13602507819419646,0.22088415286994614,0,500
0.8157276797455878,0.582927381450506,0.6280846805432307,0.4558043639620264,0.19431490657507033,0.09705961720067788,0.07833829905308631,0.28126367810752473,0,500
0.7670807011620603,0.6145407862600366,0.606961879259631,0.5724392701272615,0.1877786943062344,0.09141126688777364,0.07633045808265901,0.3282679498030838,0,500
0.9526233315511914,0.5129342336656056,0.506069531335006,0.46053117582582515,0.17968040003484834,0.08719892770487413,0.09070070677423898,0.24094277887282822,0,500
1.13502740833752,0.4613645655709786,0.41127741411695673,0.3481499693423039,0.19264529609109185,0.08692021301155804,0.11981404772205714,0.19542375858650568,0,500
0.9150254239478929,0.548783712844972,0.5500402283929934,0.42027275116742,0.18121261785609494,0.08518091675772169,0.07306067424600805,0.25062414344129147,0,500
1.1930771269090459,0.3542277440854193,0.22099336574228795,0.2994349857374379,0.15320728631553635,0.0753222619533505,0.15089661681109884,0.15744930701647383,0,500
0.9862129078069667,0.545476724792644,0.5852361856005235,0.4685032615995233,0.23071065824271758,0.10415926659531885,0.10175317869142696,0.2593338422808986,0,500
1.1271666362854273,0.43549509123438523,0.5177986084979171,0.412405169413339,0.19754045607063037,0.09513439767784108,0.11090050712992199,0.20045016422684883,0,500
1.474074616053312,0.3002037434400123,0.4030954758786144,0.2330185685153969,0.2444406344249989,0.11169507302121894,0.26111425593830656,0.13733160317575374,0,500
0.8404458714093153,0.5551016183124955,0.6210335542350859,0.675162307552848,0.18074063289658285,0.0921147302304148,0.0742682477234112,0.30988068143400077,0,500
0.9588109440566296,0.5083000762387512,0.4862356870568551,0.27267484011929505,0.18124473244468658,0.08824830237268075,0.09603492540546316,0.20629641101335075,0,500
1.0152633024517035,0.5172611937826966,0.4773689871117103,0.5192400482674195,0.18598760358635483,0.08347831049551208,0.09028124221709888,0.24942503909263708,0,500
1.2758064711229724,0.39307028256173515,0.3951189594311777,0.12045238942529146,0.21452149448100777,0.09819466480049933,0.16529607149982503,0.1417599866394036,0,500
0.9014771884428114,0.5414627426478262,0.5924807214074748,0.6809580042514253,0.20423541887729108,0.10032577259230267,0.10110930770141272,0.3055197220715543,0,500
1.3173583396793607,0.28295328266700237,0.2777789152327069,0.3061298615809598,0.20490375698378452,0.10499433650640005,0.30120504472102017,0.14638453504173174,0,500
0.9041590385040678,0.5487766117085844,0.3887342630536063,0.3546806984023869,0.14725774805618777,0.06906858490259543,0.06769886300525293,0.22912889646081902,0,500
1.1515315171113987,0.4249459896829504,0.37312279793065445,0.35035302001105234,0.18121731782960027,0.08578385181558422,0.1296404164104315,0.18409993214751183,0,500
1.3649642633103327,0.28945164023928976,0.03152135726051391,0.1826033208785039,0.14725489170333916,0.06944761040297738,0.19073229842910833,0.1259404203846684,0,500
1.4559236280013743,0.3010238488638573,0.07647685742328088,0.449234822565071,0.17153556427112296,0.07424577207174074,0.21286740551747532,0.16003746726455417,0,500
1.15941172856317,0.42093050032227286,0.5178054597464459,0.5026558802029635,0.18670898586026793,0.08852348963908419,0.09217263237880846,0.20886780370492095,0,500
1.0381699868195557,0.4903018372702633,0.427496851028933,0.4789525758913941,0.1704704207377685,0.07783928342756553,0.0870025761818587,0.22883469820467872,0,500
0.9657717195798952,0.5126291479118696,0.5445095758519883,0.5820504987612732,0.19512417705845325,0.09356186823063865,0.09832565368574245,0.2672673129600691,0,500
1.0736034870786888,0.4226330936382049,0.4510706618875896,0.24243624134479688,0.16231845172274134,0.08093605347165465,0.09932037550473032,0.1703158804600361,0,500
1.2033551219725023,0.3991936521543402,0.5041037892073073,0.5418540346510581,0.19545458867618007,0.0921397333702442,0.11779643622248222,0.20959944833675417,0,500
1.1285766434755957,0.508325305417155,0.5443056371247915,0.5340313163027947,0.22760636754159572,0.09523091290668864,0.10022578904061616,0.24985229321633975,0,500
0.8194986704415872,0.6156319499023065,0.6103212153829674,0.8022268532687142,0.1922011917215867,0.08691074196741211,0.07325786810793838,0.3727272906062238,0,500
1.1192551970287765,0.41110388001039433,0.5572468832019828,0.325889432809126,0.21467736149065206,0.10961713896759993,0.1374030124110658,0.18270030911302698,0,500
1.2173840201937125,0.3222673625440385,0.3848041300745111,0.45610612706211046,0.16745751725193342,0.08651526124951857,0.16372692608426107,0.17409628975382202,0,500
1.1955033405742888,0.355350118941229,0.32674186635338653,0.31200502805071006,0.15594781953751607,0.07730911369527985,0.12933467816005162,0.1598803607418722,0,500
0.9976767792603916,0.4833422852010891,0.37526183799489293,0.5846156983589842,0.16412569923485948,0.07900804401980732,0.11006888472258838,0.24300300236417247,0,500
0.8571144683466829,0.5593150813910119,0.47908753451294506,0.375248143470414,0.1612484022611306,0.07914622135638472,0.07276488250199975,0.24510946689791357,0,500
1.1101106622820978,0.40861466825380277,0.5038490193101145,0.38117357185604284,0.19689665429544367,0.09955833971545623,0.13639230841471814,0.19084245404812034,0,500
1.1200574590523062,0.457425128002257,0.6278438787102442,0.40667786570852793,0.22892380908391213,0.10753329686657002,0.1004626471043354,0.21109017160959584,0,500
0.9439400093414205,0.5506932658030231,0.5791002876278233,0.4481949737227121,0.21709373600470866,0.10004732208480831,0.09627160301275907,0.2605918060376893,0,500
0.9291285573310958,0.5420411363396088,0.6034236337263498,0.45256614631918346,0.21409436024346093,0.10237251438870434,0.09526571401475424,0.2584434115337179,0,500
1.1028173675936706,0.4676552190144179,0.6371387810652153,0.3173063374702108,0.23181895761709814,0.10949770644853445,0.09453991220970748,0.1982612518147903,0,500
0.7919630491360192,0.6338295763305508,0.4903819316382293,0.5394657438214749,0.17893448034629958,0.0793478414165701,0.08091455602199807,0.32152590486623617,0,500
0.859687154558637,0.5852511851870386,0.5429608754747322,0.7806175966184407,0.1798786026933804,0.08118136762458057,0.07995064638702998,0.3440613515447015,0,500
0.9680616245188216,0.5512657661367928,0.5397654538199624,0.6057736226007625,0.19314743929549766,0.08552896083217983,0.07836177669414313,0.2839588038475217,0,500
0.8488534787162079,0.5011370317218097,0.5122017095097042,0.3939837847764636,0.16586471133799266,0.0923391731634167,0.10024545061611641,0.23129674945637202,0,500
1.0097087267149791,0.4996584904389989,0.6618556710625204,0.5200833757782349,0.24514465382533723,0.11718967296886207,0.10235782728072551,0.2607886363059034,0,500
1.050921162931214,0.5536345245201094,0.6289779905404528,0.648703600396325,0.2429027671860997,0.10125184241819439,0.08849430939906183,0.2960201849219987,0,500
0.9648954698006792,0.5358099473497226,0.4042499084237601,0.48213336186966793,0.1663698072111171,0.07457579552915646,0.08397151922906408,0.24721462129745295,0,500
0.9025820992808713,0.5588781879156718,0.5350993401353232,0.5937865984818573,0.19023551057307275,0.08839211924340587,0.09038010540745084,0.2905479341393527,0,500
0.7279579715898407,0.6450796286456801,0.6073705384078816,0.6396035780664883,0.2083661844921523,0.10066426327049337,0.08843007698898807,0.37081957629992285,0,500
1.2085440188430088,0.4168823523231882,0.42674297011591233,0.38596454687778237,0.1796711623130325,0.08135027080093253,0.1011291386602972,0.18620190751820342,0,500
1.137223431485498,0.44094617825749066,0.3882904933463814,0.43455731905676964,0.19892659792040104,0.09352798176887758,0.14926237495359215,0.20357989500784088,0,500
1.1420120392975615,0.46705316760414434,0.43399973081868465,0.42913136603163726,0.1947761336869684,0.08643613637220399,0.11239965455622507,0.21014058486572929,0,500
1.096847604394355,0.4450557238266624,0.5801843814964877,0.35640211297119534,0.21127784990410267,0.10334451247651717,0.10744127550544977,0.1975805920242043,0,500
0.9897938383565471,0.4785072122519961,0.6634613018709409,0.28915762987434535,0.22245462245848266,0.11421727979551202,0.09426599306550476,0.20203079606212787,0,500
0.8809093368624891,0.5816387397021014,0.6824737262186478,0.5524547987864691,0.2371435231877795,0.11106896441958003,0.08328841563477767,0.3040941030203329,0,500
1.0490057701955113,0.4519051237294459,0.4525633198006371,0.5362234868727143,0.17812040360028297,0.08721708524295879,0.11439481052319392,0.2278040662754265,0,500
1.0502766274857065,0.4741101673204495,0.2646795510638346,0.486591942625356,0.14407393479928599,0.0651987145476451,0.08693185223373698,0.21591362669374325,0,500
1.1000828206859623,0.480193776433574,0.7003294252201433,0.4636770806424463,0.2525068963645067,0.11652552745094398,0.08783641149645018,0.23271683421547654,0,500
1.2163334989509471,0.4538007050328341,0.6258527886580895,0.40278319435450693,0.26396549756193327,0.11557311093293321,0.11902617777645705,0.20891091090264421,0,500
1.2813868453355453,0.37179248635462653,0.3584922977930697,0.3631263090746917,0.17043328634500343,0.07708972486958122,0.11753107480950693,0.16900342503606378,0,500
1.080563929500896,0.4804540216053536,0.32849682930860263,0.4521964654890807,0.17005117143728088,0.07728342943859533,0.11108368374815512,0.21407291216488084,0,500
1.0130950814498676,0.4916197309317745,0.4349364686624483,0.3293313008112008,0.18692353027947925,0.09022669477784072,0.11636188267193828,0.20534780296657348,0,500
1.2093190196507908,0.3847336230546487,0.4885040485934798,0.36849887853375285,0.1826828328039195,0.08738654186572144,0.10204197752783987,0.17734040272317284,0,500
1.0992945118814794,0.4426279437757376,0.45174559753985555,0.31246837939028743,0.1938885753601964,0.09349256982458114,0.1281556338795181,0.1873072243645774,0,500
1.0484673653471506,0.3831040070214422,0.1853172253379852,0.3063372945637996,0.13467189009606872,0.07128579510772651,0.13600423125212693,0.16652153787207932,0,500
0.6540810815044176,0.6499830905776512,0.5569643907827867,0.5384027430732492,0.15661901158979244,0.08066490380697063,0.07024373584566684,0.3473633044202488,0,500
1.0363762660965674,0.5108316859786148,0.5356615698433207,0.8688722587531305,0.19070330708375358,0.08510384118203881,0.08618359470857684,0.310142477879909,0,500
1.1634804608648126,0.401124052306288,0.43932736378727766,0.16438462238087823,0.17905383283323734,0.08726167724438505,0.11243925563729935,0.15206885278991938,0,500
1.0926231781677904,0.4628992800664964,0.44963244571403305,0.3692650260952046,0.17540542631701808,0.0809559387352184,0.0884672284509519,0.2006745495397178,0,500
0.9101337208253538,0.5425141372004776,0.4670167753472923,0.7689018624581051,0.16068495694648388,0.07490233536301939,0.07187566549690798,0.3059971163702417,0,500
0.9987617829662326,0.5434481216866965,0.5847631675443262,0.4187205610534912,0.2116935674186325,0.09392606742880444,0.08239053745327912,0.24549379578884056,0,500
0.9523354683002452,0.5185589207347223,0.6051441311913461,0.6432473965582873,0.19566062320395994,0.09542395114962632,0.085626222124541,0.2801578026276785,0,500
1.1673389473082165,0.45659758629930436,0.3803850060502176,0.41423661965966074,0.17767027684813994,0.07727548025383166,0.09995551437050558,0.20136942940056274,0,500
1.166347131910852,0.4182706909548557,0.3168905757149407,0.35243229941867643,0.17896682843477218,0.08422181428074166,0.1450496369050274,0.18070728741465314,0,500
1.1183836989008062,0.5051542645816754,0.43901806936151844,0.6752307291133045,0.18824139106298604,0.07946237403789362,0.09191774320926947,0.2613079486355017,0,500
1.04007154179219,0.39676482625070003,0.49900648773137707,0.34271160155791014,0.17634355291797563,0.09637683815465105,0.12812720969685062,0.18314914983544292,0,500
1.1724492199632803,0.34213060172707693,0.40243956918703977,0.3538049722403356,0.17338271665083832,0.09115454804369902,0.16419701393011993,0.1657837405843795,0,500
0.8792253926593776,0.5208465534758462,0.40499519070038664,0.7513010880457466,0.14738399100049737,0.0740945617161866,0.08871501138981183,0.29087503995162134,0,500
0.9930637484103565,0.5029610983523563,0.3032143630262934,0.6979400841380613,0.14977623036135773,0.06798730418920637,0.0917630669616321,0.2634362670305474,0,500
1.1905639788984692,0.4135438932805119,0.40030191880373656,0.31512233507250703,0.19409598109951443,0.09018015731377206,0.13923852746834223,0.17696755632455344,0,500
0.9760756315217006,0.5157453939229011,0.49128248312163453,0.6285868334825213,0.1856334865383886,0.0869201347165938,0.09917883544708958,0.27201685549880095,0,500
1.0434124952874013,0.4650989710524358,0.26260138618290846,0.8234003718492973,0.15427243238605284,0.07013492918722251,0.11322079334761859,0.2722577083301446,0,500
1.6050457423533833,0.19707427360836177,0.13090194574009364,0.09543695170550134,0.15843298669092945,0.07212853688352137,0.24487319214508685,0.09775053114927167,0,500
0.8765073768060674,0.5671174407390038,0.3789468306890478,0.8873236077475851,0.15156656531849083,0.06793746157122914,0.07715119386449379,0.3397537364429706,0,500
1.0641338431944922,0.4867101594297481,0.37326621977202085,0.5674797533142784,0.21577748448322157,0.09833025189470472,0.16218791882111847,0.25357666689554786,0,500
1.1570904470082533,0.469999769709302,0.5641635919856487,0.45687914116467804,0.24317755286471704,0.10932325737875415,0.12596416207484085,0.2217659727304251,0,500
1.0850342978645733,0.4795462896569068,0.41054092255115404,0.5449325150483801,0.1788038500779051,0.08080808288941126,0.10476005262316013,0.23259759353729947,0,500
1.1523384282570537,0.45236693616554474,0.42302332742225207,0.5237598088016284,0.1834883895905201,0.08129560725857138,0.10588984877186874,0.21993479195033733,0,500
0.6366337278716482,0.6376265935511627,0.5689386189628222,0.6697359039875166,0.1468733883140764,0.08046600298715836,0.06643177883463063,0.36859278849197297,0,500
1.3633602616392138,0.3464585882920827,0.3839241009991101,0.13692908872135204,0.24366270843847163,0.11312415546462867,0.23644952037369094,0.13348177777020828,0,500
0.9576910522481675,0.574677501503827,0.35316088134389984,0.7184261039733327,0.15884111161460332,0.06572179463315843,0.0751470019112796,0.2962801183896046,0,500
1.2048659645135587,0.368270415454269,0.387506191166803,0.31718977015032357,0.16898558022125515,0.08257495483551647,0.12700577176010816,0.16430773270599786,0,500
0.8045826650292687,0.6377467944962351,0.5431257894327712,0.598888742886116,0.18537760045043605,0.07948689461344918,0.06925107833529051,0.344782416809689,0,500
1.1498242112521362,0.42875688660733285,0.4382742363488128,0.34508103193437273,0.1824005335069713,0.08605193854249435,0.10960557236146287,0.1851438050770437,0,500
0.9294666667095656,0.5892198892192677,0.6046113498188727,0.5559376712603865,0.22863341943483528,0.09923464274799895,0.08755749969152274,0.3002162943596161,0,500
0.9591362255080655,0.4519460190944436,0.5322575886757904,0.3833149382616197,0.18358645078816022,0.10021221934911063,0.11770881986015193,0.20886398078014973,0,500
1.0122395225398972,0.4973229162986885,0.4481611576920778,0.48880747750331516,0.17899162443337158,0.08408832027075734,0.10218413080610508,0.23445150512682406,0,500
1.3214873117158896,0.29954310597100214,0.1487791819851388,0.2991277889532884,0.15056847739802157,0.07192356688365929,0.17772162983893774,0.14330109120316656,0,500
0.9526611291951964,0.48466535526634374,0.6411887155627182,0.39154120208107657,0.21682046667975438,0.11386360374922072,0.1041042333543327,0.2256555820948051,0,500
0.8535295602472116,0.48737656571965715,0.4381436482388267,0.3233217281558954,0.15779066272744077,0.08998229923453907,0.1175093724245402,0.209971413134329,0,500
0.8340002569154451,0.5757378351858143,0.5169641309967253,0.9588362811912579,0.1705815936346673,0.07767877258331607,0.07030465054351115,0.4070972890396758,0,500
1.381102372178796,0.3802058741725955,0.33763979194953697,0.41238000502536,0.19027102243457167,0.08002398911410612,0.1334014002419057,0.17552786208891,0,500
0.6307104358481214,0.6866835942498277,0.5812784690976183,0.6913772393670186,0.17026668766836628,0.08166648610712772,0.07509755256326749,0.419393979139758,0,500
1.3782755354431275,0.40333070191591874,0.4250163931511097,0.4021976417760228,0.20592954818950548,0.08432442218631689,0.1155297825675277,0.18191312356887163,0,500
1.2084585271279247,0.4123050390968278,0.29421818752278595,0.3442240606552676,0.16916261114732223,0.07611236811694982,0.12399451819426847,0.17641649426550593,0,500
1.5652491499505166,0.27383149178396915,0.275983858754481,0.4512135881888095,0.20800457831223088,0.09008841970017285,0.2489959044924059,0.15841271917997476,0,500
1.0480507691913254,0.4525701660835814,0.4973880949281118,0.734145408212829,0.17253705830253663,0.08449608858137143,0.09358035968346737,0.2601606258712541,0,500
0.7893854563421205,0.5781018561831655,0.659388297996347,0.5637960983362786,0.18995935501790162,0.09925429214043431,0.07392446720714466,0.30380461705059825,0,500
1.3322997493291986,0.3863414149768064,0.45818121633978504,0.4064939226881519,0.23144863948879157,0.1003019499494776,0.16864756759151933,0.18506592036405167,0,500
0.9108612996729023,0.5082254613181204,0.27256184657412047,0.22807621869387185,0.13981178920656936,0.06955343422721648,0.09266913811461261,0.192775321453093,0,500
0.9745989841013734,0.5226454274792417,0.4543524517138895,0.4383396354191831,0.18946481993466646,0.08878836704878941,0.10937679311280016,0.23796246055571688,0,500
0.886340669680957,0.5582794305213516,0.5185911435775012,0.5701861354903784,0.17929980186138814,0.08519092617624788,0.08391627865590555,0.2835383922319758,0,500
0.9188106904081879,0.5250228605821615,0.43113200173943345,0.38152638894934954,0.16413735594005388,0.07997464076095535,0.08978789302803067,0.22917410102928368,0,500
1.2795762302675195,0.3675550292424153,0.4945364037636116,0.35898472174621643,0.21157367111329198,0.10006806343783707,0.1497586077369213,0.17186960103520874,0,500
0.9226979932385917,0.5411087069687732,0.5171365662517416,0.4547019033862498,0.19120730430982566,0.0914554186449827,0.09691459661533673,0.2530672768999247,0,500
1.2586460912874817,0.3510360630024496,0.03936802048276424,0.40904159715406263,0.14223865119537904,0.06449012456114965,0.1462841594116029,0.1660029850018219,0,500
0.9343679168902154,0.49206754322078605,0.5570374029855504,0.27903426599794606,0.18450968000109125,0.09619826345165813,0.0944459900993981,0.20450819770062476,0,500
0.6762608736919019,0.6505476908563057,0.5979001430512064,0.7110854012731788,0.15996662032562137,0.08039922356167042,0.0643455138362712,0.38042144414961393,0,500
0.8002839342043676,0.6157137014989684,0.6438756970020245,0.6354917670824958,0.19840230893744365,0.09270166803530878,0.07146956814652924,0.3406322995918771,0,500
1.1717731704483847,0.4915993169342521,0.33771990446435324,0.44277017573127847,0.18442607153684656,0.07523833076637013,0.10298357190934591,0.21418601721036518,0,500
0.8271656774819719,0.5914279939397142,0.6827313402923364,0.7870591055849004,0.21377656710163226,0.10353002892749226,0.08123541450635592,0.36342975196386373,0,500
1.3876574808827993,0.3411379818668473,0.3862960880559641,0.15395051789248326,0.19242509238734726,0.08652859781978706,0.1447481796899087,0.13382290457162435,0,500
1.2731535649292895,0.3708052982463456,0.4253467672969866,0.2938569622023235,0.1821486910233962,0.08464154550034488,0.11876561010220517,0.16079892781739838,0,500
1.1106131134823163,0.4402635975337802,0.5059157791324282,0.4392204291480296,0.19734780680815045,0.09444965606210665,0.11671970262235004,0.2082618512114041,0,500
0.9103379237378916,0.5846635500027545,0.5210179081428741,0.7959058119062778,0.19789747677874103,0.0862489325638349,0.09223652083007024,0.3447674633482502,0,500
0.7417976763332385,0.6158944653981175,0.43377724028907977,0.7240145311875876,0.16911410844129673,0.08159655067901979,0.11181799382257449,0.3533482044617126,0,500
1.0597741180163378,0.37425873591195896,0.48204805228895303,0.331322948774621,0.18607603470380468,0.10570814829971259,0.1632814944587087,0.17474667645399983,0,500
1.114559410466395,0.4891954350796355,0.4286199317590704,0.6628563456008426,0.1846180620193566,0.0792208654819602,0.09712539680027484,0.25585801633541144,0,500
0.971701123302479,0.5014296053105433,0.5158147945399914,0.6078890235606557,0.1781450825066138,0.08695092743001953,0.09166800868639698,0.2605628055510429,0,500
0.9498650231724907,0.4798615203677189,0.5531119670305952,0.3464539652637042,0.19993593594396505,0.10510122592822968,0.11558353341864851,0.21410940420279623,0,500
1.2059506092717518,0.4547895858803964,0.43768421763256843,0.4753142795092234,0.1993389247039654,0.08538796733554939,0.11233755552042962,0.21189612445342806,0,500
0.8445383528090854,0.6139397698109686,0.4937823588437362,0.731190110729191,0.1653536237314667,0.0716496930440544,0.06399809109121252,0.33864510850715224,0,500
0.8593649056883701,0.5760637761405344,0.4691162192537583,0.6765484998828315,0.19370700739195396,0.09216533353078844,0.11901432674861244,0.3148792742372165,0,500
1.19280961687847,0.40986363718071966,0.5747213457378249,0.32823666059426526,0.2129603093175203,0.10103805284891942,0.10807910901999114,0.18069626999395666,0,500
1.1765370766889016,0.42200634315989,0.44176857069618053,0.3917503630387985,0.19249384216300977,0.09002031646469483,0.12393361776007689,0.19086260752336107,0,500
1.0137240814750053,0.41168355360573916,0.552168561150197,0.3771054450498531,0.17375720404772868,0.09560362444568189,0.10130913495702362,0.19266403653410843,0,500
0.6718150070504199,0.6391179929558395,0.5803959017730229,0.711341151983103,0.1565762599526614,0.08018828769512279,0.06610761857046955,0.37973619909081724,0,500
0.8523623508656004,0.635283215799902,0.422566477610274,0.7678464070571445,0.17025084717634525,0.07073927041605724,0.07601270802849136,0.34879714557921787,0,500
1.1291646743155297,0.442236553376197,0.45078949488251313,0.3529346985539916,0.18084486762036311,0.08482040814737304,0.1011541089204213,0.1905987837108387,0,500
1.0577350173881983,0.5190748798023584,0.3930833153601092,0.6290855786100465,0.18591319423500607,0.0793761691844458,0.10577093425435698,0.26231803908227375,0,500
1.403826567122982,0.3146981000069369,1.1529773621644346e-4,0.31202013488064256,0.11177539841980497,0.043244400534354195,0.021021760865842003,0.14308073643977334,0,500
0.8679348601521888,0.5921952703379155,0.5213226282965427,0.4591866987878977,0.1890888311359468,0.08530958841987717,0.08084510309390183,0.28079674360236584,0,500
0.9480616282381108,0.5458675019669554,0.5556219706959858,0.8441664369158988,0.19893758442274728,0.09246473589638468,0.09710220733234314,0.3281237596050645,0,500
1.0788791649812153,0.4510752086389404,0.4143288684759855,0.4014884032915535,0.1699510542384216,0.0815284173146826,0.10547269904361421,0.200672419190185,0,500
0.8492558999149905,0.5449922819325259,0.5290172809666651,0.43207587651258555,0.17009680299292318,0.08640993135076838,0.08100987729642281,0.255203765761334,0,500
0.7964012440882345,0.6116941496404349,0.48291889363483753,0.9328096695942069,0.1532575665914581,0.07087661397561343,0.06955456145638415,0.365327167453198,0,500
0.6287913264347454,0.6582716950614278,0.4881683795564719,0.5128954784126959,0.15427287022292807,0.07993239625323514,0.08322527621232101,0.34894111538544426,0,500
0.8219826839508133,0.5902517104386067,0.6538716640967036,0.5124280591325754,0.2014222130439206,0.09814213815303292,0.07372815402518194,0.29659631104366324,0,500
0.7644716637945302,0.547912195658318,0.6853800344580697,0.4836155154364468,0.20683299972589284,0.11888771406331264,0.09348211741738652,0.28547383965830875,0,500
1.1851275062611917,0.39151241162450756,0.4022073264138144,0.4304659451876562,0.17298948639560185,0.08268646717783376,0.12114625490185105,0.1869244652367397,0,500
1.0639439236648331,0.5066238479432073,0.5402370476996988,0.8600129924457964,0.2076126928944609,0.0922829200470492,0.10209105928413643,0.30898732133147155,0,500
1.2579035764183746,0.39779768047634906,0.47056584727949946,0.3998469781248748,0.1966504296903286,0.08904834966882023,0.11718358620741103,0.18420164733244163,0,500
1.2704942683067526,0.3385063222106965,0.20736079078928618,0.48178732272736535,0.14565548449554563,0.0673765229318273,0.13012574223259765,0.1747265047034259,0,500
1.0158464630041457,0.5047535317689572,0.41652568389536826,0.32562301197876176,0.17056211333359875,0.07879477209205178,0.08991957547873246,0.207275732933537,0,500
1.172147253068026,0.39856980898555827,0.5216837334525946,0.659521660010276,0.19006755389645136,0.09117784919622235,0.10851775287032123,0.23058544480645304,0,500
1.2910653124188862,0.38038268839295375,0.5466064807832918,0.36177447333389756,0.21437643785111482,0.09779951783811491,0.11362811169143379,0.17628871944219485,0,500
1.2348921626071379,0.3452628538583885,0.25131410483225625,0.37971159816289013,0.16761969902530707,0.0818847188782213,0.17718583752827471,0.16624470943186886,0,500
0.9401270869824394,0.490315329066407,0.4987617057438334,0.7527720377622366,0.1768238129301533,0.08905860114089602,0.10834239050537584,0.28988504916035523,0,500
0.8314365237297046,0.6192556806133837,0.4927747860436929,0.47573233745107135,0.17981386370279906,0.07967852285758294,0.07579296552927514,0.29543008884729366,0,500
0.6187481313335907,0.6866779150613853,0.557618397096614,0.8501384573817299,0.14799858946231828,0.07190873014326885,0.06485866744474378,0.444686916487214,0,500
1.4246394665792275,0.3376196661631775,0.30047631966684885,0.3993023173571951,0.17363885129194137,0.07437315059396432,0.1326427529527681,0.162570024935377,0,500
1.2139611595797615,0.42894278242165046,0.2845017578988351,0.3717938050672658,0.17593041973788281,0.07686105158683992,0.12678498420795561,0.18460591565052348,0,500
1.407207698317094,0.3289332855733904,0.6022298057985078,0.6091595079210937,0.25812733739567534,0.11680866022043568,0.1673053724772689,0.21323904788727382,0,500
1.1748907038091396,0.33486055674837206,0.3421397489049296,0.2688770562616392,0.15893686911007446,0.08284068522820671,0.15309995762173384,0.1513994395910648,0,500
1.1982342978695288,0.4127766654488696,0.5185444757043792,0.47096091101487864,0.19285991081043302,0.08939016904411329,0.09802836253974986,0.20131716501058106,0,500
0.8816043710433203,0.5492478416072495,0.540670966239885,0.3146523921697312,0.1800682117471689,0.0899258694491072,0.08117448847023007,0.2302711760477801,0,500
1.2509688967121237,0.40204141133454446,0.4151312247365713,0.5031867367467767,0.19210162513515905,0.08657940609812687,0.13144892227693863,0.19973147662280946,0,500
0.5876015256431822,0.6982390876783803,0.6048392729949845,0.9067950048325439,0.2712583834546889,0.11038984006681157,0.0658001397685533,1.0588128443940061,0,500
0.7014151664231164,0.6537726225383348,0.5845080782482149,0.4566087277554624,0.16739964194230827,0.0800592790195616,0.062037512958269134,0.3278341893215536,0,500
0.8360013094749377,0.5386274764253796,0.5871572940761928,0.5213644913482142,0.18271796299028453,0.0963904621222323,0.08835134788871242,0.2753083514306072,0,500
1.2162263208025588,0.33748053504747627,0.14324009011131122,0.32637594743623705,0.13669825336300315,0.0662439134917505,0.1369235884945149,0.15477138048143774,0,500
1.3594798733235325,0.3234816089076743,0.26007158648689527,0.33485539049757534,0.17020800992184326,0.07816633548640359,0.1661773406772847,0.15280964785363246,0,500
0.8274367740357983,0.5506327965327324,0.47269620300049303,0.5974768836934452,0.15383182663811706,0.07902116140232318,0.08217955659397343,0.2819469278787621,0,500
0.9947489841377716,0.4616291776837784,0.48653414182449073,0.7140409643617257,0.16749648755219498,0.08348489516040518,0.09244203561100398,0.2651747997117939,0,500
1.1532452699808144,0.3963991186755615,0.5503835017441905,0.32499810281371605,0.34065078410224203,0.17408048944095902,0.2931832386773294,0.19492901291311152,0,500
0.6383439686778221,0.6438041815467819,0.6615243882701652,0.7784610012262817,0.16961521162203888,0.09188826878790678,0.07127331469119519,0.4092718413465814,0,500
1.1573113067124303,0.4367395954933096,0.371629926779566,0.45290869822458807,0.1809453512731695,0.0819798679167142,0.12214056755380176,0.2034687989535664,0,500
0.9192959021106376,0.5547850315197957,0.5470867259639438,0.7075361384301643,0.19938142302082165,0.09222126425757582,0.09632997781640902,0.3132122904680286,0,500
1.1664523754154006,0.4079070288419487,0.3007323356532052,0.4260244460295995,0.16255935503361849,0.07560852590069424,0.12245605225452148,0.18857525263236996,0,500
0.9396084762435548,0.5484357510432065,0.5656448609107789,0.6068414147219097,0.2046459599874967,0.09519612461331342,0.09415273413020003,0.28778548128626685,0,500
1.2053158943210902,0.39272556437089906,0.4133624671539388,0.2848267991556801,0.17030307751897283,0.07962121566123666,0.09999319730474787,0.16585588873862564,0,500
1.2263891598377266,0.33789612857385587,0.4324005750282871,0.3496787282023706,0.175263706576893,0.08883046727139948,0.14092868624853053,0.16283953986294267,0,500
0.7047960964491587,0.6388986996885514,0.5349057356126324,0.6524660334689366,0.15230858517169202,0.07286163569154488,0.06734494995615592,0.35681669685585304,0,500
1.3334038305041374,0.3784900642235954,0.3506744326447953,0.4370722696031243,0.1807303383205338,0.07864636320376173,0.12531660371076364,0.17927119853152862,0,500
0.8168389231888014,0.5676381552539342,0.5943902831941262,0.44898232867867754,0.18526805070439756,0.09479024348582049,0.08252936671461442,0.2729750512734675,0,500
1.2825635496071848,0.34992499028199064,0.35253282077708575,0.14498914982781858,0.1799852360884014,0.08647683504654537,0.1520542944632067,0.1354131385120549,0,500
1.0421857429688406,0.45349405069104776,0.4478463630050233,0.26941369755929284,0.1734679255131889,0.08669318070549316,0.10582161395575038,0.18328451871349488,0,500
0.7060971497105897,0.6305295217748056,0.48696621091247383,0.8076747285756498,0.16109469454499292,0.081579433320624,0.09246254664221563,0.3768374453954415,0,500
0.9607823481509933,0.4588288476013608,0.4713006168602677,0.5104173183043986,0.16515154101550514,0.08671043700311859,0.10501962667465357,0.22969956972859082,0,500
0.9787606352606696,0.4772071564017209,0.5082856998901258,0.2242596907945723,0.1869475929101515,0.09569507696849644,0.10758317161903806,0.18779242662263035,0,500
0.8897758715526687,0.5434880145188195,0.5609459198028973,0.7296087155137586,0.19397489375721666,0.09421445782272427,0.10048237854352243,0.317097866377809,0,500
1.4311142152456309,0.3743572932480488,0.3091204197173181,0.5035771240796052,0.20469762337760466,0.08361587870302183,0.16185184786955017,0.1874740218203681,0,500
1.2195381598460793,0.46441316138608935,0.5427542013114401,0.3703927953072224,0.22332765723024342,0.09383383817850348,0.09309900582115,0.20231248353737158,0,500
0.9477213077073593,0.48734796719332263,0.37191966568088786,0.5701693959342419,0.15395334630754978,0.07730128387595307,0.10523046955228857,0.24269962148439642,0,500
0.8885751467956422,0.5420038281257632,0.5846110171372131,0.9204822106684016,0.1805962484683316,0.08739566115778755,0.07904367040159913,0.34862294528844784,0,500
0.7493612615770355,0.5901472950654162,0.5008569845560616,0.3668440437957189,0.15770101042177984,0.08242993068086836,0.07909640504624281,0.26660749693692554,0,500
1.0464215165113993,0.5209052315414148,0.5831200366521213,0.29605458124460593,0.2246031142309061,0.10010555804369764,0.09186352619671578,0.21383821269627376,0,500
1.1494429398965058,0.4616064772848228,0.43720728285454075,0.6641258564254593,0.18667978645038671,0.08227108893401099,0.10616651321389808,0.24513898650096141,0,500
1.2598506564480836,0.4590293450656871,0.41530202261385996,0.23087165511750213,0.19323172695727295,0.07870464693966474,0.08728653359896264,0.17326771732811275,0,500
0.7290311456675113,0.6631457648743386,0.4762936272725727,0.6274918795377794,0.16756980645748715,0.07412116832476068,0.0778976222149875,0.36039972248775476,0,500
1.053161454504048,0.44855557519646017,0.5361019743911163,0.5347472180793312,0.20584783969492634,0.10195918910276111,0.12927935926859688,0.23438110090824038,0,500
1.0122169255165319,0.45389794750495077,0.6232376500612123,0.306743303839889,0.21864701901942613,0.11502842331735971,0.11297206519846538,0.19630924543089487,0,500
1.1309653198277156,0.42724275341965745,0.44727001077138234,0.3954596986450857,0.17608936406700573,0.08307006416163325,0.10390833671359731,0.19384755195400338,0,500
1.0490258615766688,0.48248300960614104,0.47822794346906755,0.5315039544919783,0.2068239950426219,0.09784318250776222,0.13067554657330235,0.24068977472407044,0,500
1.0401314238430768,0.5043340178932676,0.6129229867085434,0.6568911180807229,0.21873561952750864,0.09965280813202959,0.08723413756688071,0.28561301018930185,0,500
1.1108591124691187,0.43483035755084315,0.4376744508210898,0.20084638282051573,0.19055520151438354,0.09290682359202959,0.12778121214760613,0.1665746219232748,0,500
1.0452141985992962,0.5066780272031105,0.4379647146129053,0.47713254776900627,0.18943184031346524,0.0848662957945587,0.10666315698076208,0.23459526605767247,0,500
0.8466388886887144,0.5855356872446498,0.5265397776457659,0.618325297992041,0.17097234390184773,0.07959974882428575,0.07146788443220825,0.30720712511396153,0,500
1.065535491780373,0.466098754126965,0.6456456093613137,0.5810092248349724,0.2271630058435662,0.11074195516621994,0.10175028028008443,0.24957277194247363,0,500
1.3476996735508058,0.3388618489833585,0.35358896893640457,0.5713115438285934,0.17655275156906158,0.07908779833020495,0.1413534230979387,0.19036157452290411,0,500
1.242950738319686,0.38668066229196124,0.33735942173045,0.3567274956564617,0.19384132952974475,0.08978297633535524,0.16511133892602872,0.1746519261187547,0,500
0.99971482477285,0.50208891051272,0.331320631077186,0.42796638301705847,0.15829018075944387,0.07297341955128996,0.09545131434561614,0.2214612833556641,0,500
1.0699201879296827,0.43404140584734,0.49525289553201146,0.5727591014258188,0.17823178305300696,0.08920942247647169,0.11145609914352005,0.22653523720105823,0,500
0.8730566902747543,0.549048235581592,0.6257528657661477,0.5811230241263191,0.19930575932860584,0.09981324888493928,0.08483486410067927,0.2897668470073127,0,500
1.0207042390588508,0.4928460120866227,0.6461104003281032,0.49592268579200555,0.2341447450636162,0.11195915949890321,0.10121775117612086,0.24963100175535835,0,500
1.2785819515945263,0.3472618689821693,0.41641901732940007,0.47466716248148205,0.17699643185381814,0.08389521284452234,0.13067397040453196,0.18099890060984147,0,500
1.0753623631668372,0.37653173727716305,0.564958410639788,0.4522837322564399,0.18330308506306162,0.098606573849582,0.12306215820098607,0.196977222207038,0,500
1.0722300970670389,0.4739862391717619,0.3941856355790731,0.5254839947577641,0.18380383296985656,0.08556526056247483,0.12246444766646014,0.228859094139934,0,500
1.1584708278733222,0.4588392073868909,0.36730241257746216,0.40338955557415485,0.1784508140926808,0.07809879802620603,0.10595670182217783,0.20022197159670366,0,500
0.8861472623488196,0.5270830060230226,0.3125079538083282,0.6993677503336213,0.1395220502211904,0.0673259342561218,0.08747055768143865,0.2780695903821305,0,500
0.8998248679440959,0.5289498328538695,0.45210215257122055,0.5266012369634768,0.15886687425769846,0.07815245711048745,0.08275040741447343,0.2563936278564009,0,500
0.805217234016085,0.6264011967969699,0.43711150625441847,0.7656176481390348,0.15513558138387634,0.06798791934929165,0.06730460979172911,0.3508288175914359,0,500
0.8316856146872469,0.5784648977533844,0.47220272825960735,0.5244275181685476,0.16553574418346173,0.08032629985688382,0.08368666702923967,0.2820573583409481,0,500
0.8667536489474033,0.5832909332432941,0.539539551794361,0.7468235148067656,0.17835113570302952,0.0801300685406687,0.07408496127435503,0.336231695879907,0,500
1.0502829480837368,0.4567761269482719,0.44565566014247626,0.2911195860062832,0.16909360205367013,0.0816102039445338,0.09316246180907517,0.18844745006603444,0,500
1.2530362628215541,0.34183177411304144,0.2600738753406877,0.27337121404167075,0.1505795380636311,0.07235515767342499,0.1312405304736446,0.14949760753029387,0,500
1.3410555448142112,0.38706596740922394,0.23531601678463632,0.5201234144818554,0.16204601484798303,0.06679043403994504,0.11030543215656491,0.18898480481240768,0,500
1.163141808097082,0.44064002789293516,0.46312773588979006,0.3147949536141474,0.1974982488011569,0.09077732767701868,0.1162597368659395,0.18452319047459773,0,500
1.0920115864601014,0.47546725054980615,0.6145642994104553,0.24163456570733596,0.26032806116568524,0.12296210564429594,0.12732905614210532,0.19005011179430684,0,500
0.9512426000580625,0.5196263193818632,0.5299343728529442,0.2984756014600065,0.18212778144630587,0.08931793859566105,0.08154148723078052,0.21344819530879708,0,500
1.1252239276428402,0.44012963468960925,0.5276841839328025,0.5432388821596879,0.2354236907409569,0.11274566657642501,0.1582897356323475,0.2334265970357789,0,500
1.433250297237197,0.2751347587914451,0.2434346973742654,0.4475227316268577,0.1740278071844849,0.08106263959603648,0.2144203319874134,0.15749790631092894,0,500
0.788357645054183,0.5939974028165108,0.7642149302068476,0.6321169439796058,0.26817475311554895,0.13708997742004833,0.08828079109606507,0.35170452854542267,0,500
1.3946745212701301,0.3311160697634238,0.48883061395259153,0.43664840737873606,0.20488267626049553,0.09225301111735915,0.1363426660616068,0.17247081147625926,0,500
1.1547520424198727,0.42721327286512417,0.26192587107042153,0.28400827968315845,0.15021400992441453,0.06819439754648514,0.09724970038140064,0.17123365756621414,0,500
0.7493023985949137,0.6193439746251159,0.666662434206528,0.29537532872325223,0.20981641785204277,0.10507529501265685,0.07704102436380095,0.2734251401475271,0,500
0.8472342387710144,0.582115619658408,0.440298534594336,0.9616860256249764,0.1612753693394089,0.0730211499610631,0.08114926104931988,0.3690662275716282,0,500
0.8033198517448706,0.5966204994934092,0.5697336748666577,0.6067331869618267,0.16251015710807654,0.0829462106816898,0.07659775205531202,0.2719317561807494,0,500
1.2707509878442913,0.398604836642948,0.42818423334794214,0.27462855944018255,0.20307270593586468,0.09152455530363678,0.1369465531505746,0.16509391876517085,0,500
0.9319833003636885,0.5728683090456405,0.38570424078746063,0.9999737818319502,0.10167451795814375,0.0559523846323108,0.07596560870861072,0.018159065172492418,0,500
1.0405447999576032,0.4854633178321723,0.39652183971089094,0.5078032132373976,0.1740452826359963,0.08002909494449739,0.10476192246221382,0.23186049471935946,0,500
1.1929706503843034,0.3737667155391978,0.29352668567656465,0.5772753713523636,0.16046857478795098,0.07725417292490798,0.1402366650349962,0.20050230073158273,0,500
0.919835216112346,0.4863722035882519,0.3630909150349038,0.5791172882253859,0.14039138464647152,0.07182472032030546,0.08751436797813696,0.24299915645545656,0,500
0.9542584662546433,0.5125512672324888,0.5029000303846154,0.34274668520626184,0.18835317514865663,0.09297550711766572,0.10636962070931834,0.21859244704065772,0,500
1.2451986204007703,0.37203365204483246,0.26804982108653447,0.4005617309045663,0.1704455001880339,0.07880698957129396,0.1540644427408061,0.17471339210143724,0,500
0.9287102705690973,0.5335002144877995,0.5182175920368135,0.5530595751062933,0.18146465988007157,0.08643935397448273,0.08759375490919136,0.2679276692734174,0,500
1.1098532780949215,0.4291674930885634,0.3753249473040159,0.3283529677147546,0.16746902844693393,0.0806440600397484,0.11420304670223165,0.18239005590459823,0,500
1.2790405004282448,0.3464290314323163,0.531673712582813,0.34642556253376133,0.1999087533134393,0.09688383771923353,0.12320259877442848,0.16548032905559695,0,500
0.9808704476848995,0.5005151264650994,0.56096114964187,0.3577978919963978,0.19301089700619822,0.09559329702959625,0.08937937603163944,0.2170888270448373,0,500
1.0969297242452172,0.4479723656559906,0.48451651156550907,0.5386695251388954,0.18041457028681537,0.0859905387564965,0.09419124965880266,0.22396886730762539,0,500
0.923701526406567,0.536317675427173,0.5778490532698304,0.6248810819588675,0.1798839615074655,0.08819135269207845,0.07859267822455317,0.2666564525806121,0,500
1.051662596470667,0.4876004251684213,0.41178222076931426,0.39164863314752,0.1748692021254144,0.08031332361629293,0.09845111922585058,0.21183682634831344,0,500
0.6394482839207806,0.6636681477697022,0.7049842456114094,0.9278357298662467,0.1896469520714165,0.09887673515243312,0.07107865117295986,0.4626154627436893,0,500
1.4524236872113836,0.3889976387175941,0.37848975422138065,0.2826148015571246,0.21316699489292948,0.0856367216153021,0.13607111386623658,0.15909410799019635,0,500
1.2285177135377037,0.40837873895454213,0.32126614237038753,0.3242668647563965,0.17603160659673367,0.07963275081372319,0.12958564668767042,0.17231852952074989,0,500
1.3853204042245368,0.28170155766143884,0.07432661117219502,0.3799012011813593,0.14191442498328688,0.06444759347479324,0.16582855716748948,0.14816740183083485,0,500
0.9889623755911644,0.513050158770296,0.3851944819098613,0.46192274186431115,0.16663538169861028,0.07685842031818178,0.09544419126552049,0.23317710229052308,0,500
0.998733023646744,0.5130871076953065,0.5522344351653949,0.8031282483624952,0.19619566159545626,0.09068611138902292,0.09459518300961844,0.30599352967556354,0,500
1.035127488105384,0.44080625770122744,0.43276127614026527,0.6321094797830484,0.1589499831981398,0.07830028032406057,0.09132424476338087,0.23831500581107432,0,500
1.0226234143262065,0.4291780227645289,0.4788147322651694,0.3823060004278651,0.17118422359836963,0.08938926514398333,0.1053224565357029,0.19814070946505408,0,500
1.1743485582311766,0.4700583640339334,0.5834329064200688,0.2940222932225962,0.22391500850849846,0.09768099618942108,0.0877389201765063,0.1921223425259047,0,500
0.9619005921477194,0.534622942979947,0.5561364244644479,0.4451297965238772,0.20257460244741066,0.09414417829308667,0.08961653892933123,0.25025748386778235,0,500
0.9412899153341961,0.539198409364149,0.4789972522079142,0.33223908917171946,0.17971662262549726,0.08395269851940364,0.08590460608734982,0.2272146357241227,0,500
0.8090705488999334,0.5861167242245529,0.49780184442588626,0.9997929159950159,0.09839901660702809,0.06125291408662824,0.07448429575429603,0.013107460871623403,0,500
0.7464345262864461,0.6320847567379071,0.5764795835237588,0.9896040755265206,0.1604150572680801,0.08326313902197774,0.08910004781763879,0.3097414438511875,0,500
1.3202672056265434,0.3770248815904523,0.29967836947228327,0.30328437038427924,0.20461895804248434,0.09118976869750231,0.18687592618003523,0.16205001329303156,0,500
1.0650039126200386,0.4717211856023227,0.6840760069934083,0.3233088173843383,0.2504876898823752,0.12184772857947157,0.09870290979820386,0.20458639854380922,0,500
1.2068725086410594,0.3876192231357349,0.42638777071226164,0.10722733516608972,0.2050582512173642,0.10021799238089878,0.16116811367537984,0.1402499900358402,0,500
1.034270717979803,0.46894405234382547,0.4113366675078927,0.5445161854236564,0.19352526438364823,0.09459687563293456,0.1486782147315829,0.23546684731947712,0,500
1.089097243803016,0.46623124885775424,0.4671937366790196,0.3875607136756055,0.19493423899836146,0.0911035762805665,0.11560242641754567,0.20621979630099402,0,500
1.0831788359166352,0.42537117326442725,0.34006552710766824,0.49592473084228894,0.15893056158361368,0.07743587586842254,0.11706253669605997,0.20694062460462867,0,500
1.0808984736336869,0.469443076544111,0.43071692387446386,0.3607789811690266,0.17559656266136944,0.08078418941383782,0.0919561648187917,0.20181350749725996,0,500
0.7671935374473623,0.5738176690819099,0.4712564004532554,0.5928869158471247,0.15545438495806227,0.0809254525968691,0.08890593343088217,0.3013726321831406,0,500
1.2482599035382265,0.45586321262325974,0.6126058677993106,0.6991671304013147,0.2997107036509776,0.1198129227908838,0.09890001941177566,0.34014633322554205,0,500
1.0870528827875618,0.43284917765215497,0.38612735959348543,0.4184997452130576,0.16745667532735,0.08127261568513819,0.11503715272152112,0.19857918196816352,0,500
1.252849696342427,0.4395979710618691,0.31814839133325695,0.40016448042825153,0.17239263457340664,0.0714242907138973,0.09723344560583598,0.18981980619870045,0,500
0.8928771930994239,0.4860683232749348,0.5538189010540097,0.5122265208488124,0.17084277421699745,0.09358898699776612,0.09282416547204578,0.24514854500691133,0,500
1.4128689158383074,0.36163620871142366,0.3986265084840578,0.24876831827020773,0.19445535847903794,0.08328727617634121,0.12601109467123692,0.14929965205154572,0,500
1.3397408945996834,0.35187658570289126,0.29678573043166545,0.43195859733983055,0.17361787668908552,0.07802970785360962,0.14919322710949165,0.17149787469363006,0,500
0.9678697923572397,0.4877702644816881,0.4141028110276327,0.5613276161021312,0.16349464486029386,0.08240248989680442,0.10793911099566418,0.2383519330541069,0,500
0.912997350417956,0.557474952385203,0.40354970200941964,0.7268781313511323,0.17079043004256683,0.0767228896539735,0.09439744738590498,0.3113281008123975,0,500
0.9251916218876404,0.5603618503461408,0.5664511125424855,0.5409016128636207,0.19356961231441897,0.08866399712006688,0.08067738169390329,0.2781369506114072,0,500
1.0941258988712028,0.46635038653142047,0.34863290652770246,0.7108985128573111,0.17173038104452387,0.07765616872998618,0.11811279497198128,0.2523940820555808,0,500
1.2755567678918742,0.33398103547236446,0.34464130369639395,0.14965875653686195,0.18275495528115657,0.09033686881906607,0.17870904579412358,0.13316773298397883,0,500
0.6783364873028268,0.6239991408673913,0.6641819815514011,0.44967367000657243,0.1721862073032865,0.09313617464625677,0.0750155138117927,0.3052557668357199,0,500
0.972982623901962,0.486069159240499,0.36352377481719333,0.48656433535559185,0.14397671435525983,0.06961915092603134,0.07766927927184064,0.22598482482968255,0,500
1.026513397243043,0.4415192807767539,0.635856362269217,0.13284915823154517,0.2618561227016634,0.1392558732485099,0.14748783198865445,0.16480115478448557,0,500
1.0948145009990191,0.4244117453675281,0.3812774084188172,0.8377984977389987,0.15980150243802035,0.07586659451116626,0.10693045311513359,0.26093514834717113,0,500
1.177095537948275,0.44638402151495926,0.47069138268902544,0.37280835065293483,0.19449515139180212,0.08691779025875337,0.10154408282640735,0.1947653998982978,0,500
1.0069232603427685,0.4501372986796379,0.4508178994912736,0.5856464972293632,0.16675896730679926,0.08440008815760668,0.10778134350915258,0.23656508966829454,0,500
0.7563926911841797,0.5312354150235249,0.5612091209625738,0.2956910016125241,0.18402440774083664,0.1089730293529312,0.1237174054597524,0.23412951081200137,0,500
1.5858973438125568,0.2855680020555978,0.43596594383430165,0.3570947681805042,0.22027901400386896,0.09393560761205254,0.18511523038708044,0.14866889680532022,0,500
1.1246951248521608,0.42042570403822344,0.502200586252576,0.16880398676861388,0.19606119889444323,0.09646862176883388,0.11478267410298656,0.1596656357634538,0,500
1.1048270445920914,0.43169728913881733,0.5084140181890932,0.7820451936817899,0.18697196386561377,0.09015980141509142,0.11038084720464632,0.2635392986021143,0,500
1.5689717279603785,0.225009952208968,0.3541098570357043,0.2433970411661337,0.1930066882156334,0.08938864475920923,0.2457648979191068,0.1234560980165652,0,500
1.1076692863685411,0.47180691306692607,0.4046266871174683,0.4547420213916973,0.1819721703276135,0.08181772122029003,0.1080655295454019,0.2150953209593987,0,500
1.3492280407408366,0.40565201143585367,0.3426108157508325,0.34058835505638885,0.1848307531704158,0.07628742729001178,0.11156447427254372,0.17160447942818685,0,500
0.8578572475947416,0.5561061538563187,0.5125052551219856,0.7036315372106358,0.18615528183490787,0.09234317697672292,0.10837030689523124,0.3132357024702885,0,500
0.8515418900993211,0.574431098089486,0.7010176314070309,0.5645701613040955,0.21956991026964362,0.10704668980102236,0.07506880743662096,0.30425965543320244,0,500
0.5774791760598478,0.7176384881006967,0.6793138861924463,0.9999247583506452,0.12639398730176715,0.07463944331172087,0.07101990169776073,0.008310471961807097,0,500
1.0548593445091856,0.5092639257337623,0.46130944596865303,0.3375255417736948,0.1858072314092496,0.0823957199015428,0.0872164694475241,0.21149562831740845,0,500
1.3982685492036981,0.3675528132934618,0.3882401869951846,0.4302264034316134,0.19945879819265355,0.08412561987612235,0.13551866436431875,0.1773571202436335,0,500
0.9912444910302667,0.501497734397655,0.5385138125500809,0.1996659443066655,0.19682091839982685,0.0959327527941016,0.09363699998918129,0.19116993020560133,0,500
1.1043786790480656,0.4371308016505758,0.47215812393047973,0.2870086893069572,0.18646943156784335,0.0900466305196607,0.1089613077313459,0.1815225268250656,0,500
1.3574053662241388,0.33783555224718603,0.3352455661508675,0.4451732584731606,0.1675150038444891,0.07453967798677702,0.12006910153977066,0.17086207136457912,0,500
1.3246635554518016,0.3831992140212012,0.29453427394815085,0.5064155684710036,0.17150013062384495,0.07329479746974339,0.12294758477661048,0.1887523474376231,0,500
0.6903359510111089,0.6635181150236943,0.6216265047344173,0.8917772669404471,0.1782073782269908,0.08433325353756076,0.07021814022737385,0.43929042796965256,0,500
1.107924595856756,0.4516835205199625,0.436281826928257,0.2494789563417219,0.1965293823776547,0.09279771658995141,0.1256384639326263,0.17939893923127884,0,500
1.2771642306400022,0.4124626110357373,0.3780937178413048,0.17087725975299217,0.19800012852497606,0.0870061597949873,0.12974019448374566,0.15225652204278592,0,500
0.8380429882423491,0.5819403913862894,0.621819533735903,0.6423538398229803,0.19158192313343508,0.09335998554735755,0.07781546084739335,0.3152702629297206,0,500
0.9461792526790092,0.54351035604411,0.4658379044309929,0.116728050835819,0.18087456022514023,0.08391612288916567,0.082118771172928,0.19146141546345963,0,500
0.7768919534295793,0.608085785545296,0.46874571531968895,0.8224414118080854,0.1651417587542517,0.07899104601564429,0.09095400240457749,0.3618152749208204,0,500
1.0429284705622472,0.5033074707994758,0.4812022667466094,0.2588167369736219,0.1954148084728629,0.08884408909894076,0.09694988116629565,0.19921471255274448,0,500
0.8726105857916224,0.5677475754504024,0.5052040234643103,0.7685574228627705,0.16447393354460504,0.0747206719743817,0.07270009108745826,0.32582855180484377,0,500
0.9985657545814463,0.5071605662358801,0.3923710972886336,0.5037272251111327,0.1726867871869907,0.08006124676909022,0.10481889936547847,0.23856793766984496,0,500
1.4507890458516184,0.2816774256271637,0.20477469525323,0.34031524144005526,0.15181902723291785,0.06697016586005071,0.14146556680225908,0.14336965478557065,0,500
0.8374622124455904,0.6076389496380386,0.5502686189715305,0.8229852588136288,0.1793831489028405,0.08025761487057685,0.0731590891794625,0.36267770418477824,0,500
0.9311277526857832,0.48024421587412786,0.4603946289147795,0.5589714507890454,0.16279528905703083,0.08431282762161002,0.10168328949863376,0.24649163832095555,0,500
0.786713513527574,0.6257732753655404,0.5600830805142877,0.5707144710270523,0.18465969082525102,0.08392715447615977,0.07452797252964878,0.33221821596641177,0,500
1.0588553388783455,0.4839227361554022,0.5656767351747614,0.3435893456869532,0.20255257413118977,0.09488792364639044,0.0892635666106883,0.2079694591561172,0,500
0.7782355576364045,0.6251768457507421,0.5934159118564357,0.7438839542113624,0.19118063025389,0.08820657492518974,0.08038944391439731,0.3737546781424105,0,500
1.0427372598998332,0.4572260460513049,0.32012058435586144,0.6863832112044129,0.148302376017989,0.06902940963416813,0.09158818520976669,0.2459518325541219,0,500
1.538050613311794,0.32138356489499986,0.32286528477933213,0.33531139192759063,0.19689042778316382,0.08109224991075265,0.15901696265627724,0.15075911219392793,0,500
0.7089820502692044,0.6372322998176303,0.5848210777985493,0.8909186493990946,0.16594036100593434,0.08289097462442116,0.06948358783901638,0.40493741777854053,0,500
0.7211102220645446,0.583221046479285,0.4921675547527715,0.8363576279825968,0.14299500023834696,0.07724811217598297,0.078596360618147,0.35648662157768807,0,500
0.7015911327656817,0.620700475016429,0.501194297996281,0.9377731813481684,0.1593848366009556,0.08162241299241231,0.0879407261743538,0.41441290559312216,0,500
1.136507609491167,0.46065946700389904,0.5793974230656289,0.282482017740448,0.2511667004308473,0.11617026558012153,0.1300474851435138,0.19127395067088643,0,500
0.8857152806817503,0.5394277608509395,0.5802121887428927,0.44565697996613235,0.1861873464392236,0.09326756329192455,0.08287013958149594,0.25425906641109897,0,500
1.083643355467447,0.4485619232522816,0.5199054054444925,0.5449486379695583,0.20182917252848837,0.09801273472616051,0.11981591069295341,0.2315188510117735,0,500
1.01092196788027,0.4728494232021059,0.609599890554704,0.6442265891811747,0.2004250523953251,0.10018487842455742,0.0940935355871118,0.2626658973820445,0,500
0.8797545459534815,0.5912920131385262,0.40254916930781437,0.6584016586462642,0.1591830181648313,0.06892108400526718,0.07423841613867872,0.30498050809937066,0,500
0.8132332135251746,0.5882191610479849,0.6186570844809463,0.5416980053219751,0.19659591920612068,0.09479745085696473,0.07520031286110976,0.31853191143767384,0,500
0.946539742114257,0.5516926944565129,0.4570733132468629,0.8453715989683623,0.17607528360796806,0.07783992280065863,0.08738952870994698,0.3246198374019349,0,500
1.0033827691594894,0.4741450987027069,0.5303369997275923,0.44534186435280115,0.2081891591863307,0.10349429511522788,0.11782889115982684,0.23288506976407672,0,500
0.7335885678546273,0.6550264589714069,0.4916659704828989,0.5986747533114029,0.16204530301055353,0.0736238713500668,0.07067410994976939,0.3461605354783016,0,500
0.775293447323598,0.6065450337019509,0.62590519041406,0.562812261779501,0.20570611287862522,0.10207982459709122,0.0896690582966393,0.325047222662856,0,500
0.8787335953445506,0.5526694785573886,0.6740466775475645,0.7795328788756305,0.20283987330789668,0.09883350246901712,0.0729855654458288,0.33748778896237464,0,500
1.1083927647114777,0.45068799041169355,0.3741114153715813,0.3781312846974351,0.17132846798140927,0.07963156932515447,0.11013440234058487,0.1954886136461229,0,500
0.9595342526743678,0.5501021346950283,0.5740663854389262,0.5460214788032545,0.21208180878917918,0.09737405768911077,0.09455973835320472,0.2740731307014988,0,500
1.254376222646918,0.34248983738987177,0.3974928763852284,0.2840531445632635,0.1776432329458353,0.08739346958869113,0.1484457448568964,0.1536615908695517,0,500
1.1167611735255734,0.4606744048904151,0.30400334289961933,0.37315788678940226,0.16455403572361693,0.07425209301954347,0.10837646599061526,0.1945585964281307,0,500
1.011090254932579,0.5068293522949577,0.4582634413533081,0.4479866051524051,0.1729534322090872,0.07997644288492362,0.08499862845552152,0.22923144549502547,0,500
0.9592364697075583,0.5091699104847014,0.6580902122070983,0.33359599319367433,0.3062029859329935,0.15552275504460306,0.1568471190082161,0.23183177095517613,0,500
0.9317449693137904,0.46865551722538457,0.3287127672873826,0.6722753764352496,0.14421109971779436,0.07449153555801731,0.11019733474738357,0.25356382263713606,0,500
1.1202004828818364,0.44267125897211623,0.5403209577961926,0.4480056081450488,0.20025390919360325,0.09500460277515703,0.10307965248234637,0.21057765367568732,0,500
1.0663193059910492,0.4930236624782607,0.45780744487398156,0.34552200698309254,0.1820281842881811,0.08157205533346462,0.08790141909068765,0.20782495969055595,0,500
0.8375447851295632,0.6016217844471834,0.6430255403210132,0.4186045590807413,0.22167873565691656,0.10238177075647735,0.0865958012049657,0.28772359789694707,0,500
1.044568484317186,0.445044608691117,0.4849201686415499,0.11427112239217382,0.20852509206493403,0.10716508977468336,0.14307132353646498,0.15982476236154117,0,500
1.005274134766107,0.4842525639414429,0.45309433440417923,0.40404320427174534,0.16826187417396438,0.08088470276646684,0.08826183342139754,0.21627171093736536,0,500
1.2676189798362019,0.3818384704567802,0.23905928974522245,0.23397128128041164,0.1646876863712169,0.07406441060475696,0.13330905472665075,0.15243614039446626,0,500
0.9843547224862701,0.511610883354027,0.4262785342795991,0.6914709904531873,0.17295443837137625,0.08012069291441713,0.10008073465037656,0.2757941661987577,0,500
1.0862719674570076,0.44572892405217646,0.39497418356316005,0.24158609051438182,0.1650562218372198,0.07920132362222007,0.09656259101197594,0.17492716594841332,0,500
0.9686035196339944,0.5415110758464141,0.47204001213218505,0.9996466260690736,0.12273938425490122,0.06708613192583462,0.09315272054692508,0.09904772770359628,0,500
1.1310072138465954,0.4344361827801612,0.5059302931083665,0.4902585602095021,0.18650523448671927,0.088759383293501,0.0986018561157698,0.21135394024853862,0,500
1.0256391757080674,0.5381857487907671,0.47428956071971623,0.5775475237662784,0.19613488915110566,0.08424067984270747,0.09490781806398406,0.2667947914375136,0,500
1.0978847257519428,0.45934639164775243,0.4807847927555264,0.3555490395670457,0.18987898988125182,0.08918437202101975,0.1032188411183153,0.19845159061387066,0,500
0.8439272524644936,0.5734797997011538,0.533468465253832,0.68602404826731,0.17110202151461026,0.08207314495798787,0.07544946014877812,0.3165393036288737,0,500
1.1718004365968382,0.4239224264965938,0.40867861199564026,0.19221906284810653,0.18570628616095805,0.08715754923971693,0.11846804140652539,0.160362758196291,0,500
0.8003309706678065,0.5814697649297078,0.7061557032263344,0.5377691513567031,0.24322307910230292,0.12478673615018394,0.09590903361549295,0.31584745643284884,0,500
0.9219017079567746,0.5304327400442306,0.5933227133662661,0.44032602610507465,0.1940299278113652,0.09488294574570913,0.08144843103535174,0.24970291619265544,0,500
1.0246762263963638,0.49209980679364823,0.42564282722133256,0.4032986879038431,0.17975642180653237,0.08414055670060386,0.10462981266127208,0.21795099864286038,0,500
1.174435091019532,0.3801599872005309,0.24207442214673702,0.48830335793304497,0.14156532993425744,0.06668034420890726,0.10885448576988295,0.18719811678702855,0,500
1.254301828250992,0.3533636035232119,0.37618508450534655,0.3719718056033798,0.18394176855059044,0.08808136724378544,0.16705728636244535,0.16889959003599267,0,500
0.7749044917774609,0.6011864188072753,0.6185837816741909,0.568672943674291,0.1878543212296573,0.09522566346017314,0.08028816391121955,0.30864846854332173,0,500
1.139839550192388,0.37210628050384364,0.5533455865870073,0.24661123488524261,0.1912246069903187,0.1001417230238283,0.11578227291024107,0.16003929995468036,0,500
1.0448160073427606,0.5504378916287422,0.49634673062140766,0.4297351986423085,0.20537355652941008,0.08601565917955654,0.08982192823920077,0.24246977172492643,0,500
0.9457357625972985,0.47627910055682476,0.5759154763531055,0.40904024280859247,0.20385518641588013,0.10925945454282102,0.12052300224825024,0.2244150291688086,0,500
1.14846800015187,0.42050201414059457,0.4592453388907869,0.4939720274429382,0.1803952818614783,0.08532090742751497,0.10620720012970626,0.20714137319294879,0,500
1.0113101340604191,0.4872280465999712,0.3896553422287214,0.4993183967759804,0.1646135837643271,0.07770364377239997,0.09936836952917917,0.22988704529098375,0,500
0.9650694473899732,0.49074260851096313,0.5254312013091174,0.5149288198139051,0.18602809321952685,0.09375801332268335,0.10411179761036987,0.2433226586291662,0,500
1.2735802436157786,0.3508415682267657,0.4201210827576068,0.4235549036111393,0.17886218130154619,0.08441903390158771,0.1271197661420434,0.17551911292183547,0,500
0.9762616781040196,0.5335757105592407,0.5396304291736738,0.9999337550108536,0.11680551584925905,0.06668816430171101,0.07692847359998263,0.011463837592075577,0,500
0.8850362259301661,0.593352334030587,0.5260739684137756,0.7047965410060321,0.19624169422495263,0.08613911187885731,0.0897990216306159,0.3307763133961887,0,500
1.2667093100394486,0.3531000376584377,0.32167912071195237,0.3246905360767168,0.17338886007121146,0.08303444459805048,0.15033238126782147,0.16024180468882132,0,500
1.277108248161816,0.3850085580527107,0.38595768808200537,0.37397844735326463,0.1799208158845467,0.08099282807307892,0.11955525136532892,0.17430442576612515,0,500
0.7976054561934036,0.6368557413778747,0.5001593732425413,0.5111628818614538,0.17448744505131775,0.07642589454559189,0.07172573913671668,0.315210576178578,0,500
1.0205943255625205,0.46835410743117506,0.24722062054775423,0.4987640357103006,0.15486233648937156,0.07368868347769246,0.12142464295029211,0.21904654695318881,0,500
1.3623644570075673,0.25896304540508286,0.24975863007503238,0.19639957145362866,0.14854242291532055,0.07313891813641926,0.16925150226297014,0.12440064985042729,0,500
1.0088856285955339,0.46115980064954226,0.39656576569239593,0.5008115562010212,0.1696275065461061,0.08491255423684971,0.12260591245118448,0.22361304412499933,0,500
0.9596531432156993,0.5067880442980554,0.52983931713019,0.7599959027139797,0.2024834285305743,0.09924615261339617,0.12291001258968996,0.30291244897344677,0,500
0.7505829965378332,0.6592139483390731,0.6498017709649908,0.8688443948983965,0.2072007994732543,0.09167200665625842,0.07565019649801116,0.4353801289768546,0,500
1.1606517054749725,0.4053687927627233,0.46844460318390174,0.32281845582637064,0.18801847330292065,0.09185380300887383,0.12315110518169681,0.17632067820226277,0,500
0.6556678399846066,0.6620790276652769,0.5557413577707497,0.4020470101197313,0.16280114393514683,0.0822770663074332,0.06969756198594902,0.3223723652652745,0,500
1.2103374221404855,0.4201087059359674,0.5365657641032074,0.2862528434025255,0.20375427562956844,0.0927866229259737,0.09547414027074619,0.17568873129433976,0,500
0.8678172794433376,0.5491463944041772,0.5375735008014413,0.6364084520054708,0.17915724568419597,0.08834600212897,0.08734738902056313,0.29740128598050125,0,500
0.9797296208063541,0.5179903343340001,0.5386521739409519,0.7206263690614817,0.1908123789218675,0.08993722293165544,0.09390798709334384,0.29027928662407915,0,500
1.0103623523509535,0.4633008189185186,0.3947639119904003,0.5813792228728537,0.15228751374733143,0.07447445654295766,0.09044858702958049,0.23362685770772126,0,500
1.3501887917939135,0.30829887496133196,0.27987756544566267,0.2942687960743215,0.1632594251728057,0.07693706540708788,0.15843249139683016,0.1449966885364074,0,500
0.9317016733645853,0.5124377169153975,0.42978128884145095,0.5247489527305712,0.1695478960112337,0.08358469967549474,0.10544568651434057,0.2496324868864313,0,500
1.2391428517844454,0.40485983333764897,0.4394424377279579,0.46041575070760715,0.17827955590609718,0.08001951760771517,0.09577972081740196,0.19294341593855777,0,500
1.0519305219040835,0.47735825778621854,0.4263008057242918,0.6187202150634894,0.17396546962237727,0.08042886408551643,0.10079290674089761,0.24730276128715548,0,500
1.1454790773933377,0.4683636828528381,0.4186246181416483,0.4885742007971165,0.17558039949167145,0.07644480303659448,0.08702114151168801,0.21674392737607526,0,500
1.1026167635834783,0.45524630421110435,0.4642226538353211,0.4489708282143953,0.17476838267795047,0.08056193438910293,0.08601170076306881,0.21099346587963624,0,500
1.0998215357729737,0.43354876729321934,0.2528872944737789,0.2941087334007913,0.1572637082349682,0.0746202000926584,0.12296034766060196,0.17668599003239072,0,500
0.7854317594267481,0.5677972538652882,0.33236835669191256,0.7258637927124385,0.12700017787568565,0.06296160889371433,0.07083091064154903,0.3019087846795844,0,500
1.1549198325281187,0.39734176047270975,0.572609654848899,0.6170253288895241,0.20093050343280366,0.09956797203215868,0.11571012046373193,0.22637693836042014,0,500
0.8438322874729651,0.5917952874318302,0.5288622650507702,0.6889909528537209,0.1668560897070891,0.07677729882706924,0.06565397164167937,0.3209397287782108,0,500
1.1211948821720175,0.5033397801118685,0.45654799912655586,0.5237587509891951,0.19123308899046926,0.07963950503494387,0.08480348092386895,0.2389216255065945,0,500
0.689577155724126,0.6402859990683545,0.5508663268167624,0.5315067249982354,0.16062502410376442,0.08147976094592381,0.07224922974765355,0.33220131996851415,0,500
0.8686533719350279,0.5355727680843352,0.4261755847043025,0.7118755019575119,0.15751619795409888,0.07820897999852214,0.09435280367758613,0.2951471980784479,0,500
1.112149519178954,0.4565317164486188,0.5386018592891975,0.6577929493227334,0.1873135441778577,0.08545263207821968,0.08086999951985192,0.24946382881579768,0,500
1.216296276019202,0.4577877010703986,0.18789683089103673,0.4855152380173042,0.16680650200585584,0.06825771326699685,0.11567648735567396,0.20398131316234092,0,500
1.066980286104727,0.4509783025010795,0.4209361415984739,0.27703640209036584,0.1755661996270488,0.08594514051104317,0.10895878583951184,0.18312106346306417,0,500
1.0511745453074615,0.48756150871281767,0.5789723248062546,0.36261528973222057,0.21713939721484868,0.10187905256190083,0.10116323851412283,0.21527979110580486,0,500
0.7327098717846509,0.6294488630659488,0.7050572059812742,0.9999894224765346,0.13734324145468566,0.0833580816197951,0.07869662758876432,0.003481574222769448,0,500
1.0828252946822652,0.517077391211221,0.552683564599156,0.6263233754949041,0.22481871409193718,0.09603493148728826,0.10423575705497629,0.27374081152066804,0,500
1.0927143463713977,0.4167070382400953,0.2000289543529705,0.2673104259273451,0.2145504762338628,0.11138837139972169,0.24350188982904863,0.17000293441001518,0,500
1.5123122966103677,0.2960666977095394,0.34822019706691093,0.3447665167456785,0.2307074723686971,0.10152567608987756,0.2553676412136949,0.15112368853353775,0,500
0.8485373196416518,0.5887177266063004,0.6064831937822514,0.518229401354721,0.21026544694794327,0.09938266876549111,0.08883554799350636,0.29820940188962025,0,500
1.3832180312467388,0.31528178371581694,0.49537655674541453,0.15630552673491224,0.21752033303252827,0.1034396223416624,0.1723454676976601,0.13126509256311875,0,500
1.0191873119253885,0.4644400190158567,0.547205635173497,0.41080549778184294,0.19095627688099903,0.09544288490457854,0.09904214973216391,0.2154021494403558,0,500
1.0597673487535715,0.4885052359081624,0.5485710163675126,0.6493671881397585,0.2016122938656528,0.09259836979107892,0.09594569142174349,0.2663403481027939,0,500
1.6076444647714296,0.20698188933129266,0.2291124979772723,0.1846067140203039,0.2010661739823053,0.09313790568399127,0.34551098252076134,0.11357341524877622,0,500
0.9318469674416385,0.5401690375514463,0.5687820772705046,0.1757643189205422,0.20577953871945084,0.09906025036515183,0.08860830958020098,0.20302122876982634,0,500
1.3002947519583492,0.3863790473145056,0.38151885431700855,0.5426575216319227,0.1827511564977986,0.07927395184910747,0.12314607430796742,0.19914271859527222,0,500
1.4763588316549239,0.2845537572928972,0.18932844571458296,0.4317640594760022,0.18034057250153188,0.07995707745866472,0.2218549371552124,0.15645064859425728,0,500
0.9585262184303326,0.45411820523266905,0.25751749462263906,0.513787960044684,0.1352663361140312,0.06832906751490904,0.10733973558235138,0.21895668998531773,0,500
1.1358781422122015,0.434580755263033,0.4858940897105511,0.4177572566092593,0.19601808928298528,0.09213814429343453,0.1139235540134176,0.20238110827796527,0,500
0.9156638517565886,0.5763903780520143,0.4580052302799095,0.5998379508349126,0.1867453989716724,0.08251038325436727,0.09581756176430647,0.292459008295945,0,500
0.9166548174927663,0.5368283785139653,0.672221361761863,0.4656047669901326,0.2223309387699145,0.11031225058541246,0.08616296491281032,0.2594223667336264,0,500
0.9863594223013284,0.4766408510777605,0.5470119325211705,0.32425663316390546,0.19105942658110603,0.0973235771234647,0.09897257929315595,0.2053134688672798,0,500
1.0160861467925872,0.5145937816338272,0.5115385092870042,0.3689825174160494,0.19434565143727478,0.0889236011394049,0.09109011096313505,0.22287373432337299,0,500
0.9689103437761635,0.5254036261915814,0.3583984076286504,0.48145604901484773,0.15326659847831764,0.06942371691297718,0.07847081509609798,0.2390420898552224,0,500
0.9046627676337363,0.5595161498162287,0.4445673704329399,0.681083244214242,0.1589023233021905,0.07192181977047278,0.07070448223082407,0.2956940579768261,0,500
0.9976328410282634,0.47574807071376374,0.509379297982386,0.19275972215264456,0.19645082526065313,0.09905507646589559,0.11206995778000577,0.182321892054254,0,500
1.1524537641815509,0.4712215879831736,0.49364752814668644,0.44100587916864686,0.21119092564791503,0.09249396940171806,0.11104869853740311,0.21648859501521128,0,500
1.1978330594671636,0.3537319887003843,0.6020180301105996,0.2981767703176377,0.21555008994551283,0.11177975653540907,0.13311897383254376,0.16370655492102026,0,500
0.7445611445534437,0.6022461262345525,0.48679746286825243,0.9384058004013218,0.15185410470840754,0.07584102599710216,0.07864678047098828,0.38796357714435475,0,500
0.8071552108791191,0.6069181977665979,0.47351892171372856,0.566574965450983,0.1910062196865549,0.08964016897189857,0.10725880622574727,0.3119287811473022,0,500
0.9104722569272077,0.4872826389383289,0.4249223331389817,0.578810645072079,0.14605738101428012,0.07579326280395446,0.08485812767559656,0.2477385798836939,0,500
0.8270221957096738,0.5568301849158228,0.5165773186776383,0.523239374214205,0.16490809473101348,0.08316877604683819,0.07920768016206857,0.2786167504662983,0,500
0.9005650879149892,0.5533182141254791,0.4840318361715083,0.509015750935055,0.17963389880494007,0.0850340330419313,0.09152825988517843,0.26711311978375596,0,500
0.8551235586319608,0.6237120669435254,0.4467842896883104,0.8362341609759031,0.16253697909372955,0.06645769126417754,0.06196056696836291,0.3646594252600961,0,500
0.66562160558726,0.6416127653505449,0.5373535362025513,0.7875405837495344,0.154564657194891,0.07945109439593565,0.07677559996257811,0.395377256390036,0,500
1.1275634559684367,0.48127223690965604,0.4897076449541395,0.2019462605967739,0.20693454076536327,0.0920927928837428,0.10112476174901809,0.17966180808618723,0,500
0.9609147588527952,0.5734765173528605,0.6278670991333007,0.6859398307519622,0.22102826265300993,0.09422485382951247,0.07990872772796435,0.32033677292515544,0,500
1.0189808057465735,0.4860623512893849,0.4303519682118572,0.6542988284869833,0.16897031565927798,0.07960096654794976,0.09756319101999615,0.25639958221380593,0,500
1.4090236792640434,0.2560049194616794,0.08695249952261655,0.31590799691039995,0.13184074787691083,0.06043876771851248,0.15079358015810418,0.13535288624724023,0,500
1.0996537074370138,0.42788293994493803,0.6857818571776346,0.2608060227033691,0.2690219022682512,0.13800728392561895,0.1305083675036191,0.18045847523027947,0,500
1.4397733031111029,0.27856900351617747,0.42639251780042764,0.4513590231228406,0.18147639889237688,0.08394449027608886,0.14527661433056352,0.1606435904418162,0,500
0.9169023836630066,0.5210616923144173,0.6166868192747574,0.4631548902000187,0.20356365197622886,0.10275696605820586,0.09208740797861141,0.25243435665447506,0,500
0.9041787818843768,0.5566350671228708,0.5792977095898306,0.4278450868633933,0.2058445914728348,0.09741891264244973,0.08984953687046177,0.2606291050472613,0,500
0.8821574646551119,0.5241172138106562,0.4467815627221533,0.44281995187849527,0.16711012963229027,0.08537599211476517,0.10388637475599165,0.24253383253925945,0,500
1.0512205472985665,0.4121644795901788,0.43920238369847114,0.4290100610943898,0.1585073827843954,0.08232453254498157,0.10166730922280962,0.1964727428147302,0,500
1.339498521127221,0.2940861495499985,0.2714002143536332,0.5531689605178108,0.1628441223929901,0.0777307412982307,0.1786000718902099,0.17679668557812903,0,500
0.7738858745296171,0.5717238341352872,0.6612658419027297,0.7716996011873315,0.19547924853222565,0.1042937849581564,0.08728623422956487,0.3577522649015468,0,500
0.9786154537415407,0.5480008411467777,0.6977695842455919,0.2685794147979954,0.2626050458091714,0.12019045554539794,0.08561638088786051,0.2231620676344654,0,500
0.9168904565859574,0.5664381281577582,0.4187712719501819,0.5757319092831655,0.16591857133903054,0.07403998506786105,0.08245442914844388,0.27781772637217533,0,500
1.2138474435211262,0.37379109171748,0.3723630835688274,0.5153104509453551,0.17473029793224568,0.0829428424283216,0.13962751025781564,0.1947706988295307,0,500
1.3683829194726695,0.3639714578289232,0.3933722873240694,0.18675492437379979,0.18362037111459092,0.08004001203980103,0.10711200350130433,0.1435613510436297,0,500
1.0232572132191278,0.4753909247403957,0.5014805859057655,0.4851226523294879,0.18589872577835634,0.09011059760713509,0.10234563020557604,0.22978734082670996,0,500
1.1034586725604048,0.5049900460444517,0.5173077956699795,0.37021797083686403,0.2030863423528166,0.08731217153743508,0.086124546234636,0.2159561553180045,0,500
1.1521695076584944,0.4143057859365079,0.4453590240699652,0.71564662159811,0.1857865383116295,0.08769244249704351,0.1260479389944951,0.24326317543821582,0,500
0.8681664710288923,0.5560249725108587,0.62696445978828,0.5922909378065683,0.22412906279001246,0.11287216594522699,0.10214517563159833,0.30343535449781006,0,500
1.005205221798383,0.5344538703447477,0.5801894260181102,0.2764510332738988,0.21432638936904602,0.09638929215421875,0.08645086579850778,0.21614458819915963,0,500
0.9587103977397468,0.5217338405599024,0.541578423358955,0.6625634212997074,0.19067979595499415,0.09196379881819806,0.09922048409635273,0.27623111441827775,0,500
0.8842884172585715,0.5891964162339899,0.5427537255377803,0.6334503636448285,0.19267800156966433,0.08659032218424566,0.07530360674284638,0.3191784843025821,0,500
0.7817081693388522,0.5862099332752662,0.6170312976857358,0.6803833512771471,0.1794805271034006,0.0918535106107757,0.07415046541325745,0.33304793281314576,0,500
1.1198781448919688,0.435709954136816,0.4487578675313127,0.1838150358073701,0.17753263893734234,0.0850118260898453,0.09785895313659168,0.16404081135886658,0,500
1.0817936173150298,0.4507007719296124,0.4766990474275005,0.47983402406643066,0.17643764154273037,0.08426205651309103,0.09347688101260566,0.2156405772408631,0,500
1.0682890106989948,0.48411283587173326,0.4740152777331042,0.6742687997637743,0.1893587224547085,0.08542114568227428,0.10012635137122422,0.26502809421970536,0,500
1.1158100513412723,0.49776971302696704,0.23915439428602414,0.6402577953330444,0.1642727902515117,0.06785596191832259,0.10472672988647001,0.24361772636575557,0,500
1.0262502922502654,0.426049684682362,0.47430454968395863,0.4886541320936078,0.1628026411843337,0.08476390778994583,0.09832253009489171,0.21223102397119234,0,500
1.0137365995151264,0.543262561501902,0.49878199842565357,0.4367964100580271,0.19818671775086363,0.08537965878120203,0.08738450050899808,0.24558540774211343,0,500
0.8830309863443592,0.6138605697095422,0.5790055648831164,0.8246938791898766,0.20077658027661005,0.08448904803382955,0.0740846040529127,0.3704316869874974,0,500
0.9621805317790364,0.5464988935993211,0.4410125441539206,0.7724814108577315,0.17049162468843096,0.07547669033535327,0.08372387894411809,0.30250582449234636,0,500
0.9213967430063651,0.5621563573266818,0.6049678671736123,0.5026702369728233,0.2336491052931757,0.1086068726079422,0.10451272983355883,0.2813915240693679,0,500
1.0968269086255964,0.4154256078125572,0.13138285877472675,0.3465078356973565,0.1310986464182658,0.06150115101232193,0.10256198373867836,0.17621081533000718,0,500
0.6093683908480485,0.7023523226942304,0.615210749521393,0.615107570374228,0.17504792102868053,0.08331581446513826,0.06846016133082716,0.4214356639438126,0,500
1.143807335856909,0.3742252551441824,0.4314194715013279,0.5666402501344889,0.1854400581754229,0.09549879927328961,0.16506323735860162,0.20841321302500615,0,500
0.7130276600845125,0.6057994751294973,0.5094387662357032,0.6135855160162149,0.1459992605162665,0.07533839281788843,0.06784454301672359,0.32716832848903415,0,500
0.8818846212928484,0.524464713649385,0.5890804024561483,0.4192662935347728,0.1817621277854806,0.09408006774663669,0.07986731444050876,0.2442507756952436,0,500
1.1412101649884836,0.4140091866777929,0.4926104102396375,0.35219784164003504,0.18065834943231773,0.0882721548112564,0.0949894556421508,0.1836175795011182,0,500
1.025841024873619,0.49585057004616123,0.3966506515479521,0.44590897236086663,0.16802685933408645,0.07663530866882393,0.0903696132946158,0.22551104626869792,0,500
1.0831284542339665,0.4751786215846487,0.5165971662391997,0.3621642061947091,0.219090637572279,0.10235768426673093,0.12737780369337687,0.20843375136277026,0,500
0.8714821626800858,0.5724926647218672,0.6281886772865984,0.6529276912351878,0.2059166186851627,0.0978385870431314,0.08256128074232442,0.31776984990383955,0,500
0.9280534727500306,0.5562603103841299,0.6045987059806455,0.39777287024220725,0.2416070519563897,0.11269677877794812,0.10868036363943087,0.2584365893772984,0,500
1.1245711579414668,0.36819223791327926,0.35187507500687176,0.2921575016127551,0.15337778644721806,0.07916205893726756,0.12448428003166638,0.162473305640936,0,500
1.1607953914709508,0.36477817937799495,0.45850882255995673,0.21204289307254495,0.19259745826297728,0.10069198940434695,0.161102833114041,0.1516455875996488,0,500
1.2449771263352178,0.4000104057639159,0.38844397622559257,0.5343180715590177,0.18479214417228781,0.0839536729860125,0.12861148181571017,0.2024718284831373,0,500
1.1362709719797128,0.3976843121176244,0.4483650404895569,0.22032146741922887,0.18386137009794112,0.09200687921405787,0.13057758496686275,0.16097187212697095,0,500
1.2611511865137877,0.3468249921489598,0.4346804594995882,0.416602827714307,0.2313988369832208,0.11530460672782594,0.23443417707677677,0.1795408304603045,0,500
1.1175179140666573,0.46656498984533873,0.47950940292652694,0.1471504807517099,0.1951146917633496,0.08945096767367289,0.09666166468012077,0.1673888131013487,0,500
0.7797595617646677,0.5980732400916786,0.4177099498955276,0.7326094991950853,0.15140029863574272,0.07391126402581498,0.08680087312125603,0.32720922647794193,0,500
1.0024367691938263,0.472406189045178,0.48462470496582716,0.5729324707816545,0.1752783046771045,0.08691653339839873,0.10047314329616691,0.2426095183443508,0,500
1.1789448190557668,0.42600374364774835,0.5229366203508841,0.4261053598438919,0.21088254379900526,0.09724790939946816,0.11995200591900393,0.20186973705016598,0,500
0.72850643894835,0.6488710228068679,0.5917203527791375,0.8133820161985492,0.17788294443284622,0.08219236650650444,0.06977487237636507,0.40812489659505297,0,500
1.4179286814784138,0.3037217045099158,0.5475087632883979,0.12526843875034127,0.22224106377997105,0.10335932657105368,0.15232546228148158,0.12490497602905265,0,500
0.9617325113699287,0.5453371011076993,0.4308197048968521,0.8452009044725081,0.17290056409820506,0.07636625878636277,0.0914516763486923,0.31617882546154447,0,500
1.0905234504268282,0.5006662927344093,0.5593903540455927,0.6209146800695249,0.19993348415986675,0.0874457931530353,0.07911463082232914,0.2588907934529303,0,500
0.8994710792730229,0.49627529983065133,0.5176777929504986,0.3215837559471149,0.1674868596842128,0.0895484905600955,0.09050173347995263,0.2123254511114027,0,500
1.1591764660611832,0.39274793289203147,0.3946615869997822,0.4093672292906202,0.16532810570816545,0.07990809388966702,0.11090566309957414,0.18475093078985422,0,500
1.0151459821491255,0.5181361342502852,0.4714983228025175,0.592166451600145,0.17565222671218497,0.07826851117675718,0.07846045059614015,0.2597707970758624,0,500
1.0006512039781037,0.4485341400888705,0.5390842542971149,0.5895346854370164,0.1809850009854877,0.09447562901273789,0.10298038883256132,0.24130580118783612,0,500
0.9323770671967652,0.5574596861182686,0.42293502267208966,0.5168648420069777,0.16951854859904977,0.07604900650277621,0.08490770770852772,0.26319913499115566,0,500
1.0890354489139515,0.3570061175125859,0.36759537451216995,0.33320312548961306,0.1626523592596837,0.0889366631828873,0.162158251545223,0.1683622705382635,0,500
1.1774185516986773,0.4412075253545085,0.4302998929198325,0.6399909664449722,0.1826719850282227,0.08065143529431007,0.10273945168211293,0.234035478314806,0,500
1.1293803666102746,0.46143632526561446,0.45460342555650457,0.4754617635993906,0.20683864085752515,0.09363014278051851,0.12955094094592992,0.22004504048475554,0,500
1.3251019413597074,0.2436868303405419,0.1669873220666433,0.3311827964505447,0.13008264709823403,0.06474308009688415,0.15926290323521067,0.1373499107397659,0,500
0.963879629963771,0.5527266997566889,0.5463071322303674,0.6347583920667266,0.20457262504644308,0.0910629169771374,0.09213554756179555,0.29362195247184125,0,500
1.0509047030095457,0.516964593928364,0.40946167549567297,0.4309063625117982,0.17041461746153594,0.07329543938403228,0.0762023623367897,0.2275002882920642,0,500
0.9948044320935943,0.45712322583261217,0.48503564452987175,0.5157766869645197,0.17399540159143317,0.08980877583022245,0.10987492650668676,0.228032091486978,0,500
1.167345031058336,0.43248544946151996,0.4659543254613178,0.3596071290157126,0.18166056429352312,0.08330830280092306,0.09202230593024671,0.18841324497687514,0,500
1.0673454338848862,0.46548079249745555,0.4272808875938766,0.44644357698179815,0.1793474720983212,0.08477700168888289,0.11287333643402594,0.21423269143198137,0,500
1.127055619078507,0.484068801847413,0.39471778564149085,0.6922082570129702,0.18845545282497325,0.08070438088852179,0.11258948233916272,0.25839497996572125,0,500
0.8189641738393243,0.5897974964571872,0.40190177209070993,0.5100004367316616,0.15131797181018097,0.07152216705441714,0.07715173415825195,0.27978191025692084,0,500
1.4171108035691895,0.3863354474867273,0.43909714142608747,0.3508985292988441,0.24566633494868267,0.10238885205869008,0.1725189388851484,0.17273279024241048,0,500
0.762204289108384,0.6110839863355543,0.5421306089914105,0.8326646651234699,0.15853921293581705,0.07693737714786225,0.06948998192785587,0.3643466310801428,0,500
0.8259721233311648,0.5552039332636048,0.4133244475937705,0.794320588505069,0.14325535098315836,0.07065766079223322,0.07580075229739054,0.31736002284119186,0,500
0.8548836713555842,0.515390614255944,0.3505559919441487,0.5361566779044564,0.13493501594022395,0.06982542215102414,0.08302565580251625,0.25088152791709367,0,500
0.8849748288159014,0.5225335070006722,0.5332186758970708,0.35178934182448557,0.18380539033826962,0.09624735832411757,0.0959612460394695,0.22902138975912456,0,500
1.0737965100814186,0.43644374157724986,0.3911338433917484,0.1433241579963509,0.17124039021675128,0.08507831938894796,0.11587932266283327,0.1588972128983335,0,500
1.5232785885318771,0.3072882419822004,0.48783996444707745,0.14542091746470626,0.21437196604094153,0.09327695109159073,0.13916327715732438,0.12538895963979857,0,500
0.9825807263684373,0.45251576837728896,0.5014828811523886,0.47290357068313454,0.15997063320628072,0.08319839289393724,0.08022806358217247,0.21915476097487943,0,500
1.1236952073088735,0.5032647342404548,0.575154303473333,0.5714744166450036,0.23357554234074418,0.09900756833237356,0.10079631476154309,0.2582425470726409,0,500
0.9803249871415229,0.47410558820155896,0.39961989581332635,0.6208541100266214,0.16489163981171598,0.08172358680410087,0.11443942296701314,0.25020525775895797,0,500
1.2310474456707499,0.3714940822299726,0.1628508454589007,0.2567646291744168,0.15899369883558098,0.07422841554332907,0.1573913059953646,0.1530697024644803,0,500
0.9883014846687548,0.5232898864126851,0.5363491434449641,0.15668747299635746,0.2110923019072312,0.09901824903159438,0.09776012991492551,0.19236889639935625,0,500
0.9461338729881806,0.5183249100483464,0.6016146869624347,0.5166445375416493,0.22685160247691202,0.11240292417254519,0.11875108707368737,0.2638554569690851,0,500
0.7478458458071077,0.6102640572037672,0.5757835446448777,0.9999881802895111,0.10836881989697321,0.06949424486714356,0.07796497696322524,0.003951890279907372,0,500
1.5424625148109599,0.2507513193410878,0.20491670835119094,0.23833285673121177,0.16690435182950317,0.07361263589566076,0.19630502667291938,0.1257570963195789,0,500
0.9863689243518247,0.5159570710454845,0.5053923955335017,0.43181769057770686,0.19548310746943234,0.0926686773317922,0.10368267816565065,0.23482949312648993,0,500
1.0520670840269144,0.5037160209892728,0.5928619384046707,0.3112592063397687,0.21899655764634535,0.10012091296676305,0.08789701067594118,0.2108488187313506,0,500
1.3465488996808066,0.3454589380774582,0.44312499508298636,0.2713558876075085,0.20684308555626962,0.09614271854490289,0.1638910550256329,0.15169027406093138,0,500
1.1620928869666165,0.34927433310933276,0.2267988874706326,0.14950883758616065,0.1443602055571073,0.07397181221170637,0.14144645470056805,0.13723426422452512,0,500
1.179624881822791,0.4043841457798752,0.5334921896938924,0.15331713986095355,0.20672274123865492,0.10116393694259444,0.11605837467552974,0.1517314502936456,0,500
1.3269187867913672,0.3502359010739069,0.2932523063034924,0.26264409989181364,0.17200577261392033,0.07833471261109283,0.14402199079782713,0.1494664785737849,0,500
0.9199440074270259,0.5585331000613067,0.4803233033376423,0.24784309469513094,0.17700044187953454,0.08123133540168496,0.0762209539303482,0.22079043169233792,0,500
0.8956159352850435,0.47977889979093374,0.5125280386069585,0.4716989811884904,0.161675199350586,0.08752650688245463,0.09552194927476947,0.2343040714808056,0,500
0.9332531320033668,0.5436425083382034,0.7044602281770231,0.49084879778477425,0.2694250570379779,0.12926727069179583,0.10134925683777538,0.279175340883653,0,500
1.1125239423884843,0.40430723838429633,0.4813170899273438,0.4936393543122921,0.18479452246407635,0.09347339447068066,0.12762431335008143,0.20580644001128656,0,500
0.9936970317330432,0.4775683874458699,0.5198053797673967,0.12019990484051087,0.205480061649851,0.10389183352989477,0.11899840876472803,0.17224119202141897,0,500
1.10112475744202,0.42235932378012253,0.3218232703169531,0.6977347628471579,0.163284295567379,0.0778648650569822,0.13085340454647323,0.23722815840123349,0,500
1.094092632327755,0.4511291974706254,0.3265059648676094,0.44104602369309975,0.16256865797320114,0.07574825262449802,0.11172306164368263,0.20378483059988955,0,500
0.7531381978541057,0.6101401676404413,0.5217173732663432,0.7762440916157041,0.17170364309124841,0.08541724279080722,0.09146219127193515,0.36142961647284755,0,500
0.9905713389211979,0.46624252385211257,0.4086921826787,0.6778629720787167,0.153359683369772,0.07621830511240184,0.09350460654504944,0.2527347877709055,0,500
0.6782470528148525,0.6769838868993064,0.6403534184993395,0.5702585193000038,0.18590809448331103,0.08713104530785466,0.06776568901637522,0.37483713001754165,0,500
0.9407657008333954,0.5049276999351787,0.695493637697284,0.4794639942574953,0.24031836336559545,0.12367028048210568,0.1000865807684038,0.2550940079863528,0,500
1.0141906914907037,0.49422264332953053,0.5344771732342403,0.39393337125955347,0.2225232325725492,0.1082723950429406,0.13188549059814847,0.22325017090826973,0,500
1.0889227618445727,0.4655003556756571,0.5546933408600981,0.4280963985287965,0.2003497247886775,0.09443193281414457,0.09533429249277849,0.2145039991147881,0,500
0.7885497661897382,0.6259692253447998,0.5129485066346645,0.5275782154075705,0.17190506683853357,0.078398462378578615,0.0713520773610908,0.31484150587024756,0,500
1.247566033680347,0.340880814038512,0.35003711843666646,0.516709333293244,0.16171649176887595,0.0774828702299254,0.13101451131205738,0.18489528066902103,0,500
0.8654439003241394,0.536164120744322,0.7580624939054662,0.41214072799818935,0.31363764087594087,0.1666444503566387,0.11714255353574046,0.27115913815360176,0,500
0.9068997998613659,0.49876261989094944,0.5546983545252948,0.6541953184952766,0.17631759846702572,0.09196163410436942,0.09258845153713981,0.27834201770732486,0,500
0.9029602671809307,0.5716706971269139,0.5556247702135957,0.6079802771698092,0.17722879681512557,0.0787324329283604,0.06660153405524645,0.29707141972778794,0,500
0.5804454192005125,0.7134383618137693,0.655013877064299,0.5962887024953483,0.18020257710347573,0.08843646241461325,0.07090756589220822,0.4230725975047212,0,500
1.226438637754082,0.39273863688130806,0.461383300457246,0.43608241976821754,0.21389774560230815,0.10191775974740398,0.16382775776359434,0.19113083443063408,0,500
0.9584070077754321,0.44929766136504684,0.5157302156543534,0.5899975363751108,0.17312737379245025,0.09374903223791833,0.11237648330059083,0.2430439809211798,0,500
1.0676623972891133,0.44553735229571745,0.3072858471239169,0.6766151258511819,0.17023619749796778,0.08134550044733135,0.14107571484456494,0.24324510680794587,0,500
0.8280215214340904,0.5680630646261478,0.569078659069377,0.766640112348502,0.18438103311891896,0.09181560545184814,0.09001858170292491,0.33882729485468793,0,500
1.1606026365312787,0.4392897068006993,0.36823965700048306,0.5414500422886296,0.1697686296451605,0.07596423747755296,0.10380218261305593,0.21501005151368605,0,500
0.9994199173333574,0.5112867465310317,0.46046956366594266,0.7550815120941147,0.16821142000039138,0.0763245920182086,0.07876247539292494,0.2855080097743744,0,500
1.1407166453532245,0.36348530317756506,0.4378619493866943,0.43099660377578486,0.174407161286155,0.0904427737796192,0.1434959363575776,0.18414783848840932,0,500
0.9941576157419655,0.46239783559657327,0.4533821064192671,0.4555853708392227,0.1813130256277124,0.09251194767333355,0.12609996629100803,0.22108393066104795,0,500
1.2833865341819992,0.3284815567216103,0.5477429860150919,0.2536041052785824,0.25651294878242936,0.1300060335766625,0.22586859931193592,0.15178110247474152,0,500
1.0383443115195918,0.46504441480268816,0.5892276346407379,0.5109958719319969,0.2090326362819506,0.10358087691235646,0.10495223615483928,0.23518135964649034,0,500
1.1410289178434563,0.40649059063851706,0.4329429940193953,0.19897101190754557,0.18926368823340178,0.09351502926661621,0.13756191208053278,0.15928406014524074,0,500
0.6267939027480656,0.6505100367419893,0.602009572211538,0.8743369122199455,0.15600188498344977,0.0830133012036447,0.07109009035863838,0.43764539387311996,0,500
0.9477819250619424,0.47087614604006073,0.4863222439747559,0.6181743909816515,0.18503437008062043,0.09736789177368682,0.13555550207560604,0.2583197978080728,0,500
0.8107171997888801,0.5733874456218186,0.44545817577160507,0.36918885257473055,0.1655353318437207,0.08320189873087512,0.0943237556531117,0.2527483496669583,0,500
1.0813311189406545,0.41493399603930253,0.4620389296565499,0.44283094948861373,0.1800193348234729,0.09170348298112661,0.12708258646823237,0.20112955321245293,0,500
1.3546775234004966,0.35036098783111064,0.24571209822665124,0.37777935711666427,0.16983684597166382,0.07514220429468592,0.15085338744100144,0.16285221178240547,0,500
0.8151757008994709,0.5625581345447779,0.5837440366828435,0.6160559624005569,0.18355810536208136,0.09415381522734566,0.0843508486655074,0.31497658471463175,0,500
1.0601791931424531,0.4729810953812989,0.46796207164945725,0.500022604742971,0.18096393395075971,0.08411957937607387,0.09668805684594739,0.22840633271771696,0,500
1.202106540797946,0.3350983234887876,0.302811374138413,0.27092523753900855,0.15393464975642016,0.07807696747108633,0.14457660674295486,0.15030215627062984,0,500
1.056379579812067,0.48332849311626525,0.5391536270154035,0.479008702299328,0.20038305875491386,0.09357830229362024,0.09664915773076854,0.23184192322971145,0,500
1.2383551474202001,0.3464251106427847,0.3629490097642427,0.4942180999360096,0.17475820000798767,0.08503159222091457,0.15830394710703635,0.1849556249247146,0,500
1.215025234719558,0.40408195657011386,0.4171538110643559,0.29553643809785807,0.20288866264848834,0.09480490808162623,0.1508973769023338,0.1711572372140313,0,500
1.1235576285971238,0.49488727134340915,0.3864204705154379,0.43741485455524987,0.18132136116363418,0.07683595431847784,0.0953894498032147,0.21759881112890142,0,500
0.6430807325660339,0.638725947390494,0.5887416556274371,0.7904403315923884,0.16070905283715448,0.0855666702747659,0.07809641943762276,0.4079183591484493,0,500
0.5059006154001795,0.6920438259248303,0.7185348983665601,0.6421162988954121,0.18284630130019358,0.10966498049072673,0.08032037875058973,0.44797461379742,0,500
0.968286207609112,0.48148330457781674,0.6054462267210095,0.5026168800175799,0.21524331798816745,0.11172012216378244,0.11904452833531366,0.2447943810754263,0,500
0.9402772736974084,0.5245292043290474,0.5288673504599005,0.4384099786540677,0.18901567990327706,0.09255809750291649,0.097354223274458307,0.24103275427457813,0,500
1.0594604961324965,0.4528022693613649,0.4332929150967202,0.4555973860279714,0.1646543785072966,0.07895589109878695,0.09092926147031516,0.2116345081004922,0,500
0.9483191930755749,0.5001001481426839,0.42133653618094463,0.4190450102732316,0.16553798914581855,0.08190872084837403,0.1009175420335001,0.2255999933316392,0,500
0.9482786999195117,0.4722328450925779,0.45138208606521424,0.694642599155117,0.1624917622832612,0.08421151954527409,0.10673085613352845,0.26508977169724873,0,500
0.9106938656360228,0.5811072952870486,0.6017495014249874,0.47961818997279393,0.20849521258751974,0.09387156502208217,0.07953756131884714,0.27782569749307784,0,500
0.9148620301039309,0.5686894200001069,0.5179516539621448,0.4673846552082717,0.19180428433884844,0.08723301776509439,0.08617199302189532,0.26666941229610924,0,500
0.9683110885636128,0.48085758236235776,0.3260212325697095,0.6221466832437149,0.1415953159904162,0.06872188309439244,0.08818354668905182,0.24475994336413723,0,500
1.1310707753316123,0.45283220986561773,0.4688468962153155,0.3630654372580055,0.19964695696022572,0.09250882042910775,0.11980996179063569,0.1966839555132802,0,500
0.7464883033310761,0.6147344389681415,0.7399319277591998,0.8154377903265275,0.22541385013261406,0.11353617910551356,0.07698511675818984,0.40596394279204395,0,500
1.176767283867432,0.48713145098433625,0.5429038428056355,0.30469362596113536,0.22348324592482358,0.09387006627464682,0.09176083556084921,0.1986410131280587,0,500
0.7881299671477896,0.5507125664756672,0.5082293905427644,0.5385069449410729,0.17648068972924127,0.09696764455583927,0.1167679535448379,0.28189110810264945,0,500
1.4335197229741692,0.31896815274613183,0.31315625082402326,0.19652717940740505,0.18654036095071197,0.08329879985447734,0.16793034412821617,0.13405718114022092,0,500
1.042281117146975,0.44259898731119035,0.47406222018689215,0.5798104143675227,0.17901832075156235,0.09049720684311206,0.11949081367200164,0.23249534373368333,0,500
1.1035571689265142,0.45906073810769543,0.5925436499229904,0.4945857031354934,0.2315713053404998,0.10961748217746006,0.1188827046085869,0.2303680920201717,0,500
1.0418694620784403,0.4990950884396971,0.4679963300974006,0.5184014800060885,0.1786626182773073,0.08152503207145947,0.08573155373826494,0.23842116044017728,0,500
