tau,kappa,beta,tau_se,kappa_se,beta_se,convergence,length
1.0030227202720303,0.5038699178448426,0.4341902525883612,0.14407781945946216,0.06764482456622982,0.10619287687650623,0,500
1.1120966995130006,0.4726673504261659,0.42739463339980455,0.14075719463275996,0.06569218967284765,0.10041711093253756,0,500
1.2186540097151046,0.41800736639052455,0.3163614511832286,0.1538820886825129,0.06857688578276391,0.14397014751915155,0,500
1.065951859473318,0.43213734076696575,0.4946927504714043,0.1445787250438534,0.07400364366475948,0.1059659345799271,0,500
0.9164326109334862,0.5524767357631647,0.4524154546824424,0.13047141551289326,0.061594036507266026,0.07740235030754257,0,500
1.1710185366006993,0.43149271381570264,0.5191117298020747,0.17225764974046734,0.08235489530271176,0.13570006852488134,0,500
0.9085701032458324,0.5173840802278581,0.4851944722676939,0.14543840977249,0.07007167990161257,0.08772011049804192,0,500
1.2512757271219606,0.3569920287834547,0.2742612894010323,0.1350683480537814,0.06392553271997557,0.13382393265826958,0,500
1.0647307700782305,0.4492936695694978,0.3852840897811189,0.13343174840431685,0.06391792189815762,0.09978620972346597,0,500
1.1057139926160822,0.5274680777685887,0.442647097707173,0.13785643221515922,0.060733531599064854,0.07159279551932542,0,500
0.8511512099565793,0.5537709094798096,0.5236206948797107,0.13990067343919746,0.06834128287472226,0.0825159455744228,0,500
0.88940821185901,0.5072342664041999,0.5894737454491449,0.16211299740090307,0.08161871221394815,0.08952991339761765,0,500
1.0738431858125925,0.4615008463727223,0.566954855776082,0.15644350353106842,0.07924988323167237,0.09989406890759396,0,500
1.0558037333438606,0.4223526155124886,0.4846871445885077,0.14986908109109837,0.07663247167826619,0.11819351949800602,0,500
0.7316503583235848,0.6423020048946081,0.5683453769383314,0.13628688834427896,0.06145775443304764,0.059009357242407204,0,500
1.001355078381067,0.4823847206051473,0.4412668288805744,0.14041921847877084,0.06845074628337422,0.10667165841215287,0,500
1.0887622902374086,0.4380932720796884,0.5631939369545956,0.16984915953044746,0.083923481107387,0.11452770818076785,0,500
0.891896724172209,0.5512523273942775,0.5849611129177551,0.14905113635011322,0.07159866624085161,0.07631839550342483,0,500
1.1471194408199326,0.4348760316886085,0.6079319565469284,0.19770125902736002,0.09442744169504522,0.12661742549090235,0,500
1.0792695065434978,0.5213153255971128,0.591960083040818,0.163817703579223,0.07514014030602532,0.08031154084603954,0,500
1.0113911739399,0.5001393119076726,0.6050649089646258,0.17377248863943637,0.0823217778923461,0.09548178023695834,0,500
0.8566486051268943,0.5592811678039236,0.6243566945789025,0.13528242500566795,0.07203072502797121,0.06221677454113534,0,500
0.8786411228794395,0.5144754412183654,0.385043342285698,0.11964090267021632,0.06033439321650393,0.08371429188119273,0,500
1.1990639068033695,0.4145178644295176,0.4680599183319948,0.15614169738943234,0.07156058157937015,0.09998067820792086,0,500
0.9245043202155194,0.5761684467470056,0.6241085799901598,0.1631759294831868,0.07584467187065609,0.08014383485029634,0,500
1.1349381061493835,0.44705069695179595,0.5466914322723051,0.17057494610497034,0.08100842780306944,0.11338218173933251,0,500
0.7636881258517416,0.649508431664954,0.6442192911090249,0.1616922449108299,0.0715600728890051,0.0714024868177103,0,500
0.990987019752808,0.4960141906679762,0.5077164583762597,0.14685312506477885,0.07000689154544949,0.08765629803632428,0,500
1.195359135207024,0.3983164461006844,0.4889290411375518,0.14545685439174877,0.0729236917517914,0.1037246957868395,0,500
1.4093172095189355,0.2862813832080889,2.615511226922441e-5,0.09257644251089761,0.041501114120654034,0.0032123809983256478,0,500
0.892812898848942,0.5580260323983655,0.533709628005345,0.15156702310737213,0.0698926672531828,0.08473467834821216,0,500
0.6541177932341146,0.6598240815099375,0.6862505401905852,0.14407721536072024,0.07311341497567098,0.06567827820142769,0,500
0.9974522440432732,0.5293464452470276,0.6855006582981062,0.19768166132687318,0.0916500753682967,0.09026126428025738,0,500
1.1868667203020582,0.46433007960186656,0.4257551047000743,0.17428462653309398,0.07385536059988078,0.1313861078573423,0,500
1.3767712749505843,0.3573497376931113,0.44214216800485073,0.18001064689036891,0.07625741790137153,0.12866855874247188,0,500
1.0785635344406963,0.44798545796079164,0.36549961024973776,0.14599098365765778,0.06603678837373363,0.10006957752091256,0,500
1.0196813316164142,0.5099254911381391,0.500240917072789,0.14283586426210032,0.07257873761627644,0.09552957607365103,0,500
0.8346071609409318,0.5664887873259193,0.6327325003012657,0.16049048426345425,0.08264266521549135,0.09674389522336438,0,500
0.9096841733953301,0.5466143730605691,0.47763053752485546,0.13487807420358916,0.06439784566260316,0.08430570275096262,0,500
1.0553372349183008,0.48948103835290735,0.582042368127557,0.16426945669965973,0.07793707695615631,0.08889945258860237,0,500
1.23065896638445,0.41031316937902546,0.34352470462157547,0.14798505824740799,0.06619831800098189,0.12206884210496165,0,500
1.182475658242716,0.3288983881018816,0.14247513333419748,0.12624375324735365,0.06543633519192317,0.18793597064596573,0,500
1.0473709844344232,0.540353716007901,0.48307458941762477,0.1463300464071077,0.06405625935977158,0.07999163240645318,0,500
1.2349717458567333,0.3766337740144026,0.5187612483358364,0.16425601305988824,0.07896502592146483,0.1152850382369553,0,500
0.9698940244013231,0.5119980995402122,0.4551516195785502,0.1274417121905706,0.06335647029649417,0.08182186146986983,0,500
0.9365189223086324,0.5553253615745373,0.43876884550973877,0.13971903650762516,0.06416384688629305,0.09962136623671591,0,500
1.040982560264744,0.5302252714173967,0.5923037819439763,0.18189071762561998,0.07674892244459369,0.0859347935767944,0,500
1.007819201472917,0.46919212750501216,0.4901831307982224,0.16970118890887492,0.08294099486323632,0.139970545976302,0,500
0.8529225793298069,0.5377574107912747,0.4398547731542854,0.12927873940868023,0.06435095192375401,0.09712426659656259,0,500
1.0650973276059368,0.4447885912554376,0.4501041941942743,0.14733654583484784,0.07361165239432126,0.12175650992699107,0,500
0.8119468439843737,0.5742419090511884,0.6042240959582337,0.14914736232494805,0.07499203796879238,0.08595346996139043,0,500
1.0654563704016362,0.4329792932116777,0.5041471893437951,0.1595535218143683,0.07822234018777391,0.10797147020887841,0,500
1.1011678661530129,0.48644546740367944,0.4286460807341864,0.15897852490889428,0.06974789304227325,0.11429221160969258,0,500
0.9840154839822449,0.4958775575466334,0.47175059113003515,0.13394637519428326,0.06689618717866391,0.08991212582756697,0,500
0.9510605233914885,0.5437394415121298,0.553753308022346,0.1531933707186581,0.07281333151710027,0.09138716403923329,0,500
0.7096309376467976,0.6183822634720678,0.48150151079329034,0.11695120165201615,0.058851548870857515,0.07061966668952675,0,500
0.9360533852134815,0.6040988358805308,0.4717834081719646,0.1471363792673192,0.060190488494392354,0.07692130820734484,0,500
0.809977765516474,0.5161833417177223,0.44380608391212606,0.13065924427920675,0.06992314818929217,0.10182816076641155,0,500
1.1882071259810645,0.3841249464780055,0.48700766381335997,0.1585978916831759,0.07678846356159644,0.11632001608142567,0,500
0.8334281721918326,0.6076985442501361,0.5425767849690871,0.13963041741985552,0.06263373956886284,0.06750620578118528,0,500
1.174608791603339,0.4612328931068139,0.36933543139255054,0.14508849820715097,0.06343467949667725,0.10432417424937535,0,500
1.0339359867419726,0.45687169906205927,0.509520228134333,0.15854853419102624,0.07630354171506798,0.10190446272571678,0,500
1.153819838401591,0.416758551668544,0.49316455575263507,0.1677001415048977,0.08193731001217855,0.14006913729577958,0,500
0.860268941147679,0.6013624998989805,0.53858234518475,0.16234659971214557,0.0716274564723989,0.1015998116611981,0,500
1.0388510071217356,0.5221363166054037,0.3271583655133212,0.13585628188962642,0.06024989164298573,0.11042350525139563,0,500
1.014669451984403,0.4675323521705417,0.4304028718726598,0.1540319204824865,0.07219723810910564,0.11077001312616763,0,500
1.0942442008955033,0.4256272013585466,0.3451158769387756,0.1395263474405979,0.06591222119917228,0.11149388424226228,0,500
1.2334289203676223,0.3876019194697581,0.1895954778874092,0.12280394742865011,0.05747905827247604,0.1222658764088654,0,500
0.9606770000747565,0.5840991798376639,0.6152129208660454,0.1657725940498684,0.06959967338636731,0.06349745784422968,0,500
1.1688305042575433,0.33466429798903236,0.6061642671078751,0.18031886029754568,0.09713966695172833,0.14474429649412687,0,500
0.8693175255626939,0.5546976460438707,0.512701264256635,0.13506981607350937,0.06560725452064271,0.07849354626705832,0,500
1.0079993675046246,0.47501479719804246,0.46825798311048616,0.15168245300418878,0.0723638630733656,0.10873865479478671,0,500
0.9151934292286807,0.5381192294852452,0.4935748821063972,0.13793266990129527,0.06797765590494595,0.09288952550596832,0,500
1.021220427325327,0.5042582207237418,0.5101595156865769,0.14842780858839885,0.0687441199845806,0.08268674200290473,0,500
0.6197659251775164,0.6888602856646054,0.5753576549293666,0.12732119908542558,0.05975161373688101,0.06409064996949562,0,500
1.2460318376289272,0.35095312530749023,0.354503717124257,0.17065043841462568,0.0846997165916838,0.21902181617660696,0,500
0.9301172374127787,0.519128929442446,0.5040798147843364,0.14223710351001362,0.06936686151163662,0.07988872112260997,0,500
1.0920657389934358,0.44941779181508634,0.4322276984060455,0.1446813770480458,0.06895973449908381,0.10471953898653494,0,500
1.0079771605581778,0.5360449809313239,0.5703868462160813,0.15804218885158725,0.07110184154120788,0.07655244525844442,0,500
0.9245251060671413,0.5050813917967969,0.5688316793945511,0.14428798625130942,0.07407276326370422,0.08393942958890302,0,500
1.041643018658263,0.4521027015793175,0.2706388389920695,0.12167895620580597,0.058968683746947935,0.1084750204596593,0,500
1.0753188380109966,0.4910289533260857,0.591343095381226,0.17932060179059525,0.08065028143305608,0.09483339332536922,0,500
1.218392010799765,0.41508521813922444,0.5573086863672221,0.18444346117773083,0.08274237929924569,0.11049388382024135,0,500
0.7968009001342603,0.5837488624458275,0.5874939634051641,0.1740765477669235,0.0805777554838457,0.0865464275836512,0,500
0.8508744773451666,0.5132948624868271,0.4894232897149451,0.1226107827312912,0.06426067356280657,0.07956861480579921,0,500
0.872759726245273,0.5298328547573437,0.5001348914309979,0.14409596655535076,0.07233576452976767,0.10262221796984279,0,500
1.0555256229161933,0.46872716722038416,0.5107686270494401,0.16237642868600172,0.07593623586778425,0.10542984518302617,0,500
0.9829740898797193,0.5119059120642889,0.4945378708973884,0.1426541132935721,0.06854637658173533,0.09154411939441065,0,500
1.1281025514892813,0.4358123329572429,0.3195726950345794,0.1379765529192407,0.06366854959104422,0.1143144814834633,0,500
1.0667113304796512,0.3905837743113944,0.4741894272406947,0.15490219964479307,0.0822142461417422,0.14892964724764723,0,500
1.0319932923437358,0.4786747343753703,0.4773033173079648,0.14247079642224847,0.06831792150188866,0.09010249452966836,0,500
0.6903221015214972,0.6621073335235538,0.5152377813414828,0.1260986141838416,0.05836516463983649,0.0710172864381395,0,500
1.3073215907896916,0.41814592911720566,0.570711986913377,0.1868145382962312,0.08217162615309334,0.10902387768609387,0,500
0.9723737030322518,0.5088836525542424,0.5765758965523652,0.18822161781761698,0.08676259021125104,0.10887374157669463,0,500
1.025767907969953,0.45368460838507263,0.4508754612158309,0.1413792813022344,0.06937464685574957,0.09683286156301354,0,500
1.3839007191483301,0.2855865085103521,0.23911027429036757,0.15673574190022216,0.07745666773712914,0.2506044121388477,0,500
0.9627659619623588,0.47990813713313163,0.423991649917942,0.12616072646161638,0.06379144635999319,0.08878937882375824,0,500
0.9461840949520053,0.4611792971036177,0.4605678887118958,0.13295502647110066,0.06995504283053236,0.09835468656157806,0,500
1.0715860486408042,0.4354266719436113,0.5210377338718962,0.15575750284754916,0.07771511018673061,0.10822008758310904,0,500
1.3292615221889506,0.33897939814291167,0.38222504366470067,0.16971252856768002,0.07905086716717467,0.17982961857509525,0,500
0.834986885918051,0.5997235635788319,0.5176886780424059,0.13724748410785606,0.06240113058055673,0.07250506461717512,0,500
1.2997287131486905,0.31707066955494434,0.2826723813681943,0.1326005398173024,0.06442498678835273,0.13992305289762036,0,500
0.8658065765495078,0.5514557429549722,0.4032332827330687,0.14234151873326112,0.06564130950845799,0.0964816927582445,0,500
1.286467981255617,0.3265675187880286,0.4065362167070809,0.1497535974082776,0.07522100617187533,0.15439967317952485,0,500
1.035281434837782,0.5076631490211647,0.48952730608565964,0.16426918540200688,0.07279200981177127,0.10646771450156371,0,500
1.1760273311722353,0.401495802553687,0.4853783831028385,0.1586671722907146,0.07714655952945482,0.12398427836961143,0,500
0.9718221591312094,0.5369896685765244,0.5571477060430632,0.15649888891149924,0.07211768029142712,0.08223477264751748,0,500
1.3249591923220083,0.30505409981228665,0.2998803569157199,0.13734785862663554,0.06779797006388082,0.15644246306939766,0,500
0.8970800244944078,0.5963169577362262,0.6578093720943652,0.16842479081184425,0.07576504139887841,0.07174012486202808,0,500
0.954856338121185,0.39568441377916674,0.4404851682967247,0.13682844560057045,0.07799213124699994,0.13373274152638143,0,500
0.7353825818935223,0.6268178622350179,0.5867970440211763,0.14337416703599035,0.06661189052322976,0.06065626942840598,0,500
0.9333904443462315,0.4667461580098446,0.47989280260625833,0.13908434191018118,0.07143232229156445,0.09161656868366407,0,500
1.0663890262965319,0.4592656639069697,0.5060542973744611,0.18835842932180005,0.09049177896839472,0.16143185311194855,0,500
1.0077006178414778,0.48302780965017866,0.4071227675246789,0.13756267152985072,0.06434989148592106,0.09070268906862644,0,500
0.9035617854472444,0.6049412990633944,0.5416439510188614,0.16782965900075913,0.06956121750061908,0.0912846367719549,0,500
1.0119633409338342,0.47691817035999345,0.41033543458195365,0.1313493221523894,0.06528971960629151,0.10183617540167922,0,500
0.9335396789922186,0.571008431479492,0.6160253491018568,0.16019381092299573,0.0721137540280354,0.07124627328722304,0,500
0.9241213662473059,0.5143453310107776,0.6338171824951621,0.15823593533853353,0.07973654891945836,0.07758773031239465,0,500
0.8492038990569616,0.5661675546149926,0.44534652627213084,0.13313552621881633,0.06308299349077084,0.08940526988265314,0,500
1.2748029857732994,0.38975935662387456,0.2783654150951392,0.13959398572898038,0.06311068542415228,0.13186371389067522,0,500
1.3556755887252705,0.25762586804231047,0.4175936948275794,0.20052508434354857,0.10108671822011793,0.29750546969655034,0,500
1.2791871360033475,0.41397372331047366,0.4913058461320941,0.17495117003183744,0.07568897058053405,0.10924797152731715,0,500
1.2537462170247275,0.3517551402079299,0.466188933376809,0.15201545517863604,0.07451461896568068,0.11798305821777966,0,500
1.0577590347003079,0.4418196083548013,0.3053258859101328,0.12783562351249061,0.061357143487038274,0.10591327043963276,0,500
0.9992000409558616,0.5274158989761895,0.6214831717305844,0.17764580723993176,0.0819810407089169,0.0929247902874655,0,500
1.0035017588764448,0.49088238004398765,0.5056735682680058,0.14089125022599822,0.06934448435680345,0.08739636911792462,0,500
0.9864335001555634,0.4951188845773724,0.536993734939816,0.1434397460010142,0.07062798664817599,0.07991111856190967,0,500
1.2510452084255699,0.4718894015464339,0.461236733537134,0.1622639008211162,0.06910197381731474,0.10193890710823292,0,500
1.1026489548811307,0.4672645695088181,0.5948275325618831,0.18218743510305752,0.08640118827257107,0.11465480308143837,0,500
0.9438058080639722,0.5761626157500234,0.5711277042441406,0.1637702064648837,0.07434990705506939,0.09376863320452959,0,500
0.904583865522414,0.5091560842660622,0.5950097877575211,0.14996969375444624,0.0773653809683022,0.08391178186876522,0,500
1.1008395668458348,0.468648976333858,0.46512438212741486,0.1400603165877515,0.06701996136853505,0.08974582909561797,0,500
0.8340912042939579,0.5369463187424669,0.4596782052620731,0.13201299862098592,0.06602233084096686,0.08319233866269214,0,500
1.1242377931589054,0.4144461655244801,0.3922657975534952,0.13481511697255905,0.06692635347028691,0.11338176694947641,0,500
0.9636996954151785,0.4320324842409731,0.42647184259472765,0.13258095224125335,0.07138539118826323,0.11510008750758705,0,500
1.1942103433936115,0.3722236771116084,0.41800644816771093,0.14949354202124837,0.07305887079739486,0.12529646743856057,0,500
0.9657302145678488,0.4783193555581266,0.307408391773035,0.1235188997545834,0.059702810649729786,0.09606412206735172,0,500
1.2011796097531378,0.44414214136790614,0.40155589167303446,0.1544741759966948,0.06631167093140418,0.1011001036508186,0,500
0.7252173141495919,0.6048044816501885,0.633758266702014,0.13930364918782653,0.07097441490926433,0.0628441154447345,0,500
1.0586907166853419,0.5046612820384546,0.5602969759301892,0.1693128696245852,0.0740052475263533,0.0815098795125207,0,500
1.299029067016531,0.3928102226549242,0.46101221035028905,0.19375611711711174,0.08682809329809339,0.1734657614915487,0,500
1.150448594979104,0.37711819955449627,0.37390873164735444,0.1383450700984902,0.0710065448164177,0.1389855019378087,0,500
1.0334872658420982,0.44312776417040556,0.5121609166879538,0.16161220009561728,0.08101656676456737,0.1282053840433336,0,500
0.9734350923170876,0.5050778897918203,0.5538529276271469,0.14336798096587483,0.0716188025973472,0.08317497349670401,0,500
0.9671517348470928,0.5722059901970302,0.6874811757373644,0.20284784526725586,0.08793268218674906,0.08457321163122379,0,500
1.0977009862244003,0.41677781837914596,0.4050639008599369,0.1393025521369056,0.06886507078583766,0.11500148931241733,0,500
1.1671625291409673,0.48888755389843996,0.39275181379087337,0.14893968595296506,0.06228888301784642,0.09397876146116398,0,500
1.1929959428134045,0.40347426251237783,0.51192484203641,0.15514612823095264,0.0751456041340033,0.10153260303727413,0,500
1.1062506758994362,0.4361498894485854,0.4649605509732916,0.15592210541366333,0.07666707519039818,0.13261367280099534,0,500
1.1096059414785209,0.41947841977012545,0.3624958031979241,0.13993683111880614,0.06682537862038207,0.11517594354363472,0,500
1.0076606739224447,0.48267933060759555,0.4135213457602884,0.15035850815373225,0.06914957997732925,0.10587140268032866,0,500
1.0294352294871898,0.5108766772722735,0.5626465395447163,0.1557399090923845,0.07297022260746781,0.07923696991332874,0,500
0.9797663836234358,0.48644461001808437,0.5762367746873667,0.15179945698650835,0.07775644804065489,0.09561877745510648,0,500
1.0004303147912317,0.5477357178107146,0.4698471060919266,0.14348272890640268,0.0632176695528262,0.08248510542741541,0,500
0.9651303584669253,0.508775340402182,0.49562837673638105,0.1437076510108801,0.07170039005536176,0.10361880165093122,0,500
1.0824660468145335,0.4460989362305603,0.5330911785431487,0.15636947799202,0.07582097761779617,0.09916032171479718,0,500
0.6788859685253681,0.6485782667788951,0.5509293711116403,0.1239352010061529,0.06105610406725672,0.06723363144583024,0,500
1.0264419307994106,0.4991494644324494,0.4573173605156997,0.14172581231046033,0.06569083936236132,0.09009459102879375,0,500
0.9198380957762337,0.5488760618232831,0.43810141661146973,0.13782179190416963,0.06387980421393871,0.09415078788246425,0,500
1.072848428693109,0.4782591627155339,0.4873129288115964,0.16026893580766083,0.07406412417362142,0.11046195069034187,0,500
0.9827143278292594,0.48554148923502716,0.38886248302346316,0.14281654100606508,0.06698789942829532,0.10478866208452772,0,500
1.1263812994509053,0.45481693168332965,0.3896445068366282,0.14130143885022803,0.06647926862583081,0.11426706648655958,0,500
1.0126018162522925,0.4754350917471254,0.44197104878728743,0.13339398348919781,0.06526222506998915,0.08810363903213052,0,500
1.0148420993171057,0.48548896691751187,0.5386033712256748,0.1728136986249274,0.07927578793780148,0.10405944956296824,0,500
1.2343654882884303,0.43305020300949204,0.6341522285318395,0.20016995358926318,0.08969021216931963,0.10293230462856207,0,500
1.0621262018810305,0.5033705412295846,0.582671970168098,0.17003737786334844,0.07949870619917422,0.10645906004578651,0,500
0.7210838418642836,0.6077011890173926,0.5035693043181934,0.12786368029598874,0.0632535003455432,0.07597196979031008,0,500
0.8801088203103398,0.5350008505009987,0.46493530927274174,0.13647297452224147,0.06595529357527295,0.08627195213023094,0,500
0.9164589353489234,0.5226227720252881,0.544197256103609,0.14788514304857628,0.07437229814250124,0.09351552566616068,0,500
0.933581181875881,0.5367480244237381,0.4823668294088549,0.1413409543044482,0.0674452426410231,0.09434840665473163,0,500
0.951915857327099,0.511768359954002,0.5389784324718367,0.15062536484173447,0.07745527858070762,0.10903601110477944,0,500
0.72221899686967606,0.5873335757269746,0.4155927931357426,0.11317890693329809,0.05954688240031467,0.08730645750937951,0,500
1.2064921220746874,0.42201120085215016,0.44872970083580643,0.1643659344185906,0.07332021095403146,0.11555069241943318,0,500
0.8711529535424853,0.5808478931821723,0.8083969214798711,0.26119792142209364,0.12183176435062264,0.08837299817631798,0,500
0.7060151204078344,0.6219218409399604,0.5626204321259329,0.12746335585760626,0.06365320796423274,0.06303717466375977,0,500
1.0310276602932296,0.4757203788240056,0.48699126608423243,0.14470662210850224,0.06919680328165075,0.0879590307641985,0,500
0.9807810561954821,0.4997743355296921,0.2967342073477161,0.15124101796887954,0.0688939170242453,0.14405892686910918,0,500
1.041101869403471,0.5120746868683025,0.6003864985540953,0.16563243543580283,0.07831629245133892,0.08763432681480222,0,500
1.258638135703004,0.4550692777781314,0.3999284389044461,0.1649921731632571,0.07117641136398019,0.13281775723717057,0,500
1.1460395010615967,0.4417101911931652,0.4704008133064667,0.17803690541407813,0.08228223697481465,0.14993786197163442,0,500
1.2210472615340617,0.3771655388040925,0.3034807641865073,0.1476541718998338,0.07026425434035785,0.15960471250651176,0,500
1.2427820603237565,0.36491662199359065,0.3019651306523074,0.15736311083738944,0.07477276162452524,0.1831159623819027,0,500
0.7561754596890378,0.5661968655443904,0.7750254539329822,0.18808135532480103,0.1019849632967983,0.07562307558231923,0,500
0.8605294362571242,0.5547752593112154,0.7128797443938556,0.23309356881354576,0.11710027677946307,0.12776651668351097,0,500
0.6212494515467728,0.6758978701056284,0.5817102563135931,0.11639664392531973,0.05825659417704925,0.057000021758443355,0,500
0.9776791339080456,0.46505578464571434,0.6101996900271744,0.16000060773215088,0.08438358624236532,0.10002233970672529,0,500
1.2493188680333427,0.3788529490593135,0.34870697204794426,0.14142955794048076,0.06577732146285843,0.11813846652065745,0,500
1.3720527650254775,0.35157009692519,0.34901057227490145,0.14814917287464174,0.06655393275502992,0.12605968332588674,0,500
1.1746252486486437,0.47492325944374386,0.4864603595480782,0.16148203314397966,0.07218288570774452,0.10432062969165286,0,500
1.172433711514628,0.4138074216120479,0.2498052652201128,0.13464451198644914,0.061164839306328135,0.12313318455054449,0,500
0.6796528428493472,0.6265474589899369,0.5701848979822686,0.12773622284788935,0.06550368152991382,0.06789342710938777,0,500
0.9441071351129632,0.5421279752563511,0.48237542656371085,0.13980097217388052,0.06456312865754094,0.08068458812012949,0,500
1.1376067164957377,0.39111038522527464,0.4556347279831065,0.15010884140292172,0.07468901629416168,0.12289238456706221,0,500
0.8976991494706011,0.5486070465262883,0.5984283175706032,0.1420159374918297,0.07019348514886288,0.06912174641153748,0,500
1.0265934813235722,0.49954553041935285,0.458369381937759,0.1549217887532729,0.07155943914987754,0.11398669395232779,0,500
0.8840489054254409,0.594950817495411,0.5310377507030882,0.14152829404131606,0.06229167604704332,0.06561911018784304,0,500
0.8613663321969094,0.5748610915932514,0.6190608427674748,0.15808066072932447,0.07582464366235127,0.08099020290285312,0,500
0.8403273075180359,0.51092409157954,0.6149026735740994,0.14740812328385494,0.07937453420235102,0.07661019286344858,0,500
0.9262952533406875,0.5117529785320498,0.63333461441435,0.16314254789140628,0.0848441704672867,0.09412342576958116,0,500
1.073137176077589,0.4284657777075766,0.4662437270578818,0.15299507930312575,0.07589565060674477,0.12229088122528019,0,500
0.9406383722126805,0.5467802533026306,0.38048255958465754,0.13352025095236036,0.05935611507579066,0.08792888551987768,0,500
1.1382076807134711,0.46202481445090315,0.33596200358071066,0.139537707501937,0.06118735661504954,0.10193794029455631,0,500
1.075572935242711,0.5129681730716711,0.4826356627127039,0.15608906735411068,0.06641301209391619,0.08157102948366048,0,500
1.1071672460017945,0.4825435776881162,0.38616849505717316,0.15420639535057887,0.06825859056361967,0.12390038284991967,0,500
1.0051236824913328,0.4556793478877393,0.5436021516392808,0.1579289242794596,0.08243699260815035,0.11623140900060448,0,500
0.8213822163259612,0.5403481906538355,0.5578016394453233,0.13362373420993795,0.0717469958085412,0.08158280961228817,0,500
1.135483767917889,0.44754639343999625,0.28797501711179013,0.13255567193954246,0.06046982166794934,0.11220357937040895,0,500
1.3927753921697372,0.3409043786565261,0.5355006197784736,0.19802387997058585,0.0920464365110805,0.17276404074912788,0,500
0.7592926723805308,0.6168305120647168,0.5324590699011721,0.1313346407296778,0.06245969723349692,0.06960653207318558,0,500
1.1742487768506422,0.3478396319302503,0.3798770948261845,0.13871648811667964,0.0717892395994017,0.14081910986985324,0,500
0.8393518624363555,0.49505308304868123,0.48074152231678413,0.13464998025294941,0.07362201612574874,0.10437206533917957,0,500
0.9071783560625855,0.5763618670091272,0.5199769670853737,0.1445015315168611,0.06374483773956473,0.06778927876079337,0,500
0.9336283356173707,0.543909980838036,0.5738938689261098,0.15996142186612222,0.07456364848435318,0.08652713836844561,0,500
0.8845916855851768,0.538365248201347,0.42233095112323127,0.1410479054734562,0.06682438403285576,0.09195836623881122,0,500
0.7247299371963262,0.614425797708139,0.5782844325301796,0.13021825780968813,0.06525583992765074,0.06709831756780744,0,500
0.9451500855349576,0.5187294328481477,0.5611701010612518,0.15027528079512315,0.07293219646759602,0.08491781806466785,0,500
1.1321446517987486,0.409618656753465,0.4369046257373021,0.15580365149300068,0.07633091740325146,0.13621172863545167,0,500
0.9805147567479395,0.49760259054950934,0.6685137882476749,0.1761316019633815,0.08856687274829864,0.09137477989218049,0,500
1.1381023145172389,0.38804720538834475,0.5301267904697414,0.15541546862799177,0.07878275468116484,0.10594178990209067,0,500
0.9584374405857227,0.47323910027268773,0.43930335273027593,0.14644705029686989,0.07209407947607667,0.10679130046301949,0,500
0.8577777657748014,0.5380266179901015,0.5512792673948588,0.131477401208421,0.06982818008609441,0.08051466251793404,0,500
0.9071125726950683,0.4880657689305992,0.51600054899129,0.14374006425140054,0.07511391556694999,0.10179392265058125,0,500
1.0139604301052147,0.4479116915315615,0.6082219192000604,0.1623408034097592,0.0824273396306733,0.08615006667116501,0,500
1.1298569604098552,0.4158273095279897,0.45152519500574606,0.13830981784277338,0.07144187489367926,0.11303525806536928,0,500
1.1024889228894248,0.4526580169857456,0.38543241874676343,0.13723249177022834,0.0625326942887497,0.08999793329764268,0,500
1.1606922542014075,0.4364821292274636,0.3826488764464754,0.1501782916947764,0.0695800180161188,0.12732680464718507,0,500
0.7753122939831547,0.5443254744498146,0.6032698263538647,0.13728681422537445,0.07563219990906118,0.08173763084109197,0,500
0.8821643385285254,0.5603573375180558,0.5474249586023481,0.16494152764316763,0.0793434897986713,0.11659693262165051,0,500
0.8402285021945476,0.5083832136364941,0.4257107515494168,0.1160927937246053,0.0625329918974864,0.08154504123907337,0,500
0.9288475789986744,0.5036898291686883,0.6346980016086149,0.17244203707882338,0.08694539371991201,0.0939713632245186,0,500
1.1271947279101089,0.46234109863530276,0.4258557431407164,0.14683821317468426,0.06683520783421619,0.10142474238304935,0,500
1.2254863335576203,0.39991737762031915,0.3660694193642483,0.15451334716255924,0.07267252581385072,0.15085985419901896,0,500
1.126138029838573,0.41041173688775906,0.5109093798346362,0.17803311771234615,0.08431860568855014,0.12621281350544913,0,500
0.9161388962904394,0.5036089780408568,0.5385915413601602,0.1463189686160367,0.07639090190215625,0.10684146660861087,0,500
0.9138216212837738,0.5260539640185797,0.6352318059493338,0.18628670257948152,0.08926802875409036,0.09728476865297495,0,500
1.2573329119576482,0.38870681100040877,0.519999054450464,0.17289549002248664,0.08085528824594325,0.12170077096718532,0,500
0.8854133082679302,0.561520695950818,0.675332523253098,0.1638221409548106,0.08149160750703405,0.07681203351646676,0,500
0.9249731095656852,0.5551775166241819,0.4521953190865038,0.13805085668576603,0.06407566871726994,0.09437211359943079,0,500
1.2532098102103633,0.33187931401026305,0.4165427000536338,0.14831606760470195,0.07823620358847645,0.1681634944297872,0,500
1.055751918217481,0.4055517824486084,0.5523467541907707,0.14717259942512045,0.08210423998962658,0.11727400619661901,0,500
1.0515119833676105,0.46324286302658213,0.5716722058073028,0.1695301947023526,0.08143498001351612,0.10020445582937203,0,500
0.854774202385098,0.5836629847657868,0.4194197029637974,0.13273094525225307,0.05923441745044085,0.08055634723414283,0,500
1.011158664650819,0.493767674185796,0.35008899287336315,0.13498441425985108,0.06284269403711697,0.10891458484846649,0,500
1.1202107361991835,0.48591651463812074,0.4782577333655516,0.15120634598066832,0.06737265787643666,0.08750635084267691,0,500
1.1728783296252894,0.3784215608531258,0.5665730967928525,0.170636528038592,0.08521083128200678,0.11423033088146652,0,500
0.8905558793372761,0.5534922932602562,0.3630725067220225,0.1222234533762664,0.056773115359573814,0.0802638265739399,0,500
0.8259206258465892,0.5513157386656656,0.45764980727501486,0.14004866075090255,0.07179979667182126,0.12052185687543977,0,500
0.8411738243728593,0.5626371041455402,0.5748940932591203,0.14189144470427104,0.07018783728447395,0.07442872836327957,0,500
1.1939491829706517,0.4058955714613736,0.5169350270909167,0.14998589130829443,0.0724378843428041,0.09042884928569415,0,500
1.0272113144898816,0.4812571992642938,0.4451063998121129,0.14357910333233687,0.06881496359528441,0.10578147154825211,0,500
1.1357152682741318,0.39915264919905835,0.39696815186833084,0.1475942166385303,0.0718413580229468,0.12733825285755163,0,500
1.2236918225266702,0.4086989742312691,0.32500998182884416,0.16500413431361752,0.07492878025159729,0.1733454867305009,0,500
1.1345883165011912,0.4084425113479405,0.34944561832925986,0.12891744518092266,0.0652406688451696,0.11938919200766945,0,500
0.7914776898022703,0.6269352255866104,0.5707904058688122,0.13493818756765663,0.061706483980438695,0.05986188809213578,0,500
0.8834098959847234,0.5610053403752902,0.6796011206169462,0.17230012824884383,0.08423940401948762,0.07805475889595874,0,500
1.0319358329535135,0.512229913472833,0.520102413901276,0.1559767770732098,0.0699691864706411,0.08387997312090331,0,500
0.88087222064027,0.5166479052652525,0.5185579202326396,0.15037579556550437,0.0766949185406654,0.10907178939891228,0,500
0.7790748706130155,0.559332330157211,0.47986572886381545,0.13928010581627306,0.07055623460584032,0.0980262885876857,0,500
0.996204381611306,0.5246388320315797,0.5883291925431279,0.16251438516656402,0.07636198662125881,0.08868802303596841,0,500
1.3299557586429291,0.3862405505889917,0.3901482788597414,0.16963749143581192,0.07259519492179578,0.13423583858547095,0,500
1.1326166431131284,0.41340485918666775,0.39819611646441355,0.14533846729595606,0.06911458410919506,0.11321737421095247,0,500
1.32514776319769,0.4052558919513687,0.6341939470598834,0.1930514511545882,0.08688922821167437,0.09633953194166987,0,500
0.8081664283877438,0.5585231764711063,0.3700401127117073,0.1255694725430736,0.06025831668078772,0.08509818480813705,0,500
1.1904031080650355,0.36953028113761854,0.3406911919128488,0.1499406254469573,0.07546103967215477,0.17488305088162315,0,500
0.9294454800124413,0.5094943201055472,0.47407461779257776,0.13466100838094613,0.0668343518376841,0.08704249673538332,0,500
1.106419023058771,0.5090583105936883,0.5274325805002662,0.15307144923386254,0.06836342181098792,0.07760267217324852,0,500
1.087769677575597,0.41345873754610507,0.465725116200969,0.15684897235402426,0.07653036007570745,0.11734571390242395,0,500
0.7756797550489555,0.6105242500580358,0.546915150741383,0.12972250854407053,0.062210408056805895,0.06395449412311627,0,500
0.8713007889493192,0.5246685299681234,0.4746560577716184,0.1476899607944601,0.07540423592874898,0.12400718253860803,0,500
0.9302278152234135,0.5190533723925305,0.4806694582784968,0.15075688768194326,0.07227338973649253,0.10760736678235987,0,500
1.01262573269643,0.4821851530810952,0.5869348399419829,0.19207412431484647,0.09073825153942933,0.12017262863529332,0,500
1.2205474321707328,0.4508484628822785,0.3929813456415398,0.14662327756349197,0.06386913696429782,0.0991900152723983,0,500
1.087920595897176,0.4557082939762826,0.5232236400997812,0.16830735081522835,0.07794672034116842,0.10684463702991202,0,500
1.1004654069283428,0.472734789738635,0.43139622463947536,0.14361697515948543,0.06508502929321042,0.09049651962201592,0,500
1.2109089068633385,0.37229091736191755,0.2801235273384061,0.12603396529677116,0.060872693256186196,0.11271995927111322,0,500
1.1628680151951607,0.4770840974877477,0.41744583842269256,0.15369773414756163,0.06660953299708793,0.10729431932869807,0,500
0.9057509861187066,0.5058911665260916,0.4599399778333475,0.12879537982288716,0.06751834595218652,0.0982725728120894,0,500
1.0073132816391925,0.42992896770330097,0.47233898627674475,0.13219505539321452,0.07033901258922719,0.09713798374091603,0,500
1.0359981664262974,0.5260045960252155,0.5408998651725045,0.1646355055024912,0.07190967887210835,0.08796031075853844,0,500
1.0901578118524762,0.35049647627794994,0.4927256478962044,0.14742881542317657,0.08226488957736601,0.13959607614956954,0,500
0.8657455657222695,0.5955518723548068,0.5251042347890816,0.14522731365705974,0.0644570347717696,0.07807044953678169,0,500
0.8574005280593099,0.5711552581609222,0.48062350621776856,0.1327087424751951,0.06310500301784194,0.08165036678564926,0,500
1.1486191666840937,0.41363607462495783,0.4202026849635829,0.15372947412221244,0.07234206658351017,0.1207066512628772,0,500
1.0933880635506241,0.5086355062094717,0.5047470918844981,0.1684905323274643,0.07071216712817883,0.09082510925414813,0,500
1.2773048515631737,0.33019687122586905,0.2729359449468986,0.17819591837115242,0.08511419481466713,0.24652952885504267,0,500
0.982722258668574,0.44177965834549043,0.5629536746688173,0.16303340066941507,0.0874045488408088,0.1240763325963373,0,500
0.9295619822913209,0.5528865192566267,0.6774222349310767,0.17016014090521583,0.08143327952522197,0.07482135520481539,0,500
1.0484158966948205,0.5054958048551781,0.33404753258824305,0.13190274379013955,0.05852398286067723,0.09437342057779369,0,500
0.6370795442083049,0.6750464391724328,0.6026870389907395,0.1334432475476987,0.06298645931878197,0.06011021621483624,0,500
0.967451408545996,0.5742348016720579,0.5286764125779427,0.15644734236339491,0.06661078062715728,0.08691966811065968,0,500
0.8663190374205015,0.603809056032023,0.6424212654790662,0.16461609418870077,0.07481350257143124,0.07461363440369563,0,500
0.9943668001035705,0.49529071604202807,0.49591560754216185,0.14896779337829683,0.0712655040495966,0.09561829899929045,0,500
1.2724478487193982,0.3537452450255055,0.28000321904488396,0.14064275641615812,0.06482844123440304,0.13209179081412467,0,500
1.0426835248234294,0.4766830068928739,0.43389875781243115,0.1309231379585706,0.06508503964684673,0.0936413250935808,0,500
0.905733264019099,0.5701290343714163,0.5898132797529719,0.14908436131192493,0.07044164362582586,0.07615307117709295,0,500
1.0045872633101656,0.4989472153656284,0.4432283180103249,0.14520734089948217,0.06708268717458452,0.0965195118172616,0,500
1.4743668925995967,0.3025464104275793,0.268091278183524,0.15686714937755708,0.07220129186594308,0.20208517235244478,0,500
1.0970070137358903,0.42392673982323686,0.5097874279685234,0.15756452649311584,0.07798977047801887,0.11573730170194205,0,500
1.0741775496111456,0.47045749511926177,0.4332363872304902,0.13908688175959188,0.06465052688427543,0.08785036837658712,0,500
0.9057884952089887,0.5862400104887443,0.5521307643088171,0.15212162753687652,0.06626685771406111,0.07616790520374013,0,500
0.9347775692125927,0.5621816223564626,0.6066372530481021,0.1679784421786815,0.0775180595760472,0.09137714274826492,0,500
1.059982560684691,0.4769210655551238,0.44623638571973545,0.16009552068878222,0.07469097763895538,0.12879084244313654,0,500
0.9983458381515381,0.48431190312282163,0.5298238998390816,0.15044899512077956,0.07391702695882946,0.09608148755190023,0,500
0.9289605235957744,0.5464361374845237,0.6012763156997614,0.1521827417359873,0.07332998270633762,0.07587442514300388,0,500
1.0558584818271188,0.5290480995229322,0.4548309217452496,0.14096350246346426,0.06322665402910224,0.08533430388594128,0,500
1.1043645175019885,0.42539480307442623,0.435392457691562,0.14560174270982623,0.07048036534946918,0.10815669544312559,0,500
0.9226608848042227,0.516061948352338,0.3731240204622557,0.12969077984607977,0.06365781351062294,0.10185102943025376,0,500
0.8269482658171322,0.6008908040108049,0.49930004027557434,0.13588569467383255,0.0627181281598669,0.08041613120298645,0,500
0.904442002078338,0.509224694768432,0.698708503001276,0.16940602543396896,0.09078891617934635,0.08232762699326722,0,500
0.8228856855268031,0.5715010054249433,0.6875101095557109,0.16669441969589688,0.08415934526107025,0.0772849342080224,0,500
1.1835252903894304,0.35612822958028395,0.2265659718660806,0.13880000208998347,0.06617486071659558,0.151798942163372,0,500
1.302731689086263,0.3421097571426674,0.49492932557665775,0.17996120466137017,0.08364432997922007,0.14016170105632206,0,500
1.0927772960119793,0.4675708423785379,0.48793252433996714,0.1594622128587381,0.07140636811668714,0.0915091577128801,0,500
1.131250291280152,0.45801694344712146,0.5065355493119587,0.16298016170769436,0.0760206752959837,0.1118153854926827,0,500
0.8890905622448392,0.5212898534921456,0.6938183386677548,0.19128255905392955,0.10157257476683129,0.11001340287628977,0,500
1.0262623731536513,0.467657135839525,0.1645275901207492,0.11596712391181535,0.05543036972440226,0.11893382437031455,0,500
1.1682484225502918,0.4410993130309547,0.3605650411524087,0.15118038216693372,0.07127144047850716,0.147464230919399,0,500
1.2722121557346477,0.3166391181256538,0.28852111355717636,0.1326769232788851,0.06473910945284654,0.13093195972337812,0,500
1.151604573421502,0.4398598477694067,0.506053928674756,0.15254083050066938,0.0732568192412962,0.10106973703810099,0,500
1.3766135251947986,0.3515425229307889,0.5171744032117858,0.16535860804276442,0.07789743785700402,0.11683932869139041,0,500
1.1099006956229607,0.46275558520637844,0.3060659399850814,0.13240047166823363,0.05983136666136079,0.10484096632156716,0,500
1.111189051659684,0.45635032677517046,0.5236114634113879,0.15483064270670688,0.07511934714109397,0.10256713484533024,0,500
1.1052534706228587,0.5302952719145585,0.386642457697615,0.13605738542675483,0.05837537541235384,0.08239832841035911,0,500
1.018192206135698,0.4711806675364779,0.5975499601885405,0.20040773885797777,0.09535200024022224,0.11891135188786774,0,500
1.0968738066149755,0.39481177041682797,0.27594425235590203,0.13603374052283784,0.06592259323386128,0.12794474158227728,0,500
0.9818957317926953,0.47817294781388736,0.5408522607860143,0.16031275000304224,0.07792563893547334,0.09575883946775585,0,500
0.8051124961976878,0.5947084068354475,0.440925322837697,0.12609971748019255,0.05974501519969208,0.08318430634220478,0,500
1.2426953434684995,0.4156642591367313,0.4511137701520781,0.16834402267585533,0.07832091538942054,0.14483581471221052,0,500
1.0573515705977468,0.4094550523972174,0.3236203588154704,0.13349299836528356,0.06859318543641754,0.14591058614694738,0,500
1.2649246687054878,0.31885565103948155,0.060068659287632456,0.13715061774963985,0.06654023790470125,0.21396668792421208,0,500
1.1743020279867422,0.44010129525076835,0.5959099563824743,0.18223385209907342,0.08899701229390597,0.12066119374571897,0,500
0.7652838692369254,0.5978510256751215,0.5420778621435188,0.15268697009046572,0.07318017981825532,0.09473714048619754,0,500
0.8720055925002839,0.5702059091516868,0.5439791834623725,0.14420702508828026,0.06923863128970624,0.0834135628174482,0,500
0.9114781055161122,0.5535233869304751,0.5375843996923151,0.1586774442066446,0.0741779367658722,0.10127872891229801,0,500
0.8289035749090861,0.5444299614072751,0.40731019250639383,0.11966255695693273,0.06182726224985844,0.09506082692333379,0,500
0.9767563596495635,0.5466354507780758,0.5870204743364354,0.1596433643748672,0.07541523879095513,0.08868188390720687,0,500
1.1677475637294796,0.4210118672087136,0.4712374876864709,0.15121652902748797,0.07371781200784562,0.11612523996836537,0,500
1.202371378149156,0.3809435553969642,0.28243340271554057,0.1461985290338461,0.06765075488627316,0.14265930188318907,0,500
0.8573104793022052,0.5687036630010639,0.3768866526160309,0.12216136025868612,0.05994015627153387,0.10103837618205423,0,500
1.1471510802961717,0.3563226866520129,0.46478711993345684,0.1618399051872166,0.08938325067861905,0.1923321593794416,0,500
1.219712344142929,0.4253478535114444,0.4573893156475433,0.15275718897684956,0.07113781524716839,0.11157537953892827,0,500
0.8030964995534673,0.5704201399748892,0.5100851380469251,0.13659919730902273,0.068286129484452,0.09140387725775477,0,500
0.6378315286748015,0.6779956062786557,0.6155641001381291,0.14459204799306666,0.06765648081793635,0.07013059939338585,0,500
1.0393609696219575,0.5185776562723458,0.3922085241660156,0.13763781308719195,0.06225100326654687,0.09650990993887666,0,500
1.1755330275463431,0.38236457250820194,0.3748884356100348,0.13583820761258966,0.07090415921397994,0.14059683792237748,0,500
0.9913014971845022,0.5327299742191125,0.4711371759858511,0.1373867623602881,0.06177568350338694,0.07212091804198319,0,500
0.9352628558247112,0.4872096734620305,0.6117152317953884,0.1699593482515559,0.08734306708344669,0.10000623807404628,0,500
0.9329160398487185,0.5245076266873836,0.44992378554285656,0.13937106204856717,0.0669984026056234,0.09980823126122541,0,500
0.8099382321584411,0.602550664324966,0.502139481770727,0.1337529009420945,0.06218009360848649,0.07423052833717,0,500
1.099294745698648,0.4059397318063001,0.4939485317958267,0.14939849263356234,0.0762944807562472,0.11342532362699992,0,500
0.9678170747312383,0.4954810430311127,0.5039043564975626,0.15370999154569898,0.07276726128660121,0.09737600686015228,0,500
1.2510772352319308,0.3860319098974438,0.388915125119697,0.18337842003526003,0.0914928634919228,0.22442317766573258,0,500
0.6699650877272556,0.6723194294357298,0.7530801773421532,0.1646206573468335,0.0789738848058923,0.06264156695991847,0,500
1.1535673400922026,0.41939485404486093,0.23518169852248835,0.14576673656299455,0.06500596242783285,0.13998177108429133,0,500
1.2653646723807053,0.45703148050041464,0.36514768768146794,0.15162388725211307,0.06377329190059401,0.11200970386340987,0,500
1.2004584026438079,0.3980163879192975,0.39871156150196374,0.15514577253341683,0.07346751478389732,0.1392949687364543,0,500
0.9017917267780207,0.5508290300762159,0.6124380487679392,0.1560269329616482,0.07594103157337538,0.083262884887036,0,500
1.0603306667943146,0.4816140459514326,0.5417193322745951,0.1635091940065537,0.07402273771690437,0.08597963091930462,0,500
1.097440298942035,0.5042148092033358,0.4516785119070787,0.15121290488786135,0.06603321475083648,0.0957164921659488,0,500
0.8392147860916711,0.5624406378425503,0.4763952861098638,0.12653608214619758,0.06281431671724894,0.07914638109588766,0,500
0.9671424014788643,0.49003736327418235,0.3560286022717695,0.12377228272912186,0.06296193600980667,0.11022603020255207,0,500
0.9718153809092662,0.5102573951694166,0.42570057363622976,0.1429286066131006,0.06542767469373591,0.09033609912111429,0,500
1.0610191604287773,0.46466121216529777,0.4004247389813307,0.1437131505290886,0.07018160273662474,0.12722821792012454,0,500
0.963155007970862,0.5538250607674704,0.45378892930487225,0.1584112960955861,0.06723695099889,0.09903327140556589,0,500
0.750320691133999,0.6004280285099486,0.5798881600925667,0.13639239423705007,0.06809205712169432,0.0705473021476586,0,500
1.0056374427007502,0.5072226651868587,0.41601354974643984,0.13177867997381942,0.06364997387293365,0.09658935974183135,0,500
1.2566216853256473,0.35742453214215003,0.39531431085646795,0.1486371003242527,0.0731611977351165,0.14547729923459,0,500
0.899134351512081,0.5121390103377289,0.5540826291635655,0.1512784555706259,0.08245836639848203,0.12027355519061657,0,500
1.177014231181562,0.4119749814748571,0.39148622080386297,0.152253138871267,0.07152425793881498,0.13432977369909416,0,500
1.208268902934525,0.4565932079229341,0.3984428483484798,0.1474433861030147,0.06453483555409485,0.10018553017131859,0,500
1.0851424101386575,0.5206566616034544,0.49705461624294467,0.1523924905259225,0.06500862337275048,0.07528861098666784,0,500
0.9423620977764682,0.4876223765500438,0.3585210894877617,0.12967646985881665,0.0641164492434637,0.10793178178775371,0,500
0.8305458532232062,0.6140377468960039,0.5373185618138642,0.14538758018411096,0.06788768523027665,0.08936823387708343,0,500
0.8566984934546279,0.5508469575077134,0.4483040996112553,0.12308976766463745,0.059999038797796014,0.07001301694616902,0,500
0.9060343972708892,0.5439217411387469,0.5760971827629876,0.13947186495196087,0.07000619151054524,0.07266703757205487,0,500
0.947923504488068,0.4869125255052093,0.5372654927580695,0.15621907051589126,0.07865556631858142,0.10689437287034927,0,500
1.0646430954015595,0.48213726638547366,0.5289231146265192,0.1648115214249634,0.07462580233336655,0.0948133424292178,0,500
0.776528481569213,0.6137363809742684,0.46348950356245683,0.12996966779175131,0.060362713269934545,0.08370302499384082,0,500
0.8962973414858092,0.4842290047120973,0.547818739137524,0.14050815802259609,0.07779876732360883,0.10349137003480478,0,500
0.9285264019175828,0.5200158492675481,0.5432478617540019,0.14078493975106382,0.07036215104351688,0.08048223572218267,0,500
1.0191067878516469,0.3765053733027081,0.2945575880530522,0.12157654889731818,0.06817018203355324,0.14945768445758323,0,500
0.9098871971603544,0.49394833635688135,0.42144322372382603,0.1261199419881323,0.06585017237022976,0.09928927322740734,0,500
1.079876858784045,0.4962205953025493,0.48634024155712563,0.16914904718603752,0.07415274941480263,0.10767848698813952,0,500
0.688152761690473,0.6523531977094111,0.6408548520082463,0.14301892593764284,0.07284687520726779,0.07529268870204558,0,500
0.9267032362761617,0.4940736524218516,0.5603472262442809,0.15194034239103787,0.07743763020600393,0.09445973778067283,0,500
0.9743239238934622,0.5050218627464897,0.6452909130650486,0.17324743496227218,0.08587785155720326,0.0914994150921273,0,500
1.3662075219973413,0.37137099562908615,0.4285827845970485,0.17382739056843427,0.0754795510551825,0.13910595964862132,0,500
1.2625732702551706,0.433164000476142,0.5126062053684068,0.17483226693783557,0.07686918099235897,0.11225173872528801,0,500
1.157672875278884,0.40746758251499215,0.4446147598899114,0.15949582872896298,0.07407745702499426,0.11401086148328306,0,500
1.0098413047571715,0.5188412430856568,0.6804109752198018,0.19426920618763446,0.09063125369702117,0.08684153377553344,0,500
1.0583287651962592,0.45423017853466796,0.438573749603943,0.1327907667873458,0.06550751390834357,0.09058811200012666,0,500
0.8470507967159111,0.5372740704955241,0.42561742679242015,0.11673041765547926,0.05978636419932526,0.07617222765414358,0,500
0.9401837758381969,0.5166063741556415,0.5325049929096315,0.15495275775660639,0.07274046703818336,0.08426548044623725,0,500
0.9923898023700429,0.4850126833219796,0.5794168869634001,0.15698972343113549,0.07777395550384573,0.09062291520009234,0,500
0.8648885141965399,0.5065981865688772,0.2925096400100387,0.11331443018528864,0.0575426183043302,0.09252969656010408,0,500
0.8221974104265045,0.5800580552770525,0.5870535291856245,0.14679141360845882,0.07237455926008822,0.0803228005643326,0,500
1.0132608502300215,0.4697212618893162,0.5042166057225107,0.14531624816209868,0.07398957906595041,0.1037195466078823,0,500
0.9371883244949961,0.5365144254766848,0.5004196750925476,0.14893986197638334,0.06864933680724951,0.08844522467766092,0,500
0.8049212197970291,0.6072087561356292,0.5179621039762085,0.1333356171353602,0.062408722945652896,0.07409262596748672,0,500
1.1150633734088902,0.47095917150807387,0.4217908854202382,0.14185764319577746,0.06449641560395164,0.0902504678165049,0,500
0.8631359828623666,0.5363966011099945,0.43958862180595143,0.11852433888458061,0.06152564300353239,0.08055254732403054,0,500
1.1153710679761333,0.39347678935837016,0.31895760461552486,0.13452701979174578,0.06634457209057802,0.12656658973220059,0,500
1.0599564629538458,0.4979865655179543,0.579383405580727,0.16227093384521038,0.07395229949327473,0.07391577459108109,0,500
0.9523876060193421,0.45591980661570686,0.5627149824221903,0.17131982428177916,0.08936125474421774,0.12636828392973026,0,500
1.0609550428155339,0.423998137009289,0.4009722149047387,0.13644551081767067,0.06970771259422368,0.12149601530515039,0,500
0.978827216330731,0.44533819714223843,0.2362663434315069,0.11929324667845409,0.06107198693116166,0.12587826166216423,0,500
1.3374737717530996,0.27060475892721353,0.1373442321999081,0.13606537105795796,0.0658688668931336,0.2000566193279381,0,500
0.662191984918295,0.6811199550252368,0.6287860017386443,0.13596348046443107,0.06190886941235234,0.05512789514777641,0,500
0.8905459798708959,0.5233505503124434,0.4668040861439809,0.14512522011834358,0.07260671939187133,0.11683736384003572,0,500
1.0830171581113284,0.41503694543188846,0.32898323014995434,0.12606051284382822,0.06196826585733177,0.09910177558072852,0,500
1.0428031372853923,0.4689774477455032,0.5781257715326287,0.16075046799571874,0.07991064340069708,0.09626574701239468,0,500
1.0282215694032422,0.48261645274737097,0.4530050432487776,0.1426130425530157,0.06616237310180699,0.08490173890818897,0,500
1.0857947592289279,0.4607716203085137,0.3495157944274203,0.142081767371246,0.06469371739459769,0.11164880530525995,0,500
1.2320777451653344,0.44641947836776685,0.318721500478412,0.16649765390882879,0.06738284391008632,0.126444028676386,0,500
0.9081775957881114,0.5331422397000168,0.4595397539284909,0.13385353739230055,0.06516778501050426,0.08686141158320301,0,500
1.1992968642644108,0.4755999971142508,0.5156880349685478,0.16889483452666168,0.07500919300156815,0.10525276162988192,0,500
1.0137000697604255,0.5040428556931262,0.581876229886062,0.1593957977196509,0.0769246425492567,0.08937460591217042,0,500
0.9785887920441889,0.4857225915690145,0.4503497469575707,0.14095337411996398,0.06851653605680831,0.09827385144679765,0,500
1.1436244199812877,0.4552857601628001,0.5173293979433937,0.19253251948605363,0.08741366639613989,0.1428956649871699,0,500
0.8865943057805007,0.5714438605553621,0.6147082440677157,0.1496736323483321,0.07226581371948901,0.0723670761326718,0,500
1.1900645715210239,0.3944673393408101,0.43259847518583194,0.1457550068031732,0.07098475687012781,0.11679642951119079,0,500
0.9522487813747957,0.5023777965312448,0.5707092572358126,0.15072443753884912,0.07529675030290126,0.0861126797854595,0,500
1.1321882467775253,0.3806153345770266,0.21748472521293857,0.13354339095689885,0.06518912265443244,0.1508095617277855,0,500
1.0223642361503287,0.4423823696228611,0.4009060343217224,0.15149144401906592,0.07367293255624979,0.12597497942967234,0,500
1.148636138562795,0.42553796099631086,0.3509028764759823,0.14513514974786434,0.06800437440032608,0.13146631091545488,0,500
1.312710094621175,0.36983334681625724,0.48278974137053016,0.19838849107117423,0.0881678940288174,0.16316048176105694,0,500
1.1179941722270132,0.44022770358165225,0.4505282327964128,0.1490383699013342,0.0699727358971594,0.10178818922249913,0,500
0.9778504473810721,0.48771502630110536,0.5734948339461668,0.18622432660238325,0.09104401603880083,0.13367391165726059,0,500
0.8918151792945397,0.5739243641712709,0.5711518238480284,0.1500379222253123,0.06903825764605748,0.07480630907706994,0,500
0.8028152797681422,0.6034592972052777,0.6685909311352284,0.17010890721027996,0.08024891391996104,0.07681331363361271,0,500
1.3395381307082752,0.2963492420769558,0.3777811225880405,0.15731211351368793,0.07759785217449064,0.18426639751444848,0,500
0.6280031822011152,0.6477103058267486,0.7024883696430865,0.13297456418103548,0.0720646277212617,0.05908953349526564,0,500
1.0884082053399775,0.4687210968646121,0.3552808813323802,0.13531717440110827,0.06169168558673477,0.0985279100913024,0,500
1.1499248778017248,0.4197254207517651,0.5168771943444519,0.1482736687074089,0.07381564136516702,0.09695561146304356,0,500
1.0157604072352504,0.4127011746722203,0.35601330652620683,0.13415229209430415,0.06822128384181722,0.11821535058127991,0,500
1.0951138614381788,0.5312268903197613,0.45615673016798225,0.14975838621536816,0.06242399983045914,0.08148786679185198,0,500
1.0952540942016684,0.4395735841519426,0.5111534358421536,0.1611914596932618,0.07772187527436111,0.11168703993775123,0,500
0.9755815262771206,0.479822530922983,0.5086882066781118,0.14344915579039597,0.07288965232927912,0.0997523283367533,0,500
0.7194513814292832,0.6199818734801633,0.6869562256629329,0.15781375010924495,0.07909337093730645,0.06916799868019854,0,500
1.1962554396612792,0.3980021047707123,0.33876658429701206,0.14027378955976302,0.06612854440202133,0.12308323083518022,0,500
0.8338110593667523,0.5755634676597077,0.4723759617897812,0.13136151257849554,0.06238664898030615,0.07794799031156227,0,500
1.1337546278159893,0.45468806806041295,0.4048927634954607,0.14758433107482077,0.06963182292847836,0.11737865411904537,0,500
1.1408663036497464,0.4049150461581283,0.3150773219799003,0.14653930991960473,0.07414903398146543,0.17572033784313454,0,500
1.028573450572893,0.49267825672792687,0.5650278204026751,0.16436230024809348,0.0777514944347961,0.0939736321362361,0,500
1.0118252440036373,0.44163694833112455,0.49566925384801136,0.15851284963997722,0.08004604163676064,0.12070501684057268,0,500
0.985508057242585,0.472185247086354,0.37168357377930994,0.12281204543646437,0.06320033544038837,0.10488419029099327,0,500
0.8208793872590626,0.5196607302465539,0.5567785547501801,0.14789823387247208,0.08133092478605747,0.11349938635069429,0,500
1.0566093722304175,0.4798802802211346,0.5499080661369016,0.1711937586405664,0.07777098276789138,0.09134127239203015,0,500
1.183028559072117,0.3960114431713669,0.4207537576627044,0.15938835147541833,0.07396651217546983,0.1237598419294592,0,500
0.9840343618880877,0.46798741185160597,0.511155584667215,0.14878674623507276,0.07714780721944087,0.1155340834339832,0,500
1.1009187589635172,0.41771736013056127,0.5264566872601211,0.15218278503996652,0.07647021546951359,0.10144830316991134,0,500
0.8617044952164071,0.621193468678484,0.6418508738290759,0.17143888637032167,0.07346386328296707,0.07313915365713244,0,500
1.2434086198472738,0.39792566848387784,0.4158246156314165,0.14247585586788633,0.06602060890682854,0.0961329928813915,0,500
0.9444286125779185,0.5705098961866732,0.4495163232506607,0.15449615748266593,0.06737901211707344,0.10843215472581398,0,500
1.0468392455999203,0.5398471859668253,0.4089447401564049,0.1451509327250815,0.0618457264594715,0.09520982798548244,0,500
1.0058008706368577,0.5109603439899996,0.37701455626701547,0.1364148600721054,0.06344678513453954,0.10199878535297499,0,500
0.9086497140271093,0.5603948736846334,0.5191310981707826,0.13516814966698382,0.06382359935309144,0.07090105011563587,0,500
1.0812452067179077,0.5180240717335897,0.5212690703535484,0.16596271248396635,0.07209255337695634,0.09638902535494097,0,500
1.2118537286652902,0.45285321364503694,0.33203043802409765,0.15652345882988586,0.0674499219016121,0.1364857808759548,0,500
0.9717819204394368,0.5081185544677678,0.501312903743747,0.16459103779076306,0.07419468310631826,0.09288832243606185,0,500
0.6941139050965127,0.6256567843700143,0.5646695437190332,0.1286920402528159,0.06502882285445705,0.0713045331171319,0,500
1.2943134488617283,0.3649965012027484,0.3552939798578621,0.14600071668192888,0.06984580199499937,0.1437916854192042,0,500
1.086674455103348,0.477385942062545,0.34551198886302686,0.14722528102869964,0.06629918684400848,0.12319143507306299,0,500
1.0567849039413275,0.45510472364574717,0.3647168889946309,0.14016439599419725,0.06691692347068753,0.12188541057795217,0,500
1.1231710916924427,0.42962089856311675,0.39824117727394326,0.13683720336899297,0.06767631967034372,0.11601032083239808,0,500
1.2632665336134348,0.3408965830055909,0.6297586184773527,0.18470596618239726,0.09270828290117843,0.11977433489785413,0,500
1.0899362455052644,0.45819938468055216,0.3705813786712422,0.14187329159128326,0.06540201408441722,0.10978538885329779,0,500
0.9649663551213323,0.5102567226398954,0.7307920988723278,0.21610147150677372,0.1058217754729444,0.09927298961475245,0,500
1.041878916048747,0.47293072954574017,0.4807659315069128,0.15356397590609053,0.0725891560848111,0.10753000761888483,0,500
1.0269301237133044,0.4774350640548607,0.4673515349550712,0.1516707013378901,0.07207745740536879,0.10835500004223594,0,500
1.0813621036645742,0.4691545953092139,0.4675408860355156,0.15069906936539632,0.07293987162555113,0.11700123328011064,0,500
0.6682073317740197,0.6385320398272547,0.6522600600636544,0.15464596024471772,0.07771135674238103,0.07809545215888927,0,500
0.9154558740922435,0.5145007427184982,0.45248177956957814,0.1353553338741504,0.0664676861251658,0.09150816803976303,0,500
1.185531460713685,0.3942766577478924,0.3858799840321984,0.1408940442401389,0.06617008413633099,0.1002027908539085,0,500
1.183672417189821,0.3958358833568839,0.46138118343115075,0.1780146599844445,0.08429884488147539,0.15948808213693416,0,500
1.332948242728925,0.3123531134907622,0.37423568444695354,0.13843461745359426,0.06775739794137438,0.12717624081552786,0,500
0.9965264154622587,0.48269971990777694,0.5423989292959478,0.14843473668782572,0.0743628400635668,0.08385818380084711,0,500
1.0058281699741085,0.4738377439922316,0.30234184405716585,0.12906331256045472,0.06004745770926287,0.09751757165023527,0,500
0.9131278729062996,0.5544776848281862,0.45620065105359014,0.13920654625834206,0.06432368516750855,0.09229940873013519,0,500
0.9532462932761573,0.5360198832342814,0.45857888753563747,0.14331832940570605,0.06527003062027419,0.08990283577645296,0,500
1.2963921073244642,0.4265073230495087,0.46713087407659526,0.15539399912544102,0.06845918801024256,0.09324206995588147,0,500
1.1116548425126256,0.4496937630854864,0.37135419100392353,0.1398680499937045,0.06566175131419083,0.11562708877915998,0,500
0.8611714661627147,0.5986528673391522,0.51187349158368,0.13660300952679222,0.06256545180218108,0.07605977521227623,0,500
1.06609104904887,0.534637123102414,0.5974486138501424,0.1695455892795221,0.07278450067311744,0.07537969309728418,0,500
0.901023632639941,0.468505778449445,0.44036376353548806,0.11818185479247276,0.06675699533511857,0.09805903956967747,0,500
1.1441661099167602,0.49492217448525266,0.41443141333581673,0.15170447364694112,0.06621094411872794,0.10741040429184158,0,500
1.037917260514156,0.4832216934223067,0.4424314316898728,0.13262336399174932,0.0647269043193624,0.09244078613278056,0,500
1.0610572597519263,0.5264266167252645,0.37816559707040526,0.1379186848651054,0.05984827950340649,0.0929587217693721,0,500
0.9770233641664543,0.4871679446694801,0.4301967367287718,0.14362294458404729,0.07079466457618336,0.1202603655467678,0,500
0.9942934659500788,0.5018477195629616,0.4750121172242624,0.13930258640701995,0.06644257698293102,0.09056922634009798,0,500
0.9172200792076175,0.4976783089549951,0.6423337099886033,0.15216444214253294,0.08422499330718676,0.08692338036269205,0,500
0.9497221280715324,0.4945939736982204,0.5232602574430579,0.145183645669647,0.07544880470041529,0.10493425361741465,0,500
1.2925308144338459,0.31012092479308545,0.27874249249539884,0.16001509717866233,0.07621550136517827,0.19581364265719858,0,500
1.0769154106539371,0.43430901053548104,0.5242741874152456,0.1670334277365583,0.07886369591974594,0.09613297825828122,0,500
1.224097228084382,0.41094879112468674,0.31714820984972936,0.14592601332597982,0.06453972149011808,0.11834986778438303,0,500
1.1957925103362061,0.4426759123207723,0.5326375284786462,0.17285312672604683,0.07565985539691915,0.09217506878747135,0,500
1.1645836009017585,0.43279934997591196,0.45679891977184023,0.16073884528892915,0.07306953553036093,0.10451328255311386,0,500
1.1864187571190064,0.39248624608328636,0.28510764062918204,0.13806842154193485,0.0652905818668851,0.13388263531784544,0,500
0.9531500974968206,0.49410726640098124,0.5551719856074055,0.16529382187525263,0.079668814360631,0.09563547184474752,0,500
1.0941692961220966,0.4489359402359504,0.35281370219249436,0.12597757138072238,0.06172566626142537,0.10050249951108468,0,500
1.253252944968067,0.39592998088190273,0.392940400158525,0.15069297070295243,0.06657743777637297,0.09890367039785322,0,500
0.9178605618659289,0.5399624113931197,0.4837852922790651,0.14124992819961163,0.06657544977746971,0.08643428655732657,0,500
1.1283601740433673,0.46259047121175567,0.4404242645178905,0.15067742390290248,0.06801522283487986,0.1028171332602347,0,500
1.005957803673994,0.5440719602859255,0.49855825492667777,0.1444283185123985,0.06471145309448532,0.08077969067298711,0,500
1.1604563064941964,0.3855946978916245,0.2623527395810321,0.13431306539276988,0.0666734894041554,0.1574563219801057,0,500
1.0846349062243852,0.4940394059343769,0.412720765072858,0.1643179039342999,0.07275934983488565,0.13591505241537835,0,500
0.9890459079153241,0.5199154506581614,0.539955021798353,0.1633331205493697,0.07370324610541092,0.0887646906627573,0,500
1.2294046271843142,0.4218820024363766,0.5225963049670399,0.1803891243933893,0.08003249716524449,0.11468071245205018,0,500
0.7538973516869416,0.604450883845303,0.6239233214076338,0.1387246472299578,0.07321389948205423,0.07799693229601386,0,500
1.0859592165442382,0.49253224551483815,0.35631362166242986,0.15803228857585008,0.06946480037656672,0.13918223789370995,0,500
0.8013994015232002,0.5723575235179983,0.5832869194018238,0.15883793507745408,0.077511853040635,0.08925416256712743,0,500
1.2384079217175166,0.3678857299177622,0.5593597070516768,0.15285649462359177,0.07721743541785987,0.0909955118071895,0,500
0.8036971248208442,0.5443344962716331,0.3944434335421074,0.12197313082918261,0.06336402385155472,0.10230107204195561,0,500
1.2541271718060596,0.4573766169998783,0.3384421777872993,0.13763270171170305,0.059555464081215155,0.09447099402430716,0,500
1.1563712748347421,0.48049280050693766,0.4315778298453311,0.14756120815379623,0.06273740259175352,0.07841837913406781,0,500
1.1342960281801648,0.36603077427802855,0.29841992657067085,0.135175417414112,0.0694133287286227,0.1551849389528429,0,500
0.892737840873698,0.5438226905805827,0.3596879427382623,0.12485805473898755,0.058347768057541986,0.08871601771796966,0,500
0.992718183616433,0.4214668072519449,0.20492793449451455,0.1260263427780349,0.06510850641064593,0.15168174540218593,0,500
1.2797393236578476,0.3920861811626877,0.17154339858402248,0.1260549777510789,0.05736506553902665,0.12863232384929882,0,500
0.9423758911027492,0.5271810807812629,0.4840550321916716,0.1476523457229912,0.07006409789418498,0.10201725837466986,0,500
1.0296039671586787,0.4666558501966838,0.5931371488332515,0.15453723740816164,0.07821828686649548,0.09320761273695438,0,500
1.088313687864435,0.4795276798371644,0.4381779335398262,0.16535625015192118,0.07069441283985031,0.09916681514147785,0,500
0.6130993627638311,0.6606117699659418,0.5810786166746106,0.1492248837740641,0.07553019432382775,0.10078257191290527,0,500
0.8124020896480086,0.6100695132344147,0.689366328056074,0.17287687405865232,0.08252140353603944,0.0787162335346814,0,500
1.1929414695655143,0.48419058167126733,0.44523162517944737,0.15679982279717497,0.06849752986074265,0.10573457236703832,0,500
0.7553960094286768,0.6257613825474795,0.4831740521372915,0.12246347307962598,0.057701507673311773,0.06797105942782232,0,500
0.9407371411110341,0.5283727296991502,0.4200386692183139,0.13429859253014512,0.06436196819838541,0.10160047150923406,0,500
0.9369854521697287,0.48240457095362016,0.487746939588519,0.12684441434732213,0.06597850806185668,0.0831856149876265,0,500
1.0843063381338511,0.437395634902356,0.44816377457732676,0.1568399933272921,0.07443954465651277,0.11569431633983664,0,500
1.0764894547479553,0.45130971323485847,0.5604772417538882,0.16064341154262937,0.0804870982947901,0.10851084993505566,0,500
0.717036520058406,0.5927197129490185,0.618468218685656,0.13672036852700006,0.07332189960975893,0.07543701487516795,0,500
1.3377933156883437,0.3725222683153709,0.4168511764864236,0.15116913734917747,0.06806007116322452,0.10861194386360618,0,500
0.8004112292293164,0.6219001199150525,0.6600069684741678,0.1754626742287306,0.08118679754157139,0.08845272618189205,0,500
0.9898642839452212,0.5341109657957619,0.5739423581189618,0.1568160409271763,0.07014983169173365,0.07162488304123156,0,500
1.1829027738040443,0.4059757155733692,0.29869861046063095,0.1385803332414099,0.06514504855427905,0.13357647992411562,0,500
0.9646612459881634,0.511480154159768,0.5342689372720019,0.14665601530997452,0.06927129460324591,0.07349878276080832,0,500
1.3858399832435553,0.3804391452817581,0.2939136771418742,0.150329459520032,0.06339353411570839,0.12621571647495541,0,500
1.2406047547848287,0.3825968961505434,0.32888422444074145,0.15768131700271343,0.07637307770313592,0.18427433566793022,0,500
1.0166150363212776,0.48928257607048004,0.5371256987331704,0.16431396745467144,0.08105967726427195,0.11696633179356067,0,500
0.9505878006865881,0.49985702395805737,0.5567593708733837,0.14262432356733556,0.07246908564458686,0.08504782177735,0,500
1.1757636181347602,0.4163058638841733,0.45833635469760586,0.15914778217285572,0.0742861134225567,0.11868200354673288,0,500
1.148056649158303,0.431048751906703,0.47892728012053554,0.15322221724574855,0.07095811886868568,0.09334465898364679,0,500
0.8591480479738863,0.5053524642474567,0.5760661773007665,0.14252425729323584,0.07776075069350874,0.09325139271083187,0,500
1.1935824748957955,0.39613683742742295,0.43098976588627846,0.15269140409651105,0.0737837847886623,0.1307588482877777,0,500
1.018040561574644,0.4704876549132324,0.5213296447378098,0.14936099895896923,0.07419950569470303,0.0992227703303072,0,500
1.0137732353738105,0.4269247225599625,0.6140283718812094,0.17752816331427165,0.09192492190220297,0.10388220284268536,0,500
1.077623021227104,0.45798970242004094,0.5619322637368709,0.15594201595910864,0.07602210441251125,0.09121242311543251,0,500
0.8226191358879792,0.5876828150113995,0.5107425451031888,0.14163621050636382,0.06546631545433484,0.07959771710652326,0,500
1.021808104762387,0.4922584306331039,0.45918333587683735,0.13642347883080685,0.06463896184327063,0.08267953045890691,0,500
0.6596756394339954,0.6178202862957998,0.587624800301212,0.12762903151372093,0.06804728297464305,0.06452884343018164,0,500
0.9120897158530935,0.574861098958235,0.4495917997586581,0.1343269464042762,0.060102430724250144,0.07960463577613726,0,500
1.3363368642015072,0.3766258861948889,0.38036783812208735,0.1488876969421121,0.06660188830543919,0.11336464166981564,0,500
0.948454844021611,0.5684258599835883,0.5263037283279632,0.15329472815933656,0.06706779919255998,0.08162905857176037,0,500
1.101476097033243,0.5014114264739435,0.5249806132798447,0.15990574247928321,0.0745337564280109,0.10327019783524186,0,500
1.1387083888701486,0.44348519479772003,0.46122840181537617,0.1513280122143609,0.07186397433631625,0.11101022400333639,0,500
0.9884536537976131,0.5145575749636746,0.4207002035096574,0.1370211854743747,0.06325597546636069,0.08909208738009504,0,500
1.255292530582173,0.38239503399903646,0.5043891764942353,0.1837158808169948,0.0824447009630234,0.12315242467402329,0,500
1.1348728222690816,0.34985837545304105,0.3224922300081082,0.13255225672937496,0.07263514033039144,0.17123769203300077,0,500
0.9718448291536023,0.5342463782634536,0.43071566351183244,0.13911799264179722,0.06199345518588484,0.08287843964899373,0,500
0.8185974300500007,0.5910505167261713,0.5506531204914885,0.1471181309868497,0.0701525954980635,0.0911362690675678,0,500
0.877751741443014,0.5684821648910205,0.5729576581449567,0.14909602898828792,0.07023129680941413,0.07693825672773479,0,500
0.8320868749987469,0.5879706015357914,0.521141571286113,0.1462473793582661,0.06787799444055453,0.08852530415454656,0,500
1.0729622585142826,0.44363187933448073,0.6269804053418657,0.16816172210356276,0.0857200491783567,0.09704351093439119,0,500
0.9858003269824193,0.5588435347392801,0.5746989403830507,0.17339397194016273,0.0754403709715183,0.0928933183353066,0,500
1.0677885441138033,0.4525383214939496,0.35784444242422625,0.13163387775134167,0.0632192704003835,0.10470030179748048,0,500
0.8266634812752861,0.5543779044371391,0.5618349362371498,0.15193313351608442,0.07776691332401307,0.10432287917684017,0,500
1.0452126732515352,0.4071276452610743,0.6326203919243139,0.18932865351657213,0.09993923412540587,0.12606191567171293,0,500
1.116163344478441,0.4439364604431278,0.5653834137086713,0.1561690778602888,0.07712123853693781,0.09278462796129307,0,500
1.1719562144893139,0.4677726715372857,0.408223882871016,0.16019681962149615,0.0690492126493842,0.11884809100260033,0,500
0.9066948186850531,0.5193916888008308,0.5218852249951214,0.13769355665236208,0.06914937688075724,0.08270822649353582,0,500
0.9728502292368503,0.48361684162625224,0.33137155713844746,0.12416074319466408,0.05981078800018735,0.09564937215127337,0,500
1.296789249865672,0.43826627969365484,0.3948004606755447,0.17130539222173247,0.07335282996031658,0.14437426145304252,0,500
0.8962259696907899,0.5253527403021315,0.45395378581528206,0.13118560804209325,0.06591881833858675,0.0979984298310813,0,500
1.147085460608453,0.4628136621940264,0.5152117597975711,0.15612243102049558,0.07150685002030961,0.09335366147752337,0,500
1.1267483318959177,0.4095271651743676,0.3804824989124349,0.14056989606181672,0.06870567282966218,0.12086826714313478,0,500
1.1737993130760949,0.4596836980093991,0.523766741234166,0.16029787823215205,0.07127234056337574,0.08487568062629651,0,500
1.0854308402900579,0.4542665784753609,0.4213488304594489,0.1415313356901742,0.0665872457351978,0.0981873457411184,0,500
0.8989516200200229,0.539591149639431,0.4958729932889134,0.13283494697081977,0.06588144157654918,0.08268397076205185,0,500
1.1656606783921513,0.4471989994100807,0.3331567494898443,0.14121743783648197,0.06299641711952873,0.11279860496543108,0,500
0.9124500282627888,0.5360786060742265,0.41570453094317955,0.12764715255336956,0.05974420755661847,0.07576057368962913,0,500
1.0289865031034717,0.4907709988002124,0.5756577562994432,0.16637099853580906,0.0781276983793981,0.09233259132116992,0,500
1.0210483433424893,0.5122746524329144,0.5403396915094733,0.15270479780626087,0.0692280001692037,0.072775629105786,0,500
0.9952987012330897,0.505116411215761,0.5230585675981773,0.16686879969787471,0.08288560180909808,0.13382318201434248,0,500
1.3285992204159032,0.31431837827145975,0.3095945779121586,0.13832058648547885,0.06617573412486229,0.13917417347968586,0,500
1.3330634187680215,0.36013431811478097,0.41175789880610497,0.15692877185294377,0.07229796656943475,0.13285257870172404,0,500
0.8583004918756084,0.5297330772157665,0.42991131389381954,0.12844898075640337,0.06434241322146622,0.09102137630747273,0,500
1.1945175518718092,0.42938072545037104,0.360976700914681,0.14152397200963973,0.06583259977854101,0.11910593619009316,0,500
1.2593015277997968,0.3899194298894777,0.51469465852191,0.18831224973618063,0.08813108390687388,0.1568561452690047,0,500
0.858470684990258,0.519402789285703,0.4624743097499994,0.12841034934917625,0.06505394355499036,0.07552001468179209,0,500
0.8225991154068459,0.5697818342180296,0.5407813195989618,0.1408942780498188,0.06904153508885792,0.08238163021203862,0,500
1.2405609871923486,0.3836829986638838,0.3840677900209197,0.138937068152835,0.06650398345273494,0.11318595442323165,0,500
0.9419551811388047,0.5430439645385968,0.48062989795145744,0.13706455580550286,0.06394056466066882,0.0813484452800987,0,500
0.8702178364560635,0.5433756449532119,0.5006553114618927,0.14263061805727248,0.07091672141239354,0.10166899170172183,0,500
1.0809081136831744,0.44107096235506,0.40459286721903,0.142138109130664,0.07083785442882176,0.12758305992526794,0,500
1.3728755983152443,0.24257067726602555,0.4540370190853408,0.16640224143759874,0.08638646083900674,0.2132253879996166,0,500
0.7692587058687592,0.5966470332829003,0.6417732960203056,0.14113979887200118,0.07130006759514423,0.06344846247188259,0,500
0.8607437830689613,0.5621281756850441,0.6057866799392967,0.16690716539380598,0.07805432334777884,0.08078338339414347,0,500
0.8735395781738472,0.5572877086861175,0.5220535604889249,0.137627094542297,0.06697325116524752,0.08128980306230996,0,500
1.1234520175812355,0.44365315470501143,0.44944552687140876,0.15006819436803354,0.0690272338874878,0.10451421714841636,0,500
0.9555066670360651,0.5215782831617095,0.3729015878863391,0.12337992024954064,0.05781436232060282,0.08092979500325265,0,500
0.9077439860061524,0.5829834129953306,0.4211349290279144,0.1433667011137956,0.062095838239738785,0.09913808741167661,0,500
0.9483595072960541,0.47262678843629125,0.5176732200175571,0.14262386375670505,0.0726470119431932,0.08578837062095511,0,500
0.8587766717368873,0.5439409998178916,0.5766317420077118,0.14996908122231617,0.07711602771097577,0.09174722646918719,0,500
1.1130881429959076,0.4406254851173773,0.42516393395024427,0.14482307415604598,0.06904313180633577,0.10964329361005433,0,500
0.9904414077144041,0.546539591702299,0.6719953783267102,0.18256988815465586,0.08822407896176042,0.08582624892943867,0,500
1.0724893181660837,0.542119870005491,0.5382340272360597,0.16091197044571615,0.06784215442046883,0.07693693092569916,0,500
0.8144156105045445,0.5751815818408538,0.6401711744216804,0.15332152842524194,0.0775753768956603,0.08009384159540467,0,500
0.854615237405645,0.5383307653776109,0.47397270134176017,0.12351351384191121,0.064256908014892,0.08363767846206487,0,500
1.117226148692157,0.34444812991077367,0.4964548676364349,0.1583371669618023,0.08428025227932835,0.1381319783801837,0,500
0.7503486647870182,0.609961741002325,0.5648369207493589,0.13436639046240273,0.06540330860619176,0.06674248484765433,0,500
1.1939415854027822,0.46456549285257626,0.46764259099433064,0.17055751475957226,0.07113537876154397,0.10168950972065939,0,500
1.2082435523006536,0.4840855106742937,0.3233543946756563,0.1529724290234197,0.061841014773186424,0.09937222508290695,0,500
1.5130004023511165,0.2853643335086307,0.27882198679732517,0.15781470045339177,0.0691509473981288,0.17607133879032377,0,500
0.6882946847107495,0.5919089765684966,0.5351108860430667,0.12122552585355766,0.06565919553880539,0.07125342318419538,0,500
0.748517508265765,0.5663679963306573,0.5400020810851699,0.13780462847330505,0.07237681868530774,0.08786979305496881,0,500
1.1422796273736051,0.47926150334080553,0.5786414232754095,0.17471621859387884,0.07882805113447072,0.09442884870346452,0,500
1.2174094208989865,0.4147948357020492,0.28129579000696636,0.1506974960104707,0.06689346311536826,0.14758870467302435,0,500
1.038783064388248,0.47207137572922026,0.40778021113977914,0.144097750186319,0.06771502934605542,0.10963072418575999,0,500
0.9710930603061358,0.5244371313154181,0.47887551190740413,0.13686370212002827,0.06515960005592678,0.08400644384419845,0,500
1.139691636757866,0.4567749077042295,0.41638170161044447,0.15922664163822595,0.06962432351666267,0.10835893903019739,0,500
1.095350111921881,0.4294112232136615,0.37482998423024155,0.13318627300526284,0.0657704837338338,0.11244728294852853,0,500
1.1452277794224581,0.45023237544682837,0.4344369061147468,0.15292405887906338,0.07108776147703605,0.1201965280186185,0,500
0.9528261450530545,0.51995749933976,0.5037676381381035,0.156898219219227,0.07318911349432107,0.10056863383893598,0,500
0.8997570112394093,0.4903021467967133,0.5123232752047712,0.13746869669558695,0.07405930678467013,0.10395316013564004,0,500
1.1505918061162852,0.33737178797584644,0.35066582987767136,0.14027585895923111,0.07230018629378251,0.14397811181636702,0,500
1.1197373717876693,0.4568115191091373,0.3785658269559495,0.14284469460663782,0.06639128339950096,0.11696378306899782,0,500
0.8687587001918581,0.5835612033072953,0.6354025560194841,0.17558985659009504,0.08296402495338845,0.0932417600956795,0,500
0.737978054877638,0.6567161279459758,0.6827876687944109,0.15780296114182824,0.07019746505537891,0.06065761138343635,0,500
0.9396181004402908,0.540897220493468,0.6300199159192414,0.15971158602343047,0.07498684131661389,0.06764515058047908,0,500
0.9579734527403428,0.5318962837644875,0.48473385216397286,0.1471723519342463,0.06672447401087282,0.08307047674579292,0,500
0.9438050178194434,0.4911431157794525,0.37801117590282807,0.12163197601456097,0.061984025896239456,0.0964682109672651,0,500
1.0700717607378998,0.4718394149119444,0.48497735300942924,0.1549946901473095,0.07135964004878981,0.09797766396211884,0,500
0.8627665093407012,0.5748866424447259,0.5906532752477105,0.14570741263455161,0.06950358725593904,0.07343627086675776,0,500
0.9723826357122429,0.47932058816993395,0.42357222353777035,0.14141515820096587,0.06928206184505627,0.10884448354617775,0,500
1.1646356770809723,0.4871807087699985,0.6053885214156434,0.2099484041734587,0.0878446599710528,0.10895563875772198,0,500
1.0410564447213002,0.5240555714355996,0.42397550030739845,0.1370076642497579,0.061939333675871275,0.08765931161674795,0,500
1.334212013885958,0.4084213833039345,0.4502123445971491,0.1654460299325615,0.06908389636589395,0.09713080579720276,0,500
1.0493163067896263,0.45991305175763825,0.3613729743963399,0.13619534365247005,0.06461614158877652,0.11635249502984707,0,500
1.0870198947701526,0.4687431237525246,0.42518925390511675,0.14225179404549837,0.065783675231899,0.09600439246428952,0,500
1.4807193567615713,0.34294792805530483,0.17809747729304815,0.14340073232986628,0.062331181089145,0.16526409428523053,0,500
1.163025775114585,0.3726833981385447,0.40251426537463714,0.15484405031533705,0.07868214223138568,0.1660205326987424,0,500
1.2639776092962023,0.3770377902710513,0.2289560431041236,0.14243017231577135,0.06416657707158088,0.14635976809114942,0,500
1.3220287545360152,0.38890778716525093,0.2939004735133858,0.16182176255876704,0.07176541637055198,0.17267687763682998,0,500
0.9162669613878666,0.49675897599534924,0.3337543146993591,0.13447156945596098,0.06519475151075499,0.11323575775430533,0,500
1.2420911933391314,0.35316351326789286,0.1777443689129201,0.11912875872239444,0.05713682260834479,0.12366538676466483,0,500
0.9214887122957811,0.5658117672999947,0.5530518353711698,0.14613453267863422,0.06844684938222205,0.0796848563209839,0,500
1.1790603857047588,0.4401304608114686,0.5422217897058292,0.16940321129370575,0.0761383999260854,0.10639141712693728,0,500
0.9492069808078761,0.5224255289899963,0.40396397698466824,0.12488521464125658,0.05920374676576017,0.0783433410203817,0,500
0.9729420718112651,0.5276420481499544,0.5204201689535141,0.1583354584606995,0.07287105514533747,0.10037528962163905,0,500
1.0428499243340543,0.5061385075899218,0.6146519820068734,0.16617666076671972,0.0790422646345035,0.08471590297245384,0,500
1.2856306976509528,0.33881869443959206,0.4965212106391605,0.16373714594169148,0.07914617762655182,0.11214837545836168,0,500
1.2391626589766442,0.45079890951918733,0.5351132040002617,0.17816458821172476,0.07682370571541634,0.10447234272055007,0,500
0.8076761311492636,0.5631003819407278,0.5584808272875691,0.1360634177872113,0.0695831517533107,0.07562482695664967,0,500
0.7996412464032604,0.5434311733568421,0.5404624842184897,0.12607160463529885,0.06845562209701447,0.08040936941237345,0,500
1.1018923700109329,0.41044553455334637,0.4054234297460833,0.15415689805445193,0.07390750204833826,0.12551402637166897,0,500
0.8140672878543023,0.5916716227019815,0.4549604698519501,0.13120628141408464,0.061901632437591086,0.08725672694059237,0,500
1.147592846370916,0.4086152640981691,0.42673884936499923,0.1521263534831706,0.07312190281886621,0.12591116921108558,0,500
1.1447505479922802,0.5003239078887372,0.49578474592022775,0.16393344342621127,0.06908756451583649,0.09165239148368474,0,500
1.0864618272850075,0.5112203120570692,0.5104953950091896,0.17143290382837853,0.07591308653610418,0.1150245215927663,0,500
1.0757758257940917,0.4371444400557044,0.6644087923638303,0.18977668241708945,0.09258741426315045,0.09215109804565444,0,500
0.8258749911376059,0.5774946791138701,0.5743601391977561,0.14356117317580627,0.06940741975506619,0.07447874899214965,0,500
1.0515405829439302,0.44225348109854173,0.5303637663287449,0.14240438733688465,0.07411303030795867,0.09564001338276654,0,500
1.0297498955921849,0.4967788395476783,0.5056563429780394,0.14864971876192515,0.06889466480915778,0.08282471665971214,0,500
0.9460130307377261,0.542226524834763,0.587549359178763,0.1570190869850658,0.0772591993528836,0.09134076048927944,0,500
1.0942140345058662,0.43831652246453284,0.43999659157380727,0.145603702690781,0.07046761407615032,0.10469135094988381,0,500
0.7483734581064734,0.6236973238334208,0.5957958565892277,0.14777859337124002,0.07025622095133771,0.07707769262397074,0,500
1.2775144921709845,0.38948875510537745,0.4786951900661805,0.17459895121951108,0.07981754264790135,0.13744370845729534,0,500
1.3015975451963822,0.2517090471249365,0.28823735072760187,0.12338146021069353,0.06695649277402572,0.1743627365042826,0,500
0.8272902437896613,0.5159963973154467,0.6127542704867537,0.15255199836729472,0.08238939595753968,0.08660695653268137,0,500
0.9155443323008067,0.5614495112680188,0.4173024394224719,0.13006353509320043,0.06091370497860213,0.08735621081615805,0,500
1.0379015976514747,0.4310132748550316,0.4391866640136582,0.12982551163126752,0.06738241194921252,0.09531440974613188,0,500
1.0055195939915411,0.42301495479472995,0.3531206203655829,0.11588290701456277,0.06399795430855917,0.11172722261601255,0,500
1.0103749234302204,0.4563705159661404,0.45022456013179457,0.1497240242569964,0.07200178031332541,0.09797156722884644,0,500
1.2812972597618764,0.4724455404783414,0.4826312550717815,0.17055938146698665,0.06815350281254945,0.08878215670375554,0,500
0.9580127286875763,0.5030739156288502,0.4515456095194153,0.13278859165860582,0.06432473167281721,0.08439016926550967,0,500
0.8472984888993454,0.5671772881330701,0.477551702303457,0.13912903882467823,0.06367385798581401,0.07325282460257475,0,500
0.7744302183432117,0.6041052182889489,0.5449473548722,0.13964804687149937,0.06555476497130514,0.07093813304547938,0,500
0.8908051866391674,0.5029084080545089,0.6209233998357278,0.16736322242299012,0.08774421560662897,0.09787505185243717,0,500
0.8949823403056414,0.5741635414831193,0.6053511737356707,0.1597834591117076,0.07331891767392011,0.07473322546485783,0,500
1.0523431555992357,0.49432515086100126,0.5834885763729614,0.16271526514207582,0.07581468748452803,0.08116585679177843,0,500
1.2129780530505312,0.37805732950316995,0.42091071391351553,0.1464380398173223,0.07099505334142243,0.11977951950998156,0,500
0.9930882408280661,0.5814635405911589,0.6156352747325959,0.17011178577455285,0.0722224038259676,0.07288526843035138,0,500
0.8981039174243072,0.5537882121445606,0.6727292926307025,0.17155564046948504,0.08163126894970953,0.07407788001546038,0,500
1.0388011823379182,0.5136970839733092,0.4855882054067097,0.15819667961017791,0.07199600460183876,0.10474028706598822,0,500
0.9494109522605299,0.5370848954837065,0.5945594507904899,0.17255430129757077,0.07849303551309822,0.08599677584371772,0,500
1.189530536483344,0.4366833222259476,0.4182730602737661,0.15933857425268266,0.07066658553208058,0.11896483182623027,0,500
1.319079424626976,0.40562029845307906,0.4776801960112717,0.18062355326850166,0.08029148857759648,0.1411922303652942,0,500
0.9857722280941631,0.5183390957049282,0.4433561196654728,0.14661081607500376,0.06719973177371298,0.09105983308962301,0,500
1.2936868218592261,0.3539651406009181,0.33830587932323775,0.14372213384465765,0.06627373154386909,0.12416341952083346,0,500
0.8671085597429572,0.572332075282729,0.5601994297448062,0.14520050161889006,0.06778495560753245,0.0747714455650649,0,500
0.8905383196637272,0.593791755775916,0.6361406695961155,0.16015287694191374,0.0713726508329126,0.0653081159159918,0,500
1.3150861818045192,0.3620100170031894,0.15745953929132908,0.11618100193608191,0.05333258040615447,0.10698456188125288,0,500
1.0101460907650095,0.4854921465766431,0.5173478582205295,0.14969400879394024,0.07308129201501459,0.09757353805363625,0,500
1.0031940194990507,0.45785464942010284,0.5475107737996469,0.14449384084516026,0.07634870760933145,0.09765919010564342,0,500
1.1547409603285526,0.402758467795426,0.284517720979096,0.13459817795466036,0.06404258639105537,0.1321766291149953,0,500
0.9916223667869053,0.509228801008472,0.607719742718585,0.20546890925326108,0.09354744262407397,0.11831278674412884,0,500
0.7475045519283697,0.5532451376183237,0.6623348881144145,0.18427623479243826,0.10125501107957123,0.10986963755932475,0,500
0.97580398924263,0.4846831716290839,0.5642256319267728,0.1713393624032097,0.08477883762527726,0.11614050052505868,0,500
1.0246510889075802,0.434148286256173,0.4464234798251637,0.13073758716742845,0.06979849262042379,0.10653130638953395,0,500
1.1880912543895616,0.351814046769447,0.3992066380848825,0.14181123544822655,0.07183162917286794,0.1301839105225117,0,500
0.9615908065982326,0.5336350218458789,0.21945726779231955,0.11205720705610245,0.05043054383935014,0.08288745487866438,0,500
0.7493568234849706,0.5960024158706873,0.6719815041627859,0.1623599251231602,0.08209307792932802,0.07760215719251067,0,500
1.173191340440935,0.40268426954656705,0.3701004931258065,0.13073638208682006,0.0641879775584026,0.10495721988407544,0,500
0.7717235011638666,0.5844845457210804,0.6405434848261395,0.14648778881921634,0.07478955477425045,0.06911802554518096,0,500
1.1993895412989712,0.4590320045371354,0.44005504856677613,0.1706392980102616,0.07284756188112083,0.1218807904150543,0,500
0.777996931538787,0.6336754832656896,0.5752890612196792,0.14076625220711006,0.06391417669768272,0.06625512388896339,0,500
1.0454319455733243,0.44774416858795724,0.4883262248579652,0.13692756524617758,0.0691831568735752,0.09022154789887124,0,500
1.2967905303315435,0.31586970155868205,0.23474400196851877,0.1362379139012925,0.06583329135461176,0.1630075406031854,0,500
0.738522194879397,0.6339186040014836,0.5751068048601488,0.13195598522234533,0.06215466277696843,0.061646345626934426,0,500
0.814482778867247,0.6297583693635391,0.5563655571428596,0.14194359634307857,0.06275623356924773,0.06869852876531247,0,500
0.9321951614954582,0.5341604376214178,0.40882132563279183,0.14015426223650257,0.06439937989505977,0.10150770532718434,0,500
0.9770405709361057,0.5370278169760553,0.5141869570434177,0.14640367451626893,0.06547358942205259,0.07213418947350166,0,500
0.8677585680436528,0.5228261953290522,0.41038825976232784,0.13078368929390488,0.06766472594368603,0.12041888618563949,0,500
1.2089452907461309,0.47966999759618717,0.4631172915446082,0.15152673991392365,0.06683736391468077,0.09082676987485361,0,500
1.066316690781946,0.45496535720446357,0.4731366051111362,0.15916498152839942,0.07780087093566988,0.13445005227736287,0,500
0.802387866699796,0.5604581394486814,0.6090382143200909,0.13871472100854496,0.07473170247863958,0.08037543043837649,0,500
0.9708226713321796,0.48956527410866313,0.5353848039693931,0.13884473594906113,0.07144673090184744,0.08473341888735567,0,500
1.0123379676644222,0.4907569289674546,0.5016049715640336,0.1467948432976357,0.07236247479896385,0.10216060746422599,0,500
1.134090060226236,0.4561647251227136,0.5330272000001338,0.16110854061693197,0.0729435197267839,0.08718514877164611,0,500
0.8817606761688308,0.5131050923064682,0.5224971738457724,0.14534994019683156,0.0744066283538547,0.09884880607490332,0,500
0.70629326154265,0.6325689858292411,0.5809684583576006,0.13518402340619873,0.06668163258320228,0.07312561862212702,0,500
0.8731214256597954,0.5855297871337812,0.5312958208868346,0.1533445210350539,0.06740723884472678,0.07900291620713233,0,500
0.8948245480298246,0.5823378980460636,0.6397819169560808,0.1747650523786118,0.0818768464700638,0.09135745165214547,0,500
1.2474652976455465,0.37292857691379805,0.46473709151233966,0.1686282618245135,0.08035168454877986,0.14542903275207364,0,500
1.0127757892790104,0.49088869980659,0.38351984388090293,0.1402770144643521,0.06474451141310421,0.1044781604986988,0,500
1.1512002873931215,0.43985149391502226,0.43538881330131485,0.1458363694437681,0.07079431351778175,0.11891555091447659,0,500
0.9546360411933467,0.5289178484761834,0.5053642473893758,0.15147378042998777,0.06964740689512083,0.08872738898610878,0,500
0.8850748429386364,0.5681967983107443,0.5163860107287275,0.1508793347767642,0.0683498892444326,0.08878977282349988,0,500
1.0760262057924619,0.43092142380843584,0.42277031536895054,0.14769917156838566,0.07479655985649514,0.13671662958046638,0,500
0.8980429674112551,0.5060634584127344,0.5889431613559046,0.15450574617230875,0.08098784919531353,0.09625682409131969,0,500
0.9265360212108565,0.5209006525764855,0.5127805813771888,0.1436203165635789,0.06903334570461886,0.08396205573785744,0,500
0.8770173981612285,0.5688363275534282,0.5221769367050465,0.15030423610173962,0.06651023916175582,0.07303730587019552,0,500
0.6380198582984303,0.6779279428864338,0.6504576507778971,0.129253624999388,0.06434206921311096,0.05898996935318015,0,500
1.2301517006101828,0.4058744573811226,0.4069523940176364,0.1409098581820904,0.0670367661724236,0.10757570654584835,0,500
1.140532490023076,0.42919545630544076,0.41308861219041654,0.15575240933200618,0.07228024523683861,0.129252778502219,0,500
1.1578391933787444,0.4377668879502513,0.6209496802223944,0.2055782097560937,0.09857913460357358,0.1284844339802807,0,500
0.7505653268369594,0.6034117099086488,0.6246931609874832,0.1385245308152136,0.07245357636930351,0.07539960513892562,0,500
0.748144938546426,0.5923595268957853,0.5411905366543657,0.12392900793648207,0.06423301475342098,0.07033168982555961,0,500
0.7687011376376052,0.617522498465169,0.6606738528411066,0.14723561210120184,0.07033653551089608,0.05924175536730735,0,500
1.038747899132922,0.4904307636420226,0.5592247772605551,0.1685815386980597,0.08192222288665192,0.11404988736060244,0,500
1.205594387085359,0.35795327924753084,0.19470308031163416,0.14094180518749036,0.06884231996618963,0.1851278992015658,0,500
1.2528002502638107,0.38879277653518396,0.2228065038276184,0.14906076285148206,0.0720756898112697,0.1973868592969716,0,500
0.9377684855523675,0.514825740098032,0.6614311829932635,0.16892395858601247,0.08485040993158592,0.09179438287208216,0,500
0.9718123181368893,0.4910366789530747,0.4176101824157225,0.1361773193563923,0.06962806533252915,0.09752412109768478,0,500
0.8125002412527448,0.6094304404341997,0.49025404069172734,0.1304954990744168,0.06035637480224282,0.07585779903942123,0,500
1.137885018830684,0.47818755956288367,0.5999795125502446,0.1705782928067437,0.077816917066476185,0.08478608288971387,0,500
0.9315287901117714,0.5676135057671748,0.41147896232080594,0.13810533655118726,0.060069110053828575,0.08870956134244007,0,500
0.9645190503746808,0.5572601802525502,0.6188321135315787,0.16033388877753704,0.07330946592147411,0.07389838284601695,0,500
0.887545105686577,0.5455512263520483,0.6193831964259263,0.15057751564677754,0.07655358461151146,0.07678332849304949,0,500
0.9955687629007671,0.42215330399317513,0.559855390083883,0.1520626241675657,0.08120370674485888,0.10020551765029174,0,500
1.119643908064747,0.43349733709823685,0.5319643264465979,0.17058609358842836,0.08196877836535577,0.12197864746876576,0,500
0.8114983807640687,0.5691697921921961,0.4976753568845822,0.13207403712969631,0.06669895057413332,0.094337008658642,0,500
1.0771832952710656,0.5570239285624724,0.568225807907355,0.16448905307254022,0.06797359014130443,0.07001416288481546,0,500
1.0751863930936263,0.4981054138550794,0.429759804588313,0.1424969997823905,0.06350116468434033,0.08693101638639412,0,500
1.0978317754959925,0.4350572989819621,0.507966024632934,0.15548189861447573,0.07481717953596755,0.09939388098177387,0,500
1.1278154174272157,0.48941994143702255,0.5532143401811181,0.18568675095575662,0.0873349420188658,0.13189984816571326,0,500
1.0487026504140127,0.41555126706657813,0.5030382794911694,0.1374278342626174,0.07228379486708933,0.08988778132297699,0,500
0.8634370401646686,0.5853102288766299,0.7262161228718629,0.17600289032357125,0.08330616335207913,0.06744042012500598,0,500
0.9286530637357003,0.560483539770123,0.544779078296923,0.1551289254460245,0.07080782993085108,0.08873311835530397,0,500
0.83951239769936,0.6109463995285637,0.5044635250834025,0.13697804723501858,0.06028932830872222,0.0682397249444507,0,500
0.9745549666478925,0.47465287834658865,0.47786481219618904,0.13469267631039697,0.06899507248422476,0.09436471110523607,0,500
1.2337462465736422,0.40156600959918737,0.36961355577550464,0.1502923132152308,0.07206651991414816,0.14971191239658713,0,500
1.030150833084224,0.5221955058564127,0.5893547661266496,0.16052686420414006,0.07312135454516193,0.07653837270149776,0,500
0.972763702898469,0.47606716142260164,0.6921072868151981,0.21121508658127888,0.10554537908004354,0.1083490682524816,0,500
1.016275577211788,0.5302641270785038,0.4613006999945239,0.14100606514916053,0.06231289471716298,0.07583351251885977,0,500
0.9380899844961184,0.5240781999122065,0.4013128216366823,0.1378184230878601,0.06658360694854058,0.1165566954270239,0,500
0.9255404313517144,0.5320008745029399,0.45263229866736227,0.13964092942881423,0.06623022804187283,0.09659529057268575,0,500
1.1093871483629918,0.41484696301723095,0.4087561175451573,0.14207579621400165,0.06994949655745097,0.11839056275470897,0,500
0.9152330437411361,0.5127345445217902,0.3796200738365912,0.14531685346057416,0.0664684945943029,0.10005987922618541,0,500
1.024862479543001,0.49847486545532577,0.44781150253885793,0.14788390010081084,0.06685378453157162,0.09272600669557352,0,500
1.1130743978408888,0.5327820594131357,0.38222683869081653,0.15258318639338242,0.059741957364648116,0.08765000382652754,0,500
0.8835054330704707,0.5211493476804185,0.4652888769896206,0.12637620369404512,0.06437866287315949,0.08635260356491202,0,500
1.078672494272481,0.43403779213507426,0.4667689878174294,0.17617494129374597,0.08406290885797045,0.14753232700102697,0,500
1.042400243379238,0.49364636302213694,0.6130018583374767,0.17514965560391385,0.08317604560879598,0.09504396260798982,0,500
1.2131989441270357,0.3587179030130046,0.3384190248544056,0.1335727798069872,0.06592101028892376,0.12440165363175451,0,500
0.9182188005957367,0.5430994412872048,0.4376498434203198,0.14494750599421344,0.06686675908284688,0.10599397106619941,0,500
1.1767143334102803,0.38235068449737003,0.5283547394043379,0.16136945995572338,0.08143808050939548,0.12283176102286114,0,500
1.045631179200634,0.4715482090513401,0.605732914038004,0.17827845556694272,0.08622672587594225,0.10504420294330935,0,500
1.1056944078266076,0.47892820056363655,0.4259408834551782,0.1553379584961558,0.07102838661042885,0.12454015771961507,0,500
0.8812187441275322,0.590662946853833,0.47800899177524964,0.1405099194598897,0.06067776832731348,0.07321421517654995,0,500
1.1917252811213346,0.45581741544893606,0.5176521990338785,0.1635047668327646,0.07738115609616385,0.11057095418111779,0,500
0.9338581847241525,0.5139919975392012,0.4419878903558688,0.14911770924428114,0.0687480531016567,0.09226286921113816,0,500
0.8179035934448766,0.5534995704450307,0.4782247473658173,0.129921090431843,0.06551689170634159,0.08545166806366418,0,500
0.963126635846388,0.5797324681451076,0.5584652283776596,0.1555251641047441,0.06548093379200631,0.06611293797785207,0,500
1.0032637257568133,0.5583324625896513,0.5726256477500437,0.16120449064378836,0.06811391982515368,0.06995016251908827,0,500
0.9784779912182229,0.5390883926800502,0.3985693858552111,0.1423263634436553,0.06460478117673236,0.0923246184510515,0,500
1.0340689229589064,0.4464398122221618,0.3270407530718634,0.13529866539062446,0.06552174683690076,0.1198517988948278,0,500
1.2087073286694112,0.4408313227843582,0.3180539678457463,0.15171692278705542,0.06696209354532355,0.1382881218840214,0,500
1.1085858449150519,0.4472385389785215,0.47440218122975275,0.16019927077780574,0.07376857917968044,0.10774718743448963,0,500
1.085544599929517,0.44314242171447976,0.49761555538740576,0.14524133599886851,0.07071307681638637,0.09061477220289796,0,500
1.2091255707561754,0.4266856407314424,0.49365983059367535,0.1570147398015131,0.07337483723674815,0.1061822151303348,0,500
0.9193266954325606,0.5312952263787126,0.5531448774669916,0.14171906167448037,0.07111616976095911,0.08276419601734063,0,500
0.7445032045211898,0.587864876020175,0.6963514007950576,0.2000492224067679,0.10188580560570444,0.0994212326810018,0,500
0.8157822587347461,0.5687304527898575,0.4481533561285701,0.14440832854359184,0.06719691324149837,0.08988706721653826,0,500
0.9716624139311903,0.4916581148326834,0.5667727229567285,0.14649256969915553,0.07523187933271282,0.08884541265577191,0,500
0.9095356833528381,0.481974334203894,0.575592251890964,0.15271914273664128,0.08095772089694156,0.10501917156470914,0,500
0.9764896300734016,0.5074146401310431,0.36173508437132956,0.1285438529912035,0.06095383513926108,0.09857093882633314,0,500
1.0897945427968463,0.3832629101872771,0.5018848462367731,0.14901048398526734,0.07788964131361013,0.10991187596314574,0,500
1.0079730584412636,0.4738142320207078,0.5455894182363732,0.160035885232052,0.08021150222012413,0.11308734648062953,0,500
0.8399467017004465,0.5321399916199111,0.41926532919878795,0.11850695978317367,0.061611553034167564,0.08610616511415566,0,500
0.9527295762821797,0.5062123055397343,0.5076340130315822,0.13937165404478424,0.07127412865431489,0.099489514708244145,0,500
1.0569834492954464,0.43301211038264614,0.4505172600636329,0.1507516548982452,0.0760555926730185,0.13080130557425446,0,500
0.8741888506337707,0.6029811243367453,0.738025744766075,0.20596020945767177,0.09250574613417922,0.08103740359905764,0,500
1.1825865161799056,0.44993174300486755,0.4215611692128884,0.1488459222845772,0.06709249365847571,0.1066751359930699,0,500
1.1321507802728301,0.4649367516402938,0.4478827543584528,0.1421868457838031,0.06624950027848714,0.09250876165208059,0,500
0.7595295218247962,0.5948725790987561,0.6365446395789706,0.15003489913261359,0.07678340140699547,0.07961315871912203,0,500
0.9970338319779211,0.5097152218929303,0.4303460843381356,0.15072825187696678,0.06686014081912102,0.09484576379385314,0,500
1.0188679117715853,0.45134742544821416,0.5311183096027859,0.1524265505187748,0.07741409237511403,0.1053525825163189,0,500
1.0293853586758177,0.3694194672252911,0.1416562182056044,0.11142981849109712,0.061058141060408036,0.15292504979654495,0,500
0.8041472956652145,0.5749604129647523,0.5859385954980426,0.13757432708167242,0.06989255027078413,0.07993559985875309,0,500
1.0659159589821907,0.5071707021086862,0.40451559144047494,0.14034452620311003,0.06307434381947663,0.098196380871203,0,500
0.93747442320562,0.5510766433418357,0.5514925114432777,0.16373575546739846,0.07483840303727775,0.09773151282099951,0,500
0.9886503085634135,0.5261086428333408,0.5016702064038725,0.15017410119040486,0.06951198848066972,0.08791683968234887,0,500
0.9565562241240584,0.5649562558573357,0.47845231934049215,0.13558530287279436,0.060160515107979484,0.06783120436752971,0,500
1.2401800300582393,0.41635237011803483,0.3358562301606811,0.15083268098904984,0.06575146736304101,0.1214202843510588,0,500
0.935032752830638,0.5477807256003762,0.553764933162873,0.17224464193353267,0.07811736074881195,0.10366878245017207,0,500
1.1582636967027398,0.45526592397608323,0.49816473209716333,0.15967829048196183,0.07229416542639165,0.09943689755262662,0,500
1.0175432084078002,0.48123347306141007,0.4888031460442785,0.14431354519613215,0.0708344180234015,0.09807385631618958,0,500
0.799361686326461,0.6212040187997904,0.5090509457721027,0.13829135794815428,0.061992483285866845,0.0775414956238368,0,500
0.8872945560496804,0.5094186489446619,0.5022172039007244,0.14152871913543918,0.07238766719218566,0.10303301738341672,0,500
1.159597877053015,0.4857269772691729,0.45689459546147976,0.15706495760947464,0.06700895617156193,0.09397744516200643,0,500
0.9450519469666177,0.5720407500387752,0.585866155203907,0.15268917859860903,0.06882641346218706,0.06953180030859549,0,500
0.8589724708571124,0.5856769301212087,0.6609992574164982,0.16930390778542515,0.07787991735343489,0.07139820226118455,0,500
0.9378766809772663,0.4528948824206059,0.5530289662642243,0.15699770161075258,0.08608727727148689,0.12666979002139014,0,500
1.0333388759290607,0.4941610643563399,0.41921226456420124,0.1532099217547309,0.06762808145172879,0.097696103242632,0,500
1.1352883488250685,0.4136664378182283,0.6398716610920457,0.26377673010834946,0.13190031432823746,0.21197017379663405,0,500
1.0088686832195546,0.4834689380507563,0.5669661423434081,0.16308645399744517,0.07912421258054345,0.09868737863884629,0,500
1.0259673401644402,0.4776332505349811,0.5231931602670943,0.15497836108234594,0.07328129505879642,0.08759728845790589,0,500
1.1485319713713253,0.3981838824366509,0.5457099195228802,0.1487978366655397,0.07921420579335142,0.10641714115517524,0,500
0.8041767169689509,0.5965150421512484,0.491415324699542,0.12596668535919547,0.060031020440893756,0.06831391122051915,0,500
1.1418462581530953,0.4409728510332106,0.5468826645272467,0.16769071645893696,0.07709026938220646,0.09323723033542149,0,500
1.0364495499605089,0.4935578937486648,0.4796888015209778,0.1552425709218303,0.07193017244187902,0.10689880853943146,0,500
1.078012424301269,0.5141998612888541,0.4938387395402828,0.14342721890310656,0.06455841248813757,0.07488365144682851,0,500
0.9869891405405702,0.526965320430419,0.5551211828239535,0.16023523221034514,0.07180185657777559,0.07735043412927725,0,500
0.9964687579770838,0.5516268554111292,0.5854523797200164,0.16050725359469953,0.06878679720861111,0.062012814954367404,0,500
0.9666933703742063,0.5320004923499292,0.4360794815152686,0.13753424399541997,0.06440131851700577,0.09783021029345844,0,500
1.1341062312019738,0.4322459971635306,0.34821105635991517,0.13358133473077552,0.06236182944297718,0.10068603134902152,0,500
0.9276545870575222,0.5192161068989717,0.5738795926796563,0.16084158596103118,0.07659813636796327,0.08562485987346473,0,500
0.7136616966984181,0.6240124607168835,0.5541968675233784,0.13395904487461927,0.06459573432247262,0.06864274751809607,0,500
0.9609312806423377,0.47422178803448684,0.5491631232274762,0.14765703017014883,0.07627337255167448,0.09410841361210856,0,500
0.8410980780655477,0.5617061525116249,0.5075415987339388,0.13418536888909754,0.06542639764495663,0.070901211139831,0,500
1.1602599601058587,0.43780310697887337,0.4300657603262797,0.14695725897251102,0.06828885906209213,0.10555620963485048,0,500
1.1237364240924417,0.3878521820093779,0.39897246034360195,0.14815698041146938,0.07626786395507362,0.1565001698437604,0,500
1.013025882546494,0.45710420887638076,0.4473396366129281,0.13433417654335628,0.06737386379257197,0.09273855226906284,0,500
1.1160701734162717,0.43542132202401856,0.3961836556003021,0.14542726574841508,0.0691947356393764,0.1199521966526244,0,500
1.1432103530771374,0.45284452120443625,0.509901508192245,0.1662906647422611,0.07409259911045031,0.10566641613947035,0,500
0.9823645007756243,0.4271045973224801,0.3381541885198664,0.11561427954994456,0.06265981011313967,0.10614800477463933,0,500
1.1173491526907626,0.4887716611351383,0.587589743603513,0.16578353330651327,0.07222514085424767,0.0804207962244182,0,500
1.081671625621759,0.4867776290456445,0.3999216724638196,0.14443710213554017,0.06476182248524752,0.10833232987088659,0,500
0.8069897449501325,0.6263465709954644,0.5373159968599058,0.13167056679595476,0.06173512662395642,0.0691738103705624,0,500
1.2758472552809816,0.3925369111522173,0.29669005861173503,0.1362556321290407,0.06121665309371852,0.11214378224156135,0,500
1.155744388777744,0.4617741809827999,0.4116771159282629,0.14851089031442816,0.06699819207409853,0.1089783842249385,0,500
0.9037567036796637,0.50437246206282,0.5911207818288927,0.16748548935163118,0.0842439461973018,0.10077202624500722,0,500
1.1532705935587166,0.43104576727670363,0.42883843952672174,0.1530026350726989,0.06880632326833579,0.09665337516863745,0,500
1.0167109113805342,0.47459662893147414,0.543910266988998,0.1566880731720017,0.07888076147093895,0.1091536509550585,0,500
0.9884860139274574,0.5145561634892714,0.46828592073268177,0.15348376319085413,0.0723040840384562,0.11500367949941348,0,500
0.8726394923383928,0.5011453255964514,0.5180274264745736,0.14255316917140584,0.07833309106024604,0.11949825488815008,0,500
0.9914840708565309,0.5161469741545783,0.4838322109113949,0.1511816310589793,0.06830727524941234,0.08768506127354907,0,500
1.2467627437721531,0.3427383656769989,0.34767117271228454,0.15586469744064768,0.07827692433825434,0.1871866134459649,0,500
0.9405663538258914,0.5287650555076019,0.6093192869346181,0.16515956545289237,0.0816430141300885,0.09663766310638257,0,500
0.7678731182292248,0.6240675024713874,0.6617494562005712,0.16075567621774614,0.07494262883526459,0.07312806233907243,0,500
1.190930868363858,0.427977503069087,0.49378301916463324,0.1607444651453478,0.07407817032407613,0.11620132315271983,0,500
0.8958478203779968,0.5539448003118711,0.40529826594608004,0.12396150276503559,0.05872363390934571,0.0821357690974092,0,500
1.0643186129484028,0.4507170041630184,0.4790253618667194,0.15308737876957348,0.07500029765913063,0.11681054956846176,0,500
1.235854098528835,0.3455606386164502,0.4589311464795341,0.1591594015308059,0.0789407598824152,0.13951585180885684,0,500
0.9144022575827246,0.4585724328471282,0.5556264466728527,0.13982004273129597,0.07778116427952887,0.09245243776367955,0,500
1.1306323934740101,0.4263982868641406,0.30614512230400726,0.16187460099658757,0.07823406970616845,0.19506123961749824,0,500
1.197815830963594,0.47493909478947166,0.4182879060549038,0.16326842708596045,0.0664133699329092,0.09703488271849613,0,500
1.0783221525802664,0.48076935175753366,0.545653415139456,0.15288414065405959,0.07173421674136639,0.08251153054585698,0,500
1.1750009183134105,0.40928885939056225,0.3181811486723968,0.15328041554495014,0.07180655149090341,0.1596192423963864,0,500
0.8887928043942038,0.6001011585605284,0.4582914529529142,0.13282446553347438,0.0587920161629088,0.07804180801996602,0,500
1.0200321606455724,0.5148259298132003,0.3998512728782167,0.13202065688168027,0.06031943920674529,0.08782157804621725,0,500
0.9923282301201919,0.49312412896430835,0.5143297056646174,0.13549436353449545,0.06847905370828966,0.08243335151700888,0,500
0.9279505730224773,0.5244904397372058,0.4848088820834037,0.1451834337464398,0.06983937782913158,0.10088117984413895,0,500
1.140364701414466,0.47459462007213044,0.5652256701644662,0.17337506688487503,0.08000825099083593,0.10387507038107692,0,500
1.016272631652305,0.4577010561975921,0.6233251666499546,0.17367581864543424,0.08724148516255734,0.09821634146265301,0,500
1.0020892555849887,0.5633090938369998,0.5262413649453104,0.15169341982016868,0.0647370744203101,0.07089144613120739,0,500
1.151817155885491,0.4543839025415412,0.38426941938140446,0.15129842110126068,0.07229944946225862,0.1408958303685967,0,500
1.2955198955903384,0.4442435186105008,0.37041521654327536,0.14833029203145703,0.0631819708395604,0.10412504167659255,0,500
0.9049916534022483,0.49392973335958096,0.5315552521883744,0.15366285428517146,0.07868311404313298,0.10780461602179743,0,500
1.2023935803495858,0.3780826642335944,0.2855454754273068,0.13229653959175852,0.061880775479033916,0.11054882263808873,0,500
1.186460341022201,0.41671867411100755,0.5442558949362888,0.19352740629230145,0.09080203767244045,0.14822392827713157,0,500
1.1920503953921295,0.3316667059084567,0.28774826212444843,0.12147294742641167,0.06263055216144829,0.12005759870982999,0,500
1.027720316723893,0.47563840558035864,0.41819301956953053,0.1430861478588456,0.06905431575393746,0.11759201476914231,0,500
0.623253908189618,0.6644400750601973,0.528805656042145,0.11199828338171625,0.056513831222551304,0.05673686491741183,0,500
0.9971716241481361,0.4879561448013207,0.6082169098551715,0.15785248716719041,0.07777243749348253,0.07975248203426687,0,500
0.907085312904078,0.5008848251795452,0.4418931379468179,0.12016790873265301,0.06338591811568112,0.08374360743849829,0,500
0.8998053256727516,0.5469738398038005,0.4466824728219352,0.14849136745843083,0.0702391621575697,0.12539953262300446,0,500
1.4554582840356425,0.326969628319633,0.29689090661106793,0.16311681466862027,0.07358473882962442,0.19371456900656595,0,500
1.0305342402096793,0.5310439213926695,0.4170557777798177,0.144642449302715,0.062070023899754974,0.08923974527389718,0,500
0.9124855410658252,0.5381495059532649,0.4949266970171556,0.13888797453774748,0.06567269538871101,0.08065896626601328,0,500
1.086484249780957,0.3961811891981565,0.32430382795701795,0.14528728811176916,0.07585300916654825,0.1762843077742285,0,500
1.0837976625286854,0.4582557552271336,0.3581188070845175,0.14050644114673436,0.06348290135875721,0.0969206494907486,0,500
1.0662315486546012,0.4259936433878261,0.5012691478889146,0.15256882460802038,0.077057585995694,0.11456045224218826,0,500
1.1383685845289733,0.4267601671149132,0.31269767400595017,0.13691883422016457,0.06313247458379424,0.11426405164765123,0,500
0.8012870377330802,0.6134414531233261,0.5140679676754084,0.13437947482995977,0.06048563159966871,0.06573691731209733,0,500
1.0584139557949874,0.41442492227745475,0.3989403434106712,0.16058105207461565,0.08428695371105184,0.18829165372647969,0,500
0.985338113299095,0.46593484003308727,0.5789785939370737,0.15008564347314604,0.07759140053672209,0.08708343109916747,0,500
0.9490444969608519,0.5305031671533208,0.5435885582784247,0.15116114113694373,0.07243072848395717,0.08990933674335595,0,500
0.8675832988982453,0.5574903339737973,0.5516407386230172,0.14482162061812995,0.06883881995180711,0.07533307617803114,0,500
1.0921144829936655,0.46345192792420903,0.5846932640262438,0.16404091529917372,0.07655445689278846,0.0790528335862091,0,500
1.052170778350909,0.4009443597877398,0.3615355753851124,0.14703322264143062,0.07868211709559364,0.17988172227598495,0,500
1.066211169401276,0.5178543263983085,0.5939816910944943,0.1599746076235687,0.07488914957066078,0.08156479454358806,0,500
0.7972598325527915,0.5886719469511431,0.7835080626473058,0.1977148685824173,0.10016823979066754,0.07573255856420005,0,500
1.3143203316172223,0.31726596913486704,0.10470124384767204,0.11948940208857932,0.059079877359909376,0.1653197571942563,0,500
1.290564577468473,0.3599304994977514,0.40922436318541944,0.17430555700271214,0.07990613453936704,0.16322791884564045,0,500
1.059538125434639,0.41921526485075894,0.3796099750408141,0.1464955427072255,0.07097831609613858,0.11636954354542063,0,500
0.9548687678793768,0.5208643916118897,0.5713538964052091,0.15880671500355775,0.07698131768693049,0.09262123555889325,0,500
0.8628854307105427,0.5291846385066379,0.5296981353941678,0.14342836603640374,0.07187333296045079,0.083881020021623,0,500
1.4048771083686138,0.33309317784507503,0.34796239088264047,0.1513367368219876,0.06674545002358231,0.12321436976755186,0,500
1.1909390541154306,0.35621301604773636,0.4036082045747465,0.13966967795126084,0.07082100362133786,0.12528087473417088,0,500
1.120472025180533,0.39072333200503395,0.4421230850368891,0.14616149554847147,0.07445480164705832,0.13034553625042486,0,500
0.7996664128043983,0.6024155112189878,0.5403864636873362,0.14113350337543135,0.06644324135684467,0.07950319363938854,0,500
1.2598918528940926,0.44838588568193755,0.456743117074939,0.16220803215104726,0.06860880354750787,0.09789486174510359,0,500
0.8605901510486872,0.5495003387124586,0.46644504438676454,0.1337801978567902,0.06627592083110657,0.09432199075837072,0,500
0.9869864218303646,0.4784366705784794,0.64586773670547,0.17984972529164125,0.09043682943958974,0.09989682677389435,0,500
0.6963032045664073,0.5956760229676283,0.7018293851100006,0.1635611943693203,0.09045378605127338,0.08512497262988183,0,500
1.150133863855347,0.4891776173182709,0.556366116437111,0.19265564524148976,0.08111526326986179,0.10988647948786133,0,500
1.0986064611022939,0.5163414308354269,0.5153902020201547,0.17051790570308653,0.07023147021164455,0.08763365231936644,0,500
1.3263538036723599,0.33381661922906847,0.3150095635675872,0.14141792621619145,0.06641577464461705,0.13829465391347584,0,500
0.9947215635277319,0.46781828637360756,0.5946092001372594,0.15383865341128228,0.0787537384528077,0.08716723354301306,0,500
1.2113885057432414,0.4280576623155573,0.42644360654556995,0.1408445524500109,0.06873788175858801,0.10772381780387623,0,500
1.0037475626787358,0.43818613426955927,0.4351878257933168,0.15097326864072663,0.07764863662544198,0.1392343498502953,0,500
0.8600765498006789,0.5623630923203666,0.6039795663781853,0.1605686851063811,0.07656076675659786,0.08390758590945209,0,500
1.2705423540599134,0.322803252494558,0.526016571850772,0.17390842195496747,0.08644013456884889,0.1422968054596912,0,500
1.1362378444093266,0.48368236868606546,0.6467616677998381,0.19605738703173697,0.0870938323126821,0.09198206626516794,0,500
0.9722637660015588,0.4746518840907778,0.6097893088208479,0.1700796862067456,0.08779583609377925,0.10784382926414085,0,500
1.1226557891584585,0.46825629466167246,0.4165823230344983,0.14313842801073742,0.06613905432846544,0.09982308102828127,0,500
0.7188764635264477,0.6330920899712574,0.5126597822984963,0.124531008711479,0.06185222922778682,0.08098780723158895,0,500
0.6170089772762147,0.6949523141889565,0.5266637116029173,0.11878397935157677,0.05483912456122928,0.058871185859658684,0,500
1.266767645964578,0.430722062613554,0.508405408749009,0.1660603457306566,0.07362238553947119,0.10900668674161315,0,500
0.9369833197538532,0.527043979418153,0.5599325880393529,0.1701251879097336,0.08098420082013055,0.113240101804922,0,500
0.9207001009667186,0.5393902616019494,0.3978626658603688,0.12330861629331694,0.059396973722639794,0.08605819452591922,0,500
1.0724705182045422,0.4656370835444279,0.7329923738429485,0.19688467769244047,0.09957367119166638,0.08605149010426026,0,500
0.8293565546835364,0.5979589813301841,0.47447784229550627,0.13291005715678345,0.06129062413790502,0.08106305574568275,0,500
0.9540660028935247,0.4931098016833463,0.633876817551157,0.178569816440989,0.08901108682349328,0.09898708801917169,0,500
1.0609965414334221,0.4625129284238287,0.4134094167649458,0.142522392978946,0.0692487755188244,0.11898192759266828,0,500
1.124966185894772,0.4426084737197485,0.3473855168766521,0.1505971417126953,0.06813387286003772,0.127409199416655,0,500
0.8005543369554452,0.5807941158110123,0.6459596036184639,0.15210633578385194,0.07745062499234805,0.07787861690357671,0,500
1.114074546708347,0.4669798199563291,0.4280588072105982,0.14227837068981503,0.06676834680167612,0.09025494676231077,0,500
1.0852112269666931,0.4876538577595119,0.46918527361164564,0.15051161265645363,0.06714698909208941,0.08825864649748572,0,500
0.8011818174751115,0.5969304716259102,0.5333893352967694,0.13774732095076395,0.06517388581794678,0.0676931464425204,0,500
1.233533792849838,0.4210090667957011,0.48252265394043214,0.1558888439924886,0.07112778098058184,0.09766857180160347,0,500
1.4203515944261733,0.32258329340891384,0.399832014032845,0.1574630696081303,0.07149014932913109,0.13678428912949564,0,500
1.1363951330993618,0.4672264613018517,0.6422837991446416,0.18822322856304372,0.08901056014736212,0.09891743733214427,0,500
1.1136332428185811,0.3977595466075796,0.43405411849071296,0.15588361491061875,0.07712758293458129,0.13617127044004823,0,500
1.156770523195274,0.4287269559470168,0.581291506442288,0.17508281864463787,0.08273442325690017,0.10131084307633034,0,500
0.8621585151910707,0.6074026476424951,0.5563846820244698,0.14564145636821585,0.06461023740645082,0.07120247931963494,0,500
1.2676634466285748,0.3238795605483571,0.40986522033912537,0.15607564959271128,0.07668304996049134,0.1526553069337056,0,500
1.0238497797019996,0.524722257239558,0.4698697456324777,0.15412329709298772,0.06607425136923066,0.08200780724556124,0,500
1.032637383539713,0.4916349757933277,0.5915545426092889,0.16630979631082146,0.08126815467079894,0.09868210727011804,0,500
0.7936129264582642,0.6038749812374722,0.5008864975349077,0.13029578572557093,0.06043191985966889,0.06523631230918692,0,500
1.0712865972295686,0.44098322620695996,0.356827376958173,0.13271955377389136,0.06513764433820796,0.11787815594054363,0,500
0.9141182809573778,0.5824019911119603,0.5392024591685273,0.15232951085609425,0.06643002469066209,0.07451905391033073,0,500
0.9210155282792175,0.5090120654805421,0.49080461140702897,0.14133652529540744,0.06982920781277736,0.09109670494449738,0,500
1.2581720142016612,0.3899494688055989,0.5470159562754262,0.182438333423083,0.08568911408948529,0.13237889153813534,0,500
0.9939991463422525,0.48532739235512323,0.5605181874411416,0.1492551765071517,0.074485968277555,0.09389035764649448,0,500
0.8198560049130303,0.5812584207990485,0.7483690768841075,0.17629268330177617,0.08923432147398445,0.07167114763620458,0,500
1.0636448577874509,0.520994629927761,0.587710334062437,0.1754273735955335,0.07526385272567922,0.08076985760680483,0,500
1.138001556802136,0.40326148732640515,0.4546715013891384,0.14009400428450683,0.07636039256234366,0.13212335201783335,0,500
0.8546384991805707,0.5176637973176341,0.4095864605826678,0.11462182437380616,0.06090189790023551,0.08428499442116362,0,500
1.0146052672274062,0.4978210274829731,0.31201949888494057,0.1475106044508979,0.0680995326789418,0.1467363862746572,0,500
1.0870704182093631,0.41745845243158924,0.5046157044014357,0.13283486250951906,0.0723794654011733,0.09385590007442945,0,500
1.0806826616466758,0.47944824358543864,0.41714782376393517,0.13817698588805574,0.062306618344520524,0.08017167288008088,0,500
0.9213015152509655,0.48860692400950256,0.5040191492869911,0.1377186057400962,0.07181788453536436,0.09730369962794179,0,500
0.6656108535035486,0.6453187599800256,0.6560662384239985,0.13856984243314174,0.06995885376165283,0.06350179975868009,0,500
1.0495412354211937,0.45871686920439786,0.31777153744985265,0.13727538519229024,0.06392664923366627,0.11435515460245214,0,500
0.9381051238281932,0.5280572679438987,0.687444407003297,0.19539770118663238,0.09435273366317695,0.09783159271818198,0,500
1.335146756648077,0.30729961112820775,0.19766366958539883,0.14343761753188522,0.06882592348910217,0.1983362500379281,0,500
1.0537995135264928,0.4009474053576359,0.30935000921957057,0.12172162341155665,0.06319528165923627,0.1171180746862869,0,500
0.8427609325097299,0.48411825141205606,0.5160743178337325,0.14842515626415353,0.08500397366487293,0.1378547710888931,0,500
1.0410918308353103,0.4887196387444888,0.5401377411485352,0.15419836810537121,0.0746784662963503,0.09881129039424662,0,500
1.0285136732243623,0.4476882367731081,0.7262273263086808,0.21135859648102348,0.10683731046353566,0.09582813119550355,0,500
0.959747904445205,0.5431101589626095,0.5054931455314109,0.14388793508544465,0.06450440454832028,0.07249222948386301,0,500
0.811432609284847,0.5833154583163862,0.3590986030646673,0.11984747949703962,0.056685955759590664,0.08793375558236152,0,500
1.0334678784422946,0.47656188592818227,0.48194237037183785,0.14910445737602282,0.07126550660480606,0.10079203881647933,0,500
1.1788449811488328,0.4274206730233043,0.2788658797842925,0.13864509407710732,0.06198982635746979,0.12062493793871479,0,500
1.0872813887424315,0.4602842007625293,0.4432866493188949,0.14934787572680122,0.06900806671015991,0.10170157665847086,0,500
1.0951921325797427,0.43050316614352424,0.5201486754253478,0.16552813392194737,0.08087653820036479,0.11986152051085801,0,500
1.0267730131861228,0.4332066595200434,0.4796184896258227,0.15208370859209588,0.07620360057645001,0.11523304708641487,0,500
1.1669741708225274,0.39066618604841485,0.4203944351675902,0.16022910347163175,0.07556090968799602,0.1277945465693781,0,500
1.4042215808801173,0.3956748293172279,0.36262672777902505,0.17222876715017807,0.06900231219615842,0.12946165325279535,0,500
1.1386632153860703,0.32465036668698033,0.26130769166162393,0.12126662841685346,0.06615232487598793,0.15716417608016917,0,500
0.9057936934655754,0.5334221656955525,0.595196046236755,0.17270308072416868,0.08242902876942478,0.0967184346180141,0,500
1.1448616006405274,0.41850501288118647,0.3424626771744233,0.1383735077687125,0.06672261887722485,0.12853490665340017,0,500
0.9117374042946669,0.5605415890292358,0.5526422044867831,0.14896392587026358,0.06800656500415132,0.0740320343106608,0,500
1.1315741847622436,0.4414935023139737,0.4175592623345428,0.13660485015637316,0.06451427978541677,0.09039700092185453,0,500
1.0364564170256596,0.4996022919609174,0.5432931798009674,0.20209704771218906,0.0914675071342938,0.1421767686529486,0,500
0.9876390811230688,0.5382576471787578,0.45270152430538935,0.12869066914312388,0.062352750213391026,0.07927859359817134,0,500
0.9655617525670044,0.5646991742021423,0.5582199409898606,0.17006361325617755,0.07082430819926543,0.08154203219020532,0,500
1.0177051973105014,0.47395183561069315,0.5424128403298064,0.15825795221989844,0.076934302274071,0.09824879195033012,0,500
1.0389216411527942,0.4665032987117418,0.40739242869436315,0.14113274099687365,0.06899813707235565,0.11876989998067077,0,500
0.8821849345133959,0.553417517342293,0.4689590968133433,0.13066959840954273,0.062123685471754744,0.07556340780196812,0,500
0.8190453182179862,0.5971367075778122,0.4827811742697108,0.12475588250417542,0.06023028458595947,0.07165735611269894,0,500
1.2173882556465871,0.439620270074603,0.5635149242564068,0.18013751974559786,0.08064632405722201,0.10571780569276105,0,500
0.8711572997687094,0.563699803722972,0.5237506532989458,0.1338093859327282,0.06626443486412616,0.080130488698561,0,500
1.3994392759569492,0.33156927449846596,0.5440086533337787,0.21215851018620627,0.09510895470967641,0.16353699543668482,0,500
0.9399549701842826,0.5130963154057526,0.4304650836059502,0.15897783174732336,0.08007310287074518,0.16054495045312142,0,500
0.9933132548936572,0.42444446088182536,0.5340013860758199,0.15251908428223337,0.08115551360437719,0.11058982056656505,0,500
0.991064996028213,0.5192890093806651,0.5203862141425615,0.1534277026623005,0.06972709902528568,0.08280471090119103,0,500
