tau,kappa,beta,psi,tau_se,kappa_se,beta_se,psi_se,convergence,length
1.1742987664001547,0.4341787225653293,0.5507159922779585,0.453294739172428,0.15322254189661877,0.07074609155970266,0.08215065100237466,0.14709589730828668,0,1000
0.8618453057838809,0.5928362992995315,0.596406740997374,0.5791650641249195,0.14172051022331245,0.06492762235362648,0.056893980414062136,0.21806430039332844,0,1000
0.8695146003552356,0.5501172144744093,0.5086677924231512,0.2972119580186977,0.12546305612015965,0.06258238253640594,0.06225748602167872,0.16151645302735845,0,1000
1.1288035895803998,0.41660427216922336,0.3884770271592287,0.3425045480309155,0.12309547393333936,0.05979387862493139,0.088953091079234,0.12790674323029055,0,1000
0.9880809343732011,0.4964645407317029,0.44466396567155547,0.4781502241031302,0.12020275853471724,0.05747317012256838,0.06611701056157598,0.1644301443722817,0,1000
1.1816961775045691,0.4155474392204679,0.44407863745632675,0.39860573332627813,0.14218464517922616,0.06648345376442705,0.1010579061357658,0.1351547214205892,0,1000
1.050107822859613,0.48575470775993157,0.5024692238140912,0.5965733927654127,0.13303432583806016,0.06180845960239954,0.06739226651777629,0.1765815104794675,0,1000
1.1951568214017565,0.379065967100633,0.5000827310900142,0.20257590823193355,0.14252154396902714,0.07084834039507201,0.0972668423288466,0.10798156374140994,0,1000
0.9810240384498076,0.46121080527324526,0.41650079683478547,0.2951037128792307,0.12032913404905886,0.062263700933006635,0.0845465532016574,0.13573015892837895,0,1000
0.8922477739254056,0.5434165398918938,0.46663895683023127,0.7155582158564167,0.11736711844477857,0.05609110183497356,0.0595004407211372,0.2148835050947172,0,1000
0.907021765028045,0.543944602809277,0.5848707656183255,0.44265452926205495,0.1354034488715654,0.06551865294755697,0.05725753326269463,0.17981316518913504,0,1000
0.7988326046999027,0.5796478008406617,0.46511282699327966,0.7611203571399485,0.11151661104455986,0.0552193425239677,0.06050438788506409,0.2348137557087146,0,1000
0.9982891179339157,0.5285468885784507,0.5889060397484239,0.4322116893067443,0.15261762370173254,0.06994363045866228,0.06437164574504185,0.1719553710409251,0,1000
0.8905846064936339,0.5475800950702256,0.5259932175410662,0.5759197076542218,0.1304991245241769,0.06307149074103933,0.06537349987722187,0.19906794667412958,0,1000
1.010594448642006,0.5301777967994766,0.44529519547689483,0.43146120760917983,0.12941556844000748,0.057183271400274106,0.06436738595822478,0.16624908152606985,0,1000
1.0681820118969159,0.46215668382157715,0.4247176147816296,0.39867769541654935,0.12023929228934727,0.0566600161974439,0.06888998552244939,0.14433362553273185,0,1000
0.885074489766778,0.5203120561073287,0.5178386435770423,0.7960967141979045,0.12533844332287114,0.06407601234667619,0.07384078897654993,0.22163004306107845,0,1000
1.12463372311287,0.44450430200287055,0.3562959831607585,0.16220639474252022,0.1189521913263377,0.05565823932942588,0.0739509413933062,0.11333493343240308,0,1000
1.1713443885415897,0.4133203409198912,0.4604062052294802,0.3775124003162025,0.1421943076893728,0.06789948494359428,0.09920784118796351,0.1324240074607781,0,1000
1.3042075707675802,0.36334283149676033,0.37697437681537516,0.32219425570823396,0.13574069550358392,0.06231788060344198,0.10977100148810097,0.11460384276365485,0,1000
0.9634113040937081,0.5494190028213047,0.48909858779275844,0.4465868770875685,0.1343301736211687,0.060067025057709625,0.06399150179275866,0.1769705376009395,0,1000
0.7155436698642579,0.6360154920456828,0.6130057540527962,0.8855007165308083,0.12068543365523833,0.059465677144630164,0.049941166324868946,0.2846949652445207,0,1000
1.015700261277833,0.5029694833328908,0.4750185108410271,0.47128891017961966,0.13118585914278802,0.06072456597859212,0.06968637004229632,0.16601136835001915,0,1000
1.2773002267346933,0.3512384719287513,0.4629357652059525,0.4221487032856755,0.14898448074317755,0.07202289614804397,0.1251449420198157,0.125869052245524,0,1000
1.1457586743830694,0.45581693635589693,0.44909587713481336,0.4309145137844372,0.13690222344555902,0.06182109433972612,0.07935273907247173,0.14610127751567129,0,1000
1.013040737421646,0.5079391149829393,0.5395771589401372,0.17912687836908697,0.1411092824240249,0.06629166204306042,0.06197075354168922,0.13341248692781277,0,1000
1.024518960285152,0.4956770211358266,0.37830254636909866,0.5875867744545112,0.11569129813860886,0.0527448890551967,0.066507907436682,0.1733339764788449,0,1000
0.9547364254643584,0.514173768525644,0.5435084308113393,0.4964947337760511,0.12771656092743733,0.06191083102199544,0.05817332419229662,0.17482546715342193,0,1000
0.994324535676614,0.5115566932923016,0.5247484295878563,0.5338752315937252,0.1385614327577803,0.06498779317569299,0.07086107225305627,0.17897596953073985,0,1000
1.2518017306400642,0.3716563189287402,0.4376356683602998,0.47577129988942307,0.13560834563186808,0.06402510538690417,0.10150535790429359,0.1334465526190219,0,1000
1.0247430287987123,0.47731839422869327,0.4554591218872758,0.6496383501423758,0.12347716119162794,0.05849928889864459,0.07300525102713941,0.18017124197902146,0,1000
0.815458803290506,0.5848595480161557,0.5824764071110847,0.6685446752583821,0.13342028250141946,0.06563618869798767,0.062124879792966915,0.23001493731106035,0,1000
0.9490885312976405,0.5124614317780108,0.5348456738351137,0.6632312088333384,0.1319811036846432,0.06427623651065115,0.06729527592502635,0.19881788395766986,0,1000
0.7407863370961318,0.6370709016856753,0.6380944027687102,0.5031335139578605,0.14439558006164815,0.06893637893883105,0.05479111118708577,0.2384270915865035,0,1000
1.1434837861231686,0.4329089592973351,0.4623071279330991,0.6153842820060396,0.12846208886713173,0.05931020606628487,0.07265779632651126,0.16279179005268596,0,1000
1.2525905252681926,0.360677998599204,0.4012757822741237,0.3606084131238184,0.14126835309434685,0.0686743407881692,0.12830426514320736,0.11948711904859988,0,1000
0.904779685001168,0.5244017374879045,0.40687468120218145,0.5494791786948819,0.11309186783595612,0.05548314448232017,0.06839054245857525,0.18183647101667424,0,1000
0.7921526223120889,0.568509287490201,0.5288848146908792,0.6753188433955818,0.11366701160396377,0.0591350181607712,0.055095045598941815,0.2212024443777634,0,1000
0.8895250384604422,0.5368673656041005,0.5792909626472893,0.34021912158209544,0.15626127769428752,0.07948081019741342,0.08333405604873942,0.16718511382515464,0,1000
1.025219739976978,0.4791351182607507,0.5097036344940865,0.3502548052827125,0.13249457616020055,0.0644059579670538,0.07099549977889345,0.14568182083004758,0,1000
1.0982105559007111,0.4575778733961966,0.4564066394417419,0.47987855132192003,0.13501229296913314,0.06318296780185535,0.08335822526764718,0.153925796443667,0,1000
0.8872947541770206,0.5286175580709673,0.5379042103930699,0.7557927962825396,0.12687703558682834,0.06400066405592292,0.06811216658782022,0.21831156747457428,0,1000
1.1923502231823628,0.4178696158497923,0.3990917013099673,0.5695795836656806,0.1294834310025021,0.0587784985609718,0.08778324063424238,0.15205796814713823,0,1000
0.8504111019223891,0.5593218291519025,0.504306453297298,0.6299817152535157,0.12150179921923702,0.060013077598081076,0.06329415201448768,0.20881973076843213,0,1000
0.9292652501964426,0.5285061057201547,0.45234002325488215,0.5556407455503742,0.11838072015753803,0.0564347915653231,0.06309021739742235,0.18406942595854764,0,1000
1.1243007618283076,0.46568182848126705,0.5092553475666562,0.3474515607230546,0.14855050381138238,0.06782483548917355,0.07989748670779885,0.14106560641575955,0,1000
1.1017680465002473,0.4742960537003601,0.5029067233532478,0.4117828596932221,0.1429986652078445,0.06541572477768942,0.07484629753588268,0.1504440964832788,0,1000
1.066970195132576,0.4548693635369645,0.4487742567625874,0.28709645774351966,0.12578549927486674,0.06091811587160982,0.07333275534099672,0.13135455262811677,0,1000
1.0452202841055243,0.4453461171126987,0.48492276937498974,0.43700385981950746,0.12809676075232992,0.06430590385442592,0.07934536109474136,0.1481475905124601,0,1000
0.9591179713457679,0.48748139038981836,0.4784051122154203,0.5190858234070422,0.12703964758631553,0.06434778284840317,0.07967367981897794,0.17046249661981103,0,1000
1.0189682641326019,0.48478379982823555,0.5348788548914183,0.4856534958296667,0.15037864853915084,0.07322820772902831,0.08783159927049694,0.16745236387896323,0,1000
0.854046080511252,0.5669092169082988,0.5806677275556785,0.6360513639611227,0.13872775219159436,0.06816243879437996,0.06571608296470602,0.2179550333139366,0,1000
0.95330063854134,0.5067219951184678,0.430613179950232,0.7417168009722745,0.11577564759292051,0.05530791139219213,0.06583506830878812,0.2025519891512349,0,1000
1.1383702657233503,0.42197492013138865,0.6033881165077948,0.33372397989039376,0.1652378440634547,0.08109612309290212,0.09182085137758657,0.1332735479288844,0,1000
0.8969941952723453,0.5702089260048412,0.479356775639938,0.6944885828013861,0.1259949883235555,0.05740352647224577,0.06390640613021342,0.2174691267466907,0,1000
0.9986946003511431,0.4669582184147753,0.47123194703549515,0.33761641104341394,0.12413765611117482,0.06297560326188131,0.07563369713084286,0.141553249331536,0,1000
1.1831497181607815,0.43715806528518103,0.5010898174476228,0.3822989260266506,0.1503385219393437,0.06850810516129491,0.08706439749505372,0.13805727693444772,0,1000
0.9456721948408913,0.5212133722192367,0.5387150769651405,0.6011561681673084,0.13300821116733497,0.0645399612639745,0.06525985200313839,0.19174380241631178,0,1000
0.9802777556157666,0.5403138021736029,0.41259858697874807,0.6381611554012656,0.12785903231026724,0.05679733068774865,0.07149722022389766,0.1949896298869536,0,1000
1.0055429028255825,0.5084750270615288,0.5096029529366934,0.52869462050943,0.12831118780777068,0.0595372594916913,0.05899256422421656,0.1744311111887324,0,1000
1.092501319457123,0.43945866957833396,0.4210494228054575,0.4492038338100309,0.12705744405618075,0.06130654172864599,0.08652420601600964,0.14575052474448966,0,1000
1.1465006218196396,0.46495412999906377,0.42634786526803736,0.6207765696855448,0.1348334662524526,0.05894989746301612,0.07911166941014226,0.16999177800172713,0,1000
1.097058698052768,0.48479172111996605,0.41834507461035414,0.5019608156776085,0.13191409355109251,0.05834139247038054,0.07557684878652307,0.16113872266394538,0,1000
0.9813361609332176,0.5062924796337693,0.439813716806912,0.4562842269944932,0.12322079982407641,0.058463728447173326,0.06989056852090784,0.16445564536375426,0,1000
0.9685949891587547,0.5218523033008067,0.46664607563685645,0.5885070624137949,0.11818264667391741,0.05501629449392996,0.05826295951034022,0.18289290144291862,0,1000
0.9773210534790151,0.5270092493171281,0.5276938557823996,0.3557417869136982,0.14668142102583884,0.06844404099668813,0.07452699224529083,0.1611447676628893,0,1000
0.8698027438400645,0.5658903507537053,0.48700394230655697,0.45132961335081373,0.12260224450758832,0.05845820961156016,0.060060521243950775,0.1851838677471142,0,1000
0.8896573923591798,0.5563732825905291,0.40156102008891253,0.5684057636769473,0.11167974367287484,0.052257293593209964,0.060844552567321804,0.1917448810052552,0,1000
0.8617529078651724,0.5458123392884194,0.5555220450405479,0.6066428330834877,0.1217907424504865,0.06089866920562904,0.054593824185856565,0.20309666600321857,0,1000
1.0850130235409978,0.42957524766440974,0.3889586346409832,0.22370873349662607,0.125259934176277,0.06230836258333085,0.09212295082294959,0.11905210531845892,0,1000
1.1296849286582917,0.4347315067937592,0.5185137726253876,0.534399113672125,0.13561195811445198,0.06435927612043942,0.07403079520497396,0.15527743120863077,0,1000
1.025521540446051,0.5269853405028365,0.5488818906472849,0.32895195321786774,0.14537282630622828,0.06486337510105503,0.060625663521769645,0.15545811304952162,0,1000
0.8397912943131605,0.5656773018409562,0.556264642294224,0.45874147815328425,0.13076861869261444,0.06525796658437472,0.06257852975754365,0.19086511293238154,0,1000
1.055500739682649,0.4692292282830617,0.4227270337332105,0.48329793382068514,0.1292103598600899,0.06181821795238252,0.08325580375068187,0.1566943365390028,0,1000
0.9082940335999397,0.5515470895440078,0.43525897626066073,0.5550713194563754,0.11824935621184314,0.0547014857007406,0.06006644604860278,0.19259521412377834,0,1000
0.9552221562263651,0.5171698962949296,0.6050968977732466,0.3767499907251355,0.1488182063021632,0.07310856153123738,0.0667385849953318,0.16320260917663235,0,1000
0.9176521351545649,0.5562329697266963,0.6203809874929449,0.40276246051057024,0.1458754268868668,0.06852570514470362,0.05417441882914157,0.17869671285576058,0,1000
1.1638153558133308,0.4423896790791131,0.3637214364851523,0.4611330191005738,0.1397233285594667,0.06372475406807779,0.10599106914335954,0.14529949416399723,0,1000
1.2564994835173116,0.37708524227122986,0.3079359671100757,0.48895356267438767,0.12145998117218923,0.05553654872072272,0.10026427425272735,0.132508443038143,0,1000
0.7334121178079379,0.6033826593995666,0.5447384907780592,0.7335023141445763,0.11584582349548112,0.059666162693561,0.05924203727829353,0.24878442159100486,0,1000
1.029208960099545,0.4867097034026151,0.44652184243016557,0.5891749151853861,0.1254848132475261,0.05878758015451199,0.07257566169194574,0.17454949863528893,0,1000
1.26083074268483,0.3917474665374937,0.37883538352543356,0.419686385071514,0.13552442395252756,0.061846080157319815,0.1038768180300164,0.12933523976049655,0,1000
1.1754774181962864,0.4450104059724032,0.5554712332651808,0.5522533765036505,0.15192007810135602,0.06843154508256123,0.07539648239428443,0.16123574423037268,0,1000
1.1200728922870489,0.45300526586928336,0.5444912586858962,0.32734879913181997,0.16019186255534223,0.07599018424109501,0.09297343587582792,0.1371441632927987,0,1000
0.9197168540231648,0.49138277425282473,0.38372432102503473,0.5198895096693266,0.10388527945496638,0.0530963504119054,0.06586340310343343,0.16716626332896684,0,1000
0.9415084633385615,0.5387419884531304,0.45917991124116203,0.5781233263422517,0.12250895218057226,0.056589880902419364,0.06308260401910847,0.1895804322418287,0,1000
0.9121199684013325,0.5398446813562997,0.5205507096862885,0.427814792200453,0.12586574612612206,0.06072041683269987,0.057838083056472894,0.173944391641852,0,1000
1.2263304011178269,0.3459564331139431,0.4757154077574738,0.33066140358681123,0.13100838780535845,0.0657814533792495,0.09874776180629728,0.11494489407695173,0,1000
1.0340486698361484,0.5166532467883616,0.38014720749996234,0.6302258203185909,0.12159214755701288,0.052920603154323176,0.06713168557951467,0.18352535557088534,0,1000
1.1243442594379516,0.3880302232714346,0.47944692497569263,0.49330710293342867,0.12713348107654063,0.06476791705396628,0.09049963312115777,0.14158092441716813,0,1000
1.0709948153892275,0.45066362776008506,0.41936917933249496,0.616792164127166,0.11913534063698117,0.056711693174271556,0.07378694814545364,0.16644382446918105,0,1000
1.1619651929719785,0.422707743529807,0.45056466970673686,0.46634163633982045,0.1262099691147443,0.05893244123478211,0.07319143103282848,0.1422574233681438,0,1000
0.8483868854274431,0.5833914938192591,0.6074061124962598,0.9698738838044879,0.1516847515476286,0.06979096277350749,0.061632797573897315,0.3104497829887567,0,1000
1.3187248437374415,0.3618129126722001,0.41889043755381994,0.4638206278271641,0.12978151325498444,0.058576764735039206,0.08552886129513426,0.12808605099466336,0,1000
0.8629717299011392,0.5417272018053788,0.5083321636966464,0.6609581985344996,0.11717943215946679,0.05872409753832662,0.059718992246562186,0.20665541396840054,0,1000
1.2259843003057787,0.4309315320444456,0.5795838693946345,0.39101130208773194,0.17824595251884998,0.08036913111690216,0.09437299806438502,0.1404297001985247,0,1000
0.9359510495840648,0.5247076767197407,0.52322520669529,0.711720801038564,0.13142026709669283,0.06329353054082905,0.06709565754106527,0.21006535756270261,0,1000
1.082340374172598,0.4107683833534977,0.46454715962959836,0.4909568602502097,0.1230941208936743,0.06288106174730171,0.08531402216647302,0.14552986984515184,0,1000
1.0944544282183786,0.4452683509389999,0.5114607917819799,0.4519455592028865,0.13753386794081482,0.0663234366797716,0.07898751112652447,0.14945201757234652,0,1000
1.192600481105172,0.4489669570700135,0.2943068620622458,0.5592665614161997,0.13891234000363936,0.06048250012256622,0.1100938672998471,0.1556267469963637,0,1000
1.1003482943343088,0.43674342466019583,0.5427662565048581,0.4518479555674629,0.1358474596642531,0.06634153468743614,0.06998539150619579,0.1474358189168944,0,1000
1.1833133980480066,0.3894516837222697,0.47592413351303137,0.45436818859527206,0.1504863414997433,0.07409956714928288,0.12012334633983472,0.1384982119792778,0,1000
0.9805270708407792,0.48397319608880046,0.4516940991055923,0.4968267055325046,0.11734126246309692,0.05802808657546743,0.06767271935215491,0.16337736971341177,0,1000
0.9421810363912069,0.5193700995970459,0.4896706981959127,0.4910009541286865,0.12945599718926604,0.06242421061283827,0.07176936595653688,0.17643017777110342,0,1000
1.130381246069721,0.433958178725944,0.5174661654864054,0.3038638213572328,0.15640811607709182,0.07571278892967957,0.10039496263222196,0.13029964697959506,0,1000
0.9734010415092589,0.4858530406397247,0.4144730743737864,0.6019416802783412,0.11759051637490064,0.05812841190674093,0.07870600234507484,0.17639870840284502,0,1000
1.0513581702363732,0.4603196419382459,0.4442070470835026,0.22907414598360945,0.13187631173382572,0.06514221500255069,0.08227817190513698,0.1262289302623728,0,1000
1.1534438829716993,0.3994383497563959,0.32217229937762903,0.43563498375823895,0.11329276341307569,0.054432527971692374,0.08852462760067364,0.13234700115335307,0,1000
1.1715487888379477,0.4208490681816644,0.5193862010383274,0.4640682084536028,0.16136843552337374,0.07651240299899545,0.10743410632437847,0.14781624387498862,0,1000
0.9046559151940414,0.5389284067946443,0.6113531687120891,0.6144157532150618,0.13832423875341443,0.0678125026040008,0.060470177359082826,0.20220022844567917,0,1000
0.9878041067259593,0.5165352166052994,0.5917013094346227,0.4085600055846937,0.15075427680516634,0.07161995890149374,0.06787124987209832,0.16588556773879912,0,1000
1.3533537487466614,0.3495496791935113,0.4137940088454705,0.3212569694317536,0.13697331468266444,0.062181842296494615,0.10108095105942794,0.1117510807027196,0,1000
0.944789812657143,0.5374016752473291,0.6446780294634468,0.5199318591652413,0.17719501485898145,0.0848878519126952,0.07829563691222186,0.19654356845853968,0,1000
0.9150683157110827,0.5705965358982622,0.5569618160185006,0.5913376234445336,0.13956078611415546,0.06313508754117925,0.05904284115814204,0.20810944883840765,0,1000
1.1709906234161442,0.4632569779725702,0.443725675230616,0.4856211972100292,0.14202765267324816,0.061922524868151814,0.08253719932757839,0.15345182414022804,0,1000
1.0496631017526417,0.43128926167423637,0.5132595214791941,0.414373355097607,0.1336993318185114,0.0690597859935189,0.08775858486136683,0.1434706715597584,0,1000
1.2724926243328867,0.4056601193761604,0.3114468339304544,0.29304868550537105,0.12356077435353455,0.05376264133729689,0.08391917802486577,0.11724062264689937,0,1000
0.9762147327986868,0.5193231423833025,0.4694778492827524,0.3127086721448252,0.1260713800664059,0.05892812588416748,0.06147398683113703,0.15147364145673745,0,1000
1.0505250937230064,0.47350447937870604,0.5459874102791287,0.31588636355415395,0.1496713545619998,0.07228420583139476,0.0808440410600025,0.14190466525979528,0,1000
1.2456001844055005,0.4018259411054226,0.5006849356979592,0.592268673628472,0.14157708851629114,0.06397560112988468,0.08179685123768451,0.15313160340038076,0,1000
1.02429872447032,0.4872724716095575,0.5270588916209212,0.4591070584673995,0.13685815510150348,0.06563331587294881,0.0716947249661431,0.1613874683322503,0,1000
1.092550908154441,0.452833275948832,0.5667180521341048,0.48925344102265866,0.16926460125880805,0.08200731572377078,0.10326115591212356,0.16188539994128862,0,1000
0.9215257521946024,0.5428034294483094,0.6111031390076326,0.6320260913257423,0.1453325854620863,0.06952990522255306,0.061656181959541694,0.20805733879828003,0,1000
0.7446011516997305,0.6275259068095458,0.5570344225974625,0.7249885783162162,0.11614693886951587,0.055514762574297376,0.04762814217866436,0.2559011261246338,0,1000
0.9275305523600671,0.49764684321557706,0.48596737612606045,0.5458429588618422,0.11510205519077626,0.05836281870199421,0.061832962039080674,0.1756203465465412,0,1000
0.9713509591145068,0.5114902686191208,0.5383965945986156,0.646460114927806,0.13354140524669375,0.06377365101049086,0.06626205821420243,0.19476489477687212,0,1000
1.0777493870306154,0.43673525725243684,0.4881074120056562,0.5137376876742373,0.12228153523268398,0.05987255617289596,0.06624058174900528,0.1533275835086884,0,1000
0.9814905789716585,0.49163976975537055,0.5131118206898627,0.5087586288320525,0.13206159709824206,0.06543358097967601,0.07358493077873833,0.16973294792386934,0,1000
0.9841517398799854,0.4968066570920385,0.5967598835567726,0.5851465616113627,0.1447498253755927,0.07103886649095591,0.06785375553629917,0.18579066186268534,0,1000
1.0272760921857484,0.5232435998145194,0.524396769380562,0.7623144825422224,0.1343822361795969,0.0588910676485076,0.05786966747694683,0.20926585003601345,0,1000
1.0355037463509889,0.4995896162878886,0.5560420476199174,0.5044045612137705,0.1475727223820466,0.06866503665905553,0.0712976644951796,0.171941021620532,0,1000
1.0619588658393522,0.4883528187441012,0.46738433527249024,0.4854450838222203,0.1307591783966499,0.05938416167487032,0.06813609070612886,0.16224768266878234,0,1000
0.9863066029163953,0.5003051551827895,0.5677117578315597,0.44436363858884076,0.14054949221286497,0.06829449848016159,0.06698241102635244,0.165984553916675,0,1000
0.9285891968977874,0.5442072034011978,0.5572824210599963,0.4426882033023818,0.14233883282983134,0.06729557671033735,0.06591595619860412,0.1799289898482016,0,1000
1.1322647569976536,0.4508414987182105,0.4254606253103455,0.6931858561899654,0.13408561164544916,0.060720839478706,0.08756102914543507,0.1763298926245494,0,1000
1.2535388283766253,0.3686034749301286,0.39801115195779413,0.39258378894433166,0.13101146729450228,0.06201627593163316,0.10201973660070536,0.12341767441635003,0,1000
1.0106617349437717,0.4590892874484305,0.3994502460291023,0.44711424748352224,0.11576800245663225,0.057752889335816945,0.07813812850005912,0.15057634828251582,0,1000
1.046336887996664,0.4579169393158459,0.5216619009849774,0.3058501586861155,0.13554045276345394,0.06696624301498079,0.07380666068538357,0.1365802085553598,0,1000
1.058123172102885,0.43052096227908093,0.44801523520592723,0.39453338698035684,0.11888511833924073,0.060101780418537525,0.07559004612761563,0.1383335504613238,0,1000
0.9503994048042087,0.5459007869280853,0.5698363588613847,0.5002248959070622,0.13967943662759782,0.06385385199461302,0.059711703008275996,0.18655503202353102,0,1000
1.1778069087117338,0.4171807422977145,0.31551757337083847,0.3921736396607005,0.11490860790984203,0.05236563299937478,0.07843338828908757,0.1305921735388297,0,1000
1.0540884132294064,0.48281456757506647,0.5031584542588416,0.5867957907576026,0.1438083432442106,0.06721952904311267,0.08355189893103736,0.17707094286696104,0,1000
1.038222260150972,0.46527580408056146,0.5939383854826916,0.32581705297582253,0.15187343670211806,0.07567763436376264,0.07615441045849902,0.14228330931353267,0,1000
0.8427248235552526,0.5438561308548728,0.5759252275295116,0.5537705493679896,0.1265173195347967,0.06579770228080883,0.06181047949118441,0.1971623858926211,0,1000
1.1112859205115042,0.46401963045438316,0.5637033128133871,0.33021013840569197,0.15591999704143855,0.0724209045448326,0.07927790591181673,0.1403766267203977,0,1000
1.1291550326360331,0.4239391255425342,0.4231480070354006,0.2847185572283148,0.1286274588711075,0.06247408749130767,0.08683822187400839,0.12353067230698919,0,1000
0.9334920138621794,0.5705627335506104,0.4897069446958273,0.5406532588525031,0.12906553217720287,0.05674404587689994,0.056951459877184286,0.19558819045135267,0,1000
1.4137811214668505,0.3235320541344947,0.4152805597322258,0.3589556646354085,0.13786775607029167,0.06196076979675586,0.10741563045840853,0.11106810851469441,0,1000
1.1415890683741472,0.4795979380074818,0.3840134466905915,0.5002802915120296,0.13806382863503688,0.059546061930103394,0.08658885035917917,0.15804360790439734,0,1000
1.145654011772881,0.4277347998036815,0.515740245071507,0.2135821609923922,0.13663208649015826,0.0655849841462424,0.07190206441014106,0.11741437518305595,0,1000
0.8776294541628515,0.5629703190097096,0.49069279634042107,0.7199899747257528,0.1172786339833046,0.054935265299401626,0.05431669792557566,0.2188983527118849,0,1000
1.0071848797072438,0.5136690687252276,0.6358799527148892,0.44501733354638956,0.1600461106927894,0.07526451049320722,0.06651400914937598,0.17059613413060778,0,1000
0.7147856729582828,0.5968244872740393,0.5204161229545836,0.5779473323290335,0.11341699555677662,0.060622629590651206,0.06007508035492374,0.2282156717152604,0,1000
1.0488155174142346,0.5325664982271822,0.436027901899231,0.5103006692296781,0.1285433168238622,0.05438033809405331,0.05861133036601783,0.17393436857041558,0,1000
0.7726078687119184,0.6144219933084323,0.5748046341310136,0.6041775311200813,0.13850617230562537,0.06608190408247383,0.06016703094654101,0.24708198784767724,0,1000
0.9215513634958155,0.5485335277998926,0.5035222289763401,0.35542383545657114,0.13280531847358001,0.0626194532597506,0.06521346745145572,0.16671814537374946,0,1000
0.8965888106949413,0.5649383688779661,0.48093464018044096,0.5629294263534086,0.1254240998912878,0.05797529630335792,0.062023595759194264,0.19864137268065932,0,1000
0.8017696064717558,0.5119674446971879,0.5764718204103613,0.4024764594408004,0.12032166658010786,0.07050545131316034,0.06636905665017546,0.17002005181709431,0,1000
0.9122335834045082,0.5649458325263795,0.3622584321282489,0.691039668245786,0.11031114178072537,0.0491552176373241,0.059181772579874684,0.20593225632082665,0,1000
1.1294719284724486,0.475929507904493,0.557764683534972,0.486267400171226,0.1585887927736262,0.07092379276429323,0.07719899559169506,0.16192337050557934,0,1000
1.073264480746904,0.4747073970396374,0.42760482328648824,0.3652243966174535,0.12804998927986166,0.05931469095533653,0.07460592012042949,0.1435323950731808,0,1000
1.049786045347455,0.48249434978058714,0.5253921443601877,0.492715869181543,0.1440632658304276,0.06806999873880971,0.0783566519236364,0.16505041633153067,0,1000
0.8528335924634495,0.5543742536062798,0.4932142016695265,0.6792100206099488,0.1253936272927348,0.061197363484147595,0.06671020794566132,0.22611766058943691,0,1000
0.8514468378768738,0.6009258513263055,0.5351430037359499,0.6209507925003522,0.13023193642028094,0.05863351745081255,0.05526941449463078,0.22336542656206007,0,1000
0.9859928913921515,0.4973919738583758,0.4945110150652332,0.5181103889264402,0.1420114004199071,0.06937483119509125,0.0888701872809458,0.17399746628780974,0,1000
1.123402975680099,0.4318598537066775,0.5327385561166464,0.3728675691181228,0.13807211283565018,0.06632523564565908,0.07203573312737693,0.1372841109590529,0,1000
0.9290494054586759,0.5347254664454814,0.5676731035611583,0.4339297733271404,0.1369505893856881,0.0659665718705194,0.06045790777479866,0.17532180042378478,0,1000
0.8490907120025823,0.5924495343769539,0.544550525783968,0.8111201927314162,0.12726418228494918,0.058289542592200566,0.05508954027694013,0.24870900543742577,0,1000
1.0484990263593312,0.474804646665436,0.4232254904750135,0.5088900051244625,0.119558348439668,0.05588186012354166,0.06655754783979065,0.1602050427857203,0,1000
1.1076307301910475,0.462161364406822,0.4340062265139814,0.489514552501414,0.13859224726766908,0.06403126751560251,0.09083962934305824,0.15544340394305511,0,1000
0.8432929901803004,0.5176146100623239,0.4835295038998515,0.5339016845133313,0.11262976461274266,0.060865502191213096,0.06858789435779146,0.18319622773324606,0,1000
1.059577707708847,0.47306018271081823,0.5000351596200892,0.3803645931420684,0.1364273522073476,0.06463407203163557,0.07305562101618143,0.1476553183153728,0,1000
1.315010623309752,0.35589165304013026,0.26684081554003625,0.3549953182356096,0.1192211853104218,0.05379998962139726,0.10241218078254821,0.1145927739462176,0,1000
1.1571455022200132,0.4603618360199088,0.5050090327169467,0.588673355564686,0.1525159833553478,0.06821843912270015,0.08759513404119972,0.16861528806704512,0,1000
0.93866230714184,0.5328758598776361,0.5202199941668046,0.5888167915542866,0.12777308912848548,0.060359205873609545,0.06049241851800644,0.1923803322152856,0,1000
0.9670511792719655,0.5250798121786737,0.6208910131575497,0.4968522902255394,0.15861166807771176,0.07592920473092131,0.07102015207920258,0.18260839517683594,0,1000
0.7592881752754196,0.6132298102024858,0.6365976231032499,0.43979437340930433,0.1406939196270121,0.06980727500752246,0.055267160124276536,0.21324034352956833,0,1000
1.0629233824462618,0.4742814003010997,0.44765851777375415,0.42184108246288143,0.12954207728469558,0.06081681492195817,0.07393689589469853,0.15087646955219738,0,1000
1.125142073793354,0.45462505947901505,0.47583805823077324,0.5181916864589623,0.13577507654619655,0.062295463816236726,0.07689305975451538,0.15715123370758463,0,1000
1.036798297050886,0.4790560515133207,0.5151815566114952,0.4155329304126133,0.14719760809531784,0.07142953422996459,0.08816376044695363,0.15486022488813087,0,1000
0.9702203680314947,0.5116931048452604,0.48964331579875864,0.371946956821466,0.13326737950289413,0.06416192263073639,0.07389890884845676,0.15757002115552338,0,1000
0.8164658487063302,0.5912989020391832,0.611143021756142,0.5367021931842859,0.1379372108537345,0.06677264534379507,0.05512852323926773,0.2167462621053965,0,1000
0.9138616902246842,0.5341371070760511,0.5954366634443374,0.593016992387504,0.1388736777021564,0.06805818537938661,0.06215161505384819,0.19879011094280297,0,1000
1.2998162484755293,0.3560503717223296,0.49796207373323087,0.2428342050074505,0.15687499214648518,0.0747089663110817,0.11684941728534133,0.1072996123144018,0,1000
1.0477700909142798,0.5033799688185472,0.4678016187639708,0.5013276180774557,0.14198898708350677,0.06416479977854476,0.08094018762830395,0.1696990736839583,0,1000
1.055229597582722,0.49067435976117285,0.4836977165487746,0.4455066529301355,0.13912495341554426,0.06395293863773446,0.07629379672191833,0.15951154073894094,0,1000
1.1018451059272123,0.4936346604852144,0.5103540627432017,0.4043802846624748,0.1475557008975469,0.06506493835018122,0.07174225503243391,0.1543944944111436,0,1000
1.391532618353427,0.27325729322290226,0.25605574215869065,0.11969957474079301,0.12219819545460282,0.05966346164478273,0.15344187109949153,0.08288021239248279,0,1000
1.260049871096112,0.3795255758158203,0.4121758948367612,0.34835792982922553,0.1311543548120153,0.060974507710069056,0.09143955843258417,0.12022751359960522,0,1000
1.1144006198666625,0.4729407408984001,0.5378697579499063,0.6824703755384245,0.1503388212256205,0.0683421008062193,0.07733161588238562,0.18536645551658412,0,1000
1.1272111009282855,0.40839131542833224,0.4575112384423219,0.38872008229300115,0.1378087612966015,0.06853461484797599,0.10360763154040636,0.13415913424702666,0,1000
0.9327278923654048,0.5380049474267573,0.4552661243092972,0.27274672989470916,0.11874601247834053,0.056145629427648024,0.05609171932698878,0.15114246679150745,0,1000
1.1892232184181224,0.37436687305046845,0.3540610582368324,0.33644735677752613,0.12222460299857046,0.06008576353748641,0.10420142614892776,0.11895789208569717,0,1000
0.9679417653868728,0.457382510934046,0.4392080404370072,0.47947203676807765,0.11269420845610846,0.058709785739817166,0.07389598617551557,0.15611367580712562,0,1000
1.0767144998084404,0.4279624925225275,0.4829433935677286,0.34213802961118156,0.1376876721911696,0.06986417995148293,0.09557728436438408,0.13374508408211677,0,1000
1.040745880733346,0.48480232900721887,0.4405164683909978,0.35099287426424747,0.1290656766418312,0.06016229660008488,0.07589001947260247,0.14585465991635327,0,1000
0.6841045175958592,0.647464548480288,0.6194505566544785,0.6969420627194729,0.12526346139245118,0.06270765155417263,0.05222213847865035,0.27099877315496246,0,1000
0.9953314873947186,0.4944866440948623,0.48735714478780934,0.5231365244035945,0.1290224718308246,0.061994908179799815,0.07068012879930208,0.17138432810041418,0,1000
0.9813869470790881,0.5094403503934524,0.5187970140684811,0.3943670496142459,0.1298213984808142,0.061877989470038634,0.060286271135726356,0.15981170110306742,0,1000
0.9908943828301872,0.515757664489708,0.6616469665660739,0.5556103233518682,0.18622071384366318,0.08907086428625001,0.084117936640473,0.19554676517366554,0,1000
1.111603062036227,0.4669476501639796,0.460804119256643,0.3500069845517138,0.14162145413240387,0.06524593100326129,0.08478371969099618,0.14023985994952004,0,1000
1.272359809428342,0.36203282101547585,0.3835695942491784,0.2553124178515955,0.12758588863353432,0.06009842324314065,0.09803699058581501,0.10788077470533644,0,1000
1.1913650558397735,0.41366367669030135,0.4493934334031159,0.3237116601825281,0.14533422878055738,0.06831635083884725,0.10228385548923942,0.1261525203037623,0,1000
1.217285309480475,0.4276730691972103,0.5059413174143557,0.33160673027739507,0.15244286935720158,0.06890457128708125,0.08807347096822142,0.12945710244199318,0,1000
1.0973490398627777,0.46628473104864193,0.36086063730404766,0.4020605762196475,0.12676456822467863,0.05785808567331984,0.08506628803989759,0.1443310708834395,0,1000
0.8432254761911753,0.5656660334895831,0.5931325352866911,0.6609501811026985,0.12745035967804003,0.0625843672593037,0.05375347398873771,0.2205150717253491,0,1000
1.0773955178932655,0.45815138502297353,0.3400579121886998,0.6526316419494546,0.1154369765408552,0.05338436895593612,0.07924961299260924,0.1699898614076931,0,1000
1.22103686282074,0.3748799888086102,0.3705459409155394,0.621090077968128,0.13317215763868548,0.06360081501711354,0.12035872831196388,0.15002708638446577,0,1000
0.9552378909442574,0.4621225855222163,0.5368866879890152,0.6639600351970603,0.12799046344364645,0.06780917410120706,0.07950168953840835,0.18643397826988772,0,1000
0.7628734425226349,0.5800317067124459,0.620248128534592,0.5864936714799968,0.12825432923860094,0.06809451750291025,0.05694592938075944,0.22177608982550479,0,1000
1.0038074156336996,0.4546405376466236,0.5111265072632314,0.40966988320071324,0.13139975312834806,0.06780363022773488,0.08166259816218747,0.14932097766487668,0,1000
0.9973176829221917,0.49016734197737305,0.466109994827964,0.4044171471086464,0.12291872107019387,0.059433499520405754,0.06629689540601681,0.15426039477312586,0,1000
0.8986861322716619,0.528706821758378,0.49353820633731993,0.40767276277887243,0.12868025581001716,0.06431865864466725,0.07176313764584248,0.16998338634973362,0,1000
1.2304437023544181,0.4012478643349426,0.3872024785054957,0.3784464244383115,0.12541056569722367,0.05695525678765573,0.0817454041660262,0.12686757235792775,0,1000
1.0940220577253315,0.45344079364952616,0.4117289339529263,0.49722109158215616,0.12119912160384723,0.056384837084739715,0.07292308917665637,0.15275224694482695,0,1000
1.1925660403358171,0.4076983339146103,0.4181076099786086,0.3779852742753756,0.13103238260314634,0.06154772284916006,0.08950411829266607,0.12931193188252935,0,1000
1.2932349846953322,0.4057895843127475,0.4827771797156707,0.3933996747372364,0.1574125921632184,0.0690928854319526,0.09844871927531115,0.13149505605491144,0,1000
1.0268448042153486,0.4925942731625401,0.5055619364527592,0.3594732175976285,0.14449390134389958,0.06842522004579207,0.08011982851199698,0.15162527944448362,0,1000
1.001898289654673,0.44470341752699044,0.4841390645919646,0.5554768392859557,0.11941767195845948,0.06206018568708968,0.07539373763332964,0.16224100567172048,0,1000
0.8864999791786589,0.5540940079863507,0.6271123980991551,0.5841958876876098,0.14744143470272963,0.0719784117460298,0.06265553588326635,0.2079020553095505,0,1000
1.0231970640416819,0.50171612318901,0.33142282538597606,0.6820932300618885,0.11176593629958469,0.049845329793422204,0.06679993915615617,0.1835210091152886,0,1000
0.9411065996853452,0.5276507934407058,0.5351719850696173,0.43455032864295395,0.13007354987374403,0.06257404054556966,0.059575662628526635,0.1709982965449296,0,1000
1.1592147783613749,0.4137136093950306,0.37626055545150544,0.3033326545588091,0.17903788415660055,0.08808545719805043,0.17354229225993204,0.12634706660850573,0,1000
1.318774175989899,0.3439196620338368,0.447267802802993,0.2126346315520345,0.15160499846836462,0.07232498220792646,0.12816346207167267,0.10172522091076563,0,1000
0.9568101602736572,0.5030997042656238,0.590384223814304,0.5589014260485554,0.13659938085665962,0.06824119068797167,0.0636902539744187,0.18205649928336592,0,1000
0.8819949922159586,0.577197600643427,0.5253460729242468,0.6247457973758728,0.13476315356676702,0.062448424865837605,0.06647647130929497,0.21276634007798084,0,1000
1.0414112417396633,0.4353296292436595,0.43851423973858916,0.3153155017179702,0.12044290127397846,0.06166686526969767,0.08079532832732568,0.1309599052546366,0,1000
1.0177145575689468,0.47098970326735795,0.5473103385519036,0.46379265178844264,0.13619074288151503,0.06790012127985286,0.07312142473986272,0.15897971082332152,0,1000
1.0378109933911916,0.45279439314991665,0.4590487701457869,0.47027692168646235,0.12561712672081032,0.062152581502379886,0.08120916681060292,0.1533049319008257,0,1000
1.0736732861524576,0.44592633872475196,0.5341780407701571,0.45106789146989873,0.13916608345812814,0.06835584506108414,0.07874742058731131,0.15108103597525865,0,1000
1.077797546251477,0.49153917566086536,0.6049261394564558,0.40195679087462266,0.16342256770422425,0.07502019789788981,0.07322991643642059,0.15686152065071793,0,1000
0.9373113506337171,0.5470195317856439,0.4777258596988495,0.5560985222338194,0.12432413490848282,0.05681241906575349,0.058798622023475244,0.1903417640635526,0,1000
1.2171530460694437,0.40977019385410496,0.40253701051555985,0.4181293877446084,0.1500839612638624,0.06923796264781477,0.12006761367700147,0.1355287935107267,0,1000
1.0265645487058197,0.4759278338210616,0.49082291056268096,0.5308949164645138,0.12815841330574193,0.06142465364718705,0.07157281001603699,0.16675226010708663,0,1000
0.8608351481820632,0.5551459648313088,0.6305777140101759,0.36838796147604064,0.14116178490826084,0.07079438431615377,0.05685159834203312,0.1763760596572649,0,1000
0.9938327889865954,0.4963147849212718,0.509507597152461,0.2684266022822656,0.13688131966149916,0.06687962610196478,0.07458300267098497,0.14081387477344537,0,1000
0.8537823340163145,0.5962368867483607,0.5217059341496628,0.794851408028647,0.13374924613420514,0.06091593282835472,0.06557396955727099,0.2473830180931693,0,1000
0.9578059295104544,0.5332418920178382,0.41912304806276396,0.6898433601245543,0.12569431012145232,0.058126689419399996,0.07543154023789954,0.2000645276677983,0,1000
1.1283835427408089,0.4392084127467311,0.41929542781785234,0.3905575576136727,0.12629661260613115,0.05912300546164909,0.0785358215291905,0.13761044311394807,0,1000
0.975257413426375,0.4773385166609727,0.3945721338308166,0.575847016502687,0.11097257562707286,0.055100888635310964,0.07232465410097426,0.1695965860617482,0,1000
1.0549932887718037,0.4569516743640525,0.5391662102112613,0.39718378612812827,0.14378163370586863,0.07132990566251832,0.0822667745302665,0.1473008239570523,0,1000
0.9315751141836282,0.5444889778890353,0.5840606351378007,0.46552037776552324,0.15317828013204,0.07257526500306943,0.06699054760689924,0.1865216122167792,0,1000
0.893506849851699,0.533094930052115,0.5733039778508506,0.5059118244440567,0.1326683849885622,0.06652755611267806,0.06171100303943925,0.18614375747236736,0,1000
1.0754381558045547,0.4475553193076168,0.381493389605279,0.5450689167256761,0.11483960949081794,0.054377001477055105,0.07278897178206814,0.15654029568438435,0,1000
0.9339712139787106,0.5319393366211637,0.5356988539900033,0.2980387160385561,0.15077372845210413,0.07317293698056547,0.07901826613885653,0.15758558726006092,0,1000
0.7678962118011627,0.6312796168014733,0.5675699934936809,0.8475771313893029,0.1288116144510206,0.05972642236602616,0.05760612470556952,0.2781732941575136,0,1000
1.014806493258979,0.4855314156366205,0.5400794382406321,0.37787585816471886,0.14287357747461002,0.06962467916145236,0.07506640179439085,0.15274096657822872,0,1000
0.928920528429584,0.5205049533176639,0.5299546513324642,0.5775790364529004,0.12408752762886154,0.06062898219873504,0.05945843557258491,0.18753193430113607,0,1000
1.086816053798112,0.47394945756326934,0.4961195143985997,0.5546815233121171,0.13722461059171567,0.06293180126171298,0.07357451067727279,0.16797095400022594,0,1000
1.008572895934513,0.5047052323822117,0.47531126035237625,0.7357320167907915,0.12599263029711907,0.058099459722340235,0.06575680473713225,0.19841067368701146,0,1000
1.1513858492542,0.40179543356952585,0.3691036301444369,0.39342868450529184,0.1166293180279776,0.05631264707461605,0.08319769867611619,0.12954132708548577,0,1000
0.958006865503895,0.5013788265174555,0.5281213569593982,0.32893888349429146,0.12677889476652895,0.06319470057992191,0.06049275427814618,0.15028444862474674,0,1000
1.104447095468753,0.44648066876305054,0.5684670757175716,0.691226631510051,0.14129579972258857,0.0674406588039097,0.07124228740891193,0.17985968875967523,0,1000
0.8880238875141225,0.5846348330761654,0.5993684293568936,0.6299041605868358,0.1413079682504728,0.06397944764143021,0.05521807296771754,0.2203481244032024,0,1000
0.8426901976638479,0.5778785438453706,0.5550414478966679,0.4655547993564319,0.12586979456503256,0.06052475581187212,0.05333710870625748,0.19448407199624937,0,1000
0.7919324841344423,0.5614578599392119,0.5500791074768253,0.599287173087009,0.12368799850303562,0.06527104879018775,0.06592455771877155,0.21295183335631024,0,1000
0.938212634676022,0.5111913677846159,0.38890311927025933,0.4914667842254211,0.11149384627018685,0.05439067641019098,0.06778210730868778,0.1684793764876073,0,1000
1.384593820461853,0.28067915895678597,0.495826701211929,0.21097973826646643,0.16330155431851498,0.08172113512798797,0.16980915215046075,0.0934694608841165,0,1000
1.0475749330422988,0.4715435885650418,0.5225464404067804,0.4877845561530358,0.13927549013732754,0.06683896143568072,0.07689309858683137,0.16211584492884604,0,1000
1.1867892421591117,0.4310259177162809,0.4895940305149329,0.5996390716299344,0.14277945305049894,0.06493193431483513,0.08543094807505938,0.16113812909296926,0,1000
1.1450567475164697,0.37833973219274897,0.4401714473794572,0.3779692510267685,0.12292435699620008,0.06256955290480426,0.09107971898613393,0.12574891167363547,0,1000
0.8120973004681201,0.5651408971415836,0.4626256813710117,0.43591251330817743,0.11225034755727338,0.05719023478162328,0.06119622959837162,0.18401219357638768,0,1000
0.9123029262293881,0.5184809618615142,0.4519492205877079,0.7758754920337287,0.10438705533742239,0.054130151659254305,0.06842697011944095,0.17621580627167527,0,1000
1.1096117743776812,0.44801719964987274,0.5281812327025526,0.3869884483437212,0.1413988233352658,0.0672977342477955,0.07610515502551989,0.14216530599386504,0,1000
0.9321683560868289,0.5083623420977696,0.482307716553582,0.47289547433504087,0.12233573492173985,0.06129047213426198,0.06993118919826498,0.16950464184358857,0,1000
0.9338833397987304,0.5410244799980902,0.565093642897853,0.37872012352228884,0.13491109602232843,0.0638247924837118,0.05586373168594582,0.16879673288609326,0,1000
1.0901281672291236,0.4581055906747714,0.4661730194638155,0.2765244162940886,0.12911963114071948,0.06125775011668003,0.07454071863032187,0.12909408554884516,0,1000
0.7174846742592856,0.6266586334922837,0.6706262033157668,0.7583042097090945,0.13885274483185042,0.07040588627359967,0.05638774765688253,0.2748602586390242,0,1000
1.1894337726970137,0.3818507590157541,0.2415318364297459,0.48760327211780635,0.11043915782884267,0.05211931679997909,0.09831894574604579,0.1330728924083913,0,1000
1.0920135370682504,0.469131272199813,0.5159976503534852,0.4455206884601735,0.13671303275375413,0.06321009749746614,0.06687572453334265,0.15356281463490515,0,1000
1.079849210496212,0.4774329617887312,0.4270671629251167,0.44706365844489215,0.12821910179330362,0.058675686748298435,0.07407147905208937,0.15314764298699604,0,1000
1.0666608667845807,0.45555353802353143,0.4790879676270946,0.37088700631349514,0.12587338732041103,0.060784660363357175,0.06784508504163758,0.1411898728432906,0,1000
1.1019090235914795,0.42428683759608277,0.5695134577912231,0.2586464709410672,0.1460786351826857,0.0736639023312384,0.07894453977210006,0.12380252599673945,0,1000
1.1291409989267585,0.4352947626164591,0.4493203823964728,0.38637426447754775,0.12924834049241554,0.06085663541461369,0.07770348400288701,0.13739510380386066,0,1000
1.1938852389487984,0.41339718141015697,0.4816959786106438,0.5691108580098214,0.1311953580505756,0.060251884791858605,0.07127357520599682,0.1524920041818473,0,1000
1.1614154392503375,0.4428199197642474,0.6047829437766582,0.42380800583371303,0.1661893344919628,0.07688029016610312,0.08003796883564715,0.14794327354630651,0,1000
1.1057707666621965,0.4122129786451452,0.43831892509460335,0.3684956044508087,0.11768762222559236,0.0584456262564152,0.07256633790666009,0.13079253569596566,0,1000
1.0385728047485512,0.4634665934639512,0.40897104678786106,0.36886597296644497,0.11808450211285322,0.057101546250546115,0.07181568849717497,0.14203884937677938,0,1000
1.046845603294989,0.5100134726821883,0.3992144810485958,0.3105997894954302,0.12762885729320783,0.05663041134143852,0.06928187846023041,0.14511647306752937,0,1000
0.9833693684192686,0.5333784985877821,0.5135274345390102,0.7792729545170609,0.13081603833170233,0.05901684173520937,0.062197459580332966,0.21381297162471183,0,1000
0.9595600960049905,0.5185156755558823,0.43472366853966754,0.4909462972956379,0.12209311337114395,0.058073325519020697,0.06967092738057708,0.17170399802441247,0,1000
0.9833016503572009,0.4682839474344,0.4925315378410691,0.45163031175330254,0.12315088773055254,0.06313661654595297,0.07390951765394291,0.15598436790173115,0,1000
0.831892282933903,0.570270993837169,0.5603466472815459,0.49581573438351184,0.14756951774299604,0.07389220893034566,0.07933696175031872,0.20237891754020623,0,1000
1.026821867213899,0.5137562055771844,0.4882124062414886,0.34966377971292245,0.13335856411685496,0.06051286058695106,0.06286046473624218,0.15291544793825618,0,1000
1.1341883586377306,0.386414815831948,0.43751987067783943,0.35797899351796064,0.13968525309648636,0.07195711633810735,0.12322124733897305,0.12661595384319624,0,1000
0.961483217047885,0.48697054879667284,0.42269957341733416,0.5421562161870803,0.11189928261176027,0.05575373816090527,0.06774814447489982,0.16875728471119453,0,1000
0.9659279877100033,0.5180420950534261,0.6807068628356938,0.5550129113210845,0.19300634263788563,0.09474613890522236,0.08401538868718031,0.20000141389041498,0,1000
0.8959492875992127,0.5523994960626311,0.5253076133202103,0.6729291177341467,0.14271085246565463,0.06754872176863637,0.07389912369974634,0.22637268070675087,0,1000
0.912674262765326,0.538142874868894,0.4083141575360927,0.6728398353030354,0.11080044672546017,0.05200181275343228,0.059816640393169085,0.19944919403252653,0,1000
0.9739439508456065,0.5457885290787169,0.4370151396447693,0.5834965265780716,0.12496308727353263,0.0550082160338075,0.06243823202347267,0.1905857906546561,0,1000
0.8659915255980765,0.558845952210437,0.596170797581734,0.5314875497911714,0.14425051209351095,0.06979287883100567,0.06121122459364848,0.21243225287634454,0,1000
0.957250744342686,0.5207363049105936,0.6047646695384122,0.4432665305208186,0.15078603172193236,0.07293811116127313,0.06739705214333294,0.1743053658020054,0,1000
0.9958987810113821,0.4987459785385822,0.4729203732829917,0.4114284292190127,0.13324055495662718,0.06426037364532779,0.07637470986797573,0.15814502352885376,0,1000
0.9905121374399068,0.5053772824023252,0.3392962655222584,0.3331792751130444,0.10801962999016489,0.050287237196627636,0.060917868231544936,0.14563572569887834,0,1000
0.8229336468242701,0.5512022583267735,0.4411384745902693,0.5898919902200463,0.10868123556813875,0.05584784451761499,0.06448901436819822,0.196786983670248,0,1000
0.9367940062306243,0.5266180513218334,0.3928745593192013,0.5172387079577949,0.11588437500293103,0.054802685593422336,0.06928706675700441,0.17636146420631027,0,1000
1.0318093639618158,0.48119846420407264,0.45084508010522373,0.48681916864749675,0.1304154523472686,0.062165966445227996,0.07955134022065712,0.16146179247385714,0,1000
1.3168405824986424,0.36006024563869204,0.4385185255800989,0.424911760201518,0.1343823247277814,0.06128890388945109,0.0911508563893386,0.12449157750612226,0,1000
0.9435278464532496,0.5250713343069082,0.5794952155793671,0.48135888458128573,0.141608272861324,0.06876686665508129,0.06560774650204636,0.17895949243661102,0,1000
1.0358475175080781,0.46952868184177443,0.44130871912719294,0.5732475919626399,0.12677309257885316,0.060909541700201714,0.07983574398298089,0.16901344454205527,0,1000
0.903886657893488,0.5443808325581024,0.7187854780806036,0.4884807651933874,0.19619660629811483,0.09692810351214806,0.07328824469293592,0.20247786857150862,0,1000
1.0677874466455723,0.4991505283252318,0.46497235919675756,0.5993663060155572,0.13929398125651923,0.06166846249961017,0.07607934660960529,0.18044369199354704,0,1000
1.1959161953491453,0.41163983310205254,0.39642453221863816,0.36243229407172134,0.12822710342162577,0.05921576783792606,0.08624029220675594,0.12808192697460574,0,1000
0.9783917279701675,0.5265923494792313,0.5454462562917151,0.5291822208864474,0.1327635266529705,0.06164607856916294,0.05801241215462977,0.1797860012760852,0,1000
1.176415215703549,0.4406087411625185,0.4701813570321139,0.3266234978344675,0.13436898678842213,0.060845836933713655,0.0689637402692572,0.13071263339388717,0,1000
1.0115481153836583,0.4380122401644107,0.29762160769866175,0.4915855058177716,0.09954979711703688,0.050044794954671235,0.07318151883803375,0.14758777573554124,0,1000
1.0765829648733483,0.42656940096363133,0.5282111692068306,0.3998329141603106,0.1332208736844771,0.06767859304299319,0.07682279639551547,0.14005354699637523,0,1000
1.1153152052890662,0.44142883386443016,0.46826261821466186,0.6679690623812974,0.13412077837313557,0.06328367508840822,0.08607764822488631,0.17248945353046813,0,1000
1.0936849781251574,0.4469033608856653,0.46370353465047687,0.4418542925946725,0.13185568967750033,0.06301142928399373,0.07939639680660829,0.14759962852706962,0,1000
0.7225445772534416,0.6254877088734881,0.5931985197206548,0.9995656280463783,0.08370986940431106,0.05240119588211324,0.06140482507227746,0.03864665796489118,0,1000
1.105522327258153,0.4132502948887545,0.4629652488899512,0.4074294335798571,0.128912638844224,0.0647588762376618,0.09028179971973932,0.1361810129957775,0,1000
1.0379867599313457,0.46937894285508663,0.5486749881660973,0.4247522693031851,0.13877336132298973,0.06795889616833199,0.07216563965896322,0.1534793735567571,0,1000
0.8692678991720292,0.5416395934368808,0.49793347168937296,0.7802976160349021,0.11681647579392526,0.05788326086034379,0.06154824165684923,0.2218688103753266,0,1000
1.0487827683499322,0.44586494652826547,0.3665261848053563,0.3929606200054033,0.11712397860917956,0.0579277346559801,0.08544584674442937,0.14000493669058792,0,1000
1.1457084971313505,0.40782123598614295,0.3650135764780497,0.4229562023838843,0.11560720932479236,0.055397594545322,0.08129198085234494,0.13345416562128284,0,1000
1.158085451158605,0.45761393196672606,0.3769649919258196,0.60021843394382,0.12230632993616793,0.05303190705727779,0.06942878459385937,0.1620234204755863,0,1000
1.0188954362455545,0.47846254781753833,0.47209018902083816,0.49063172637376057,0.12585193960680324,0.061046258055081834,0.0719975022355191,0.16144288783870692,0,1000
1.286828140302913,0.3841269856101816,0.46548962115552595,0.41276574560741863,0.1458679286670358,0.06638391738718985,0.09864861324785557,0.12884781855947477,0,1000
1.031708185957415,0.4629140006517484,0.5695597393523011,0.7021335536786643,0.1424070483812261,0.07068324128178387,0.07886224945147598,0.189779900862418,0,1000
1.2169611518801278,0.4254943452503913,0.46744260449953745,0.47529520712783463,0.14677323090091712,0.06586273869393901,0.09245440666906088,0.14497691845569494,0,1000
0.8862352794517417,0.5768944931585767,0.5810658028535238,0.5520528877009734,0.13668807965379984,0.06300467945323017,0.054630182949596255,0.20560648099188292,0,1000
1.0661026825575142,0.49379659180429597,0.5815541121218822,0.4180101787501375,0.15297075453503278,0.07041806836071021,0.06710322598293825,0.15856710472720922,0,1000
0.9492746384527319,0.5389266480824134,0.5287187357373564,0.5162276151679124,0.13192081860394198,0.0609984190672894,0.058497205577311785,0.18510319368044612,0,1000
0.9377818870186659,0.533567927749097,0.5269648660626993,0.5088253661459289,0.12895898768589467,0.06150577904943175,0.06041267848603746,0.1814716033115673,0,1000
1.070059308548311,0.44686620470421157,0.37785823763381216,0.371889491565899,0.11579258660218295,0.05575145163022203,0.07579061290695915,0.13738092117429954,0,1000
1.03817236569782,0.48632709748526365,0.55523548759922,0.567513628399186,0.14466692550330143,0.06905551527119222,0.07421788073099171,0.17580388105240868,0,1000
1.1703613557382941,0.40121138147633933,0.35771050015351136,0.5307598346364784,0.11942725561690908,0.056243818548883995,0.08943340354371708,0.14384002581406558,0,1000
1.2770978680762384,0.38823349187848993,0.3410379398571254,0.4681631625508495,0.12216775151349125,0.05407404421427552,0.08446817927632146,0.13193093635683364,0,1000
1.0106894472582015,0.4984689513634523,0.5106178608660031,0.6596633006207787,0.13224733670819108,0.06219011009223719,0.06892181059028216,0.18942420240054506,0,1000
0.8802914865482739,0.562111583926563,0.5158341866312195,0.5534321527432926,0.12378308939383893,0.0589731302826149,0.05887889388305094,0.19573535564519867,0,1000
1.0590963820025234,0.47860601709336004,0.41880025521038217,0.5591669917448023,0.12972912148337448,0.06000671875879965,0.08218914661431381,0.16821120456278243,0,1000
0.8092458235762378,0.5525342611240072,0.45313926872774746,0.6743652153412978,0.11391594189934283,0.059356136974590815,0.07265303073845646,0.2136696416451652,0,1000
0.8884510849542828,0.5478159176102286,0.5141106215088828,0.60700502072358,0.12767632599424342,0.06161806841785669,0.06593300617073006,0.20270095342783165,0,1000
0.8551419054809358,0.5666991810707571,0.6730068529260375,0.46284070624486007,0.15515974585655146,0.0768192563166952,0.059482497950092805,0.19602059724347096,0,1000
1.1859843662651295,0.40401244263784675,0.35291718016573437,0.48207869693768446,0.1206473207527164,0.056129517009497774,0.08805020588165441,0.1387372601346921,0,1000
0.9831581484523614,0.5204740014369408,0.4706339943732259,0.5120818167683395,0.1285899582692682,0.059829438904591484,0.06814078044841046,0.17504638110092868,0,1000
0.9574949463522582,0.5588109477626452,0.42873154726410023,0.5097714893656696,0.12903783537328495,0.05656805328369556,0.06692840907529077,0.1853085132880234,0,1000
1.0161454468942486,0.48754742542298457,0.49947212225166426,0.4962260034223928,0.13167514589047663,0.06295516097318604,0.07026531365473337,0.1661089695387941,0,1000
0.8462406867265133,0.5502624082878145,0.557235291811267,0.6390321897418489,0.13230455302036584,0.06754457104096559,0.06942662217928829,0.21285480098727094,0,1000
1.0712442009378271,0.4563451688579514,0.4854191696449311,0.42825178430623706,0.13595042668041077,0.06608130840712334,0.08146183575945139,0.14876679088771272,0,1000
1.1426828806701488,0.44331314072156847,0.5244711637246077,0.47965589181181134,0.14526502759839965,0.0674279327965581,0.07981774791263763,0.15197393929048364,0,1000
1.0344299344811565,0.4504567304151933,0.4944833056845043,0.39639603539962576,0.12587631252308285,0.06313159672131585,0.07308215165529544,0.1447456896714049,0,1000
0.8999809864717003,0.5625839405945618,0.5025509968439315,0.5239070728817479,0.12649682026485762,0.05880500308559683,0.05952042525035931,0.1927816578226552,0,1000
1.102009897407624,0.46392569598151906,0.5733691336863643,0.5640343744672722,0.14561121007761926,0.06733870066157,0.06572689867032724,0.16926793998617776,0,1000
1.0650843947406032,0.4479588895085251,0.4737269353695485,0.43594845235466656,0.1348334098312542,0.06666230320476406,0.09038063164657309,0.1479671249510501,0,1000
1.0115982913068768,0.47073621744061817,0.4510937171307684,0.2126916004026511,0.12110012115083602,0.06020217685699896,0.06825369859405513,0.1275734351781935,0,1000
1.1220485157273992,0.46439396859364235,0.356290566400001,0.569561664338551,0.11489505887809222,0.050377864100098674,0.06278686570892646,0.1600027411376294,0,1000
1.1990680038468475,0.4144750369071701,0.4632753771471186,0.4492857137383718,0.13058111708024528,0.06009210790057606,0.07286784007517083,0.13842967188043512,0,1000
1.042718193394677,0.4618633222400258,0.46296917571746543,0.41928458580815237,0.12141794830246107,0.059061183930261094,0.066098051301368,0.14809879208551627,0,1000
1.0765440977449576,0.4631547788941746,0.5030145409877306,0.5491090336742012,0.14149248385657343,0.06747684576574722,0.08424254025913014,0.16589183675085584,0,1000
1.2130994955005818,0.4113808277867566,0.3582974223801687,0.3631668981018498,0.12976593828540006,0.058998515920642106,0.0932602564807024,0.12769403865042972,0,1000
1.311798017945492,0.35174488994396597,0.4245052498668548,0.4435763711048896,0.13609936268483536,0.06321519949660685,0.10500462929389556,0.12551513133381575,0,1000
1.1874223408365325,0.41247233986784165,0.4422642934888513,0.35133918296545635,0.12773355714969226,0.05943117703863703,0.07465783328543218,0.12767784457565656,0,1000
1.0617381578182905,0.45231626640437156,0.4504354517954932,0.37508454617391646,0.13724424734217572,0.06753251331759434,0.09535769316074301,0.14201591204445405,0,1000
0.9366183310392381,0.5208202892001661,0.5232000894459289,0.7217279891709812,0.16029828648173206,0.07490690233191082,0.08421513378554167,0.2567439485905038,0,1000
0.9905664905539361,0.5079909502717808,0.46079183849217337,0.6696988519859464,0.11917186766224394,0.05497454230313828,0.0603381333614214,0.19014758593809514,0,1000
0.8887635543198495,0.5603867278437059,0.5624485707099882,0.549563349447929,0.1318387362743835,0.06211689550129915,0.055693831357495005,0.2005813537006095,0,1000
0.941865141956575,0.5067838369408653,0.582596041508657,0.4866980309123757,0.15986574217796776,0.08089896750618424,0.09175169815925574,0.1802431769695117,0,1000
1.0963085774789214,0.45038877324187643,0.38527573821755445,0.36939664730996485,0.11697712287008383,0.054773286172755065,0.07005911584227292,0.13700539470415332,0,1000
0.6888605563696808,0.6714266393868707,0.6453236441846361,0.9999810420058668,0.08581373233324782,0.049623200646069156,0.049099881340084355,0.003969569575805093,0,1000
1.0888682866302586,0.4339676540505307,0.6572278692390263,0.35683951494951566,0.1786517306571432,0.09032828735344568,0.09094251374121844,0.14210395526988567,0,1000
1.2764059654362272,0.37887352112362277,0.42910066150755677,0.34398512483603066,0.13809065405777204,0.06358143548677614,0.09786520656271148,0.12007738352279017,0,1000
0.9293089506977251,0.5474583530866244,0.5672384440081251,0.5951627062804542,0.14213177987228265,0.06679858478018362,0.06598798317433453,0.2012284824942083,0,1000
1.0515509576886348,0.499981329649903,0.4998697027091687,0.5275536109488462,0.13996732913175428,0.06352211056302008,0.07262781456193095,0.17193947494244358,0,1000
0.9059114227950734,0.5308162421931066,0.48206524303317994,0.537403954868772,0.1180248810841805,0.057471562258070256,0.059296424881448984,0.18466184258980106,0,1000
1.084023750761903,0.48385228399273666,0.4797597456047964,0.49926120915242367,0.14061712251708575,0.06403020125991944,0.07912857644164249,0.16290125427703134,0,1000
0.8687656568590943,0.5337874919126471,0.4682293639627425,0.6897556007501381,0.11493482747871728,0.057879584769424966,0.06625357342952229,0.20617338496288173,0,1000
0.8364724152135985,0.5735120305906932,0.6197183746619204,0.8061227747301665,0.13843223613110217,0.06852577332340917,0.0564065001682535,0.25019979693734756,0,1000
1.3556077224413707,0.37092291467683475,0.39155482505480593,0.30103645563778,0.1671096442655018,0.07440201534695075,0.14477680961921072,0.11467449874080836,0,1000
1.313182964234227,0.36907204321252046,0.39756024414726704,0.23235429565636898,0.13042987057115504,0.05886808914666152,0.08665467718554913,0.10637054452245615,0,1000
1.2094523560373895,0.3733684411498175,0.34867585956399677,0.2732030910659587,0.1168171796943352,0.056171395118707584,0.08904074863120394,0.11188011010417227,0,1000
1.0472046074886538,0.47347428287076,0.4701818677065532,0.5854957444974218,0.12819921959522287,0.06071965980543824,0.07353389329042788,0.1711753414279244,0,1000
1.0929632765506232,0.4702195269856295,0.5373878316829119,0.5241678729480583,0.15732971725297093,0.07305871169286438,0.08815431000138095,0.1679475927494847,0,1000
1.075882702205399,0.4827254135765793,0.5520750281109255,0.55526652651658,0.14779404109205227,0.06802590339117438,0.07256140249444822,0.1732023213056111,0,1000
1.1731786582567614,0.42659001729155804,0.41531776286514127,0.46675983756380557,0.1258528452980305,0.05753800537855719,0.0766493079827542,0.14228981681748873,0,1000
1.0731693928191197,0.483373327842753,0.4735753271556401,0.4410894083644662,0.1474099048731998,0.06785529082218926,0.08996292759651389,0.15757420172010436,0,1000
0.7894716276680999,0.6092753547681174,0.603208011580418,0.45825068390604434,0.14058739113086902,0.06785805762635795,0.05842185412675945,0.21088308285787652,0,1000
1.0156747813962699,0.5116884713392642,0.4524438311846044,0.4920802066828527,0.1285274783610617,0.05846912603289413,0.06765069850147991,0.1692796496795136,0,1000
0.9565944784281086,0.5015149631117715,0.5188861573759329,0.48451271183315614,0.12876947325574806,0.06375339469274065,0.06746135819167919,0.17054208989558856,0,1000
0.8984634108883538,0.5464762720090965,0.5428139755687326,0.5911788224795477,0.13013722350002252,0.062459994405396,0.06166176392290048,0.20064359874728646,0,1000
1.0083166986583223,0.49831607344600215,0.5042833843445174,0.45291828387389194,0.13295741948740614,0.06313642303087837,0.06905766786801411,0.16315789681389609,0,1000
0.9883187723750084,0.49058319969433456,0.4676000391094139,0.536497828448738,0.12825515737635848,0.06284517964221939,0.07898409395783879,0.17109329526493341,0,1000
1.014916937462545,0.51988045585351494,0.5494070905499713,0.33500555785759123,0.16401622743365885,0.07530614927904444,0.08301012079692137,0.15742615342599317,0,1000
0.8463173160578903,0.5671031795450167,0.5075299190727749,0.6152054437256945,0.13389246044015854,0.06267355269327746,0.06022800677501732,0.23972406284694628,0,1000
0.8878792396203901,0.5487578970988138,0.4389368060200424,0.6068928303210133,0.1188474382600553,0.05688445042725565,0.06815296738128652,0.19806936585721527,0,1000
0.8648413920368035,0.5449702638869625,0.5457706725512202,0.5069378586733553,0.12486915067216915,0.06291273855020268,0.060154215405641615,0.18877939013248202,0,1000
0.9760502019339629,0.4880101524388938,0.43056638593302693,0.45242499468403313,0.12313772299363261,0.06121914164391722,0.08026042820766494,0.15954813506334592,0,1000
1.1878493525557274,0.3870642197912435,0.4536647013376093,0.3610043311474631,0.13657486132743574,0.06668702579144523,0.10042856458539198,0.1256257669453673,0,1000
0.9841797400852864,0.540916133919692,0.498390639404475,0.4726736023838531,0.14921209104388877,0.06736159740692903,0.07985379604282523,0.17900167174602163,0,1000
1.0775466596188832,0.4372149497996284,0.5120801903952303,0.4414356582964219,0.1403953468675356,0.0698565448202964,0.08950563537651066,0.14805827438374425,0,1000
1.0498961032325047,0.47494972732014495,0.45063031753272126,0.40559539232566555,0.12410629642334255,0.058514202327187285,0.06744519709827898,0.1491267000813623,0,1000
1.0536387445367859,0.4907179163751111,0.5359571727903855,0.4777938101598998,0.14037447747114268,0.06470928119635283,0.06693570311302621,0.16456877579441798,0,1000
0.953581791978344,0.5206956875487859,0.569333545075697,0.43484492623193854,0.1467366390881053,0.0711438703629934,0.07188701100198511,0.17229596072091974,0,1000
1.0221484694115874,0.519638187945429,0.4586847953504154,0.725536179006818,0.12668436828197246,0.05572262975088562,0.06264794016839745,0.1998927956643054,0,1000
0.9932797596778408,0.5472908360646183,0.46172041659378604,0.3957424411288417,0.13405814362572718,0.05849641000155911,0.06412471716439182,0.1676492800076308,0,1000
0.8038892998330003,0.5597184442731822,0.6054908589899666,0.47597094291037406,0.12879595891619178,0.06856599555904516,0.0599697299000643,0.19247987393632285,0,1000
1.1466673743376348,0.43302878143572127,0.5606266366724865,0.40709168149552716,0.14998552916594246,0.07143148862650497,0.07862635291226977,0.1416739933481818,0,1000
0.908332259214973,0.5467751420299382,0.4548919756357931,0.564656691704598,0.11495284882452139,0.053832088992546163,0.05503509465445951,0.1904667909824038,0,1000
1.0340877217946813,0.5013145678815747,0.31166430335257733,0.4867759865609389,0.11451558915540805,0.05132538250138181,0.07177692104652876,0.1603827749827291,0,1000
0.9442866033556438,0.518017638782045,0.5295320420487242,0.6225091402392008,0.12769048247542647,0.06188420095763631,0.06294522060110815,0.19262732770505536,0,1000
1.0419114784563437,0.4447628469471428,0.5047916388613937,0.5558382549445976,0.12502256843527004,0.06260406796416697,0.07149950667362932,0.16214408719082582,0,1000
1.1946091156465326,0.4097188529115281,0.33102419678179856,0.42190457500921025,0.12332984422827625,0.05662496099594758,0.09443707145991317,0.13278190170600188,0,1000
1.110648794629743,0.44662294689805704,0.5147271994568845,0.492111137668004,0.134910321352793,0.06371460002358237,0.07159771270961628,0.1534519561908372,0,1000
0.8467758645069713,0.5761146347286195,0.5875877121059376,0.397579855600699,0.1442380613809036,0.0702946421287776,0.06456366734657305,0.18737836155460796,0,1000
0.9224668437702802,0.5269986168436098,0.45706043092744925,0.4411826055678131,0.1192970405747703,0.05786158991450648,0.06420847036601575,0.1698673162034771,0,1000
0.924197368224649,0.5284217169280285,0.5416464461363638,0.682194410575719,0.15642213059518265,0.0720379253130669,0.07092289506042963,0.2574766851356741,0,1000
0.9940747687858158,0.48377215783470473,0.5341889243964608,0.515753939561902,0.13646244827819642,0.06783141341958875,0.07561700537671015,0.1697832052480433,0,1000
1.0278851686875294,0.4917873017891502,0.4106935488523461,0.46625358418842217,0.12169739545077257,0.056637432816621945,0.07138492720750274,0.15917839694171498,0,1000
1.1171744679257496,0.4251903215326876,0.5508641946011378,0.26669086666989983,0.14491668248230896,0.07130927606450807,0.07955820599604597,0.12487720382256931,0,1000
0.8743162088084778,0.5646660779065671,0.5916097945716794,0.736763677093941,0.14296694225427048,0.06871242522822145,0.06614366711379077,0.23323357113312373,0,1000
1.1297986443702406,0.4695058964718948,0.5278134778608325,0.3935908004246937,0.1461211391726293,0.06614932946597755,0.07134281715410276,0.14642874598280187,0,1000
0.93457955417547,0.522821177793991,0.5043189611890684,0.6268088170028893,0.12482375874091117,0.06020614869173567,0.06390087208102582,0.1942225354381106,0,1000
0.8907599617208322,0.5447712154614338,0.7139604975378023,0.47693983192147915,0.17932072600884602,0.08994445952088108,0.06849221275315133,0.19468725120502708,0,1000
1.1940392019306965,0.41689406724469524,0.3972588417690568,0.36580414796961946,0.1276177166120272,0.05859042590940031,0.08313510976431969,0.12917471053872628,0,1000
1.0166019500108565,0.48666800072992705,0.44794173043786,0.4943466839538082,0.13140252886385345,0.06258661605145995,0.0829616644615431,0.1647372292388033,0,1000
1.118567534560748,0.43363404215275936,0.6343852479761843,0.38890155243830726,0.17699089344363553,0.0868776095809685,0.09138893375971227,0.14529723357434446,0,1000
0.968501746257705,0.5499375749237062,0.4681029384482243,0.6165947605981801,0.1304103968259721,0.05747330521064772,0.0634077819290526,0.1983229178018753,0,1000
1.1500679396028315,0.4030419496063881,0.4580604462647932,0.28536790983634774,0.13567298131657896,0.06722921302765097,0.09594406513265961,0.12050225087555183,0,1000
1.089284103097366,0.42659357699363953,0.29071517970631705,0.5528901816970132,0.10717766524419393,0.05095797644623199,0.0809074239356498,0.15062534751793558,0,1000
1.0782170564055473,0.4504423487654872,0.5110797924056572,0.6157934534543088,0.13227047768198177,0.06349733056362539,0.07323586119009606,0.17038315231378381,0,1000
0.9974742710677962,0.48130260466632857,0.528375541396365,0.41579044851660396,0.1348464399423443,0.06683950700349224,0.07180000846208144,0.1566402104912714,0,1000
1.0341994374111723,0.5042973844621982,0.5519427758352029,0.552973484596706,0.14741510678644085,0.06769518703522391,0.06929596772111812,0.18016111065238175,0,1000
1.2490281765948303,0.36126966837608937,0.45298559745290284,0.37693854970767554,0.14129485476618195,0.06844978014878575,0.1126701766586035,0.12223962232303526,0,1000
1.0551552662733834,0.4445961700287386,0.5308664851615866,0.48461358456537396,0.13279179095612792,0.06621867818363654,0.07373533917921903,0.1547176495743435,0,1000
1.3325056087794753,0.3167559298693561,0.4341994152354407,0.21256150513407676,0.13341070294828045,0.06452737254347389,0.11015819592770788,0.09757867155084274,0,1000
0.9403381230244245,0.5092526212334798,0.48877477410295433,0.6507350141277478,0.12318158778631608,0.060646431200080404,0.07000158686857558,0.19272587253224913,0,1000
1.0034916181815974,0.4544362880254467,0.4655701562861726,0.613268016287646,0.11982648832266128,0.06074738485298503,0.07601351155801823,0.1715791735138303,0,1000
0.9161264906258095,0.5261022205881513,0.4201667422531227,0.3970822939098865,0.1182963109174223,0.057768493506461766,0.07075910924388791,0.16361348942394865,0,1000
0.9857012947866834,0.5055817529422081,0.5714820531142515,0.42153082082437243,0.14416584463935778,0.06974307351229156,0.06840796666709575,0.16444301927193125,0,1000
0.9362807394019022,0.5400114472135323,0.5224967905745457,0.520422676654694,0.1299908594433197,0.06092718367039394,0.060514495518241014,0.18573966038774603,0,1000
1.0008000891548714,0.4960580043780693,0.5644865313051348,0.7904178643016516,0.144026172581819,0.06939764836101472,0.0777044439237569,0.21151225888126082,0,1000
0.8943671228673328,0.49501592555778867,0.5652051255191181,0.5474343235980361,0.12518893518486932,0.06667931206562953,0.06932435745748193,0.18129210757697747,0,1000
1.1176743796696595,0.4422398182072915,0.44874961732335694,0.29224055091337975,0.16537903873466595,0.07963990548967499,0.12656518481723056,0.1312518735141892,0,1000
0.8457681571151855,0.589089133080608,0.5079583299118555,0.7540543359872753,0.12294024242003217,0.05663726203063675,0.05676663940088405,0.23750187889145022,0,1000
0.8389268026501804,0.5621627129102783,0.6413501919916561,0.345313406655878,0.1499225335886483,0.07645934659220369,0.06340374174411818,0.1772985976215571,0,1000
1.219224976015284,0.41424001311568265,0.4865230324581878,0.46675688343436395,0.14322262726874266,0.06507853325552686,0.08639912886339063,0.1419383784696383,0,1000
0.8531152432483838,0.5546298466133178,0.5582441318693617,0.5476139603730852,0.12724737850014237,0.06421557136648715,0.0626325449960443,0.19585682792057799,0,1000
1.0171174711285234,0.5132334057122276,0.4442260946973552,0.5459155128023424,0.12686613011076925,0.057242300743283486,0.06729697524733391,0.17568536879829955,0,1000
0.7941985520598345,0.5843497404091363,0.5300637885340761,0.6364673711167781,0.11875322666185426,0.05899179544460419,0.05799440636490122,0.22325590258813413,0,1000
1.021088166247754,0.48864492752295535,0.6088976319622684,0.43880304262176806,0.16472293344565003,0.08045596295899282,0.08242649121690585,0.16434328094915512,0,1000
1.0441219226991258,0.44879163845203696,0.48948592356326637,0.4408266005118628,0.13211173427648776,0.06658243736549155,0.08437892489263711,0.14929650709064177,0,1000
1.0838082218604022,0.4710969239107275,0.6892642782726277,0.5605103316634805,0.19257335214408777,0.09123617068367808,0.08347193082225662,0.18331910542642435,0,1000
0.8538317010606168,0.5644824121545945,0.5938962573785844,0.5373407968371122,0.13316911957646943,0.0651760604512908,0.05812923674503997,0.2022304009647119,0,1000
0.9675982768093645,0.5198795296488048,0.4919850255218587,0.5336353102290577,0.12595821159188503,0.05937932492031038,0.062224609929550194,0.17874586793898334,0,1000
0.9035577489801143,0.5225808882506607,0.45757001671667963,0.40211032821184406,0.12302683512117137,0.062137565659346715,0.07500840810449785,0.1646613999720815,0,1000
1.164848349796568,0.3864640042765374,0.18960913185669914,0.40768908257093117,0.10653117724805855,0.05091189808532987,0.09955399810360636,0.12552265015488667,0,1000
0.9789659689039865,0.4646535568706687,0.45719923659051903,0.46338706917212086,0.11237022819306118,0.057217154030316936,0.0641371040430278,0.1552571715559061,0,1000
1.0176890312748657,0.48442678442925735,0.4705945426255345,0.4543900518160472,0.12112571055423073,0.05734381994361277,0.06325049963388271,0.15819051294561431,0,1000
1.1621405559091629,0.435207178761645,0.483564987431398,0.34219045504201306,0.15202484263567648,0.07095278531447234,0.0984610949346249,0.13358075264668987,0,1000
0.9000405968856741,0.5505397312343521,0.519033490887289,0.5447157806607247,0.12935676935988968,0.06160914269152039,0.06129652063710692,0.19601699326002534,0,1000
0.9808444057343494,0.512898595583983,0.5826940908110905,0.3752965610434688,0.14484562361219272,0.06890654458667303,0.06532880738763515,0.16120787023449834,0,1000
1.0580298849609189,0.466811188638452,0.4343283573023719,0.30653486614514475,0.137270107335882,0.06581009523746632,0.09301569558056619,0.13679185489120022,0,1000
1.1735009875333058,0.4692806751766094,0.48256241450060516,0.3371177996360501,0.1405697908212472,0.06096799642432987,0.06370562719516697,0.137887554190652,0,1000
1.018500732554491,0.4983663914071695,0.42917728485250806,0.5089427649554654,0.1237667415116953,0.05751387648814711,0.07079988823781792,0.16663027362615432,0,1000
1.0233122477634944,0.4846632709217856,0.46641714086890734,0.47098138186579763,0.12793028618472238,0.06111591884967784,0.0733452804532396,0.16027518168015534,0,1000
1.190882347275147,0.4454921660284182,0.3256769510391883,0.4189454604158605,0.122205053314447,0.053007808582162724,0.07778877478126664,0.13812199025065539,0,1000
1.0026688316580374,0.49674421116873113,0.4047251711314788,0.6134762350808249,0.11800921125402461,0.055304348707876594,0.07082892238391113,0.17794644512943078,0,1000
0.864135729247447,0.5800928860264569,0.56772125442727694,0.7291416854528686,0.13061651405222033,0.06038982797147023,0.05510515375774595,0.2330720970131001,0,1000
1.0824547950178554,0.48365730993792216,0.2883646167301961,0.38382867752434735,0.12791359330045318,0.057184391524258325,0.09407078624005769,0.14477832140601118,0,1000
1.1303497054950746,0.43687547644862035,0.48867005717533607,0.22980572226753437,0.13455865686990504,0.06369451148561603,0.07248547148104253,0.1214164527245898,0,1000
0.8952693616228001,0.5281973639754893,0.6569013259634092,0.5889964126629377,0.1510398499172146,0.0773277514411603,0.06462273454361653,0.20137896555262214,0,1000
1.0611294827873543,0.4620369722485956,0.34805448214109425,0.46230912457604,0.11232266919223087,0.05262989518397839,0.07125993954691807,0.14944559619441924,0,1000
1.1404657200445194,0.4467826282588875,0.46476722561560435,0.3090296302927973,0.1399163560087697,0.06498403072582386,0.08424582255754948,0.13107524445723992,0,1000
1.0833671040129764,0.46014530657149383,0.40238221978136546,0.5081087932983833,0.11626937097117084,0.053887716196790406,0.06515961746134576,0.15454623795997002,0,1000
1.0348140482715023,0.4809066117800911,0.43689594821259714,0.4880098397160168,0.11987504074240642,0.0564618086221564,0.06550635915894373,0.1595036118817678,0,1000
0.9655290271329264,0.5105664457119716,0.49959250640438974,0.38994820440492417,0.12853277333565685,0.062040292776741494,0.06566098793779626,0.1597615198542118,0,1000
0.8326252809034574,0.5501396965534954,0.7471196636158057,0.462712789903676,0.18736486540996677,0.09985756283820849,0.0689535161903597,0.19932977059029855,0,1000
1.1891313062392241,0.4118639250599502,0.6184356234890495,0.3335940074810765,0.16050263065986287,0.07695358476196362,0.07607408085966522,0.1290206930475045,0,1000
0.931934099599816,0.5155896795001712,0.5399052831450981,0.4475247856413235,0.13224531835796074,0.06542208717246821,0.06704023397602711,0.17168319679680896,0,1000
0.9142310933724335,0.558690752458837,0.6090336181091119,0.43004289939387164,0.1523884915060595,0.07168308598385835,0.06417036762511986,0.18414437760115973,0,1000
1.1858661513164226,0.4237049255935262,0.5700063341275664,0.2567965672353198,0.163316645126639,0.07666331571362833,0.0879920611005831,0.12271759575205309,0,1000
1.2630754875945474,0.37295343565135014,0.35851238297736787,0.37471424958191557,0.13308082423152096,0.06210895366457119,0.11244101860092985,0.12174705855503604,0,1000
1.0660350305198714,0.44852020964839756,0.34619898663940235,0.5565776135695059,0.12508593451215758,0.06043961154286284,0.10159792480196439,0.1590691295268716,0,1000
0.8944659985778735,0.5470354863310597,0.4518719659232533,0.5783989305570755,0.11824580951727427,0.05646672411654613,0.06338518841081046,0.19389385881033022,0,1000
0.9902667869174291,0.5295779700521167,0.5313632714321221,0.3996723488160793,0.14249162852208,0.06565843451409256,0.06800737129889052,0.16545006118052938,0,1000
1.1060701225318228,0.43113178903889027,0.3264409778847125,0.42104265760800186,0.11415736110042933,0.05444109215237325,0.08365541373085153,0.1376609471500286,0,1000
1.1872720775854397,0.43757534497790995,0.5039862040563479,0.34915621891273774,0.14845012493320206,0.06759388807047022,0.08355042027117406,0.13362035666049435,0,1000
1.0461276386669927,0.4690996017185183,0.4784531104367261,0.32163393216820235,0.13102038183568343,0.06331584135442915,0.07365053487917798,0.13939562404379874,0,1000
0.9553848271945703,0.5413673262474503,0.5711952720589953,0.25971419341579727,0.15542110359577097,0.07278772194516824,0.07107890499375066,0.1538839601963839,0,1000
1.1554105318452506,0.4339752402577573,0.45624727990468916,0.25103920133738555,0.13189767269970376,0.061225683259957496,0.07280054226809765,0.12213147275731653,0,1000
1.0832209498633778,0.42393171705747457,0.5447129470674066,0.36338750807666514,0.14208934678916624,0.07227443899212065,0.08551166202507005,0.1364793324161369,0,1000
1.088148768615685,0.4444896917425291,0.4472497806365091,0.48121150524799516,0.12202728405725823,0.05821583711741691,0.06963613465639223,0.15021821808604754,0,1000
1.124462272858107,0.45607623345429926,0.5103968428896402,0.49901884210047437,0.14115017478363076,0.06486140874599754,0.07461369330340763,0.15675251590146289,0,1000
1.048978370472737,0.48499166928068455,0.484774177064508,0.6024253762964947,0.1362861286862737,0.0633279522374843,0.07713290058013157,0.17768923651653973,0,1000
1.0026727420528316,0.4904381808269973,0.4249756764676131,0.5824070375125093,0.11394862109263505,0.053965525066775835,0.061431493126759766,0.17259321156411764,0,1000
1.0700457382130315,0.47360887360266246,0.5315432677184401,0.5398387039033874,0.14010769400902545,0.06560475818161518,0.07195462081760186,0.16772876848169505,0,1000
1.118852237287935,0.4763578626301175,0.5820814739075818,0.4892489858288724,0.15477758090499585,0.06957642835156162,0.06747943189512615,0.16277388377578603,0,1000
1.2249217983065284,0.4125066877569942,0.46598182482800127,0.3836351741948787,0.1379740141575418,0.06290169879763667,0.08053561137775622,0.1310228627593882,0,1000
0.9600221485967464,0.47215028703140594,0.47639741320109086,0.5943192462205662,0.1248144016644069,0.06474432013385256,0.08418724073957355,0.17659706858536198,0,1000
1.2085862018232347,0.4020726859860902,0.41130020321008287,0.31217062724741856,0.13479139906303036,0.06318402793983767,0.09669882973668967,0.12150706204183986,0,1000
1.4891575327968238,0.2640945353274423,0.2922345924117995,0.2591272181410767,0.12481413685031072,0.05719974587771813,0.1394113020397207,0.09257782606687547,0,1000
0.9339349726801887,0.5268302814172248,0.5323378119267314,0.6295579700882037,0.13927206665294609,0.06751946270193968,0.07627341644128378,0.19969336228730877,0,1000
1.1832827284319942,0.3948084265430266,0.4550090592563023,0.3292239782597493,0.13745410330524596,0.0668988383619156,0.09896820818404906,0.12332879868699434,0,1000
1.1018953021477658,0.4464617460639688,0.43742221461678166,0.20603316952248396,0.14293677076975136,0.0688512278995979,0.09855547109766029,0.12070820203906,0,1000
0.9153859775403443,0.5245624950753092,0.5409080311633964,0.6878729024375793,0.14630822721483688,0.06882721950095508,0.06172424106658421,0.2520227511013769,0,1000
1.0927603982890302,0.45646169162044253,0.5258612222317511,0.6767643668764318,0.13262569840727692,0.062325896456267404,0.06710448515097438,0.1777502180192309,0,1000
1.0646979145302318,0.5125079539136872,0.4690628039251249,0.5594487933211053,0.13364090833177494,0.05803196960344633,0.06451253082684227,0.1764198339399649,0,1000
0.8039851096249493,0.5966241945459744,0.6187730696436081,0.426428974763846,0.14370776124837947,0.07045649705257548,0.058784294676223925,0.20131934531712892,0,1000
1.0705955833456349,0.4758011629363551,0.61586533671738,0.2525345072975505,0.16264611108839888,0.07770980257462193,0.07315062214309617,0.13469878387890208,0,1000
1.0290274030039173,0.4889878310484029,0.5086334806551682,0.32722765149026983,0.1343972565035158,0.06391645002667203,0.0670088423970574,0.14527583747410797,0,1000
1.3737780361888112,0.3701192060212015,0.2395992951153946,0.2727729085523018,0.11544881984925391,0.048457894743639277,0.08027143296821337,0.10758751227205297,0,1000
0.8988888308170698,0.5364880192971562,0.5124164744976878,0.49262753762656847,0.131233984176627,0.06485112003054538,0.0726323092107011,0.18300794618967572,0,1000
1.2752125478877157,0.3414673303311835,0.44677222902610264,0.20960604915573552,0.12642711683568733,0.06151399270724392,0.08665445004373074,0.10097911344299865,0,1000
1.1483753378524637,0.4350307318869027,0.4122701437915677,0.46414502179234857,0.13625098774529362,0.0632479294517805,0.09542017507594512,0.14586032786560651,0,1000
1.1525029859616198,0.4273834741152995,0.48299987266525085,0.4990908565275338,0.13038692452284553,0.060915883391278916,0.0718221650549483,0.148182372554646,0,1000
0.926713749326635,0.5339215082291355,0.5793458754156467,0.5021755562686268,0.13529065818915734,0.06547325517773699,0.0584230976823804,0.18378013381817088,0,1000
0.8805946666307747,0.5845391840562502,0.5498467873285676,0.8166395833993666,0.13749943435995668,0.062318312222710615,0.06316746254643785,0.24737825178844045,0,1000
1.0681363765839462,0.4298396992105614,0.357178602671267,0.3729301412042023,0.11212357611380892,0.05546854549593341,0.08017102571269398,0.1340189402037562,0,1000
0.8713522116607637,0.5591710752261757,0.5480189800756582,0.6841335764532377,0.13295997352570743,0.06420844015153529,0.06494868936792446,0.22036256705254662,0,1000
0.9890361377917235,0.5027740287611784,0.49302793906189185,0.6623664600549842,0.13090326061841906,0.062148013023882245,0.07315644331665017,0.19203788512326198,0,1000
1.2441737740619876,0.3688673658637559,0.43056578453164374,0.2687002656236081,0.1397849458786467,0.06741542049360603,0.1110882709868443,0.11172107484197323,0,1000
1.0721022729680787,0.45889361437003917,0.40858292328172663,0.4659816096981973,0.11783643149191425,0.055329369968279356,0.06815593717070208,0.15070460237316885,0,1000
0.979394701329671,0.48574160696868257,0.5303387162091138,0.4364163510135056,0.12862735007528997,0.06401586299959014,0.06471424114188604,0.16021130629719668,0,1000
1.03875384212276,0.4741858994571425,0.3401006335919052,0.5088038221788331,0.11284356381462672,0.05278187306506031,0.07380582026084254,0.15774423761054782,0,1000
1.067294303017404,0.4999969625053807,0.5072388234176339,0.3365792444835084,0.14225413369944762,0.06412325277049027,0.0691959106124418,0.14782391800769457,0,1000
1.0665508703237978,0.44342218959722185,0.47075266333071714,0.28914720155963136,0.13546147056323826,0.06734339608844764,0.08772070497593634,0.13098953437535907,0,1000
1.0838253556596809,0.43055341312411205,0.42111551335873193,0.40737153491240086,0.11930910515673886,0.05847054172765825,0.07714220675587492,0.1389497865494648,0,1000
1.287315054761952,0.3448437540897827,0.45364148855554154,0.2765775996552416,0.1331390729068741,0.0639320903178858,0.0966717465504855,0.10805010798278447,0,1000
1.2599195368236844,0.40278757283929806,0.4477567196191861,0.3419055505025127,0.13929440257834208,0.06252035759557419,0.086033692955274,0.124228442736893,0,1000
1.4254549307242492,0.3332483525863501,0.30911004234487727,0.40328414818311287,0.13123635216837937,0.057310225974258826,0.11415468964631342,0.11504573129117641,0,1000
0.9126997808575991,0.590958648683979,0.4597416726494229,0.462878085216839,0.12372396731566894,0.05269149480557682,0.05153928541443195,0.19133638089863134,0,1000
1.3271219812449966,0.3688450945481495,0.4329201227735402,0.35789689332572083,0.13804967704707394,0.061854674451866085,0.09275625964927654,0.11907150259947168,0,1000
1.0100936453018896,0.4704746802092414,0.39776477041303804,0.4586047661280298,0.12063087884959257,0.0593832676381238,0.08329084268222373,0.15448410319644099,0,1000
0.8153990729305931,0.5623219746921442,0.5807332365267027,0.503166678568131,0.13060259079116388,0.06740792336121106,0.06182162233613317,0.19943291397714275,0,1000
0.8840060753583424,0.5633406689679811,0.48179636936883274,0.6668720819998716,0.12277739839885093,0.05739028408749892,0.06170540110197652,0.21288718842541463,0,1000
1.022835604044126,0.48210225792809613,0.44453494092143514,0.4346983610115049,0.11855147901760522,0.05648631448910849,0.06240560714758631,0.15393054957925717,0,1000
1.093870443984789,0.4524029579302243,0.4019926496543784,0.383134725810661,0.12055961675523744,0.05646853012446819,0.07210546203594097,0.1397456295569045,0,1000
1.0916711385325946,0.4675598815043068,0.47763223455352904,0.37002265374424637,0.13826507112514774,0.06431675920289075,0.07730270589085621,0.1439652684857633,0,1000
0.9805908064100287,0.5272793349104239,0.5212955469769733,0.4613006353149715,0.14022776338469317,0.06499277696266566,0.06915725052409331,0.17371004662033418,0,1000
1.118784961405706,0.4397012456993285,0.525719645180607,0.3836997979158811,0.14405675932053488,0.06846472088327708,0.08470333524450034,0.14069752530236285,0,1000
1.138287906797913,0.44005836018475514,0.4858347477151102,0.37621828452519585,0.13787811259394192,0.06484778854298365,0.08112810543231407,0.1373420884936994,0,1000
1.0415432724141385,0.48163789202847573,0.5737384755721122,0.33893856582741316,0.14543661044443137,0.06978021791496704,0.06738059816766359,0.14634706604217898,0,1000
1.0312716665047144,0.5203320850662523,0.46275928809247985,0.560983336913928,0.1418798342420766,0.06320894517294656,0.08013971863723235,0.18128029262731307,0,1000
1.153704222164422,0.45013569875441584,0.4272352752724372,0.4665475708473292,0.13439844283621766,0.060634300608522346,0.08261415692462382,0.1481347686749898,0,1000
1.1531384972640897,0.4415592460352356,0.3610653755037535,0.40536788801208135,0.12561318359428242,0.057109712923006276,0.08437320617752155,0.13801165721484854,0,1000
0.88309049315903,0.5268729937209184,0.5682920142174849,0.6192961244520762,0.13162242218247866,0.06676494301200865,0.06386853114320548,0.20465552540923596,0,1000
1.1009569044255365,0.43560844126850307,0.49060716989157527,0.3741189486110626,0.14066108139018807,0.06914084186121988,0.09207434466302694,0.13796477015782155,0,1000
0.9992104142388791,0.5256986029725935,0.5081668105607201,0.5040150904634257,0.15070172973961837,0.06851609458034394,0.08173290782480386,0.18071001815809332,0,1000
1.046834374368259,0.4836245333267303,0.42329158361659147,0.45767908098957266,0.13786240092138247,0.06479491376162647,0.09227483553742269,0.1582084653432245,0,1000
1.2443192709945208,0.4007455778599925,0.414689661519553,0.423369364859065,0.13724700709388782,0.0622755316672537,0.09545774330345297,0.13257539685565978,0,1000
0.9760421044310114,0.5329533384964306,0.4017841280252139,0.49311497207022903,0.12138026305618174,0.05485384533753327,0.06690669444296411,0.17361279092955745,0,1000
1.2019614173305615,0.39416309131380084,0.44775655272024933,0.3818919642412413,0.13311259934736003,0.06332948542814515,0.09070446369167655,0.1280340153171845,0,1000
0.9322264128912702,0.5138553377484167,0.4599657824141015,0.47369146274069873,0.12029630278709763,0.05920202471070221,0.06919145214449933,0.17046496599235864,0,1000
1.046699284451416,0.43535884204272873,0.34228083407172666,0.26707736828490286,0.1094358302236202,0.054829913643717726,0.07733463851543826,0.12419732117398627,0,1000
0.9003697693808744,0.5418971785843186,0.39482497288297363,0.6996209781850719,0.10719079271051861,0.05039236113078861,0.05795856718608603,0.20306351887689064,0,1000
0.9182603896977872,0.545004031611161,0.4680018744171347,0.6887837069107645,0.12263888062733454,0.05769786426296994,0.06598051255697121,0.20663462327627324,0,1000
1.136870031129561,0.4669648984498685,0.49675994389657513,0.6553264264831042,0.14551174428722885,0.06456249300323993,0.08017368296636952,0.17862267398876913,0,1000
0.9268976004916878,0.5478064427912318,0.4870814891551363,0.4752222792423303,0.13243400874072447,0.06192759803254506,0.0692569152824647,0.18150342613132714,0,1000
0.9714054707799855,0.5153468098978563,0.4940007281700585,0.5780176215302929,0.1274993622867524,0.060450544448027714,0.06658996944597587,0.18343682045492765,0,1000
0.9235209191850308,0.5238087199020255,0.5454043654215794,0.3910734740856196,0.1307487868174865,0.06478484966857871,0.061902878888694286,0.16562158981926153,0,1000
0.8443798978060311,0.6006432401986568,0.4478176847896757,0.559196985036289,0.11881876231366863,0.05382125902019391,0.05739948690582282,0.20882966044333398,0,1000
1.2182549017664621,0.38557761122469414,0.35596611806446715,0.4781626065234879,0.12027322617684856,0.05609966405124398,0.08952208680736695,0.13422894936618382,0,1000
0.7735009659347694,0.6144215684160357,0.4608275085547701,0.6917690556371687,0.10930890526257471,0.05162293592098126,0.053328602109866244,0.2360340469867619,0,1000
1.2965900632711531,0.37504829333801926,0.30170339852325406,0.5226441251255476,0.13143498362777783,0.05863614492707781,0.11542394731353592,0.13606892668438106,0,1000
1.036278385648306,0.46781249293044114,0.4440328804243223,0.544068410991384,0.12458126215091479,0.060243915756301336,0.07703084524526635,0.1642934460542172,0,1000
0.8989783614633092,0.53961631839864,0.48126066171084786,0.5759604451020665,0.1206697122953242,0.05886551513607866,0.06430314046597692,0.19149438902797442,0,1000
0.9150390576384924,0.5478195208251792,0.5070784711849954,0.5579422013792689,0.12801002203958428,0.06018422025447572,0.061559763082347126,0.19360146139895765,0,1000
0.9212979145119179,0.55136626237029,0.5625941936567572,0.5313992025823219,0.13575336267662588,0.06356855542767866,0.058587839773433584,0.1926835583192531,0,1000
1.151180606098169,0.41495142900201976,0.4091861112516083,0.45460705687347847,0.12358293816740144,0.05866764981769912,0.08262231766570645,0.13935134379136654,0,1000
0.7213444998985282,0.6385750596762372,0.5833763630485564,0.6746691289574376,0.12611295813863552,0.06168088117870476,0.05645007322756457,0.25630632389078245,0,1000
1.202377918224839,0.45132614317803416,0.44455232104027875,0.4031302077298976,0.13862806733552524,0.05995594980228152,0.07493978085571133,0.14058615088483134,0,1000
0.9426368606244885,0.4986372775848743,0.4904493498910514,0.4003763462455128,0.12457256658858411,0.06260536833593369,0.07144095394033935,0.15898785715484315,0,1000
1.191587402271787,0.38454327733418914,0.43046114815640407,0.36698118198948004,0.14069789369809357,0.06888102121814095,0.11569342306687301,0.12594214409109664,0,1000
1.0311605551483174,0.5273014605596976,0.4764028585710013,0.5770649953092136,0.13310807949630843,0.05806615427529982,0.06293231777581529,0.18373882858338247,0,1000
1.0686399928240053,0.4862735555814503,0.5323449217519228,0.3835539876486033,0.14361528832215575,0.06626137747953506,0.06996741115963775,0.1513730445134526,0,1000
0.9892557713158598,0.4625223059726246,0.4952246425627999,0.40173850275773676,0.12912168722240108,0.0666980162900086,0.08126623627391022,0.14987245519421746,0,1000
1.0734211544209458,0.4624225366722781,0.3728489768425516,0.5121235837726886,0.11453889438205173,0.05329294372828719,0.07011395015009228,0.1547532935806465,0,1000
1.0153555218776447,0.48368334217792924,0.5149732942884666,0.34702382087087663,0.13119556219712383,0.06361575006851614,0.06584627205458697,0.14694357350266435,0,1000
0.9549498546067866,0.5483300085138368,0.5196068496249587,0.6176021888240149,0.13533417605865214,0.06163256320690271,0.06298090205453968,0.19985400797846198,0,1000
0.7949974148024117,0.5867095214977821,0.5561959148407829,0.679284464744288,0.11864227535408127,0.05939033428294153,0.055431028761371924,0.22336667166137927,0,1000
0.963692152332827,0.5073644556912174,0.4674770757535224,0.3682956481000181,0.11759591665012327,0.05676983505460854,0.0567269271450485,0.15468372053717583,0,1000
1.071489657437303,0.47124757036908954,0.43265222318090163,0.6515759832826756,0.13000033925898338,0.06031903903544806,0.08226674270517183,0.17696712955490346,0,1000
0.7665950543858598,0.6196415176983372,0.5965349989664552,0.6228086806087254,0.13321679630813427,0.0641944370779357,0.05627409242152184,0.24014352206829304,0,1000
0.8804098078867724,0.5444475989131632,0.39934462617854904,0.6513652694488463,0.11424614358842954,0.054608800475212736,0.06655863573982254,0.20730820799070077,0,1000
0.8941914004283166,0.5391700735278633,0.6954508811982547,0.5658048290848186,0.16924061866862075,0.08544491439028205,0.06798032921022915,0.2053730673491578,0,1000
1.0717854780744072,0.5051279878596079,0.40661943462833405,0.5028058991324555,0.1338307551651062,0.058481901020583496,0.07739615810117452,0.1663115327133751,0,1000
0.9467535044466324,0.5022618103658394,0.4786320269847064,0.3476414468311092,0.13009673024639562,0.06539854352530075,0.07897378017789916,0.15293680092402664,0,1000
1.1380434936893944,0.41071429560351685,0.5031275115833931,0.3689611354951761,0.13548179261836849,0.06650305281461988,0.0829663372885758,0.13205295606379636,0,1000
1.0426082079092247,0.4542638454276894,0.39894752915320375,0.4644153197098527,0.11802596585520386,0.05759238672300373,0.07804521317705948,0.1507416153580553,0,1000
0.8329286806449097,0.5981249940366694,0.567114562309781,0.4487286621119064,0.13259383536077338,0.062052615663991326,0.05430514298271273,0.19996652302525647,0,1000
1.0634897588534602,0.4801770820521722,0.5512673818138122,0.27958461322253414,0.18491262820397864,0.08862833708797944,0.11159644520098035,0.14079053834237304,0,1000
1.2836545907703405,0.3318336743047601,0.3893586787162107,0.25444097950012035,0.1428714594259341,0.07090433868362254,0.14562696823553134,0.10425268654647596,0,1000
1.1231097282574043,0.43188041058995524,0.5509980733343323,0.46881853236750554,0.1485654632964063,0.07200516711737422,0.08539636707896349,0.1500413738449764,0,1000
0.8809128418410149,0.5584844661347871,0.5435753466623731,0.6740100481100532,0.13027804943080315,0.06244293492100816,0.06225192437627189,0.21595680682474402,0,1000
1.1229835169626932,0.46959848551954453,0.5590989878395508,0.4747023278291323,0.1488249175133251,0.06754963882340634,0.06913034182547,0.15760990383311033,0,1000
0.9424070252820405,0.48666991320856434,0.49010955979478865,0.4985837435036009,0.12344973576588668,0.06398176899541205,0.07590047635142715,0.1675354762591301,0,1000
0.9027895335318071,0.5656404169591306,0.5013958792422347,0.5120570400332369,0.12774332963535012,0.058948120035750604,0.059669421399140624,0.19197486093109553,0,1000
1.0058217691916402,0.4729650929651765,0.5509513474707424,0.4306240537271487,0.1382124367548372,0.06933573137012541,0.07429538173074585,0.15664616716684884,0,1000
1.149467510590576,0.4219995053476125,0.399532911943973,0.523177474781466,0.12841526336134496,0.06043061766060319,0.09234610587618279,0.14870423794452037,0,1000
0.817253119636056,0.5952996315990277,0.5662626795949446,0.6116198690670018,0.12688287202085793,0.0608822774261279,0.054313088951619376,0.2217448876460867,0,1000
1.1647145003161,0.4185040003446763,0.4489305587255822,0.4187739061376486,0.13877088896489037,0.06571067952258304,0.0953653173796353,0.13784491128298085,0,1000
1.0967094513637812,0.4520439362241575,0.4233170352760436,0.4542943050795529,0.1226648812874397,0.057259390174793486,0.0733477051064149,0.147825463503054,0,1000
0.7801930818046016,0.5963645748528825,0.6172321617620817,0.5968559424559806,0.13270954174345098,0.06705822009253788,0.05765331314329281,0.22340287840506054,0,1000
0.870962990499273,0.5714185359106932,0.5591172433054844,0.6998491055358947,0.12718621008981562,0.05970077326864247,0.0536302929273605,0.22356324007192227,0,1000
1.12071265200941,0.46122071008789173,0.4145412842959091,0.4589253425019647,0.12432649990689315,0.05624977359742295,0.07013687495408481,0.14888549046661254,0,1000
1.0939689812119355,0.4630507551596302,0.5659420993087871,0.579596963119999,0.15806227462396533,0.0746515138252233,0.08665807868399568,0.1736656235577044,0,1000
0.9454919646766877,0.5058876109409817,0.6142090760556491,0.4811454463496253,0.1514493105037691,0.07709393008837287,0.07241282475820296,0.17609057159396976,0,1000
1.2051733554433461,0.4090367425918664,0.5369898959472589,0.37363376501183276,0.15837009643616823,0.07470520403677317,0.09811735540655032,0.132580203173238,0,1000
1.0369364633409046,0.49861910087495054,0.40027489642829017,0.6002122906462222,0.1211036170327674,0.055125989584154086,0.06916218191767953,0.17525766213031618,0,1000
0.8981299270740487,0.5535765974535702,0.5342388292672795,0.4153816595051325,0.13107065174841334,0.06271743259317891,0.060852372335916935,0.17745567120225067,0,1000
1.0594645014140027,0.4822491701764511,0.5435841607783264,0.21503424700168713,0.15295792936577077,0.07244461373147164,0.0785309559330618,0.1310817859313694,0,1000
0.9952136455915537,0.4787312779670383,0.38571125215236,0.579345347834232,0.11315526728360527,0.055080690204700376,0.07326139522163312,0.16944797420450206,0,1000
0.9332429638517233,0.5215817275299848,0.5499851233737861,0.5685107749089976,0.13068860844398905,0.06380234163392935,0.060990661354862724,0.18875480452990223,0,1000
0.925691079022974,0.5438996244285057,0.4872770237479203,0.6818318369540527,0.12257091805070947,0.056805025786646826,0.058917419649296865,0.20750322354067569,0,1000
0.9103332712820177,0.5596494675630828,0.5851235684381102,0.6667831950990888,0.14948302775388211,0.07001890479719149,0.06928947160717164,0.21931780378340293,0,1000
0.9851550416223459,0.5326794319024647,0.5312316967773023,0.6029838107696116,0.13401052098048147,0.06059644493414088,0.05902442468103013,0.19260434720511846,0,1000
1.0245744137758397,0.43956406829074135,0.41179351029853306,0.40758436562414835,0.11311368924518113,0.05756518964135953,0.07516654524848722,0.1418033773782036,0,1000
1.0157786018894805,0.4896560153401208,0.537989833002588,0.43308525005466786,0.14746459076658058,0.07161238088375595,0.08271092302588834,0.16054913164768356,0,1000
1.0773235815571283,0.44478377255347673,0.5310720078917699,0.42924076078024764,0.13951161046163132,0.06884711065300513,0.07979058229931302,0.147547109405729,0,1000
0.9724897769479669,0.48626118170747956,0.5147267012673029,0.5147964666407443,0.12533348496947228,0.0626929260779515,0.06750530734670103,0.16903590246138306,0,1000
1.1291749587941744,0.4519856135958772,0.4565354821795639,0.36811154162243503,0.14283651850316054,0.0663867461917016,0.09125490596039644,0.13918552402609466,0,1000
1.0644248791642157,0.48916367955517404,0.5134436605117811,0.4554863621440352,0.13707448551913606,0.06261123708984709,0.06561814050291526,0.16018110302985317,0,1000
1.2905639052448639,0.3346826382627853,0.38400570768483194,0.18803578006813865,0.1309580065241948,0.06356096632242454,0.11600399261845108,0.09789878861243642,0,1000
0.983279578405856,0.4907140497630661,0.46042733549969184,0.3942526623797522,0.12250535610111027,0.05991894631525786,0.06977955350769861,0.15369196513459835,0,1000
0.8116335793275486,0.5731765667930876,0.4917222936421803,0.4254076916758715,0.11531147069913686,0.05769977824896662,0.05625999557417582,0.18701232721142966,0,1000
0.9410005519635307,0.507796465821339,0.39854793219066026,0.36779133888938137,0.11157008756779534,0.0546993038010653,0.06542151058372,0.15336424597803838,0,1000
1.2262810126374326,0.41496074495517377,0.42521470830298996,0.33093642331342793,0.141634987932286,0.06423386916221331,0.09471024864432807,0.12592379248367397,0,1000
1.103152148205117,0.43720304122770864,0.47544645012916387,0.5003856325462828,0.1296239044225673,0.0625552324179554,0.078587709266376607,0.1513730842030139,0,1000
1.1980184465513535,0.4266361846701862,0.36109017382949526,0.3750347212293161,0.12209748520503506,0.054508652042970306,0.07639728844369542,0.13076851810855686,0,1000
1.0992539996842743,0.4493300351947593,0.5995212815585123,0.3890687553588744,0.15416570055227116,0.07468998724028905,0.07480667174876683,0.1448778497824857,0,1000
0.8585471145665531,0.5494056511679305,0.5036896641679298,0.6479620996837381,0.12064674392887394,0.06008043452359501,0.06433946381116874,0.20767653983389214,0,1000
0.8966502913008324,0.5614247306133394,0.42816988773468273,0.7373687522763839,0.12203571327323476,0.056161807908992854,0.06978188105773771,0.21905983564262715,0,1000
1.1821053835947173,0.42576718662063906,0.43478254029113095,0.5086270798945609,0.12831920616103107,0.05833950929115742,0.07562346627717438,0.14700047243684614,0,1000
0.8727182858382138,0.5523203122179874,0.5338812271995257,0.5876369752562669,0.13177358345573645,0.06511129914156769,0.06894471455376483,0.2020718958575655,0,1000
0.9522268998807509,0.5188944789334603,0.36951189951219093,0.758467258896039,0.10716355313002165,0.049597260223100084,0.05944578954114065,0.20133390404548096,0,1000
1.071244641103995,0.4770373896443523,0.5167521887313727,0.5059323282419756,0.1517126052197925,0.07138447560178082,0.09063424107427,0.1651532163087944,0,1000
1.0685010528888683,0.47944358946618887,0.6693735017610438,0.48275894821450255,0.17449105957756864,0.08259257821690733,0.070642249411991,0.16907111763715107,0,1000
1.0206700282418748,0.46286855523085496,0.4700757448078429,0.514117684646592,0.12236224624243495,0.06011147777057116,0.07111649054278656,0.16134103142792672,0,1000
0.7148144393519907,0.6235680763975999,0.684193643780968,0.5897124615024331,0.14467828358743573,0.07498717649082824,0.05619777129131712,0.24516332520590617,0,1000
1.041810497487716,0.4606779610706442,0.5435520888446574,0.47339097151520326,0.13394433790849467,0.06557871075979174,0.06811489882038022,0.15767936029386267,0,1000
0.9640101911549115,0.4795826195146925,0.521886474759195,0.5204083974238981,0.12824601843000052,0.06557998008698758,0.07355828593540194,0.16988359372993075,0,1000
1.1445169987387707,0.4742286236916079,0.5305526400853441,0.46701421008342064,0.148286649845274,0.06528127442167907,0.07053797444969928,0.15640995822919748,0,1000
0.9596273188882635,0.4849243574611118,0.5294528039201281,0.6191009919017093,0.12607460877592705,0.06394963844928563,0.06878069061551728,0.18344165260931805,0,1000
1.102765724546966,0.4466282951387072,0.4754299289547017,0.3508175607325177,0.14173156805737486,0.06797232559420063,0.08974637888340718,0.13766059992477295,0,1000
0.892624081193698,0.5534961008188801,0.5098756649826843,0.4286262289325755,0.12787703762741873,0.06127499552051187,0.06217888925988289,0.17889094499131544,0,1000
0.9669424720691778,0.5553206373909432,0.6714139737417656,0.34811605699960024,0.17146501484364948,0.077474929136162,0.05963577827503535,0.170181438978258,0,1000
0.8491093198381705,0.5769575687005946,0.5851800994140612,0.6092445459048478,0.14171199703447865,0.067915417027693,0.06445102874775822,0.2202488096549685,0,1000
1.0306160161878772,0.5022539083290458,0.47310454647238026,0.397064903521672,0.13909004253764776,0.06407963798175637,0.07690356305868727,0.1569633441073998,0,1000
1.1095305081607647,0.47151734941837337,0.3804540180442299,0.5582561312589589,0.12998562704937006,0.05539517225217321,0.06883722118976743,0.17911428912961325,0,1000
1.229876186693888,0.41387679070939304,0.4086744080476827,0.4608176120810709,0.1351509099599972,0.0605381166855738,0.09056652041165962,0.13885409043239885,0,1000
1.0117080413315995,0.4894445156469474,0.5092250474082158,0.8342284511398486,0.1256730037358886,0.05920805453920291,0.0622512727468197,0.20908114719925658,0,1000
1.1799262369792956,0.4145416123215143,0.5375180597561409,0.5275109249349333,0.15224225596584398,0.07216772366018617,0.09258829183673821,0.1524241913384619,0,1000
1.0211312997622513,0.5185412736896023,0.5584545521782472,0.58651892486031,0.14420333699493076,0.0652040296795644,0.06433054981032808,0.18738789077152762,0,1000
1.086061716904993,0.49708534398387355,0.4220722840237741,0.3241094005456806,0.13317730224463503,0.05876273972736552,0.07189270197927275,0.1431967178568217,0,1000
1.2613780913513255,0.3532632224442775,0.5371474874158431,0.24965420069775274,0.1618908722315354,0.08013131637335534,0.12194317062990631,0.10878728373446421,0,1000
0.8761643851094982,0.5628345056388133,0.5484746350993545,0.8446216704419044,0.1261952664053339,0.059689277624594334,0.056953336271115144,0.24104763082889002,0,1000
0.9898737398877996,0.5293969875134862,0.5409168494430754,0.5171549807297761,0.1398766480643105,0.06360142445027397,0.06285577340573784,0.18191279047183492,0,1000
0.9632285870439049,0.5283287301376337,0.44786422256550945,0.5902052640743318,0.12056990037453125,0.055725746357078866,0.06175723076942351,0.18628649804450087,0,1000
1.0058115154088183,0.49044800479442535,0.5858816372911688,0.43524489295087504,0.1447904228310123,0.07101841506659064,0.06740275614632046,0.16166995398913772,0,1000
0.9050216229666663,0.5742826592968275,0.6066323248071469,0.5928116117213643,0.1552849879246597,0.0697738146757798,0.06194780324977085,0.22267885293789125,0,1000
0.9463294209153136,0.5497553848401675,0.5760809141649869,0.39421465071875733,0.14904512129374153,0.06907143496360084,0.06275332984863692,0.17423027308834257,0,1000
1.0212499811883489,0.4923181301945599,0.6016372845070227,0.42382364918180343,0.16851477242080926,0.08157326656764029,0.08564810366690845,0.16415758812561257,0,1000
1.1396195786072083,0.4498558059793239,0.5063903844568471,0.39309665373205444,0.15168248428180162,0.0703630651378859,0.0900130973602362,0.1432119810070976,0,1000
0.6498720981012224,0.6553222406801605,0.5288137394283193,0.818493829796302,0.1099455375513462,0.055484998816067624,0.054819262540176564,0.29399789136025295,0,1000
1.3021300046813191,0.38462274472565705,0.4280107193008964,0.45318252321961866,0.1355015405722213,0.06006409662420699,0.08658559428195492,0.13153796252042654,0,1000
0.7057965378976844,0.6545076167114259,0.5349427971084721,0.7011265567962806,0.11201231740729846,0.05275130263818237,0.0469688883173544,0.2628990739448185,0,1000
1.0102998687111469,0.4877133428323797,0.4557031405659294,0.5074962763257042,0.12214894535955294,0.05826176964299346,0.06730617277225065,0.16508548986296562,0,1000
1.0483767519971103,0.5099280764800705,0.5398179587906948,0.5620682982774421,0.1447119425176508,0.06457805832183322,0.06648758726309277,0.18106265621910517,0,1000
1.175784100351139,0.4315295112475748,0.49297694881526183,0.3588339277297813,0.15963463107908785,0.07426664868523103,0.10510424088583978,0.13553100641817042,0,1000
0.9254016800243071,0.516178210050998,0.4696716264299277,0.43996355309591106,0.12844874967355843,0.06431899256209479,0.07911999523273898,0.1679492810067729,0,1000
0.7732065686184963,0.614966398393966,0.608167584501005,0.5954222750191966,0.14192602846521477,0.06815004226204585,0.05769706184750968,0.24603655719184933,0,1000
0.9445129423823381,0.5368544430034797,0.6083768411016479,0.5674654812237743,0.14685536392572443,0.06940075902105172,0.062466114100802016,0.1958304402265081,0,1000
1.0695739761823908,0.4340512739289736,0.42953691309969033,0.4124100771364607,0.11827403133890683,0.058528862320411316,0.0754091813584909,0.14025649466192996,0,1000
1.0204250852354628,0.47832165469554866,0.6291575596731742,0.4962771491253747,0.15631770800035868,0.07729738650150397,0.07420869183051167,0.16919204085414669,0,1000
1.0564096047540623,0.4442612687804335,0.5278876268935447,0.591150883003945,0.13762891613169365,0.06863105551537291,0.08518705662596862,0.16870811070072445,0,1000
1.0201254476586836,0.47631991110779637,0.42843281488227714,0.5044675630863688,0.1215527634496358,0.05873397107472273,0.07528014464796175,0.16102207350854905,0,1000
1.0680873751953717,0.4576192152261966,0.4311341091070831,0.2805726685030306,0.12416020860488187,0.059649586255784065,0.07373518941315613,0.13075684285316733,0,1000
0.9761617713195913,0.4849134288054898,0.5705833899173065,0.4050523755755599,0.14175186218786806,0.07221266349251754,0.07547640574976117,0.15745159134090136,0,1000
1.1053681293977478,0.48520197464175313,0.4666073343936019,0.46372122175514136,0.15990647335814798,0.07219100789327262,0.10287588350758867,0.1599305187788588,0,1000
1.0394973750342782,0.48704224507512106,0.45405490715215613,0.4426609561175683,0.13221821939660985,0.06175638000424713,0.07577674649640766,0.15787203436596914,0,1000
1.1426334514713963,0.4403391863831503,0.37849819713242866,0.5872833036861003,0.12645400480656113,0.057864672315545984,0.0874292479672998,0.15852405509528028,0,1000
0.9075224309995195,0.5161197771176149,0.43082111095918946,0.5262747506991056,0.11259414365249833,0.05600314630894378,0.065342658219007,0.17736189674870292,0,1000
1.04600076776625,0.4617764606972313,0.4864203699146633,0.5176801838439078,0.1287356644803354,0.06250803709320969,0.07318285614633628,0.16119207360609364,0,1000
0.9716946798055794,0.5137882151411632,0.4871466373633906,0.5293253600500636,0.12913530643993593,0.061619151848558144,0.0711420270549648,0.17677811257342577,0,1000
1.2314439580381618,0.3731637924137208,0.4519921840919539,0.4492466946413656,0.13048473218322962,0.06246620360359218,0.09031742819318063,0.130765646475775,0,1000
1.0410836054551256,0.5185595375551099,0.550811789672561,0.4970010358336183,0.147325520059804,0.06564872801384986,0.06611594209623009,0.17451924344495454,0,1000
0.9963641761831935,0.5019911546024086,0.5621713598966687,0.3956274590486655,0.1410695584432322,0.06771046133613526,0.06583856708198338,0.15947309050540187,0,1000
0.8511552654266237,0.5489606848018711,0.5912340337936595,0.555753069199569,0.13092752887546139,0.06699996641325041,0.060080998484909484,0.1990668179329013,0,1000
0.813593321204552,0.6048687578871556,0.5258480541349406,0.7276582405598226,0.12199935361348059,0.056666332521809915,0.053625189682268565,0.24136274491281576,0,1000
1.277870732701942,0.34198890618528327,0.5519425138863338,0.4186866288569123,0.15356832784003974,0.07542260336844056,0.10710984989819197,0.12537153002189771,0,1000
0.8079241879745622,0.5864770071456533,0.5306603245419408,0.49525361081129693,0.12707375238576898,0.06293359187879735,0.06363470218827312,0.20250910964044366,0,1000
0.8921838363904583,0.5447187625493544,0.564367442941296,0.42653075365127585,0.1435157715375569,0.07066195623450319,0.07057879544607831,0.18037316354506994,0,1000
1.122078785494068,0.4238008532472191,0.5315185173218389,0.3676927542340478,0.1516929938023054,0.07509324196424105,0.09866942130982181,0.13603130128630564,0,1000
0.8852562801239033,0.4972215785461855,0.49070934858983606,0.6113427322103238,0.11767588018428056,0.0629183735063796,0.07442297650194317,0.18735337540980537,0,1000
0.7096715444931289,0.6255619049229436,0.49069580773287086,0.8254748961323275,0.10809643758784679,0.05360842675355606,0.05510464276947852,0.27099300989738323,0,1000
1.0208614934424867,0.48467285784699615,0.5244679227284356,0.4176906271623885,0.14093691801554578,0.06813641155398187,0.07752434623217619,0.15697234480410438,0,1000
1.3137927431967824,0.3728059382852048,0.529024537385827,0.28328571513349915,0.16186187768512045,0.07427489481710094,0.10236236074442907,0.11439013586055924,0,1000
1.0599156485986299,0.47692555560471395,0.47559684953881276,0.6011012087641916,0.1276258686714019,0.05906477601250085,0.06736207371615999,0.17349060058726973,0,1000
1.1806042008882407,0.4403290869354597,0.4344955265561832,0.5305719931690699,0.1347546480754662,0.060251001060628875,0.08073186423591246,0.15298572499702948,0,1000
1.160111903243562,0.4146937498848765,0.3551328925198441,0.4091535397500296,0.11450150181644941,0.053330029702435014,0.07449356649242454,0.13267551099527572,0,1000
1.2109825940746293,0.393408963866328,0.49727494384553,0.3171022153989427,0.14636243153513334,0.07023221574919346,0.09910742622934943,0.12186264393301185,0,1000
1.3010493028316699,0.37635511067016714,0.3553474724284841,0.25676079187618095,0.13209140630746896,0.059851544921701895,0.10063742153255394,0.10943712191784508,0,1000
1.1514026479088624,0.44930097550394865,0.474309437895194,0.43643471869470674,0.14025554010602576,0.06365260395826858,0.07891963788115436,0.14660046932528023,0,1000
1.1319743928194645,0.42450028565454034,0.43874892281004085,0.5191771460485073,0.12706278981779812,0.060518141984218024,0.08257000467016615,0.14962136255455769,0,1000
1.0133814717085778,0.4846469572889867,0.6710919010264523,0.33047211398895193,0.18757316829215212,0.09322791982409488,0.08481283492810403,0.1526124689087674,0,1000
0.8235075315283005,0.599458164132816,0.5475312763719072,0.904203933252514,0.12967815893871026,0.060123645052650374,0.059604325319267584,0.2699444758939195,0,1000
1.3179447256680996,0.362174385365283,0.41483010898328737,0.3595861048424577,0.14488166694344906,0.06666317277122824,0.11626720232160095,0.11867825110723336,0,1000
0.7593635215681388,0.6041077623249275,0.5374772082000145,0.6062597570259669,0.11706169486076724,0.05951060018432794,0.06017895426336621,0.2187054672003386,0,1000
1.0628180883462048,0.44000450928652274,0.5108173847596592,0.424409261712482,0.12914897341203965,0.06442805133573246,0.07312481604717001,0.14540684592553585,0,1000
1.0119862876756915,0.4401124143159707,0.43043532742845575,0.6121468545161749,0.12450621131954284,0.06493655486353542,0.0989447271237279,0.1678018172781249,0,1000
0.9844052951494979,0.515265912980578,0.49638237209332686,0.2853402127116134,0.13480800746811167,0.06373496097234208,0.06849127460151107,0.14765226119651245,0,1000
0.8332989427629313,0.5500216904026581,0.5673541598270333,0.558475538576034,0.12769028622765174,0.06576702037108273,0.06177880113276291,0.2023040160008654,0,1000
1.0558155164052505,0.45707426693398134,0.44156115840258486,0.4928202703788339,0.12396087510932872,0.06003192368039482,0.07675616180602925,0.15508571440699961,0,1000
1.1159361678959123,0.4447441552900479,0.4278910599588992,0.430146569877097,0.13483063841294057,0.06342213450654435,0.09154999182294787,0.14466638826232575,0,1000
1.2643266622009302,0.4193188764430675,0.45717494541244014,0.44244673326528655,0.1437686416736946,0.06250364936302606,0.08406946271366174,0.13829469438923572,0,1000
1.020074296114486,0.4751751865477844,0.47495268765444426,0.42693243965279964,0.13172890232193044,0.06464707303098383,0.0808372631325317,0.15373927866677192,0,1000
0.9684166063561731,0.5324008102696491,0.5118272563447571,0.5005531708772016,0.12920511147413172,0.059526529898197615,0.05830500801738783,0.17866093949936288,0,1000
0.8931218737104345,0.5743919892556284,0.529191817682449,0.7478187862830233,0.129766610722452,0.05900853227252118,0.05868988750095164,0.22941540776039335,0,1000
0.6887761617710229,0.6564322446060161,0.6126109103857864,0.6982759916702662,0.12482348736215224,0.06052247468700315,0.049998714519519885,0.2745317922039123,0,1000
0.8833907134662539,0.5905023430868226,0.559821263612329,0.4001711261865388,0.13931586347346606,0.06271986830024157,0.05581519107293682,0.1885356879964401,0,1000
0.987315755709424,0.4988889684777244,0.5049261952160455,0.44786760299166767,0.13017230576722694,0.06300894261946564,0.0686037228024281,0.1632807562376315,0,1000
1.1362723049806935,0.41983825538613756,0.3033857400775634,0.29394212232008543,0.11430417216493938,0.054308546684692045,0.08619800911703361,0.12163983454238382,0,1000
1.1341056034374597,0.4027732685775163,0.3440212281280957,0.3288404860138426,0.12417807367687267,0.06151481204719676,0.10671601505454124,0.1236722402648162,0,1000
1.4803911221729997,0.34447929187645665,0.40348503430258026,0.18983646185130976,0.17143699975646895,0.073307694775657,0.14209912705453065,0.09772258268920717,0,1000
1.2283785020992055,0.4054561027950489,0.3795655721593573,0.4044621839450298,0.12977420795578454,0.05861222097224936,0.08954300346843987,0.13091660883268025,0,1000
1.099140249975963,0.4993906260530364,0.44996368244010443,0.6333831147655975,0.13688557809012183,0.05864980944190284,0.07218343100093559,0.18195823186701476,0,1000
1.0171955121992398,0.4979235671117526,0.48784512662568913,0.6144540074946752,0.12707665887859582,0.0590883555445375,0.06412541134494144,0.18175699069293208,0,1000
1.1778712812986893,0.4091774546029468,0.40820139238207104,0.3841671820508626,0.12599992135094706,0.05911280584458298,0.08395799717958126,0.13049115916188422,0,1000
1.0322300536066789,0.48323136999466687,0.46900306401127884,0.3250144602827062,0.13319707150548085,0.06374224341318872,0.07663454595993681,0.142997391421796,0,1000
1.208708590983112,0.39914829902023563,0.4220781348295633,0.33763560074607823,0.13297491754732382,0.0622148170216996,0.09111452489410872,0.12400413959491222,0,1000
0.8993666222056066,0.526044371485559,0.5311618521993626,0.5775876296381878,0.12258544969373121,0.06120986281404025,0.05905001471500806,0.1920050982465049,0,1000
1.2798661974590582,0.359466084690355,0.556742423895406,0.3615263675039894,0.15341261552679222,0.07302238851847037,0.09833458195792677,0.12137489024656728,0,1000
1.0291771538808392,0.48948442895984046,0.5574621667549337,0.3891787118492198,0.14336901320483866,0.06860954037753916,0.07039690090982274,0.15397184221563484,0,1000
0.8971299630760469,0.5170082318022844,0.41625721010295885,0.39322059184921926,0.1178645607088278,0.06026991495224086,0.07788129757676653,0.1612486643496422,0,1000
1.0637527872412187,0.5073683492057294,0.4978264244107865,0.3568691819591035,0.1387831200318224,0.061555034592095825,0.06311510190641288,0.15192823434020944,0,1000
1.0292840469263618,0.4772901164997259,0.4212700854779309,0.47313346631148445,0.1210016975531235,0.057748195501428054,0.07276582196102556,0.1571975802359319,0,1000
1.0114657951903459,0.4893534801239525,0.4825464942540503,0.4546432954172026,0.13169018995779103,0.06322457134875836,0.07424037539126915,0.16089939702605519,0,1000
1.1144207471957053,0.4424203450070392,0.5701525511631889,0.6047694466013831,0.1673380429179323,0.0806276036582251,0.10196692610281738,0.17472993210667287,0,1000
0.9628717820396295,0.5305214929990888,0.5601327381287525,0.42745567986249833,0.14065590151395682,0.06591774952937596,0.0627366019019491,0.17196339073485623,0,1000
1.1816723642437867,0.4213669684008019,0.4367887542258855,0.35226192949607404,0.1341787856948611,0.06224480555849972,0.08537271396834407,0.1297515586896112,0,1000
1.1049694409856294,0.41879584830059535,0.5288497848881458,0.24196608489588645,0.13842896939823263,0.06984058017411117,0.08173398365549316,0.12023754764414891,0,1000
1.0984979615775328,0.48791369653474553,0.461868497977764,0.5902021795939104,0.12928625891389117,0.05675896707534666,0.06237651241842917,0.17222095810775123,0,1000
0.9135335837489923,0.5498531869206305,0.5473322172752758,0.6326442065112952,0.12668042139035401,0.059130963357878076,0.054462362813071735,0.20428080014682887,0,1000
1.0825710622299007,0.47987164336815386,0.47996917546082507,0.7276384144614826,0.14216418960805552,0.06461461694223965,0.08500560956648497,0.19280383432660783,0,1000
0.9334245297452347,0.5466291120029735,0.5326648839192112,0.6711491590263734,0.13924527675302206,0.06455757052811364,0.07103320227895166,0.2107455741071931,0,1000
1.096374283510449,0.46426380941844114,0.39135758356009,0.5045859135968125,0.12687241450384248,0.058471201977090534,0.08354700023315294,0.15532693703562356,0,1000
0.9914170671098748,0.5289906503485642,0.5180542264329061,0.7202046258263456,0.14042107151103206,0.06392140793322303,0.07188644339639919,0.2074835270430698,0,1000
0.8845140895921232,0.5481267767270012,0.5773185135618241,0.6035629090503707,0.1414847326050716,0.06980584225843378,0.06938716483381714,0.2064630358956609,0,1000
0.8638555177120668,0.5582378422610068,0.5885500944544768,0.5435530631070112,0.15680551108243634,0.0756815128412738,0.07032120630055452,0.22635640678971514,0,1000
1.2849544952456795,0.3303464327457796,0.5498217572008974,0.24318047323527825,0.14236745432032724,0.07040628006740891,0.09099339451278211,0.10391510872002375,0,1000
0.7075792820396555,0.6233150342924033,0.5813648210716728,0.503163451252164,0.1194854168116062,0.06155750413193608,0.0530440013404553,0.2252026004931779,0,1000
0.9701391293822227,0.5268261932720902,0.4337269033593669,0.5907298610425467,0.12434307020619956,0.0569404510568142,0.06896896717900351,0.1866673347289453,0,1000
0.9917325822601694,0.5043850686420585,0.5096034708417221,0.7037379861914312,0.12674239502190499,0.059609252806891055,0.061525727510007136,0.19662144073873492,0,1000
0.757306084197238,0.6317227790529173,0.6747799328198553,0.8925886978756119,0.14132932039168042,0.06715140472759423,0.051724805715519906,0.29315190092913007,0,1000
0.7131134248506562,0.6373871442653306,0.4820724863706266,0.8883946245972089,0.1114293793226822,0.05359316242888126,0.05877171992008666,0.2833514320741934,0,1000
0.7922532011321037,0.6001078253558099,0.5030487528666053,0.5456959419645022,0.11278991015530866,0.05444198304962039,0.04915394110778932,0.21235181212062837,0,1000
0.9797937350722142,0.5091713749643534,0.5572729504427351,0.35911649315468513,0.13798972743980756,0.06634065438351237,0.06205141573336159,0.15699428467119006,0,1000
0.830007021626791,0.5851726623860133,0.527790131954551,0.6847031408152696,0.13231752040255998,0.06382241409228737,0.0693666717021674,0.2291056781375972,0,1000
1.0314931378150212,0.5026544267139481,0.46614656032419594,0.5307448647328552,0.1294035218583757,0.05909532312533515,0.06824219504039353,0.17144835797579291,0,1000
0.8394334375956551,0.5500195672015775,0.5761815458543412,0.6154872205685715,0.12952024553105201,0.06658435614699289,0.0648926848639036,0.20899362785654232,0,1000
0.9279286601330422,0.5283564418742726,0.5142697375656996,0.5663252151735898,0.12449160753696746,0.06019137563272166,0.06002329228009338,0.18772057118846408,0,1000
0.9681566388025852,0.5087038517165616,0.5499180949798416,0.5450049664765263,0.13655269884510077,0.06625877368967778,0.06801510638763192,0.18116093210920664,0,1000
1.0524174836658218,0.5077613905807036,0.4919107077221356,0.574656138220164,0.13612608957467007,0.060543689200611595,0.06645129813205003,0.17887429510573816,0,1000
1.1854029947634699,0.40215983699806424,0.45996043886422133,0.23094859372669277,0.1353009657272015,0.06525380951238365,0.08936536781296119,0.11359828948927712,0,1000
1.0257588923357472,0.4967916745346801,0.5827524380239125,0.36789707607308336,0.15744475375147995,0.0750442482683159,0.07570481619232791,0.1552557569451844,0,1000
0.9073830506728486,0.5554838277435278,0.5579364749985901,0.743902281638055,0.141271189503423,0.06514483790938062,0.0651349926609509,0.24001201951974513,0,1000
0.990883279416804,0.46887238699949474,0.4357920530049919,0.33939696774894246,0.12123517481247083,0.06150415896477867,0.07862172822102452,0.14180667180007725,0,1000
1.1793434695486902,0.4477621368819108,0.5661682333286602,0.48173873639487463,0.1587091080411023,0.07091279337332788,0.079342376248709,0.1548656067897472,0,1000
0.9868151633532307,0.5038818407384945,0.5298531844433855,0.3810357804290356,0.14134820136591664,0.0683953247132447,0.07477471255868999,0.15789363328459843,0,1000
0.9180467909562049,0.5829792807944343,0.5666055908416769,0.7579139514423923,0.13656033825139247,0.0595769357722302,0.052984190609908687,0.23433922110499997,0,1000
0.585264883922917,0.6866205875979371,0.6244111851314136,0.8361932958746966,0.11584471641837525,0.06035000840179751,0.05179103463296874,0.32724585499897163,0,1000
0.9393984867041444,0.5119548004465764,0.5258698938107609,0.35575153414856386,0.1296470665578064,0.06447915948802438,0.06548034608996504,0.15727318440634586,0,1000
1.05416417975852,0.4688109417683371,0.48758859910059416,0.3198168098566488,0.1324400300224858,0.06392967595337834,0.0738829206517885,0.13863847725424536,0,1000
0.9278215593008781,0.5229144795766594,0.4174931325495007,0.2782343033197145,0.11548649364007463,0.056215248513969175,0.06371146466780445,0.14776367042720703,0,1000
1.0822146140620241,0.48312483735538236,0.5306286828930195,0.4102285569871278,0.1395928772964972,0.06386022421492298,0.0634909230697934,0.15278555851500872,0,1000
1.246718528832683,0.3512285095641809,0.46882074790166284,0.4145705837311187,0.1354876348945972,0.06683894819966112,0.10450056848494126,0.12396946071653403,0,1000
1.2110230475202364,0.43315746478736705,0.3571270681999302,0.6199835343020247,0.11960749502948416,0.051173810134538755,0.06748242266999814,0.15742089714294086,0,1000
0.9320810236952491,0.5207800250393161,0.4046787456660667,0.611262084486215,0.11258901013391243,0.05430345660354349,0.06543366136559108,0.18586755239483624,0,1000
0.9284126822037718,0.5558063014548423,0.47321455586177447,0.7523900310368976,0.12133287980588657,0.05487251049867498,0.057796184323746946,0.2172580318862912,0,1000
1.2378787305869123,0.4142855980922228,0.242677182195954,0.3327424214345313,0.11962299870216697,0.052409511548874195,0.09141662775650344,0.12209028132410558,0,1000
1.019324451519116,0.5107767737809134,0.6221700262830946,0.4137462542331806,0.1670482845999898,0.07808306601869065,0.07081049202946246,0.16702254585437684,0,1000
1.069064466321249,0.4653013024809285,0.5298159972656404,0.5150932038039128,0.1337075794851783,0.06345166864753586,0.06562408555512313,0.16174452817028173,0,1000
1.0449336171196675,0.4830535926772528,0.5053945053182857,0.5812177887038313,0.138011210811559,0.06499993753403738,0.07745617299786071,0.17504943260295977,0,1000
1.002399938583363,0.5235197753168872,0.4476641044159907,0.6410167206479815,0.12249592300720531,0.054888780083156036,0.061483741244195644,0.1885473579839504,0,1000
1.0664517586630295,0.47720834320369043,0.47384118084546206,0.25325182471701657,0.13721918329208455,0.0646330844380096,0.07661519106312258,0.13254764671560076,0,1000
0.8174765214421801,0.5850204774630835,0.6035541099009464,0.7682660548428945,0.12996551472944276,0.06326260068340832,0.05466047696068021,0.24478674752146123,0,1000
0.9127859416995566,0.49047303884834104,0.6027507453186816,0.5929481303047313,0.13467815963057778,0.07206620704835381,0.07005863387269642,0.18703002378092093,0,1000
1.1028928424572617,0.46821456939137673,0.5603295064251986,0.5145919681783216,0.15857230668327021,0.07336623225248824,0.08477516115640375,0.16582735580320995,0,1000
0.8585003278205489,0.5742218285084196,0.6334372375101532,0.7170158230185908,0.162640330608589,0.07886466020287039,0.07484930394584931,0.24214287005955965,0,1000
0.7815565031617278,0.6210918376019715,0.5664147368441159,0.7474142690394574,0.12388836068724757,0.05772905473116218,0.05077970821675424,0.2543359703293665,0,1000
0.9468127344437882,0.5349926465131831,0.416214535457181,0.5512231041444645,0.12212272375469889,0.05673939806258952,0.07016770942190073,0.18336067584487564,0,1000
1.147170185297474,0.41512784453922313,0.271149162860666,0.34825927104626697,0.11256369039601503,0.052804927666119036,0.08771960734022977,0.1259100492308596,0,1000
1.070778998655753,0.45457714426805845,0.35703087072319745,0.4078513294428301,0.1189658364436376,0.0565814619599071,0.0827622743807701,0.1426379844280427,0,1000
0.9851281655549141,0.5397316015223296,0.4659444727727365,0.4698938331124028,0.13011174440665463,0.05787669205139952,0.06298390695619886,0.17510583838406,0,1000
1.0351672055119094,0.5136719111932729,0.4445611988085303,0.4014405818911284,0.13222737154571404,0.05903034286152987,0.06894943333904516,0.15831767430518698,0,1000
1.035888055505838,0.47758515118523526,0.5816857232475852,0.434760685661274,0.1484768332239523,0.07234366865873575,0.07370693616460933,0.15806327859052052,0,1000
1.192179411286987,0.4126809309578326,0.32276626915789747,0.31435276916565724,0.12189488668458168,0.056285259707515536,0.09005742724310685,0.12182433095702529,0,1000
1.0126851224570081,0.4682693744749179,0.5324791406825193,0.5118441042738099,0.13125265847966855,0.0654734199943301,0.07039588201700743,0.16426615920948825,0,1000
1.099743328096162,0.4371165926825132,0.31001205869007975,0.5251306349445733,0.11495201696925603,0.05431241920654008,0.08761343092089938,0.14992363264659192,0,1000
1.1553767853045787,0.43634717664861944,0.5241202909040793,0.3975723490624773,0.15591970408499684,0.07307906092473292,0.09432871588140496,0.14165194084497668,0,1000
1.0709373986561095,0.41334294991606885,0.5254968628816368,0.4043001533229927,0.13292248738280313,0.06934462676785472,0.08514039976937283,0.13840056230001357,0,1000
0.8222653882657467,0.5724198972636271,0.47077275801211393,0.9999645674528135,0.0707850372258723,0.04465410972697915,0.058130210272379676,0.013316492310703086,0,1000
1.0884778895328107,0.4495679232593975,0.47770271435053,0.43241119903124875,0.13430394485002187,0.06479349676765789,0.0823538125077355,0.14685563330511403,0,1000
0.7690061212900201,0.625048805144812,0.550644225728684,0.8010156007956493,0.1236044348240347,0.058012810159242215,0.05445122877234214,0.2649052977262092,0,1000
0.9927842229407982,0.5013928428075851,0.5640504279267113,0.677838934570627,0.1421482152418025,0.06865082260436996,0.07333769711017196,0.1962068740886169,0,1000
0.7111060236549196,0.5931048869350144,0.6575811822300935,0.5167010392781133,0.11754780991187337,0.067298824706107,0.05231726814704666,0.19925496645177743,0,1000
0.8550276354629843,0.54268033482178335,0.5617832229386117,0.5509271277762265,0.11954758275294469,0.06111537299689928,0.05269096129767689,0.19366486868186378,0,1000
0.9122199271297988,0.5364463917561518,0.570034094196443,0.41200996149478986,0.14148294089667318,0.06958799792316453,0.0677720381435014,0.1739043458701727,0,1000
0.9928973680445927,0.46682660275208676,0.5292206542226505,0.5371845011408799,0.12824182254206667,0.06523982010183328,0.07135692672551154,0.16767706675820557,0,1000
0.9187590808213194,0.5266226284955606,0.49893857847879935,0.39495869724565374,0.12701574731125986,0.06275477161841558,0.06725474656762784,0.1655456154328143,0,1000
1.238150783169233,0.40190065334015534,0.29988459503233006,0.3603810505075615,0.11839002200627333,0.052784701076734664,0.08502047825299981,0.12356724135654551,0,1000
0.9918662779306526,0.4840092433050185,0.4109910633160451,0.46956596453317717,0.11512119231528109,0.05598431928201891,0.06888670409081278,0.15889052811451398,0,1000
0.7700703107584005,0.6346634841555658,0.5808841971156743,0.7161633744631977,0.1313858837887113,0.06023429290882433,0.0548583542199003,0.2599543971982675,0,1000
0.9867906773449238,0.5236318127966392,0.48497285523244565,0.7172188261343374,0.12631630454995926,0.05695405141039103,0.06200320288622338,0.20313423837130556,0,1000
1.010739194290198,0.48958675511944644,0.4288502258334322,0.2661660235264517,0.1298161923892062,0.06259270662343629,0.07896136874335426,0.13813614892394233,0,1000
1.1606115030741238,0.43694037668632135,0.4666336862943587,0.23393246102480422,0.1433811649612533,0.06670760551875521,0.08713927706152126,0.12110853226388482,0,1000
1.0733110106487336,0.49428115231438247,0.4900443084900472,0.3383681434908185,0.14603178722238688,0.06617188646004245,0.078343854593385,0.1469918916382646,0,1000
0.9437184874854925,0.5032670519819074,0.512486694087821,0.5906055460848157,0.12852480234903743,0.06440894075811067,0.07350164090945345,0.18466182660590488,0,1000
1.1113833484826712,0.4286543295751555,0.5248078149222944,0.41636787012669674,0.13759433983268513,0.06753483700008765,0.08093401220586934,0.14131253566901758,0,1000
1.1483826979729432,0.430997164259509,0.3818837143236749,0.4758008316557831,0.12157586933267378,0.05599898820394433,0.07863499505416302,0.1440496945197832,0,1000
1.451156755729746,0.2743251136107896,0.15098729684830475,0.4790476442058628,0.15057173464293877,0.07114595429131766,0.23771753755506722,0.11619520845118562,0,1000
1.022662000882408,0.49721135364043934,0.48077393015763487,0.39759580369824427,0.12836830476570302,0.05993507864270444,0.06416985164260705,0.15484404078368963,0,1000
0.97314862176393,0.5081733625767418,0.515342456869512,0.46053149013715916,0.1296959821439004,0.0626348505499662,0.0661330141235657,0.1674156986629609,0,1000
0.9583719795223901,0.5173031176063325,0.41692778185414675,0.506977270184309,0.12138415200097677,0.05749234418926073,0.07335103994912985,0.1732646284567314,0,1000
0.9972011888908032,0.49201982124085014,0.48725445811543205,0.4310822791073025,0.13516875883699284,0.06595853823409085,0.08037865099503816,0.15940642670720503,0,1000
0.9470869987765317,0.5381035368908833,0.47334365637100956,0.5317859199959051,0.12352664939595655,0.057072754294435785,0.05969277980398934,0.18370350885799083,0,1000
1.1323061110196226,0.45448717798261806,0.4973632810261411,0.5114024462656019,0.14001701272323397,0.06391775569129282,0.07600763535468516,0.15729768850596831,0,1000
1.1231218455732863,0.47796919583180053,0.40804395495231305,0.4104928339256261,0.1305819366962862,0.057379175667918204,0.07312261722393495,0.14758713544271354,0,1000
1.041158918362304,0.5052332299774824,0.49432815721455164,0.3615352649616385,0.14189332284118322,0.06458771141899827,0.07269319461962927,0.15334695885722882,0,1000
1.1920347716747073,0.3553174252858715,0.47864932546406114,0.2903629039230475,0.1257754229240199,0.06397303710270262,0.08625165973577144,0.11261752703497628,0,1000
1.1406406961224853,0.4664027564040502,0.3353923792158912,0.44686253132574577,0.12019134682140079,0.052139737765670324,0.07131898470509015,0.14678542999111885,0,1000
1.0740297807980348,0.4523533619669742,0.5014873319473288,0.5503991338928269,0.14261678837222366,0.0693538618796967,0.09124786547722291,0.16451305734425484,0,1000
0.9457217882333255,0.5273529364457439,0.4785071338219335,0.577246001032895,0.1266120238311866,0.06019419946167981,0.06897215285776322,0.18717970419726226,0,1000
1.0865745871474919,0.4153678473495521,0.5392882965545444,0.3407980876174363,0.1377393061157251,0.07066445946779508,0.08274738657781924,0.13177017182619336,0,1000
1.1834287579880172,0.41292150505658565,0.3451911255177787,0.424821454383087,0.11683556719322362,0.053550989689600446,0.07815205269454975,0.1334276184846886,0,1000
1.4204796835093398,0.29075535441003303,0.28863711492171507,0.3578527083705323,0.11795604414565918,0.053918574558805415,0.11515410169677283,0.10481238761353234,0,1000
1.1347308909207736,0.44294394871854686,0.42340666725954756,0.45238499457350784,0.12646383798094607,0.05817086507845516,0.0750426775476507,0.1453039531904133,0,1000
1.010774964694524,0.48617956042649724,0.42766673437800956,0.368999276809071,0.1262279783195916,0.06075443735657374,0.07800231883075887,0.148502475343141,0,1000
1.059854146790981,0.4696269905455642,0.5998610147486291,0.49674881288439493,0.16211414414535966,0.07854586910190205,0.08383219005992548,0.16659313077690283,0,1000
0.88691310413052,0.5265391814889312,0.64197379154553,0.6773689701975729,0.1450440954926142,0.07479537130871178,0.06575632560314236,0.2134722773408635,0,1000
1.1558099117321492,0.4570512103128724,0.37504548672052146,0.4284007132362963,0.1248747489379945,0.054779352761369915,0.07327157627938857,0.14360489435191356,0,1000
0.9195929839264608,0.4957247774219396,0.5062026615564802,0.56175595296322,0.12325908945450482,0.06354420832256175,0.07459629752675961,0.1800865637689104,0,1000
0.9928364925178772,0.5097284529272391,0.4672768483125189,0.48491385472324877,0.1272891330852271,0.05965126609294253,0.0678128545862496,0.169009456416131,0,1000
0.9399827975732378,0.5494313855557621,0.46289872883602334,0.4600992522315167,0.12864974426098566,0.059229700841402035,0.06544363009860003,0.17770714411168018,0,1000
1.2431758199252738,0.3997041453415694,0.37665623242697344,0.509638742536611,0.1321605780553569,0.05949364335677545,0.09635051809954637,0.1408998549483116,0,1000
1.16627134822205,0.39295310629961955,0.4738905608454651,0.32842545329831324,0.13407947222530514,0.06624091027300696,0.09235199032796478,0.1232431860314774,0,1000
1.0212304527701686,0.5079024897871064,0.5138537551858366,0.6589632838632141,0.13253354512941712,0.060165068708347834,0.06237074137324024,0.1915561554636554,0,1000
1.346027742323343,0.31866814273497907,0.34019415899493355,0.2217237273698311,0.125891012238692,0.059740167707702144,0.11743306167909817,0.09776760169096699,0,1000
1.0360355192451822,0.4444167727227877,0.5387462358624827,0.2602236410461032,0.14085636366438303,0.07270415677729314,0.08537831685659365,0.12895588240741654,0,1000
0.9318514295843153,0.5359473639467299,0.5475110546756656,0.6712944236473374,0.14245243586991624,0.06798126478792921,0.07433485862692066,0.20968107692120078,0,1000
0.7140194923153793,0.6342228817081597,0.5660448134675132,0.5900819826395878,0.12837988744509735,0.06387545022800867,0.060942233621750594,0.24458488278623003,0,1000
0.9700158258981078,0.48844047408227076,0.4945833236541851,0.48471128429759197,0.12750066851108696,0.0638638603659961,0.07426582604134106,0.16602939017246035,0,1000
1.0496724868613585,0.5104089929164142,0.49220286044757644,0.3245522881961916,0.13301198319351687,0.05933421894318742,0.059073911868942015,0.14843031664803172,0,1000
0.9069430622737644,0.5327995055676258,0.49714491523220605,0.498862053892683,0.12908763625754335,0.06328622178813842,0.07161802713808277,0.18234617665891942,0,1000
1.0458540840278125,0.4559695072083743,0.4623165259935771,0.35946955612402987,0.12614735486866935,0.06218769138963967,0.07617519504640814,0.14049736517120653,0,1000
1.2034215140520261,0.39220651370691034,0.32112684824770893,0.40382924952070065,0.13008820540484603,0.06166214905774429,0.11586857456127975,0.1284372556094689,0,1000
0.8496188122336698,0.4927997934136607,0.4715028022989206,0.4925971452568134,0.10432793293309764,0.05776284672557294,0.06370155079235924,0.1704921762413611,0,1000
1.1610319293276516,0.46081875023136804,0.37694877817348754,0.3227242392149749,0.12914846541160266,0.05650580900501317,0.07635021804853327,0.13310724566676405,0,1000
1.2004865677017245,0.43269176604687837,0.48035171323429526,0.4361915801313158,0.13583474720779695,0.06049980762458256,0.06932191020403099,0.1413189356001712,0,1000
0.970062642780663,0.4940386394542048,0.4997467038755641,0.7521900486331887,0.11983722045811261,0.05951207678489702,0.06823381935899638,0.19195256535185176,0,1000
1.0134483473086027,0.4952563632489782,0.4510288887982128,0.6479187536968486,0.12672318529798596,0.059608558758542006,0.07445519218495061,0.1841568743339106,0,1000
1.3020665780504554,0.3703879373054559,0.35534457089052296,0.49903351267324225,0.12999373264275593,0.05856217510365874,0.10340963061681578,0.13269937305517646,0,1000
0.9495566920420747,0.5249742886048214,0.5880591616354477,0.5281939466633851,0.13734218584049865,0.06617712768364604,0.05919838572627604,0.18380872216755864,0,1000
0.9986339737098741,0.5092497478183675,0.47532740871670004,0.7284569884585407,0.1280292899611477,0.05943463688858605,0.0694723754113108,0.19959501530293794,0,1000
1.2473974147013707,0.4021548970213329,0.4011229931839295,0.1252716135446579,0.13820600141373085,0.06336740496347502,0.09509544674731767,0.1018803939974802,0,1000
1.0790040276681845,0.4518898133294014,0.4663371856403203,0.3923857497184052,0.13799001965719043,0.0667511246338613,0.09008132034479188,0.14383448298354304,0,1000
0.9552929270709027,0.4758233495359658,0.540541682556018,0.5543857242936902,0.13276271831636197,0.0687801226302018,0.07878429598419634,0.17636434156371733,0,1000
1.028002439465318,0.4906679791285931,0.5200284665179388,0.3310895881211166,0.15140581090219574,0.07264637955712362,0.08663960588550994,0.14765678354607728,0,1000
0.7421662745042613,0.6248463092590077,0.40450412562392263,0.8344142256302103,0.09906794193132332,0.046143733542663046,0.04858030235357113,0.2591435309254123,0,1000
1.0432906123253138,0.5017659286834403,0.5339106884383856,0.46596808776914034,0.1564204843172915,0.07200911380143855,0.08406427242929687,0.168399548898096,0,1000
1.2213489985562964,0.4278241485640151,0.29883001096359935,0.17595220867477368,0.12852192368395923,0.05709787850769168,0.09180813605862093,0.10997350370117416,0,1000
1.1440835122175312,0.4107745908146833,0.5752573420853563,0.452073369196796,0.1549098222189984,0.07637831749635608,0.09021793050645169,0.14510131616034214,0,1000
1.0425249512687895,0.4942955137866289,0.4864345405464043,0.3503015424949439,0.130064611850324,0.06009269954383125,0.062412112538438265,0.1480795998343175,0,1000
0.9159776039515974,0.5284469390708229,0.5556483477039766,0.7442913595618196,0.1200747875588457,0.06039177301066339,0.062140329871670494,0.1886976312842635,0,1000
1.2619846023213686,0.3834704238280774,0.49594899851294144,0.3345032899774933,0.1434454576011603,0.06680319685947811,0.08750310138662368,0.1209670360728228,0,1000
0.8160055431187708,0.570816689883723,0.4438816699787276,0.526410295766827,0.10778646701348385,0.05319141151905644,0.05608079617983346,0.19639994281738896,0,1000
1.2087990477187098,0.4000424990194072,0.385984346865572,0.37565501106858934,0.1356557059388825,0.06353237820767162,0.10562499497518979,0.12787266931895516,0,1000
1.017505513553973,0.5179848641956203,0.5604254790767084,0.4560856244901298,0.14548870490730617,0.06583888425395261,0.06675549561906662,0.17071505191388608,0,1000
0.9326684114695392,0.546259158915223,0.5087347593225072,0.3697245547938005,0.13363536303012802,0.06272540308220877,0.0650456290158354,0.1673266359818874,0,1000
0.9007661538213545,0.5457148499345289,0.6516061250650208,0.606667695841965,0.15266474925087756,0.07474264749703957,0.0616554815439407,0.20923518415923464,0,1000
0.9158173342894526,0.5276927125881467,0.49010586808774764,0.6399205062478466,0.13440697078371983,0.06305326789752247,0.06263504631569701,0.22628642314313885,0,1000
1.1225040915514395,0.4158750049145546,0.3641572316119136,0.4070609429102054,0.12005980293204455,0.058383093243321624,0.09136803438785246,0.13435491092569984,0,1000
1.0336362721460952,0.4897703475852444,0.46279693856528464,0.6865554635847908,0.12474556514923288,0.057577748467326315,0.06656875915601516,0.18731400924441977,0,1000
0.8287711043770575,0.609683339995496,0.6691431784185312,0.47699999156449524,0.17055623007743695,0.07893338183016105,0.06261647911922184,0.217849703783862,0,1000
1.1249564948585224,0.49677151831511435,0.4841561512466958,0.49725631499051554,0.14084010316221718,0.06001177297261134,0.0661937315322063,0.16399751464086312,0,1000
1.087881372255398,0.43837409288491763,0.4421675680250993,0.3606791961845323,0.12287279391767299,0.059807976585187876,0.0750964021486526,0.13536096969025407,0,1000
0.9479361456934848,0.5039669683857034,0.48189053814038396,0.4728685949886827,0.13198582196660968,0.0658268775413466,0.08049534703104373,0.16981750540855847,0,1000
1.1137831905154434,0.40211713955837036,0.3844853845863706,0.42303159167676446,0.11994782517324716,0.060119344707649305,0.0952466051894681,0.13430422250179003,0,1000
1.0948981498467985,0.4604196897514066,0.5375943913411496,0.4978948498289626,0.13784325656654356,0.06458498299248336,0.06777467871472372,0.15828196398108194,0,1000
0.9202385510999995,0.5433868195739182,0.6875687693660217,0.6107782911945743,0.16500763658799592,0.08002964049859085,0.06304718792502785,0.21004653716800958,0,1000
1.1789930784223308,0.3941478524480477,0.3653945684134202,0.6634801306534552,0.11402159172976545,0.05341185258651247,0.07766734042502434,0.15533370087725928,0,1000
1.1167030482275533,0.42572195157720705,0.471789660672901,0.44478794249772147,0.13634528225593662,0.06634376685609324,0.09169740870008393,0.14390215009528182,0,1000
1.3923157323798627,0.31681347827693207,0.46162304059678677,0.2610874994266641,0.14514337868703833,0.06764865323365181,0.11436570074866435,0.10183943716096568,0,1000
0.8787586872649786,0.5392287312574403,0.6308981415946697,0.6119706157413635,0.14887526659134112,0.07558457551151164,0.06878315540837666,0.2089659371640496,0,1000
0.6610258283323073,0.6561429253886846,0.6652128547716507,0.6276725686675106,0.1347527511505814,0.06880999571065859,0.054161617691985374,0.2693831943339808,0,1000
1.0727549338354847,0.4541488390202997,0.4508139829429352,0.4405272630881397,0.1331953411318577,0.06485406803420571,0.0820986579535197,0.14933389140425826,0,1000
0.7354138782417771,0.6028099070674585,0.6563496640257832,0.591549134076788,0.13380041301946796,0.069929021468338,0.05415200165936056,0.23629425785009972,0,1000
1.0416042049379688,0.4488760384463867,0.4775772763108597,0.4183544465416274,0.13837061474673115,0.06984926527267911,0.0963083028574256,0.14807535965773894,0,1000
1.1023921822898035,0.4262860705366724,0.553530430009233,0.3864917723141368,0.14104749691617377,0.07030667205324352,0.07770162405592443,0.13862789554609994,0,1000
0.7903957312856776,0.5838349274871227,0.6963351235056024,0.47513388000539725,0.15528820981037755,0.08035290608294299,0.05834056966659183,0.20777109841912575,0,1000
0.9563779068510987,0.510218854378811,0.3733506717161025,0.5942631044965936,0.10980896106778312,0.05209488353593118,0.0658278459009344,0.17898760874174108,0,1000
0.9443883457416903,0.4887614602770407,0.47342183500631474,0.569307253256391,0.12383583923613288,0.06321002445321247,0.08027447059731102,0.17747361303817857,0,1000
1.198090325963729,0.4354214092112033,0.48988789754041684,0.5734397873856675,0.1377883626402672,0.061304526008866454,0.07255259063468511,0.1574907500540398,0,1000
0.957749528829481,0.521283894388012,0.4456985267039592,0.4059580800391877,0.11639711435622459,0.05499675848508049,0.05702244733857693,0.16162658239413216,0,1000
1.1021170348537508,0.43971504870221395,0.49098493445078195,0.4246750063138083,0.13480879296617096,0.06498529541507111,0.08116950268546612,0.14440126868109945,0,1000
0.8734801783942286,0.5693849993458914,0.5329592102723991,0.6195468644183822,0.13614102573026632,0.06453031423276002,0.0672668925584831,0.2138615512662351,0,1000
1.1134517819599532,0.4123716992017641,0.5259666885384153,0.43266510507624517,0.1437101008564511,0.07208431916955371,0.0913573081547582,0.1429348467768536,0,1000
1.088708640135147,0.4296559913842771,0.5058741090803474,0.41683267461900597,0.13364437570479754,0.06654215366439266,0.08187718676649078,0.1419871968833126,0,1000
1.0605592171835803,0.4672440968617429,0.4798149412721041,0.42203034946531404,0.1333001744793058,0.06375861440963293,0.07691293264028376,0.150466625026534,0,1000
0.8909873711012075,0.5533478890164987,0.5848442250634278,0.6059062109597972,0.12985225927668262,0.06273261441203994,0.05408639277808218,0.20174758471006096,0,1000
1.2968047539571241,0.3493396359197151,0.2895225206333269,0.4548978894495014,0.11797825086288796,0.054220540688335477,0.1031860056051694,0.12374092869539143,0,1000
1.0931547216516777,0.48940348890151225,0.3629597679260953,0.49128681939236035,0.12269997831554065,0.05347883157685461,0.0708496047874786,0.15873851916706969,0,1000
0.8830715907463366,0.5816409863643233,0.5290191496402149,0.7881012777880825,0.1266553878476605,0.057263616312731476,0.054705841881110384,0.23615184930059996,0,1000
1.1080334914026257,0.3933148005293456,0.5375931587059667,0.4080460345094478,0.13067060847345388,0.06786130247536346,0.07995703521594294,0.1338751908685816,0,1000
0.9438797902177505,0.5325389314721745,0.5457502832505837,0.6370516348554729,0.13891740391704888,0.06555366312190157,0.06793762845421038,0.2040940562124709,0,1000
0.9207893914861616,0.5738997493152876,0.5553698095730638,0.6075024297565292,0.1390113613095777,0.06197138146719068,0.058448864101939065,0.2103181200105385,0,1000
1.1258813237968224,0.494038904982923,0.5065408817931264,0.3424469600434121,0.15919962039790767,0.06914581642015717,0.08117149539228954,0.14714610076836038,0,1000
0.9432606728461569,0.529339683391965,0.5026453429802994,0.6434125442041596,0.1239491008222494,0.058488131314145965,0.05982284719052875,0.19652396890889107,0,1000
1.16494070569538,0.4400079335140986,0.4270037395866534,0.3211246036090285,0.13224663475151852,0.06034977470163594,0.07883953045495917,0.12967911563976117,0,1000
1.0375671173234688,0.5008077015571325,0.41928573748354503,0.48387811873178543,0.12253515608296699,0.05541630140733653,0.06544200784164358,0.1632109033772766,0,1000
0.9064310086870779,0.5313638832208596,0.5758789882360462,0.6941157178965481,0.13315289050716592,0.06553302832936364,0.06384714840003627,0.21148296990863155,0,1000
1.1145600728814282,0.43645575516256463,0.3368954281198664,0.4293154356067246,0.11607137205082714,0.05435342503917757,0.08071141333962494,0.1397855049102867,0,1000
1.3088638031901558,0.35631493281121446,0.3863191230109378,0.2480113480046829,0.17230603209503437,0.0815445061150832,0.1732231400358393,0.10810402026784911,0,1000
1.2279856051084717,0.4393730815544588,0.47764649160311695,0.5651580695507348,0.14157160993168214,0.061151607672094266,0.07422867519876161,0.15661786110738257,0,1000
0.8478742383416583,0.5525759165209522,0.4149825628977153,0.5780524324903028,0.10512730855007191,0.05204277932646793,0.0560145223640136,0.19393804000093692,0,1000
0.8457298336759442,0.5366196765175311,0.5390216688594004,0.584373667847127,0.11565186410348456,0.06014855087942669,0.056046300000783714,0.1961644709524051,0,1000
0.814721620402592,0.5939527344353873,0.596636391430574,0.5635613520306763,0.1402139441924656,0.06811199202684644,0.06242275531535972,0.21898059821992072,0,1000
0.9489279592247823,0.5462661082454107,0.5442999501037075,0.5082526010996066,0.1371105921516185,0.06277208490343655,0.05927689863967493,0.1872049795309952,0,1000
1.2827865851498463,0.3855983769455553,0.40923346714010683,0.5030516389703458,0.1334157581538302,0.05971955134893226,0.09119060519258652,0.13710423184172446,0,1000
1.0181393783828512,0.47276289388034204,0.5066870326988377,0.490250777104632,0.13754402856125206,0.068127166509056,0.08387598575676417,0.16258216699636782,0,1000
1.3129921194613143,0.39642922428309535,0.3823189733962708,0.34883459567954417,0.14171871247381387,0.061944227128274826,0.1013527064114933,0.12193144329693124,0,1000
1.012874927717758,0.4887096006203953,0.43643778437297487,0.6071293187225107,0.1271037540225495,0.06007128775415425,0.07968708849528373,0.17873758299644102,0,1000
0.9255245629440102,0.5403322436157346,0.5510367266522949,0.42586610992741336,0.14013338718263238,0.06710774776929004,0.06629476344368095,0.1760580612993907,0,1000
0.9562776618851663,0.47534318589724756,0.4654605909568813,0.30594551077289656,0.115329628589371,0.05986015179512208,0.06592668447202996,0.14038832637722823,0,1000
0.8102925798864643,0.5629213132965049,0.49966504322254673,0.5715057039849553,0.12091353940283295,0.062193023083395374,0.0686241964077281,0.20487542323880062,0,1000
1.1775915503402563,0.4528375996125626,0.5125798558767712,0.3869602675657162,0.15215082360729665,0.06795613367426165,0.08137093802852954,0.14176733276383374,0,1000
1.0968881936897474,0.4472213084191928,0.505596975520039,0.3668280592347768,0.140096489744376,0.06745226923617238,0.08079049705977916,0.13999076101948707,0,1000
0.8419778265624748,0.5679579549528133,0.6075101378162019,0.7082350367457345,0.1316376798481661,0.06508072401344675,0.05679265905738226,0.22805034809883074,0,1000
0.9752410317629981,0.5053506844905461,0.4926848675537172,0.5712122802632403,0.1259001205646281,0.060241942555339274,0.06601556406751692,0.18042514840075888,0,1000
0.8950509190204972,0.5693551084320173,0.45933029605340364,0.466681187786602,0.12619685544492962,0.05798109937911142,0.06389887571225378,0.18661638079631654,0,1000
1.3052819800870261,0.3899235319471238,0.42619506592339657,0.3503315126005028,0.13258676983646772,0.05830430690460963,0.07756958741281585,0.1212699630771922,0,1000
0.8380114376292993,0.5801623011621547,0.6101856949213278,0.7048353605715291,0.14118005350310356,0.06860339155733387,0.06180524410186538,0.23597744390323938,0,1000
1.026990572238653,0.5116708687525926,0.39821859716640307,0.5481635541797376,0.11942143810542825,0.053018225999269496,0.062748570466066,0.17297183390349946,0,1000
1.0113677800680454,0.4885806866488116,0.5065036547219539,0.42367561155124156,0.1490616027424255,0.07264876974819695,0.0924969631360015,0.1595640106848723,0,1000
1.027738320263779,0.5018175400248887,0.5200512916178247,0.473826009266757,0.13508338900651123,0.06263592378680508,0.06463726202729111,0.16604003779074752,0,1000
1.1381194887953847,0.4439418339542496,0.5383952838034145,0.2906333415486364,0.14695826586632096,0.06909595379732456,0.07528633590037785,0.13000985313964195,0,1000
0.9806808020922568,0.5409919066081436,0.5121194629411338,0.5421297407897498,0.14289896874930313,0.06413163791218154,0.07034019713662243,0.18885013647126805,0,1000
0.9843723224658046,0.46580685928296495,0.41814651365194866,0.31854304190400795,0.11850687429735061,0.06053777516614901,0.07949263850293989,0.1388894624114468,0,1000
0.9763990011871909,0.5194340626876126,0.4199954782945037,0.6231108439547867,0.115334472111573,0.05292444409870512,0.05950102008216102,0.18590414500525626,0,1000
0.9098229769932337,0.5512263221724563,0.513962955184366,0.6824029143947685,0.13776183778011683,0.06511023931154901,0.07456082345596679,0.214389162434538,0,1000
1.1025124537618827,0.4537235192917103,0.5503278849563122,0.4868366197331532,0.1474431844142187,0.06972939798707035,0.07893916085768805,0.15726985420758552,0,1000
1.1111926541504205,0.4373441417572171,0.4990179193949732,0.5421832248156022,0.1337962364444087,0.06382697444821706,0.07746648082889501,0.15766194021261978,0,1000
0.8727444639507204,0.5718619924419032,0.5374524885659294,0.5223416488213272,0.12688056759975225,0.06008443291613589,0.05666739558095859,0.19533823584872603,0,1000
1.031343769403178,0.4633453644192478,0.44308378261878195,0.4165179335076666,0.11972987049624878,0.05870169320150848,0.06996207160281935,0.1478779688204309,0,1000
0.8952607693708945,0.5644881291648168,0.5298568934924289,0.6426151429290585,0.13549742216227112,0.06322941898049188,0.06607533181167272,0.21346968743951883,0,1000
0.6902362646989062,0.6670292193388699,0.6906622431811524,0.7413200257658655,0.1489992407968514,0.07099012870637691,0.053064982123569644,0.29561741655882673,0,1000
1.1110480611292048,0.44784943462546567,0.5127052690007246,0.6634591371729458,0.13465069593808285,0.06303124356090829,0.07215950045172718,0.1745784999895613,0,1000
0.8773039867312832,0.565289685308786,0.5017473283566147,0.6923554358827305,0.127158211094782,0.060117645300064436,0.06528685390029465,0.21837628336995157,0,1000
0.952002200224049,0.5341049747542164,0.423131061191147,0.593703397307918,0.11970303639358501,0.05492700259724715,0.06476657149831934,0.18873790213546388,0,1000
1.1461951783389326,0.43588966706097043,0.49732054539559356,0.41068633345980066,0.1408395750819774,0.06613789706443389,0.08372869936536424,0.14096568241936638,0,1000
1.0710049944298283,0.45637221065037015,0.43149558942793953,0.45633236004341676,0.12560393394083855,0.05997002879028319,0.07876241042393929,0.15048715469334,0,1000
1.0091801198110855,0.506436020217287,0.5583578498814212,0.40131611165250497,0.14393313932728574,0.067860016638053,0.06774459392473171,0.1605996336754811,0,1000
1.1277447170598143,0.46104353918214847,0.5641615565696985,0.3778967257992019,0.1592859543715722,0.07326399039205399,0.08086541947242586,0.1457389394687969,0,1000
1.1931715525061435,0.4548426450878571,0.45479406305076636,0.3153524094875919,0.14568424091560872,0.06373796648492702,0.08085365597359834,0.13240080239834426,0,1000
1.0561311560774036,0.44393449693914105,0.48592546611444937,0.7522481606847305,0.12350776769429023,0.06052942531825085,0.07289511462065726,0.18408610338067635,0,1000
1.1005979367841061,0.5180673604256725,0.5123245361109023,0.6629010045490333,0.15071410372052302,0.06299061130039231,0.06913305711657246,0.19554317496969154,0,1000
1.190737082212742,0.3797229651490245,0.4156140801186134,0.5372717515811279,0.1281551822555392,0.06231986227253053,0.10147958108625611,0.1421746895651193,0,1000
1.0569346419475998,0.44919269740829165,0.4033313940697875,0.4413764271639026,0.116595304832742,0.05652418149772032,0.0731344205657768,0.14648902646877576,0,1000
1.1094429489556796,0.46490440927852145,0.5693148396596995,0.5496175276018139,0.20165296056024867,0.09471667891547726,0.13020961749375318,0.1796004818877413,0,1000
0.8728174645541625,0.5796449551679128,0.5909556518402672,0.5244792626625767,0.1552479516705739,0.07294882438574773,0.07051122018486276,0.2077316200215882,0,1000
0.8659247453805954,0.5866408964211396,0.5039324284624197,0.7720642260139007,0.12356803449791226,0.05572103148518339,0.055562966043014396,0.23777558539927274,0,1000
1.1576805235392154,0.4791273105884819,0.5142964847954626,0.60971801090526,0.15336687022039455,0.06522944198549284,0.07389460824764256,0.18105182006754175,0,1000
1.1665911362527095,0.3698411277712047,0.4331591899439126,0.41865778254606323,0.13261674136512003,0.06740871515068235,0.11263358727707956,0.12960077782416457,0,1000
0.9506185086508865,0.5294528793910009,0.43869181160960485,0.5513172477271684,0.1212918964652762,0.056871357226035535,0.06777548824796327,0.181774686675506,0,1000
0.8190078986810115,0.5643413007467463,0.6726240331942529,0.48517253309112984,0.15544901517897372,0.08016660247674376,0.065460664215834935,0.2046861306603731,0,1000
0.9562066313289235,0.48061943722014094,0.4335497076602646,0.6563712388971219,0.11989916216044343,0.06086549210716934,0.08291730545463429,0.18444592918747474,0,1000
1.2206827415360952,0.3837096872981362,0.4000859231324114,0.3777660442118622,0.14315219534889004,0.068359875023181485,0.12292954797212564,0.12627667979721954,0,1000
0.9131142568381804,0.5646675267802812,0.5622294926787217,0.6289854996028619,0.13934842023578944,0.06369464670410727,0.05977488069572641,0.21285153071382026,0,1000
0.8708390086446741,0.5362992529960168,0.535222037073404,0.545983402626608,0.12686984326169892,0.06461132585939328,0.06678228261855954,0.19178121253728198,0,1000
0.9624464731103037,0.4825187309651133,0.5784191325076404,0.4899402532038386,0.13640485742062053,0.0702581340523171,0.07078334980706993,0.16842137828366713,0,1000
0.8572183225200898,0.5308643705866103,0.4782143692708466,0.5470413757935432,0.11741094807111507,0.0607404131571447,0.06960843319267546,0.18886873650792135,0,1000
1.1278143038409723,0.43922616569600126,0.47581507604988993,0.44358604678654223,0.1401209392875687,0.06580087939094913,0.08941128508879628,0.1465358569777335,0,1000
0.9855941958138822,0.4828610269601936,0.5291153615465595,0.519034173064576,0.13595634900510853,0.06806365027453001,0.07883648913299553,0.17051320301052825,0,1000
0.9956452919617738,0.486642936860354,0.5586536957528542,0.38087964075816866,0.14507425016831169,0.07215877350701608,0.0783417243379267,0.15427364683539935,0,1000
1.1773830155668905,0.4251198818683751,0.4511992987489996,0.35587430560790645,0.1323202218322165,0.061134000113124115,0.0779919677629894,0.13081194893370132,0,1000
1.2485318786339166,0.39185633895873556,0.46147158802941396,0.3609377227359499,0.1356650521850066,0.06237926205651621,0.0831029598150229,0.12466229210873823,0,1000
1.2750321936589195,0.39984435841139687,0.40293054909385567,0.5531064093077706,0.13648730989523447,0.060187434390758174,0.0945682139426548,0.14531596137091488,0,1000
1.1879144132375379,0.430627038260615,0.3477239898076221,0.4455338536447642,0.1217806754614531,0.05396837266770579,0.07857254301987183,0.1392294047913067,0,1000
1.1184597347308816,0.4227082886286049,0.36677735060106276,0.5903357011080375,0.125342922081657,0.060291608051492855,0.10007934932063521,0.15662699089405846,0,1000
1.0250663158348767,0.4898202794917849,0.5753244240949655,0.32634336621624477,0.14426639199588848,0.0693661894790402,0.06524345896146029,0.14693124110669348,0,1000
1.075589829045473,0.4833396244712815,0.43583703690851033,0.46511171830795467,0.13541275051242538,0.061479513221509206,0.0809208103340372,0.1583025954273127,0,1000
1.109191719469009,0.4494523092468418,0.43903350391705026,0.33999422356649184,0.13137850025985434,0.06186315402596945,0.08113195455383886,0.1351215703786185,0,1000
0.8823766327801338,0.5547416023897869,0.5246453179724128,0.5674133549523441,0.12434586389231131,0.05930905417954769,0.05822563030476149,0.1990444031603184,0,1000
1.1310625368057017,0.43008656620388575,0.4819875258236147,0.3966828083138156,0.13002983915348595,0.06169679263231799,0.07345354392268688,0.137940281548412,0,1000
1.0721036013701224,0.4747990985414307,0.4716698114216658,0.5430686820637173,0.12935716667534766,0.05952594258200266,0.06838830770184652,0.16581172275572062,0,1000
1.0418899979502496,0.45995761573024224,0.32971359053641675,0.44741961289359033,0.11150236159431341,0.05354450164325132,0.07782352428390368,0.14754380211127333,0,1000
1.0255229069712204,0.4891545419090798,0.3323063351863527,0.7178885947181822,0.11229150404085624,0.051018776527699934,0.07145614226541043,0.1856523886996637,0,1000
1.153471051898993,0.43781615275466396,0.5173989520276772,0.227137350619774,0.1549733236287755,0.0729885172078573,0.09150891513286417,0.12147992116895882,0,1000
0.7885835003482474,0.5988606991893501,0.5480732497253367,0.8940174614594617,0.11862027637420162,0.057190195321054814,0.053974868083963706,0.26669420497792884,0,1000
0.9534456900477758,0.5429711466335165,0.5609873309956231,0.45308267034816235,0.1359170031062922,0.06263171256413912,0.05480842665927529,0.17809707676316142,0,1000
1.0370592668264962,0.4619221777098713,0.49380706542315606,0.3716609447566329,0.14182151283252878,0.07043906613059107,0.09020180372418839,0.14576003906297647,0,1000
1.1471981284515291,0.4202905675396984,0.42230660400387454,0.5272193792618435,0.1264588981258439,0.05970080799129025,0.08469434873751236,0.1490333341452482,0,1000
1.148771638088793,0.4424199833916778,0.5105535255209673,0.5096454908307572,0.1439768965121999,0.06694231953715764,0.08216615386985161,0.1540776012466511,0,1000
0.9980165179740635,0.5312440945530166,0.4669370062640426,0.47991527162225045,0.12920828028886847,0.057821332829374524,0.06286647323259299,0.17304701982210957,0,1000
0.8608758660024456,0.5610684467613762,0.58572883569728,0.5256712590271386,0.1539055437505751,0.07337836345418917,0.06559760720389256,0.2274438991968117,0,1000
0.964131121095333,0.522883406909434,0.6619534884765709,0.778388461818635,0.1697501968596786,0.08175045871665187,0.07480068142046188,0.2306243052868337,0,1000
1.1193650007111298,0.45003114725084786,0.5556050462450071,0.4755031322058942,0.16130796318910529,0.076589122817915,0.09402475195196627,0.1561906043442238,0,1000
1.05361474114303,0.4900118489145822,0.4105593644546569,0.5187518461376873,0.1260799722384238,0.05736411947819144,0.07407571400001602,0.16489642270033153,0,1000
0.9057729475550551,0.5388846400397123,0.6347952967205933,0.4495732185690154,0.16334996070314262,0.08139510722822588,0.07515701351359055,0.1845907723560065,0,1000
0.6577915081971876,0.6711553035991761,0.5292516580670096,0.6509264309907412,0.11127256919939905,0.05428848614384108,0.04872210802672925,0.2689210274221453,0,1000
