tau,kappa,beta,tau_se,kappa_se,beta_se,convergence,length
1.0748833365158461,0.791311972790354,0.1223640263872795,0.1220465770103363,0.022264723012737596,0.04119839169533499,0,1000
0.9274766623656032,0.8425435385997009,0.13671838217801,0.11731855015647431,0.0193635704429974,0.03988018960512145,0,1000
0.8795775203392356,0.832532950192656,0.07631240762923375,0.10938775123755222,0.01941960249847576,0.03888955264515684,0,1000
0.9520191307804754,0.7849885591908403,0.048184863150613225,0.10070550244478768,0.02128579398565819,0.03889142548781897,0,1000
1.165623685460644,0.7862723763743774,3.089011116097403e-5,0.11420800578049387,0.01958392800918554,0.003364110122512258,0,1000
1.0420174436300653,0.786925088540018,0.11766783822475875,0.11538375891136911,0.0224312528960539,0.043533903847117736,0,1000
0.9319513955154864,0.8130086111133836,0.12439951845820872,0.11331173088524078,0.021073586791499014,0.03750923024342013,0,1000
1.0394400625860118,0.7992243009364881,0.10460920742306884,0.113561204829386,0.021312973214920473,0.03902893974063764,0,1000
0.8304000954325408,0.8420001109852094,0.12118820152567072,0.10815431058043935,0.01933640836045258,0.03944434807244475,0,1000
1.0831231519495705,0.8157222512708349,4.2952424691734386e-4,0.11335648081217237,0.01891132088874141,0.03370255098934293,0,1000
0.8202991131767534,0.8439753514678158,0.1897286239067505,0.11036836142903372,0.020063118439146554,0.039839678056344925,0,1000
0.9032646974318153,0.8133802910128993,0.09130290232816027,0.10670095272658965,0.020650705572175826,0.03798745721426523,0,1000
1.0155212072819169,0.8172182342925198,0.19586207226790778,0.12536667184212197,0.02165788327255757,0.03877247081084818,0,1000
1.1291343558627978,0.7445374480593224,0.03414554488947875,0.10911344692060475,0.02326036002705861,0.045771950225492034,0,1000
0.7478526519734072,0.859255684425674,0.10247365226104715,0.10144041746463409,0.017976923510785028,0.037559127304379575,0,1000
0.9217110534787059,0.8236832598553936,0.044187118923347285,0.10976237254349214,0.019450901458399672,0.03950992482814449,0,1000
0.9629884239970871,0.8031419921004009,0.15684824491837387,0.11041429796808107,0.0220410873549193,0.03974716400245687,0,1000
0.8614578369408128,0.8351023996780363,0.09665652369067668,0.10782776635603271,0.019360883438069718,0.03937465927879606,0,1000
0.9457113194477611,0.814807154480616,0.14123007530458848,0.11210314552874094,0.020852244880111576,0.03782161272180949,0,1000
1.0741699172792842,0.8071263577961649,0.0659424485987545,0.1187247799824048,0.02038164993268179,0.039773069912389776,0,1000
1.0860682065033913,0.7878789422578679,0.11212408418542405,0.12059961407467772,0.02209649822676396,0.0403009599314244,0,1000
1.1290275120944664,0.7350625731935841,0.1265940067516913,0.11389366026638928,0.024955039521514667,0.04168470746873144,0,1000
1.1893623496116015,0.7808849261429766,0.08785788167332452,0.1264005303277844,0.022241208798477994,0.04308358581790677,0,1000
0.9863679462914439,0.7951106677847068,0.14131854865959717,0.1136624196580704,0.02217559367410301,0.03832361645020779,0,1000
0.986883537707129,0.8190561369809949,0.12594599001481369,0.1179451596370376,0.020706587751923182,0.04163881286656212,0,1000
0.949666728485942,0.8021034109584835,0.05656963247411611,0.10694840925300705,0.020850049695215075,0.041354918886339,0,1000
1.0663034006674088,0.806855210540989,0.08218395056885447,0.12028102013798983,0.020622572193066055,0.038116037355271075,0,1000
0.7980743462486724,0.8191900208890281,0.18439551217180455,0.1013411884669089,0.021670186772495027,0.03862055422097564,0,1000
0.8596132546670413,0.8467452882968285,0.11465886746433053,0.1076356439552683,0.0188379555885405,0.03920268866281624,0,1000
1.1424958273386119,0.7984308832942936,0.13875718103832382,0.12340083062562557,0.021886009540035507,0.03932217183808007,0,1000
1.1099992506013692,0.7969959172556335,0.19572224208229574,0.12894313365212204,0.022638959115727976,0.03622340603019054,0,1000
0.8137376787875565,0.818905912909028,0.09106582711778348,0.09796461322007563,0.020378109216266205,0.0407801754131893,0,1000
1.131060484126512,0.7453279882229165,0.11516344621680816,0.11566176221266652,0.024465167797362047,0.04392458381988672,0,1000
1.1462681373873727,0.770012015734008,0.0810019136518696,0.12189754462104285,0.022833839897325667,0.0443023002963472,0,1000
1.2672050847296827,0.7531868133922275,0.05637342670615997,0.12683548317672227,0.023153435319240415,0.043351066040102686,0,1000
0.9124572832997371,0.8190827724419104,0.055885082257040114,0.10631842109347925,0.019693388204799673,0.0363836823333689,0,1000
0.9771080021043244,0.7945347515678267,0.1442960458488545,0.10839624972364224,0.02220297572563935,0.04148144926591563,0,1000
0.9979483319418305,0.790531214764054,0.1082427653121699,0.11469144928370154,0.022260504505680557,0.042081092569118975,0,1000
0.9027125700141937,0.8113304779725926,0.07385162639007627,0.10385725536791575,0.02038722959663998,0.03909383613180228,0,1000
1.2367994955277537,0.7686232236478295,0.057538152271500484,0.12938622175087303,0.022538714843774513,0.04299569396219526,0,1000
1.01927955942129,0.7994063896707128,0.0978940502424137,0.11593686233820033,0.021451374659069593,0.0411846427642882,0,1000
0.9680749782523421,0.7904428692597043,0.025975164480479887,0.1016501476435076,0.020828852606734925,0.04080549941937808,0,1000
1.1512649309727352,0.7810259147718438,0.0575782108925492,0.11745258719565098,0.021599475915871004,0.04030732770904481,0,1000
0.9645996739973793,0.7980928567597356,0.13566103222174195,0.10871894281906626,0.021937482948088224,0.04133333733485396,0,1000
1.0466275378226602,0.7884741516508504,0.04986941098595547,0.11098227105094079,0.02187429349036917,0.041007181334679225,0,1000
1.0089915252550787,0.8146579317911579,0.04616888724141472,0.11334088882644282,0.019875031358508616,0.04104574720351704,0,1000
0.8107050874690561,0.8402929182869353,0.11919566572990753,0.1029374505826214,0.01929002941678434,0.038080771667928656,0,1000
1.131582048526025,0.7594603655772282,0.03444905763448571,0.11994238416689733,0.023109820712374288,0.04459390415564312,0,1000
1.122750389757797,0.7771516836745982,0.08477184697459321,0.11629384568241462,0.022049680712201328,0.04170965233069653,0,1000
0.9812951006343336,0.7924387407108546,0.06582919537161189,0.10658684931835062,0.021308140947137778,0.04084112331341042,0,1000
0.9391207438625166,0.8248182208729811,0.1574308879638197,0.1189274873068534,0.020874298463273936,0.03981922119997381,0,1000
1.0268513809877848,0.7831851649814257,0.15343686892217193,0.11809322113363216,0.023225970600087575,0.040753923954500296,0,1000
0.7619717671787012,0.851490217376334,0.1522966920746145,0.10642863986384644,0.01938029076026811,0.04193042440924898,0,1000
1.3480238151846473,0.7213146762825379,0.11518149428919343,0.12548401552091187,0.02498085145307376,0.03966480036490036,0,1000
1.0120211657174323,0.7892495959916805,0.10082689756322773,0.11203580106589404,0.021963312997588066,0.040626920633015255,0,1000
1.064292748790658,0.765731015667763,0.05189773061727905,0.11207577803263052,0.02268652160694485,0.043268712380378986,0,1000
1.1515760627627354,0.7917896279994382,0.02642937378739394,0.11760498961750272,0.020605164332717106,0.03883602969189788,0,1000
0.9227232459084879,0.8211960117016637,0.11894377345519974,0.11236149311622638,0.020529521451915705,0.04031851663560042,0,1000
1.0581617530504215,0.7959247954793562,0.08836908508047707,0.11536799284217981,0.021404825441853806,0.04070859436540512,0,1000
1.0101920304062988,0.8034722422712715,0.08248038901209828,0.11680757295998483,0.021001863479243005,0.03802643487029686,0,1000
1.0673202415201493,0.8077466872181802,0.11332984634116576,0.12401965508174971,0.021421066013787213,0.042982562604944596,0,1000
0.9073188897656002,0.8036571373883329,0.10597370641995553,0.1152903645798511,0.022239382228823858,0.041710249274375416,0,1000
1.2262448455519792,0.7502939915709301,4.112672263483037e-6,0.11093716673852157,0.02097244825672275,6.795313120374399e-4,0,1000
1.0684851946058642,0.7915750891811484,1.014053937613881e-5,0.10692476160420993,0.01958621199777927,0.0012752930094557919,0,1000
0.7900611524650191,0.8572229517309954,0.03289696427337489,0.10243808323866217,0.017392169988423422,0.036886554945002245,0,1000
0.9255180755561099,0.8094805225515099,0.10404076823832296,0.11340771164666881,0.02134681863777475,0.03821646893532693,0,1000
0.8245994705087475,0.8294094301378223,0.07978534895724237,0.1043411377908822,0.01981624890477284,0.038790453441816974,0,1000
1.2791419698435773,0.7542172118136381,3.485767388386135e-6,0.11791613429575078,0.020924571338067154,6.372391723621158e-4,0,1000
0.9507965158712934,0.813887913423598,0.14776146880429875,0.11450198952731369,0.021349447223930628,0.037821286142534244,0,1000
1.0713434277491525,0.7451964692221699,0.09554790854432896,0.11571302838436211,0.02476460542180775,0.04586089750230953,0,1000
0.9858755336572462,0.789944976827026,0.0687516072736282,0.11140400886911667,0.021660012698894095,0.03784518823451344,0,1000
0.916562930605777,0.8073090612698894,0.07209989085350595,0.106167144237966,0.020623425015444757,0.036903747535166856,0,1000
0.8734495403859005,0.8018261460494819,0.1068787354395498,0.09872549184809637,0.021284314051457733,0.039094849775242586,0,1000
0.9535889910354326,0.8098823823792394,0.07810768487722645,0.10579855331798474,0.02027843020760275,0.03649198205167451,0,1000
0.918857266611168,0.8201842303381028,0.055913763940277264,0.10569227032852356,0.01954379845360972,0.03666032593495258,0,1000
1.17393148552421,0.7612730726577452,0.0514665703932522,0.12791264925876195,0.023283748013020016,0.04401750339282931,0,1000
1.1935077160471732,0.7563237209529786,0.07015257603261514,0.12498275060068216,0.023256118050468247,0.03909391219973755,0,1000
1.0299527912071953,0.8082530065361556,0.13517661395704372,0.12480672388842219,0.02157893032541104,0.03886496268485346,0,1000
1.2113968396339425,0.7826812136038488,0.06969197621310864,0.12597252570942388,0.02171325843289829,0.03968200674758739,0,1000
0.939071056044668,0.8098288006229738,0.11405966285170065,0.10936789363164276,0.020871410362333316,0.036687273611856155,0,1000
0.7901464616805787,0.8549246289637801,0.13991301612100437,0.10393466134732861,0.018566321843707986,0.035592981362484295,0,1000
1.2426859342682874,0.7806691937744932,0.09265298321655467,0.13086594385899583,0.022040931796198142,0.03910759592531991,0,1000
1.252629053200322,0.7599346001807064,0.12910582672298707,0.1295247451108075,0.023559726037410057,0.038713947963869975,0,1000
0.8664415472923557,0.831654187800701,0.1072676724523323,0.11094426268160357,0.019964092040528986,0.039927228956544644,0,1000
1.0112802815908397,0.7748128265574621,0.10827850919018055,0.11104292301799182,0.02280993715254941,0.040585214240216626,0,1000
0.9456211796259595,0.7920739418310355,0.02742051700986338,0.1029687596784743,0.02097564114101915,0.03862358420909561,0,1000
1.0318248670146362,0.8056783753647883,0.09598955095581913,0.12123776814741198,0.02141010142533159,0.04239024913028466,0,1000
1.1180804687452877,0.7576433216893922,0.08369574505507534,0.11860219159811913,0.023487278170675023,0.040331334593992796,0,1000
1.1265587332702858,0.7823008422779847,0.13495200094559937,0.12490018483579592,0.022865390051548543,0.040972645483606615,0,1000
0.9288801500129894,0.7849518309428991,0.06385518595239809,0.10478198813169676,0.022052638548698753,0.043694810551636126,0,1000
0.952005016243211,0.811112041498616,0.11392388511471745,0.11124287130163744,0.02090698144918156,0.03903832694858364,0,1000
0.9610855116661084,0.8079523441790105,0.057601636419994676,0.11222238745283893,0.02058681310540099,0.03856505572637576,0,1000
1.0248821010638949,0.8057641429591806,0.13301398742105983,0.11707233419503202,0.021363240777002454,0.03847916007281584,0,1000
1.2126816578494979,0.749877483296293,0.07950064692558816,0.12695470488850766,0.023805066462212306,0.040200520532052406,0,1000
0.9963427411197957,0.778867747168981,0.09904125494648207,0.1081660544653042,0.022437236460399686,0.040133796689834245,0,1000
1.1506836016825537,0.7726191623829163,0.10167016009494308,0.11977033542386366,0.022823178729107687,0.04328800717816928,0,1000
0.9382034969422621,0.815463010703901,0.07584669133314834,0.10602255394931395,0.020068479216984778,0.03724733937679445,0,1000
1.1017976486272048,0.7471873731845022,0.11703523822173385,0.11344602414027447,0.024355793603935177,0.04267420776461988,0,1000
1.0975830430401217,0.7841042970051448,0.09879111648101524,0.1148323454922713,0.02181023797625918,0.03700489291560722,0,1000
1.181796098553807,0.7983581412123391,0.09178071078249322,0.1310082742974259,0.021391871797088232,0.0421385184789948,0,1000
1.0540141572968496,0.7986059356488805,0.12182173902948595,0.116211941567146,0.02143481046807504,0.03718947590315819,0,1000
1.0764977548988175,0.75714411271598,0.04822519392304491,0.11251605891274678,0.02310379926794316,0.04202856088878224,0,1000
1.2061273809616115,0.7485994253197716,8.247630132030162e-6,0.1118978890313504,0.02120646837437206,0.0014587987985899217,0,1000
1.2752240073250176,0.7550539443709078,0.04456644648485796,0.1236035991827521,0.022858069648422352,0.04467396329844676,0,1000
1.2682894473908493,0.764069093818135,0.0982769309239304,0.13429478111663126,0.023503886324977057,0.04543309838989088,0,1000
1.2316515884582704,0.7437236787530225,0.08952765329565154,0.12378244169313504,0.02417909355641611,0.04501114692902336,0,1000
0.9589016441816239,0.80365575023348,0.1422906847070718,0.11119145642672329,0.021639017931064302,0.03892661556891644,0,1000
0.8209388317178654,0.8155779865601077,0.08679287892229755,0.10141568774233853,0.020767812874598,0.0408460562394134,0,1000
0.8821176340049961,0.8351585718755374,0.14113966261172553,0.11263627629700895,0.01989280834571117,0.03774365114895228,0,1000
1.0893699683932485,0.7440862050176175,0.07344641038446018,0.10689597124835482,0.023693121826057702,0.04298090722957395,0,1000
0.7196750783491436,0.8427569365647751,0.18812559771441092,0.09881187566458358,0.02031070503981962,0.040840103413464605,0,1000
0.9372640765271391,0.813679131566236,0.13361355337708689,0.11402462079837575,0.02107114769234007,0.03679250965012727,0,1000
1.1998462471158993,0.7820753737737134,0.02996060500528919,0.12643535281389973,0.02138767935488471,0.040487814665632144,0,1000
0.9676815245310527,0.8038041143615744,0.09192246010233794,0.11184956942041756,0.02114304618280976,0.04020076703676897,0,1000
1.0784948058710335,0.8043284361595829,0.15833141375124132,0.128259860024119,0.022121001064939465,0.040379178480002935,0,1000
1.0478103463810409,0.7826533973416375,0.10602386156708568,0.11177160581495614,0.022129602481431275,0.04056800508965361,0,1000
1.1964461501028985,0.7933452524928201,0.11672342185810718,0.12976872830024921,0.021762132019378037,0.039483302011432464,0,1000
0.9667535852055986,0.7944488558200077,0.10112684814932836,0.10870634394809833,0.02155843652188113,0.03821664459902035,0,1000
0.9058419053566648,0.8258752190797016,0.14567132387279197,0.11250426316150779,0.020538615188076145,0.038495312079028766,0,1000
1.18886093296834,0.7643390478452757,0.024143328392343878,0.11871089686592959,0.022039674811223892,0.040317854434708235,0,1000
1.2043671044896138,0.7450622961532622,0.1153969134069875,0.12559833660419087,0.024663493269567776,0.04469141944529547,0,1000
1.021918785723282,0.7910293045554162,0.09720669168746518,0.12305264508551657,0.02293888710180394,0.0410425696664202,0,1000
1.1732116441506184,0.7352325535738492,0.1020747789010552,0.12023049958443692,0.02490328489881095,0.04330034826487041,0,1000
0.9020964930090125,0.7967549125074848,0.1357637596469705,0.1066518388334747,0.022220086544962932,0.03969311007552189,0,1000
0.8865591324120129,0.8195628072327158,0.12548117062110756,0.10755776173013788,0.020706536931793824,0.0402734140624635,0,1000
0.8315907393426624,0.8176245910995131,0.21062395185611768,0.10549482006508411,0.02206616386199823,0.04021140890294858,0,1000
1.0328612362558904,0.8077383346925167,0.09333635452243091,0.11891075167929746,0.0208715607559375,0.03899301253071087,0,1000
0.8326281359464155,0.8429727814966942,0.19909095603654692,0.10945432636872897,0.020033630434946124,0.03667068158880268,0,1000
0.9191793767739381,0.7972869106175172,0.11089178666371408,0.10316068698887833,0.021629911630881307,0.040561272758457265,0,1000
1.1519357339306173,0.7940712629188077,0.12446913735168548,0.12652713802289073,0.02194224583700341,0.04087417541828254,0,1000
0.8301815272816756,0.8075096082842644,0.15605096738294122,0.10379032819092009,0.02216469739517605,0.040483530695515094,0,1000
1.111440174849752,0.7958682667893479,0.08964608683103983,0.11866964066977191,0.021276074450770992,0.038915846858448185,0,1000
1.0275493520061734,0.7835506236385456,0.14951103568305574,0.11523442089198217,0.02295564502650326,0.040488789989097,0,1000
1.268761944431621,0.7144777660187897,0.06668618195869988,0.1238669424691333,0.025325684618599836,0.044441756375478904,0,1000
1.0824149171996502,0.7999893261974413,0.10811735893927034,0.11879995865046342,0.02151887229393519,0.04265807915071556,0,1000
1.0412247040269322,0.7909259479475537,0.028000861096483656,0.11043054123053325,0.020862018165595155,0.040555810457196376,0,1000
1.1628478231224049,0.7647670074937286,0.011925531416030982,0.1182884439751842,0.022319722234988012,0.047294620763951856,0,1000
0.9193884717473435,0.8162002899715866,0.1023929719821834,0.1104093474251494,0.020610993576110227,0.03818125700177699,0,1000
0.842222381475433,0.8277174096978693,0.11383559886968106,0.10844374292068529,0.02104512901236812,0.038728040247471916,0,1000
1.1030779407046356,0.7972486123308956,0.08983131346595519,0.12244556684969027,0.02126481218834485,0.039552895398484646,0,1000
1.2987205353471427,0.764459393765699,0.08370466003869607,0.13429963261748443,0.02296336326027781,0.04301632248127543,0,1000
0.8172727737940528,0.8387274626709172,0.13756444593553904,0.10869774558445011,0.02019621713646013,0.040860342554275036,0,1000
1.1421789760004466,0.7640513250245923,0.0852296228762532,0.12508368608531675,0.023499003685469675,0.04105061263811413,0,1000
1.053416995954771,0.7735274398510008,0.07409347672147328,0.1110087077726511,0.02236670841721508,0.04091765225840716,0,1000
1.2151396871023425,0.7985852849557522,0.11332135508041441,0.13756701576310992,0.021668532352653407,0.04103606244163059,0,1000
1.052018043320441,0.7887509268387977,0.08016528294635525,0.1190950383609932,0.02194768728350192,0.04165160825611148,0,1000
1.1457137866561047,0.8087228411836865,0.0927683250829236,0.13334993831289546,0.020872872288254928,0.04019902101839708,0,1000
1.0082337771901666,0.7996824896340555,0.16786780263908427,0.11803502563021932,0.022417706245529165,0.041813716406426164,0,1000
1.0124505141111222,0.7891162735605375,0.04779414582916475,0.11162871856212128,0.02139063770807077,0.03974247676349409,0,1000
0.854662556649975,0.8305725012061019,0.059935983110919896,0.10541181440192468,0.019216920094745862,0.038180236225336894,0,1000
1.0102887892940609,0.7728807928702065,0.08972884837392024,0.11491923797739823,0.023271655319218158,0.04258717706036941,0,1000
0.9566098935422523,0.8245982761457948,0.13678326756614329,0.11611338625740593,0.020322533330629607,0.0371288489605179,0,1000
0.865364453897908,0.809183374057917,0.1686293177162865,0.10649529122613141,0.02213160378440953,0.042897540533533056,0,1000
1.080136837281613,0.8234680278588372,0.11336133956324232,0.12989131184455346,0.020314229745297795,0.03920853942765969,0,1000
0.9505090630647351,0.8024151326942022,0.10187401778303899,0.11101675943937672,0.02162977391241533,0.03898937978024103,0,1000
1.1052315400843804,0.7956546297139093,0.1409913990806866,0.126460729728695,0.022158744735159105,0.040381338342253034,0,1000
0.8214135781625584,0.8447795666601294,0.1485682025439921,0.10897198108142939,0.019407103439145697,0.0367234452287913,0,1000
1.1091275467910318,0.7729478140122227,0.007167363484994135,0.11217218041690084,0.02151210898954963,0.04149836966080914,0,1000
0.8416620627565329,0.8365638292474153,0.08291002282007287,0.10517158197197636,0.01913918831536256,0.03776845185650647,0,1000
1.166567115930758,0.7998285198933317,0.092650529710516,0.1331259148815109,0.021325037548095036,0.0397116263436652,0,1000
0.9240287030542418,0.8152489443380041,0.07990055543584558,0.11157601363699715,0.02050684219087094,0.037514811709341296,0,1000
1.219914838698266,0.7552600297771743,0.07173442803829483,0.12063236314981707,0.02298223489564373,0.040547735085258725,0,1000
0.8771632565861132,0.8163158134448122,0.06711588229980232,0.10250065180786366,0.02000197086292198,0.03810895962467361,0,1000
0.9116522822128851,0.8200359829903476,0.12610114042188394,0.10943384275140862,0.020392070966957637,0.037176544834549345,0,1000
1.1018921562090638,0.7965928845492085,0.1259968519036746,0.12224088812159958,0.02175540142806565,0.039430592016792616,0,1000
1.0289736550337654,0.8043905290342016,0.1602775439822803,0.11663923070223438,0.021544504827855287,0.040127954197895194,0,1000
1.0505181692885017,0.7898190421847823,0.06254224413979131,0.11857280305543899,0.02169120097680615,0.04124040567873685,0,1000
0.9670267384275631,0.8022598210734428,0.0830859925107684,0.11058279941692138,0.021022071355847403,0.037731899892747486,0,1000
1.0339919219189597,0.7979814260594811,0.038558974149156995,0.11163001053350477,0.020780014811975018,0.04383996273046566,0,1000
1.070267839363075,0.8012725449303386,0.054874582790953634,0.11561076271026578,0.020698396133653388,0.041381638693829506,0,1000
1.0323697960087241,0.7910747150963937,0.10926573615899131,0.11692250043472269,0.022197095558604177,0.04325917324191202,0,1000
0.7959124154689862,0.829314505754512,0.0744919929444742,0.09568785603413978,0.01941830694253474,0.03921016490329169,0,1000
1.1343531314530964,0.7687447616411894,0.10849179032455297,0.12218348413444116,0.023157925870089018,0.04150180078643837,0,1000
1.1297466197361528,0.7831420202497956,0.11454196142567044,0.12665585771999505,0.02288380079400811,0.04487423151670391,0,1000
0.9801087086044635,0.8056650068583852,0.13217708024251057,0.11288040972833616,0.02142802675716614,0.038969066290299004,0,1000
1.074691958036573,0.8039600546078195,0.18161810959323316,0.13285579596109004,0.02267748965017006,0.04102337037559889,0,1000
0.9786325758351793,0.8099581033668988,0.10731119125010173,0.11778922913506898,0.02125831543848459,0.04254759237872644,0,1000
0.9778382100474603,0.8054991768899962,0.10506357764530641,0.11102429474995457,0.02106627405113647,0.040329652612785385,0,1000
1.2581615985197458,0.7657626094916209,0.015709297640227004,0.12138876403800924,0.0215591467390728,0.03985373452864206,0,1000
1.302174445440315,0.7330600849751623,0.011734560226976238,0.12256610317887036,0.023475901886274176,0.04531112294033261,0,1000
1.018878690087014,0.7624424332080207,0.10609206247960923,0.1080183137059984,0.02341483290443953,0.0411494121615309,0,1000
0.9629930965648557,0.8107383242347693,0.11689136825155973,0.11495434198642708,0.021370209311848187,0.045579044192118154,0,1000
1.0259228975235206,0.7743557402212184,0.12386663277272882,0.11694757986819605,0.02385639015507915,0.04270084602406666,0,1000
1.0584023664948188,0.7868687764898213,0.05540472784474386,0.11247588747140812,0.021422376671958746,0.04060121133840117,0,1000
0.957036179843174,0.8056203857108072,0.15085925739662023,0.11128894778110782,0.02158529831518881,0.037713655765608214,0,1000
0.9591423409057749,0.8130694799848189,0.09794875314217083,0.11266141798742967,0.020979550852238595,0.04682247292182398,0,1000
1.0446914731954662,0.8065221291609024,0.10238891779696135,0.12108890663870125,0.02109027218185251,0.03956613143976205,0,1000
1.3339335569515551,0.7306519859146028,0.11873797411077086,0.13033688732703597,0.02507371850928743,0.04462205042088496,0,1000
1.0891311200308773,0.7990911860716988,0.11933135461250828,0.12806117054001184,0.021990952423760358,0.04258837815394934,0,1000
1.0609602889702061,0.7983461544034095,0.15258020761250438,0.1220091496532201,0.022176385498055663,0.04066119793058876,0,1000
0.9492580993814221,0.8069615936193882,0.1489714007055033,0.11202815594191477,0.021537068369105006,0.03819018436158343,0,1000
1.0056658531397433,0.8126057449129734,0.12470068935676813,0.12005622934625212,0.02106783521162585,0.040851423552796154,0,1000
1.1308984679334901,0.7647997017792999,0.0434696431097528,0.11564945907021633,0.022190753876516336,0.03963774994910949,0,1000
0.9421585874262761,0.7756808331908911,0.12594787182063588,0.10482815849056178,0.02317221244971876,0.04161470801647004,0,1000
1.017601893212878,0.7732270628523876,0.10341250894507817,0.10856727733439268,0.022684302571431794,0.03972394115689399,0,1000
0.9220617917482153,0.8183293791458147,0.06974487799478607,0.10781417748230136,0.01999167484033351,0.03922896878462587,0,1000
0.8439683403321688,0.8324495738278054,0.11149624173991428,0.1039532641469817,0.01957721572893869,0.036722140540010495,0,1000
0.9220142956652706,0.8012945263151481,0.10350425649815354,0.1054005342086902,0.021346680471371556,0.03919770194976416,0,1000
0.9183233417229376,0.8077109751971299,0.09899133493130126,0.10387185805743368,0.020875158166239326,0.040445763783291525,0,1000
1.062792326381642,0.7586607881726781,0.06895754851073746,0.11414944998854443,0.023535684826763166,0.044253853831196115,0,1000
0.9421842342852922,0.8204754920243371,0.1306837044391325,0.11145204946219578,0.02043003759849662,0.035332734007937114,0,1000
1.0617184019075874,0.7816581044817495,0.04260552208433846,0.11207736308410247,0.021629856564931788,0.042089666221152115,0,1000
1.0193558514969578,0.7968891941123061,0.09848542330977338,0.11637936376342985,0.021527002216266963,0.0378552910563758,0,1000
0.9800071995499596,0.815411379784689,0.12871907226660173,0.12096533557486729,0.021318538419420354,0.044090527985524125,0,1000
1.1654032321522796,0.7706031742637175,0.12273565903940224,0.1225894907029896,0.023168211370248184,0.042157540783538054,0,1000
1.0435419180704253,0.7670563776920206,0.01203233302879775,0.10349431617524106,0.02175228872278737,0.04125469413679184,0,1000
1.1282298785652725,0.8068424969797888,0.04962919431887754,0.12151754379129039,0.020241110392050725,0.03989883675265102,0,1000
1.1651902147898263,0.7738009549573417,0.20921843213261604,0.12935730228955966,0.024310857626997254,0.03992942316375166,0,1000
0.9569939025281787,0.8107846203719905,0.11429477420570192,0.11283823577216025,0.020977290186973932,0.039645835793321114,0,1000
0.8256841661228113,0.8314113141828046,0.12827286021053716,0.10523729272903727,0.020065128209289674,0.0404044375916864,0,1000
0.846084751057352,0.8050656547747049,0.03642423545902884,0.09913355172759894,0.020707273426067135,0.04038555367588887,0,1000
1.0488924094131322,0.8014049115430872,0.15075000680482437,0.12457496429402863,0.02224787953652983,0.0414431222550587,0,1000
0.9507743677133054,0.8168544678423418,0.14775714524336894,0.11618784022693357,0.02121564044470417,0.04110503366228933,0,1000
1.1345358348331056,0.7618360643389228,0.11242256996104066,0.12200995358194924,0.023636883004120972,0.04058288278917314,0,1000
1.0559898794839515,0.7928775764194439,0.08665136945824901,0.11568106577655907,0.02150009493715381,0.04116873520520448,0,1000
0.9439814326287711,0.8060512679635544,0.20269313019027752,0.11227269428470064,0.022550927703308594,0.039993490332761894,0,1000
1.0067442714886157,0.7996495498267038,0.10517581237564531,0.11507258288272434,0.02151962561812656,0.04123768570867043,0,1000
0.9777398946686991,0.7968577567856585,0.07094252126575176,0.11093307244298131,0.021444155784951725,0.044416211990101685,0,1000
1.021569023818164,0.7631192209718479,0.1363837228605282,0.111636637114205,0.02405557563793232,0.04142192168154665,0,1000
0.9737170252667712,0.81085569822635,0.036871437287460854,0.11944123657524476,0.02080691988586248,0.04295246380223782,0,1000
0.995016543246867,0.8080579515191312,0.08419262245466862,0.11357792198823169,0.020730596014766883,0.0407432839529522,0,1000
0.9580932776481772,0.8076456372236264,0.05010328408030637,0.10688252132593777,0.02023732869874015,0.03934853203016607,0,1000
1.1273683454616708,0.7804192921164893,0.17325066964532623,0.1250692111595706,0.02346107794472671,0.04174100692784052,0,1000
1.2196945146252733,0.7456322333330463,0.09798820804501578,0.12181606978202407,0.024057673244476427,0.043473967045572395,0,1000
0.9579454607344445,0.794106301281636,0.10359306881383526,0.10415941722174968,0.021280731032948454,0.04014896785220025,0,1000
0.9221948642582356,0.8344079640514985,0.1797080632955638,0.12130459746506016,0.020637779235413344,0.04098602413373711,0,1000
0.9663903338850617,0.7665338148167964,0.1441770893570896,0.10754790131269686,0.024382563439538037,0.048496946609558576,0,1000
0.9561546716171243,0.8050533153526089,0.1068573300487622,0.11210230300969862,0.021146124867339362,0.03950501053457489,0,1000
0.8471255690335472,0.8087890128170756,0.05054912673689166,0.09718449683518475,0.020278887675264742,0.03752629690649633,0,1000
1.0865870887934777,0.7746774884631525,0.06393433663245582,0.1138300196303684,0.022131199944525854,0.04148534266227596,0,1000
1.1231083812755551,0.8102956845730129,0.020235518775500068,0.12116173646210457,0.019685333130918657,0.039014825104306414,0,1000
1.0230784093561032,0.8226466139006324,0.12533125823493396,0.1263796020993333,0.02067148746737596,0.04242069115893301,0,1000
0.9335403900186916,0.8108140514152044,0.07978073766373295,0.11273279697508164,0.020907002031923486,0.041177026448838215,0,1000
1.0377836974626957,0.7582621292695935,0.1100370458256024,0.10821318630185679,0.02358652286469612,0.04135156178301027,0,1000
0.9526180025489079,0.7883192783104276,0.17963108681117076,0.11396649112655101,0.02365449028019036,0.0445254471836956,0,1000
0.9251451814531962,0.8212422037716226,0.1348306882264519,0.11570591002570144,0.0208918892548276,0.03776386978020088,0,1000
0.8118471923118155,0.850263484732016,0.13884140007113432,0.10689733796766858,0.018891027105670512,0.03679769723149235,0,1000
1.1246833757825192,0.7678785156217816,0.06878827208435236,0.11520094775950007,0.02247160376582978,0.04173874663968233,0,1000
1.0482765024275806,0.7868291197217413,0.10252794500356645,0.1151390841556296,0.022116437179261803,0.04150796445999556,0,1000
1.0566562178004106,0.758776052982891,0.07848232148727495,0.10977881858508642,0.02327080903012713,0.04288666521610809,0,1000
1.1379676618142178,0.7825606013726304,0.18616076889428243,0.1280963086208323,0.023486821470659284,0.04040358093722232,0,1000
0.8303919035286202,0.8596019966576248,0.09690563107393527,0.1132978104719987,0.017989917664026907,0.03867011532334581,0,1000
1.0649618118416162,0.7925012397712485,0.037487743493236005,0.1160591638546015,0.021332250672772814,0.04291075998386541,0,1000
1.2082354514711833,0.763806780578826,0.08081830712284875,0.1282851625863237,0.02335328320618261,0.044717824281598845,0,1000
1.00554732606716,0.7953309920593832,0.1240280648846888,0.11387918387041596,0.021815666710026396,0.03764188437979822,0,1000
0.7431936470685199,0.8679755931767404,0.19681744894084813,0.10689432842852774,0.018337577532595538,0.034183170027528034,0,1000
0.9670779133378411,0.7752828837012699,0.039359809095046466,0.1053534726694002,0.02233783307030885,0.045233240484508365,0,1000
1.0411157353365006,0.784294285917784,0.07240986699306545,0.1118281808090013,0.021759140592132697,0.039372202787125256,0,1000
1.1722703797325353,0.7607521247080721,0.13590698502538634,0.12194071366384739,0.023932228351741323,0.04420462648439789,0,1000
0.9775001841046705,0.8044141501364384,0.10947108803873346,0.11375604414486065,0.021274433147825577,0.03878679872369683,0,1000
1.0978961347262701,0.7509630308775348,0.09123696581495902,0.12190397489528777,0.024588975316481822,0.04190341194435627,0,1000
1.0850966483619942,0.7956413096199276,0.09065646383454522,0.12424434146537662,0.021616791220419224,0.03903066804865216,0,1000
1.0524793164046031,0.7974581276028652,0.054879372009250124,0.1115256645005528,0.020676725312953087,0.038865302106168995,0,1000
1.2423168699779514,0.7931642465340442,0.1381070651680302,0.1351994296597295,0.021890952883342467,0.03627236421442642,0,1000
1.056957983167942,0.8231767985297656,0.08326882140558549,0.12181081164676082,0.019742827854457853,0.037814232031219405,0,1000
0.9748998552136552,0.8091032244449363,0.17893063963956837,0.11747603388762759,0.021830740024424367,0.04027802575413736,0,1000
0.8699804552544111,0.8225550429637986,0.13323618831641765,0.10894321848953438,0.02071276792805245,0.03950118490296558,0,1000
0.892212194087626,0.7882998115555689,0.0729128272287872,0.10197863938136362,0.021964262217478416,0.040271258309381074,0,1000
1.0536143940114313,0.7965524085415375,0.12851759193647128,0.11938911636781789,0.021972873913943026,0.041136811427358595,0,1000
1.189095024821097,0.8003148005070058,0.1151425740925408,0.13751883226634287,0.021838955276623637,0.044148203354566776,0,1000
0.8609814362316291,0.829283686596272,0.10170164136343529,0.10646658451708553,0.019815952917991434,0.039682725858463275,0,1000
1.0627693143770713,0.8125349298274638,0.17266521933032333,0.12726908208913523,0.0216853541156943,0.04046067743176829,0,1000
0.9451529163748841,0.803204965847774,0.033106020174856934,0.10576122864111051,0.020444438791025983,0.039939676576049125,0,1000
1.0155203446145447,0.770695450391566,0.16118472732135256,0.11456545521211603,0.02413892632463313,0.04394344681155259,0,1000
0.7992575486982856,0.8302956872662288,0.12136388796124138,0.09796019041777977,0.01990702266140044,0.039475200889149846,0,1000
1.1916313633177322,0.7732181435179832,0.1255562326409618,0.12744790595481034,0.023156082296258824,0.042183027145692255,0,1000
1.1094610049577978,0.7714467366271328,0.11790871568435592,0.12127566937106911,0.02310961771071159,0.039109835856512336,0,1000
0.9439397040258588,0.7974773250588676,0.12961016331689748,0.10997937639238971,0.021940455143334994,0.038429081426185466,0,1000
0.8394097062390521,0.8253535569686411,0.07657634818747852,0.10109126510265347,0.019637632311225242,0.036580615319408885,0,1000
0.9433225806476346,0.7973723270302305,0.11030516865962645,0.10729244988525487,0.021684414965901476,0.04099963884855522,0,1000
1.2376675246008113,0.7649126516350715,0.045832100047759526,0.12962706581263042,0.022679570471123185,0.042086860004656966,0,1000
1.0655982449248704,0.7928038786683597,0.09344639084771665,0.11646707746558217,0.021529671844707634,0.03880415055102101,0,1000
0.9315999241038428,0.81402203573883,0.13435219422062805,0.11947615392234084,0.02162451131703698,0.04009942499384478,0,1000
1.1753779169997904,0.7639764520329941,0.061224026053544406,0.12223501819648933,0.02284199593801993,0.043353386996589416,0,1000
1.235048266976163,0.7674099170573638,0.021275789078290436,0.12076237504820685,0.02189599460237213,0.037283420767005214,0,1000
1.026015711606002,0.8299860681820069,0.08869588134173868,0.12120427227314519,0.0193702637645327,0.037919637412087995,0,1000
0.9934664264407148,0.7809143617914854,0.10887560708471583,0.1084379762908881,0.022514146746383176,0.04170614972664924,0,1000
0.8396743216631462,0.8184353606062386,0.12686980291717434,0.10099514124180382,0.020625745199112484,0.03804949813340456,0,1000
1.0848564380236183,0.7926958261487679,0.07875706836211521,0.12137980668459343,0.021708889367555276,0.042762750496768,0,1000
1.158790867646091,0.7269871237943519,0.09044623205122321,0.11066192551699555,0.0248135795849574,0.045303143385111655,0,1000
0.7784463336336693,0.8428711626145434,0.05066701449382875,0.09649606764541127,0.018193634082829802,0.03660980664908446,0,1000
1.1908609162221826,0.76417306824074,0.044404424896923526,0.11868138529514838,0.02228687089776927,0.04074377121088436,0,1000
1.1173593429201778,0.7574950058146489,0.05893722549232527,0.11560615462006525,0.023230839581922062,0.04487342284572952,0,1000
1.105317315105028,0.7988443231394571,0.06845574674427556,0.1194228196121719,0.02088749620707655,0.039635045920510543,0,1000
1.0447936785414162,0.7694307144890548,0.04920546526726271,0.1129428062929442,0.022681610759477076,0.043241589528373564,0,1000
0.9167588984276888,0.7739564916348964,0.12534396944552528,0.10236376912298062,0.023263608148030288,0.04180801316964497,0,1000
1.075879021362049,0.7910445198894136,0.16736148888750854,0.12482316290424243,0.023077917322892015,0.044655104015441205,0,1000
0.9028112689229113,0.8382158797684293,0.1082638104652525,0.11271604191274508,0.019285998466037485,0.03924356839348524,0,1000
0.6605443202200507,0.8499414916449882,0.14416976853527175,0.08969113952222149,0.019067296602704637,0.035826149085104723,0,1000
1.1244266657789987,0.823637710251972,0.11261538441224765,0.13349117409977826,0.02010671346575177,0.03771846069467397,0,1000
0.9354999301891876,0.8118191011514458,0.16544589405921797,0.11309109295894071,0.021586552205590342,0.03829867076230151,0,1000
1.0587084441690477,0.7812946070382044,0.07619607859167096,0.11862785491131042,0.02240108505509794,0.038966474150763514,0,1000
1.0767219397402887,0.8058976661418163,0.1004006808335771,0.12464831532457858,0.021036679904883775,0.03971727376597664,0,1000
1.003189510240737,0.8038592841951303,0.08192816324893668,0.11107477571057897,0.020828030015015517,0.0399203846211322,0,1000
0.9707844175533525,0.7864844210677855,0.10842664703161861,0.10992319271138565,0.022398422733133975,0.04096941055328015,0,1000
1.082271307668032,0.7810887118880011,0.04802319173370718,0.11619910657591614,0.021937826770475476,0.0452348676606612,0,1000
1.0331222898405148,0.7804272480102201,0.065815586221948,0.11174814551521728,0.02220797409482772,0.04529558901135299,0,1000
1.0044010993565253,0.7749340584241866,0.09834620994442467,0.11119298966081412,0.02280367316341761,0.0386349067976526,0,1000
1.1456785777058376,0.78497353460201,0.11643317818363393,0.1289252782311858,0.022613322985966224,0.04125024902581724,0,1000
0.7598977162644118,0.8637677937569225,0.035062868090340066,0.0987948179561623,0.016846437743400923,0.034633399844320206,0,1000
1.125075465916812,0.8034087417855504,8.998522616636075e-4,0.11913611826287457,0.019570696181019948,0.033153599571086274,0,1000
1.0879945167652036,0.775132631248532,0.08161836168689682,0.1174278348050521,0.022632416814351033,0.041371148374817014,0,1000
0.9360489741448127,0.8458650086124655,0.049747423600771966,0.11812779767316398,0.018272686129678598,0.03890671661430926,0,1000
0.9409775262675865,0.8104239288733781,0.12041685180856393,0.10971800582326047,0.021086216975263448,0.04060356317509291,0,1000
1.0428729178374552,0.8133607188688037,0.08034496135167925,0.11893986219219832,0.02036182894618282,0.04029188675438904,0,1000
0.9784461540953157,0.7840945445941683,0.05751251271547799,0.10552358254106986,0.021604486754813173,0.03820827648156069,0,1000
0.9203150170647489,0.7994975673498775,0.01707884723217549,0.10456095510277497,0.020677157319600615,0.040290000110526365,0,1000
1.0127278680723384,0.7967973431767493,0.033507885130242936,0.1098914251474994,0.0206253124777716,0.03996218228633575,0,1000
1.0721852340839881,0.7632440299555224,0.1909960380587968,0.1213464880808207,0.025124733573023184,0.04632894929906936,0,1000
0.8273405954660837,0.8185860383176964,0.2170508371548915,0.10637501639666977,0.022128116711170456,0.039599594691380566,0,1000
0.8214617184910102,0.8383489872831561,0.09455695783017447,0.10182235684219228,0.019177404369563375,0.03931324534067871,0,1000
0.9712414346750784,0.7957949324461052,0.1520936660819949,0.11837464865275364,0.02277024486236077,0.04048947381943897,0,1000
1.0898884182531905,0.7707685191280363,0.04188464632748358,0.11374555810336287,0.022054558981678067,0.040167163408052924,0,1000
0.8624255398039236,0.8198374410413191,0.1081802037039959,0.10312891397939332,0.020340886987834126,0.03850459776096028,0,1000
0.833263454802288,0.8082511026073479,0.10748912018757945,0.10078889831080529,0.021264392739494473,0.039092104350013465,0,1000
1.1365517197711696,0.7766982086810851,0.069764325639357,0.11935595832643656,0.02221672999235524,0.0415680437869511,0,1000
1.0988098786358635,0.7890861946942501,0.08373862698017155,0.11596695576569989,0.021531701869782663,0.04103089111593701,0,1000
1.2893763437132681,0.7296881806838081,0.03817187577366288,0.12578645511113445,0.02410633226079384,0.043127337917584815,0,1000
1.2153974367154896,0.7582452705798711,0.07420423411247395,0.12268529806164494,0.022994118550843438,0.04071556166261693,0,1000
1.229719720425712,0.7831792984165589,0.1037324897283291,0.1335120436624172,0.02236152350890317,0.04259650664057022,0,1000
1.1577460953642515,0.7808922340769122,0.06614517187075049,0.12328819690817029,0.02195263189202506,0.04212911614176681,0,1000
1.158000501430645,0.7696616452395029,0.12277743638271385,0.11963816944657774,0.023023492414515817,0.03969227267857008,0,1000
1.193230385024626,0.7845262734970702,0.03233327363139931,0.12190778348950537,0.021041842062554807,0.039187147365354474,0,1000
1.0264188248631645,0.7885858685689451,0.06271911146438879,0.11364880116534319,0.021693534160010488,0.042892498111775326,0,1000
0.99469457278802,0.7758507371334986,0.03306451784676072,0.10851554663156375,0.022118934178609183,0.041820010804924805,0,1000
0.9378811593046469,0.7900097748269684,0.09418184729736313,0.1096824185628912,0.02227378043356304,0.04079881799908087,0,1000
0.8721942739579042,0.8333071283621493,0.08268359125230773,0.10763441210497962,0.019287131078197767,0.03869809560034563,0,1000
1.1140363492802716,0.7860211617685018,0.038361615539362695,0.11612347672173619,0.02127084741918626,0.04267750471494261,0,1000
0.848388317742315,0.8177988344531054,0.08911863186917363,0.1032882815342049,0.02070353248440352,0.04070040650715179,0,1000
1.2392307215594143,0.7462507488031584,0.05211103402931119,0.1277069992016269,0.024036888907474803,0.04653729898012566,0,1000
0.9834628042225794,0.8103177618757943,0.10358469916483075,0.1178445913855148,0.021263296453943616,0.044091471574669104,0,1000
0.840341857089244,0.8078375810771946,0.04394248055278083,0.10330070159020406,0.021127570372519087,0.04307198078807261,0,1000
1.0028776248090578,0.7982591751374036,0.12739711199896123,0.1150137596691376,0.021914647171998817,0.04160918551568693,0,1000
0.9633225221231706,0.7934227326051502,0.08833657903974035,0.10802076978827595,0.021641683124103805,0.041533845794741384,0,1000
0.876242600413894,0.8306690336101334,0.04133598533432009,0.10175928928921074,0.018780707379649833,0.03682464184250455,0,1000
1.1082383616506986,0.7777184615662163,0.0673577452367842,0.11665571483042761,0.02198595714236451,0.040523108074895314,0,1000
1.1542102979701823,0.7849839919848666,0.09105504760116839,0.12057832206449622,0.021699058797578843,0.037825470398687444,0,1000
1.0415238295538778,0.8016560561557895,0.11177251943613395,0.11825187054445271,0.021328175844150577,0.038400815549693754,0,1000
0.8618982605907927,0.8240341665847474,0.06588671468906598,0.10112966055058273,0.019425085148140925,0.03783251287475761,0,1000
1.1211135520541933,0.7518625342095712,0.10168035061921712,0.11654351385191444,0.023910406274253868,0.041633691452227936,0,1000
1.1638646108579844,0.7828515134088991,0.012665880745354704,0.11921061673430822,0.0210928916626877,0.043156039616435625,0,1000
0.755741499468132,0.8460131315983492,0.16591334275687766,0.10240512769887083,0.019643894059224298,0.03973232788027941,0,1000
0.8288575519729323,0.8404453729328295,0.07161990545071126,0.10627216821312899,0.018980434428087466,0.03884409241547212,0,1000
0.9653876204362704,0.8071408771722498,0.07574395908093651,0.11160872575862452,0.020723096348958577,0.038322747556298276,0,1000
1.1152983118965765,0.7591368698090549,0.12344108001864187,0.11686226489952738,0.023935032976046093,0.04485837276745002,0,1000
1.0305123718458642,0.7874901348013829,0.07643999776310954,0.1101782350769753,0.021442020769814808,0.03955177686186235,0,1000
0.868113397506988,0.7966734670436321,0.0997627681637123,0.10515402592313884,0.02219246778799023,0.04019135497109874,0,1000
0.9869957483457784,0.792613824073706,0.07211313636579075,0.10773982735224655,0.021355543499854333,0.04056849815843674,0,1000
0.9618880458673621,0.7980742986332868,0.08488925521684682,0.10611606070651723,0.02104012847748866,0.03647388185313196,0,1000
1.1193557281708908,0.7643505108691968,0.054225779100355954,0.11377982949209123,0.022480397198160505,0.041235069990731336,0,1000
1.0806665305188499,0.801842342553556,0.08571786702905779,0.11604779212014898,0.020776936806811176,0.038238508872715994,0,1000
1.0901888116709575,0.7712323982232904,0.11121937104842755,0.11602621052723901,0.02319715716834517,0.04408856393162086,0,1000
0.9733818092859535,0.8049009530340131,0.1122820261133598,0.11395814381433006,0.021439023413157572,0.04127452296700628,0,1000
0.9955618900654973,0.7937761813825337,1.6441775071061887e-5,0.10607598873081334,0.01970938731715099,0.0026100524326743394,0,1000
0.9927440699586757,0.8216911725754191,0.06149801316858475,0.11271820186623892,0.01960122362992519,0.041828327073442334,0,1000
1.1395631266833066,0.7880523744328762,0.11272843301446821,0.12143420124842919,0.021916104274403728,0.03853078677450294,0,1000
0.9566696333167216,0.8167613689536002,0.14143869420282315,0.11626915440765148,0.02107331041016652,0.041166412826019655,0,1000
1.0062920284255927,0.7877828375740652,0.036556955943520104,0.11099626007180907,0.021413914561162543,0.04139897946249032,0,1000
1.166685182486559,0.8052055411052991,0.03962824073371208,0.12558717274849002,0.020208857117463935,0.039708627369862824,0,1000
0.9525844355866814,0.8063789834206209,0.05614506299183071,0.10872017035796447,0.020505825602482406,0.04052166943284639,0,1000
0.8790207552099406,0.8306316761193573,0.030900399224319666,0.10528550091000655,0.01929280119437931,0.04131081810281289,0,1000
0.8426173436091875,0.8231290099017771,0.10454546443907145,0.10497460646821143,0.020329422899909633,0.038504959209163234,0,1000
1.0174577370583238,0.7986377891639762,0.0796253239320325,0.11122998723124951,0.021033979132476642,0.03927697591836193,0,1000
1.1614074269793866,0.787342157722368,0.037986670980267485,0.1252210542391405,0.021356684110100756,0.042682727179714955,0,1000
0.993902025931979,0.7920779761503204,0.05476113615909837,0.10974848457878005,0.021341452216573752,0.04160971092571121,0,1000
0.8331435263947208,0.8328248188863899,0.10655044026141895,0.10329057408486723,0.019555899429084186,0.037183059332844846,0,1000
1.157874929206633,0.744502858622292,0.07625174770426624,0.1177757178840184,0.02406577966017778,0.0448749391357868,0,1000
0.966328029650209,0.7922188818770186,0.09971573826078345,0.10729590244109127,0.021822772093985532,0.04204555236362003,0,1000
1.0562293371729083,0.7942247380703319,0.09740539963347936,0.117987092827077,0.021675849930344382,0.03981717150767644,0,1000
1.1736282362777481,0.7953887902409279,0.10685348453278648,0.13038457422717417,0.021692474288887525,0.041909288988328436,0,1000
1.0860047829998474,0.8019469196237902,0.12009141748898572,0.12404364601044204,0.0214565044038706,0.03962930235922348,0,1000
1.077342593479847,0.7815205269696958,6.606429153037736e-6,0.10786027641210735,0.019985266679040905,9.370875423565381e-4,0,1000
1.0178829458745062,0.8229077615448238,0.08057815183177777,0.11658670212048577,0.019785497807482327,0.04025348434127537,0,1000
0.949467093536552,0.8203967685311507,0.05845606470312277,0.11383149648983265,0.019930067285624863,0.0399940373065174,0,1000
0.9931829838056679,0.8167328813313836,0.09501677675109972,0.11600159798183787,0.02029569975124902,0.03868575402025299,0,1000
1.0192098041334436,0.803493034770856,0.10427540357266805,0.11588556213024209,0.02107804066747949,0.03786893431714856,0,1000
1.1327152868308037,0.773529474936402,0.05488750320186338,0.11762766939613,0.021964682915383022,0.03915400620738219,0,1000
0.9805455824996141,0.7910642230418918,0.05629661077234363,0.11210396879862476,0.021625461610170482,0.03910283801494631,0,1000
0.9953189317887339,0.7587064577449616,0.06529272255646096,0.10008374447064705,0.023049325320285766,0.044552626306619374,0,1000
1.094905517790915,0.7638283340927405,0.13880785453404548,0.11654089342867478,0.023744605478542388,0.04027424931116099,0,1000
0.8383453052651707,0.790325042074338,0.0822702870980909,0.09498445431476908,0.021843910684582215,0.040866600675994055,0,1000
1.0785499147423028,0.7719889503032535,0.08793548758102783,0.11245705485853938,0.02249146190956424,0.04006975257873746,0,1000
1.07372621402405,0.8127079478575081,0.13663268458194588,0.1286785325009558,0.021366084920812354,0.04290045774018932,0,1000
0.9503360375634364,0.8193480686207456,0.06465419134285197,0.10989907120763784,0.019796694261984805,0.0383431732427015,0,1000
0.81428575619354715,0.8355764716574248,0.12124197640036365,0.10280714477441345,0.019678640700335464,0.03940009891161935,0,1000
0.932440983476838,0.7887811493659134,0.1634092160036924,0.10976797021161158,0.02320858729307419,0.04276209603197073,0,1000
1.0828736873137905,0.7924186955969893,0.099274954094869,0.11935755281338233,0.02156985156121153,0.03911430149258563,0,1000
1.0462354075081448,0.7808487435867993,0.13741130835620902,0.11910730739039688,0.023199403130857527,0.042839686430299284,0,1000
1.1076925520852212,0.7891889202219345,0.05561600248805204,0.12631411419413296,0.021931927995194216,0.04443077288128102,0,1000
0.9431164450653956,0.8115174714534239,0.15804321855204512,0.11241429640297135,0.021446684360782366,0.03800054440728814,0,1000
0.8228899537422747,0.8426411040515527,0.1606528329946867,0.10985871237203848,0.01970786474420747,0.03731984867427223,0,1000
0.9953968996899158,0.7792529215155336,0.017691235013483575,0.10246495964356747,0.021199312759221267,0.03915600115551342,0,1000
1.0186257051556618,0.7984944477231835,0.11990566662295545,0.11911002713234736,0.021981768907832946,0.04338861405367401,0,1000
0.9594815883797942,0.8123765525171855,0.17203918837949908,0.12010717088805876,0.022089460063253092,0.04054208203085186,0,1000
1.0110631170437212,0.8087901506134905,3.605289660910277e-6,0.10833034792690012,0.018819550179931678,8.196122440862633e-4,0,1000
0.8109843047824515,0.801596547127552,0.15551777645310946,0.09901995264522967,0.02233228465957796,0.04011284767201539,0,1000
0.8244204633146741,0.8389471227206936,0.1449409978581591,0.1072770858061423,0.01983979202603874,0.039997568377224756,0,1000
0.9983803702100282,0.8101387068704543,0.08882980532623792,0.12027182946816346,0.02072627367655484,0.038394715079912926,0,1000
0.9382026142410601,0.8183312746987799,0.11125242120625939,0.10988426760021283,0.020346516121959337,0.03779674487577682,0,1000
1.1776425525564425,0.7717921139157619,0.08617687957880699,0.1214325154740598,0.022682089453642074,0.04358303273100719,0,1000
1.1045400428802499,0.7519089311661656,0.061760511980005144,0.11100862341127844,0.02314174791697105,0.04042366828077271,0,1000
0.6619576272814747,0.8663991842828367,0.12244013079556802,0.0939783946886919,0.01773641444765039,0.035778791602140245,0,1000
1.1421627424058036,0.7770799884101445,0.09729433057967471,0.12489586482333495,0.022749401032894134,0.0433144486637676,0,1000
1.0514115934399046,0.791377466588,0.09596833407047929,0.11760673705238714,0.021834931456663535,0.04223734516047109,0,1000
1.075250363957878,0.747321176054123,0.046539375294705615,0.10877551611861305,0.02358498602862107,0.04166155338680271,0,1000
1.0597641609667454,0.7901738710814191,0.008188709222594872,0.11101625898537865,0.02060592080263737,0.039290822548178554,0,1000
0.9793104099453458,0.7807873160909596,0.08818374497340224,0.10865024218704028,0.022487868418388946,0.04271569478246663,0,1000
0.7479552685511388,0.8339736456230666,0.19871976015914242,0.10213879456049783,0.021050028795054243,0.03823487774661871,0,1000
1.109304648408951,0.7450110767277875,0.10370151983258773,0.11369722462016876,0.024344544090793927,0.04371692118928717,0,1000
0.9165247321557074,0.8183341550061599,0.09103464691837458,0.10812946960637695,0.02016397730564312,0.03731347869530563,0,1000
1.0247431750905809,0.7935549582880017,0.17062938928287355,0.11555696028108965,0.022626961815782956,0.040105686674528435,0,1000
1.0197812941504596,0.797407450456605,0.1379797083800447,0.11256550037614166,0.021712789208429666,0.037546688154204665,0,1000
0.9931109616517825,0.7916154720402065,0.09372885051092548,0.11592492076015476,0.022209451161115352,0.04249917945299901,0,1000
0.9863479287380105,0.8086753866090134,2.263315745368254e-6,0.10567649942821278,0.018822625676029558,3.7809000520766745e-4,0,1000
1.086174537742368,0.7929188093880364,0.05612341007914728,0.11162495480433617,0.020799377852071144,0.03661666561889113,0,1000
1.0634077517829394,0.8169901763863111,0.17871647964621476,0.12692003715858785,0.02160381153058275,0.04316983543813116,0,1000
1.0011435567142213,0.805874340114469,0.11763934584704562,0.11801427401296043,0.02147936206892561,0.04121379652169753,0,1000
1.1061577667327458,0.7672110077827959,0.11771283132052783,0.11867112914511005,0.023344174656373805,0.04123505105128756,0,1000
1.0242621930484621,0.7807700491339875,0.09404003843795228,0.11595375257073891,0.022744459800267194,0.04272244717861544,0,1000
1.146045235325643,0.774928080031274,0.08076239389907786,0.12229090878056387,0.02238318315780667,0.03982616229148485,0,1000
0.9207406499329611,0.8121722426706206,0.1523505330521093,0.1094744448773213,0.021312389253617198,0.038292068979749364,0,1000
1.1460283295406875,0.7577601680613435,0.09776850318913151,0.11827819858944859,0.023517319926498557,0.04284264217861508,0,1000
0.9018656117158217,0.8000405314339235,0.07868283394742803,0.10152213656598527,0.021088172158416008,0.040093588217424085,0,1000
0.8613525786194454,0.8299307364204861,0.16507464218857285,0.1103049846932596,0.020608931502250766,0.03901749307125472,0,1000
1.1123662066648885,0.7815079100776025,0.07956138634698301,0.11978197678353694,0.022211542217682817,0.043649964622022766,0,1000
1.2144625925474695,0.7425613979768677,0.157466441575088,0.13769770987409877,0.026521206973177513,0.048076276007225145,0,1000
1.1123964991163986,0.7615904481042587,0.07725228769398702,0.11298614715273277,0.023000743944306887,0.0434458732240115,0,1000
1.093426812298098,0.7827288705203416,0.03241171369884775,0.12464464981084473,0.02236012225388585,0.043919194408100624,0,1000
1.022507972882709,0.821746924699578,0.14029395824669183,0.12488324016470334,0.02073049730244381,0.03930535446609564,0,1000
1.0249976190953087,0.8139262147439679,0.1733514577432121,0.12242845155053121,0.021468740019103965,0.03765859638588106,0,1000
1.0862359647923323,0.7717859638480052,0.12467805467173397,0.12246914254822348,0.023588269759936966,0.04134297736306726,0,1000
0.8646399178108786,0.8172528071668117,0.10902361289575421,0.10557533235441634,0.0207522300454695,0.043786692386535715,0,1000
1.0579958550419581,0.793206157433115,0.0656950849297956,0.11926414784096241,0.021430652148089823,0.039226615915216534,0,1000
1.0771620602004468,0.7794840206157665,0.17947970174558062,0.11846231266192922,0.023636695562984922,0.04236061620051359,0,1000
0.9644083085299635,0.7707843508099542,0.04102824428046695,0.10870017480910034,0.022979092262510433,0.044733317442844055,0,1000
0.9990492643640845,0.8296456161439774,0.09590355994833312,0.1216514318726886,0.020200111671096865,0.0397858203314364,0,1000
0.9738368205987383,0.7971820564234954,0.12098726541337597,0.11145632754514524,0.021808660053845564,0.03932111942312176,0,1000
1.044622113933841,0.8027957394383287,0.11646235419148335,0.1177393752112716,0.021498238080189778,0.04306897059356225,0,1000
0.91898108332751,0.801445671489438,0.09708794729996625,0.10530753958457423,0.02126739270370085,0.039545463718546246,0,1000
1.0158069927232247,0.7844157624739843,5.607262945643558e-6,0.10141444848874684,0.019767209356117185,8.738331877230027e-4,0,1000
1.0102572215963044,0.7950802698798275,0.09276739914086708,0.1170215898392505,0.021828793986509745,0.0405056486395472,0,1000
1.0943654304531636,0.8155445908175301,0.1418432238917344,0.12406683701969352,0.020855885764345647,0.03716280095079814,0,1000
1.055484142605934,0.7762712399526457,0.10736491832890134,0.11197240878746986,0.02258835115795224,0.03994849993124086,0,1000
0.8556445512901119,0.8408467034416965,0.11918574513692103,0.11313112309606772,0.019695226962980338,0.03854137623961828,0,1000
1.0265192535118581,0.7639253315111768,0.08584155907095267,0.11522743755852694,0.02373026640562649,0.04225826316050494,0,1000
1.1482951940568353,0.7632069478791282,0.05318586603343948,0.11504893870174598,0.02244159262617118,0.04032981526199104,0,1000
0.8277744805163041,0.8412407031392118,0.1416713626156954,0.10477135814120493,0.019489826774860098,0.03758718353369601,0,1000
1.0060137361338424,0.799824771756157,0.058034577901476266,0.11616445372211977,0.021529261085932765,0.03968181104828906,0,1000
0.9890702709846148,0.782272865690145,0.12324823516804072,0.11727215152334909,0.023444481524006713,0.044712886555631895,0,1000
0.9142724430160627,0.8109125151159389,0.1594003280266579,0.10906563861285908,0.021636168889014568,0.039172761502637536,0,1000
1.011530731909904,0.7859484361113881,0.20152274141054502,0.12196456578534207,0.02407754764287979,0.042327621871460754,0,1000
0.93316495399041,0.8338623244990527,0.19556041075896194,0.11940196521439099,0.020707592328006123,0.04103448048265415,0,1000
1.225403329663922,0.78501472118489235,0.13305750652339635,0.1318660485078379,0.022300762203467262,0.03712337910105497,0,1000
0.921600834712089,0.8113301619802397,0.06378742030118856,0.10610988540678058,0.02034692871435827,0.04019847186702003,0,1000
0.8801384564944885,0.8476510105270713,0.02328458306168054,0.10564063160476692,0.017500606106925352,0.03578797343765321,0,1000
0.9915212334559815,0.8316461598356428,0.09354831155313927,0.12030599229486402,0.019475856422184898,0.03992829673730461,0,1000
1.1100843520717998,0.7636310531477835,0.11643588632325584,0.11884544170308724,0.023732440588318273,0.04125697123171714,0,1000
1.122065992781497,0.7798648660398805,0.13459607862757408,0.1238357996094442,0.02287118569951389,0.039547201214684274,0,1000
1.1701582958241095,0.7898799787938116,0.08084116692607157,0.1274895840891923,0.021876984520796536,0.046040074070517065,0,1000
1.114824840770309,0.8018702026598701,0.12728085595767116,0.13005656045688332,0.02189576913236907,0.04425447202051351,0,1000
0.966823266675618,0.7861411972188143,0.13056505692884182,0.11032168998142493,0.022630218763329643,0.03980524276691461,0,1000
1.1463887584171493,0.759972705758086,0.04132136295174742,0.11103637621788642,0.022197643024812082,0.03775607725284668,0,1000
1.1725017602652072,0.7724285897055743,0.08565154373446306,0.12638034009715693,0.022877971610727396,0.0446596533331806,0,1000
1.1411858371021082,0.7864445139184499,0.07768652739998616,0.12445575872024874,0.021812438367450254,0.04227342456597512,0,1000
1.1821874365675478,0.7882795720671498,0.0814326049709411,0.12302743232915328,0.02142057692418251,0.03849750270721176,0,1000
1.128030630607984,0.7492701372730495,0.16006060207160855,0.12335303840683372,0.025413519439822976,0.045446806989495596,0,1000
1.0520877510525686,0.7609289094147919,0.11757224701781444,0.11266050012693772,0.02339305492232584,0.04241984472011451,0,1000
1.4002305683293135,0.7240563061858054,0.11084329397947669,0.13814626072912456,0.02556853979776592,0.046488522027341536,0,1000
1.0890208885369164,0.7752926924102654,0.03238708010173187,0.11367311708319341,0.021752457944764127,0.04021555968410819,0,1000
1.123960632802874,0.7663467448048238,0.040676656892322006,0.11404378006534949,0.022207748910725623,0.040578177552028166,0,1000
0.9975532981039709,0.814505395323003,0.07996066216810284,0.11494640705187609,0.020254663722289123,0.03923143245787447,0,1000
0.8532492868603732,0.8427457826430237,0.1351686963103239,0.11249024164590592,0.01945357480821805,0.03755937793636376,0,1000
1.1988939469599988,0.7550819743037152,0.07694761160188256,0.12110165971734589,0.023431529386786124,0.04354087402489593,0,1000
0.9222145230599259,0.8160257173905727,0.11723431311013643,0.11166112126726338,0.020871207639680388,0.040440069632293095,0,1000
1.095106261799208,0.7896724273343978,0.12949283514275692,0.12276090434835303,0.022275799332604422,0.042494288446376975,0,1000
0.8202778586993874,0.8366863392276223,0.14530465449118887,0.10470552983727342,0.01984449623873663,0.03839415854867669,0,1000
0.9205465267587857,0.8272136039107189,0.10993521877450646,0.11083869712031424,0.019992228882636496,0.03912059500855546,0,1000
0.8483172361323348,0.8089297139642777,0.006629546031688202,0.0971217353651275,0.019914684910879887,0.03844548796488892,0,1000
0.9291041853670866,0.8009620786204413,0.11583621082642835,0.10489876654603404,0.021365499815045007,0.03827795244900515,0,1000
1.0526935969777564,0.8046926129112056,0.07852257608694846,0.11702591879094076,0.020809378675846896,0.04077267170259655,0,1000
1.2581496101705025,0.7506105230132463,0.12045228319570467,0.1266542539329408,0.02404623223739648,0.04247776353295385,0,1000
1.2578134612956693,0.7701811453804172,0.09236947391638296,0.12535380469566282,0.022598775864664685,0.041443811798960194,0,1000
0.8312896964819978,0.8427026935331328,0.13412741386149124,0.10596721515692481,0.01922253221419843,0.03634744389690773,0,1000
0.894332063729472,0.8457338929618101,0.10545972706576896,0.11549439609348733,0.01877651366256612,0.03454070298249409,0,1000
0.8926986328021274,0.8140076814464647,0.07217593146988839,0.10240875655337417,0.02013180167546052,0.03870940580084318,0,1000
1.0668048920946183,0.809169071831987,0.12337398393044131,0.12060009450872561,0.021123465304509117,0.040107287203400586,0,1000
1.0999262943152563,0.7952083150647781,0.07312756055588203,0.11829472913067651,0.021008787485127904,0.04025707457555308,0,1000
1.0308875484893123,0.8229010005467219,0.09081813004971806,0.11981028793818449,0.019870185059517143,0.03832502665409688,0,1000
0.9079828491062935,0.792231849570837,0.11478726916568037,0.10046672801956562,0.021964765073612214,0.041884126306309846,0,1000
1.2152842342396457,0.7534327527528714,0.06355380341757498,0.12342984440109632,0.02326545237913016,0.042720395966634996,0,1000
0.9841341871977094,0.7827346794125637,0.17575791229266113,0.10991192584797237,0.02339843920245672,0.041263569635584904,0,1000
1.124260757944629,0.7920958525566151,0.10568937757924415,0.12331497184462008,0.021820054788003543,0.042380627581860765,0,1000
1.4742227802715495,0.6651110331135144,2.2325748615326056e-6,0.12254312674218026,0.024486591132423657,5.55264011805959e-4,0,1000
1.1139326773014042,0.7786744407148357,0.0861576883141063,0.1262857971483751,0.022854506058198908,0.042675724723830286,0,1000
1.1487325666614905,0.7782904280379904,0.024973471975089683,0.11751078497413409,0.021402293074312694,0.04080980941899853,0,1000
1.0970240493198364,0.7905832480720901,0.0873380493902269,0.12410428841267043,0.021931914790170523,0.04147040878209439,0,1000
1.0401889659914316,0.7966844632822835,0.04019169054531384,0.11279875590721421,0.02062017177015994,0.03721292563167499,0,1000
1.1278027058948454,0.7762246920038115,0.054490876745251215,0.11602012243743651,0.021660501287876312,0.04001415672767534,0,1000
0.9896560579900895,0.7957805095096888,0.07476903671937399,0.11838796503310065,0.02195908909567642,0.038517504120715536,0,1000
1.3065455297143156,0.7375768439193839,0.08016667952398285,0.12754383347161144,0.024166185600762967,0.043591141275261654,0,1000
1.2669807769240085,0.7737420921619117,0.043752966801122846,0.13001215361538215,0.021953293898436078,0.04200500485090674,0,1000
0.6997723878016315,0.8625842074554577,0.12137735628296928,0.09602862530410672,0.017908297406734476,0.03678641277853487,0,1000
1.1357045831760264,0.765781562889175,0.06057608502487415,0.1193828232239535,0.022903910813638618,0.044636633479279327,0,1000
1.0083134646764982,0.8050835626262648,0.06228919995974106,0.11488585336325398,0.02054471177612916,0.04010700332075265,0,1000
0.7440897380525614,0.8374590941107243,0.18853464996660038,0.10148800201313256,0.02067323397323735,0.03939205195163459,0,1000
0.9783553559823819,0.8187103350320084,0.16638032871294975,0.11931452103429467,0.02119021348892039,0.04021532058872312,0,1000
0.9708656506151977,0.8074520114300395,0.11447346777835417,0.11544368798131788,0.021307624073880736,0.04159440289924492,0,1000
1.1272912450282822,0.7878712762170218,0.09400149204173243,0.12385522972784187,0.021943700410160222,0.04102403273301193,0,1000
1.0785659101428937,0.7663931001824291,0.08297331137814583,0.1092104244723368,0.022775547014047003,0.0427128581262455,0,1000
1.2080562410978706,0.7649239879385425,0.14339095242936908,0.1320723984192651,0.024012635347012416,0.04528767619099589,0,1000
0.9322133294720621,0.7951449760164585,0.10349562270385544,0.11127491256482107,0.022185533225388833,0.04044152406438753,0,1000
1.0748398226947835,0.7718729275244238,0.14051882913888417,0.11844982732387696,0.023615910723849335,0.039614145460423,0,1000
0.9050153743740202,0.7904772579235342,0.07166114701810701,0.09991332051524607,0.021508074577355377,0.039938088180507945,0,1000
1.0656754209115689,0.8014613381110042,0.01772470202749672,0.11076570476857427,0.02002575248094465,0.038799928636475634,0,1000
1.3178304579628248,0.7708815903869696,0.11071916673242296,0.13736139104282566,0.022816807701397844,0.039765179242702425,0,1000
0.9460073004117759,0.7808074076676043,0.07107159778476858,0.10218982812429943,0.021988382508729656,0.040515946354380813,0,1000
1.0279100549219111,0.7955067163855246,0.0018006512918468,0.10957522433435744,0.020255921929768078,0.038071952834716184,0,1000
1.046020539903608,0.7820842464427042,0.094170902069249,0.12023402813599222,0.02282980252644914,0.04251335953232225,0,1000
1.0231198804519286,0.7992207529681393,0.08655113652086077,0.11141476962718541,0.021155456055153402,0.0409955418090098,0,1000
1.0637705137535287,0.7822079313327739,0.03025094001055617,0.11217150364616595,0.02133483840351013,0.0404377948349623,0,1000
1.0344139301807755,0.7834458687089851,0.10500246783558677,0.10859426131548229,0.021739174426751575,0.04128811292802359,0,1000
1.413632699886278,0.7495189681468033,0.09197374421904071,0.13891758151233172,0.023661684076661426,0.042908872652679064,0,1000
0.8897156018085063,0.7912698702062914,0.08257827079242407,0.10238790660830342,0.022005229608923024,0.04255339021243854,0,1000
1.0466907517938295,0.7776515096924761,0.08425513976838413,0.11128285701160694,0.022361003004327116,0.04247352201336103,0,1000
1.0706077160543397,0.7973405328992903,0.0896201581718968,0.11945650447897631,0.02156302413019208,0.0444077507626971,0,1000
0.7961565142231934,0.831099831400201,0.11361390298707466,0.09580760620561826,0.01950241231589289,0.03383785467536505,0,1000
1.0990344503582947,0.7956261936241614,9.532043985527348e-6,0.10912360790309299,0.019107513777578994,7.040830232208369e-4,0,1000
0.9963452248811919,0.8058068649472545,0.12399786660944098,0.11679428066053,0.021484390887782243,0.04102798010804028,0,1000
1.1194422805335331,0.781154065562957,0.12207409909112099,0.12820124847960002,0.02303667303094235,0.041467569566783866,0,1000
1.062378245425956,0.774891070901655,0.09522485122485579,0.11983055547110949,0.023249152113483232,0.04549131287592007,0,1000
1.0051558444749775,0.7889572680403553,0.04731886089968975,0.11098489884696391,0.021530780053601005,0.04333127405289567,0,1000
1.1971202316890737,0.7643707010636055,0.10029366270221632,0.12219803454672332,0.02268713487963031,0.040014850381630704,0,1000
1.138922552689582,0.7903236728569464,0.06984614338362936,0.11908942240231185,0.021201661785972454,0.03860546041447944,0,1000
1.0268562509724652,0.8045513392195752,0.14453490871003027,0.12183787758471085,0.02180957621878154,0.04037142826996681,0,1000
1.3672775588824362,0.7311202485321199,0.04245933103212084,0.12495046378602419,0.02367398925282491,0.04268340987914657,0,1000
1.024735172791433,0.7814290033022282,0.11353593156965396,0.11605109259955795,0.02273984595480875,0.038961547571523085,0,1000
1.0730918845111719,0.7727937937787958,0.03595055181802496,0.11263785425891415,0.02195322293100425,0.040056750209255615,0,1000
1.1206548597540553,0.7997486465112944,0.08669536202749627,0.12298851057834496,0.021100416342219267,0.0401211038796851,0,1000
0.9894810233305138,0.7911745554946937,0.06808645733783042,0.1067108721178697,0.021223188519522436,0.03860067533250377,0,1000
0.8655858945263637,0.8067383964321162,0.20024249685389495,0.10694661494255896,0.022628922633492008,0.04165045361790316,0,1000
1.3541112526443089,0.7325130471924527,0.08767069816406228,0.13331024136739736,0.02481692536167109,0.04731906327621111,0,1000
1.0245886369200876,0.8027926236670526,0.07023940428357962,0.11714345052949267,0.021033768093170157,0.0422982214887855,0,1000
0.7206777309210805,0.838910188616831,0.14584909330026027,0.09588242634354778,0.020006074324488678,0.04151285417081085,0,1000
1.2300373373629698,0.7589785792575371,0.050110862206889595,0.1238529451972172,0.022807348644250002,0.04344366489839089,0,1000
1.07415557707852,0.7847294847912476,0.07737652420285797,0.1150880559414773,0.021761508883185406,0.03990607050955913,0,1000
0.9140261522295003,0.8175075345556827,0.09198904160595758,0.10896437382314537,0.020370288686278444,0.04079250928050249,0,1000
1.321911118555988,0.7467062739973397,0.06964057047168389,0.13093442202470584,0.023595361782587285,0.04310129223967808,0,1000
0.9547187425927283,0.7972585248186528,0.091862718957415615,0.11389940864060351,0.02182902579165401,0.03814918454283733,0,1000
0.9092662849433337,0.7968540865821793,0.12454499141112611,0.10774463799971627,0.022132799833630125,0.03982487413967775,0,1000
0.7465027665677473,0.8548836082114826,0.12670536733359053,0.10122851309595927,0.01861638193857769,0.03975517374879876,0,1000
0.9438696673540914,0.8294958447034714,0.06923657460052968,0.11065012102360577,0.01908555018032883,0.036375986183851815,0,1000
1.0977579093016487,0.7670117062065768,0.05482891893312846,0.11505612637557402,0.022569165681730455,0.04088240471193801,0,1000
0.9882971837510155,0.8183388646937471,0.14404460123333412,0.12094387370232276,0.02106028593040633,0.04112026971409472,0,1000
1.0199877354251823,0.7955476088169056,0.11115427859175524,0.11190311992417921,0.021617407218464068,0.03969155122944493,0,1000
1.1054821265796648,0.7930458816327647,0.08913961718610551,0.11808096944209337,0.02141737433746413,0.039575234351414995,0,1000
0.9955127919248562,0.8208226234760734,0.12048398916877491,0.11867219836913345,0.020469964859422533,0.04001928801237326,0,1000
0.9985665329175117,0.8131322538303839,0.0905065483787906,0.11745829490742707,0.020564720926596815,0.03852345128548575,0,1000
0.926721824533289,0.7754463554846163,0.1107732412256562,0.10230013835312972,0.022935500757001667,0.04153763298627794,0,1000
0.840545240522915,0.8324463733072699,0.1329196722390119,0.10172321184935264,0.01937971180633537,0.0367778825176556,0,1000
0.8187622118887167,0.8402227555269722,0.165467384043333,0.11023336261725745,0.02003315619460896,0.03747770442203015,0,1000
0.9514982740572071,0.820981378600342,0.13914266264863617,0.11640966582032553,0.020690545542315107,0.03802767343194453,0,1000
0.8715492726720399,0.8221822825173647,0.09805437033772307,0.10618261547703811,0.020215927431316286,0.039723441633769806,0,1000
0.8582706936001365,0.8275580795466366,0.20129692261257243,0.11109456768137822,0.021204988418162315,0.03900722582291415,0,1000
1.0870550436708433,0.7983699171488928,0.1352504688069312,0.12227193788060439,0.021842519871007885,0.03961340961707332,0,1000
0.9819252372832318,0.8132591990587044,0.1717753042530295,0.12181771122020722,0.02187287411303176,0.03878698311801319,0,1000
0.8487928973029144,0.8156492335670104,0.1335809090531199,0.10426360060729982,0.02108797914405814,0.03905791983488581,0,1000
0.7407673995344967,0.8549785157304735,0.10603199035693378,0.09969946122423012,0.01833633106626657,0.036718943942516166,0,1000
0.9131394548441768,0.8092929769118626,0.2532932166821532,0.11513035551461724,0.023230816157303436,0.040071407511423275,0,1000
0.8599902372773772,0.8417574080222798,0.20340607303794506,0.11460760797479864,0.020238557922673362,0.037743749906963324,0,1000
1.0034448482665208,0.7773165805596454,0.10097144757697676,0.11241483715557851,0.02291129519715121,0.041789529301135546,0,1000
1.000460775813386,0.7859478043866366,0.052336497538526615,0.10739853897722142,0.02145322811024353,0.040382852432510614,0,1000
1.3113045072839074,0.7467997323633223,0.040749445838463544,0.12872018574723978,0.023603321460989007,0.04781824869427883,0,1000
0.9744479531249871,0.7695745662413228,0.07003821079437075,0.1080024069049258,0.02313055654625707,0.04466086168560868,0,1000
1.0184971332401067,0.8053416515214415,0.1699634233179243,0.12017846465042473,0.02198429200790307,0.039974434709301815,0,1000
1.1539437555027787,0.7592458860098859,3.2870870254615776e-6,0.10686681316447119,0.020637856573558457,0.0012890502062456635,0,1000
1.2721428892046964,0.7696099306112738,0.10101915581030252,0.12863324480358024,0.022746236431852935,0.040233090060084166,0,1000
1.1081168095575702,0.7769323730439822,0.07911762042401238,0.12133336993241683,0.022482898355340446,0.04024160321147683,0,1000
1.1495133323292304,0.7768583931631365,0.08188672983080425,0.11813594525707968,0.022089667975315194,0.04109805182249641,0,1000
1.1107298722355523,0.7715758559317895,0.07180567666218816,0.11457601402538863,0.02230337988343838,0.040269600407996986,0,1000
1.1190835772452226,0.7795096135370698,0.04115827213221266,0.11658577864651769,0.0216372365540147,0.0423871763610911,0,1000
1.227344650440587,0.7713628251485052,0.06325437395779247,0.12844813809314456,0.022368633369980576,0.04114191873498904,0,1000
0.8893620946095482,0.8216478013840929,0.16214973327916363,0.11065855383894267,0.02103790139412005,0.03937413365386694,0,1000
0.7981990947881973,0.8364835587279192,0.14853225040191992,0.10439389826894796,0.019933036661837353,0.0360664167145941,0,1000
1.2389956768664456,0.7550193983026331,0.02348319061088763,0.11946415667733831,0.02222917176959699,0.039141312046154245,0,1000
1.425044111737087,0.7249320713720394,0.05351913023829755,0.13227958537031825,0.02457546321881502,0.04838516985694599,0,1000
0.9175913255358422,0.8120648773513914,0.05784169943027101,0.10663411567919502,0.020294717319160077,0.03996867065300492,0,1000
0.8015514497984162,0.8471925321285547,0.1510906544798774,0.10538853023042268,0.019362827362984513,0.04220010627223113,0,1000
1.0183367584428353,0.7944407441646149,0.12364280505101433,0.11541516690960733,0.0219981155933656,0.04043317479702891,0,1000
0.8560579588459006,0.8225894157398032,0.10767086933511302,0.1071931996653867,0.02043168361197701,0.037371586349378545,0,1000
0.9445736183003853,0.8001698759061391,0.1318994823782684,0.11366082722585616,0.022070771398096566,0.03870884924316466,0,1000
0.9066612830819357,0.8280548306838287,0.15591508901190299,0.1148226785567301,0.02067803041611506,0.03788501726743593,0,1000
1.0647759534898793,0.7980336600365402,0.06323162384402649,0.11563916957999919,0.020706582718733595,0.03997175170361134,0,1000
0.7931967873546647,0.8397900816903617,0.12029306157622123,0.10181901838822414,0.019354376755015754,0.037649235770024644,0,1000
1.1570688908660245,0.7577769128798966,0.08544050515281759,0.11700602289302388,0.02305296637555096,0.0408486701123204,0,1000
1.0774043529974109,0.7553196233933767,0.09258375069772828,0.11133241320061354,0.023452808051648847,0.04153072501310599,0,1000
0.8587941367461939,0.8328775623794814,0.20248663257698754,0.11468126035634575,0.020946904691745434,0.03673225588205638,0,1000
1.0588078991625511,0.791306080220726,0.01657213868773338,0.11392486134633029,0.0208063345588248,0.041201416737432016,0,1000
0.9779981164574036,0.8173532049127498,0.11410516849949848,0.1151979570565995,0.020551900931670256,0.03959718326503877,0,1000
1.0996157993997104,0.8023918140079277,0.05734253078159163,0.12631157641032956,0.021151482529083856,0.03817637768348672,0,1000
1.1435684475724983,0.7645312839631515,0.09379774832379387,0.11825652146639888,0.022983058965884467,0.040638674599880346,0,1000
1.0477995870712364,0.8158655007742155,0.07117843070194571,0.11950325988455426,0.020074960200055333,0.0408216027061309,0,1000
0.96220787963374,0.7668912226683108,0.10483229139895361,0.10723541233844763,0.023543233798401304,0.0410506479829883,0,1000
0.8677551555797187,0.7998935952170233,0.12590114364401012,0.10218911065353486,0.0220794716725791,0.04302849956126221,0,1000
1.1235487647865836,0.7830957991587316,0.0794998702950325,0.12076486498125351,0.021941776562425633,0.04033366004390182,0,1000
1.0421816124240009,0.8182832315163145,0.16748211349850872,0.12284866500194831,0.021097151067922773,0.03803740945310474,0,1000
0.963518011522546,0.8164604352515119,0.09133031375515166,0.11426048863097464,0.02049127425334371,0.04169296030603912,0,1000
0.9744904215342105,0.781420525440144,0.09333373600112384,0.10373821955433403,0.02217373030295355,0.042010593496297446,0,1000
1.1444841785911128,0.7689096274250209,0.052676050117419285,0.11672860300676281,0.022150047632303577,0.03928440134658076,0,1000
0.8228984223558293,0.7890956398188126,0.0737038860699788,0.0978895172720632,0.02242584585874908,0.04310813320552924,0,1000
0.90314562193011,0.8197308608795054,0.09605058967365368,0.1052095722997422,0.02005768842687282,0.037444589184904224,0,1000
1.2150991407855931,0.7767114368674094,0.04382181498806701,0.12813446290276667,0.02186987819916118,0.041758937382837535,0,1000
1.0643060737415964,0.8172266077454943,0.05234256127638454,0.12366638498137723,0.019761748221930314,0.0347892786529596,0,1000
1.2403114644161457,0.7538685496392652,0.0792807583114406,0.12469263261970019,0.02337961344615276,0.04291320012356048,0,1000
0.844493902540035,0.8273643972245338,0.11644307099843505,0.1041580482925435,0.020044949652662868,0.03808019854388375,0,1000
0.7356884144514741,0.8452871179501289,0.1566425159441953,0.099905366361942,0.01961687407164844,0.03780246655451591,0,1000
1.0784981229894308,0.7800959207708434,0.13213183476493065,0.11368529908209357,0.022498579737921097,0.03667852683485402,0,1000
1.1735299391216085,0.7899546149427046,0.034555190582570776,0.12345866709371697,0.02090248808138993,0.039059389160773006,0,1000
0.947907121445554,0.8287324519525683,0.14155974620565287,0.11510690207874374,0.020216112630042395,0.039269614050327556,0,1000
0.8619718893749583,0.8459011547534294,0.12248059251407926,0.11084086994605967,0.01892977867285284,0.03648024058286888,0,1000
1.268404043410038,0.7695298418206584,0.021696990221861556,0.12869616636469863,0.02183603019073111,0.040627487532516784,0,1000
1.2108572889963165,0.7417943094240159,0.08506587927303426,0.11767701990566433,0.023917759831454218,0.04358741354063532,0,1000
1.1067231780532383,0.7973475086856616,0.029973969825964515,0.11716266485819024,0.020507668880584314,0.040996371412588,0,1000
0.929303140742547,0.8109801837539565,0.05232550623457084,0.10729412210852826,0.020462220372484186,0.04119928757321329,0,1000
0.7976562685545606,0.8292928502200462,0.12788905963823893,0.09934679758544196,0.020076846118314128,0.03891375038931656,0,1000
1.1459336541900877,0.7603014367078796,0.08673189416649486,0.1186746338620792,0.02314415560385236,0.04047809636414281,0,1000
1.1545675170028211,0.7455949220260675,3.919923065978155e-9,0.10358310101247906,0.021103364532273648,NA,0,1000
0.9805181961293538,0.7917184451330327,0.1538337265977325,0.11059321101619679,0.02241895099422427,0.039457844623932,0,1000
1.0391512556863296,0.7951457324199847,0.08878637205176346,0.1155913401073,0.021380162673570548,0.039147799557830286,0,1000
1.0093006877382276,0.8069338233510066,0.13411409958753112,0.11703829498607726,0.021313287606815078,0.03879338653603298,0,1000
0.9751640742816912,0.7757753705953331,0.13311725104423622,0.11268769656057616,0.02359755521973858,0.041622301345525,0,1000
1.0635269092625776,0.7789732436121881,0.06406001439866559,0.11164064657965793,0.021888638093037857,0.040051614664127,0,1000
1.0014817773530824,0.7982895728057653,0.08129166431378054,0.10847088643620321,0.020907482628950428,0.03724809969118832,0,1000
0.9004114839100315,0.8053638867840023,0.15462099194203444,0.1084706472023342,0.021891148583731184,0.03987791678127942,0,1000
1.04238534827679,0.7760576443720779,0.08533524149198414,0.11284816445400317,0.02248823190258863,0.04109064519999403,0,1000
0.9676550119405407,0.8118436416032873,0.15288240827830357,0.11751545545468932,0.021571472639032266,0.04097943539093442,0,1000
1.0705364969387914,0.7909524481438965,0.16105511860622815,0.12229324565740433,0.022789115261564467,0.041950245082242495,0,1000
1.1417514805064708,0.7834136327500568,0.02245578084947119,0.11805566445778064,0.02106447468062923,0.039324398747322215,0,1000
1.0539955061039044,0.7767417511702602,0.10324398855192775,0.11580466896633969,0.0228458869436519,0.04564524024383548,0,1000
1.0770709334063269,0.782509853568321,0.06926599773172101,0.11597696614236958,0.02183182794543377,0.0388026845364556,0,1000
1.169182981759246,0.7956372341982972,0.11451986116452598,0.1269400878785876,0.021687992972163776,0.04087087288764658,0,1000
1.0990154809092172,0.7718830314777662,0.04536199222348084,0.11142998665778467,0.021855738417333705,0.03937021251630522,0,1000
1.13577093830692,0.7550373868295323,0.1236218847769125,0.117134102748986,0.02383186173016417,0.04045028244454409,0,1000
1.1892995283828003,0.7793416845953228,0.06053394217140302,0.1301757800975622,0.022111554593081156,0.04080378066970897,0,1000
0.7362599879814682,0.8575253732052016,0.08477292398301718,0.10183987164616719,0.018211791264212292,0.039406371489925374,0,1000
1.119321499320518,0.7963426378047285,0.027495028578079377,0.11809345223016773,0.020420176597222187,0.037986884617527104,0,1000
1.018856809485955,0.8124744982718882,0.05935487891996394,0.11467485984444041,0.019928380194641725,0.03954399954777106,0,1000
1.0761420339757894,0.8077690408209677,0.04096825420396892,0.12000293350385627,0.02019741849660402,0.039864299508250475,0,1000
0.9981839247419311,0.8140014163343601,0.05633848367313627,0.114507960656586,0.019993026343731256,0.038067614602491785,0,1000
0.8884372060450421,0.8136233120858901,0.11126300849028904,0.10732331118638289,0.02098481650143705,0.041016179705767285,0,1000
1.0112612368551417,0.7956541300085617,0.17722345760914876,0.11924905040885403,0.022929683544384762,0.042675112458823855,0,1000
1.1014027275201723,0.7636360016412324,0.10429120885858255,0.12104839413087783,0.02375630602841917,0.04432776658004684,0,1000
1.2818610990941701,0.7394638261260799,0.13035347928616492,0.13196400708264117,0.025211267796648767,0.04673229536874522,0,1000
0.9891849525588805,0.8223179882029639,0.11581214560483769,0.12020682462724669,0.02066905521129884,0.03957888035147954,0,1000
0.8087650408855083,0.8285273270690993,0.1257780334360199,0.1000519663248085,0.02006075346961968,0.03697309467200385,0,1000
0.8862044597949652,0.8364591021430726,0.13320713940804285,0.11301965509551887,0.019842485218479967,0.04041482399156605,0,1000
0.9197129625269469,0.8178022422339344,0.05800423583881368,0.10647244292768497,0.019839737794399508,0.03905777471414403,0,1000
0.8878774375719956,0.8228250337832795,0.1557030032494733,0.11029200508122679,0.020787897782190746,0.03708771064635619,0,1000
0.930456964252518,0.8325599775301598,0.07372812864141448,0.11758396766777891,0.019583437742382272,0.04122599559979288,0,1000
0.9534275729595958,0.835255636750534,0.1375784445120867,0.11778300814310952,0.019785230697139437,0.03894813628014192,0,1000
0.8712645621508518,0.8168501141062788,0.12387221721337098,0.11153034313260782,0.021325422759767024,0.04020241988587153,0,1000
0.9852381700628462,0.7978856102527129,0.08218181337197013,0.10979172747151515,0.021100035857626764,0.03735369202071397,0,1000
0.858584224906256,0.8091660699260856,0.10501807530778472,0.10221326799158284,0.021050564534811758,0.038727162331187545,0,1000
1.050135914771374,0.7820962713993199,0.10150489057442566,0.11396506562957218,0.022506122649289095,0.041086822542168853,0,1000
1.1091977905812578,0.774212554515616,0.12740628987449198,0.11750400026384746,0.022999802770777733,0.040203446373083145,0,1000
1.170953104298027,0.7591728854289209,0.049620121399767785,0.11992024054574678,0.02280221867328765,0.04070544688780756,0,1000
0.9038428576511222,0.8104355971408148,0.1323310283672382,0.10729103549935462,0.02119749091370768,0.03866598935840528,0,1000
1.373457480388613,0.7477201199236782,0.05514731463117401,0.13350168851523245,0.023119488320054588,0.040816417719236976,0,1000
0.9610026974444671,0.7882914864107479,0.07752757131565545,0.10304021763867884,0.021545884592982165,0.03953525881706219,0,1000
1.0715199637577524,0.7707301513621546,0.0734582330820281,0.11061078332035516,0.022428520441060744,0.041872770967596694,0,1000
1.005178811057817,0.8237957318358855,0.048525012922168743,0.11649219498354835,0.01942737063300485,0.039455082398952845,0,1000
1.1834498980592356,0.7742047828179005,0.060511227740642035,0.11997461404038552,0.02206352597948247,0.040879230300581895,0,1000
1.134560123618245,0.725312213317426,0.06614769227458603,0.10692429540942583,0.024490714947539124,0.04500455524932915,0,1000
0.7828859294498766,0.822175933223791,0.13703838700795853,0.10289323059456522,0.02124151993577977,0.039691499222905186,0,1000
1.201234316529865,0.7915285369075099,0.07995692999837097,0.13408025610659433,0.02167005676839567,0.041453355988921234,0,1000
1.150803813260541,0.7578555505332668,0.05561167141733455,0.11913029470948129,0.022973854516868484,0.040789342990301264,0,1000
0.8951720678326339,0.8285800696409333,0.06752652658455577,0.11055462384394679,0.019723922286810178,0.041748824323376156,0,1000
0.9617868474555988,0.8112623147673617,0.06648774245773537,0.11246256876480212,0.02053289879287888,0.04099286568297347,0,1000
1.2499296084394447,0.7393590046520597,0.07063412762458732,0.12544426368739253,0.02426411041247039,0.046126307029043155,0,1000
0.9092874063710317,0.8102179446816498,0.12541999093224124,0.11163007640662787,0.02145130579144545,0.03951029900755507,0,1000
1.1471957731755564,0.7423712760263723,0.15990220342373493,0.12099236196220158,0.02526087597938517,0.04079228756482246,0,1000
1.097085070658707,0.7784133785728979,0.07702330984080201,0.11607238536152177,0.022129573636481922,0.04138550340281388,0,1000
0.9358101579729805,0.7896972552034642,0.18324942851309728,0.10744829652746188,0.02314673990487586,0.04184012872042796,0,1000
0.8548540590119502,0.8204336164080788,0.07877770929706414,0.10451783373972845,0.020249219638972485,0.0404294099069378,0,1000
0.7402896767966612,0.8467401842407365,0.13056999452926638,0.09698863714596773,0.01901310888570577,0.037031447225220955,0,1000
0.8584721728162111,0.8130745713582872,0.13202011396165503,0.10593850589227793,0.02153758513132099,0.03747587511595596,0,1000
1.039204797567215,0.7904372742244216,0.06091296600415783,0.11306567304217448,0.021412528578856428,0.04133108185561034,0,1000
1.1038655132409863,0.7979931708264579,0.08155711571024744,0.11925340889286251,0.020995723360895554,0.03791784813869987,0,1000
1.0393299890958891,0.7912951864915988,0.04674498901984486,0.11406165009923445,0.021178885677086617,0.03927288219664986,0,1000
1.22240966997701,0.7626772106507888,2.5531110392708463e-5,0.11672612102045313,0.020659043206250685,0.0035863217186594015,0,1000
0.8997192842079318,0.8126790322293281,0.10933434989996826,0.10897726466863594,0.021155281597716902,0.044341098515183135,0,1000
1.1317268433617405,0.7835043207287158,0.12073046066375068,0.12304148827720979,0.0225008651746949,0.041799698983785015,0,1000
1.0883581654963859,0.8055572651414624,0.06378620141907176,0.11926637987684711,0.020486887567803473,0.0392318406431538,0,1000
1.0106951559533177,0.7964887814484463,0.06811253807491228,0.11166350957565187,0.02096307073066265,0.03773414840549802,0,1000
1.0749969808707418,0.792491550978208,0.06510839564744952,0.11370263092006867,0.021258311562401603,0.04294386621800804,0,1000
0.9376344110173901,0.8146258839024897,0.14860353352770417,0.11400022691669542,0.021399827691750133,0.0407107584560297,0,1000
0.959352541443557,0.8171472777109914,0.11837449286839787,0.11511438966283712,0.020625897863311777,0.037301142590323334,0,1000
1.0044943564162903,0.7693952569337549,0.14905230067529623,0.11433383591001302,0.024160827386200737,0.04312692327870256,0,1000
0.8535053192590819,0.8202214055556537,0.11899606413298999,0.10370823427100417,0.020606172792904,0.04069322942861718,0,1000
1.0538936570873834,0.7710725332427197,0.088764844895144,0.10980279909459643,0.022482005256339747,0.038936275374188374,0,1000
1.1591401591886181,0.7037905888848945,0.10923895378748527,0.10960973181505414,0.0261280340755459,0.043158997129378956,0,1000
0.8924175549089858,0.8163368745077992,0.07997821119409639,0.1037255849977177,0.02015928672500669,0.03883509798658555,0,1000
1.2036160332635941,0.7587418886389443,0.12021540341851433,0.12486003640779876,0.023781534738979565,0.04322447015904144,0,1000
1.0474696944840554,0.7819183492132223,0.09842984920343967,0.11363506752155456,0.022186570698512598,0.03892051799126196,0,1000
0.7944895127888996,0.8075272916831066,0.1999831940972103,0.10089694003781889,0.022609649803198947,0.036825222735964794,0,1000
1.4010715875667397,0.7435119019406694,0.10320484640513658,0.141860302424147,0.024303861206787073,0.04276143064494564,0,1000
0.8926403147216453,0.8043452597581335,0.18801063373247628,0.10904059904024134,0.022425195326172508,0.03914637783465054,0,1000
0.9397945482520178,0.8130795049346594,0.06651910158708513,0.10777819920121139,0.02015795428343357,0.03731687181761437,0,1000
1.2109306507821553,0.7625346191617324,0.0508145286404949,0.12323314679851168,0.02260348186734999,0.04118071093932486,0,1000
1.0118852581722613,0.7822713364324215,0.08432901163325161,0.111647009538277,0.02222516221688053,0.04069364734950622,0,1000
0.9323759553481202,0.8318386388284892,0.06284866063737965,0.11279585913355916,0.019191966501901924,0.0377099545898673,0,1000
1.045535741477477,0.781822205151194,0.09362824292687696,0.11102250134037449,0.021971256962060624,0.03856490044751972,0,1000
0.9911757523680294,0.7944059029395113,0.06729553590945293,0.11195524958862338,0.021349683106138384,0.03844370902988441,0,1000
0.8551459137034103,0.8067853019666499,0.11943513124797384,0.10123597470564723,0.021392228040302764,0.04068184829865984,0,1000
1.1543612283138978,0.8173493574035346,0.07157086087848444,0.13053071331007365,0.019858512840799546,0.03761296044076795,0,1000
0.9921912177403078,0.8197040087926517,0.038894058253132774,0.11396543794349459,0.019340574567113637,0.04034468552153143,0,1000
1.0852200941940224,0.7762947709341192,0.11776989498399106,0.12261824308305778,0.023366686463548968,0.044940594304885485,0,1000
0.9352397970242156,0.825559176766533,0.0733780629599711,0.11218781642861714,0.01970544141674709,0.03928004368759727,0,1000
0.8187467656919106,0.8405809910716969,0.13250506141355617,0.10541654266165329,0.01946254843891729,0.03796823905855897,0,1000
1.0350902975570808,0.7875890318182419,0.03700150860995374,0.11400758633427256,0.02136059063230724,0.03937344888599788,0,1000
0.9869855902005122,0.7964455141798612,0.17767211706236494,0.11255012841186857,0.021954695859352405,0.040541931106841254,0,1000
0.7596606443993295,0.8501699494797852,0.16227685615600704,0.103720745635969,0.019301669774168233,0.03720907245511758,0,1000
1.1495750132905558,0.792766263666249,0.08194505770929228,0.12298309544344375,0.021282904212709907,0.03888259101556072,0,1000
1.1244964897586993,0.7786449829361546,0.095417577519286,0.11425120910455112,0.022383947607745893,0.04073986494987428,0,1000
1.3152458056045204,0.7116723335917597,7.738600960229335e-6,0.11191285280521064,0.022370996541112853,0.0023404890888086183,0,1000
0.930946056817146,0.8295388509367696,0.007818432706258234,0.11429663268882653,0.018989862183646098,0.038197723551616665,0,1000
0.8808677399163352,0.8253834019535893,0.15296174848062288,0.10841056422846018,0.02051037502218958,0.037213803722032104,0,1000
1.0123960104137804,0.7906084647897429,0.06591768185907082,0.11284143624335309,0.021518182846652405,0.03880549520268855,0,1000
1.3591097474907818,0.7144785952331429,1.1690789752981808e-6,0.11616618231232355,0.022188396345386687,3.004216498997798e-4,0,1000
1.0387096537644869,0.7964361370742845,0.07155745159397259,0.11484236395914611,0.021258443278761915,0.040558299276847926,0,1000
0.9180905374285951,0.8053077641709765,0.19415506261485163,0.11295291237772363,0.022654718611000033,0.04158863033169547,0,1000
0.9078010937794695,0.7898131778433867,0.15701588238538947,0.10378147414468336,0.02259083501302773,0.039438681271417246,0,1000
1.0062529950579033,0.8074579673964228,0.04644205680809314,0.11738177628317673,0.020608124711034896,0.04117649183026484,0,1000
0.9165430300337623,0.801660214869407,0.14736834037301857,0.11326500524161678,0.022546087592679585,0.04424263431419036,0,1000
1.2087375012629058,0.7670639458828167,0.07347434699006322,0.12130552646959072,0.022463404516411774,0.040526711447772826,0,1000
1.1949886610026277,0.770181160804633,0.04842383049490146,0.12157501966419382,0.02211972671994846,0.04228311455932686,0,1000
1.179685737115336,0.7791434837701573,0.038090066246014034,0.11919096199903562,0.021428954753341722,0.04080122148181432,0,1000
0.8153967231459297,0.8453046744472258,0.1287968041060389,0.10414566698101307,0.01901396886592539,0.036726907465796814,0,1000
0.7463288514964784,0.8294259941306159,0.13312804928168606,0.09234682935327446,0.02005569148658149,0.03719494470448887,0,1000
0.79073531028264,0.8283711787015205,0.11170345297845763,0.10045866928821251,0.020250928065246074,0.04214371276565262,0,1000
1.1134401328170784,0.7742505594460735,0.14981192617359676,0.12151715347771105,0.02340140110952236,0.04079942765641259,0,1000
1.030404139344552,0.7828194910249537,0.06536646787428381,0.11308697947850704,0.021955838181737648,0.04043546377310225,0,1000
1.0574697366794812,0.7802836907310257,0.08087313100394104,0.11314278262978747,0.022217636951623192,0.04056787827328302,0,1000
1.1164128692702178,0.7999357196386663,0.1419767078449502,0.12475048522488325,0.021682255268656168,0.040694186626893836,0,1000
1.047299105792876,0.783140323299012,0.10943766679673521,0.11377166693234196,0.022236941396445994,0.039189533818374575,0,1000
1.0699929298426951,0.8046709401763458,0.13364833079949298,0.12225872901070023,0.021408423307055467,0.03891373367759688,0,1000
1.0808224534077338,0.7819270474024965,0.13728962058463678,0.11839983435138034,0.022713805797054377,0.040081755918373235,0,1000
1.0750813396553303,0.79555415864549,0.050831797886427325,0.11838353139982843,0.021107016685874034,0.04318625409165606,0,1000
0.8997584494509522,0.8194487459667251,0.10418675244563218,0.1051452130314666,0.0199230271102739,0.03672605497954433,0,1000
0.8987604766830121,0.8016450259188449,0.12676480538347584,0.1047462498977042,0.021585387627934705,0.03796930358197938,0,1000
1.0621495700309893,0.7721724904883609,0.1320872364757949,0.11977109597592893,0.023756443393554857,0.04422162492735811,0,1000
1.033833626630842,0.792933182322637,0.14022164091136413,0.11785065393734379,0.02235908384196001,0.04153917159835094,0,1000
0.9047846815192515,0.808532913449029,0.14166762547359157,0.10664104351865197,0.021306423513935743,0.03991912702295606,0,1000
1.2703906655862498,0.7794006009037183,0.021604813204835364,0.1299503243045185,0.021476816593406355,0.04311468961271641,0,1000
1.2801915782672095,0.7716615117008543,6.739907712660017e-7,0.12054988601045655,0.020117615865313063,3.1925339387715125e-4,0,1000
1.1609718600725982,0.7799578180956305,0.12125734406641242,0.12553399796707435,0.023030835492136265,0.038974245674549365,0,1000
0.9553234734784198,0.8209799450124383,0.091538575609594,0.11175178049351159,0.020002237521689305,0.03925324496734714,0,1000
1.0548197616846213,0.7434583541629837,0.09270067353253408,0.10800087245979724,0.024345785384421816,0.04478737370614551,0,1000
1.2922113735402105,0.7326600691823276,0.08070945064422906,0.12778549946074352,0.024805649567624318,0.04823087807191021,0,1000
1.1957011025822109,0.7729465566872686,0.13042361580527573,0.13218652802637915,0.02347750304825369,0.04329447916150203,0,1000
1.0173851525945765,0.7965656608925666,0.14478248747203493,0.11798802393687542,0.02219846060173367,0.039741491009684535,0,1000
0.984303094377795,0.7681805444986706,0.12272958937031274,0.10368273807886833,0.02322238249709314,0.04175212624650272,0,1000
1.1196131014810622,0.7746797382049889,0.09326337473294587,0.11465855495697225,0.022516814535827167,0.042438276169182096,0,1000
0.9969431054803011,0.8053685908334147,0.06459959599974534,0.1129484935411015,0.020963404265180598,0.0394693739066502,0,1000
0.9473660149214895,0.7967921826003483,0.18646247943439426,0.1143855727797754,0.022964752175985904,0.04079912750825241,0,1000
0.9166838545032677,0.8269964286714055,0.03598837868369029,0.1058600137262514,0.018979760830685637,0.03717645300341943,0,1000
0.9891850552065865,0.8003605707162733,0.11179073690610893,0.11357589546760723,0.02161220461260802,0.041815378983574035,0,1000
1.3468684017280628,0.740813477310932,0.03636844955121944,0.12407474776972244,0.02308349327333582,0.04145104896031156,0,1000
0.9813323729973455,0.8059168224955775,0.052422829155498264,0.10824730693064688,0.020329473016879276,0.03917303172778749,0,1000
1.1334116687468123,0.7596618763311845,0.043975435101139264,0.11851259051671696,0.022937955355161344,0.04499267184741604,0,1000
1.0973523483069456,0.7789411628658345,0.06463182147643573,0.11964817998969181,0.022042321072368004,0.03880128127236269,0,1000
1.2482287159770145,0.7770586210638599,0.0012732014509921534,0.12294190402913688,0.020918840825813856,0.03757553768934413,0,1000
1.0407948206173805,0.7967635240539038,0.113543321693075,0.11653143133384514,0.021499443526818762,0.03997900894197545,0,1000
1.0648017384133481,0.770661088538262,0.08271731018756226,0.11521814431312373,0.022778396802236173,0.04032261722740505,0,1000
1.0996818220700393,0.7829689735612673,0.14124979669377993,0.12296860153317496,0.02289178365252661,0.0401718648367632,0,1000
1.1963863580621852,0.7272288038557062,0.053051878167111086,0.11223043481484057,0.02417453353016194,0.044591455452758694,0,1000
1.0093166545255081,0.7935745599298275,0.061514585647243256,0.11391975099464262,0.021559563304894478,0.04433108191486818,0,1000
0.8340873649337167,0.8294816263224137,0.14558698338477027,0.10556296752168012,0.020283421596085073,0.037327295332713645,0,1000
1.0491393597945047,0.7937415277935445,0.11931309179761333,0.12004841028967618,0.022113172205474423,0.04157119806861151,0,1000
1.0190197540994361,0.8265913433372467,0.08660748946991251,0.11696830735051766,0.01967391807423213,0.039643286666779645,0,1000
1.039981725076632,0.8043448057737831,0.038488529633819574,0.11589594188338866,0.0204411540529425,0.04154655777849835,0,1000
0.9438405060154269,0.824085514808955,0.16235149846578548,0.11694863693268082,0.020869383531343728,0.039867690147910556,0,1000
0.8859769246301091,0.8267703998438363,0.08858428531488242,0.11160541129946677,0.020114559462455106,0.04043977455792588,0,1000
0.9117218765304912,0.8180000668879828,0.11354205094285016,0.10887514663532104,0.020602012598839772,0.04006685360138188,0,1000
1.0851993017395263,0.7961537997851108,0.13713885254805702,0.12102076179169968,0.021887676746016334,0.03759041880455787,0,1000
1.0596331006372937,0.8009951792414118,0.12962159304580176,0.12087989316544633,0.02167179240420595,0.04023578910983938,0,1000
0.8064611690404541,0.856633356321877,0.10456712373656708,0.10900867257756791,0.018261088434880657,0.03958128052190639,0,1000
0.9542953618885676,0.8121152060288267,0.04690496009052118,0.10889406505337067,0.020021425769268617,0.03839763783091043,0,1000
1.0343769296627787,0.8128953970483608,0.10373001245859151,0.1181572767970781,0.020463724630946853,0.0372707239995465,0,1000
0.9052828919590767,0.8275444862369233,0.1129446349347188,0.11337624321256709,0.020232420021437318,0.041055076390224016,0,1000
1.0895486470148061,0.7586857513782047,0.08041880459938877,0.11122112933014487,0.0230712200946597,0.04103783578632788,0,1000
1.188776151170191,0.731279993138757,0.11246281717072198,0.12130157435520211,0.025367375432775882,0.04655953438038557,0,1000
0.8494798563986796,0.8304513754689634,0.08786967022877909,0.10683290860827782,0.020296419623455346,0.0370547567889075,0,1000
1.0270711650444038,0.7866922244762334,0.07354014447620813,0.11259263538196417,0.021896956283184436,0.0435259852468822,0,1000
1.059602991795648,0.7928858909471802,0.10887942073554535,0.12208622708727553,0.02191968535779377,0.035657606732235565,0,1000
1.0451014643619532,0.7734341164615931,0.1629880485347212,0.11513543607023427,0.02364105825600438,0.04110542372434428,0,1000
0.8747062958932119,0.7898732743503679,0.07448994495783305,0.09734541990030476,0.021534862765579484,0.037549896399372146,0,1000
0.9806285970510917,0.7948691675788424,0.1188337269720227,0.110788595311085,0.02184585983535731,0.039551121611076996,0,1000
0.9266790670405642,0.7992432675010634,0.11900281645540856,0.10851444288162564,0.021899374299391254,0.041787750274797565,0,1000
1.1086587937335366,0.7690320682666929,0.15712086131389053,0.12172753533452549,0.023898166018053023,0.0418774685169265,0,1000
0.8899478951721073,0.7951584576394051,0.054211809607385066,0.10162230241034742,0.021490653299112893,0.04439933426732349,0,1000
0.9116709159644003,0.8009317097097042,0.13455079440036585,0.10486971754347002,0.02173828448816009,0.04003870360888877,0,1000
0.8986766670517277,0.7897300323499081,0.12822078957170452,0.10230048760664036,0.022061078465666673,0.039958457981725,0,1000
1.3690916950181098,0.7515395366386539,0.1162196969368887,0.1404758608792886,0.024319083243571054,0.04431831897038176,0,1000
1.1066440712422971,0.7993610357364284,0.060280451025661284,0.11889174532147231,0.020847811261975466,0.03874705566685627,0,1000
0.9255997178496788,0.807393210814857,0.06584791774105236,0.10461838561172822,0.02048669943290852,0.039439169924860455,0,1000
0.7533536912531652,0.8429260050299238,0.08886444842377672,0.0979257042269466,0.019043967985092974,0.04031998906466482,0,1000
0.8825125767749442,0.8301650237897402,0.0918029615290802,0.1080607642702357,0.01958791986909797,0.03905850953087352,0,1000
0.942204105619566,0.7978845124034543,0.11596842443848412,0.11096826171640697,0.02195429877290726,0.041284531649939976,0,1000
1.02753470718276,0.7906572252573771,0.11621195685443404,0.11748579550494687,0.02229675476820084,0.04107773348263773,0,1000
0.8211297907469667,0.8529251558676194,0.13156485165869253,0.10710121218896777,0.01851167612286656,0.03749599995759317,0,1000
1.1638294938718616,0.7840819066264477,0.03936580553866061,0.12242342129716133,0.02137238334341328,0.040650199435231536,0,1000
0.7678559687546136,0.8471407276553233,0.16915365042571745,0.1050059154928761,0.019649293591471613,0.03832908900164157,0,1000
0.9086601862943271,0.8075649944485626,0.019747665580573198,0.10068790522685139,0.019910522711330588,0.04012712471046191,0,1000
1.0043812891249246,0.8138211846999716,0.1595958358722783,0.11758586502032826,0.02122709853807196,0.03721517977509641,0,1000
1.1494491781522733,0.7805379936162476,0.09737463861864387,0.1308608964531402,0.022832429034236358,0.04180059960853566,0,1000
0.9242791603114128,0.8124060886724681,0.11916593668007473,0.11026355596476632,0.021046856548163878,0.04132122684305881,0,1000
0.9173492943302484,0.8258655722673635,0.1641227212671627,0.1181382632223259,0.02095867218461987,0.038068384572258175,0,1000
1.185763242854561,0.755175833806169,0.1580492469433633,0.1259080575028334,0.0245365829232554,0.04087272471086221,0,1000
0.9962475745616017,0.8247240412126471,0.07798151657112773,0.11829416639473576,0.019684177025763725,0.037933021419927965,0,1000
1.046460860705984,0.7629060477403493,0.023747547023250343,0.10848581466713474,0.02266594786243557,0.045685071179481125,0,1000
1.3217673942533545,0.7571201232152409,0.09843313787968407,0.13491139708777405,0.023446797110038303,0.041732745605020306,0,1000
1.0548704614643998,0.7798977684151829,0.11793543926538702,0.1141939051942439,0.022500792860549155,0.03890396144744068,0,1000
0.7552666913039272,0.8346675449041543,0.15770658117125338,0.10348781304633398,0.020643414762775862,0.03800537076311231,0,1000
0.8635728652153595,0.822174135319595,0.0735686438097466,0.10472492016558552,0.020008391070493712,0.04042518756700962,0,1000
1.2819635869324333,0.7514500292960024,0.01452304476726423,0.1272055688417826,0.02282682969474777,0.04416922445990816,0,1000
1.0360941377552988,0.7717255780767168,0.16907426273673284,0.11741746902906726,0.024406236989405746,0.04788701333672167,0,1000
1.113058302667827,0.7746332142028862,0.14672244932408718,0.12328563192486658,0.023435882681079646,0.04056994243385428,0,1000
1.0996424788192134,0.7927240978519138,0.08728228705094118,0.12135594334586804,0.021496287223137935,0.03911362032707499,0,1000
0.9358744249937836,0.8125225866584364,0.17590198787939593,0.11080518209293833,0.021760644160597007,0.0422172370600724,0,1000
0.8341429734743723,0.8160691556979991,0.10541435506012334,0.09865020705790109,0.020466032403937875,0.036508943419440026,0,1000
1.1203545876116676,0.7716117995618665,0.11383173027938531,0.12448500072056609,0.02334685170644666,0.04174245543165918,0,1000
0.8761988278387871,0.8208956623436041,0.14312811038834997,0.10802785981337436,0.0207964327564966,0.03875690980283975,0,1000
0.8613344308676086,0.8358587485023844,0.03143072113085481,0.10329466544468036,0.018495057122987046,0.03665513925096906,0,1000
0.8300597795094766,0.8247708660128364,0.14105331787315709,0.10801462172874078,0.021219697415818358,0.03878262987032527,0,1000
0.882081560021229,0.8421551883162679,0.16926552935699424,0.11687521497779506,0.019809844857282433,0.03782508807384198,0,1000
1.2747326255070883,0.7485993913362086,0.057145494525735835,0.12383101648546105,0.023153934567740262,0.04197435013811487,0,1000
1.0874956598425494,0.7902488268847702,0.07527280102659813,0.11605556340098382,0.02150217496237352,0.03811394818489828,0,1000
1.0352776864305704,0.7882996159846148,0.1386790458867369,0.12096202997965116,0.02292815080981683,0.04268908702823668,0,1000
0.9807700522653167,0.7880064781254527,0.12614058361881433,0.11429972948679683,0.022610723824822116,0.03944576047297682,0,1000
0.9843999012254128,0.7934695390918703,0.13125265955360568,0.1090737442885689,0.021973358197614663,0.039009679964776195,0,1000
0.9907473814212266,0.7869459173195278,0.1700519464128236,0.1117681361126044,0.022905559226936552,0.03858777518614374,0,1000
1.0531851377384143,0.7919960357775653,0.10831489198209052,0.11649614253601603,0.021866319732879017,0.03945194346176124,0,1000
0.8317080067813759,0.8181150692051479,0.15155853735022753,0.10331870022670908,0.021239212795651767,0.0407122914642945,0,1000
0.8977224493762799,0.8195956673089092,0.08239633711714162,0.10881225199936875,0.020188243104745377,0.03766242741925307,0,1000
0.8729600271030787,0.8263758583438674,0.08742000601240542,0.10432804715908385,0.019704292070689182,0.03940004791696299,0,1000
1.3039219375733868,0.7419535612274593,0.14067190373918406,0.13199248834856167,0.02477832202473948,0.041889166159477076,0,1000
0.9083461118096038,0.7852374008697945,0.05914044639956025,0.09668821225526344,0.021621216758222074,0.04232816662960507,0,1000
1.1928867039893503,0.7600309951887491,0.1082033721635075,0.12852023530509193,0.023727372683541772,0.04035862202026363,0,1000
1.257490203071728,0.7923436668009148,0.09634907314850213,0.13271274397902438,0.021204500979443677,0.0372662196276081,0,1000
0.8565418120923807,0.8535023396015053,0.06124812754045986,0.10584843109956184,0.017624683147619332,0.03540430520428075,0,1000
0.9768074349248127,0.8208153945567849,0.09145544414638847,0.11280232134562063,0.020087891882055318,0.04014520269439102,0,1000
1.0532366529593993,0.7940499544033022,0.09032625168256755,0.11706493843496314,0.02153656173851357,0.03997910817033007,0,1000
1.1203408597463183,0.764432259381812,0.09414512308189367,0.12309149632008977,0.023654553006151015,0.04327477137002182,0,1000
1.094872531830847,0.7721138481427937,0.06929539573234982,0.1162283658225189,0.022344589084419667,0.039056243453521,0,1000
0.9593854631972115,0.8086320920494957,0.12297665574215304,0.11569465688832535,0.02140846828220451,0.04066681067328261,0,1000
0.9860158376921834,0.7983208157914424,0.1118959301934196,0.11248994689854974,0.021731976616767533,0.04220320861777408,0,1000
0.882382318459192,0.7900793627509575,0.058570084268171334,0.09721253180487092,0.021400908483217664,0.03994995673625703,0,1000
0.9473878555301034,0.8095408794538012,0.07283357003977287,0.10968852620130869,0.02059851425398081,0.03953201701888043,0,1000
1.0104569796927165,0.7965482728200873,0.14112329448579625,0.11423596995191476,0.022046771608791562,0.040534568937521574,0,1000
1.0129922786041077,0.8150299829357895,0.10022673940318154,0.11524557850070746,0.02052819903019773,0.04126973783026704,0,1000
1.1017628565429172,0.8067199355842324,0.11694540868054883,0.12644400855814036,0.02124573222040714,0.04061956463159151,0,1000
1.0534195411410614,0.7923266002607352,0.19035927425183902,0.11928734453684858,0.02276235928311154,0.04060520169574391,0,1000
0.9646089142593609,0.8049454296026548,0.058947025591550566,0.10705731373426577,0.02042838897251641,0.0386504963187114,0,1000
1.1811037877240789,0.7587517024121344,0.07348159279391883,0.12163783396453115,0.023340091455526634,0.044731912042535196,0,1000
1.049551266102686,0.8103740674668852,0.14346538145254858,0.12296459585297433,0.021293085468636713,0.04009189414433863,0,1000
1.1346616085875585,0.7406528680357524,0.11449034154437641,0.11641534495733885,0.024913503246523104,0.04608843189428174,0,1000
0.729161576387731,0.8634662111222703,0.07864346311469167,0.09840399566860351,0.017520847761430727,0.0409610207161958,0,1000
0.9601103638002488,0.8488127621159876,0.10624292791775729,0.11919436154706961,0.018536502148845297,0.03793297834919659,0,1000
1.1341549926209238,0.789764242151276,0.08439794221426968,0.11788371673392782,0.02132681215814198,0.037131337379951425,0,1000
1.0255400153841958,0.8033935747157741,0.09095264351439568,0.11521682306693634,0.02105420183693174,0.040476864149896215,0,1000
0.8651347893753069,0.8360790009690905,0.1060216177520012,0.10647178409889181,0.01944685033903528,0.04110182565297471,0,1000
1.04235946283051,0.7614890066303961,0.07493896984810973,0.107647136071255,0.0229875406299196,0.042056298622885624,0,1000
1.0725433618938407,0.7896592778992555,0.15125673791297098,0.11712844294838293,0.022530757698444474,0.04018520665207641,0,1000
0.9255822307716622,0.8199291030080119,0.12879686763251308,0.11253821111718405,0.02056024648851061,0.03789361285882116,0,1000
1.2132190302605013,0.7855154189217001,0.11893050235688901,0.13554932474682108,0.022514863166927628,0.04215421755476693,0,1000
1.045727119826284,0.7521392466291129,0.11469989846420305,0.11538874406522515,0.024669780274521668,0.04296802376097558,0,1000
1.136774115499126,0.7934535620084276,0.0932035065153289,0.12351091393945328,0.021475706360890263,0.03933361079563248,0,1000
1.223451425658151,0.7685879655293394,0.07057282880709839,0.12347224829407909,0.022169748077699315,0.037719558002301964,0,1000
0.9313544379939719,0.8414451983137453,0.13592673781731515,0.11681913455827816,0.019312940161282974,0.03717118951599093,0,1000
0.968335768122289,0.8239862980028717,0.09390990745485689,0.11901067209342699,0.020240657308024417,0.043103755855812866,0,1000
0.9350835091745153,0.803281754939155,0.08398751066358849,0.10945758267765161,0.021236576644062942,0.041051588625710185,0,1000
1.0404898874523667,0.8010485943163786,0.10333951327314828,0.11964356079650097,0.02146193777814728,0.04014819018047405,0,1000
1.1976368173784,0.7479232243817338,0.09904499182567585,0.1189743094137768,0.023694002701251504,0.03850886869170733,0,1000
0.9372702090281896,0.7741703712899399,0.07695433758932822,0.1044526933492469,0.022737225757000042,0.03973402803816974,0,1000
0.6894479406248624,0.8415261799677112,0.1352298708373883,0.09115491919126675,0.019591275472246084,0.03826749868334865,0,1000
0.9692240314454236,0.803270588407741,0.1620554904123125,0.11421263842582115,0.02211994361164659,0.04082723051977162,0,1000
0.9587597273884805,0.783909661255544,0.05903777732654118,0.10255837180340535,0.021581237412405984,0.03927069251500533,0,1000
0.8164433362692521,0.8394027177111776,0.06720861736889201,0.10533142245152038,0.01903656401029804,0.0385942297173155,0,1000
1.1727457556429002,0.7751483593920728,0.08924387548731129,0.12184203294615953,0.022263444586613036,0.039627239525110464,0,1000
1.0621623129860376,0.7961968485510508,0.03387333869476753,0.11302282418513034,0.02072763995397511,0.042622014853001655,0,1000
0.9361036262706051,0.8006357305919356,0.04840509728782557,0.10547483652700294,0.02060738573579084,0.03626837806731907,0,1000
0.9001869237739222,0.7999424057906401,0.11015908665729968,0.10326827379769812,0.0216764174371628,0.04299588849679781,0,1000
1.1678683116215158,0.7716510649338071,0.036233672188318564,0.12214088754794009,0.021937400500821186,0.03851565197017603,0,1000
1.1164341701965657,0.7829058441719269,0.12440495466095143,0.12448394172334061,0.022778835704910252,0.042103892135848926,0,1000
1.1282478381272416,0.7701675809275568,0.05866036325578569,0.11986353319646825,0.022617377505986306,0.04407273186734989,0,1000
0.9981017438476792,0.7921962711818348,0.09273692844106418,0.11453033242491029,0.021961668976516722,0.041457720125067064,0,1000
0.9786788000086581,0.7872520779642328,0.025634668720844325,0.10821848819366671,0.021380134050908016,0.04043491296039722,0,1000
1.1668132078220521,0.7574167245361165,0.049031565631879465,0.11690223557809713,0.02280889575824251,0.04301601710959866,0,1000
0.9439226034896725,0.8329696562645902,0.1263823127687957,0.11492798626770502,0.019652403266463933,0.03633562520213199,0,1000
1.1582071542169048,0.7488549601207095,0.10630667787240637,0.11510591470489659,0.02389514976870615,0.04284478940670605,0,1000
1.030912667249364,0.8052350084264734,0.1781257033858965,0.12213581823485414,0.022186326478845924,0.039164234998801395,0,1000
0.9075635497390481,0.8124811104411811,0.04565528971028572,0.1024993680785696,0.019963279755732855,0.03947812508033438,0,1000
1.2284048981232105,0.7659435475173476,0.11847996424553289,0.13052598298579754,0.023367475846371274,0.040594251844541074,0,1000
0.9861173362577577,0.7613664979554835,0.12311533621262578,0.10630960031255336,0.02422490392201602,0.049180425298080636,0,1000
1.1387458241365,0.7644183741186823,0.05056769907882643,0.11355945902773162,0.02248368165154462,0.04380818613814922,0,1000
1.239569141194721,0.7532487858971179,0.1563778287959149,0.1351639105912399,0.02490376884168959,0.042073937452001886,0,1000
0.8768618286452496,0.8281477441086948,0.10187431269634564,0.10883017814333901,0.020037905392277424,0.037865908217383025,0,1000
1.0070030686663518,0.7993000730571398,0.17359832692431892,0.1224520247438493,0.02282587726873632,0.041979892707739934,0,1000
0.7607812131166135,0.819402233780544,0.08983319229889779,0.09573930114585846,0.02054525030858314,0.03667423023021383,0,1000
1.3084950916183615,0.7557527025935048,0.1021173700181405,0.13664011804108891,0.023836101052089484,0.04273327379875426,0,1000
0.906798502526693,0.8242680023734562,0.14723838059759586,0.1170073165662558,0.02093708064015622,0.03918318697664338,0,1000
0.8045099409281858,0.8359332213784262,0.14424711152323585,0.10242224155622807,0.019905463878950886,0.03921114649626531,0,1000
0.9848286321897305,0.8030702687694099,0.09193025604954735,0.11252027432665535,0.021059103896995245,0.03911408387254133,0,1000
1.1760685479942288,0.7968568944758525,0.07519893374336781,0.12888679558203597,0.02110129555734962,0.03871914256110741,0,1000
0.977537306334421,0.7853891751849745,0.016538560228830827,0.101261661069302,0.020902931219730473,0.039063051688368836,0,1000
0.8606488518401154,0.7960861736116795,0.20427239977369427,0.10899161207042499,0.023840165200832042,0.04538712361567838,0,1000
0.9006391871977772,0.8090365658043513,0.08310434840519629,0.10488310882897202,0.020881601911558568,0.042564465488547594,0,1000
1.2044597929668006,0.7798520328748417,0.07598874273814002,0.13325968890117937,0.022702630309569156,0.046977389311429606,0,1000
1.049673306375491,0.7920639341727913,0.09486246859968123,0.12155943413624094,0.022103553833729948,0.04162186380480774,0,1000
1.345601213840718,0.7211490030609647,0.0327640102168755,0.12292237416188148,0.024050487403920878,0.04414430594500487,0,1000
0.9695819227599243,0.7991712676035133,0.08098770298679465,0.10730797926751347,0.021000439050604062,0.038590161074108155,0,1000
0.879707638868317,0.8361583447679358,0.10572434399649479,0.10549549117093614,0.019248422174212,0.0375116015234612,0,1000
1.0575315694105858,0.7622024665030589,0.11391354271647437,0.11118286714958808,0.023605303969306046,0.04322220559413609,0,1000
0.9612149349112146,0.7845292466075477,0.06781627386201637,0.1054022633280771,0.021650318577018005,0.043068942208635656,0,1000
1.1208768297783824,0.7508268928052448,0.11432239510203936,0.12188707338158532,0.02466712563346175,0.04449150987310727,0,1000
1.002815239263803,0.8063253618997616,0.1095304032085175,0.11868346700188323,0.021345656813182567,0.04093782717004688,0,1000
1.009723661569555,0.783891646317055,0.10182532134305233,0.1155825660850356,0.022716590721132263,0.04304259305445754,0,1000
1.0838500006429972,0.7860931887861042,0.10855895467540165,0.11891565921245394,0.02209644754113017,0.038966325106309506,0,1000
0.999121153730337,0.7867549625985508,0.009911216397570399,0.10480396857296763,0.020915806601734546,0.04201791687775329,0,1000
0.8735570332079572,0.8397425196146602,0.14007254076891187,0.1163024151914236,0.019872465290984916,0.038642149663543283,0,1000
1.2115983513411392,0.7680704170213124,0.06872633989644662,0.12225279082491958,0.022208028817492228,0.04181128269135212,0,1000
0.9523724019681667,0.7965542251997381,0.09997061431881102,0.11007132624747148,0.02175980550368099,0.0415690547230665,0,1000
0.9386114151141659,0.8104589182471041,0.026880294899568134,0.10198971602436122,0.0196521813870366,0.03659913800338544,0,1000
1.1465829339366447,0.7654056406983587,0.16860495794465602,0.1224820844018854,0.024117192280252567,0.042193384389344356,0,1000
0.9785844073799695,0.8160185662927232,0.08842301739373938,0.11146675788360812,0.020164108460504523,0.03781702422731139,0,1000
1.1211469744787887,0.7799153483193949,0.19888987752646242,0.1348316412659117,0.02459951957642713,0.04083328873186151,0,1000
1.1644746061317408,0.7895375213469487,0.07561246627533329,0.12576967908002248,0.021708183483231017,0.04366873433659594,0,1000
1.1121243636131435,0.760014003449597,0.08692309951246142,0.12208512918728123,0.023846800758759775,0.04314445217192264,0,1000
0.8734370145692462,0.8239585307182746,0.11739846185327642,0.1086454216213262,0.02052725917302383,0.041862744405590985,0,1000
1.0331690889928304,0.8073304334644776,0.12395445523704614,0.11912227163157456,0.02123949210545936,0.03933019262404198,0,1000
1.1761642478772563,0.7859412457173851,0.048553021769767155,0.12141689921960566,0.021226202506790817,0.03968217187881874,0,1000
0.8374205513713621,0.819993998594579,0.15173218598176244,0.10315090367659159,0.02083617372230099,0.035258780227504755,0,1000
1.051398656483711,0.7918662704520989,0.16877104998335873,0.12053365028590939,0.02277775964635704,0.040508671346923555,0,1000
1.3926191851306933,0.7166818082820979,1.6085950558219037e-6,0.11745582765497221,0.02206042007845372,4.0435984314519057e-4,0,1000
1.0624036626115874,0.7631536419393772,0.03414245270139658,0.11202435789812093,0.022807580130481474,0.044889474077376736,0,1000
1.095474261219662,0.7655852395309417,0.12277612451004381,0.11899086553905053,0.023592384675459245,0.04098493778840291,0,1000
1.055946897222875,0.7963322363934628,0.09298526018717948,0.11760030629230878,0.02141242532613265,0.03942996292663684,0,1000
1.0470345365014584,0.7981172958091984,0.008741556182688282,0.11118197115334215,0.020213914456824602,0.04035223520325814,0,1000
0.9596271575594103,0.7924523738592842,0.03155999922871879,0.10421586163876438,0.020756110745103726,0.03833496884599727,0,1000
1.2056147761632074,0.7784276059855024,0.09172162482445062,0.1280162983102466,0.022209906678847036,0.03943129169571627,0,1000
1.0425804766630042,0.7824796168660305,0.06666682612629285,0.11567950419340503,0.02227300127238179,0.044638053067145834,0,1000
0.8970440546752498,0.8095154242545441,0.11610761815640759,0.10694154998291823,0.021433847833183233,0.03893045584284762,0,1000
0.9698750543665255,0.810687379650894,0.08021896791863432,0.11050683675658772,0.0202776977921156,0.038701057812978064,0,1000
0.9109507927818367,0.8343101532649256,0.08188004902744035,0.1105450296355219,0.019145515189920546,0.03722143884517503,0,1000
1.0115820515233915,0.7888517187836346,0.12119845540292311,0.11378895237609189,0.022387372583076083,0.04200337678178796,0,1000
1.2574540440665203,0.7546849640957014,0.17471103962739576,0.14184901853085116,0.025529954982691574,0.0447610976632442,0,1000
0.9536812551155615,0.7919744335398725,0.1865651190795223,0.11190432773889497,0.023216527825501383,0.04142095224029259,0,1000
1.0233669952115236,0.7888284274510879,0.13086287829024948,0.11431887578855153,0.022440511343281136,0.04145007775099428,0,1000
1.0099140537807652,0.8078651391065594,0.10709060360495888,0.11789293102017705,0.02122757363316681,0.04331971260707275,0,1000
0.8532025656892696,0.8141868315166908,0.06969261554822383,0.09631932118166107,0.020102393345324168,0.039197520056765904,0,1000
0.8455753614918482,0.8134523889296285,0.07281219143551809,0.0996511522764898,0.020559594611802772,0.037901603574338846,0,1000
1.072544142039863,0.7956861068082995,0.04421420920228225,0.11797600983178676,0.021063165297731466,0.04327721578093529,0,1000
1.0077192029097517,0.7759769937938894,0.11801229220700717,0.10852085592251565,0.022752919423913,0.04023889727153501,0,1000
0.9392967357924878,0.8136284184175496,0.09115970346054768,0.1093550528846967,0.020408578592277224,0.03723828450683123,0,1000
1.062338645605292,0.7823451546588718,0.11919141584948313,0.11658419581998225,0.02246796301104121,0.03924274331505542,0,1000
0.8825343971439352,0.8043246041032122,0.08797136311869545,0.09954338246253606,0.02084598723501999,0.03847185736628668,0,1000
0.928350878067637,0.8086937820179971,0.09039696877133475,0.10698960840244828,0.02078697402967984,0.040367580503274714,0,1000
1.0305698105820347,0.781615185522303,0.12766214399426765,0.11450500230494169,0.02277721398121051,0.04091564209771728,0,1000
1.1305045075616649,0.75910712529992,0.10574357718224119,0.11767820256503059,0.023567987603888257,0.04230478139546005,0,1000
1.0431968612831228,0.7760636071710328,0.0746298994718354,0.10942002031781675,0.02227325122827374,0.04106611967454076,0,1000
0.8881557762538468,0.7940240055700488,0.0593241156245419,0.09745125281442579,0.021345410948016716,0.043554307856554494,0,1000
0.7155701633932551,0.843290103681604,0.1405700316661709,0.09274333067999656,0.019316301167272235,0.038478028297618726,0,1000
1.1555364168392421,0.7565227458134804,0.11340100555432782,0.12189596704443996,0.023931625606609098,0.04331479091720266,0,1000
1.1301230768114998,0.7735086244987232,0.03486367900309467,0.11202327486607322,0.02167101914513842,0.04201916097216399,0,1000
0.9939344389119235,0.8130072690254608,0.013683818938493951,0.11214390743047009,0.019570728775743562,0.03711940776521726,0,1000
0.912755722211679,0.8115881302910963,0.011021015820372147,0.10325283207784729,0.01971230716591125,0.03973682294847467,0,1000
1.0966296682937153,0.7950240224973869,0.09114124092136909,0.12229121786787985,0.02139707820287655,0.03757093195266413,0,1000
1.2056558632260026,0.7407311188026777,0.10744003118660161,0.12427009489336267,0.02469929086780142,0.04365669830687976,0,1000
0.8990836975961313,0.8302305521085837,0.05605572520886033,0.10620171411531988,0.019106010374586372,0.03865482242590045,0,1000
0.966975330396921,0.8042892874449283,0.12967164419731775,0.11599776741342893,0.021783380492083733,0.040908493150727095,0,1000
1.011772213809645,0.8126256531497604,0.1312268577510633,0.12097946221307691,0.02114050292263026,0.03925561654558247,0,1000
1.1519426285026975,0.8015636648957211,0.15219786492396775,0.13294609297305782,0.02190282420419535,0.03814275888312383,0,1000
0.9624411008152592,0.7694333310698184,0.03383521133493699,0.10114761721159189,0.02238969362227673,0.04166186085628873,0,1000
0.9104095973449006,0.7944492981794239,0.09567742950788524,0.10836954204326193,0.02208698713900231,0.03938129214192355,0,1000
1.0219714729894174,0.7985982297509424,0.09274797840565148,0.11447815238833381,0.021314236761633583,0.04032214927202729,0,1000
0.8321939375663169,0.8234858769479431,0.09149625375723638,0.10057764646024939,0.02010779718036951,0.04191439755037976,0,1000
1.101713574596487,0.7785170096509252,0.05521432969303511,0.11320269919532136,0.021662283982902503,0.039171728219989044,0,1000
0.8676249276709637,0.8178942945648364,0.16869534744962283,0.11526630744132656,0.02210892972352039,0.039348158465748025,0,1000
0.9595672900538812,0.806998972771115,0.06737014758230311,0.10340728469834602,0.0203817390530429,0.03782046830505707,0,1000
1.1199320281435765,0.7934663423681937,0.08777883546851807,0.12323067699781202,0.02142634401647215,0.03895968178004079,0,1000
1.0571994712584383,0.7904302788520684,0.08634224353454359,0.11461240756581767,0.021597091372598562,0.040274792267787206,0,1000
0.8960337959654441,0.8255604467502863,0.08070252358283618,0.10830588132549526,0.019747120422398783,0.03943799105105096,0,1000
1.0058464497355077,0.7950273983976862,0.09983699164667849,0.11448124035939823,0.021786391137490025,0.04160543910380998,0,1000
0.8974784021883463,0.8229806973866486,0.10888624936149711,0.10556578602787565,0.020008296884816618,0.03723915375892866,0,1000
1.3482264279950302,0.7334921113704509,0.09952841696693948,0.13578479358198275,0.024947398629753176,0.045171952484135816,0,1000
1.1182161237421882,0.7759479842699667,0.037300417496807146,0.11337886687236673,0.02180128155827027,0.04310235999854279,0,1000
1.4294701073715201,0.7366554794844677,0.08468373966845356,0.13889328052958308,0.024314551140121494,0.04540683380973687,0,1000
0.8821548694237613,0.8317025369440391,0.08692507382396633,0.10587838820138244,0.019346069653120156,0.03880296715759966,0,1000
0.8743818486765647,0.8190116681408236,0.1745004325691907,0.11212121392166396,0.02166470304225208,0.04066679331725791,0,1000
1.0192850258470723,0.7784437134870578,0.1011133823513607,0.11578992328206414,0.02292553979673466,0.042394132797487105,0,1000
