tau,kappa,beta,tau_se,kappa_se,beta_se,convergence,length
0.8560645445074608,0.5234361126957361,0.521035507558757,0.24844363309361697,0.1383593056946491,0.12371220058889612,0,250
1.0380797133559476,0.4825969206602941,0.5409590244707534,0.2578227131103771,0.13260412642674366,0.13665582629429596,0,250
1.182575254655915,0.3031379212739034,0.09667426529291041,0.3603996748510781,0.21414386321289403,0.6723069358056879,0,250
1.2944498096195602,0.40978262580515157,0.4916236937921615,0.2990210058511384,0.13861343308563867,0.17819604847397927,0,250
1.3100304276087003,0.3753477438120344,0.26582663263744777,0.20266522232690373,0.09904871451924067,0.17348750403963833,0,250
1.3189153545445313,0.384312477006493,0.41836727601348433,0.24670581440195338,0.1172555179222172,0.1805780936213729,0,250
1.5275976231145585,0.2936915300638947,0.5987353460409457,0.43768813152287384,0.1949657584812422,0.21523363369436138,0,250
1.2064735394536594,0.3731703420268696,0.21050101120062112,0.18629484728916396,0.09660420286484635,0.163508565758095,0,250
1.072732077001033,0.51192780522191506,0.4561016268973385,0.23080491625382873,0.11121671191990798,0.11303141183473465,0,250
0.9094870706403237,0.4899805290086457,0.3163136582279386,0.15742167743090194,0.09281488110222773,0.10309729704863983,0,250
0.9969802417003394,0.46770529793517396,0.6216388268818245,0.2712161583563831,0.14933329808741763,0.11700637237149038,0,250
0.8833772328187962,0.5317899012489115,0.5139377207327454,0.2972854528039787,0.15880456111693336,0.16783891391745223,0,250
1.0891103337789518,0.4304219011045835,0.610135368065377,0.3642444095605718,0.18834621089422665,0.19299308975859253,0,250
1.0279618331732763,0.5089555008425962,0.5678226911763643,0.32681797137039365,0.15337190119088548,0.1243649089055934,0,250
0.8191516682358336,0.5960430664680493,0.5498719279644663,0.2436383979890749,0.12379241092837515,0.10370386718034867,0,250
1.218983569355437,0.4111009940847838,0.4142112517981674,0.24117966040003436,0.1186648108634688,0.15501721463971346,0,250
0.8111208648877469,0.5460003929488622,0.7864120955583528,0.5291222869426915,0.2919927926992598,0.16883845272090947,0,250
0.7022084055568093,0.6546060684099088,0.6078184922173534,0.2582674684249247,0.13499946909504787,0.10833247723451989,0,250
0.9207725234591873,0.5901861150563982,0.4631750422543528,0.255497597195033,0.11787460683856738,0.10942781865131211,0,250
1.3950245374442845,0.37895791618646185,0.23513466717824058,0.2294521182527011,0.10295647093043143,0.18250016650098647,0,250
0.8248854649320696,0.6404754193797718,0.5924741852052966,0.26128447937753774,0.1213099503783757,0.09572437839964257,0,250
1.0663956821552603,0.4905640209156947,0.5485821264360329,0.22608739617123513,0.11575721385645443,0.09526009774843902,0,250
0.8861518694484262,0.5221323457202571,0.4294500202177973,0.19499625079330937,0.10730006310510275,0.09746341809595371,0,250
0.9682619414207516,0.49710560225340206,0.49653508854387435,0.20599023768611727,0.11480884486359062,0.11181628054318975,0,250
1.0727413647103907,0.31323704351537285,0.38272055614146,0.18348491322431754,0.11919667364160542,0.1992862170611687,0,250
1.0567472686662822,0.47845941018627264,0.7487324896606335,0.4494225519992353,0.22481639345517526,0.15586120038572804,0,250
0.9764283332771152,0.5510029897826555,0.45425425476118997,0.23870091668898874,0.11486746617463957,0.1192400371531252,0,250
1.2568217367731667,0.4413608004904394,0.6207346432226494,0.3656502079561962,0.16540252026916008,0.14316791733021855,0,250
1.0807673802148459,0.43410194984008055,0.4548255271651059,0.26940729098659577,0.14013403879914924,0.16249039924267025,0,250
2.1399349543362603e-4,0.9998859841618671,0.8972584798230977,0.0375662419444573,0.02001532133519726,0.047178504809323785,0,250
0.6480363190213968,0.6334800360824264,0.49964323166940183,0.23771677830071192,0.13711676048760868,0.13523132282014505,0,250
0.7029578650481407,0.6103978207449836,0.5797644953797946,0.2286178700648454,0.1353629036797314,0.11404936053244957,0,250
0.8515036861345795,0.6055997567721092,0.7157950226905357,0.3773898173808135,0.17994869619211948,0.11523476180083968,0,250
0.950209593158997,0.5944630835212925,0.48927627846981797,0.2495304253346793,0.1117836623007383,0.10386325106477849,0,250
1.395147610300439,0.27184767530802123,0.18215083443181113,0.1847992057045442,0.0930708881527268,0.2143986910258617,0,250
1.3490036701901538,0.3096028360161819,0.05812601462042267,0.1869752969205187,0.09454215961672129,0.22892558914974698,0,250
1.509808194502984,0.2636394862930325,6.208880284691019e-5,0.12106720497667513,0.055623563794828065,0.02297979407974372,0,250
1.3606766615592139,0.3539661913366983,0.15720343500332615,0.2449008783106069,0.11457133220186512,0.2465689604394516,0,250
1.1718363999843027,0.38227607599874663,0.13584688705109121,0.5437735939429527,0.28142462949050373,0.6996798266502064,0,250
1.139950721788554,0.4151684632022027,0.6688397227526363,0.3424794969158853,0.17804072153338685,0.14675917705742136,0,250
0.965148114592722,0.5614059060634834,0.4507141587922933,0.3274964319543608,0.14827040725295232,0.16501243643122437,0,250
0.8307468586207974,0.5911882046335414,0.5467172612541726,0.2735498770693771,0.1376067769248024,0.12957315526438568,0,250
0.8962010261777723,0.6085272005916509,0.3866132470610102,0.1721109145992521,0.0840980970756804,0.0792181037817097,0,250
0.9408520575163177,0.5560512135782685,0.5785404616348221,0.32343176915720595,0.15689554946024825,0.1485615770891297,0,250
1.2146462645338107,0.4822916965420755,0.319217286029898,0.20094994584677486,0.0902485014061102,0.1046006011290191,0,250
0.825658007745464,0.5706731198659429,0.36444205292865,0.17969014314004655,0.09877968095634082,0.10869605235498335,0,250
0.7565642685452139,0.6323893482058709,0.6264557209710315,0.2637920566518511,0.1337528212854014,0.09788123225810372,0,250
1.1019885821168662,0.47122372651973843,0.51624751929468915,0.2598444763310004,0.13196023079011107,0.1451376732376337,0,250
0.8157255065276765,0.6214089295945406,0.5127241600923075,0.22200489421102382,0.11155445028195199,0.10237762228796,0,250
0.8331512842676229,0.5229940513619336,0.4924753233162997,0.28654876580812566,0.17143317247463555,0.2212897869480105,0,250
1.0096863975619652,0.3681936991598615,0.45468677323085993,0.20333435558577262,0.12666470585897133,0.1858152063884277,0,250
1.829593078070643,0.18826450839058453,0.12033922147798666,0.2273874934041244,0.09672919772328487,0.3393185013809729,0,250
1.0558380456842777,0.47164163227500716,0.2739893221580283,0.1882182616534229,0.0972009179837453,0.13169950118322132,0,250
1.385267193204744,0.33033518173661774,0.35453719957755125,0.21816197311615773,0.10500601225054514,0.15102645666270426,0,250
0.6843743604888178,0.7033969946420414,0.5871660982143776,0.22771314046644825,0.10719165187555724,0.0821312636954367,0,250
0.4806332889101338,0.7814197991513246,0.42005383625357007,0.13764654707524826,0.0716934530212715,0.06958906333362441,0,250
1.3324683106347235,0.38817692603892695,0.4378406765050135,0.33860688788881316,0.15865394481214626,0.2778588127747731,0,250
0.7445280363940251,0.5709589406884776,0.6359320974955491,0.2603297348787175,0.15349321443725022,0.11149393860437275,0,250
1.2662219628729843,0.4101772839143871,0.43126925176208974,0.23919253361886444,0.11402385288741439,0.15120909668138593,0,250
1.1078993067285217,0.5390012363397761,0.3656022864865972,0.21365686085472496,0.09627716559431447,0.115208660773806,0,250
0.9762243123736467,0.4947464179266356,0.3918160900161511,0.20015982259449375,0.10750711942138179,0.12038773861575647,0,250
1.3719654135811865,0.3382285491778458,0.24156259616598222,0.26967620368494805,0.12691524621498196,0.2673044060006058,0,250
1.5876300364050506,0.18514488492205636,1.5493599678557297e-6,0.13067990275972147,0.060611366456026605,0.0017120518889864073,0,250
0.9698750760542241,0.5843953108126873,0.5571943798428926,0.2802387552842701,0.1271831075477082,0.12108384477681987,0,250
1.060149021299184,0.4512751896600596,0.44862730599985445,0.2942755383958611,0.15092390908826125,0.1923835511827112,0,250
1.0949135093559934,0.37982563317657414,0.2395975566468743,0.23277264224569846,0.12878218890733822,0.2567056226659594,0,250
1.2049586394630658,0.3309829527439496,0.2586319560842288,0.22339500693600878,0.11938227846155239,0.21567131712613408,0,250
1.1817975269889864,0.3522121558606046,0.3336754022973415,0.19875944310397092,0.10803706514410463,0.15230895386896737,0,250
1.0519820962944046,0.4551428126453765,0.49451100549309335,0.26714401341967625,0.13756400671583555,0.1398151674804131,0,250
1.099593538188612,0.42125726911074396,0.805008623245004,0.6094871971381984,0.31539088070117705,0.18390509275889552,0,250
1.005609804874699,0.45760212306358133,0.3933932337676433,0.1962625062181739,0.10814755385159507,0.11520860837574216,0,250
0.8386648980405101,0.6044316364124195,0.5254910610223846,0.23155916428197632,0.11402041834707922,0.10241257664699357,0,250
0.8467605121799154,0.6286129596175188,0.5161660688511881,0.23266021599345452,0.10874640582747773,0.0895599575956655,0,250
1.1947554014528836,0.38900219372629097,0.38714467457042245,0.24540659218841412,0.12898836456939297,0.21856220575868082,0,250
0.7057799954885445,0.5956680335256446,0.5648223849620979,0.22907418830908738,0.13415599813399076,0.1010672026144676,0,250
1.272506433755354,0.3447152053481041,0.6459175124842178,0.3982304869957931,0.20204167415243693,0.22224427611162995,0,250
1.3911498427101503,0.288596785750942,0.2040375399179725,0.21202022085013272,0.1055085605076935,0.2543085920682056,0,250
0.836158941371174,0.5467000864766149,0.582275248093103,0.27779355356289714,0.15636467380434105,0.1472039399609144,0,250
1.4816790873431307,0.15373931691725642,0.14507617610222345,0.2064326863986301,0.10833313399111807,0.42303765529462606,0,250
1.2956394890275706,0.33379475299379247,0.5284205332426561,0.2853106478937111,0.14685064184510702,0.1978550941132107,0,250
1.1228795736903363,0.4021637725936631,0.35875705114469303,0.23552673981813296,0.12418092439476729,0.17824425669735033,0,250
0.6626239494931139,0.655980440627449,0.6219796270631707,0.2525774991308355,0.13774084079248047,0.10757443462686371,0,250
1.346496231823039,0.3635932083880604,0.7262377991939073,0.48125435647645226,0.22655771028240393,0.2063775982421114,0,250
1.519943876478542,0.26949542515907216,0.2755101477705537,0.24904785618113898,0.11445364871490704,0.21928028043045578,0,250
1.0945743084324289,0.4073850102027438,0.4055533734616917,0.2196670739235193,0.12106678159448353,0.1664628933376423,0,250
0.8469025029248584,0.5844645595033597,0.4663612103500713,0.2333802297106508,0.11759633756953043,0.1089897389814407,0,250
0.6799773550658855,0.6425687399304667,0.43670034885905373,0.1951006991944788,0.1066806402288773,0.0919765578654411,0,250
0.7460005163043842,0.6173164570140709,0.45096334857224324,0.2330407749456133,0.12005471433548047,0.13774219419963382,0,250
0.9521814265176689,0.48546427714176643,0.40897718315963694,0.19373395904678198,0.10556634662207189,0.10922835354047702,0,250
1.1178563484703004,0.4252168434994436,0.5550698823431847,0.3237110897755296,0.16352673189978362,0.17418740129666635,0,250
1.268297578107161,0.36751026718257856,0.1741514505981719,0.18307316787764627,0.0947070673369183,0.19699658502091835,0,250
0.25145617686283156,0.8669055514520316,0.7713565292259644,0.347226615890774,0.184404908177738,0.10952745237947728,0,250
1.2600452599917606,0.44179453983315276,0.3256681643509533,0.25877681174602213,0.1154128590011879,0.15170071562095921,0,250
1.4196778710306905,0.32259144385767724,0.2749764868299675,0.2424617391671585,0.11377446076784288,0.21304117480057908,0,250
1.0622188187782555,0.488098991349044,0.6647535634986348,0.3630918954348887,0.1764004000245049,0.1310319584342465,0,250
1.251933991445817,0.38364544610792717,0.3116616051017202,0.22835598530715803,0.11239148967085211,0.1771431976116052,0,250
0.9830990915178718,0.39289940078571567,0.16794106163752054,0.14805542100941174,0.0894186535294368,0.1576387609792011,0,250
1.4941812404544443,0.23647478745591288,0.20862972295334792,0.30151503382662953,0.14922753759370883,0.4980101673578657,0,250
1.1724595409391942,0.4118346854727639,0.170773989182027,0.19841867130782478,0.09942994636813757,0.15859173022275933,0,250
1.4027353724566547,0.32077564800527464,0.09617666044225251,0.20800284352397386,0.09745765426784846,0.21517008505518445,0,250
1.056257677517824,0.5101716257351999,0.6054385566561669,0.29176500881029627,0.14356219056227376,0.12715085357716574,0,250
1.2657010576790038,0.373799562142385,0.43276963219572745,0.22311565487314028,0.11222897805307439,0.13216324605839835,0,250
0.9041879614945059,0.5906829863987929,0.3770290521334441,0.22352500022050076,0.10519852481924243,0.1169002359030139,0,250
0.8409603920304851,0.5820783552148681,0.6448368199880882,0.2881351105088866,0.1484486110889011,0.11567242536609593,0,250
0.4210709688329904,0.7869005707923319,0.7239002904723527,0.3331058318061059,0.17079007014241673,0.11129067782450063,0,250
1.1258409816814412,0.3808678754672052,0.4458017450353188,0.2542214302060033,0.13883310694745624,0.19373809099000242,0,250
1.3761421463258998,0.3060155831798344,0.37488068907290073,0.24817788308553002,0.12424839266577166,0.23062858376577883,0,250
1.0025972032404968,0.45220294260356203,0.459378400933651,0.27690280542175316,0.15160883709137127,0.20194435204922284,0,250
1.105467934369131,0.49496792221201624,0.6471093553863753,0.43776378696513274,0.19889716683544809,0.1815697374245776,0,250
0.26757176125214055,0.8402490483501085,0.6627960888997515,0.2031668067977855,0.12652566440371363,0.09930338464039166,0,250
0.5929912995175293,0.7218201762201665,0.49988794183532975,0.16669105421314556,0.0860642110819471,0.07014372291836259,0,250
0.7001855051946664,0.6753387729640711,0.5554053042708545,0.24452507994683784,0.11849142422260397,0.09210830969694747,0,250
1.1086773584222582,0.435265570770036,0.7680584779106038,0.7585709667195344,0.37930061278696475,0.2892123757947735,0,250
1.56657980599083,0.24905962165213455,0.2790101676721521,0.2582459417278134,0.12203739264860364,0.3406387872578651,0,250
0.8389196098639078,0.5716281443243727,0.40977601744015524,0.27064027934739615,0.14058565556894914,0.1745045062636279,0,250
0.9324140669757076,0.5850609125417879,0.6298968182683421,0.33685126674820315,0.15549543112881298,0.12799270705139074,0,250
0.5633457186398031,0.6868168465747853,0.6062584635451744,0.20668104109246338,0.12169545531794733,0.09383393552511667,0,250
0.9589199487877267,0.5302854470036041,0.32798784079107307,0.20897140834874703,0.1040639608504713,0.115156664472818,0,250
0.5729364945303987,0.6527721509144243,0.8271143661748867,0.629174915871317,0.38198320680165715,0.16212210455088935,0,250
1.1868281555331492,0.40451015035574134,0.319044044872596,0.20470218533495732,0.10584021639920448,0.15629508380931378,0,250
1.0911082655751063,0.45680969068143656,0.3705135528941367,0.24184320409414242,0.12054503874468907,0.1512932590184709,0,250
1.0921701059440991,0.43893539892769784,0.582154741526017,0.31552265197267493,0.16160378992299435,0.15654943168547436,0,250
1.3081860202507307,0.32374256584660865,0.32681940912452556,0.2066699848165569,0.10650073290121109,0.17401595687854904,0,250
0.8991243627180953,0.5748901863151242,0.444241754804395,0.225389134482983,0.11155661799401234,0.10231325384354892,0,250
1.1850686849695808,0.3845399129004966,0.7823020489843275,0.7424572826202834,0.38126657301120226,0.2967461539998892,0,250
1.1843556039109704,0.3992261722655923,0.6353322230242177,0.3180510293589098,0.15998278085679724,0.13091432377159565,0,250
1.18531997663569,0.36965113028667956,0.26171679995729724,0.19698640184464689,0.10450589267118382,0.1748776478079461,0,250
1.1727290709275537,0.31598877019683935,0.3131329667285557,0.18841521649333665,0.10703380344893791,0.19055821283032165,0,250
1.1024868261779028,0.3735468130339212,0.47844297884379,0.2395622512138148,0.1360442243281709,0.1743468932185875,0,250
1.5260017729639328,0.33294390896259424,0.16517779705113292,0.22392374992616618,0.09719903975062971,0.19418815337638798,0,250
0.7378716010556701,0.5932484331273639,0.4201493303227276,0.2141656772417649,0.1290044411464238,0.11141583983610676,0,250
1.062240345976038,0.40453706727944927,0.45307295744370657,0.25806576126674385,0.14472054459255865,0.20500111515232597,0,250
1.1605740765664996,0.3867809312617883,0.3519076882132309,0.22733659116958918,0.1180921645399273,0.14750301575613026,0,250
1.0308129769024283,0.5167861524170163,0.4817395596309874,0.23015745260390424,0.1119150963634467,0.09552241289040764,0,250
0.9346680373908177,0.45248667740771353,0.4979781409548236,0.24215484739738316,0.14135654120499938,0.14369409073425424,0,250
0.763285493011945,0.5906827367896584,0.593760616402933,0.3343777705941029,0.1814990229066537,0.16417198174838207,0,250
0.9828190831736369,0.47250496246805734,0.37386487695696985,0.1913025275259006,0.10631611588131544,0.12007204195216718,0,250
1.0873264800852898,0.46364881032113126,0.2167823974685434,0.24122220050184187,0.11710704757926717,0.17435071541390867,0,250
0.9310174924252843,0.5218898627629011,0.5402534801709294,0.2495990313620812,0.13139824138578,0.11315577624641035,0,250
0.8457460570893287,0.6252317477416992,0.5965126754997221,0.3007166180136178,0.13424745623713033,0.10232489665648413,0,250
0.7744374930255482,0.6210391361336722,0.553332704801123,0.2261756235464946,0.11662090508782091,0.10238870643542687,0,250
1.2208661349064205,0.40418062647114017,0.24956916230662377,0.20955286436781745,0.10298163576997195,0.1659651669910095,0,250
1.483924366898382,0.27716914698737805,0.4619066089455791,0.3003436219377741,0.14121735058833942,0.20633284371717764,0,250
0.711614141430201,0.6398020510564651,0.6395106087820646,0.25584075427326997,0.13656103588047144,0.09840553107975922,0,250
0.8631247508316469,0.5854837751071522,0.4693535039676907,0.20672996339716976,0.10529942026432183,0.09960731675986609,0,250
0.860285933437425,0.56662975192827425,0.7039091043700457,0.40081769095989617,0.20997012936696083,0.13716566606340508,0,250
1.0433083791673807,0.5296188650679727,0.5153941691827437,0.26868480753498597,0.12482664723501169,0.11146294548182176,0,250
1.3355123574890007,0.30643670855630534,0.5191395836483672,0.3010661424008807,0.15178717193802146,0.22185833600798063,0,250
0.9481087233689547,0.5402045165085297,0.4771912527552584,0.2533730712252141,0.12850756421417195,0.1418558271633911,0,250
1.166505965796191,0.4349560236216644,0.49188031673545846,0.32845626181821674,0.16070583384774245,0.21237175561661448,0,250
0.8013447028487412,0.5692888543646676,0.4857170264725376,0.21120709973168186,0.11823479582881898,0.10541631144627762,0,250
0.7552437756214017,0.5828088481888137,0.6734236450437197,0.2944614478156205,0.16379622830753454,0.10577690896523503,0,250
1.168335102410969,0.42040060049355293,0.4721512822979156,0.3182649243781743,0.16042221664182618,0.23106527980539052,0,250
1.22882387567679,0.4838813347350141,0.49305037054757594,0.2588627884807755,0.11572290570465035,0.11866020837693933,0,250
1.0635674581810715,0.4665101069043181,0.2920692173732224,0.1883515304017444,0.09625255227031734,0.12171415154270816,0,250
0.6134899529163871,0.6742106517060757,0.5195879558799994,0.2503803396064247,0.13731375990610023,0.1286759356712765,0,250
0.5677100869868353,0.7161341992934045,0.5195927497456446,0.17796674392066217,0.09796935588719541,0.08640409123517322,0,250
1.1302562526139641,0.4527019772024982,0.5466446599613749,0.25377656048310304,0.12973617285995104,0.12661691590013924,0,250
0.735138835126431,0.5881999756567825,0.46623208941747657,0.20301571872939617,0.11712727840027369,0.1013514950882732,0,250
0.7255101045110794,0.6358181799182983,0.5153280224781934,0.20594479257750145,0.10810072560542029,0.0930705911647633,0,250
0.9242457478866568,0.4997688050680172,0.48804211784994145,0.2562085026741695,0.13874004413137947,0.13827087274911554,0,250
0.9945163188666307,0.4956841849455684,0.5135812542746234,0.27671722192324305,0.14748418602660365,0.1768389277869732,0,250
0.9873699303407487,0.46197355924079697,0.593298843757031,0.2841070523193383,0.1608854012926067,0.15318637258170048,0,250
0.887988472045576,0.5076329486343131,0.3240753967425262,0.19321687206245317,0.108791721179796,0.13132764560313712,0,250
0.582862796635409,0.7051460418979557,0.608745251931404,0.22922720587084242,0.12107667347079171,0.09193428693481925,0,250
0.9058666686187036,0.6010358088798652,0.5271246257248569,0.2632020212074534,0.12385628347948809,0.11570198717192819,0,250
1.019692740576887,0.4501471572122188,0.33504554669405845,0.2089088593244131,0.11216049203672569,0.14445109912745147,0,250
0.6306993975828825,0.6996602606273792,0.6916763102738172,0.3096582094737865,0.14979969967960302,0.10376212198228453,0,250
0.8828438622838507,0.5253164494117665,0.33285758929616616,0.1696929870904583,0.0954941079181851,0.11076746734258182,0,250
1.4060028603704908,0.3594129521036398,0.15637247012896396,0.2110184616980453,0.09400752319145313,0.16389588228027163,0,250
1.0823206138185548,0.4698104763669167,0.4930381188257479,0.23275682574370404,0.11951873114566332,0.12148728958110634,0,250
1.0556339904688496,0.3902351561939076,0.48529322196442315,0.22985480735482278,0.13183186732452892,0.14366242219305378,0,250
1.222346028719336,0.41085303176307636,0.4544926498311333,0.31218233564441394,0.14804165876676406,0.17849376904442119,0,250
0.705236066530497,0.6606953709204986,0.5938825435390053,0.24380203251817456,0.12374801941077643,0.09509438619271193,0,250
1.2581909244757619,0.3937407255351904,0.27294263650194983,0.20524259827666078,0.10138692101654752,0.1552199424182748,0,250
1.021017396493306,0.47074691701693655,0.5123920246674503,0.27424864528889675,0.14421667081928685,0.158276831989053,0,250
1.30932693716503,0.34376843419846953,0.23793986316259402,0.2120151669515639,0.10490104655237045,0.18637771176444623,0,250
1.1700267599562952,0.40295102610331285,0.34920594332257493,0.20472733967131293,0.10610696110240513,0.15072460014991215,0,250
1.7149019006635187,0.2920436119685391,5.9006182522649236e-6,0.13339503701277497,0.05292993930526006,0.006701072540761096,0,250
1.0069370521748948,0.508845269016049,0.526410329861722,0.2983364010420192,0.15201294405778987,0.1737962348945277,0,250
1.252788786856401,0.3581635379171161,0.2006387169812727,0.21052699579298195,0.10438093505794514,0.17635482238816252,0,250
0.8180811219489835,0.5611338852881919,0.4059240060600112,0.20245671462585849,0.1123719065738453,0.11897890008663996,0,250
0.8267174954630291,0.6131349928062931,0.8279618457910701,0.5184588703082845,0.24492246046395796,0.11075903418762283,0,250
0.9985392346739144,0.48199072387687486,0.5746965298282534,0.31365142351202663,0.1630870780946279,0.1692088694068486,0,250
0.7846600391721504,0.6432017408965383,0.4931312454103275,0.2237491546206158,0.10790073772845896,0.09448515789930505,0,250
1.1381840740333922,0.45886826493311245,0.4063958542845465,0.2530110125962044,0.1203016852160283,0.1291888116639175,0,250
0.7095134599663421,0.6201488252342108,0.6156084328894447,0.2650833014509209,0.1456774020075195,0.11023998808242594,0,250
1.5891572931233242,0.23682376587285933,0.17075857878650932,0.19497254917732523,0.0916211319814681,0.23843868025446538,0,250
1.0894265400710126,0.42900811302668385,0.5214016826724066,0.2676035322205448,0.14340415979339702,0.14341237002036492,0,250
0.96611702144894,0.47266087030056486,0.3154405487053895,0.21588949448651917,0.1149014354877967,0.1423195015953716,0,250
0.7789715391504487,0.5797454795034658,0.522813347099491,0.1998992879211878,0.11526691364450235,0.09846671532606437,0,250
1.1931131160625943,0.4199777298389347,0.3540276403713825,0.2615168788840848,0.12952734000149618,0.2150894974233807,0,250
1.1470558196087797,0.40479398138316164,0.36246901755237315,0.21304684102897495,0.11159030574204971,0.15024407080950497,0,250
0.697243857920777,0.6987076042739256,0.6245565894997469,0.2979739344106451,0.1344049067232852,0.10337748807279361,0,250
0.990577126835174,0.4627085703533472,0.4370218515457581,0.2434741009218881,0.13144561858240952,0.1422332245948512,0,250
0.9815501805928684,0.4233771076813455,0.37112943532862225,0.21279324894954857,0.12642430895013398,0.19862791836189667,0,250
0.6948477183738863,0.6708491091851426,0.5698073781807114,0.2245215435087149,0.11390050000706924,0.09018295734666534,0,250
1.2412475152928142,0.31644944673489644,0.25926279099770305,0.2148010241932307,0.11480487234125332,0.22132134999538183,0,250
1.2234589903632644,0.3793215110622652,0.4231732075523629,0.2536478090515304,0.12758307132404934,0.1616685317056793,0,250
0.8476946759601768,0.5010095820442414,0.521150849825322,0.23244918187205102,0.13853418622128189,0.12903910021760934,0,250
0.9889093009856799,0.48245083971700586,0.5254606569040535,0.28833082490361184,0.15557416511975822,0.17299952289681458,0,250
1.1289626893317715,0.3967077915466057,0.37913403677991553,0.1970053302642419,0.10833271044232319,0.1386764354224488,0,250
1.3172282455220643,0.32886715941177846,0.5592095087004642,0.38506718659399614,0.1930332483210093,0.2770630891616766,0,250
0.7562830685714402,0.6451892050574289,0.5907655722164106,0.26470835343027677,0.1321732210971467,0.10955335737197568,0,250
0.7695892532071115,0.5687017975180424,0.7218161410924155,0.45166769550151215,0.24791501480218722,0.17585298375427416,0,250
0.8472982275277111,0.5801345823595125,0.5903301799253768,0.2866021425625725,0.14670355333872842,0.1103201004441642,0,250
0.8204580492502623,0.5215012409319892,0.25253973980423583,0.15134394855318084,0.09208098762007096,0.11710946295795245,0,250
1.4901723355175958,0.24356556146171338,3.0231017202123535e-6,0.1252415381931422,0.05861187967974783,0.001662707703919493,0,250
1.169634907569647,0.5034813020640958,0.6261507215008126,0.34093084519470873,0.1496031196782852,0.11879049211654424,0,250
1.1316116723314895,0.45267188414619636,0.5266184948925934,0.23036740159304422,0.11972590923001296,0.12027676948116595,0,250
1.1766858918516563,0.40397605050056995,0.33072497823544805,0.20192068530337653,0.10520863452383247,0.15523673662067866,0,250
0.8389061259849311,0.5917335247745759,0.5467096420091523,0.2571465187752678,0.13097991788141533,0.12026547310354392,0,250
0.9779277294908598,0.4786208822170278,0.45746005836028636,0.2471589664170826,0.13304482979361942,0.15075427735118846,0,250
0.9779499108273461,0.452720110549611,0.5305748788105951,0.24244118642675236,0.13437144247479796,0.1224015429306425,0,250
1.3598794397896472,0.3616320357620644,0.5076733323638544,0.2881748299377201,0.13614518341047266,0.17509984046116386,0,250
1.3438484636608095,0.3981310182166834,0.4206321809071332,0.2970718573647015,0.13387682643467458,0.19298998068834894,0,250
0.6918359358867584,0.6096671925895865,0.7522798124116332,0.43055614774564666,0.24270790800657777,0.14568237730352696,0,250
1.0650634295368924,0.5266309539348029,0.44531094888893885,0.22619728524699073,0.10635145729307871,0.11780687737549052,0,250
1.0042794449761177,0.4741794191210031,0.5069888368605608,0.24480397853158714,0.13416754155636368,0.1519168950789519,0,250
0.8893107297653738,0.47721874300405237,0.35533793826122567,0.20805996211091057,0.12245418828461102,0.15648067689464681,0,250
0.9355913630344606,0.5453003628366729,0.6117302850222583,0.28888651331704984,0.14847513871091736,0.12846446700015873,0,250
1.0128216219231334,0.4691293117217464,0.4919453396653377,0.2229934819901134,0.11987443707542308,0.11833282176082854,0,250
1.0975106722381653,0.40809720553596557,0.336465517725868,0.19070965744519666,0.10359463885549583,0.13836147190693354,0,250
0.916406083537008,0.5404119981232728,0.6138371286096125,0.37939265754774687,0.1924470374660663,0.17639467396909198,0,250
1.3163571814332697,0.44528735961673305,0.45007567131119486,0.3226239043789346,0.13730722546587282,0.17809336746503224,0,250
1.1376626344514869,0.4050741195988016,0.19100990159603204,0.23555456734590985,0.12458094276615066,0.2503278902980389,0,250
1.4544622628569182,0.30587094534467973,0.5046128799370789,0.3232709022041945,0.15551747040923788,0.2519370288700877,0,250
0.0277607900751675,0.9832243982557504,0.9320030648947278,1.2243745932693533,0.7398733176876463,0.08191671476362511,0,250
1.198682391850084,0.40899213260691364,0.3365818604614373,0.19782562065855341,0.09983258660691956,0.13107967674331922,0,250
0.6796542762581825,0.6477976717357821,0.6678177274663515,0.2757608742176683,0.1484016736139037,0.09634615883943544,0,250
1.2609595412698804,0.37095147361294467,0.39185452272018523,0.21545454710051115,0.11140438764699956,0.16484392688380067,0,250
0.9134358409997249,0.5885926611384262,0.40395688420388554,0.18756195459341207,0.0940101006348833,0.09137948512419886,0,250
1.0657034632937596,0.5085824748276037,0.41819373094630213,0.2383388243340468,0.11402452456821048,0.1330390771526216,0,250
1.4806423042290928,0.17456770792773466,2.2427040113399694e-4,0.1481027239892814,0.07235285718763876,0.02131401472882625,0,250
0.36455348476754446,0.8166254202604891,0.7030140716853243,0.2339820177959101,0.12152505392635637,0.09346087622814583,0,250
0.4858225666734454,0.7322361659000358,0.6598622057294472,0.29653897392401085,0.16537725196379638,0.11871880922955749,0,250
0.5207136265891209,0.7494273225990894,0.8035296861058012,0.48137186473919,0.23490541815910068,0.1092011416361559,0,250
1.0170685947811762,0.5386909461385068,0.628723163515311,0.30883899892467104,0.14525516498013374,0.10902597956974523,0,250
0.5501185173257045,0.7032423920188481,0.799231440444942,0.5038649518103063,0.27264278075169884,0.13002072125676126,0,250
0.8909081340573309,0.553163304649628,0.4676755212440005,0.22630190464468392,0.11801624498023161,0.11544371840947851,0,250
1.1816402942648558,0.3758153714894995,0.6583446944358435,0.427335724420895,0.21733082484396654,0.17475513355995098,0,250
0.7650235121950087,0.5919614342240702,0.5063793007774803,0.1952784909402945,0.11284860417277441,0.10306807590203358,0,250
0.9008416894662973,0.50515206925214,0.4367836271222177,0.2407839022073665,0.13516286764370739,0.16924306425928953,0,250
1.0072692213249885,0.5923089780756862,0.5171582352405685,0.21262824881635317,0.10071337544832075,0.08324454063732775,0,250
1.5451504682893487,0.2607893269825971,0.25684769030870536,0.24048434933617657,0.11310831711463376,0.28212093302413505,0,250
0.7224951290820452,0.6124739725356084,0.5180888453848579,0.21753789587430225,0.125244570493657,0.10910558965586918,0,250
0.9641414184510902,0.39068109282284047,0.2940276986318982,0.18701402616036417,0.11586848011455528,0.1823584662964908,0,250
0.9076576430389077,0.5038521314540875,0.35954546369958074,0.1874851621931152,0.10521155319620684,0.1305064834542423,0,250
0.7554302721516801,0.6877004156068497,0.5367569293894093,0.24372229596383352,0.10646505418928348,0.09771171473047413,0,250
0.7242681138563621,0.619941209149174,0.5107042655235431,0.1798158467512734,0.10203811862026327,0.08406679994716355,0,250
1.0540716236902814,0.515486241505463,0.48993080022627084,0.24570403265916835,0.11922824125755918,0.12428423678371141,0,250
1.3092842590325617,0.3740696869325445,0.31620100769393705,0.20967771936495413,0.10518703333222924,0.17589793551117666,0,250
1.0270435185548588,0.45134390196765695,0.49374141976384195,0.24681515538022705,0.13368050387203068,0.13307506914057143,0,250
1.0397130197584648,0.5039485680532905,0.317541755379941,0.17832012020799587,0.09063288793868915,0.10824905111427242,0,250
0.6199790115631575,0.7004872355922549,0.6470537284200588,0.31413598935713255,0.15487314708568023,0.11414557174406889,0,250
1.0919947585177179,0.39286295018761985,0.4060509567945595,0.23106375373042162,0.12764584977856672,0.14600931486903349,0,250
1.4240886478471202,0.2603004487754862,0.502808565310779,0.29117612914861474,0.1476728797885673,0.2474868906873178,0,250
1.376761801179638,0.3313971839957866,0.04662970197605423,0.19292732673016183,0.08959353708718816,0.18754059258681466,0,250
0.9440852097841498,0.5709489705154585,0.4637279489019175,0.20021308959614453,0.09870163407848796,0.08911816517570727,0,250
1.3480241577653909,0.33742197808401897,0.376285909835607,0.25776070923106775,0.12591400256286073,0.21089490943589256,0,250
1.21286781882564,0.2840691561718685,8.532156408978518e-7,0.11010003464879087,0.06041028435462087,3.9724047740139157e-4,0,250
1.0448181642006267,0.43105720314324847,0.39693166297483023,0.23067251642499573,0.12671128286175445,0.16765813756868408,0,250
0.7619933543814351,0.5424579884865304,0.4452264239542522,0.19744002183133322,0.12423244798616735,0.13078872972661243,0,250
0.9270682452304574,0.5484698341947776,0.5063416777499872,0.2825904652163153,0.13916066343388347,0.13713767236074761,0,250
0.5809987201341512,0.7111342133777101,0.45754598240886535,0.17817899539487048,0.09848652134505194,0.08125872293504405,0,250
1.2850077096973522,0.3489016805897753,0.5204219088586535,0.24051021058073074,0.12588973332861525,0.1537068273148611,0,250
0.6009716503190026,0.696892402179949,0.4863558728245051,0.16931943698637308,0.09519372257928914,0.07872189063103026,0,250
0.9657193550118703,0.550477391329132,0.351283096313891,0.21328805803404818,0.10419460125175788,0.1290246360795824,0,250
0.3821065874509943,0.7907137741253162,0.6439687257106063,0.17768331075435803,0.10482882229825136,0.08525428127060292,0,250
0.8399145539487679,0.5928195766489844,0.624317508232407,0.3112352489064319,0.15468122462603953,0.12555647777342693,0,250
1.353281462738628,0.302440581382155,0.09757692006422679,0.18913955528046994,0.09389082901670241,0.19424564388509066,0,250
1.1965468897838987,0.4922738343050364,0.3420513073028792,0.246624302324474,0.10932471510669843,0.15863031627174526,0,250
0.8667746031483748,0.5698676857936696,0.40587117591046873,0.19374257602014044,0.10199972404474683,0.10008628600402633,0,250
0.632959211061666,0.6829901462160018,0.415834162201876,0.17552919854881105,0.09356108538824864,0.0881935272919872,0,250
1.7206217920420335,0.03176782212146082,0.9993561418417471,1.0758791269733472,0.6040264872889054,0.08194189031260567,0,250
0.9630865223009705,0.5210419314088319,0.533238562454038,0.2359499337923133,0.12368156672158456,0.10801148500729793,0,250
0.7175146945585107,0.6236690807474435,0.6997037188342959,0.31040456147925016,0.16627326838732315,0.10925820748352875,0,250
0.9538422448815845,0.42467323630968057,0.3611835191461056,0.20737972291424855,0.12477625869291736,0.17474740793604976,0,250
1.0984683449050132,0.5181398735172699,0.4964693445001126,0.2726405495005364,0.12377562977749111,0.12106533401005569,0,250
1.1592670900012587,0.4408993375074069,0.6626533580026084,0.3114636198336431,0.15756998212343803,0.12645815270598076,0,250
1.1009917426925908,0.5198244207294996,0.4555906848456328,0.334210079024467,0.15067344302092436,0.19254906000082847,0,250
0.9693907170432637,0.5258659514346847,0.6520006507245121,0.3571186026329455,0.17737966808518005,0.12775758390635233,0,250
1.2388063573075023,0.3670137455621192,0.44584075888595964,0.313183436518174,0.15756062605506413,0.25337417018866865,0,250
0.49432269340507395,0.7365792978996821,0.5150488683694342,0.1862648131989358,0.10342449150095594,0.08923016531121854,0,250
0.8531456629622952,0.541121356226297,0.5624517061635151,0.29479136044601,0.1610957166667194,0.14581626348476598,0,250
0.8724706272491437,0.585177283918444,0.5296273275332812,0.2925042999474455,0.14188572080132944,0.12239334800073425,0,250
1.3273421245268207,0.2172926649730131,0.08845299060110959,0.17229221354814378,0.09628829137727421,0.2986010168995671,0,250
1.1024574307381587,0.3521273219792864,0.24220442580449103,0.1863032608983748,0.10685844335553109,0.1800254496894331,0,250
0.48660858085336683,0.7731513671777202,0.6237655075561113,0.24765829375675877,0.1214488348035732,0.09222757282669,0,250
1.3551261814913271,0.37133196529250034,0.1790604837815108,0.23615450277457622,0.11034477976463829,0.236110075057546,0,250
0.7591532885730738,0.6774756295917528,0.6035656569415465,0.2507449077980403,0.11521045991306077,0.09335806373424278,0,250
0.9215385200671818,0.5379934137707392,0.6394646332467593,0.3004600845183873,0.15439404995950154,0.1150784900607091,0,250
4.426450760587988e-4,0.9997837577280588,0.8859288629660567,0.03469436898284593,0.01694898897827652,0.055134188272546125,0,250
1.2833705281189458,0.35164556586979767,0.3554334872225456,0.1886675865967786,0.09953086090341651,0.147615489626817,0,250
1.1364785778360968,0.42950579408901346,0.6140824868262564,0.28844301813608203,0.14592048269660213,0.11462751767923066,0,250
1.4936965088116245,0.294116443277594,0.4589246137070687,0.3129386413377041,0.14388040565002044,0.22913404642533425,0,250
1.1577454705374357,0.397387600330429,0.3721866511632564,0.2469983187217005,0.1297731980408912,0.1912605703754703,0,250
1.6980496303563002,0.22800306839400908,0.6425085243619589,0.3979316478657174,0.18043671830704566,0.29943249205825484,0,250
1.3377029776629363,0.29070668097409735,0.4615352476233294,0.2563977785699451,0.13456674158886608,0.17707194606881527,0,250
1.6958444647209487,0.24606118532628432,7.559660328049984e-5,0.15547595561040925,0.06366688173010182,0.013166354125309558,0,250
0.5330248104629451,0.6757805832935865,0.8321727118546889,0.5714009397020966,0.3471646261963226,0.13737485657949122,0,250
0.6012581376722403,0.657719876503166,0.7789689977163526,0.404525095898249,0.23305306357726135,0.1257956675168218,0,250
0.9995208622358605,0.5039413558821543,0.4719792999830736,0.22940990357360444,0.11812031071663356,0.11825252173256126,0,250
0.9471532263831491,0.5249281821066514,0.5579704719198395,0.32376148342500105,0.163130612213662,0.18634450273696587,0,250
1.2310169290590072,0.4595452688807684,0.46765556539220027,0.23258452143392983,0.10831962552866098,0.11075503596507914,0,250
0.5477920098354193,0.6768021509959521,0.553646626834221,0.18160804458914884,0.11199550130666285,0.08679557975036709,0,250
0.8607358752345663,0.5235865504376653,0.39173304076156706,0.177133566973335,0.10429043827582805,0.11878814024538256,0,250
0.6906104282107163,0.6894629573222929,0.6618492743801633,0.27084916410099036,0.1300325436204728,0.09296253268908232,0,250
1.1899657550949505,0.3856388564682765,0.49593280109117843,0.2637964964578679,0.13580614118172238,0.15528520846256408,0,250
0.9971882670617944,0.4865092476897649,0.42617544040869,0.20650832581067927,0.10945141529556247,0.11035237242653402,0,250
1.179375985380511,0.41268525613705354,0.3601833249245644,0.25912689680132067,0.12741092211118268,0.18756702693184324,0,250
1.39247772368683,0.30872980516600296,0.5262222767825606,0.2955043308932541,0.1438994889994223,0.18747351849840765,0,250
0.8719245731732552,0.5461619950146508,0.46986443361574337,0.23263530414995956,0.12535868638225056,0.12012184545354981,0,250
1.1157315352071615,0.4832208246037788,0.5569674060653799,0.403257744692683,0.18676066637093247,0.2114723003450016,0,250
0.9190775891589965,0.5507183292838518,0.5287679362248325,0.25239548494709463,0.12942554314363597,0.12332030387725267,0,250
0.7630564168927744,0.5940577806522878,0.45259164214619907,0.20176625557220873,0.11271774282683551,0.10435419695419122,0,250
1.467168318250257,0.38441534762166,0.21771471624266325,0.2997675689470948,0.12800603593631038,0.27574037090356385,0,250
0.9363918255103199,0.45486783763918,0.5734580422164463,0.2969847181651968,0.17048235878954093,0.16456915869170533,0,250
1.2252107141556523,0.45008765228098957,0.6043001459551092,0.32468226812620904,0.14943016818089067,0.136624551978679,0,250
0.9230721138679668,0.5006760521356622,0.5739493113464765,0.3278140253912606,0.18146264774308218,0.20286819490646255,0,250
1.3032892957740159,0.357660409597693,0.24614330296490447,0.1949027263474385,0.09601009542107616,0.1528220071333208,0,250
1.2692257786998038,0.35794178780493735,0.5508006994415702,0.27760763809706107,0.1411477099376438,0.15452304924007793,0,250
0.9550075025342123,0.5546717063728567,0.6445098980686098,0.3176120381087477,0.1579384884862574,0.1256781894178342,0,250
0.6946428740613408,0.619778742943117,0.5772533831739405,0.3691276718038729,0.20374303130203147,0.15936750683778422,0,250
1.2831597559038468,0.371064186733855,0.22654727930306892,0.23132769427623334,0.11521985223622613,0.23386070944370085,0,250
1.1100770798385438,0.49153196745681677,0.37889686027992786,0.22100974047412003,0.1043582042693368,0.11546057313202705,0,250
0.857154283559001,0.4940687986445873,0.399266202707054,0.2305253281955811,0.1414471252745362,0.21135215907340724,0,250
1.210113779966677,0.4158708872032853,0.43237054648783435,0.2526642912166028,0.12736904800043117,0.19125357843606447,0,250
0.987047474307173,0.5182407677372206,0.5729649745627348,0.32066661105671657,0.15782763771059824,0.14541795079621836,0,250
0.6504260034534441,0.6059109359786079,0.41082749484235115,0.21746567798341968,0.13454309641073722,0.14503089037904726,0,250
2.001481648009079,0.13025930744917377,1.1782802792998939e-5,0.16679192727691736,0.06455962783634686,0.0033575405427969805,0,250
0.5123949607029104,0.7044545884566826,0.6447575716620685,0.26238751772296703,0.15598218686205056,0.10893088981970069,0,250
0.8685542812989654,0.48809835886418107,0.34766079765718144,0.1916569394322065,0.11621968957015183,0.14642416265183894,0,250
1.1626945719014348,0.3727758907107607,0.17836818704596505,0.1915538983756494,0.10280201927369675,0.19550218598681754,0,250
0.8603839984224636,0.5541570128977638,0.8012348817829066,0.5270671791827373,0.2770171597366717,0.1451658628350619,0,250
1.2280270881297648,0.4739240167737597,0.5385054611182059,0.3001807178637778,0.13278884281671513,0.1302003397345507,0,250
1.427155297152109,0.3010802846608189,0.6426484894036563,0.33330327775113144,0.16346960436312927,0.17358316936749144,0,250
1.342569585650163,0.24455113417362054,0.20714115274213818,0.2321817336171076,0.1213193320710767,0.3033001073778518,0,250
0.7535069140916575,0.6273410559651857,0.4799363206758215,0.20834394756391744,0.11437110008038497,0.10447767556874141,0,250
0.22574013124296488,0.8751009954583647,0.7636708369170342,0.28691953811002946,0.1598098465093634,0.10113635529106328,0,250
1.207675550698479,0.4287340137015015,0.6060106499947004,0.30715187140235417,0.14798420511745702,0.12342743446538543,0,250
1.0175727275826387,0.5229086699660142,0.26800445161816316,0.16641029596738072,0.08377137548087553,0.11523394603325313,0,250
1.0950773628448607,0.32222672454662715,0.11042019718555962,0.19067103482247308,0.11335887855479308,0.2577744091801431,0,250
1.3726324811063104,0.32181097650031404,0.3232701787511195,0.21164741049772692,0.10977237780357499,0.2217510599327912,0,250
0.9635278375555857,0.5193259663484918,0.45713529545898307,0.241136799707709,0.12385010356503523,0.12660920639020645,0,250
0.9084559857782852,0.5482088327695006,0.3795528887828746,0.1885229609658611,0.09750939450141034,0.09047098016066482,0,250
0.7234769824019575,0.596197813527344,0.6863034756149665,0.28462652278885303,0.16512320097963176,0.11035412049984973,0,250
0.5931725098613676,0.719529014653167,0.39591724140857193,0.1470207291033987,0.0777848122754293,0.0729951024052309,0,250
0.4291630660161969,0.7699868455546557,0.6474623634429877,0.24573937860950754,0.1346439884104829,0.09552762520259928,0,250
1.3136340124315657,0.37811833659901145,0.4812554671494005,0.2728279861905304,0.1287648428538437,0.13985460855244897,0,250
0.9089677684904935,0.5782269347902486,0.5471557617145824,0.3764974549736493,0.17521903177061626,0.16773729805488474,0,250
1.3625275803094186,0.3752859182358388,0.5722123294131195,0.2805870186318639,0.13438832196486541,0.14273115278097143,0,250
0.6907665084787062,0.5843799828844247,0.857403347137551,0.9817189934541626,0.5901432815033201,0.21788880048453851,0,250
1.1466354080217325,0.429733885045073,0.31497492448012393,0.22340424559484606,0.11127987333965017,0.14669047000318647,0,250
1.30186682226344,0.4027669059260345,0.541361518363697,0.33538612990522565,0.16008686211489634,0.22413971284903667,0,250
1.6771599702674265,0.22492626846510522,0.6513820082552092,0.4318456687238727,0.1975010869251006,0.3386724505502662,0,250
0.7552009947014094,0.6050357323702639,0.5500330106937011,0.22375776450496196,0.12242006083151877,0.10067773661639963,0,250
1.0703663523347848,0.48478759779401887,0.4150244113332116,0.20963084219089306,0.10597316935544546,0.12478428364020673,0,250
0.9146299854781809,0.5934765671732726,0.39547511432280297,0.19083761938503147,0.09306889417279803,0.09691813076225707,0,250
0.7434992076225877,0.6376570183676608,0.46059140835851903,0.21083191968943352,0.10801316832669818,0.11042601462319519,0,250
1.4666107239163113,0.32524182391149503,0.1793699696947057,0.2903224149308925,0.13546883117648334,0.3584265604193551,0,250
1.1492329789084255,0.38431388036176034,0.5012764935902619,0.27845671462194066,0.1508123404594162,0.21269286807946824,0,250
1.331410737590012,0.42361103570261566,0.37980117393568497,0.22926133815796218,0.10443581953041464,0.12702023351720404,0,250
0.8635680125943552,0.6199613611011664,0.4702054831144631,0.24504790163506454,0.11394137211060151,0.11034619884417024,0,250
0.9409734232979927,0.5551807485961899,0.42236001415531355,0.25880561428144616,0.12782682262743486,0.15820520689032544,0,250
1.1424935743520634,0.4830583773613264,0.31743957302255227,0.19534229096112135,0.09460981169865279,0.12930321025583927,0,250
0.9997409958452199,0.4711001865822735,0.38396954533826616,0.1967195836739359,0.1084902146425767,0.13560932090661368,0,250
0.4952374517160664,0.7252628302955225,0.6821892482892526,0.2828783396953273,0.16051846587940904,0.10366087334743553,0,250
0.7099087696668759,0.6318284423623767,0.59690900855764,0.24190625599090787,0.13154914611709667,0.10075258426072135,0,250
0.8140921824888112,0.5555990704911703,0.711352594161665,0.3506866312320712,0.1956499047030829,0.13901107838243626,0,250
0.7362257526203702,0.6706334763516666,0.406201890292143,0.16551021918920786,0.08196862681165536,0.07517991902343267,0,250
1.0847940610083822,0.342855843047707,0.38719590476447646,0.3027833982257833,0.1796351830796946,0.3577765803060665,0,250
0.9487893869777708,0.40848179138948937,0.5094979243683062,0.20841730022240088,0.1327308917641763,0.1593976996632946,0,250
1.2288436051819631,0.41048654146506597,0.37082762710944556,0.2091977206725101,0.10314077736006401,0.12423480772700074,0,250
0.9776861256594963,0.4851613319537427,0.445891793939717,0.21569046856785914,0.1165723812314769,0.13083193469393042,0,250
1.197124984090119,0.3705000484060111,0.5011008413665905,0.22788341569120274,0.12110753271008522,0.15268392115741922,0,250
1.2836238858407285,0.31697266423448306,0.2412590683282807,0.2933912122923319,0.14878415170076498,0.3493265070043624,0,250
1.0869370187922553,0.454203853857021,0.4631262440512033,0.38894175366733946,0.19361766496719832,0.3015547171086261,0,250
1.0101267566726886,0.49299823307495433,0.5425687900765042,0.2426616656244661,0.1278049034686741,0.12319170053973652,0,250
0.9818554094108155,0.49073217532013647,0.3503288167574184,0.18749298774332027,0.10239699170112027,0.1289623255563986,0,250
1.2238471221849347,0.40412078936785906,0.30191142341360283,0.21047211634459442,0.10414684298128829,0.15540485819195757,0,250
1.244978891062227,0.35197237809303455,0.5907747182587599,0.2992550166107424,0.15994262526645214,0.22098776127109904,0,250
0.7317244310336283,0.6094650607969245,0.6035975168363406,0.25346463790459484,0.1412769599780098,0.11429894148265764,0,250
0.9012440103051343,0.5617425212329964,0.3501502829801643,0.18223802397007266,0.09600723613047216,0.11383630251426459,0,250
1.1894954231551689,0.3459477920394754,0.33393801497177994,0.23064817524987402,0.1250200245278965,0.19714418225758898,0,250
0.5818234899543545,0.6784632831356483,0.8223525175215919,0.5971538729522446,0.3295032816975317,0.13767161176780965,0,250
0.9225716164678225,0.568956294913528,0.46812290649567323,0.2596257464411719,0.12418442588445752,0.12267008672029972,0,250
1.3786441709917,0.3180002357855978,0.5159569499080358,0.2845482544672569,0.14341073731237214,0.2229389280502501,0,250
1.0251531694532,0.4657788237380746,0.2908885099602713,0.2122008998319024,0.11262705431916013,0.1521713376264953,0,250
1.4058517085736457,0.3010536202388987,0.3265845917215499,0.3078028436846445,0.1475095793102267,0.3191337573272755,0,250
1.2605197053969963,0.3707870943881407,0.5099204847720773,0.2864615247054724,0.14405725862128177,0.1774506444639336,0,250
1.1319465900231613,0.45780060706569226,0.49621766761329344,0.22404536443300258,0.11481220081048091,0.11578620000769661,0,250
0.769209751481695,0.5036608524877745,0.5355698958220012,0.23539052971103186,0.15221805751182615,0.15349542242198871,0,250
0.9109748831788967,0.5487831288274077,0.46761611381749196,0.20566398203043063,0.10721546331142484,0.09836441621974379,0,250
1.1803288353473909,0.4097688633318674,0.2573337592705226,0.25061836417140293,0.1258430987280617,0.2288498963568566,0,250
1.1049371501342022,0.43782097182521373,0.5043395100322525,0.26665103073157687,0.13752284833784933,0.15100663736139452,0,250
0.511623999875679,0.6813510607803538,0.7832790920228647,0.5025587353985768,0.3107592379139784,0.15009240464414936,0,250
0.6238170031491993,0.6890461767641369,0.7109788420401012,0.3029629038932772,0.15683221816014198,0.09964856782962757,0,250
0.5593782155084044,0.7332990118309803,0.6668172629934256,0.3690236597493079,0.18175076703504692,0.11229265141212112,0,250
0.8368551327929703,0.5592635049203791,0.5463706507144318,0.21212501389703342,0.11877827866093511,0.09437036914789798,0,250
1.448494993458237,0.15701899662443247,0.3198779491775708,0.2143837281603728,0.11745463038843028,0.3868524486664219,0,250
0.8318800447438554,0.5608976146969062,0.5644996996134813,0.2459194566205519,0.13438454818913528,0.12124873039746012,0,250
1.5754991581831859,0.1622147587893693,0.5675385323781097,0.30310323383602134,0.15551052695978224,0.29955016449352134,0,250
0.9900582813118542,0.563655739995661,0.510287170539701,0.29641441816557806,0.13286455155894983,0.12066730365046337,0,250
0.8046140349558266,0.5726570136412589,0.5463191558989798,0.31621029462758793,0.1707642462791205,0.15424486713350105,0,250
1.3249950746133414,0.3041931171571272,0.3558927434326535,0.23797433062325926,0.12043339237986536,0.22082660470582263,0,250
1.5533568650760161,0.2775700116755901,0.18319933732148463,0.21072833388471354,0.09493976653523874,0.19235442086975754,0,250
0.8753901088984724,0.5898325974724287,0.534754138834962,0.2950222199960433,0.14545163562232347,0.13522529702495803,0,250
0.7553031448085429,0.6171162738355684,0.6519972734447351,0.31865951342399174,0.16547399547707267,0.11688157972232943,0,250
1.4164742231871421,0.31276477544880643,0.5168251655045432,0.3439630516235424,0.1595949266817177,0.18629270092215106,0,250
0.8400078091024865,0.5640989164577944,0.5976025673819747,0.2865077079424702,0.15033158757359244,0.11379706726975333,0,250
1.1158449395959043,0.4580510709498872,0.5369649555287059,0.3207901905157117,0.15898187763180346,0.18737305420680272,0,250
1.0453472285797507,0.4698088832846129,0.48736320269752736,0.23565003464513493,0.12507667060210872,0.14612096777500536,0,250
1.2182223514276136,0.40804861842451123,0.581197568500002,0.3943864273545957,0.19127681115820355,0.23731067667273642,0,250
1.3102662388646538,0.3747980044937883,0.4223901115292258,0.248484780688467,0.11846869776318257,0.1603380968465457,0,250
0.8446413015775638,0.5746077306680587,0.6313962164870909,0.3103467668592119,0.15907016515184483,0.12582658648123465,0,250
0.4230438986935263,0.7777327282140003,0.8883978827366261,1.5827393534433716,0.8310017409603973,0.1819292712634008,0,250
0.7970021835651618,0.5856793433396875,0.476294811011605,0.24490724008467774,0.13050285837429482,0.13385928223843957,0,250
1.3347734723328826,0.3283433557167663,0.2428088648446102,0.26592976043472777,0.12896042072262306,0.26668460583844555,0,250
0.8939101503919491,0.5206091417512236,0.3865776627410159,0.2117488820381219,0.11634221883496558,0.1366581226716082,0,250
1.2941289693021074,0.33207905243458335,4.397989888775645e-6,0.11450383419538541,0.056953650829349424,0.0032662204335918003,0,250
1.036694733703213,0.4649906365155363,0.5064291913359775,0.30633960992493764,0.15610091713475555,0.16408716878853857,0,250
1.065846482765024,0.47827883862491083,0.4393912161788988,0.25750212792694194,0.12859757564868257,0.15545630055289184,0,250
1.3909850606972143,0.28989921529474083,0.2555201043927474,0.21926684898184912,0.1106731492830259,0.2481558528071954,0,250
1.0779294506577441,0.43505593889899147,0.29291474670671985,0.2877437792681301,0.14677862215685408,0.23731659787480483,0,250
1.4873751864598648,0.3169886935750812,0.35840928629329816,0.3197095522519736,0.14420581365370083,0.3106791712105266,0,250
1.1967996884709189,0.44037211776001084,0.3101303200622982,0.2366929204582011,0.11144915962381771,0.15587326105629853,0,250
1.081885669747979,0.41153163099642137,0.5447333074620089,0.268572822576177,0.14472339691861572,0.15809014353472658,0,250
0.5579882695263012,0.7040344548469525,0.6848495690905184,0.2745054261495092,0.15110177103114777,0.09918196490196718,0,250
1.306985278475205,0.29481464147532593,3.3947425050841623e-6,0.11952546239406821,0.0604891170463629,0.0013707151743549565,0,250
1.5615225746354475,0.15209032595595803,0.2793312676655608,0.29757618592575885,0.15305269052132806,0.7082654403831588,0,250
0.8486273684126002,0.5928300931956003,0.5162039337179379,0.22489501881405632,0.11413865802678366,0.10000303813187313,0,250
0.9949632947701025,0.4765866322131237,0.618858339573357,0.3937853728356321,0.20459262556916888,0.1901276896704284,0,250
1.3539073307482774,0.3413831715760585,0.24728111595616653,0.23965524934331447,0.11540791573252401,0.2292750584830314,0,250
1.2149794567801133,0.36186807259318415,0.3158136795142306,0.24626043352669663,0.12593079322820877,0.19648711276907596,0,250
0.8395829092258459,0.5436291937081729,0.5417129592445844,0.2113138847586909,0.11615774834957396,0.10917589361067716,0,250
0.831081199230224,0.5379116638260568,0.7157069359808241,0.3809007453499198,0.21358908873560184,0.14750247249319176,0,250
1.553501325873396,0.14075418904840173,3.715332947156744e-5,0.13745873774811623,0.06713003861544503,0.011685895541908247,0,250
1.2049302207302603,0.3460551233689601,0.33912751702762545,0.2561724756604535,0.13386720626596138,0.23470017712136895,0,250
0.7385498956871417,0.621150605620215,0.6756050056969191,0.3441384200339356,0.17823289195929468,0.11806567573815141,0,250
0.9786562720269979,0.5246692433853495,0.4692170040948417,0.24577651585685267,0.12270117865354485,0.1248252440691296,0,250
1.0967229521644628,0.4356659973911967,0.594047078463742,0.30233449053263745,0.15583143008884517,0.1395764279874376,0,250
1.103125515303409,0.41383234727636714,0.4692978358219382,0.2453292825342066,0.1329913577730069,0.1650937002578171,0,250
1.0593388675820465,0.5090911754770607,0.24940694199759725,0.18399304138933295,0.09031647766234503,0.125813504460787,0,250
0.5675122697079068,0.7002406750150648,0.5111441562622129,0.18904959879606648,0.10716501116984173,0.08572419100373932,0,250
0.7894062135046307,0.5588212180936287,0.4732255381807846,0.19955254881977266,0.11919140361618788,0.11781205362398098,0,250
0.43792272729386433,0.7791779921524611,0.7680243340404894,0.4071603233405385,0.20664010912635777,0.11662668674564226,0,250
1.1093437668782793,0.3989091049097407,0.5782517737790848,0.3825564595082685,0.19791840339971425,0.1693074776571113,0,250
1.113229035324535,0.4075181660833359,0.4589784361706899,0.2418329133021048,0.1306848142964764,0.16953600659480095,0,250
0.5078245258202203,0.6848655383552761,0.6430952256772098,0.2549781847581728,0.16032348894990592,0.11029190237798488,0,250
0.9677017307808491,0.4257670816733689,0.7371488862705684,0.47110013155665237,0.27149717379889954,0.23866651050890222,0,250
1.092827805010082,0.4741714985618487,0.29797899039332476,0.21450421048749702,0.11017611607362879,0.18365880634760023,0,250
0.881939650607746,0.5157049589371829,0.4761368837323389,0.2703323593103787,0.1487114139404351,0.16886850483105872,0,250
1.1332559071716193,0.43781673103165075,0.39228036478755735,0.26561195850615477,0.13396391964272567,0.18198273876591112,0,250
0.9306112386013271,0.5901341402275333,0.5985013685854662,0.2910992244401301,0.13517464047585462,0.11626842707671498,0,250
1.1124644078283863,0.5006446137179741,0.3327532866226413,0.2003631843462206,0.09782607054221835,0.1311349189408895,0,250
1.0848100433426318,0.5056002866222348,0.3726538788122954,0.20850616738097277,0.1000735006601924,0.11767040191503138,0,250
1.1204050261998852,0.4433534810368063,0.3201367294269106,0.23915770309078685,0.11845226792029678,0.1734755188126074,0,250
1.480161060038566,0.20916060327189762,4.022647366536957e-4,0.13714764838991267,0.06599466822957802,0.03553355601562359,0,250
0.9675526460805359,0.479173777477275,0.27331710800692743,0.16524209718555807,0.08927747626632675,0.10921679851100828,0,250
0.6884592495191177,0.6867144617876864,0.5742496979870694,0.2369483087141151,0.11688897308084811,0.08786542121920475,0,250
1.0801151533292996,0.46513695875589484,0.3998158253481061,0.26292062660509974,0.1321038339026344,0.18699918866041657,0,250
1.2156076362247514,0.4254735513476689,0.4791966505562183,0.31027335763286085,0.14729214470867755,0.1931986889655089,0,250
1.3327704900907646,0.26796798681042355,0.3610387749020324,0.2027812721488222,0.1108068999800216,0.21188911064610452,0,250
1.1325824532792446,0.37794168250924587,0.5043388283446858,0.30615426301966975,0.1622982171779858,0.2127124286657353,0,250
1.6639186325634203,0.179995980903244,2.021397477439661e-5,0.1501097508231078,0.06641149271409381,0.004212221861137638,0,250
0.9415394894927893,0.5072498585464661,0.3822069570537249,0.19703810440760805,0.10634057748495514,0.11123801699038821,0,250
1.1610425193081582,0.3883969498263458,0.4783863405044093,0.37369121961318824,0.19084104608542557,0.28773902033789106,0,250
0.8664801373847204,0.5917296432124253,0.4735761011479752,0.21158813350547734,0.1072211576537862,0.10695549172880883,0,250
1.080499531897642,0.456636604010678,0.37441578898383776,0.22850139164028563,0.11639404725180894,0.1491427328518302,0,250
1.1984656063678991,0.33230379009441885,0.18271029031260305,0.2053043296775917,0.11235212902543354,0.24567655520579093,0,250
1.0505339020452695,0.4682137796336734,0.5605963123124479,0.28131657439762375,0.14643805255076406,0.1418305206987101,0,250
1.050554578682893,0.4015688117021406,0.24474700232978272,0.20543648241931817,0.11687929776788258,0.2106733552235995,0,250
1.3522546271744766,0.2685600431731896,0.3914588660570514,0.1990450420053259,0.10629533574033258,0.16557382376581242,0,250
1.0318399457338594,0.4546179624298892,0.44050609662991164,0.2694411617500111,0.14495205036026917,0.19883276423703225,0,250
1.154554936742337,0.47623783569338657,0.44698208700650055,0.2663696147986735,0.12437746427272962,0.14867927466015216,0,250
0.9891788534554288,0.5460774509092896,0.5127502815759488,0.307563130385673,0.14385559048577867,0.1483907788830107,0,250
0.9093591842230546,0.5695942212518907,0.3157798668498783,0.1840902072694959,0.09304369924596795,0.11102845017671466,0,250
1.194773847012562,0.42292982609568736,0.482237290271908,0.2777118549181362,0.1395568302082655,0.19442521032930538,0,250
0.9791118294305345,0.4819187598616466,0.35968912290069777,0.18933663979941012,0.103827771410263,0.11946233531934633,0,250
1.0743084843340294,0.4495761509529027,0.5381823590387147,0.2980411900189185,0.15171937517026793,0.16482605760228014,0,250
1.1436215255408142,0.3468358120664221,0.3458001979521916,0.2181460414192842,0.121766707057582,0.20856158012862222,0,250
1.0491590102254225,0.4904544180389787,0.5363160584673071,0.23779247027703776,0.12087921547946308,0.10746057416642861,0,250
1.0674277477600884,0.5141269762005611,0.614090481513353,0.3377329224542993,0.16017850600423597,0.15215059103296852,0,250
0.9512307302127435,0.4790019362500896,0.4897899409932498,0.28464915489604276,0.1583573156924023,0.2016547410767528,0,250
1.4858410458404094,0.4036261641608417,0.481209357138014,0.3209921787778847,0.13356988371322898,0.17159235571399775,0,250
1.2278593459789424,0.40303761446736197,0.5503244892755251,0.3020743960088314,0.1492484841197746,0.17392906263278624,0,250
1.3379594167127302,0.346016540528782,0.2258109084886998,0.17522879642548295,0.0876326635704429,0.14853745112349828,0,250
0.6691972042673396,0.6307797444128407,0.767233614000191,0.631825508156151,0.3503949119197794,0.2048106373903507,0,250
1.4266934966388614,0.3169629296374543,0.3089186378396714,0.29516172938123864,0.13636587561646513,0.2680814143838826,0,250
1.4001070829516495,0.27580549717521274,0.49903597695056545,0.2517925059757836,0.12764352878516264,0.1725044703967065,0,250
1.0459161056156523,0.4673069923916062,0.5776075222836377,0.29139112259823563,0.15369523064724885,0.15620522275947635,0,250
0.7635352600942105,0.6441995893089674,0.4822546713294417,0.22794772208351644,0.109759404379633,0.09840086893167548,0,250
0.7271037915447917,0.6103507157832898,0.3944296333125706,0.16744272868295262,0.09677183713606606,0.09153190649343797,0,250
0.72429771298862,0.5861895288258739,0.6177730486067329,0.26996396741982326,0.15633198241058985,0.1078481642561605,0,250
0.8669665254363861,0.5569948640983295,0.5823404573341482,0.27826832455912553,0.14393930715757894,0.10952950661190371,0,250
0.9998441242094037,0.5156419137627066,0.5154204528239055,0.24584324537622207,0.1220509608984197,0.12205623281658419,0,250
1.1006411935866458,0.47908732525721287,0.4250725107749833,0.2085398797736484,0.10661860866214003,0.12490743745913037,0,250
1.2875445460522934,0.315098690259065,0.4275843814439448,0.2615797761861919,0.1348475105789301,0.22200333915906226,0,250
1.0339846083306174,0.4943019176768434,0.3960933660791095,0.2142577558130592,0.10932456374298916,0.12407599815255894,0,250
0.9791844952042738,0.5094119454511326,0.4971264555418424,0.22912506745155892,0.12152016490510052,0.1227345564928052,0,250
0.9839796840592018,0.49161550831184125,0.2947170636842374,0.17968276152547522,0.09869877641001491,0.12165349861176121,0,250
0.9971934262124145,0.49728076162140433,0.6756862669013632,0.2917697593331566,0.1572393547964344,0.11876052705551864,0,250
1.1496901213753679,0.44449444365314716,0.41780548710278864,0.21807187293013214,0.10867803187354579,0.11781817070580312,0,250
0.43733310008488785,0.7876148682815379,0.7809597372213571,0.5286340248842069,0.25829067805519773,0.14140577525935796,0,250
1.0512588894227202,0.4862313354730879,0.410235163980858,0.2339175221209583,0.11723944445600569,0.13900611257746437,0,250
0.9897569613694019,0.4900758857438531,0.5950758419707298,0.2914428977270503,0.15146020939859478,0.11294257029404503,0,250
1.042400274846329,0.4464548467862679,0.37530445729694234,0.2374054680584907,0.12624027606748534,0.1919627694316054,0,250
0.7918839008903313,0.6187191588290303,0.48948963564811665,0.23521923286898186,0.12419611982165848,0.12347304057319639,0,250
1.359324415273491,0.3196742779279669,0.23384558797788957,0.19795263756247344,0.10161241567583314,0.2185370051874723,0,250
1.0472487296297477,0.49218557612245695,0.6408796785841978,0.3224950753361484,0.1571399748445778,0.11492562955004956,0,250
1.7998590570794601,0.004835755950877421,0.999778770859802,0.46067020564185274,0.25120707466656533,0.07100149825616343,0,250
0.645062207010583,0.6491117997453959,0.40184038005366435,0.17189353804066998,0.09706689258553745,0.10540770590042352,0,250
1.1936461012923545,0.42900056879959514,0.4595011678090302,0.30634818732515257,0.1438810950073559,0.17533422467069343,0,250
1.5640969076196256,0.27978746507143143,0.4267770902788982,0.2786720976657975,0.12636486374864814,0.19716348652021765,0,250
0.6268201541115508,0.6956898411789278,0.6813468115033341,0.2936215921601941,0.14875231089880206,0.10069743717790877,0,250
1.1269372572561263,0.405718119877771,0.4790163853770268,0.2689484206819872,0.14178319690333827,0.17612316406907408,0,250
1.1047179278278092,0.34915745375966367,0.17481027596588614,0.1534583464526453,0.08900292210621534,0.150535320654616,0,250
0.9349182928556423,0.5389766825561352,0.4711209580636665,0.22622425739253263,0.11992920369535343,0.13450184052825634,0,250
0.8025200725241846,0.5714528087081289,0.6164591765164014,0.2840417204875708,0.1561203227116723,0.1288423796019999,0,250
1.5865540125711486,0.21292242926241825,3.7867253075986453e-6,0.13362339213141955,0.060494458876414664,0.002319058645494208,0,250
1.3049710597936712,0.3585592171853826,0.14809553863717356,0.29191471276664527,0.13740132026450094,0.2962595584112622,0,250
1.0877362802109238,0.5133613468332552,0.5039205794207474,0.3041186544534564,0.1391172559059152,0.14768625255409076,0,250
0.9157902529853198,0.5218446244909715,0.5619514803511304,0.23867134508737217,0.13271345893207154,0.12441270261847717,0,250
0.959400627720265,0.613950260038892,0.5073053336766837,0.23034455766709214,0.10215324979331773,0.08862334156566413,0,250
0.8761708497377542,0.5971936720486122,0.3862049813995556,0.20056816077093648,0.09749631617620048,0.10177348893144018,0,250
1.2686467234001702,0.42850586069893865,0.27973216911565235,0.23188528802388295,0.10675148970684434,0.1785089085770704,0,250
1.0619920965807261,0.46080632718121767,0.5100427415990182,0.24339821127439795,0.129439121955367,0.14125543575238433,0,250
1.1369856483811698,0.39501821008466614,0.2726082558257518,0.2164937430439215,0.11306150226061865,0.16255291724940196,0,250
0.8825087903458859,0.5417358659400893,0.6369652340574757,0.35168800024780433,0.18344646144975055,0.16176936647183657,0,250
0.8207163427423447,0.5387926772241707,0.6658803274559693,0.26004378050657506,0.1510570806429312,0.10264405266758572,0,250
1.356671436436031,0.4098837044289687,0.4356966315965778,0.29891473418212144,0.1321382374139556,0.17396258961111538,0,250
0.8587499668351791,0.6007771085792722,0.7982150158608233,0.6382435689415433,0.2961796787953709,0.14876337344203286,0,250
0.8675180540412059,0.5505899637664403,0.4840633344839965,0.2267195724972178,0.12183921136220874,0.10376288151021502,0,250
1.049276085590643,0.5004346553708263,0.5961058567125637,0.2753099593742118,0.13796576482928355,0.11840585331518323,0,250
0.9444670942048541,0.5314603586396323,0.6137516709966477,0.3844906720736842,0.19628848397317272,0.19314328078515502,0,250
1.174641136975182,0.41517704153055046,0.6226785904453371,0.33459737143615614,0.17455690534373852,0.18002292795297595,0,250
1.0842273374962967,0.36953883812291316,0.7065648459564686,0.4225672678905504,0.24269719102316803,0.23450506433744184,0,250
1.0855483345761523,0.45811367987914187,0.5391936935899991,0.25585046655617266,0.13072227707027315,0.13425335391068713,0,250
0.8835965052879434,0.5599542552578718,0.5617038855442642,0.29607992618235185,0.14775029953678814,0.1167917678610021,0,250
0.9717414896215251,0.4342308275293094,0.4275759306336569,0.2037884044996404,0.12186688173524975,0.15923199255300216,0,250
0.9303000507046831,0.5343342063241058,0.6378075715031429,0.41547164079975424,0.20457165843783784,0.152662395068406,0,250
1.0583884471983287,0.4553586600278085,0.5884976156969771,0.30506580780281806,0.1575680501562763,0.14898679477701196,0,250
1.2917893223030894,0.4054071911416072,0.3388087176795626,0.22072957294426349,0.10537416180054351,0.1587825125007947,0,250
0.9580449560591155,0.5137197203410336,0.5496491020136872,0.3334951248754483,0.16773642994815496,0.16389286045984083,0,250
0.99696283358095,0.45086118938958974,0.36718296939174583,0.20218270478043063,0.11357282134549126,0.14605625493780644,0,250
1.7074540871211297,0.18592295629159958,0.2910608062094116,0.23265059289689174,0.10835353786027342,0.338724916850087,0,250
0.8598120871573817,0.5932285560251084,0.5553605292913161,0.27590379053362046,0.1343363155657273,0.1113783230924265,0,250
0.9720870432838962,0.4626254168029341,0.5643978113052,0.29680754425790945,0.16971142243442638,0.1954759975110046,0,250
0.9503265530892829,0.5980442549573516,0.46441170715614477,0.22682196387673031,0.1012612959885225,0.09233294796502084,0,250
1.0812394055994425,0.5531279597097515,0.479232963305528,0.2406579414302977,0.10811346278706507,0.10635447518655788,0,250
1.4825083594447663,0.2062516270854073,0.47749447674970813,0.28679172579781714,0.1477091893676524,0.32159223803136644,0,250
1.2700398649064788,0.363831447670233,0.46274244418925325,0.2289427546940394,0.11612136822219324,0.1326878187796936,0,250
1.4030582372144778,0.433936723652131,0.447317226584734,0.276417429339946,0.11596794285036345,0.14103318926910224,0,250
0.8714187107379285,0.5677759829154231,0.4235546121169061,0.21947874624379857,0.1145582743069112,0.12950732114094612,0,250
0.8794285422807897,0.5456722692813898,0.41437511501502133,0.1722854663216247,0.0959495623069534,0.08903552753016418,0,250
1.2508063524350692,0.3505824254634952,0.12786713716020834,0.1851373683178624,0.09321076143920058,0.16610420134749057,0,250
1.284536836972065,0.27663315184746823,0.4678711551524376,0.26238952413425093,0.14323964531228547,0.22492984563857318,0,250
0.8038346980860153,0.6135278476729376,0.680168228934618,0.4087642710995666,0.19789648212249142,0.14504708837442803,0,250
0.7794872103639151,0.5313320777750518,0.40503431161763587,0.26283328659194866,0.15712165676345308,0.20659837458505817,0,250
0.8362909630823299,0.4850930930675011,0.5449352015082516,0.2072140534129452,0.13145191570515988,0.1143383277750771,0,250
0.5905451030913205,0.640444545746266,0.6229768331736409,0.23011336209472888,0.14230889274061043,0.09969176146867621,0,250
1.3321942276293608,0.3688666906787532,0.30728461022157977,0.2621819030010893,0.12301443060674412,0.2045866288890117,0,250
1.1481734139675583,0.4643704380791746,0.3177904449205884,0.19989065146219492,0.09713642189199005,0.12489211739298674,0,250
0.9037825121229426,0.6003017793252081,0.35550811981818137,0.16888168114036428,0.08397475715809777,0.08719893075168936,0,250
0.7923238843811887,0.5335660983184503,0.7684560187523817,0.4185803890665678,0.2456772526910592,0.1418752968034854,0,250
0.5426916530174115,0.6964811856242571,0.7456505746590818,0.36909021207333426,0.20703848205794817,0.1154251618462573,0,250
1.7256230306507496,0.14164892626459713,0.36945218871039853,0.27868273581814784,0.13372113845822725,0.5747015798259503,0,250
1.0502070652134372,0.5122747605248787,0.4654512419926373,0.590759364134141,0.2728233719717218,0.3917001724539208,0,250
0.7514096919784771,0.6085280145471984,0.4888892248113302,0.2297877338886406,0.12297830880909331,0.11725831665144584,0,250
1.4138283435887922,0.34288069155872897,0.03268897339374639,0.17726606022706354,0.08183881950238232,0.17369408842247624,0,250
0.9144214040778518,0.5189485699683576,0.5322797860555909,0.22757699473849988,0.12294340854390333,0.11387174128674263,0,250
1.192184053710838,0.38358151154014636,0.28155231498205524,0.1822486292156372,0.0966340729657336,0.14892309504137072,0,250
1.2804832662415178,0.3576005214963078,0.22523736781711926,0.23219410750337463,0.11298914653216233,0.2004594334499308,0,250
0.9226629567455263,0.558010737083416,0.5258333220721201,0.21894755058685061,0.11564739319451652,0.10432946931682509,0,250
0.9376974303501547,0.5208809683635561,0.4680589663011894,0.23267105255230217,0.11854487507511967,0.11563798242940333,0,250
1.0171455229813529,0.5291107208049612,0.4594241387199369,0.24285073015195802,0.11630856844952919,0.11272124734555802,0,250
0.8269619734838449,0.5777506447093372,0.7009060821387749,0.2983073143272278,0.15797957057151849,0.10744973878485421,0,250
1.1234062382651082,0.4005387354810624,0.3400957695215156,0.16915924560792356,0.09529434776179159,0.1222319782889061,0,250
0.8891209712832457,0.5489223965418111,0.39742210976404563,0.18057624304378136,0.09837652969202242,0.10149025999067456,0,250
0.9270276955539817,0.537239931512659,0.4549849121631494,0.22500831281386766,0.1171530653413511,0.12334883273395153,0,250
1.3170245893852783,0.4150362318653545,0.36285730194834515,0.26542435266935777,0.11951719194015244,0.17788565829079836,0,250
0.7949640134715251,0.6587235740634109,0.6958710521089049,0.3332285268496604,0.15033513187192324,0.10269856537511579,0,250
1.3143990646185746,0.3096039468962658,0.42223529247914077,0.28257708523657554,0.14398548066185685,0.24202806055732526,0,250
1.1980385978620596,0.49917994207114136,0.5348311587087918,0.27942634109645914,0.13347471441035091,0.14088902243689078,0,250
1.017501101901123,0.45348190241941067,0.32690937828248584,0.19098291057327849,0.10699340883482296,0.1541355321789938,0,250
1.2670774152373163,0.3332486194524429,0.6246924984344391,0.40114224323472836,0.20530365047246438,0.25510776247436645,0,250
1.6698519584216551,0.21236590032055983,0.5965045270233554,0.6209058824332715,0.2760239546595292,0.5972572550284205,0,250
0.9047904995984819,0.5498027970148973,0.3952228059158749,0.22317234136125938,0.11562146227018363,0.13685601100105557,0,250
1.124984977388325,0.3794235984477347,0.5302143856365892,0.27868864858967207,0.15309686475677675,0.18765432113663152,0,250
1.7521145147955262,0.11872144674907763,0.40718469243805294,0.2659936101786545,0.12665504186763085,0.45303142502459787,0,250
0.9350597718469881,0.47763734892279675,0.5196262237343778,0.21146343120173067,0.12308706551002098,0.10995377926421085,0,250
0.819483649767808,0.5741277783226653,0.5472618497035113,0.24651069324392821,0.1334752804296313,0.11983344989748512,0,250
1.3637784811359785,0.36219136398787743,0.3087894552919984,0.2970795717217872,0.13753974405440003,0.2688624168929018,0,250
1.0192504038279535,0.4641361677004453,0.6758819379434055,0.42430637176675906,0.21921307723975553,0.16030780963376806,0,250
0.6838021999174712,0.6300264505305027,0.5127018092721759,0.19425787108337203,0.10944191625375892,0.09160166946408398,0,250
1.2311258019140363,0.38983161895223756,0.3396741821746684,0.21730753594766797,0.10891439686541354,0.15712840708828724,0,250
1.0762699949308563,0.4266113058463842,0.3722549178532334,0.20390479235069753,0.11114785480416632,0.14927868383596588,0,250
1.2048893754998067,0.36526072143665955,0.2971092180878529,0.23232110622720187,0.11988993527204579,0.19671706928118143,0,250
1.535996826468048,0.31486841267837407,0.3077286206753102,0.2566274645252932,0.11176549546136652,0.19385566442958957,0,250
0.4231951778686058,0.7894616843597017,0.5250697301475462,0.16450226911377366,0.08858952871781303,0.08528587878057904,0,250
1.295469779821817,0.2734275220385603,0.39751675750051085,0.24732587051468383,0.1331444433053682,0.21550263740112574,0,250
0.5078687359531291,0.7747730310331251,0.7321711487661845,0.34025188380497634,0.15350264855073373,0.10195830039115805,0,250
1.036499666054664,0.3995683293374625,0.41142632553537883,0.226713789620431,0.1294274188694602,0.17254917730052918,0,250
0.8132550027561336,0.658857743474107,0.7336393747530734,0.40933097821752945,0.17927975950746206,0.11065404005582012,0,250
1.2456625687874183,0.4307648218381136,0.3311128670341703,0.2195220519137574,0.10443610524173463,0.15278053555061807,0,250
0.02965202932906604,0.98437269671413,0.8809345449609989,0.8338755802763058,0.43944214078836175,0.09904067979771508,0,250
0.7105827069991059,0.6826966612922808,0.6327418509598615,0.26456444926366113,0.12690623626121705,0.09757226579143792,0,250
0.653469587212024,0.6233146227635936,0.7145896897738033,0.3283211782463568,0.18951061679495723,0.12244214290613659,0,250
1.124037202556517,0.4475325360563543,0.4475627017178712,0.24704772248587503,0.1253383687783834,0.15016302021432001,0,250
0.888500201810486,0.5180819079719418,0.4568730543193783,0.22974016865547262,0.13260692840330304,0.1571661164533408,0,250
0.8248814079470133,0.6340253351310015,0.530438171772041,0.24725900321165192,0.11758411511386781,0.10219532899746799,0,250
0.8530721891699962,0.5871912193825308,0.5394857890836041,0.2945035853217393,0.14700845715728875,0.11563071811405111,0,250
0.8761230982864754,0.5292611953927145,0.5815688930077724,0.2617109955262024,0.14337077442376164,0.11843793822058807,0,250
1.1713772597971286,0.4255727704590216,0.5854327893499109,0.36221279861968275,0.17476478443106302,0.1807847598267699,0,250
0.8187408974154038,0.6354648094869272,0.5193908486655291,0.2528595443623082,0.11697571180629765,0.10342947133956176,0,250
0.815010219267242,0.5457448291405167,0.3655149761787588,0.19712830805082604,0.11179229734446909,0.12292316401390539,0,250
1.0423110522890797,0.5095344238751893,0.4772609978586409,0.2965438561487724,0.13932307152909282,0.14102317979820184,0,250
1.3903395618132002,0.4174554506605727,0.29454796277562756,0.20146828998165303,0.08923393910373562,0.12359684655489131,0,250
1.080112460854885,0.48509730700466924,0.4276279436932339,0.29092716122337847,0.13915400232621047,0.1674530679366025,0,250
1.1236061254088197,0.4358754213172927,0.49696284304826266,0.30842676959301707,0.15334666551452483,0.1807260283288651,0,250
1.23420412526878,0.4267236102590536,0.318828042961241,0.2088998704476511,0.10083196468062576,0.14606525056766315,0,250
0.8579315364795581,0.5158361018887141,0.4968502563004795,0.3130225261791382,0.17837399341880417,0.22678600939181626,0,250
0.7791974032561728,0.5993839294416622,0.4345230888686429,0.1923186331360874,0.10331374027283735,0.09754608496106819,0,250
1.3770597738994519,0.2775152870682948,0.27030194294988336,0.24295607699743343,0.12163218084862468,0.25004937368482516,0,250
1.7315649342957593,0.2382799661494849,0.18787660590001112,0.24082930851129705,0.10268594486979954,0.2659577715703879,0,250
1.618858841448069,0.2007784469885478,0.015158627490372797,0.1654406244970626,0.07645918927444714,0.21937307330668993,0,250
0.6610440485562721,0.6920585139048199,0.6194201370241905,0.2603407814310454,0.12531764789443653,0.09136979633399808,0,250
0.8985505222235833,0.5510351321684173,0.4578069113553102,0.1891327734744347,0.10128522214394728,0.09628819251633033,0,250
0.657446528748792,0.641339265178182,0.6237483248269736,0.2813667504631048,0.1540959963658493,0.11665356624399749,0,250
1.170333459899707,0.4063689234482998,0.35777902825607455,0.25400753237512835,0.13105535725426032,0.2220039767823518,0,250
0.9633631276875235,0.5244647549067784,0.6712180463882494,0.30875487053462264,0.1576219927780943,0.11451124239731958,0,250
1.188639966429217,0.399314210812839,0.30455807956562214,0.21082580787167376,0.10600836326519097,0.15284956828480148,0,250
0.7650109705364092,0.6293191769343638,0.6503135810852569,0.34772524162755486,0.17226448913676587,0.1275599361920297,0,250
0.962729731119034,0.5609421363326373,0.4793290107365893,0.24307177006988226,0.11639806542197415,0.1168442614220585,0,250
0.8975590291040222,0.6233043309915902,0.4763095880211421,0.26958271812268497,0.11761134586178583,0.11355113601134047,0,250
1.545172781638044,0.2564113532257742,0.552071569925298,0.28806317480599836,0.13499846977433672,0.19293070095487355,0,250
1.4577744880529422,0.33691841290285723,0.4890062578906012,0.3008782072587526,0.13448128412872357,0.1667095379057865,0,250
1.3808505170763532,0.35620936866669783,0.3144223443537048,0.2288114480091165,0.10653123927866458,0.1718108390420595,0,250
1.6666916465346757,0.25382066848230395,0.33259535380257105,0.23993843781440977,0.10968678286496453,0.2621598434438355,0,250
1.3703034729361645,0.3348398372041401,1.2586442670105212e-5,0.12067350566133113,0.056822516005155733,0.0040660936319254735,0,250
1.3057342474424183,0.3763457367367745,0.3732550302863589,0.2329404128944393,0.11171931728554793,0.15470838658417851,0,250
1.00789534721235,0.5313146772233165,0.6054389536936546,0.3318939098347093,0.15604187350145557,0.13288042577582915,0,250
1.3291294750200968,0.28747455743155487,0.1650936928926078,0.19669363431474654,0.10204338921512954,0.21818517853908292,0,250
1.3192456529626058,0.4271958321507302,0.3818883037014421,0.22651423017605696,0.10423488085255787,0.13338541083412878,0,250
0.956776250597323,0.4827727302577027,0.5290312107189605,0.2971864866662085,0.16530214638607182,0.20274895287368883,0,250
1.264780860011172,0.37759559374050056,0.3430682381255527,0.2181708335346037,0.10841733855365888,0.16980229367320798,0,250
1.1605745339554745,0.3456133186174446,0.4976820593271857,0.32080384814408663,0.1785801691080929,0.26121083194799816,0,250
0.9845823175503399,0.49029306415119933,0.32550419509126005,0.18513125248325124,0.10040506007168092,0.12313359230121534,0,250
1.2008351213395285,0.2885666010250976,0.2933450662473208,0.19326683148895094,0.11574979120465523,0.2591061320735376,0,250
1.1560054400136752,0.49981341530307566,0.6022444710084145,0.3520171889737608,0.15179852050688042,0.12549539366865523,0,250
1.0380449137513172,0.5247467878196542,0.5068538379225106,0.2819905111349008,0.13454841426266415,0.137382523837768,0,250
1.4656887082207088,0.30323764650813034,3.2580297095287735e-6,0.142392325443345,0.06373398079198812,0.0022571354177872076,0,250
0.9410240215557996,0.49539366183972766,0.5363824755780809,0.28956263537946725,0.15466770154063958,0.13416635143829628,0,250
0.8632833094689041,0.5883720238225768,0.3365210589106625,0.1924217827120621,0.09597309106546889,0.1005537243227636,0,250
0.8161578327026238,0.6026135402282747,0.582265947828726,0.2649157017883087,0.13433097923784287,0.10859438593310267,0,250
1.3468404491535935,0.39084515185977076,0.16937442213710624,0.2349173236852883,0.11071683746047492,0.24167923409212194,0,250
1.6216076483959037,0.2794153988610999,0.13447315309577165,0.19588138457794366,0.08518725190353617,0.1744291999564084,0,250
0.657587995957489,0.6601964558837353,0.6442504151313343,0.2865047623787711,0.15002117652978064,0.10622559103012894,0,250
0.7235168675500012,0.639176175253458,0.49711740986096675,0.23846134486727105,0.12337110717868349,0.11626052497419873,0,250
1.204570051203843,0.3470230134006769,0.32277686129151045,0.24432627203737564,0.1345367894948241,0.28725863633901977,0,250
1.0553320496259053,0.4045018268199601,0.513631652633082,0.21852752668228567,0.1253096217849989,0.11754947310367653,0,250
0.9096640760256363,0.5849893939161394,0.5081446976439667,0.22641795861961594,0.11075008536358374,0.08985972339028997,0,250
1.1971412482559192,0.44519424628117166,0.5794963180012965,0.36536625875608425,0.1732761649325257,0.19557321626782068,0,250
1.601371091625173,0.18442025247746488,0.1397765973178501,0.27345268864826855,0.12955057028424916,0.5007022472330218,0,250
1.067289319671981,0.42231225942786516,0.5070822830717496,0.2684764427977782,0.14525787623495376,0.14757676853562654,0,250
0.909134353366466,0.555863003955378,0.5510452936192994,0.32500106644391746,0.16074227416152442,0.16898003806394774,0,250
1.0912116495924935,0.4247443070278367,0.4689774848248734,0.280277079644962,0.14801846841683977,0.19293497957380173,0,250
1.1559776076337729,0.3215949174300227,0.36520511400971306,0.23349687075450123,0.13149044339549776,0.20670793197456028,0,250
1.0611324403037359,0.4378002222702405,0.4909990459049561,0.24900883681768926,0.13568977177629665,0.1616252551915467,0,250
0.9732759866463373,0.49651086582559606,0.5818868319845943,0.2964477074445315,0.15747083148419422,0.1508835446490772,0,250
1.1134155102645562,0.4215450930493859,0.5896303697939345,0.2993374469577217,0.15610242331970164,0.19587970135300586,0,250
1.058679095892146,0.38990936151362143,0.43332279130108387,0.22329198058126334,0.12768577261931469,0.15945813814277654,0,250
0.9521980417844867,0.5552162188612715,0.552526278291379,0.2536935931519071,0.12600201209708883,0.10559214872434297,0,250
0.8866760451860588,0.5764322238498645,0.6532536125846065,0.33030042061673714,0.16381623901044967,0.12885186549101718,0,250
1.0509838993081104,0.45145890266638306,0.3570559382626468,0.23296480079350337,0.12080471510959324,0.14556146113104473,0,250
0.8284101261690623,0.5680940958948587,0.40865023507599063,0.1920058806612182,0.10354939742073238,0.10239745085115005,0,250
0.8869951228734956,0.5606567565409717,0.6745246933937721,0.3447453577135171,0.1749604889331363,0.12931574674622698,0,250
0.9757244398456233,0.49843366909971026,0.5236408753863535,0.2945683212340432,0.14852519456326813,0.12487624622639085,0,250
1.1414951022737665,0.45678537474414593,0.5164389273667757,0.2846285101545668,0.13842607663392784,0.14418484126438277,0,250
1.3082343518973631,0.3465308249388423,0.45514922745284564,0.2785413782733449,0.13952015918109284,0.22221278667192312,0,250
1.292278395819329,0.48698044629465675,0.4415258544518704,0.3239375278055655,0.13324019725507108,0.1580928329310444,0,250
0.807199423722151,0.6051623325827152,0.7051252085230438,0.3516742929103526,0.1732110051693846,0.10318242598912203,0,250
0.9728962433071294,0.3619401524430594,0.4435083607034133,0.25355115929275923,0.16356417470406723,0.26760477782713166,0,250
0.7341244693929176,0.6446740907042653,0.7769929038833584,0.5562962411011283,0.2680486213717712,0.14591745110869445,0,250
1.1526533061459743,0.40419442364873537,0.5560299871402334,0.247047126609739,0.13063221443921708,0.12426137307546449,0,250
1.8985321608928216,0.0025023972012654357,0.9997491232635449,0.3817025747048335,0.19623608807594514,0.07691246068635421,0,250
1.7099436847627565,0.07835349962555523,1.4073959443876795e-4,0.14310253235190973,0.06659286363207907,0.02383246397076961,0,250
1.1990950038998833,0.394112930672656,0.4676193705126825,0.2826377484694148,0.14124540473559358,0.17178301163321086,0,250
1.1397841482951812,0.3874153182862206,0.2764106772095594,0.18415796566808842,0.09997173575456733,0.15893554853868727,0,250
1.09421156791979,0.46059979442231275,0.2142367132937903,0.2073551760741167,0.10512996538055969,0.177663947181166,0,250
1.4934392352612633,0.24473453224217373,4.2476821923995935e-6,0.11564823834759491,0.05457969808967668,0.0012522782740521578,0,250
0.5439345312423229,0.7260924017285467,0.7333321094043576,0.36877174698691945,0.188013182379099,0.11606225991709848,0,250
1.3050508672252314,0.21607996291447606,0.07352580882350643,0.19770178880205036,0.11288538089903555,0.4134697331843467,0,250
0.6101437575322148,0.7158602391820101,0.8700119431792556,1.2576332304749378,0.5869441062915007,0.1644190361028488,0,250
0.840920304287113,0.554290873958325,0.45521328812256945,0.23385418186587947,0.12822466717600123,0.13605257718590238,0,250
0.6164146833010495,0.6428591373399121,0.5376003060826405,0.3355790518532619,0.1930245688131805,0.18790243154007688,0,250
1.2509278982904022,0.37690498390213056,0.2504149200396281,0.24515378039452143,0.12186378363567867,0.24185715429365323,0,250
1.5524673865047263,0.25295863033970933,0.1321022594995344,0.18808217574478953,0.087371663902173,0.19291832959398234,0,250
1.0790865916930115,0.4430585503740685,0.37915891953868197,0.22115801803639518,0.11519271032045063,0.13937853167959152,0,250
1.275318177602069,0.39672635908882886,0.2214055905765566,0.24654503432102778,0.12154466904403835,0.2542809132227545,0,250
0.7442231791202135,0.6609260718787636,0.5464272741393721,0.21765881411898236,0.10735139505469217,0.08636014529054187,0,250
1.07754694545988,0.46838857617728924,0.47077882488629913,0.21393817439642912,0.11251846178929333,0.11942612885372822,0,250
1.0553543467905748,0.4801796228716798,0.32545721914566283,0.22776680657996037,0.1178189846795687,0.18240052087949662,0,250
0.7848013690888672,0.5854557434790396,0.567771386598509,0.24786887277715255,0.13296746301776569,0.11199928664110885,0,250
0.6105607781967686,0.7070378338957141,0.5575543306539897,0.22541253422134086,0.11415959822614154,0.09468426616650268,0,250
1.285700649166864,0.3774183455439362,0.3330912395135819,0.2087547488759797,0.10865461189503182,0.1897743965443466,0,250
0.5883439741687009,0.6340066597975964,0.7942578150277777,0.46712667901175636,0.28758679718841085,0.13695190625640147,0,250
0.8042360297448468,0.6300710308898164,0.522912581068787,0.22174825092710349,0.10850505159791049,0.08784671069312179,0,250
0.8345142028791642,0.6465973337263817,0.520276522763048,0.22326617353695705,0.10410352839989491,0.09319874144635043,0,250
0.9894864717096514,0.4469431498085747,0.46429747694275864,0.21308236126748872,0.12223186374349265,0.12315099705805876,0,250
1.0718582653318232,0.4514513937544628,0.286090341122384,0.18710240371234843,0.09910261784550231,0.1392872103175103,0,250
1.4418059171653625,0.40627627379071607,0.22737253937448246,0.23416314581886505,0.10033151427808801,0.18351357630503246,0,250
1.2549186765235525,0.4350042983011057,0.33213750280240756,0.24962233397592545,0.11235261553214777,0.15517076829481505,0,250
1.1162408571047495,0.44795838224197043,0.4110648536088772,0.22870588193940863,0.11668881436191124,0.1430122714869442,0,250
0.9424344977082133,0.530650972111269,0.48926069244135245,0.22314112833600835,0.11735749630905203,0.11598265946558364,0,250
0.9751153784283965,0.5309672190410277,0.6061850564477229,0.3434327715661192,0.1719128099772367,0.15969147862835084,0,250
1.1750750948053934,0.44122409297047493,0.2910926953095339,0.31655448452881907,0.15018109616791983,0.25152265247240424,0,250
1.0574943589810737,0.47355501988120924,0.3458265892994984,0.24439727036354708,0.12338618758892989,0.17639878832207667,0,250
0.9726541932746646,0.40526504544100755,0.2881813244822416,0.1756079369073055,0.10676005921910753,0.15062558602464204,0,250
0.6838277147097725,0.6559030850105043,0.5052026597271491,0.20638935844410533,0.10987339754258692,0.09506474220636893,0,250
0.9463483567837394,0.4791127812750757,0.2531248285369452,0.15543155071585846,0.09082651222274322,0.10509021397954059,0,250
1.2346791798251702,0.27631766054886214,0.24149272205076772,0.1900768617864501,0.11167678422550983,0.28418817078135955,0,250
0.7472733349601801,0.5750120789429101,0.6958129902141111,0.4583494990644801,0.2571412178677079,0.17746320438633267,0,250
1.2391486103113334,0.33181071332052126,0.1960100089680149,0.20492982668755017,0.10854507545729436,0.21331049967753932,0,250
0.736961642071298,0.6131511116259858,0.5996178876429124,0.24166578607235453,0.13216395520888272,0.10193549694259353,0,250
1.1723021046423938,0.44807985479845797,0.511989418173279,0.32476451793093475,0.15502158142421105,0.19144299654210992,0,250
0.9930568388407213,0.4617314764754009,0.5618552610000516,0.3244154301343427,0.17696793688695767,0.18816590912770856,0,250
0.9636534840194034,0.45844018773258943,0.3263004904357494,0.1779434635592195,0.10007886220972703,0.13274679189943067,0,250
1.1726954589394778,0.4443050145757067,0.35369552329930365,0.23142401293382878,0.11117789585051716,0.14275209364932057,0,250
0.9035244002534848,0.532727062772692,0.33746795522541173,0.21232039451971443,0.1121758063207355,0.14747611236214345,0,250
1.1876333195483944,0.4356117105114435,0.3368761052769455,0.22828130123651266,0.10917839308242842,0.14760572791732687,0,250
1.1865864154492918,0.45379103887937533,0.4371029405807353,0.25731346887163575,0.12412270420180017,0.17586484143533643,0,250
1.2348961571588504,0.34844196716934184,0.5096212888781829,0.3334914850640406,0.17446974184414912,0.2872390266185206,0,250
1.2160155222257876,0.444734993207184,0.27580724669052603,0.21169927817309245,0.09772095029930021,0.13169542750290097,0,250
1.1230911181025212,0.38686352512206784,0.6062187138888281,0.2808300421331548,0.1544678826769041,0.16933285659095115,0,250
1.0054348505657031,0.49518246014787126,0.5629782295463359,0.2557438690548123,0.13277336611542806,0.11663630483914507,0,250
1.1285877595103162,0.5114973810634617,0.3194186696315637,0.19490887090404535,0.09046011578115389,0.10984218249840441,0,250
0.873087896569723,0.6170836812107876,0.4279515330237836,0.17966795953808054,0.08760452493262182,0.07639902768180488,0,250
1.1083272158551782,0.5191574469037054,0.7105175482508154,0.3857814699191894,0.17090763440387716,0.12045655978077652,0,250
0.5959557804127629,0.6741695762975396,0.6875753118398424,0.3050329901073233,0.16872802970236664,0.11007220997597818,0,250
1.2321207708814028,0.38697882940662576,0.5953746336907976,0.4481749167770667,0.22257651255092215,0.3093122206702991,0,250
0.5937631485024489,0.705625186470309,0.5292590993567527,0.22425263361319553,0.11716947995281843,0.1039548411353113,0,250
0.7171796419207259,0.5690087140284059,0.6072749487705377,0.38086533370265707,0.2301137503763356,0.22011428091679622,0,250
0.8498218717071786,0.5545733552150377,0.4175777109909946,0.18128200951003448,0.10198981156909122,0.09709433317329379,0,250
0.753308064507654,0.6371059705934742,0.578874127203669,0.2941914033985864,0.14827825513663895,0.13357353060128135,0,250
1.09860240151567,0.47589164729642197,0.36457702668290476,0.19841388986376884,0.10013247915151911,0.11943949029807122,0,250
0.3183194226375859,0.8389986446328456,0.7525769241603271,0.2932989924595921,0.14964272793300026,0.0968899545983692,0,250
0.8597128315113308,0.6103487558481944,0.6380539794119939,0.30458018671166565,0.1410006867212605,0.1052745654984699,0,250
1.2908384372746888,0.29155823818046567,0.19406857840940941,0.19174850816014702,0.10154844602167697,0.2066153800420444,0,250
1.0317333757005693,0.48336147677319197,0.5444996541393764,0.2335068165312193,0.12376206963522472,0.11258820066376916,0,250
1.023349003922202,0.46834723451762184,0.3373763368969587,0.19668328802697357,0.10744112057573053,0.1532364553903232,0,250
0.6933459665550468,0.6520230068276455,0.5550960254831759,0.22998286902928075,0.12164986862539014,0.09800351445106713,0,250
1.2806642515388222,0.40241061867678085,0.5172595410286793,0.2693757344519167,0.1307294327729408,0.15150699588026892,0,250
1.2843535071079077,0.38882130616784666,0.4049609002279019,0.26514006270640383,0.12489341777526869,0.1580695978601827,0,250
1.2470817973700985,0.43860441296736624,0.4642552011332282,0.2828178884218227,0.1325393675372301,0.1782525816949342,0,250
1.0008630123574813,0.5112268442323497,0.47441804548509203,0.22470404852526316,0.11462865253241464,0.11375784015942983,0,250
1.3813320896105423,0.3544450344475557,0.35622901378753136,0.28377112585127534,0.1309835024843939,0.21577426685057044,0,250
1.2663678296329082,0.3720903904278687,0.32969000965492334,0.21955512774097272,0.1113875156169984,0.18540243757622596,0,250
0.73534343696512094,0.6096363838349916,0.7108848194696676,0.3183628952459641,0.1720446407606542,0.11287654310876465,0,250
0.7567264028999933,0.5593910171050516,0.6513216231388356,0.2667022021692325,0.15879449847879687,0.12336829988398954,0,250
0.818680301457767,0.539804056090766,0.5529273250146944,0.22430081842796704,0.12868239503770756,0.10452908924610733,0,250
1.1771807588865362,0.42023712902287724,0.25499004389215996,0.2634789685086963,0.12932402453090777,0.24054054522129475,0,250
1.1862291342863918,0.40476595619356986,0.4904648149491794,0.31542787660725147,0.1537801471772109,0.15715762040210088,0,250
1.131143044208612,0.44947744407596585,0.4536510416331498,0.2221017957997744,0.11252513976981224,0.12090572355195482,0,250
0.7831953882087561,0.5976193576710129,0.4365119913993302,0.21577479513365555,0.11697950249715645,0.13171589444192927,0,250
0.6828177516607202,0.6653011113214399,0.5473964557049722,0.23113683689515488,0.11930648788966683,0.10157723354888644,0,250
1.1736853354752514,0.4116401103199143,0.19352550043692968,0.1953686702506317,0.09889703876662323,0.17242507002564048,0,250
0.771358552744103,0.5357912857956324,0.4564628204022414,0.20913603599390365,0.1268791222603749,0.11707089472903844,0,250
1.0512211430187368,0.44267681930563785,0.3781559502409786,0.22547397838169245,0.12227481685609759,0.17777327370374857,0,250
1.2761479669419684,0.3261786208511396,0.33322264815387487,0.24130473407061048,0.12612101543612886,0.2279500214696853,0,250
1.3161337034514489,0.3929080030095287,0.3128186121840708,0.24138534402369075,0.11450081304791043,0.20317989998324884,0,250
1.3507280086395113,0.2616307012492248,0.2542111604312704,0.28759457952436673,0.15633212955561843,0.4812348803149693,0,250
0.0028104275162717453,0.9986759176793019,0.8806979659342254,0.17657647929792122,0.08319022725626579,0.06448586669533216,0,250
1.4223482060595316,0.2148643501439043,9.394772786226888e-6,0.12881022607590994,0.06528739676990973,0.0030298071536288365,0,250
1.0595031345647523,0.42744156313056303,0.3683908767985272,0.3525817085351787,0.19114055125630228,0.3553428091957068,0,250
1.366764569799708,0.23818652670687904,4.402434112887287e-6,0.11774445464203394,0.06001679072497267,0.0034198847404497638,0,250
0.3863215687163616,0.7938307067748351,0.7775360246055496,0.37093764771052257,0.1985664270464027,0.1139471606399182,0,250
0.7398976571344025,0.6367981348594439,0.583505997528605,0.24159687774999491,0.12359679154457982,0.09168147287831291,0,250
0.9209330680796081,0.5313554120997465,0.4395430685677532,0.2187218504747906,0.11590206854626643,0.12502944431281698,0,250
0.9879058528174663,0.5874509401738717,0.523394969210407,0.27067213834689513,0.11943824196416104,0.10776236795631082,0,250
0.9278411527672379,0.5091350134404974,0.5875764430175932,0.2725846965338995,0.14637007957519893,0.12256795407765217,0,250
1.1157322297363526,0.4356328917186308,0.4201327779797095,0.27467136917224033,0.1355721233026648,0.16001708474620008,0,250
1.0192537602051377,0.51725463655914,0.3293187674875073,0.20344803994773952,0.10416163449516087,0.11950299774606854,0,250
1.0461864672647152,0.5279568792917979,0.7517895261084279,0.5492400498862167,0.25446663678768794,0.1771170522923708,0,250
1.0971130860499883,0.5273572338267366,0.39301800505760853,0.20235114017521327,0.09523934595025242,0.10658428597012683,0,250
1.2230513479881358,0.30420499669519663,6.87089267469142e-5,0.11405143747626503,0.0610089672106425,0.018854683131580615,0,250
0.8196867962635074,0.6104429758304132,0.6969833530102088,0.3384127800085305,0.16695659010622288,0.11528601018035971,0,250
1.1349835859004769,0.41204944505323904,0.12101321836808324,0.18292392323390103,0.09600897091680954,0.1795134240268119,0,250
1.3553844641921193,0.3235938149095756,0.2870640980067009,0.2199663468281071,0.11019612397901396,0.21649276775153345,0,250
1.0782216765531678,0.5092657170537181,0.577419872139679,0.35557826944163157,0.1681943519431741,0.17621345575348346,0,250
0.9423310030919276,0.5384078252416041,0.44045717157607955,0.261221105356515,0.1330244331967111,0.16436738104872894,0,250
0.8230315643072023,0.6001972901643359,0.6540282126755772,0.34589345343673567,0.17136389396679944,0.1288061091568645,0,250
1.1027390067335683,0.3934934752417891,0.27413407635068726,0.21713166837152453,0.1186857174869719,0.2029554893148987,0,250
0.9927238123912876,0.5192959642481783,0.5224773161596611,0.294013977327632,0.1463291350755657,0.15536771744934727,0,250
0.6951271567163285,0.6812605671359324,0.4681716297014024,0.2071293028657516,0.10068840227380113,0.09880313496082244,0,250
0.8242879058924144,0.5076345366541701,0.2213828912287665,0.17739999753566468,0.10657707794448207,0.15367217357117044,0,250
1.2827404191041125,0.32308081909028197,0.3950668015424654,0.25525154198215394,0.13439121013289265,0.22737805363406421,0,250
0.7918365851615125,0.5458464851029408,0.5380240009558613,0.2361444099534355,0.13837726662815594,0.1204233446602778,0,250
1.015449450834804,0.49308469866201393,0.4158721304326638,0.20461559124657097,0.1086706607473429,0.1282050777925486,0,250
0.942452016959515,0.5293272100735048,0.3761303471797356,0.23705685671129895,0.12464512137010235,0.1723992223865998,0,250
1.0951356778666388,0.44787843023417173,0.38892113852426735,0.32156892309658935,0.15986040326830936,0.2376695518835679,0,250
1.0024886083057616,0.5139149760115843,0.434264014033134,0.21652423147580957,0.1104810982427171,0.11071938685721862,0,250
1.3992675707321232,0.2204922400631599,0.19251300810881647,0.24879614510896414,0.13533996988601094,0.4853301196292716,0,250
1.559178773065903,0.2138046132105355,0.22734028435943673,0.2164884175910937,0.11257643012491399,0.39345895805988296,0,250
1.4318705925044244,0.23389166614986548,1.1112267059930032e-6,0.12076671423416518,0.05945937262906125,0.0010132794224154643,0,250
0.7714802193946054,0.5835597624908413,0.46569471751082003,0.2140509570566945,0.1183218067998199,0.09847179923792275,0,250
1.0553762995542004,0.42708180372857535,0.6205078381037683,0.6484747377732476,0.3380193968189096,0.44518034715534727,0,250
0.9694991708900159,0.3973262538459937,0.38025960296924116,0.17008280219990304,0.10818842685906092,0.13444364560561928,0,250
0.9442480009861198,0.5408581425302247,0.45823324148656425,0.24672964990688132,0.12416813732856499,0.13404053626841586,0,250
1.7067706268534515,0.19675740747984236,1.7002588618848417e-6,0.1399009887246242,0.060047048693526,6.726300553264323e-4,0,250
0.8523194015893452,0.5816066332650073,0.6217683710978744,0.27939120213531077,0.14544190644232002,0.11184694550220432,0,250
0.8926468072274045,0.5525299561137811,0.48217976297107834,0.2743843838441298,0.14106777162176717,0.16747656014917253,0,250
1.3612658734467906,0.3839981169282364,0.2829673674934195,0.22921901451147617,0.10756562876022364,0.19806018544489473,0,250
1.225020447029135,0.32645601698082416,0.5171115248274233,0.2664026507078684,0.14453076514033283,0.1988844117417212,0,250
0.9552669669868054,0.4709220541487979,0.2724857336710093,0.19176898410379822,0.10792130065575985,0.15511100746455045,0,250
1.1721208935314347,0.4484539337147323,0.3289002065834385,0.25986508429875815,0.1251915081933606,0.21073344516056997,0,250
1.3303765958508884,0.30017540317897506,0.3117069866103286,0.23420134117343727,0.11981235693075337,0.23964677714194446,0,250
0.43262454022850455,0.7657421654383642,0.7813947766714173,0.36924984160900665,0.20155721304827567,0.10521433698026879,0,250
0.7413497312611687,0.6401894128408698,0.37413469571783853,0.18533262010883014,0.09605049804842737,0.09505004706926636,0,250
1.513735135462122,0.3331908942165087,0.447244743620591,0.25826303581719184,0.11650194207996972,0.14653418448508362,0,250
0.9776214122835566,0.5329377893537213,0.46345139330596946,0.22109779798726226,0.11336377337809928,0.11739156113017683,0,250
0.8028132224928338,0.5594497547308692,0.6885241530218383,0.3572221365828748,0.19562549448662653,0.13159765178887542,0,250
1.0159456703324898,0.5212693983408251,0.5038326574090554,0.2549478621059513,0.1238801855756682,0.1180373802589292,0,250
1.204562728826786,0.3340732138149184,0.3790275397896913,0.21261760278254208,0.11649577912518577,0.17792649922223563,0,250
0.8703804464217479,0.5627239424681035,0.5821533593848811,0.3105751063761039,0.15885273178549708,0.13384095951654418,0,250
1.0591249090169925,0.46626350095445457,0.5219919255415769,0.29534332874891356,0.1497965445410669,0.16522588991020204,0,250
0.6247237540763053,0.6702090957526563,0.6482233828008671,0.29714723670405013,0.1618977563584243,0.11860601885269467,0,250
1.075775974384916,0.5159334355424997,0.5131888133009981,0.2295684012448384,0.11135386267759022,0.09994468790938252,0,250
1.2005273959097755,0.3862962641353024,0.2955598525277105,0.20030311797636896,0.10244528254078546,0.14525179766955248,0,250
0.9939543557224002,0.47725740637074926,0.636687101305807,0.32067110661662496,0.16753422873203835,0.12436478106868383,0,250
1.1639041989856977,0.4287939216628097,0.3511695515898869,0.21852356181719526,0.10988823228771767,0.15573805574999658,0,250
1.3241699592878615,0.3861091875220901,0.3398729275257728,0.22348417822228817,0.1057352710651505,0.15391935515749403,0,250
1.3829260384718127,0.33830261209302465,0.1594806670523439,0.23243544497465282,0.10858195584779762,0.2032876668120101,0,250
1.3167656988218204,0.3528989084232921,0.3542013218578838,0.23337798797198342,0.11406688570827202,0.1592603133612406,0,250
1.159722643785313,0.4980855817530557,0.41705090610119183,0.27537371333222593,0.12180094164012477,0.14695231645775989,0,250
1.2998735540248005,0.40564256111491653,0.6200112216631638,0.3778818580277428,0.17220755027180365,0.163148171186379,0,250
0.7397711055521969,0.641714501861683,0.5666834306639159,0.23638808410279766,0.12131133259728268,0.10031793632623347,0,250
0.7392821711624128,0.5590490232100065,0.4895216861916495,0.19753560135086703,0.12213122831305616,0.12185185893196894,0,250
1.17788452178918,0.391876817880137,0.7122951933643092,0.41998961389784933,0.21352883858477623,0.16598870557643944,0,250
0.40650451797223847,0.7659531794392683,0.7066769441101277,0.25942185145367364,0.15123121492244213,0.1034427854946621,0,250
1.3263390270020248,0.36721832290383943,0.25274370569617916,0.20360955936984235,0.09988948461818586,0.18375412682116948,0,250
1.2468236253502498,0.3519261696397991,0.4164913109986801,0.24626461313598877,0.12997089727857317,0.2110974468989741,0,250
1.3398469729993205,0.28021682902597644,0.18822103765702575,0.18153622511611583,0.09675844293820703,0.2274254602245849,0,250
1.241990921508776,0.29296102802442137,0.6397392586119681,0.3819014189192014,0.20908767686443885,0.2490886753479607,0,250
1.1761269618286563,0.4010639325762964,0.07197831821326633,0.18118053860205546,0.09064983630372891,0.1721862460742469,0,250
1.1085442583503973,0.4303141698856359,0.6646550895506194,0.5543723698160491,0.28899031164425454,0.332615286419415,0,250
0.6495800098231188,0.70090274135777,0.4473813612105869,0.18894158845121733,0.09544607241290373,0.08582225238272892,0,250
1.3293944118712946,0.2824920113084017,6.250373004264495e-7,0.13044637827373975,0.06469709421443183,0.0022095912657475567,0,250
1.150749752691135,0.48198054899499365,0.18172349041068375,0.2158739543860489,0.10332890051644403,0.1834922882369215,0,250
1.312290729056345,0.3511975279632273,0.18586867763601944,0.1956790352883023,0.09890936033644525,0.20511416109428052,0,250
0.939109721776364,0.47576398876118925,0.5282016789036532,0.2370714617696114,0.13808763640029456,0.12592196369163058,0,250
0.9734734739412454,0.3263213407998506,0.6260622117175507,0.45298363863382146,0.2996846855646831,0.4158754055302815,0,250
0.7918687754813923,0.6048505626862426,0.6327845917001584,0.31914410260248666,0.16088183323784946,0.11819618200550938,0,250
0.7256165053884087,0.6286367126108603,0.6770403458107844,0.3262031300518652,0.1702060451451975,0.12812548965896994,0,250
0.793008053572224,0.5958293497783732,0.5248576481736265,0.2411000602300379,0.12574145419923502,0.10114486284075698,0,250
0.6629481285896726,0.6937353980583083,0.7492554385991895,0.36954133775735676,0.1749056184103436,0.10209572522355773,0,250
0.9150905369476557,0.527029799211875,0.44842930608282355,0.22351138955733252,0.1183921227434142,0.11659622068101923,0,250
1.0113986210470638,0.49541792847471855,0.5077075475155671,0.3160704098465663,0.1561537428399318,0.1551123056164609,0,250
1.0503266816595687,0.5154619614845213,0.6123937517790232,0.3111952997767756,0.15092220271162543,0.1358154102513685,0,250
0.7582105724561585,0.607918566271017,0.37000125208471923,0.18829140523418603,0.10393103387817383,0.12289902066682842,0,250
1.1221976245723198,0.481999442226818,0.43165694523323106,0.23506634910067056,0.11112647670293378,0.11258920539396595,0,250
1.1254443019846054,0.3666954690314219,0.3169774832509748,0.19551662456711077,0.10880602509949895,0.15463918400331317,0,250
1.019449360554755,0.5040256896601217,0.5757039729319153,0.3506863985618899,0.1701718133554982,0.16590886492647655,0,250
1.0343024834985162,0.4740094972986693,0.5885296811001254,0.44314462740361427,0.22389971822519888,0.2641038972749518,0,250
1.1138671539998461,0.41021370275010693,0.3739033115131408,0.22608973600924503,0.11959855874017512,0.16225953432437937,0,250
1.409021960065098,0.2919489315121693,0.29555477135144925,0.2387238048241858,0.12316146447229562,0.26832764105373424,0,250
0.35644927377589325,0.8272646336161535,0.7552878105490463,0.421162578327192,0.20769777041175674,0.11501225675875301,0,250
0.6341030399117146,0.6806786163591784,0.4364967794272823,0.18744602804692845,0.10111018778387704,0.09501183561336717,0,250
0.6552602394422031,0.6980517764342753,0.5434663227459436,0.20414538479093566,0.10469543973931682,0.08757262238120085,0,250
1.0871492790657857,0.4568404964101285,0.2288261882653529,0.1560819949928011,0.08158176682268246,0.10618876522597054,0,250
1.1637820409184516,0.41044417687959006,0.4046512923864311,0.20329908789704493,0.10835171975423463,0.14222915248419576,0,250
1.2585156420999797,0.36048195208024353,0.527860388196887,0.277236077030913,0.14284814085178857,0.16962943481066983,0,250
0.8379579083329812,0.5942828855928957,0.39831899692765765,0.18900690728816336,0.10010734344956172,0.09998338477436494,0,250
0.7453621890209762,0.6505040687640401,0.4677758660889023,0.18204396026420125,0.09389417976276455,0.08187796131914066,0,250
0.7941101653511554,0.6410364285773335,0.5989530209044441,0.25450063487223273,0.12272830087547838,0.09466288614400063,0,250
1.095090835441581,0.4757943176351799,0.5638659234466286,0.28614235489233886,0.13957963706173002,0.13393351833563505,0,250
0.4335371071677763,0.7766390889395831,0.679474257746056,0.26834841659786746,0.14367371444078386,0.10558123267524555,0,250
0.8500992346145558,0.5854843035489808,0.2800814127966773,0.17875083095096939,0.09222911279731083,0.1127540393055342,0,250
1.0157081607360423,0.4013413803722412,0.47549039714952646,0.22847948796357603,0.13536333725713132,0.16100956026230087,0,250
1.1499298001201983,0.40657452444393516,0.21048467534452645,0.23291956071297323,0.1186872136929534,0.21641345199763876,0,250
0.5769618430835486,0.6727236695496892,0.760162352352522,0.3740445413813346,0.21473750991085686,0.12074454926691786,0,250
0.7889650196962541,0.6230051669051007,0.4110657712904122,0.20200083936119356,0.10316234164295247,0.10384757759736084,0,250
0.610303295716123,0.6922814711751516,0.7106632445569822,0.3566394378336627,0.18236346623310273,0.11848621678747627,0,250
0.8749098283797172,0.5380666751972736,0.6091739754784934,0.3200177326497007,0.16961892892804237,0.1435833900172576,0,250
1.4202078120891126,0.29526768936162745,0.4609950949731341,0.2578725981104539,0.12669324242509936,0.18244107642630533,0,250
1.0451288201814646,0.4300765514242067,0.46278193553506003,0.23014574241844363,0.12721483809880507,0.15673791918441704,0,250
1.098152050191573,0.4893448757550734,0.32216956945701053,0.23032726425430344,0.11189330794307771,0.14688360288093216,0,250
1.2334254441067078,0.4639975093640425,0.6360615975779496,0.3661327671413957,0.16534165285444682,0.15993489760703306,0,250
1.0112204215277625,0.4758649821417026,0.44273743060976456,0.2345600174229511,0.1210271799180397,0.13498865158127474,0,250
0.8877364900163714,0.577747430090561,0.2910954162808932,0.17143645899894727,0.08642524754996075,0.09815406726528188,0,250
1.3989942522046774,0.3239912829791363,0.5901229780589848,0.3434288062415481,0.16340599857802252,0.18937643804032853,0,250
0.8480742317996053,0.5480102978166153,0.540572552929168,0.22358377641878754,0.1235844489817702,0.09972084178340239,0,250
0.8733381914532319,0.5196871725839775,0.49798228352106816,0.2140972616645759,0.1202386472504333,0.10414082766271418,0,250
1.2298567694234368,0.4097579271701934,0.14194281981307882,0.15712176017565882,0.07868488732979262,0.12994374107854778,0,250
8.02619116639603e-6,0.9999953007976659,0.8844660859370309,0.009343697510434157,0.005470580083821064,0.06047314873782272,0,250
1.0464295300715016,0.5009974606026832,0.4174056256033068,0.22808274699943903,0.115826869702555,0.14594280152784642,0,250
1.0537226386344882,0.4931663844412976,0.6594284721231445,0.3143522453058756,0.15508497987657005,0.11283350428150948,0,250
0.7987628559321247,0.558013002885817,0.813381847531071,0.665867971367717,0.3686057099212444,0.1923878338400486,0,250
0.7036405081085708,0.6069612284147545,0.43759858848359867,0.17683208330352607,0.10544789633961463,0.0979210676912049,0,250
1.6103657641486306,0.2681664924341656,0.4202580737007607,0.28837588507063205,0.12725963023831188,0.21020988006766891,0,250
0.9836972930861005,0.5491890249766351,0.6055012320731936,0.2602063992421459,0.12815532436841404,0.10005891864901208,0,250
0.8891836987668117,0.57145784837293,0.4450490801680487,0.21081495890743246,0.10721252158939963,0.10549331273107296,0,250
0.24829667122132482,0.8797330401784271,0.7385566408210857,0.27396357711421976,0.13463870401937636,0.10042745714904398,0,250
1.474892220476541,0.2404100457915098,0.08883589860315487,0.1689294013289874,0.0848933388300442,0.23483238874147103,0,250
1.134068670587614,0.3948135828081605,0.7086207443621615,0.39130218151930696,0.2073813021144731,0.17478828633738083,0,250
1.2537248611347336,0.33394619454868335,0.19700342361600137,0.17745073836294167,0.09400751113722158,0.17830398119228402,0,250
1.1191066988331115,0.45678882653056807,0.41804782920994876,0.25264968782226604,0.12707582906823411,0.17426627597930577,0,250
1.0077849529076426,0.48347070226890104,0.5572026182711257,0.25962788466478753,0.13662560121704245,0.117456819873868,0,250
1.3814588769449652,0.2649180082794119,0.16297733228102804,0.18889454877342698,0.09760276407668649,0.23127436513927094,0,250
1.2368735618884843,0.3297274834060851,0.2737319112453213,0.17539381495879025,0.09527547416474928,0.1497891757806906,0,250
1.2928216806984032,0.3898522395105962,0.597777918167734,0.34147722724515533,0.16627612063048886,0.19488432237373915,0,250
0.6290642340732062,0.6490227798763345,0.38151546601038966,0.1912167843664106,0.1081479520849681,0.10609708563057332,0,250
1.299013118916542,0.32697569494565976,0.36575054214980757,0.27455960661210793,0.13948584065234793,0.2612457751417001,0,250
1.2533352084441212,0.35645161916552004,0.02256139040800331,0.14427433359416003,0.07552480529022594,0.14799234884291143,0,250
0.3735859185893301,0.7665652701937316,0.5843287504436414,0.18390337714726984,0.1169680043954238,0.09856898763286222,0,250
0.5910675991292672,0.6832126888230786,0.39928620829845235,0.14913872316868307,0.08780242901353934,0.09021847524722694,0,250
1.596955822108973,0.21113866312439175,0.4607275646640147,0.2618916202189593,0.127685672423271,0.27067665851722267,0,250
0.8175752949765391,0.6184367316266038,0.5055288623049911,0.3048956366185827,0.14770617299377806,0.15905882761527365,0,250
1.060704337294504,0.47351598035923137,0.15295647585262917,0.1605077556474273,0.08170139523523914,0.11348454367387907,0,250
1.1913584384228506,0.34146027835277376,0.6616672104424696,0.3969303225770923,0.213892630898514,0.23924544385740626,0,250
1.3968227055002096,0.28361041317923363,0.22775751442196357,0.20348025970507938,0.10455969815998857,0.26253212508573237,0,250
0.9379804781705593,0.5136923012458028,0.3626313003055502,0.18047038956598577,0.1004246318667587,0.12216138506573809,0,250
0.667612395707523,0.659525867196782,0.6397808236086299,0.2606059007576466,0.13883432384162436,0.10067827980573185,0,250
1.2109978214553525,0.24779692285352223,0.4718850553979561,0.24682210902915713,0.1497103593813761,0.30529328721015303,0,250
0.7773912610968832,0.5982256480004036,0.7542422550321021,0.4221046470552262,0.21894146231232758,0.128494549139433,0,250
0.7221839997723944,0.6017659073840627,0.707426924920918,0.3506119567735961,0.19882420002435003,0.13678157772682734,0,250
1.06768624350145,0.526793998034556,0.5581484451243687,0.286485323506601,0.13292987650787944,0.12189996812339511,0,250
0.8965808570601589,0.558354331092084,0.4628065805378799,0.1983477265470475,0.10743471305662888,0.09765777305099949,0,250
0.7395798468915356,0.5628755053291977,0.37226571140633485,0.1671134510684165,0.10469616590056131,0.10306751455820821,0,250
1.1759412426576867,0.44385331207629225,0.6332169625471136,0.38409059693698194,0.18200557755132396,0.15995900224899504,0,250
0.5474457777002465,0.7272345574347875,0.762094961549425,0.47247096750971235,0.23656560076592453,0.1242641051950578,0,250
0.872518398008557,0.5374907522758737,0.48572264529476455,0.22188029165017187,0.12246871902370039,0.12145108570709705,0,250
1.0634749099051068,0.4200973464564093,0.6451199164280141,0.29761400634556806,0.16360655873690658,0.13233612538356201,0,250
1.0805155100485284,0.5232226545828638,0.4512473796799437,0.24578606859687896,0.11273014549651687,0.11431586203202951,0,250
1.1599789095413668,0.42309332307764913,0.5995392884018534,0.3653185499912604,0.17968724022483423,0.17505154488113064,0,250
1.4440362892190106,0.20086463933086102,0.4346919125418688,0.2067568152078609,0.11399841681801945,0.2432965267838231,0,250
1.1468887832986099,0.3407823282842095,0.22980360269777747,0.22049930938279974,0.1219937594419172,0.22941488970638146,0,250
0.5832512200787521,0.6999898486191647,0.8037299755343946,0.7099745314580566,0.3648957613948091,0.17767978466448894,0,250
1.1996310462759723,0.34261567500320494,0.1790267086014787,0.17696619670024138,0.09546490729828873,0.17292295204040897,0,250
1.1891996535909064,0.31425993573716837,0.19525473468579918,0.17311635810365458,0.09851506634466979,0.1999241566327919,0,250
0.9783607573618617,0.5264527856111662,0.5239865444086637,0.2393124964042385,0.1207066824354506,0.1070214236605059,0,250
0.9542242448241044,0.5123145291848992,0.5740690648242345,0.23586365329065168,0.12947843006934254,0.11348808861587666,0,250
1.409828305786006,0.32061085911055276,0.3147468059671778,0.24176174031844952,0.11650399013303986,0.22917045921049328,0,250
0.5514275828066008,0.745300800138368,0.883454070463302,1.5990690709132767,0.7389175952983598,0.17560502896522892,0,250
0.938644556455353,0.5062448354920703,0.2789966320680356,0.17991158184104106,0.0994277114038266,0.1343815984192962,0,250
1.168230941495669,0.46122419678347865,0.7992547309238317,0.55012282367942,0.2617851166234731,0.15340194175839195,0,250
1.3218935013749278,0.37903671746674483,0.4370173430772585,0.2498873132186833,0.12142726277343224,0.1909504226699882,0,250
1.0989182382600724,0.4283956039382712,0.6188121899745911,0.3530425378229023,0.1815773118416798,0.1706407810423552,0,250
0.9657310587141684,0.5000851954282381,0.594730042847447,0.3390643937928757,0.17436810974666023,0.15397099382777213,0,250
1.0730666793748231,0.4459656331078791,0.44768339647869837,0.37984386325180863,0.1956974866588436,0.3001314262663829,0,250
0.9476535359841297,0.4939407997625805,0.39135011440771544,0.2049618220019516,0.11112075175762898,0.1195181392851066,0,250
1.1954667739078977,0.3975123862186212,0.2809785936268994,0.23845847276208398,0.12343808611409746,0.2364696798006986,0,250
1.0129191653474903,0.5374551831962439,0.3686742866647003,0.22968781920372167,0.10670382094611947,0.10623477061916504,0,250
1.0841952196848479,0.4257639665287874,0.4588559202572024,0.30225411068744545,0.161382011514717,0.23800511643250608,0,250
1.3001089165257114,0.3614229590986207,0.3437687532211749,0.21188217429979483,0.10535470077083611,0.15721868020877014,0,250
0.8051626023269938,0.6278851941444383,0.5919000581183661,0.267718492006235,0.13028489527517761,0.10097780854478082,0,250
0.5122915806825218,0.7581420862889044,0.6979152354006036,0.2796259447524486,0.13608335775007127,0.09482488892998732,0,250
0.9192900410399941,0.605753076987751,0.6553930480924416,0.3251332553943563,0.14515835464442203,0.10487402765385644,0,250
1.5521256440878566,0.2445005597630449,0.198050180747476,0.26043427646271616,0.12792789069255683,0.42256650587404576,0,250
0.6837058560727689,0.6484101592472595,0.6191280347088313,0.2583012723962327,0.13908121720102865,0.1107779813256397,0,250
1.1225444828927273,0.36617833919072157,4.417156922842948e-6,0.10044187325827254,0.05503833395116742,0.002177480535425574,0,250
1.303895537518603,0.38739308207972484,0.3919862659488202,0.23206916279310902,0.11253495779085278,0.16429100945637046,0,250
0.9175996513580961,0.5344880654777441,0.36853740061426543,0.21802113405286938,0.11267838137477183,0.122361162827214,0,250
1.172809746566805,0.3624557293652792,2.5134400916241276e-5,0.10742474713026925,0.05659654287990658,0.0031767256987862186,0,250
0.8422962978714397,0.6170853467281906,0.4667230280257448,0.2170183986230968,0.10443273477764455,0.09223649409641155,0,250
0.9112049038147371,0.4613840959200961,0.49355755751899266,0.26788956261537106,0.15491101070262572,0.15205244410802612,0,250
0.6520431615604281,0.6522450580519097,0.38313790398668784,0.1471309203071155,0.08411031395427641,0.08271564486540973,0,250
0.8392670170508477,0.5809506242894944,0.4488860653117846,0.20562774925600644,0.10878030820751607,0.11108055880649045,0,250
1.4171643531781302,0.3097579518255369,0.5016851420288809,0.5578854527881598,0.2580880101729687,0.5667492489712743,0,250
0.9348350821687361,0.5275970547814683,0.5654861781440255,0.3487465023304409,0.17615150105149135,0.16453881307290133,0,250
1.0638613125079932,0.43038483734069544,0.6938407215542076,0.335756904252257,0.17791672773372347,0.15200986184316595,0,250
0.6724407521965525,0.70315142400577,0.6945071322850357,0.3753003939334473,0.16877227031018835,0.11506404333095459,0,250
1.046143863865132,0.48621791760149113,0.34732900577900205,0.25740015789592785,0.1330991038106646,0.21320707702702812,0,250
0.9922394917526606,0.41263496685715056,0.4138555633848707,0.21546125984619674,0.13077545579759053,0.19339122687042595,0,250
1.2222647312757966,0.39145087092907693,0.47227100385262244,0.22777351639040316,0.11685461191047657,0.13103363944656884,0,250
1.2415734382335526,0.3905735007342982,0.49284757364748,0.3350790299406929,0.16129575347894012,0.19451625401123768,0,250
0.7594965189207701,0.6049782812232026,0.39899740562722336,0.2010890694724195,0.10786279117932579,0.10292447858072032,0,250
0.6712406156476945,0.6573586727581997,0.7455608798074845,0.39671506284107894,0.20404522561965627,0.11366544949355405,0,250
1.162654983428862,0.4445130238321312,0.4453747781442014,0.29961350973917045,0.14235813136319003,0.18275111785919088,0,250
1.095842578609114,0.420108197451243,0.43605816704220657,0.2631334068753862,0.13680767637403796,0.15745797658320135,0,250
1.366901548520674,0.3635394692734046,0.3185823445252761,0.22376106096579712,0.10861958684838505,0.1843940126263981,0,250
0.9954410627969972,0.5211253716861205,0.38496982656319784,0.21351868343601485,0.10582120427055981,0.12683779019023403,0,250
1.1666188638328001,0.41291334127196094,0.09617725189689653,0.2500573034416225,0.1205319961747088,0.24543727357015033,0,250
1.1500377868749188,0.3512134163944049,0.35894727493504064,0.25141547259890057,0.1393876691164145,0.25566301443859596,0,250
1.1129527161559145,0.507903507464863,0.48532681588704096,0.24755618819859207,0.11495442961124332,0.10251992338546595,0,250
1.0381670526740936,0.47482308925941247,0.3515684094136565,0.19264622209013432,0.10162989314323702,0.12061423098423317,0,250
1.1711107556438562,0.4392726628316655,0.4095126712849936,0.2725390408826002,0.13593515824873514,0.2012912950137625,0,250
1.212382446199738,0.4390348902099337,0.33532447089973155,0.21215969354981312,0.1036913314164956,0.15196585598112028,0,250
0.8074644481656272,0.6046804333222787,0.37328692037728034,0.22639699284955883,0.11272515657957076,0.11850119675443044,0,250
0.8322021099057253,0.5476970069836863,0.4305102172287963,0.2237960115236415,0.12227828032865733,0.121566198704667,0,250
0.9350519505789534,0.48866029726314775,0.40875306023694763,0.25624898712052946,0.14288315912769625,0.20516637712543434,0,250
1.2483618440065936,0.3767883624403522,0.14037257498232386,0.22052270385528844,0.11034612165897824,0.23028211090493594,0,250
0.8222196813494972,0.650772886843666,0.7177742114591553,0.3613181556868446,0.16675356289325877,0.10149178267799626,0,250
1.6178689935274557,0.24344866943414203,0.12649818761954007,0.27707101755776586,0.12408217375834069,0.37612692777719364,0,250
1.128149767187134,0.46813314755654284,0.29781442958957977,0.1767951676399873,0.08953854117850371,0.12396786229900265,0,250
1.6737044626832878,0.2198731015155022,5.333035353533619e-5,0.15129232085121175,0.06445826083070338,0.0054820005989781465,0,250
0.835006694057873,0.5761863474216632,0.3918393729202469,0.32083586659173435,0.16042962718022213,0.19854454138260746,0,250
1.027681375546541,0.46959615716028485,0.5421185624529834,0.24407777501289343,0.12861148997146904,0.10903499910611018,0,250
1.0082507245047494,0.5003804267743177,0.4767229690491941,0.26261921519284864,0.13116707697663788,0.12551611276000355,0,250
