tau,kappa,beta,tau_se,kappa_se,beta_se,convergence,length
1.0723428004054576,0.5944812599627672,0.19493253087795973,0.08895971382796766,0.03603236643500588,0.04339764656333583,0,1000
1.112547324052266,0.55788216991525,0.12735838097928018,0.0847824303951189,0.03547535889640612,0.04580441742422325,0,1000
1.1292109549143667,0.560935672796712,0.1257307213094026,0.08442512154582724,0.03469048243037664,0.044484083479644464,0,1000
0.9342856117926541,0.5926420300884578,0.15888140681626184,0.0768637500431145,0.03552794967641568,0.042505087001054015,0,1000
0.9913457795114812,0.580955144482311,0.1853876719274509,0.08363435242895152,0.037283895359333914,0.04444562715935664,0,1000
1.000034772862463,0.5966882726935235,0.23940509776356195,0.1022096891071333,0.04285782091254428,0.05234074647976219,0,1000
1.0850835166707313,0.6031921663521134,0.192694370727814,0.09047052032851695,0.035124228594001654,0.03999298659035372,0,1000
1.019509363669948,0.578855146293122,0.15572532772220882,0.08416345475611033,0.03644137921384778,0.04567165213606615,0,1000
1.1422287132801603,0.5446193101868827,0.0943520237568004,0.0878702692298794,0.036224999939216115,0.04827226462142456,0,1000
1.0582824338750791,0.6076523486648333,0.17485669345733604,0.08304203471149108,0.0335544292322854,0.04007561443991934,0,1000
1.052712131177176,0.5686502874295988,0.14700793427961037,0.0879149279820437,0.03805063214185767,0.04892018860976809,0,1000
0.8467094534687843,0.6407945583147168,0.2779250337092194,0.09297344600907499,0.0417033663667359,0.04710097100185475,0,1000
1.0938598395737087,0.5725866743924644,0.20367921962164057,0.09770024541758929,0.03987284221932901,0.049821370293723855,0,1000
1.0466668970120216,0.5738385535302815,0.14612853177987944,0.0881983305814834,0.0374391546992726,0.04782361943349814,0,1000
0.9178501430077084,0.6313871346558315,0.22798984839737915,0.08619095717947736,0.0370428770774627,0.04272710829840784,0,1000
0.9977135469137642,0.5913575464357509,0.13756118967005007,0.0848586102896699,0.03667080306307116,0.04755019653646959,0,1000
1.0212955692964067,0.5937499890893954,0.2178175079384797,0.09651430982700858,0.04061837364534474,0.051321846005266666,0,1000
1.0576329232659913,0.5806371235907662,0.17916474560819917,0.09457978258532808,0.03943163066776383,0.05019275127779833,0,1000
1.0569017573166342,0.5856592778933968,0.17251912592060464,0.09369898545407122,0.038331070262205905,0.0475563685044501,0,1000
1.1091431347341516,0.5866794856731921,0.1905125964389976,0.09608421365253773,0.03798152232420458,0.048459235903249354,0,1000
0.945153825373507,0.6177459109318613,0.21209999150105474,0.08772977144272211,0.03773917724456531,0.04381532839244881,0,1000
0.9188216766475432,0.6187786082633936,0.26991407315643506,0.08736958062104506,0.03898795888543764,0.04384245584468125,0,1000
1.0469185626778612,0.5943663110711884,0.1789088741376851,0.08577969769873181,0.03536392977888733,0.042319480794574774,0,1000
1.0012420802575934,0.5823591076775281,0.16796834084326176,0.08819125631807229,0.038313664888488586,0.04757693273588445,0,1000
1.1017136941292114,0.5593660084148068,0.1471950060409248,0.08361618405168669,0.035506706767285526,0.044932963546372454,0,1000
1.1193725619495138,0.5647952281906573,0.16243648001668495,0.0892797868920725,0.03663701915665334,0.04621785009957271,0,1000
0.9689719447774838,0.6366094433976665,0.18264755418828055,0.08367184341864838,0.033868585228312216,0.03930877418618273,0,1000
0.8752857612840544,0.6309233150580669,0.24545684738356838,0.08120173850454482,0.036998300247181815,0.041739820519328244,0,1000
1.1368059088315323,0.5657304592963818,0.21204540861159415,0.10159606816887333,0.04073096726738923,0.05134613184165533,0,1000
1.042765858525022,0.5879755159491558,0.15146221749400354,0.08829665222281417,0.03685875895041884,0.0475662170144972,0,1000
1.0136744504118842,0.6249071983719878,0.20943007341839906,0.08857314005152116,0.035111723898179764,0.03966782698232296,0,1000
0.9351607804087141,0.6341118896112151,0.1945935019332797,0.08896458441424807,0.03702859089276625,0.04492363425568668,0,1000
0.9294854043565195,0.6136100164455732,0.2103572359393946,0.0852048580694725,0.03783618983499527,0.045531905680002614,0,1000
1.050956544841193,0.5779809625202186,0.14843332101076961,0.09420552520987174,0.03909734834535658,0.05012463458939915,0,1000
1.0560035429290509,0.5817578182983992,0.17572459468107443,0.08270392875697616,0.03486263802540117,0.0410609975235351,0,1000
0.9831137507623305,0.6046028703817413,0.1922708855682037,0.09334912242499785,0.03905433707417385,0.045557180267267974,0,1000
0.9568991127115134,0.6075786505022777,0.1447257057097217,0.07686689466352088,0.03365804429874688,0.0394814188318305,0,1000
1.0761506639723621,0.5573893823556053,0.14123563534339775,0.0938799202628086,0.040007644686919086,0.05317242201238002,0,1000
0.8268751907335294,0.6679304499773199,0.23021917021201976,0.08134930088957934,0.0352738128995738,0.03889474785700028,0,1000
1.0198431004958048,0.5841691108190085,0.2287936700846192,0.10239515782824339,0.043240213772929734,0.0528396945894055,0,1000
1.1418804366950108,0.5398347724668627,0.12370661324191867,0.08518062236857593,0.0358126143464092,0.04611316154446883,0,1000
1.0040436318291648,0.5918683919014326,0.1390018991908452,0.07772452656211942,0.03372999684831881,0.041030788353970934,0,1000
1.0413869496012724,0.5684719684778688,0.11850362582463647,0.08206355701625391,0.035597439925088174,0.04471530541620864,0,1000
0.9862885203242361,0.6074978471503457,0.20116037947025417,0.09433915541004509,0.039875374943608814,0.05116333803048261,0,1000
1.0813071385292459,0.5484830442207269,0.18924486159518608,0.09395212938286887,0.04111081686476765,0.05531437506276372,0,1000
1.0550539650230337,0.5653901508334505,0.23064623013366115,0.09587644109383743,0.04139052772385006,0.05195565880884059,0,1000
0.9227504124383198,0.6464920234375356,0.23175215037626762,0.08953284156026833,0.03666470210094561,0.040699736894518376,0,1000
1.2038556811024161,0.49463738847352723,0.10585013998226414,0.09543915050844155,0.040738552051777725,0.0602266225193315,0,1000
1.0276824300344785,0.5957005901674222,0.23094001127128416,0.09392867333487805,0.039013474834252236,0.045051908307458206,0,1000
0.9680702165525973,0.6242730466329242,0.2006394686870944,0.07979105963722981,0.03371078282030198,0.03794427545652925,0,1000
0.9096670977707645,0.620520184456408,0.3316816905397278,0.10499278052456142,0.045882585329386244,0.054113702961489006,0,1000
1.001411580652047,0.5797255068198766,0.2531788268998011,0.09348879708385874,0.04120781618101084,0.04723595180914656,0,1000
1.0721518644183674,0.5961073631418992,0.15137673043457867,0.0905826518095113,0.03611723254669454,0.045931235320226055,0,1000
1.052580655810302,0.5648030410315354,0.19955126702352893,0.08736573554084244,0.03805277100058034,0.04561624124016493,0,1000
1.061671381532445,0.5896136998113493,0.15459291527104893,0.08370331806447892,0.034589989239957104,0.042542595938769925,0,1000
0.9239217526398825,0.6186041987489398,0.1913019130637266,0.08787798208668429,0.038458043954918475,0.04780108896358531,0,1000
1.0608333747109753,0.6016047885684247,0.1792567819240015,0.09203727015310177,0.03669821740328474,0.04495022714248504,0,1000
0.9320058437404466,0.6042515227434296,0.20845310151320745,0.08838941096596822,0.03973778025073107,0.04820273632482609,0,1000
0.9702820123295692,0.6035671037818222,0.20626581607987238,0.09110218188065687,0.039236263186623765,0.047065793418198935,0,1000
0.9297304541073862,0.6374705587641036,0.1830040228412629,0.07838070979245212,0.03318917945834881,0.0377074790418998,0,1000
1.0889911359665398,0.558932093389803,0.17983826804718248,0.09427585220833791,0.03981098391299712,0.05142103343067282,0,1000
1.1066488882041063,0.5620559653966636,0.21019569634644406,0.10114199171057205,0.041780690827279414,0.053881589184448984,0,1000
1.1662317071912347,0.5141400609210477,0.11446642499424266,0.08685005281951765,0.03739413703555585,0.051209549240141955,0,1000
0.9766536565975856,0.6223696838967261,0.1579961783027272,0.0802092980296318,0.033450600209586435,0.03926181376173806,0,1000
1.06891182548933,0.572861687856007,0.15321644081138475,0.0844385701254681,0.03573233889188542,0.04458707605978011,0,1000
1.0761328549413958,0.5495436314210479,0.12035261166723142,0.08804907737463127,0.038078412762099514,0.05151338084618328,0,1000
0.9920586583666918,0.6193831290702253,0.21396235742565387,0.09933150837755114,0.039880051210984264,0.048229096458958426,0,1000
1.0369784295795377,0.5575195261592535,0.1196049941422498,0.08424660967647514,0.03726922696767504,0.04831928726037564,0,1000
0.9054968976067768,0.6539510791295134,0.21722462074774473,0.08475280362998631,0.03501429335629123,0.03890245116027174,0,1000
0.8548949880410818,0.6193699930527238,0.24927043573395868,0.09825534199327496,0.04490736755712919,0.051739135425475785,0,1000
1.023382131177802,0.5911255533220141,0.16704682340494031,0.08777898268743466,0.036987311968543095,0.04439446577738031,0,1000
0.9643303066387547,0.6454109599602685,0.21285044936204484,0.08756354207554938,0.03458461871004152,0.0400189605632658,0,1000
0.9137666330508052,0.6121113092893632,0.20940872296411978,0.08399447862466969,0.037903207156645184,0.04468683797891466,0,1000
0.9089902974508134,0.647145756893586,0.23222580165718942,0.09136651437434896,0.03788977043069884,0.0447851293355636,0,1000
0.8959617026526179,0.649017631690602,0.20728278524562976,0.07960982537503256,0.03381813076712661,0.037766688446828185,0,1000
1.0074124411331513,0.6077768663679994,0.24583791912734423,0.097057855851721,0.03998750781647993,0.04713635844770901,0,1000
1.0712045790209754,0.5720415068005554,0.20861706410591624,0.0952914953586362,0.03958975794715407,0.047628236806740096,0,1000
1.1596091098462364,0.5475656914614329,0.20548428429797805,0.09486349683276654,0.039009897522909155,0.04880143034645473,0,1000
0.9513917830727852,0.6319072998747494,0.24182389061677828,0.09076816012749005,0.03773424212827547,0.04320812114019204,0,1000
0.8992580943615879,0.6438674757859507,0.22553669887220243,0.096480309176742,0.040245103531480274,0.048566675654617815,0,1000
1.0725364173511525,0.5636585445360126,0.1557319387307502,0.08691884311171613,0.03699576457295371,0.04630530991232406,0,1000
1.1646210016972869,0.5742775860035026,0.22039933820335528,0.11662567027610667,0.044463492635506696,0.06086385558869017,0,1000
1.0045495266174647,0.6116170062815741,0.24650487652376415,0.09338583459056701,0.0384440160943154,0.043383327286397516,0,1000
1.035898543227842,0.6049652127737754,0.1776638679702325,0.08512148165038803,0.03480106929257368,0.041347893312895956,0,1000
0.9815576352937198,0.5969515355329029,0.16311280630946037,0.0926667081292728,0.039895529302830135,0.0523264314505364,0,1000
0.9162790304409534,0.6091138894450934,0.12642530172257505,0.07485354820230941,0.03371080960681224,0.0389487312351514,0,1000
0.8850234494538601,0.6431063356776932,0.2454545731184512,0.08664277400243818,0.0373733300385551,0.04073189881506231,0,1000
0.9826746246703246,0.5968185415761362,0.13017380648817573,0.07560246168623166,0.03301986004892754,0.03869887600617267,0,1000
1.052598036379962,0.5794618144869949,0.20029700145107038,0.08886832165728094,0.03766413124148843,0.04600393206400515,0,1000
0.9521008278604874,0.5856001189895247,0.25374756535952153,0.1047254401086675,0.046742436785905464,0.057435579458711236,0,1000
0.9725721339204065,0.6135806411123456,0.24370198949209276,0.09037086098214703,0.038339226641373673,0.04480985464358817,0,1000
1.0433733205577331,0.6064790944114006,0.15841529421056905,0.09548328664554193,0.03769999127846869,0.04786796564968428,0,1000
1.1716730017772077,0.5260902528869253,0.1529961582388221,0.09891312232421651,0.041130506370788696,0.05620229877604704,0,1000
0.9717167435189595,0.5859825818191249,0.25956964451890485,0.09389682186278771,0.04217963727609265,0.04939806322272052,0,1000
0.8975418886853678,0.6296309606580704,0.21629308831740868,0.0894005229381897,0.038970475332574604,0.04639290751469771,0,1000
1.026119337433706,0.592123492483126,0.2616226510743388,0.101841176026113,0.04270004993035092,0.053510288086080014,0,1000
1.0617784882612777,0.5738462583535938,0.12123211052411277,0.07862004568685872,0.03349268420004181,0.04287663568161238,0,1000
0.9368092443570369,0.6080925408613315,0.20613790774779941,0.08586923369221688,0.03826974427328418,0.046785422231151674,0,1000
0.8661838798851345,0.6605122339740954,0.22753462233341085,0.08027998168421983,0.034081125236701156,0.03637906171694293,0,1000
1.2163267931082515,0.5384602493413937,0.17805371165918876,0.11411072692782127,0.044294816913668586,0.06218254325972272,0,1000
1.024504649772883,0.6006032519386117,0.22651340519199475,0.0889058113729766,0.037431418306423755,0.04519519519621613,0,1000
0.9364637209841018,0.624854274109208,0.19573680720107012,0.08738194623941964,0.03696891289611941,0.04301988354502967,0,1000
1.019820250161411,0.6031932095125817,0.14298888029850268,0.08126717795010922,0.03386348150231686,0.04140517492266699,0,1000
1.137188523259061,0.5208782389017457,0.20245888709863455,0.09860997133802063,0.042678874269528114,0.05527701372127372,0,1000
1.131707512404428,0.534178241262917,0.1471479486401602,0.09384026028219147,0.039666112802357475,0.05210018983688655,0,1000
0.9668529742721662,0.6170317906882298,0.21506835814648842,0.088834820655566,0.03775528633486251,0.04619238207257943,0,1000
1.0747015129980773,0.5574815166253279,0.22048687183158028,0.10240754117645316,0.04357360855112675,0.05555087293300346,0,1000
1.1501360688243365,0.517929365626384,0.09102636828483612,0.09659716326173587,0.041051038966478916,0.059498852719164434,0,1000
1.1973482919556386,0.544835422754573,0.20379112849050066,0.10867720744943833,0.0425554172119409,0.056826357885940725,0,1000
0.9159902472229036,0.5925967785072611,0.20747155747728724,0.08296238640413521,0.03868088670113253,0.04447467786373975,0,1000
0.845934675791293,0.6690978690407843,0.29878867488251026,0.09366895005033546,0.03928697906547592,0.0425514545539862,0,1000
1.0100373781808445,0.595011981881529,0.20356406661461088,0.0900381352673895,0.03824004018282055,0.045922114813870867,0,1000
1.1546560214760375,0.5343574274637386,0.15081428765395793,0.09176261035557612,0.0384621619249951,0.05049309024085521,0,1000
0.9990505565229412,0.564564971372441,0.24117568618346552,0.09847366320571616,0.04440154593760891,0.05620803756832511,0,1000
1.062727024793271,0.5961384328006532,0.209730737057347,0.0952239053285134,0.03818410821451463,0.04603817634577796,0,1000
1.181776207824392,0.5121290428850638,0.07832741117660884,0.08307558589464974,0.0356659314001835,0.051324248574702476,0,1000
1.1928180166645344,0.5437607175897728,0.15059681605434483,0.1079406839607362,0.04229563914153269,0.058797217879096815,0,1000
0.9516128266613665,0.6159123300156288,0.11363369836853729,0.07918425150884378,0.03360595654631834,0.03961284883391194,0,1000
1.0053024806940198,0.6086577547480878,0.21332937999794288,0.10199483722131276,0.041320522245405646,0.050373210224077605,0,1000
1.1986626802514078,0.5063781909122673,0.09430379744694661,0.09552731956734437,0.04005630184166488,0.05845687138615895,0,1000
1.0577236559633258,0.579735136514037,0.17447849298650522,0.09439347092789668,0.03919087132319649,0.048911045308576755,0,1000
1.1069807569745502,0.5436906659542603,0.18783573662609354,0.10111112356653824,0.04270168902958776,0.05467349022520078,0,1000
0.9658574510341442,0.6084668655691863,0.22808139533189473,0.09068465797106365,0.03885026099076745,0.046515996150177416,0,1000
0.9319645580680169,0.6111201124674994,0.1807393149642369,0.0796817264927515,0.035330321595488115,0.04036097323571366,0,1000
0.8001683174855124,0.6864340682011077,0.2392376086116927,0.08093666344990688,0.034604703841402414,0.038575410751792674,0,1000
0.957963988673406,0.6123151394098908,0.27620457336205334,0.10333052253136041,0.04360015740820974,0.050685133150678616,0,1000
0.9551721341849986,0.6112393073976793,0.19709058539899707,0.08550434307161178,0.037062007469393914,0.04411455526717719,0,1000
0.9447422941676313,0.6416786733706534,0.220975791553328,0.0841688514747762,0.03448004447112488,0.03787432103816909,0,1000
1.0937106398166017,0.5670871046663123,0.17771418722282628,0.09428682249343917,0.039215910892205205,0.0518134437510342,0,1000
0.9584711487599055,0.6401425045857274,0.25435096794231293,0.09335360447986676,0.03775032851436121,0.042873170845520524,0,1000
0.8413576785957855,0.6516875918713955,0.2974103943642836,0.09900096854983934,0.04339572082026843,0.049301791431141585,0,1000
1.1462257081964706,0.5630788691425838,0.1124881370056337,0.0927300812642994,0.03699514169362592,0.05089864209061178,0,1000
1.0513839508466278,0.5807034167763732,0.21137508898110732,0.0909754751631189,0.03831704310444415,0.045619952103602486,0,1000
1.0238967016777178,0.576854635668182,0.2545267118806815,0.10496175507188998,0.04499869788735096,0.054254287479705614,0,1000
1.0327505761680902,0.5829394266140875,0.17232345792011763,0.08475668201983257,0.036531874612079906,0.04615272818594506,0,1000
1.0414060473184077,0.5682697582822377,0.17531358641465755,0.08749001377420432,0.03831752078663893,0.04874520020125942,0,1000
1.1644424833996005,0.515436034427396,0.0864967230298725,0.09016240113300932,0.03826902180692767,0.05375424277646425,0,1000
0.9878905833789787,0.6120164825433543,0.1265070387725483,0.07837663724913142,0.03289953357910725,0.03958540314309357,0,1000
0.8367259420266551,0.6523436113256462,0.23785918460911615,0.0830311906520856,0.036933014455964225,0.04030553438049988,0,1000
1.1640494882599555,0.5756467197102377,0.16998115636291383,0.1014983964007442,0.03831723447236079,0.04679015947166873,0,1000
1.0489747571912362,0.6011820753163422,0.16095965008417998,0.09494124054807025,0.03780207424126989,0.047666281310498854,0,1000
1.047493735082894,0.5731454942756716,0.13538257523604683,0.08199929566539961,0.03524356125971589,0.04387759524599217,0,1000
1.0499904680182375,0.5784343424404854,0.2306104604222576,0.10136299171941597,0.04246158812152564,0.053051930010332565,0,1000
0.932304469441609,0.5990740140023505,0.24390480113662882,0.09557520712935279,0.042936715034845384,0.05217073515670592,0,1000
1.0353123836020908,0.602305656045287,0.18441008545791376,0.09177682346768556,0.03721362770691987,0.04522727688840698,0,1000
1.0029975606928818,0.6235773484288137,0.26955306529404266,0.09280787012801299,0.0375059269245544,0.038256785505515,0,1000
1.1377299269261945,0.5826798386561435,0.1770439971087694,0.0949900863334104,0.036774783317067794,0.04550225674292742,0,1000
1.1856644740464681,0.5243020673558696,0.20605146920363854,0.09831335331201402,0.04103031464628647,0.05452989308398251,0,1000
0.947977314039094,0.6067687710491335,0.1685778542156346,0.07825642452775768,0.03501330863099825,0.04186092814602383,0,1000
1.2282841690718356,0.49908278168973713,0.03761384700155443,0.10267277794933784,0.04208191858352983,0.06690593213716345,0,1000
0.9310476770002234,0.6109490562569971,0.16750036316937167,0.08422774338830201,0.03709437726500796,0.04439051991077893,0,1000
0.9885667679818289,0.6102380564430402,0.2524194999510621,0.1016184841532197,0.04226305904907024,0.05040468410772402,0,1000
0.8558259238755445,0.6477683808491757,0.2204681025122884,0.0818570422133073,0.036245375154374024,0.041351820951340997,0,1000
0.8876388063292837,0.6489759269867784,0.24203008081352256,0.0880625623745662,0.037160985264547156,0.03969661447985005,0,1000
0.8517041753258335,0.6378640344288143,0.17075674720834164,0.07711724329265301,0.034797608900744875,0.039151158969776625,0,1000
0.7709092358059214,0.6991330620426348,0.2997021601765219,0.08788742137774698,0.03720380082098369,0.03854904204514121,0,1000
0.9295152571570101,0.6409514758380546,0.24801361392621746,0.08527029137742673,0.03574293660034126,0.03971958739584752,0,1000
0.9116551058031935,0.6481751595835432,0.1452860630720888,0.0764294855766618,0.031756863646635505,0.03605942901846164,0,1000
1.0491356115866193,0.5921397755139031,0.19053905797422896,0.0918999775556946,0.03774688258953163,0.045616620262308144,0,1000
0.8840195717662233,0.6632356665177822,0.2445288321069464,0.08850403623668039,0.036453644607093064,0.04039223131281765,0,1000
0.9548817533357531,0.6302079767051527,0.17428766240838126,0.08999184863070812,0.03672804162381968,0.044212096652440434,0,1000
1.2589258970835522,0.484225256569705,0.11569752926044095,0.09179396658948814,0.038703557479967426,0.05634610382900728,0,1000
1.0357231050680973,0.5703626102176901,0.2041795352474118,0.09226617172006239,0.04021038761800069,0.0509184089918645,0,1000
0.9107277552551587,0.6268558407717173,0.2604755230324584,0.09609541733519213,0.04163334140008206,0.04986171873074351,0,1000
0.9663971653415113,0.6080660140980344,0.21097718215850017,0.09248967130595279,0.03939702749150084,0.04740113151700011,0,1000
1.0068274328101936,0.6044338449263996,0.2163059177104034,0.09330336313037735,0.03853851533880669,0.0444111221250086,0,1000
0.9495012837416973,0.6339497666188618,0.1765247249643949,0.08926117980895894,0.03637869306750698,0.04369382792213474,0,1000
1.0093105812875833,0.6079008598520211,0.13163281337107313,0.08174574839508045,0.03353678090806609,0.0398497316702926,0,1000
1.1007892255634046,0.5471743780612033,0.10265126388155826,0.08672265344183464,0.03686358130413508,0.05015983115673942,0,1000
1.0652302863109464,0.5616721601302705,0.17024849668421677,0.08648976581878014,0.03777499017249799,0.04903478146475783,0,1000
0.9107698031550288,0.6412523938551379,0.21162616795209924,0.08913492737531682,0.03736035345773078,0.04391083871669768,0,1000
0.851810807130085,0.6565901290329961,0.2503328692234529,0.0853155258555259,0.037094246773813254,0.04167744151615623,0,1000
0.937323228838191,0.6134560452331124,0.21035222101576434,0.0941870880998323,0.0407997453574052,0.05001018474693798,0,1000
1.3583620601769568,0.48853383585117544,0.1045111880779546,0.10908769158932116,0.041876683553703144,0.06603919569051213,0,1000
0.9866953620704861,0.6096023922741896,0.2159570350345711,0.08781318285314715,0.037101218643932336,0.04365693645645367,0,1000
1.0796663210352926,0.5596771081467631,0.15865479621991746,0.0948332216451761,0.03994986803461989,0.05085897041188001,0,1000
1.0458335588365535,0.6124449692394409,0.18849349883415156,0.09483115365108001,0.037055529922762995,0.04456820366231521,0,1000
0.9158012988004794,0.6233576008403728,0.26487429387195893,0.09358013732888365,0.0408195161239806,0.04813866894067307,0,1000
1.1463656235046609,0.5448888776178871,0.17466617404449591,0.09189845273561192,0.038226964175982786,0.04890001618978942,0,1000
1.1466951117551984,0.5462005377367496,0.1650504020317237,0.099548839711076,0.04080008099841372,0.053618811684443476,0,1000
0.9466545650951694,0.5947979275514094,0.1542420387366532,0.07866281341399739,0.035688925576146564,0.04356765830747754,0,1000
1.0098542077834625,0.6032169428328735,0.19087561593590988,0.09049041037432481,0.037880107864970584,0.04841673028155786,0,1000
0.9485469206955293,0.5994553275888356,0.29903320973812964,0.10482495909320386,0.04610023866554775,0.05320826227417615,0,1000
0.9354144867544921,0.6171120838705229,0.2953629017623764,0.103366524607648,0.044505815789403595,0.052991338112997416,0,1000
0.9334150867703833,0.6384929360838445,0.29965391330502966,0.09548893382399529,0.039917490331566316,0.04463323845962406,0,1000
1.0905556943259327,0.5646281640108537,0.1535749648846704,0.0888917003607901,0.03735338792716897,0.04868872645688976,0,1000
0.8980442230890284,0.6505764950943134,0.17905794002144024,0.08118783364245002,0.033771051112703884,0.03787043294000544,0,1000
1.186668336041076,0.5319502789126421,0.09972016788437874,0.08606276008858453,0.0352220251643172,0.046152998003339635,0,1000
1.0570753771544723,0.6119282458942489,0.15228247489192695,0.08958420104601926,0.03492117940337841,0.042055438397867836,0,1000
1.1318429633495055,0.5210495827634778,0.11366291368738468,0.0841778828821437,0.036829317170896575,0.04927566940590033,0,1000
0.8488304698289669,0.6609691369042119,0.25885017702468144,0.08399005598634589,0.03665556536289811,0.04167513791128,0,1000
1.0268112255892556,0.5960664548344763,0.20482403336752728,0.09575722865198416,0.03935196924023288,0.046722961047879465,0,1000
1.0916785114463554,0.5228245931928561,0.14997371921704974,0.09214407820305355,0.04125389651724363,0.05530880291301502,0,1000
0.8983676289267715,0.6268406515594344,0.2222961857127838,0.08232894590170388,0.03699543463522787,0.04401142875012065,0,1000
0.8701624640153751,0.6582089613594478,0.2542708999672469,0.10499299044261425,0.043105422693191356,0.05078534486092824,0,1000
1.0484357372454014,0.5992547274627339,0.14349428859671576,0.08841753912048518,0.035536052450723984,0.04386532481721314,0,1000
0.9142162186705085,0.6437134018087197,0.2292150748315146,0.08571219881056351,0.035849577576863446,0.03996071377356493,0,1000
0.9876275598120087,0.6054545546121741,0.18015706467617465,0.0873344827036136,0.036898485720652914,0.04459298017354348,0,1000
1.013907096472182,0.5797493408907857,0.1647205985811744,0.08680586262904129,0.037848150448692504,0.04763952584441061,0,1000
1.0319372817584698,0.592782632878476,0.24136328460040887,0.0963856925457345,0.04029823516243878,0.048744949188115165,0,1000
0.8591434919455706,0.6564812621105268,0.2091427736034423,0.09030462508868563,0.03817514421862949,0.04546346690146975,0,1000
0.9033047872031135,0.6345182267477677,0.18451652146139394,0.08297161932765966,0.03558557898474719,0.04037254784847191,0,1000
0.9619576583991187,0.6217088834399901,0.2228170422847075,0.09202238608942485,0.038484809973470854,0.04376375765258482,0,1000
1.0389663029420024,0.57713083111358,0.17312468102413894,0.09973432197469838,0.04201285524054991,0.05599772136093118,0,1000
1.0653433935624914,0.557294828379991,0.18188171368943004,0.09303918154043768,0.0402719785145884,0.05231172326160387,0,1000
0.8991037623703576,0.62462415218201,0.20451463285964833,0.08305104836246796,0.036872305441141714,0.04190172995399041,0,1000
1.0472008222815659,0.5842121691641218,0.10020898790414927,0.0918010293185414,0.037947230402202,0.0520553699494728,0,1000
0.9336403522270476,0.6356835429319022,0.2712900434798682,0.09775442284086654,0.04052201594154377,0.045648610273854966,0,1000
0.9013458433541314,0.6337824617723644,0.16430217827890897,0.0900458396674166,0.0381048134066428,0.04569743617541407,0,1000
1.0313612315684424,0.5916371582919037,0.215718792301975,0.09289319823122352,0.03895489579643313,0.04718733988458557,0,1000
0.9500345655106042,0.6152072465824543,0.19700199023526205,0.08215957912902062,0.035921551068198984,0.043436775128058075,0,1000
1.048785242278583,0.5588780083339192,0.17357265176668152,0.09351735568145733,0.04059629364196785,0.053094850023287656,0,1000
0.81366750590239,0.6784003811711664,0.25219107031420096,0.08750861997926375,0.036975467498356576,0.040626795997370346,0,1000
1.0682595167340299,0.5492641431916456,0.16626393051145688,0.09546047295802108,0.041616030094706796,0.05663894515828081,0,1000
0.9601246042591774,0.6345688820892689,0.2786759647481779,0.09657830269759664,0.03939843955773743,0.04500029724078326,0,1000
1.0916896849001014,0.5757770535351443,0.2814355176555068,0.11267724943699728,0.04613960033480294,0.059900973932755015,0,1000
1.0820998441406275,0.5548644704468152,0.2466577050047395,0.10409537926274662,0.04433985738706208,0.054476322499486904,0,1000
0.9664202588766513,0.5980927356173914,0.19198830775880854,0.08608859870153038,0.03805157628419768,0.047275282501969905,0,1000
0.9603419442605224,0.6185769969956815,0.2598389040033961,0.08789162875831594,0.03771768819005601,0.04231595930322366,0,1000
1.0254645752433156,0.5956754463893325,0.1697356734654991,0.08508314545235093,0.03545677781911769,0.040820719803559925,0,1000
0.95989845624017,0.6162610118947188,0.13605658199459347,0.07729105426406402,0.03300401985870768,0.038724101388088066,0,1000
0.9059162871736478,0.6229762598814998,0.23229763954868454,0.08972879300459541,0.0396199636247085,0.04719165569622102,0,1000
1.0823279268941082,0.5573965055960888,0.1347448897157115,0.09247855241194043,0.038937185086212425,0.05139413791238199,0,1000
1.082220543366517,0.562053951022521,0.21044487235773535,0.09842810268980884,0.04151833692602355,0.05126758485511444,0,1000
1.1033886935789563,0.5372916482665011,0.12432386109240669,0.08607739558325635,0.03743002861998617,0.04941965688034745,0,1000
0.9837347068654378,0.6358320913237867,0.19674239933516202,0.0937865094850399,0.03675798444450347,0.043952535001644824,0,1000
1.1503822345552783,0.5160293671688618,0.1325645203159433,0.09785594426208291,0.04194386452882068,0.058129604946709476,0,1000
0.9464617371633136,0.6033119694797222,0.2417450368232102,0.09195155824831064,0.040530386475398035,0.046424992024685724,0,1000
0.9439638515251411,0.5930460876112309,0.22518068963053364,0.08871835276980847,0.04018528552385652,0.04713632506948197,0,1000
1.0093822979680116,0.6001841901633291,0.25378962793321835,0.09320803602113187,0.03940927616115904,0.044975662305523495,0,1000
1.0727264641186633,0.5881758029773886,0.18675653010746154,0.09159810949654706,0.0373549077483035,0.046666030081170845,0,1000
0.9921607851426587,0.6052402781297482,0.16261120644677446,0.08482861397230496,0.03588357932050499,0.04435542823869784,0,1000
0.8870894973608181,0.6492479486401929,0.21928200222241254,0.08489588893963347,0.035921539876776584,0.04052863166507191,0,1000
0.8968225538341597,0.6293043065599753,0.2560038966217351,0.08359474996080887,0.037223642320113985,0.04122230727576375,0,1000
0.94952060424991,0.5994341462935445,0.2380201964745015,0.09722480401124887,0.043012712545669324,0.05399141662477321,0,1000
0.8658573159862901,0.675540606650065,0.25629625889012686,0.09588637885012172,0.03830732389746789,0.04442907379128661,0,1000
1.030983142835363,0.5732674378572233,0.22161460408646141,0.09322308155422701,0.04091294051365859,0.05146827244737368,0,1000
1.0388498539142632,0.5924448605885823,0.14247836357585372,0.08277667131223014,0.0344423995175255,0.04238835872954991,0,1000
0.9445655363377268,0.6121726802946121,0.20547391303474322,0.08548850742495995,0.037263120992954785,0.04333590523993168,0,1000
0.9588717392627165,0.6003232787754532,0.16917656767110728,0.08202251384552157,0.03642263761288385,0.04478205087713289,0,1000
1.0484076757879437,0.6024958607535262,0.2096808330688759,0.09279846424833786,0.037448733220183675,0.044973251121649106,0,1000
0.9763964443792537,0.6448188559539367,0.14205509779117306,0.07987019938020701,0.031421129197045004,0.036891563508039175,0,1000
0.9977269306809996,0.6186338655136489,0.1256391788871771,0.09391682490602937,0.037289927767598804,0.0472630167343278,0,1000
0.9699204197892471,0.5993164907791748,0.20915475633095668,0.08679503367383444,0.03804503978840974,0.04472019857801446,0,1000
1.048978987350304,0.5819223957092896,0.25349411804559396,0.09807133412431769,0.04087678518041622,0.04665460417468137,0,1000
0.9081564109904408,0.6323884942611561,0.2135220642386236,0.0805463102008066,0.0356089737304846,0.04177357948571021,0,1000
1.0142498673582636,0.5750662610074885,0.14248213973080323,0.08549203341191386,0.03713277420459879,0.0454015241309813,0,1000
0.9195637993645872,0.6462894470910888,0.15267878284344572,0.0806878990898062,0.033359961744534,0.03906409367254431,0,1000
1.1838405660002134,0.5351203110402016,0.26563884823031825,0.10857386332234138,0.044605060675572544,0.05782884008841242,0,1000
0.903558286397384,0.6273674425717339,0.23616635307914985,0.08970542071851277,0.039113315884369095,0.04521724147247525,0,1000
1.088054384381973,0.5366924622447654,0.20693639856862214,0.10475634291423745,0.045316697196049395,0.0575965961106786,0,1000
1.170324843995289,0.5171841261223253,0.07990298627189399,0.09203725996763844,0.03856689506783904,0.054474870457872825,0,1000
1.1075815667656912,0.5618589677419353,0.20171530140938354,0.09502410875278311,0.03948063124732552,0.04955870728314024,0,1000
0.9853481873105424,0.6231010956061581,0.21881172254995163,0.08864351240955691,0.03640646313637962,0.04237951982857628,0,1000
1.037288758870374,0.617424763206022,0.22978276918908913,0.09731706929555074,0.03834068760914995,0.046358111505410304,0,1000
1.0476172726257849,0.572064591945238,0.1806652138941792,0.08830904376973613,0.037980229039410465,0.04723136019571342,0,1000
1.033699922359248,0.579773162013777,0.18665925129352934,0.09584584178545823,0.04060329987908749,0.05145638385495757,0,1000
0.9574027486575774,0.6037669787027459,0.1752093133058846,0.08319327943228605,0.036485626392479584,0.04482630729271706,0,1000
1.1882365520493994,0.5316030689994886,0.15852430614600208,0.09362702242654761,0.0383305924595818,0.04977714492810044,0,1000
1.0699892311685872,0.5972233648579508,0.24148113229997542,0.10414859081348937,0.04102597345337142,0.04835814220566832,0,1000
1.0738633819038155,0.5743322496401131,0.2585170112765517,0.1106613616991048,0.04531160111156049,0.055652705282934666,0,1000
0.9795215353958402,0.6335950881683086,0.21938838931689092,0.09443915290055005,0.03757634084849988,0.04416013981535398,0,1000
0.9617938305438591,0.5946041644260942,0.1960411981706338,0.08252139808239153,0.03692980110522602,0.04350184956517269,0,1000
0.9102467583651881,0.6175565809447535,0.1867326456958868,0.08719452440400818,0.03858167544421621,0.046344253971391546,0,1000
0.8553835673984069,0.6282084062546469,0.19386914057087723,0.0810197462322452,0.03768002095360394,0.045703184782344926,0,1000
0.9468094002119835,0.6318591936152806,0.2834628944233877,0.09522294249878177,0.03973766608846684,0.045647326632434426,0,1000
0.955145395738036,0.627191045457976,0.2827256747434384,0.11227075602136609,0.045610889030942424,0.052718952127813856,0,1000
0.7942854960774566,0.6650364541490962,0.28348345884127246,0.09205839003245046,0.041284649341319105,0.04680259658748099,0,1000
0.8980604070674466,0.6130272372407078,0.1852043659379223,0.07918985377931079,0.03639040727094524,0.04283585671801197,0,1000
0.9413703683955419,0.621196683836908,0.23457354517796802,0.09509003584569517,0.040034964027503575,0.04613350538120155,0,1000
0.9384763569272588,0.6179287431452294,0.18384780865333195,0.09098899746591083,0.03857426349417352,0.04544459608074764,0,1000
0.9976217366802839,0.6077911914844017,0.18691380210610264,0.08373831760287542,0.035335690672635076,0.04159729382184783,0,1000
1.0087437242103787,0.5880327522355143,0.17179506423560253,0.09107130345087643,0.03871204247784355,0.04764059038757419,0,1000
0.8386572414757616,0.6834432144468104,0.27388290374118823,0.08456233365047687,0.034872124083272525,0.036403378227353164,0,1000
1.027045206033869,0.5825633579610345,0.18541263631970703,0.09400684764035674,0.03973811891953717,0.04854380919578782,0,1000
1.1073852849422448,0.5901354756435887,0.1925170377992498,0.09437417870957136,0.036946710897516596,0.044480592702153314,0,1000
1.1293537485540759,0.5152769324626058,0.10075741603336281,0.09404312660189154,0.041232530443122584,0.060725171771498616,0,1000
0.8342377822771595,0.6502190713711944,0.2327055898427883,0.07991718884866575,0.03629197348108698,0.04109250350439828,0,1000
1.1145182913489537,0.5555452937850105,0.13564209382296338,0.10128627797770544,0.04116880381431404,0.05476022173676602,0,1000
0.9612582260314433,0.5898275152898727,0.16334042612544775,0.08278520509565526,0.037295772052379335,0.046378966456494884,0,1000
0.8791932912927536,0.6336698041253569,0.2341407713547422,0.0849699488344652,0.03795530465517647,0.044796398816139726,0,1000
1.018055975476464,0.6151085288119007,0.1536455448599136,0.09035669691304957,0.036064523727668454,0.04462957585021915,0,1000
0.9465562434700934,0.6144833115986162,0.17931546390150974,0.09202661081953094,0.03924743205960716,0.04917977742765852,0,1000
0.9334805357095503,0.6361865604504803,0.24279268762720463,0.09651896913075139,0.03966579606933717,0.04501286198722274,0,1000
1.0010526757509768,0.5732116066482266,0.25772038439470724,0.11209906655393753,0.0488349079845842,0.061573474349117994,0,1000
0.9097791664157966,0.5925202139328647,0.19826341296827196,0.09458995466574718,0.043632060997849845,0.055583463732693995,0,1000
1.1226413280403182,0.566606678055962,0.1416364177772454,0.10464653654490243,0.041882429153898955,0.05817668408763979,0,1000
1.0875617077540514,0.5686808589632508,0.19492931753573928,0.0954064350489352,0.04009680208551928,0.05343810433475975,0,1000
0.6317825155160132,0.7287971947794826,0.2876337052487095,0.07062342695119074,0.033576999423910965,0.03522811203075273,0,1000
1.0579416240012407,0.58742641006397045,0.2311955659125829,0.1012126457516153,0.04101415255927687,0.048261537523403265,0,1000
0.9634863611033179,0.6170049793754181,0.3011871693959751,0.09981050114771486,0.04212278993953841,0.04813256277962842,0,1000
1.1048890687878223,0.5481867518279976,0.21682120698361065,0.0986736518544175,0.04181145930153421,0.0508055885041601,0,1000
1.1270289860204488,0.5633980521651163,0.16252499246910487,0.0933236017619579,0.037522629369297046,0.04554220757471006,0,1000
1.0148087451310337,0.5776547636107214,0.22359347693895149,0.09242880705598197,0.040396837395305266,0.047766921357274214,0,1000
0.9103944096113598,0.6323812976384,0.15773806075820881,0.08447446749122198,0.036093723049824125,0.044269342125071165,0,1000
1.1340227009720665,0.538456295966185,0.13698280222696077,0.09769625855826515,0.04085621299602169,0.05677229161636097,0,1000
1.0025736216759191,0.5824325114454693,0.23434877839331178,0.08907391990257234,0.03929237021486272,0.04615209394242626,0,1000
1.132334755359336,0.5250380293183583,0.09619725184498738,0.09051294581672845,0.03903400280043787,0.05644156838160799,0,1000
1.1059618926179484,0.5696808171714851,0.12855797454471296,0.08324891099766375,0.03429748518470752,0.04318107987703661,0,1000
0.9898366435624402,0.6085986249579901,0.2489757083179173,0.09624491384445703,0.040501812261469955,0.04935179729233764,0,1000
1.095130954809473,0.5663940562642513,0.22289437749947383,0.09595208320596468,0.040035485859864835,0.049711535070934794,0,1000
0.9646122339136037,0.6284477379661066,0.20523695822110566,0.0912887418772831,0.03710039929819663,0.04452883164424256,0,1000
1.0766434464105568,0.5862836960721196,0.1319276151940499,0.08461355214513683,0.03437636218775805,0.04239196181101306,0,1000
1.0959935520048927,0.5451691503373873,0.14712796024700003,0.09115857610652457,0.039266728930494946,0.052958510275901316,0,1000
0.997515547261207,0.6170408685458401,0.21324127846540858,0.08695361966548812,0.03575208325897846,0.04060779250689931,0,1000
0.9079708309285395,0.6162774292053442,0.18040629003826808,0.07529462908362566,0.03415331146644156,0.038397986151176886,0,1000
1.0014739905716898,0.5625401802457007,0.20525066215028376,0.09358767374665251,0.04222125736766902,0.05354558039154557,0,1000
1.0747994979663682,0.5752197157627863,0.16397831867662715,0.08965269869486295,0.03750043937299324,0.04750440341011905,0,1000
1.0109645525924216,0.5658029723827862,0.24375998562107457,0.09700447722802157,0.043589057697800464,0.055486475985701625,0,1000
0.930306214735099,0.6258729426118931,0.2978600380081558,0.0966387558215525,0.04144251265439811,0.0477830392187485,0,1000
0.9859447636716151,0.5844922823038259,0.2556867924386441,0.10623540330527041,0.046088726845131385,0.057969859420490114,0,1000
1.0947045774192736,0.5557569149418756,0.19809687945978388,0.10144260666100957,0.04271291409111583,0.05711857895276613,0,1000
1.0129706756558068,0.5974739744878715,0.15727839150293169,0.08194657879387295,0.03476735807149746,0.0422216439154912,0,1000
0.968260673138357,0.614979589448035,0.1758266072989925,0.0843037305819879,0.03569789690815269,0.04190047663219209,0,1000
0.8646545989240468,0.6418409238564223,0.2986583152214276,0.11200464082853115,0.04795905607504949,0.056574222219522685,0,1000
0.9814418859850056,0.5979536500261284,0.16292728088050454,0.07806282680106338,0.034183173751656575,0.039511893830825755,0,1000
1.0607825083589357,0.5876396956744409,0.1654827657849809,0.09083570414400272,0.037019913098963506,0.045361516061497735,0,1000
1.0305743583283713,0.5688313601161996,0.2176646304069012,0.08978497527419316,0.0394544710500331,0.046620634993789045,0,1000
1.143872470985795,0.5343082749193458,0.1673678811902025,0.0944380819807981,0.039656403442268305,0.05117467745604033,0,1000
1.2066310594438678,0.5481102713471274,0.18620819024590426,0.11584761546596245,0.044424064202869415,0.06020251554045087,0,1000
1.0853756941425152,0.5669756260884399,0.17160040729214107,0.08639813575337046,0.03672543020231681,0.04683857257051096,0,1000
0.9954613466596156,0.5979404822621657,0.2808455325367289,0.1035365229071417,0.04362019269290011,0.05021922996945555,0,1000
1.0555828702040302,0.5980384391521685,0.19800347813384903,0.08827543988484515,0.035857182941194804,0.042715366588575485,0,1000
0.8879905241318204,0.6219946418552477,0.23607730033882926,0.09573511552791933,0.04266703478773509,0.05088418148139648,0,1000
0.8078715967341799,0.6347594015724709,0.2077501384012251,0.07874711331728117,0.03763701773636015,0.04233532687698269,0,1000
0.9587723072417493,0.6082411172676528,0.2038011439578672,0.09526826020960141,0.04073764831782033,0.05135172841575493,0,1000
0.8456696107351561,0.6821671155897774,0.2099205808329575,0.08028706196158636,0.033298484004759245,0.03861042416314686,0,1000
1.1032116045326144,0.5598308290683117,0.16842273598290075,0.09708500151189704,0.040312121196206294,0.05504252270212468,0,1000
1.110117964497704,0.5424712899714993,0.11517440733372836,0.08265432122595572,0.0356667320643101,0.04652250011348322,0,1000
1.220643756298083,0.5085506182128372,0.16654076268421078,0.09739946302916497,0.04058748438185882,0.0556152261179061,0,1000
1.0431239002490107,0.6056332401617693,0.1910174715625038,0.09550138901199963,0.03789377740270152,0.046055330452562576,0,1000
0.9131893171606473,0.6324444171334449,0.16885701555286037,0.08327677561902713,0.03553511475270118,0.0426464696765093,0,1000
0.9757130412562306,0.5971220413678969,0.18576046245231614,0.08717061932525398,0.03797352383821336,0.046447967702055865,0,1000
1.0963075252499057,0.579401922034037,0.1259557046190765,0.0844961671865802,0.03437686321306573,0.04329660160025762,0,1000
0.9535753090618904,0.6294447137297776,0.21551157173690902,0.08094316355563817,0.03454799747217963,0.03991704224542698,0,1000
1.0340184800153662,0.599980645809033,0.21616162138821726,0.09508080952762614,0.039029665672588705,0.04830868910182386,0,1000
1.040722760870186,0.5900130969917472,0.19965166917623087,0.10017678897668396,0.04092480787772722,0.0499271165939082,0,1000
1.1021180503127326,0.5546632276619737,0.1920664267784898,0.09031387662180064,0.0382171784559631,0.04697963985394177,0,1000
0.8678954835177862,0.6625920768358735,0.26584609536524934,0.08608816241360101,0.03632687129079224,0.038962456143737736,0,1000
0.9427985890811784,0.5934672281554665,0.19350794800696977,0.08631624278200695,0.03897148095841615,0.045029979396037936,0,1000
1.2638950726423872,0.48123039508751925,0.053997460459257074,0.09778779545947872,0.04040509990512899,0.06320391746632008,0,1000
0.7444359946474849,0.6870719873660555,0.2532492094790703,0.0830918905183595,0.037121087415647666,0.041415287018172535,0,1000
0.8262023211078283,0.6796974728595583,0.2338365590176722,0.08991917005929845,0.03715672081579687,0.04258492727587146,0,1000
1.034095063250229,0.5940071585523917,0.16365873919901533,0.08343108855529471,0.03490825492443648,0.04196587389378321,0,1000
1.056056324085902,0.5351456894634243,0.22751143873534752,0.10085503234103944,0.04538293066625745,0.05922896390638276,0,1000
1.0985107659451743,0.5745194676342076,0.1357401373107112,0.08661924564953896,0.03539104275998517,0.044364279515344086,0,1000
0.952246439012303,0.6081403335029864,0.12506778344682365,0.0753210558086932,0.03306858565691645,0.03927583129257087,0,1000
1.0456912264877551,0.5636135800550265,0.17605338004943563,0.08194688701538515,0.03653102061897868,0.045654453878725264,0,1000
0.908736796314616,0.6159749554617151,0.25724630661993664,0.0932488041053716,0.041737433494216,0.04982780328023567,0,1000
1.0192146801644733,0.5575530966790987,0.12106372105770294,0.07889870536010583,0.03595649819962339,0.046967628097068885,0,1000
1.043370132952017,0.582297182568199,0.1698191582758691,0.08956683852483541,0.03775685978546962,0.04725349970275237,0,1000
1.1223472744639431,0.5550824826051676,0.16439352244410269,0.08889365536692168,0.0374114741113657,0.0497007598104633,0,1000
0.8757806469458305,0.6721815718433638,0.25376837112664996,0.09068729811064184,0.036432456546306544,0.03977119052427962,0,1000
0.9955718771051983,0.6038635179078855,0.18067653584233614,0.0901770051945658,0.0377404321778393,0.04513059244934586,0,1000
1.0974421067618554,0.5908265332149644,0.137680214999957,0.09200546181971693,0.0359861009406178,0.045532482566000745,0,1000
1.012023784627774,0.6245910077995044,0.2510351826283774,0.10386869470548978,0.0405247405654988,0.04958817105527275,0,1000
0.977022461361497,0.5965907070499672,0.19230469807200373,0.09148024722190082,0.039504425586565965,0.04905843488083309,0,1000
1.059133643188054,0.6079773272339072,0.17362868395577105,0.09258621701443791,0.03617466570452778,0.044543118322656346,0,1000
1.0801223909864077,0.6088765644142504,0.16326028228136766,0.08909236519488929,0.03439764851683031,0.04128357445312009,0,1000
0.8481061477158462,0.6652896342265453,0.23587559355362275,0.08221050202392916,0.03538224077421637,0.04042340552443212,0,1000
0.9727543904720636,0.57740372312117,0.20494908038377244,0.08982159779239722,0.040824097238891535,0.05109976231710663,0,1000
1.0603974788918507,0.5658183246936646,0.0941964256867894,0.08863218619581903,0.03730201826652058,0.04877422625882255,0,1000
0.9863097305638675,0.6105481514350909,0.1377132471798981,0.07638860815052116,0.03261876060870429,0.038909500200818105,0,1000
1.0086616537862434,0.6043869812080132,0.16804631243311022,0.08646087696413896,0.03573793936458832,0.04166617019715228,0,1000
0.9907269833722697,0.6191087572137011,0.16690059801834323,0.08410426224200877,0.03463809846802172,0.04213292018525885,0,1000
1.0043751315000826,0.609256840838361,0.26687060347290065,0.10039439323115924,0.041300626678245494,0.04827265927055517,0,1000
0.9057474111749209,0.6180748678127165,0.20834627644262388,0.08052376192261294,0.036251848406311606,0.04172286374786377,0,1000
0.9531803537731415,0.6081879085184622,0.26338741460974857,0.09422694564089139,0.04142190661131049,0.04971436394587992,0,1000
1.0937493677199128,0.592036259157382,0.20640579093665404,0.09296106679317306,0.03707491246683204,0.04523179643044298,0,1000
1.1714764987829216,0.5514538453225768,0.12971348137994348,0.08992074321702145,0.036090902438139234,0.04712248447637596,0,1000
1.0536058907950192,0.5941169773566894,0.20538457684187586,0.08965857820703521,0.0369786123117259,0.045047828109086,0,1000
1.1482176807168083,0.5204296229050289,0.10426995722404377,0.09415521436565874,0.03999186018070197,0.055877589819582546,0,1000
0.8614907548454002,0.6608721863402952,0.23103151961327884,0.08303197481691142,0.035607024423581414,0.04097685162925144,0,1000
0.9831347087814224,0.6225627694002405,0.14821778749560677,0.08335508938588987,0.033980792737179875,0.040096258474598225,0,1000
1.0363863058784655,0.5973086396415545,0.17799035853079598,0.08830146703829912,0.03641876910444861,0.04427768368648008,0,1000
1.0160604314456012,0.5691044096634988,0.19733160691170343,0.09893528431187955,0.04310419643503015,0.0558519003948644,0,1000
0.9122187932157053,0.6089930854735203,0.2284401435483497,0.08916688348579078,0.04036093012659393,0.047972930148019656,0,1000
1.0100267354604828,0.6035291707228959,0.187952715430532,0.08956288182406358,0.037170853639046895,0.04585110615149839,0,1000
1.0164834783505814,0.5615212825139625,0.13287491634240428,0.08312299929661501,0.03749849583930505,0.049285738991110814,0,1000
0.9640527862642321,0.6222286540410981,0.22784850648630167,0.09145441717965602,0.038312915089327396,0.04593778977790394,0,1000
0.8625031321939085,0.6293411193312849,0.20509892599170912,0.07463983244687313,0.035119232215758384,0.0405531994307584,0,1000
1.0211506911157755,0.5910711385890087,0.19640149619962266,0.08535446780733187,0.03639660176534695,0.04290123712103314,0,1000
0.9793497861741183,0.6186867737632931,0.24490471989289828,0.09355381509345874,0.03867615921434594,0.044097262981299915,0,1000
0.9677130092894788,0.6156448895012331,0.15322618950677186,0.07994498661892184,0.03423485465519277,0.04189800764095047,0,1000
0.9882618100559424,0.5796840151370316,0.15353584938417203,0.08411715025698158,0.037583198507334915,0.04728575383570559,0,1000
0.8365989113638485,0.6294753109814356,0.2978869181962103,0.09135260245611031,0.042788053965968846,0.04549256528237871,0,1000
1.0138631949004389,0.6120402872728948,0.2770504681637847,0.1075504331792278,0.042930307880182525,0.049280535750327197,0,1000
0.9321493057340435,0.623830826987349,0.168698398283513,0.08036301764524648,0.03445334410205256,0.03910466264229985,0,1000
0.9503720979048349,0.6122607194049048,0.2642857903963279,0.10615472895026856,0.0450652244040611,0.05370054516133657,0,1000
0.9620777693687831,0.6177941502616244,0.22545647932053262,0.09954207263467003,0.0412744439256948,0.049423128678074274,0,1000
0.9515037477461415,0.6291858632169715,0.23718371695846582,0.09811295139155349,0.040247749496222514,0.047563818092649875,0,1000
0.9130286372583337,0.6129891841510976,0.2038877420973178,0.0852783632369509,0.038406022235332016,0.04686449024634247,0,1000
0.9983964280297022,0.5940818617330402,0.225631681281159,0.09075456442158727,0.038987045230840886,0.04628762932512829,0,1000
0.8875341225626867,0.6343918907777928,0.32153029836864133,0.10908222343729261,0.04673928424305979,0.05214703275395819,0,1000
1.0539958194139547,0.5846084971439982,0.12895020386539358,0.0791621487042721,0.033414965759611066,0.04057335796688847,0,1000
0.9402093092251703,0.6199317061769493,0.23704928117983767,0.08730050221788356,0.03791242079987498,0.04416625558251613,0,1000
1.075853619635874,0.5499715614829084,0.14586727255377369,0.09025939802588322,0.039478800906051104,0.05439893529163126,0,1000
1.0445360167028206,0.5555502229157604,0.21210591643045276,0.09897460757299745,0.043106254072645164,0.051942977047823434,0,1000
0.9938001414080393,0.5916543511314036,0.17064641712726628,0.09245668837740316,0.03977870441974225,0.050976212287676285,0,1000
1.0712239265915668,0.5803442155255519,0.16704047101877645,0.09200882177653255,0.03796662978389377,0.04869441938954026,0,1000
0.921183330070155,0.6091673136636812,0.26784254736835855,0.09768928064341088,0.04333169431966334,0.05007319952739552,0,1000
0.9273169610044638,0.6167403203991239,0.18310918985664057,0.08460057853240306,0.03678690221662663,0.04441393689269736,0,1000
1.1216212558775427,0.5469829566259562,0.16111278996159697,0.11289490955805039,0.046291703253600124,0.06528098250462043,0,1000
1.032690617831468,0.5949030583731144,0.22275139858326612,0.09258985440210357,0.038672926560972196,0.046781831033753704,0,1000
0.8515336179993823,0.631583959604838,0.17856051270602996,0.07376598490466446,0.0340849007863975,0.039343171302712136,0,1000
0.9954707418493343,0.5899819155910724,0.1858419321392161,0.08196918421008867,0.03611222307299149,0.04317438028268825,0,1000
0.9777360136224619,0.5828826611245649,0.15225128349469208,0.09058680189682755,0.040022429644279066,0.051043110670802215,0,1000
0.7249019374426628,0.7106902430577668,0.2742807291222237,0.07891331939025442,0.034836183451502654,0.03865247958260308,0,1000
0.8849382172708805,0.6491676833740021,0.23455253222138078,0.08786535972503183,0.037264660392570315,0.043267850324666124,0,1000
0.9383586227677017,0.6103844536210392,0.278397967806588,0.10204113023620816,0.044419822870266024,0.05156240261339248,0,1000
0.9848644303930022,0.5921513741555297,0.2992056446481361,0.1053617829376117,0.045642949233602376,0.05310364563698048,0,1000
1.136024299097282,0.5536584104003537,0.1607236944151471,0.08991509550584934,0.036991844536708354,0.046188515358810515,0,1000
1.0521418389133113,0.5950938066487572,0.17806809473715968,0.0887663763242686,0.03656956569260013,0.04655759245196292,0,1000
1.1776723842979893,0.5591775051877068,0.07728819777409203,0.08596530568826614,0.03368463768182349,0.04373290184669835,0,1000
1.0364625828161962,0.5824478023388514,0.13658158146316424,0.08536698963152607,0.03616226798666109,0.046684472193315736,0,1000
1.0007253321676366,0.5949638117943511,0.23248380968724072,0.10358561376916885,0.0434767048938982,0.05420866216115187,0,1000
0.8486186398832917,0.658174111012842,0.294114148101731,0.08856449483639389,0.03851919791869913,0.04137166181574408,0,1000
0.8303664320692952,0.6432299518297935,0.26460308723972803,0.09386472092530927,0.042164365268771264,0.04743739756934379,0,1000
0.9210387583235243,0.6208484627833029,0.2842416149593102,0.10147557387519297,0.04358640102993828,0.050280284710022785,0,1000
0.81915498295277,0.6734839548695781,0.25171935248790295,0.0791484404422527,0.03438493406348719,0.03579381544705044,0,1000
0.9594063241925791,0.6174583880325482,0.2399442043144985,0.09538582958193194,0.04032193318932391,0.04845053881775318,0,1000
1.009456256488647,0.6108060880540438,0.26436780152247435,0.10629273683942446,0.04295922886262842,0.051920658360971095,0,1000
0.923420827013396,0.5943406727036928,0.1576111740089455,0.0785242655146126,0.036678454147291005,0.04614574233208412,0,1000
0.8849823208460852,0.6528415363690782,0.2230732445144068,0.08295989977139823,0.035258253716059534,0.03964386208331262,0,1000
1.1298048060912582,0.546034482977371,0.10171344823686995,0.0835779745370313,0.0349182720642079,0.044792209316863486,0,1000
0.9923395280966466,0.5958224905207578,0.2355924550346922,0.09951396615951257,0.042136081246384585,0.050113184828266315,0,1000
1.103698685782914,0.544954525027856,0.2101867689775393,0.0959697589361306,0.041403820764424074,0.05335962324299703,0,1000
0.9886082736999268,0.5907693402838242,0.08267504244466739,0.07686071710769624,0.03321782808323676,0.0401843335170781,0,1000
1.0140242876938954,0.5889276120726099,0.17866805464899885,0.08856295120910468,0.03794829703199554,0.047812059236010084,0,1000
0.9807067060196462,0.6323194241189831,0.21264065803631113,0.09374814012518455,0.03739476196977346,0.04452849665762999,0,1000
1.0345210100693523,0.5667732856784881,0.23238264813578113,0.09987340778105461,0.0435099754654919,0.05513610366308133,0,1000
0.9227722117460995,0.6079120790328225,0.17383799767054223,0.08193600840530381,0.036785227205566845,0.0448470624783522,0,1000
0.9696734844733336,0.5995487097563605,0.22814208821666598,0.09935861076235657,0.04254404437005128,0.050238122572138486,0,1000
1.0686235769772576,0.5602679174952931,0.18823891563979744,0.09721506508154734,0.04131950821642859,0.052401292096174015,0,1000
1.004635458366241,0.5760854621681251,0.11376984413017248,0.08369216654009366,0.03687884153012373,0.04733637121355033,0,1000
1.1322548228757188,0.5795014559369025,0.16939872424991914,0.09141964770736631,0.03604131382954382,0.045850125700952565,0,1000
0.9646372480435738,0.5954614659391474,0.23666219576398645,0.08798564941353833,0.03906036326712247,0.043925500690988314,0,1000
0.9744389657155378,0.6269471843099468,0.2573897434222498,0.09390255808925443,0.03824654853158735,0.04201592062257257,0,1000
0.8308533553217633,0.6677973738944342,0.21659652221062375,0.07753181534837468,0.03385080477656154,0.03813794571313877,0,1000
1.0783004668953478,0.5599705410720754,0.23682752679800168,0.10845749084941951,0.045578503039808864,0.05715457756864468,0,1000
1.1881218708954902,0.5637485687009147,0.188452357849556,0.09495709950402034,0.037007057145706033,0.046603310497345424,0,1000
0.9869412886142508,0.6336351182356705,0.20730154681718296,0.09042415150331223,0.0359199712494746,0.04199050418346672,0,1000
1.00745645112969,0.6196849597780356,0.1364739600646096,0.08648359555080264,0.034505234455984794,0.04193347580613113,0,1000
0.9903664703454308,0.6261099206002558,0.2027331117036479,0.09014855809586084,0.03645174202273035,0.04274039940022701,0,1000
0.92976992925663,0.6122269621570658,0.18204307879270848,0.09235159976487686,0.040133065497260194,0.050116046091118485,0,1000
0.9655005665292931,0.5973134891472022,0.10910902285749503,0.07379734546677962,0.03268141817106649,0.03876194600567513,0,1000
0.9419332981460555,0.6122078235663584,0.24091791662609327,0.09333396199412088,0.04069951480844417,0.048956861248003365,0,1000
0.9117923380560216,0.6318826320868789,0.22248107243312976,0.0847495702466533,0.03673881236412474,0.041185099901457946,0,1000
1.0230650246575306,0.5862951033823647,0.17132350211362454,0.09218081008214914,0.038906149172252484,0.04810647606358243,0,1000
0.9742967977679562,0.6045264716375683,0.2543221686495966,0.10343275458124508,0.043728812088739105,0.05261400836698168,0,1000
0.9042029024839822,0.6327414296809416,0.25324374594302235,0.09977400557001896,0.042339652278317555,0.05029242436889468,0,1000
1.121783874810589,0.5862559298339642,0.22466989612992094,0.09852136175004114,0.03861004154213683,0.04729332348158728,0,1000
1.0001159535858715,0.6177574611997583,0.22475654362266984,0.08910440978348436,0.03658189041461668,0.040184061432228683,0,1000
0.7634821220641648,0.7084141640880722,0.2501913692748894,0.0744140913222741,0.031721464154682646,0.03377011158506793,0,1000
1.140832388120542,0.5742118896923661,0.18231378659804282,0.09944311025365843,0.03882569243733682,0.04962232974434114,0,1000
1.0948725944201223,0.5996224057313773,0.1269031379160713,0.08366019351901526,0.03265248062358807,0.03949014500732535,0,1000
0.9491842372495561,0.6045878487212439,0.19549539999726917,0.08259759131096822,0.03701771889386615,0.04420052535461638,0,1000
0.9504265052360069,0.6238790092709996,0.24186559091312199,0.09270764565038402,0.039054287316257374,0.04581520770082071,0,1000
1.1124640695137051,0.5836108148635645,0.12347074541984897,0.08919252495974625,0.03528361472651875,0.04314146819878192,0,1000
1.0060770782754704,0.6055692698381256,0.1885869728307258,0.08802962919500239,0.0363855915486302,0.04368435624605789,0,1000
0.9121323601447977,0.6258244078691071,0.19288851558702252,0.078729133642116,0.03488991054339796,0.04051793118507135,0,1000
1.1646269438173271,0.5251162191159612,0.12246626855016646,0.08534005286661499,0.0363489114926008,0.05040365099273939,0,1000
1.178806641712893,0.5526901281556956,0.11021809092717812,0.09620627553449095,0.03761395297993893,0.05043729272866032,0,1000
1.0924646336448152,0.5642474034754095,0.1362601622251503,0.0953802456771102,0.039417924285157585,0.05316382816284184,0,1000
1.1673145272249976,0.5602735561859805,0.12060324836488612,0.09417275390738156,0.03692758473440619,0.05025246699293079,0,1000
1.201447205805714,0.49516714211594315,0.12319276984824289,0.10476143448005801,0.04460802561994166,0.06920918144256319,0,1000
0.9348907914714705,0.6200876822819604,0.2747848441871991,0.10669677820735346,0.04483136916980175,0.05034872432832045,0,1000
1.0849077523893917,0.5898831742181484,0.22597236319261801,0.11408848729585475,0.04480712761254778,0.05895593324565643,0,1000
1.0792346847019083,0.572943247624371,0.11563961952043778,0.07766105067943863,0.03299797573725241,0.04198532541780795,0,1000
0.9976939006026733,0.594010239173733,0.24599472555160262,0.0934641946645294,0.040142280566822876,0.04711434884801313,0,1000
0.9554403774843785,0.6306467366394349,0.20274339661626925,0.08698260427551635,0.03593417112624936,0.04121657901000478,0,1000
0.93896727490302,0.6288855926302674,0.21252798403114298,0.09308283511110442,0.038585026615599885,0.044082169255840985,0,1000
1.2050213941202665,0.49716144269273727,0.062408755115787744,0.08603679772443312,0.036426098233156054,0.05011530257345904,0,1000
0.9897528070511299,0.6025788941574256,0.19823975248427214,0.08761497471835848,0.037295298340220814,0.04348446753634871,0,1000
1.087921756365279,0.5699242317141583,0.13499534463221113,0.09706235544627183,0.03966536829062546,0.05146970077250588,0,1000
1.1119421982833935,0.5403610427057255,0.1317746915211666,0.09327291774810399,0.03945831072114193,0.052063500492003645,0,1000
0.8474121553631501,0.6471822471032321,0.30054244855588114,0.0922996863300353,0.04100338550373233,0.04478131832880147,0,1000
1.0442023758283252,0.592268671576613,0.15196132763816422,0.08349677915809253,0.034872559137720985,0.04320247931405783,0,1000
0.8671315070432016,0.6320369690374503,0.22239091465245506,0.086753723282778,0.03874537947083815,0.04468152359524689,0,1000
0.8859965803662961,0.6448323056288673,0.27123030397724335,0.0822372384483066,0.03607541647780215,0.038081471592202286,0,1000
1.1566173628379908,0.5588428817289478,0.16722765482202023,0.09243130948819056,0.03723787555850592,0.04879944671291805,0,1000
1.1291562197647231,0.5577183819840688,0.19957069385842305,0.09086790943313426,0.03791177456297989,0.048431506333551075,0,1000
1.0400035406028494,0.5747721266076626,0.17071554273523074,0.0839478434724061,0.036490254613319194,0.04520979090997104,0,1000
1.1244545467146452,0.6040100840321195,0.22018336529967644,0.09713487533809374,0.03661060719820493,0.04286981286808719,0,1000
1.0521840703749668,0.571010561541071,0.19690707662861626,0.09384819412996565,0.04003066292852061,0.05031932847863568,0,1000
1.1280709173295964,0.5685360969345126,0.17135493423842432,0.0925070074613759,0.03725968111898696,0.046751025088351675,0,1000
1.1486713410151401,0.5137738735945747,0.1267522273384068,0.09168437612761322,0.03987320365456269,0.056682490076735384,0,1000
1.0566198374299345,0.5953708095532283,0.14775168721243712,0.0857438642457148,0.03489943866525683,0.04278349732220979,0,1000
0.9700747406001231,0.5892146715832055,0.15582599407658115,0.07653463803210524,0.03458156628798999,0.04108742239766442,0,1000
1.0241660035666307,0.5467622728930152,0.15744833493228338,0.08975118487452168,0.04099221566162655,0.05391588231919948,0,1000
1.0315652875665906,0.5706155992021085,0.19483276021324492,0.08645122980057464,0.0380153718279375,0.04741930646652696,0,1000
1.0377791184825094,0.5717474886734815,0.259467189480509,0.09702648595961183,0.04255566282648685,0.05376627693563726,0,1000
1.1422571446208036,0.5369217280963219,0.19919270743659256,0.11398751213951742,0.04684838065624647,0.06388364488867006,0,1000
1.0093662087492377,0.6106859653967636,0.14401560437539007,0.08610759292058418,0.03501851507507804,0.04163977751122396,0,1000
0.9155783015394748,0.6329687485592989,0.18892868479096503,0.07829460696976492,0.03392524674885026,0.038026578865813135,0,1000
1.0075360099577106,0.626209559815378,0.2536560043981456,0.1035827357151661,0.04064914398194487,0.04602046643954319,0,1000
1.1235236762842682,0.5566542191124931,0.14965430045455572,0.09030951206278921,0.037406698896409275,0.04962137303833269,0,1000
1.0060305633251354,0.6035884106042584,0.2161504421087646,0.09733052648169106,0.040644206860913724,0.05217067646245799,0,1000
0.9467903809195792,0.6403782828285121,0.20225933840725482,0.08286799133376008,0.03410000954213523,0.038700431974797694,0,1000
1.0564681249069792,0.5841780755364407,0.19002596489085383,0.09086524679600322,0.03766683593213387,0.04503896733661349,0,1000
1.0321847395910884,0.6186104781613003,0.22616281785174244,0.09331212314567253,0.03680631440694723,0.042380780444529274,0,1000
0.7594292647379336,0.677874710958517,0.23249302868892122,0.07548756720283889,0.03471882784595767,0.0374207573070578,0,1000
1.1466369018218092,0.5399869608127658,0.1382461189870278,0.0914150263292106,0.03805971139147681,0.05038693505526804,0,1000
1.0593578066469047,0.6076515892068994,0.19194704537492924,0.0909029017927477,0.03595716949130736,0.04310014870791539,0,1000
1.0358055826531978,0.5831663921234153,0.12859857656915213,0.09018127049775768,0.0377147763872708,0.04811002670508622,0,1000
0.8594504496671057,0.682611540937372,0.2583593189952598,0.08698908999685413,0.0351542136255504,0.03959942283263255,0,1000
0.9312746847353123,0.6135812575200935,0.26476375843292455,0.09169177041946176,0.040328900108149004,0.045124287732943164,0,1000
0.9675462979366957,0.6471435689939303,0.23190333675299313,0.0978622033877469,0.03790843743940716,0.044491184245124916,0,1000
0.8024088539167988,0.650286005960024,0.2694848650176384,0.09137605942569632,0.041810457966651206,0.046917484483706126,0,1000
0.9719232659736914,0.6022625124693605,0.26454284795499367,0.09597798387598637,0.041317003201844005,0.04553852752911148,0,1000
0.9722960897181616,0.6222599016423512,0.17780871080953983,0.08285275953456755,0.03454720433231249,0.04057421196069853,0,1000
1.0695129249176991,0.5666716684120673,0.12852202126404005,0.08436014997663611,0.0357834602681817,0.045128874432516355,0,1000
1.0285095707620553,0.5532443725365297,0.12364973625614137,0.09001219670783217,0.039953541427858036,0.05514816374365556,0,1000
1.0116442337854257,0.6072758441890226,0.20332471183146428,0.08567757943974921,0.03579559310814999,0.04311791794684863,0,1000
1.076789882966804,0.6071476411268812,0.20408914306426465,0.09882541566266344,0.037835143584670106,0.044258572977547504,0,1000
0.9950709109521486,0.5836788996744675,0.15040748878976512,0.08417025663330105,0.03691322888442974,0.045957633761687385,0,1000
1.0442035618044787,0.6102275453287204,0.2173222526181168,0.093839497713953,0.03728581720925081,0.04334347669139875,0,1000
1.0752232863921192,0.554235673684398,0.205117097040302,0.09299823510502861,0.04045256510511931,0.05160882094307176,0,1000
1.1528113204803283,0.5586951881886719,0.12251736768619957,0.08440045683434291,0.03429745957410603,0.044902209932391676,0,1000
1.076551167168455,0.564159240000299,0.17777900883382458,0.09622272016292507,0.040452093590182134,0.05221109774552233,0,1000
1.0557689377183836,0.577247776976415,0.14445053969478555,0.08441921336947686,0.035833503785019566,0.04604367106640904,0,1000
1.2289025511980967,0.5297768295479358,0.1047351475816514,0.09567651600433719,0.037267429014769204,0.047517954128194415,0,1000
0.9322461722934037,0.6052704951243758,0.1940883663523656,0.08514932792045413,0.03811256042816857,0.04579211413524678,0,1000
0.9612748625778559,0.6111114798101293,0.17823788615050992,0.08576506225296208,0.03726567968395051,0.047433149371745024,0,1000
1.098344977349325,0.5534911968632913,0.13619152002242293,0.08858506214943376,0.03766970754120058,0.0508623359044066,0,1000
0.8237469423500273,0.6639497438309994,0.21964896736069606,0.07353040275134153,0.03310896508103628,0.036360358306438585,0,1000
0.9850596376688587,0.6062529451337356,0.10559558975009264,0.07990382909792366,0.03373097286086941,0.04170958905313223,0,1000
1.066965740142116,0.576562072959863,0.14086471982311938,0.08351897276356689,0.035076487068158614,0.043638596986031834,0,1000
0.8942534585260309,0.6368887451130675,0.20762152135751025,0.08933571275243991,0.038034217416897824,0.04286015360464161,0,1000
0.7746475218602207,0.6968779039841674,0.30046244021933655,0.09983080185340948,0.04118317965382957,0.04484146999094924,0,1000
0.8621996202509342,0.6355407770329843,0.20962811306613643,0.0807627325284213,0.036707899499336734,0.04269898480543803,0,1000
1.0041130003246772,0.5972738756867816,0.24695682251224033,0.0974622531089382,0.04116561881652202,0.049028072814811134,0,1000
1.1153173609884361,0.5839435960029777,0.17826044333231625,0.1013569179172794,0.0395414599918871,0.05101706766063817,0,1000
0.9308566725795413,0.6336648989919476,0.2678664636423397,0.10710481481054586,0.043980281911769996,0.052569787539458,0,1000
1.0222308757613392,0.6061533730607245,0.19138307622994208,0.09083559187854967,0.03686437928669325,0.04250982270553608,0,1000
1.094468663093779,0.5779438197320074,0.1867781386453936,0.08825236863494,0.036094470034681095,0.04269913244398337,0,1000
1.1339574124835947,0.5656727113013226,0.145714139281079,0.08965261323449328,0.036026737163159184,0.045142291282799514,0,1000
1.0317409438409615,0.5938670230319908,0.22121515864941751,0.09139277076136473,0.038100573960706784,0.04454959877470421,0,1000
0.9771270036874986,0.5904289840737813,0.2760436695883501,0.10405130235083275,0.04548472505355748,0.0573756644262203,0,1000
0.8701548912523558,0.6163543667594813,0.2504687741433972,0.0845947316059506,0.03960601131317219,0.044527438197940576,0,1000
1.1683476297122986,0.5405903783797261,0.13017621064421533,0.09670891937203879,0.039004822193886034,0.051520520215282944,0,1000
1.1050531802811827,0.559875282981388,0.19437978977585096,0.09695644038100908,0.04013485591037748,0.04959661157224516,0,1000
1.1331522636055797,0.5266826567624507,0.1172947851422167,0.08954373127617289,0.03861699390249981,0.052860463999081723,0,1000
1.0472047320872504,0.6075535925749616,0.15053314533544618,0.08682065890900799,0.0345941461364897,0.042097108836061506,0,1000
0.9833890908238985,0.605054231981515,0.16185191973776553,0.08747845537992555,0.03703365612380586,0.044787718064536526,0,1000
0.9343656938428426,0.6168953294946039,0.23955044335145642,0.09467375983731133,0.04086448163701461,0.047885933721651265,0,1000
1.0909625815745805,0.5585684881562224,0.1540411248351892,0.09418824850264614,0.03955755152616413,0.05188187513379454,0,1000
1.0243157479483809,0.6162851260110114,0.19256663216803116,0.09332415994201196,0.03689208971982615,0.04305375553860293,0,1000
0.8854296296488792,0.6311042061314949,0.20947164948469343,0.08069643422226142,0.03589004651150131,0.039494145650069715,0,1000
0.8295403667668138,0.6767599740916734,0.24006846325756803,0.0804342408782143,0.03403449009251044,0.03864463229264001,0,1000
0.9769755629262277,0.6330963385279951,0.20249532956414443,0.08497929835622248,0.03445369203205904,0.03835194039453884,0,1000
1.012617602119916,0.6003859771722507,0.2570738520453777,0.09972043166714169,0.04145728769636718,0.04911281449416807,0,1000
0.8979996657978516,0.6711045513968835,0.23167350866743347,0.08589414300117369,0.03425129235136084,0.03826062112142307,0,1000
1.0390805754225307,0.5774417663365006,0.2084686416960866,0.08922173842507392,0.03851088515232398,0.04706884562976088,0,1000
1.1076363699492178,0.6117363859120493,0.1605664552926495,0.09169454950070327,0.034298689448311805,0.041880533314601634,0,1000
0.9845520038054585,0.6198387043347878,0.17667652519571597,0.08956263658084232,0.03664491249371684,0.04430505356970396,0,1000
1.2198199746338254,0.5237401061245861,0.12076569049137563,0.10797961759483424,0.042736046611421906,0.06135649913268381,0,1000
0.9524565595990635,0.5897161284377807,0.19503313963373273,0.07908156291829464,0.03655601010605065,0.04366814930200402,0,1000
0.9111311992740235,0.6466862416573487,0.237136472140627,0.08532842445143958,0.03575392580826173,0.03989369677513272,0,1000
0.9261647701035108,0.6315255116450667,0.1788115421774935,0.08166335826552751,0.034628300910873794,0.03942266006945351,0,1000
0.9793408435486668,0.6131176778741408,0.2013630087831874,0.08250929948613224,0.03506065270854813,0.0394976911465129,0,1000
0.9624138480104505,0.5940924003476266,0.18146019737159436,0.08160805318502504,0.036671181510996874,0.04452597101553194,0,1000
1.1102785589607351,0.5347451443574355,0.15987948221074041,0.09551506917578857,0.041100398419989775,0.0554756584133814,0,1000
1.2345308431518793,0.5367556082486777,0.20070030190385973,0.10381453034396845,0.04068404841532414,0.053811778280997924,0,1000
0.9713283623985518,0.61495703931884,0.19119471605690075,0.08685080089980088,0.036829578412220655,0.044468456990394596,0,1000
1.1332542985747003,0.5422909642405261,0.15106417876165412,0.0941410265015712,0.039296651949675514,0.05202194555437716,0,1000
0.9405007881499944,0.6359417617443024,0.23364959660313067,0.08902522095928664,0.03706419953919451,0.04225170006269403,0,1000
1.0508819568271779,0.5632661343195606,0.19168715485204207,0.09143601436912643,0.039875936210039736,0.05121747679350002,0,1000
1.2056052783755205,0.5410985709133586,0.08455351613708387,0.08728127911500752,0.034781291633174824,0.04753200227126471,0,1000
1.0551908566262993,0.5667106073381226,0.1041030066388309,0.0890405944971074,0.03782038858089958,0.05122879470688464,0,1000
1.1165489127814783,0.54887388067303855,0.08121757127140898,0.08051803667795521,0.03393299235983976,0.04377215209253628,0,1000
1.0992521397751354,0.5885396619797135,0.18029244290174326,0.10090483991412524,0.0395007655949001,0.05071111276254406,0,1000
0.9333183753572926,0.5879217178548993,0.182114791572059,0.07855261368126402,0.03693599777295777,0.04429038133668363,0,1000
1.0979474609143876,0.570143083279867,0.18565359547283516,0.0966908446911348,0.03920865813177471,0.047086067358175436,0,1000
1.084566650185244,0.5655837982472516,0.18233377132644854,0.08866673759059457,0.03767574653992894,0.048192619338345746,0,1000
1.0035896106004447,0.6221517608091922,0.23249271967438565,0.0899290260743931,0.036276396428046524,0.04103053799113965,0,1000
1.0550588633654696,0.5633962868754243,0.1957977255934507,0.09542349095359101,0.040906172816740936,0.051060349606891174,0,1000
1.1637615358573394,0.5244684617067927,0.14588479200373897,0.09507380677181385,0.04032621460938674,0.057533266596092605,0,1000
1.034867373956024,0.5978564195528379,0.2230400400200031,0.09895574859812566,0.040501358711432685,0.0502725309049703,0,1000
1.0276290424111407,0.6062594224707302,0.19800875637075907,0.09326121624961334,0.03774078241405996,0.044049689977832,0,1000
0.9082720560058358,0.6452752817858736,0.22491374747195933,0.09266406473222191,0.038258312387104317,0.044293907114764886,0,1000
1.0082227388277614,0.5926316445098233,0.19546486489360274,0.08817057783826848,0.037769134106158495,0.045833255353602075,0,1000
1.0280864781947732,0.5866477007891284,0.1705163583945433,0.08781691381993127,0.037218467066293316,0.04528609801949173,0,1000
1.1579607508851602,0.5468582876226068,0.051182021660634895,0.08405128561145868,0.03391672598107086,0.044505786871544786,0,1000
1.045225427229172,0.5656676903815272,0.19673068299627328,0.09407354117463668,0.04086241833329555,0.05245417098087888,0,1000
0.9463933665733624,0.6073234040446508,0.207945092686094,0.09668238665731721,0.041452319618262456,0.04989021165147655,0,1000
0.9514655678727776,0.5988658841267892,0.2881585226222553,0.10084071336807837,0.04472353166195573,0.05338789024162113,0,1000
1.2077702429907435,0.5053895514009564,0.09758875763293344,0.09147239943001215,0.03829497842450776,0.05426332031041131,0,1000
0.8612825831878953,0.630046423231099,0.27071465759544966,0.09047741727512734,0.04128183863090927,0.0475550069962354,0,1000
0.9606112971950125,0.6226829590740723,0.18912924498061434,0.0844970863158901,0.03556061396872106,0.04190765984229298,0,1000
0.9801345763803768,0.625958313363879,0.2455685385085954,0.09481973824493897,0.03867881845103297,0.0455158954704896,0,1000
1.0088835779574485,0.5871795991522947,0.21950193649708336,0.09441965952873596,0.0403229645137906,0.04751478604007038,0,1000
0.9726761461715722,0.6228319262516836,0.22043788194428884,0.09330251079304289,0.0382894306465997,0.046072744842411674,0,1000
1.0110848274340984,0.5912300992270015,0.2485855168933367,0.08978779527309415,0.03851581988178695,0.04229358948380433,0,1000
0.9678774110592616,0.5956740478523398,0.19653531381783412,0.08892539708818399,0.03891324230523823,0.0453446021833444,0,1000
0.8620070605527487,0.6647168239975411,0.27573935899193663,0.09600790292569102,0.03992086584076382,0.046150909746732534,0,1000
1.0995932383808655,0.5688109866207544,0.16365798231561407,0.09757140605620279,0.03987928173702951,0.05157041256028297,0,1000
0.9915291226897658,0.6110057094986555,0.20521266992870985,0.09139329970661002,0.037839555109673725,0.04488461483755286,0,1000
1.15048844455646,0.5210535762562254,0.16209689186985698,0.1029225117788168,0.043599773518372374,0.060302712755360845,0,1000
0.96708474144162615,0.6047839011070341,0.19103861580854245,0.08152787170170785,0.03560550809195139,0.04037408128377868,0,1000
0.9843220017206339,0.6083363730879386,0.18700396724897347,0.09666043715929382,0.04005757908572592,0.049087372006573544,0,1000
0.9707167079312835,0.5777406124274265,0.17370615837578396,0.07964374055226851,0.0365232001500621,0.042381992883794496,0,1000
0.875546519735355,0.6317821930080122,0.2463953291151327,0.09160987112221625,0.0405948137840239,0.047556224855881596,0,1000
0.9859701635405381,0.6090093222255711,0.19107881966416315,0.08957766194684956,0.03743612265556083,0.04475053351467899,0,1000
1.089264914231847,0.5993396699672017,0.18970182844448402,0.09142648132906865,0.03604603002605548,0.04489706259905415,0,1000
1.0477957811587126,0.5998919599825593,0.2078467568342729,0.09829558434725205,0.039384076211931365,0.04822922709714797,0,1000
0.8377129523797123,0.6427243500569438,0.184393258048009,0.08144253378210643,0.03695943071602986,0.04443846065042339,0,1000
1.05194345697145,0.5686132690848652,0.163221732337307,0.09172084720974077,0.03913744944187995,0.050271215294773894,0,1000
0.9441943837391366,0.5690577600844354,0.1768109771882987,0.08460701266811521,0.03995484819508999,0.049046587130233396,0,1000
0.9234071229396476,0.6451833462850134,0.2532930204457716,0.09522352146889429,0.03881098351129449,0.04333740349783192,0,1000
1.23833642123911,0.5153107136431565,0.20662579663278927,0.1183316504020436,0.046923880019415526,0.064109455722433345,0,1000
1.1585010136701368,0.5381044278756747,0.1312309135826563,0.10210810119675626,0.04135936705664915,0.05598528326748035,0,1000
1.0920480910407242,0.5660244815723899,0.14832720539214897,0.09910488565035727,0.04064767562970257,0.05567831223764421,0,1000
1.0329960331946237,0.5495382964877136,0.1834097714318399,0.10260804616758752,0.04579284507776124,0.06390468032487309,0,1000
0.8721332731089234,0.6419017634769101,0.21341694282804494,0.08482544068282047,0.03742517718257434,0.04479150446372588,0,1000
1.07191672030805,0.5811611555819941,0.1777776187136903,0.09133060200952095,0.03716292847552913,0.04454445094444165,0,1000
1.003906506401502,0.6184304497478954,0.17150266943027087,0.08956345919104977,0.03619277253815145,0.044259185921876595,0,1000
1.3157029872601311,0.4874344297154332,0.1081407447376084,0.10236774727019884,0.040564857282864984,0.06051263748910188,0,1000
0.9517653140918296,0.6222924680993461,0.23007449442517205,0.0955642161018621,0.040337483859229015,0.05035367533133511,0,1000
1.0731513208580608,0.5893458349414851,0.18662844110050222,0.09241928888558833,0.03720804902728572,0.04366065373002342,0,1000
1.0017644979257962,0.6048496340324865,0.17498066271034496,0.09367676118548618,0.03889422593776212,0.04998049099532724,0,1000
1.0097710427302669,0.6120218141272097,0.16315529421354963,0.08538642165168782,0.03489395328596264,0.04162828119493715,0,1000
0.9086392528539786,0.6497464354835105,0.2152955086347625,0.08902837042480521,0.036550798594186404,0.042388164504014364,0,1000
0.8890215791275636,0.6226753909815793,0.282665234109966,0.09370883552559432,0.042039971521100665,0.047877846085046236,0,1000
0.9797614245734345,0.6189804705554703,0.20732668422200043,0.08681254928046585,0.036332344706259796,0.0431957435426949,0,1000
0.971437011581296,0.6083165862988289,0.20404271241124897,0.08961256270296106,0.038088361910417735,0.044859612774409176,0,1000
1.0823822576268596,0.5450568067391371,0.188719128741023,0.0890243264599691,0.03955741280792406,0.05274429656243192,0,1000
1.088132931680715,0.5800085304885227,0.2369782180267211,0.1042591166616599,0.042110690859598926,0.0523188747407831,0,1000
0.8075012879387725,0.6765012837578611,0.28364429294771354,0.08773146504007176,0.037749070141655426,0.04006632687834141,0,1000
0.9108469982631937,0.6266851759184981,0.23338249813394527,0.08507000043142014,0.03707830490202539,0.040298076767597106,0,1000
0.9079929379692434,0.6469248985386773,0.22442793076651477,0.09183752129270055,0.037830697791505566,0.043625824841067175,0,1000
1.1679405730394985,0.5288041176959939,0.12434014532137258,0.08988913431177765,0.03768250231960732,0.05126481798678429,0,1000
0.9512622958978654,0.5919888564861605,0.162378199995205,0.07851388220366647,0.03585523678034955,0.04439367673895496,0,1000
1.131936112231388,0.5441775777756054,0.13420848108196187,0.09118597905601414,0.037946681181932056,0.049272538020089865,0,1000
1.0398400120796225,0.5844884274837155,0.22205787711146943,0.09696957413742273,0.0407098123768873,0.04908094977871897,0,1000
0.9645518818335787,0.6225969579357338,0.21875777938969995,0.09835037782097794,0.04065383595236607,0.05138993714782241,0,1000
1.0228983001142944,0.5898825928347393,0.22365166918337331,0.09736464040468089,0.04077732915594212,0.04944170322484844,0,1000
0.8692631190701194,0.6392884939349666,0.25973814983726934,0.09372388286326792,0.04092951420454081,0.04652258267366125,0,1000
1.0252153035101021,0.5935172968921951,0.16118389110486178,0.08601900860125854,0.03611290633749106,0.044651466910553515,0,1000
1.3931725429442103,0.45843947894488707,0.011742193614689955,0.09991906894156401,0.03859248419289672,0.06034996710035661,0,1000
0.9736549661403993,0.6028662113616889,0.20131545562542938,0.0883631548139217,0.03797013043795073,0.043867618082219714,0,1000
1.127248051210722,0.538273298432621,0.08052637361789683,0.08857003954734743,0.03719765508413898,0.0501810991990666,0,1000
1.0654461292153978,0.5939881381185707,0.17137405059603397,0.09127422159764256,0.036852156831349736,0.04631215236072421,0,1000
0.9875854619112336,0.6017330183483337,0.20143396747683817,0.08573255755662108,0.036829725070019956,0.04309504139421691,0,1000
1.2275896174666603,0.5044590872994664,0.12173634834559849,0.09785351523561857,0.04037983956536207,0.05611490197316364,0,1000
0.8149216332678825,0.6622524467986995,0.3376140969931104,0.09245380771025184,0.041289975854190426,0.04259901426716911,0,1000
1.0618253121177363,0.608220505371806,0.1967606126191892,0.09810576485483184,0.03808726766606842,0.046668523692345504,0,1000
1.02218345527209,0.6126481108989797,0.17362640743350144,0.08410313194752124,0.034099255950038945,0.03933637369383868,0,1000
0.8703910514288614,0.661239700967856,0.20342288207832865,0.08030959422637997,0.03397610420428404,0.03922157840298531,0,1000
1.0582730555318378,0.5743129841819167,0.21387657002165122,0.09777924182543811,0.04106430835373523,0.05144513515068899,0,1000
1.127628140342313,0.5421748565275116,0.1574811077473879,0.10105516213552432,0.04201440550748728,0.05698487564018424,0,1000
1.130805437346283,0.5512164981998159,0.19990716392689056,0.09371277238376631,0.039040890677393816,0.0492562629415707,0,1000
0.9148695641118464,0.6379928597227529,0.21354889364345153,0.08827472656104185,0.03703626484879165,0.041714684420348765,0,1000
0.7543120429643976,0.6858133050712824,0.2856166886317757,0.07974685448617372,0.03615069526369016,0.03705788308744915,0,1000
1.1272276427569163,0.516262169434923,0.12079356990020253,0.09188948341289385,0.04050132991489357,0.05773810272786748,0,1000
0.922016559966003,0.6516830426718745,0.16627652392870543,0.08485617945820739,0.03442643894326344,0.04195678637348201,0,1000
1.0437289894943107,0.5658306211012435,0.20539114813173595,0.09862623021000316,0.04258962684261461,0.05423412907806529,0,1000
1.1449065572520718,0.5353704738479714,0.12413582079021304,0.09313034574296734,0.038707466542594327,0.05196852305585056,0,1000
0.9958367425646386,0.5838066122706316,0.22727480786430437,0.10091865837265765,0.044016454274173285,0.05750008280303367,0,1000
1.047221473010215,0.556826958340252,0.18130890862870616,0.0965190884465514,0.04204756534529352,0.05447611703728094,0,1000
1.0399623576437518,0.5905632374000938,0.2352368979896374,0.08551268465818779,0.03676166978938842,0.04368687030826947,0,1000
0.9297020365244684,0.6123970028651695,0.20571453040231108,0.0852090983532433,0.037761665457034244,0.043389375667457986,0,1000
1.1564888898925763,0.5286181876079318,0.20443866120846352,0.11247278761462147,0.047201488223340235,0.06511521996310368,0,1000
1.0522040003567072,0.5683666850778143,0.1851763416586214,0.09681310854182083,0.041446625774322815,0.05486688791583425,0,1000
1.1327228516040135,0.5590499659361539,0.10953822751232739,0.08969346055130635,0.035972998431658326,0.04699790130360364,0,1000
1.1074262982095677,0.5434634670998694,0.16964221958959297,0.09388026480993691,0.040242704840442685,0.05348203415108363,0,1000
1.0053415022514987,0.6134493202117471,0.1763264653016366,0.09056194195400827,0.03667650784381357,0.0445183914361411,0,1000
0.9738833515312182,0.6110045443552107,0.23161706424178505,0.09478274624092844,0.039782706246132435,0.04643352743742343,0,1000
0.9065860275640565,0.6158232185839879,0.24405725971914102,0.0956567421830508,0.042679506518884476,0.05279275975137945,0,1000
1.0261660799940107,0.6190416794103089,0.1703588431741463,0.08274006885820379,0.033085091858083,0.038097293973889716,0,1000
1.0013174263718265,0.5888910602088713,0.18837849190106656,0.0839391165109494,0.036734115376696026,0.04454969178430289,0,1000
0.9974110007358169,0.5722999751578794,0.1362591643988421,0.08447875013754945,0.03765531545992192,0.048492642437754134,0,1000
0.9238408886667261,0.6021668243239596,0.267736884418569,0.09284502221612842,0.0420676793531523,0.0489223637762029,0,1000
1.1613803736122197,0.5701646377189841,0.18371261023392207,0.09775768259865454,0.03788626160974933,0.04680809688625664,0,1000
1.0576210986920596,0.5836514750977061,0.19816623284711465,0.09297277300727712,0.038520322286098044,0.04721219307992541,0,1000
1.0311806325144748,0.5849193904974395,0.09166912807262885,0.08191355897498663,0.034523439006677314,0.044226256311302316,0,1000
0.9525418470193086,0.6355113103509172,0.19234014459910556,0.09610393940516601,0.03873593718374448,0.04879891840177039,0,1000
0.7460254671886439,0.7084936140267664,0.2890868882616293,0.09106250375250234,0.038207692636760604,0.04034882680810344,0,1000
0.9381092670279894,0.6455191091127893,0.22693668150608964,0.0931534458503669,0.037423421434824224,0.04294532231126138,0,1000
0.8623260760474288,0.6564085801327487,0.23048377568453052,0.08846088534254568,0.03753929317030572,0.042976928868087745,0,1000
1.0757582075549492,0.5539075668076558,0.21365743671799226,0.10346405652351802,0.04420715512720418,0.05736298894565368,0,1000
1.0242920490615075,0.5826866985103027,0.17760419467518282,0.0962806571499762,0.040894822701554485,0.05384255457283138,0,1000
0.9909483196450756,0.6184800230268643,0.26208458679453706,0.09590540645099425,0.0394212537956513,0.04516623364838993,0,1000
1.082793489243323,0.5675553460606471,0.17768833032918402,0.08968626899526876,0.0377678038321431,0.047666847222568705,0,1000
0.9418432115814913,0.6190163728082424,0.1921358514248086,0.08160824669212587,0.03513698515294758,0.04044690445271597,0,1000
0.9955312754211492,0.605697216747955,0.29198653331990765,0.09747802332769363,0.04130593094318247,0.04785791987546172,0,1000
1.0899060798526239,0.5887147069420684,0.2937337922362278,0.10456662605931,0.042079851304851805,0.049463848250846695,0,1000
1.028466147887137,0.5904556144341382,0.12763258938351918,0.08592356672942572,0.035893689808737445,0.04534621240997169,0,1000
1.119448528955325,0.5918622763104293,0.17412892440764838,0.09157774543161962,0.035503286465480066,0.043059294585789894,0,1000
0.8116717047538461,0.6591417113345597,0.22424714685315938,0.07577366665242041,0.034650445689647764,0.03826441269962325,0,1000
0.9646423072929987,0.636009091730219,0.24411803647669064,0.09617345906354365,0.03893391251012902,0.04665026159016991,0,1000
1.1828728059134266,0.546185643288609,0.10896598923048373,0.0865998626404245,0.03460446085458224,0.04259626674606758,0,1000
1.0695503930362615,0.5757286355412343,0.20853569004397063,0.09520380775076231,0.03938872949556466,0.04616457956103199,0,1000
1.0183022165890998,0.6147405182803832,0.20097925542582318,0.09763831836726207,0.039054107559794465,0.04905918944591634,0,1000
1.0227883388531123,0.596470681777929,0.27091411755558253,0.10580219612003938,0.04383175965827762,0.05355325072904507,0,1000
1.0435676870948247,0.5972587546096695,0.10652084574412066,0.08174873131735978,0.033294808782230984,0.04069784998271784,0,1000
0.9247334597130419,0.6011173292006928,0.2242775670821882,0.10088263805936543,0.04519265299567244,0.058160940954376454,0,1000
0.8164181801893867,0.6376117008212451,0.2101028654758872,0.07827550483289761,0.03703617765010142,0.04339176249545345,0,1000
1.048276937197936,0.5716186140805055,0.20412500927417043,0.09314577961307803,0.03979927509035721,0.04856001933946967,0,1000
0.7538976922079759,0.6580512667451861,0.18918247611309888,0.07364154045249059,0.03552118072446459,0.039341346150174546,0,1000
0.9529179932564117,0.6021737397447726,0.17986382907785234,0.08580404907830198,0.03800439009245472,0.04735531875766038,0,1000
0.9253809221805439,0.617956491189376,0.24215054108122316,0.09783154152465666,0.04201496904218119,0.04868092111220192,0,1000
0.9444341497214594,0.6267780718445561,0.18479626163090893,0.0816438507424612,0.034457208713539036,0.03839763590315967,0,1000
0.7723706684131799,0.655253699868716,0.27037431489360536,0.0876908668286768,0.041383405615590584,0.04797529831073313,0,1000
1.0836295963006284,0.5907480623059645,0.1984040787748663,0.09578952632869123,0.03764738360465072,0.04277056429610222,0,1000
1.0202227597826996,0.5753770924459617,0.16936201193515754,0.08234867881610902,0.03639482578778656,0.0451763367464531,0,1000
0.9311195904323335,0.61341838278693,0.20413350766511001,0.07734125873277636,0.034805010406957194,0.0393221204904012,0,1000
1.0262482083507272,0.5751573735778707,0.21720186696519717,0.0965357602853051,0.04141895864678521,0.049836377348616366,0,1000
1.1192766041540265,0.5605413134780757,0.19971482484003403,0.10290340886388678,0.04199938237114408,0.05436931401228072,0,1000
1.1649891492345996,0.5288060792253229,0.10847668161598836,0.09556439429981554,0.039776138527607224,0.05662713676548008,0,1000
1.0087932166643772,0.5914734366796013,0.18155132113798406,0.08691744300033886,0.03737960222801466,0.04617710609678815,0,1000
0.7991382454765986,0.6703229874512172,0.2569505504356992,0.08636042739626829,0.03842127750740358,0.04182222822225618,0,1000
0.9650202737731131,0.6038614230757482,0.1894791063870585,0.08052111128257758,0.03560543694477642,0.0420553720144137,0,1000
0.9750201661011131,0.6383702858708065,0.24575012564229132,0.08897516632341268,0.03548210904663314,0.038342583272527424,0,1000
1.1246382252655776,0.5814774989741567,0.20515427121499366,0.10540209258728508,0.04089937990084371,0.05185477973146074,0,1000
0.9316158018451133,0.6005243293319749,0.21607719451394558,0.08843200541569216,0.0396986778558558,0.04736665334617681,0,1000
1.0089921423752188,0.5947419804521025,0.21829323049057864,0.09075265763902819,0.03841165833611781,0.04377623972008465,0,1000
1.02717656769677,0.6037448726120556,0.19789081833861608,0.09365450006525258,0.0383063699435176,0.04744905545513068,0,1000
1.1723787714383436,0.5272645744083281,0.1200240989123691,0.08984337309923089,0.03748093569478928,0.0505346447623868,0,1000
0.979438787145172,0.6121399708738977,0.21831871045751786,0.08820854121859438,0.0372193508574384,0.042728250817543084,0,1000
0.9102196168847121,0.6252515820985556,0.24850007335491778,0.0875185527498663,0.038561504303791495,0.04440662423529964,0,1000
1.0008927746131733,0.5990687079485917,0.22421426522293783,0.09080131227400709,0.03863902184101224,0.04563582792971626,0,1000
1.0227137173454186,0.5886833860751677,0.2582147803292953,0.09972612149578144,0.04235543632023668,0.05216280384723389,0,1000
0.9587751843258714,0.6051567563142989,0.16424198548862876,0.08852410801274702,0.03793429496954333,0.04602825343392742,0,1000
1.016890338301659,0.5832179521567736,0.19955957229409624,0.0864471297073306,0.037536296788600855,0.04457973645214936,0,1000
1.043389259621841,0.574884842188862,0.2091686080306552,0.10555793782373989,0.04436104328766409,0.05835436874949574,0,1000
1.0437183725658434,0.5975004065565684,0.1790749743744446,0.08472023878564336,0.03489639347010904,0.04113633204188458,0,1000
1.0945049258336288,0.567121312468664,0.07173672580716628,0.08110841264446003,0.03358967125122299,0.04393405690218042,0,1000
1.0817114229320028,0.5635173362702219,0.15686990477765145,0.08698663539058274,0.03674731266565544,0.04719704860173411,0,1000
0.9952113390270773,0.5977007392105859,0.24724537650767206,0.09791787213264096,0.041375213323829506,0.04823313451161716,0,1000
0.9257135347667661,0.63671307466598,0.19521950277899414,0.07763077957308756,0.03324033756260547,0.03774412713429934,0,1000
1.1351031587811586,0.5806723452274304,0.15623683765422444,0.09431642841327949,0.03654656584974481,0.04624140432735207,0,1000
0.9901899028809312,0.6019644934850641,0.21458123599563755,0.09296915816849492,0.03945420657517123,0.04791410886777371,0,1000
1.1326507174493992,0.536179078009512,0.19988779358795594,0.11003005553953583,0.045810388558901044,0.06165464760611761,0,1000
1.0917525303620372,0.5713804557393539,0.08177344838596913,0.0799044583937833,0.03315116793566071,0.04269197397853325,0,1000
1.1860730352577113,0.5561220222861195,0.1454152516063128,0.09574639447737347,0.03749497297467126,0.04978497328328929,0,1000
1.1740581314067238,0.5106620704434487,0.21124310180281825,0.09866159481609735,0.04226060166619559,0.052933239777839834,0,1000
0.9832377392098245,0.5796410521552557,0.19176012123914915,0.08558370474183122,0.038705593588168705,0.04864769328790553,0,1000
0.8958111485215062,0.6441551433843701,0.19121997841447427,0.08062034192773017,0.034500971411558556,0.039572102285415,0,1000
0.9214539215493278,0.6182661700040077,0.3325117574983114,0.11635219432618338,0.049722059008184445,0.05813233261583335,0,1000
0.9069975121898909,0.6245319058772375,0.19891290574057482,0.08640470377920355,0.03785398201111765,0.04506045642812421,0,1000
1.2718386690613785,0.4784922992705067,1.4425612166825596e-5,0.05570031557301108,0.023614028390132095,0.0023884292463954952,0,1000
1.0360535965812105,0.5795614096075662,0.3201415502759521,0.11774548342200405,0.04966974978468351,0.06098087119346853,0,1000
0.8749198684874827,0.6604881905329941,0.27370158019370694,0.10088655217891662,0.04155244497362003,0.048885738915686136,0,1000
1.0543182637863402,0.5640993730888328,0.15009014497084694,0.0874056194754063,0.037632849161981535,0.04799873162368528,0,1000
0.875923337046034,0.6660031623498868,0.2902586125843265,0.09340993118011977,0.03810724781742339,0.03936248068901744,0,1000
0.9540450034755537,0.6227463388448379,0.1377440103244535,0.07941269563464871,0.033437367183982755,0.03959615109545181,0,1000
0.9786639802674122,0.6555333445363352,0.18245681140142953,0.08846801644327454,0.03384693958140362,0.0403556596209942,0,1000
1.0002571613394853,0.5834925095120617,0.18748874044291916,0.08586108955830528,0.03785757180101591,0.046656954153408245,0,1000
0.9845848134802485,0.5791761830596103,0.23690695372409293,0.09429308217441403,0.04168003987303478,0.047591337374653944,0,1000
1.1337344352162895,0.5562177160415206,0.26922223781110116,0.10644758706069338,0.043706805403181816,0.05326370984250284,0,1000
0.9847389878868794,0.5958507982288516,0.19519125690059722,0.09387095503661912,0.04074358704208858,0.05307837376262813,0,1000
1.1885360296788974,0.5620831867806595,0.20023941414643995,0.0930911071888613,0.036650714011180835,0.04431168767489881,0,1000
1.1253980347310555,0.5654989702253117,0.22959858984898626,0.09499356590605769,0.038720117611704234,0.04462393211613877,0,1000
1.1751014800543869,0.5365755392749361,0.19874180303661484,0.1009538123817569,0.04110840482328345,0.052111010233108386,0,1000
1.0112410241997787,0.5947384464335811,0.20386878115260929,0.08764731984856318,0.037733615595166144,0.04782432104982371,0,1000
1.0425276513267665,0.5625558186953128,0.18129429469875954,0.08424597516953038,0.03747227721188776,0.04712042131162319,0,1000
1.1918974261909623,0.5090382919164229,0.09605384994141189,0.09342908438216306,0.03941670899519375,0.05815417058289229,0,1000
1.1095561828023783,0.5600328545224612,0.15373480009934187,0.09559640228689245,0.03922963478561426,0.05160881615101881,0,1000
1.110258384279876,0.5882333836195682,0.20233542772833846,0.09071392355972058,0.035955263506952835,0.04194068181242031,0,1000
0.86681942683926,0.655183367787615,0.2651678505750281,0.09132288727758285,0.038904806620878106,0.04472976798932761,0,1000
1.0598972384359608,0.5784469932833721,0.20742306295149973,0.09470199444735651,0.039555677250149024,0.048917056607764756,0,1000
1.01028952072088,0.5929110292785449,0.17900837718025628,0.09137398129904661,0.03860899293179791,0.0483013671611403,0,1000
1.0636676521756898,0.5766852274502079,0.1903773685532492,0.1125748709874613,0.04574912769672444,0.06096242628765998,0,1000
0.9505530670880502,0.6161476900403137,0.20311049825145933,0.08348955706214123,0.03615851634724736,0.041919474305641774,0,1000
0.9918179474615733,0.6080788602344077,0.19057368463841892,0.08923872223692886,0.037344352613679466,0.04490090792616401,0,1000
1.0310671038514323,0.5976567872714696,0.1849794430418728,0.08441206587639309,0.03537710340357606,0.04248340301344692,0,1000
1.0703023523204565,0.5729722945828847,0.18390843588875833,0.10678230981993557,0.04397006786242039,0.0598664739021996,0,1000
0.9930459928337894,0.5907480401736308,0.17567388828711805,0.08839628053334372,0.03800491309372998,0.04337815547403911,0,1000
1.059611803848722,0.5839367175506228,0.215160908360175,0.09077810698027082,0.038189078586550504,0.04578743458941027,0,1000
1.0802656407187725,0.6035806830807238,0.1784382322529116,0.09033045003125788,0.035215003076977086,0.04113044674065039,0,1000
1.0193813451276843,0.5909176818066975,0.23698668350288618,0.09388407067347905,0.040141296683576196,0.04942055251776438,0,1000
1.0538828371670386,0.5718899829189055,0.11400663045168083,0.07945225197693549,0.03407526441959006,0.04213419797721456,0,1000
1.062545698006199,0.5986432442582527,0.19788068416696414,0.09327635945412929,0.037135290733083186,0.043506351498636076,0,1000
1.0460389626232265,0.5746394198342974,0.24125672385185212,0.1028433681302721,0.04350247125200988,0.05377771363836403,0,1000
0.9234085863393506,0.6307604852620414,0.2423184679095716,0.09322653093035296,0.03938713150340263,0.044920206055233704,0,1000
0.8987096439418466,0.6327808983932359,0.24885046032526856,0.09098952298177877,0.03940626139450566,0.044461278066959105,0,1000
1.1147461382424166,0.5583884274385579,0.12479003175015722,0.09015146385610692,0.037379844995310066,0.05011761597330016,0,1000
1.098431849663426,0.5854807287034915,0.1703834863659939,0.09880618901688903,0.038905501160093656,0.04956634692130311,0,1000
1.008379777710176,0.5913786983454589,0.14372618469622486,0.08234078806418549,0.035251353799985785,0.04329848499722673,0,1000
1.125307240683236,0.5574567168895419,0.1444882887210941,0.08989575372599927,0.03701305252021648,0.04762653865445664,0,1000
1.0520696597407375,0.5682173456242642,0.15390894227019947,0.08879950851735333,0.03796318615787517,0.04779092094588263,0,1000
0.9130675565432127,0.6179755332838153,0.22767806556898956,0.09081767528366542,0.04020481499073154,0.04882797733341603,0,1000
1.098764641509233,0.568129198515729,0.16315790203381528,0.09031211907770084,0.03734312903551873,0.04657768556288471,0,1000
0.990425882549352,0.6252322723287481,0.2475566561550087,0.08954189748648421,0.03644991373021898,0.04050086623708666,0,1000
0.7996661153864676,0.6909965379234656,0.27206140039603405,0.08784442408264008,0.0366405399908785,0.04046461993695504,0,1000
1.0428713433319146,0.590740507452678,0.126915239686093,0.08553240949714414,0.03557966984905649,0.04502268613221171,0,1000
1.1341975601636711,0.5429990759078679,0.09722102466941639,0.08985802286219917,0.03715052409134007,0.050434316034827495,0,1000
0.8376318296621904,0.6615313476562681,0.24222391295453752,0.08437010794742032,0.03655642789149885,0.040212734860940395,0,1000
0.9943612636380906,0.592077039448885,0.22371877211899407,0.08742253589912649,0.038367392174325596,0.04631853360522829,0,1000
1.079093220187126,0.5646170254085899,0.14789248919046255,0.08670623834426232,0.03664679740211465,0.04624313320022241,0,1000
0.909443738681071,0.6425777854088842,0.21464757379358668,0.07760473689958433,0.03349350161000925,0.036916468840418076,0,1000
1.1053266168737512,0.5311672657129309,0.12231561166465064,0.08865729966048297,0.03859626874506298,0.051224360454490615,0,1000
0.9787946865147693,0.6423157390081933,0.28246551729042935,0.10239154713695496,0.04011118087563506,0.045721660730878,0,1000
1.0338354761762323,0.565241845438365,0.2388296135019073,0.0953296165748161,0.041891056150075205,0.05032621135123021,0,1000
0.8067060075937398,0.6732139459251962,0.1659933635821749,0.0682217274374204,0.030416669823053234,0.03293376684227167,0,1000
0.9511903813801116,0.6142554573991506,0.16278115028746504,0.08755580585590111,0.037145805148613674,0.04457909572266257,0,1000
1.0249042822075494,0.5848540276904429,0.1726544168388568,0.08577523286024161,0.03677729553340654,0.04521386602178386,0,1000
1.025066517985696,0.595050303986324,0.19232693730695832,0.08392466495294783,0.0357965628028659,0.043885527900984336,0,1000
0.8282101704483406,0.6674726775041078,0.21288180894078276,0.0776063605998172,0.03380664169663383,0.03676216335733489,0,1000
0.9974627329316688,0.5781178490385073,0.19058121671491707,0.09813971400041152,0.04320132378288686,0.05729239448240944,0,1000
0.958290262740178,0.5995551686950803,0.25886172408302355,0.09061882917566236,0.04012782412953475,0.04490603445184728,0,1000
1.1235082627509299,0.5571100945104358,0.15562937948806307,0.09509693518985743,0.038768019682176975,0.04915171505959477,0,1000
0.9426219280273053,0.6357885204905014,0.2310910179986774,0.08730041588827897,0.03616000434898191,0.0412892533635876,0,1000
0.9819816547364124,0.6181652982478365,0.19335555936638527,0.09470213289175249,0.038792075299716365,0.04813852971677772,0,1000
1.162123033273389,0.5576956427561683,0.1595629761999859,0.0946057840985147,0.037659648655207774,0.04836628538498197,0,1000
1.027304811948739,0.5496606376690517,0.16058837316344235,0.08801064596264288,0.03985793327345359,0.05125876955772853,0,1000
0.9162336247010597,0.598991142025938,0.23660159309560727,0.09194313223539928,0.04205264026212365,0.05060289541559876,0,1000
0.981953797485137,0.5954140145668205,0.2098928976600701,0.08973207261608471,0.0389795845706873,0.04648270637402962,0,1000
0.9117506577816431,0.644699810054062,0.207899068764177,0.08612583660681654,0.03584345788094529,0.04069673139496773,0,1000
1.1723378904525503,0.5488303489532825,0.15800272442354346,0.09870350087206115,0.03928009605702305,0.05021389672839294,0,1000
0.892958001326591,0.636576941435326,0.2568562506007419,0.0954085345564829,0.041105787198613,0.04897218020789639,0,1000
1.0460316066805475,0.5632386874476683,0.11451211005481873,0.07602463279753698,0.03360966496437294,0.041943649612673134,0,1000
1.0794983452638867,0.5859447515210298,0.21652511102626892,0.09146031286201986,0.03739953057127252,0.04449064943336954,0,1000
1.1520527626540684,0.5481985828941842,0.11490338447481364,0.09817956304709008,0.039321515290980075,0.05209172142396488,0,1000
1.0769714031000939,0.5521983048141367,0.07905253977807196,0.0871699806284159,0.0372903813033835,0.05042028777035586,0,1000
1.0661137262433513,0.5809700699630619,0.17131805504619374,0.0914373496611856,0.03784122158574784,0.04798803693560573,0,1000
1.2165467530165763,0.5050306141968424,0.12519774809252282,0.09204260065510696,0.038462463907516294,0.053470000066286806,0,1000
0.9293812885218325,0.6439822663970931,0.2908587216359471,0.09733602378006213,0.03973711603268912,0.04410994778669838,0,1000
0.9274647230365379,0.6153107822727297,0.20451227486693543,0.09346783835428336,0.04075407764640905,0.0499078026582415,0,1000
1.1637378582087765,0.5642382617578255,0.25264309576304445,0.10234254319366892,0.040567412694567324,0.049176891093331794,0,1000
1.0051675575179677,0.6113666678880776,0.20757021704361084,0.08721843236234954,0.036358079220668985,0.0431631228840496,0,1000
0.7648071288659635,0.6873133186501459,0.3169242820074656,0.09515873352215645,0.0410205844670681,0.04324709330132526,0,1000
1.0348938358518907,0.5656330850484903,0.19830139977449732,0.10099467235956697,0.0435706398868823,0.056189761868662945,0,1000
0.9873132865653234,0.6209602594261385,0.246931343404802,0.09415849881905071,0.038567258559513165,0.04435822823950176,0,1000
0.922271641697865,0.6126474015394249,0.3435062025056962,0.11876323777909271,0.051576323531050704,0.06004384310831618,0,1000
0.911867152311568,0.6400949015356171,0.20907588158653242,0.09027001213664247,0.03777710948155891,0.04535158214463179,0,1000
1.0401195579099534,0.6109796900673305,0.19310674023646068,0.09204701544691232,0.03655170301053558,0.04404608333812526,0,1000
1.1636816666466712,0.5112857189147562,0.07405776989097242,0.08577198378451767,0.03713730984039869,0.05434645446371184,0,1000
0.9326122038277659,0.6173429891693383,0.22216493239523927,0.08006400210649277,0.03552703596857653,0.03942615413848289,0,1000
1.0685565795603411,0.5948529740394161,0.18636168346912232,0.08891663475155893,0.035753643032418465,0.041763278227970435,0,1000
0.909557547602859,0.649655109073073,0.20214802943194343,0.0850736047735341,0.03497495069892677,0.039055530827837706,0,1000
0.8975033719666263,0.6394910720583566,0.21512888049731546,0.08257341689253272,0.035646714546824,0.03990713304619267,0,1000
0.8365828966423927,0.6802780602767285,0.29098666575487325,0.08991486613074934,0.0370854390276021,0.039161288325190405,0,1000
1.0707887845106527,0.5820807377348353,0.1615492431043547,0.09224812056063722,0.037442866243585705,0.04562743502237984,0,1000
0.9622041451052145,0.6073574353666171,0.22817416572071664,0.08425369073472959,0.03684162545645638,0.041636733687484245,0,1000
1.072076403815366,0.5614501481750666,0.19314487646743944,0.09078095000091536,0.03889102683835271,0.04777459028831433,0,1000
1.0454747617134637,0.59755805558746,0.16850827526449252,0.09248548851424349,0.037377534810864005,0.04631306366394905,0,1000
0.8021005376737388,0.6640015434666402,0.2758305333526791,0.08356276243331472,0.03811687978824264,0.041011427979600196,0,1000
1.0543210505525715,0.5598230309949448,0.22458819756095924,0.10301429273124157,0.04437360603978524,0.05679168567465072,0,1000
0.893331918016928,0.6357985280497684,0.2319360134387185,0.08420189111396403,0.03682398914406436,0.04116074724129626,0,1000
1.0785915114538005,0.578348085788244,0.1422593025177513,0.09275673948669115,0.03775437310124251,0.04816811603099712,0,1000
0.9464637189538013,0.5921404598793877,0.28209690573292273,0.09610229613673078,0.04340237310840209,0.049089759422338716,0,1000
0.8980235642667705,0.6179344756670657,0.24374366572742046,0.08591315324955785,0.03880009998905679,0.04367698600523457,0,1000
1.072275238211443,0.5637030991780386,0.10829333698842679,0.08594368448377784,0.036313954076879235,0.04752842878568984,0,1000
1.0098066352636583,0.616605362405781,0.17969975504739522,0.08898620804272,0.03595694993413429,0.04331057272307522,0,1000
0.7947940729106396,0.6750861873042385,0.21201364027811104,0.07687398887869235,0.03430357204208352,0.03895255960153716,0,1000
1.116437208934462,0.5622523229127057,0.12812580157959264,0.0923500802294177,0.03733780502872066,0.04750479727256303,0,1000
1.132898875556493,0.5684993918907145,0.19924831114351715,0.10068504093917609,0.04030644691289576,0.05288434014200133,0,1000
0.9842267665529167,0.6040545976448476,0.15107646789852647,0.07655951415962145,0.033314492778812224,0.0399361791707746,0,1000
1.007569114700227,0.5899195201051111,0.16939889851020934,0.08038844304727423,0.03480767326476715,0.040520174409365485,0,1000
1.260993096164015,0.4967388170698088,0.0931897549942332,0.08459657398296536,0.035109969035270534,0.04912147258101818,0,1000
1.0372452160906984,0.5585856546207266,0.27384927388129665,0.11664056779642962,0.05044460841571396,0.0627535090732624,0,1000
0.921751026907499,0.6386219633849723,0.20072697584479654,0.08235711251766428,0.03457990132827731,0.038998599479664324,0,1000
0.9388660126647002,0.6281796677857364,0.2334049520615994,0.09293477826077245,0.03890776713887877,0.04525594286181278,0,1000
0.9427466448416528,0.6071512248583407,0.1836815809919839,0.08589673856787376,0.037744343568691566,0.046011371159012444,0,1000
1.0089192659608892,0.5833751840155372,0.19088139356750258,0.09086292620828325,0.03948939650669772,0.05042994662290831,0,1000
1.0684270553208246,0.57096089026628,0.17349354756985041,0.08788453010504792,0.0372307914406,0.04585393926607819,0,1000
1.01855620515472,0.5849270250153684,0.21540765310949225,0.09476274937738002,0.04059866586308934,0.05068717098634557,0,1000
0.9820068965593142,0.6260771958483577,0.21770410921773553,0.09871231031207334,0.039830490312782116,0.04916037428119983,0,1000
0.9667095701707088,0.6202479409997511,0.2008397042367147,0.08397227311294038,0.035580971300682246,0.041797533976051696,0,1000
0.8268283321731551,0.6563070044158117,0.33741097403136255,0.0996627517605156,0.04368255516350748,0.04598858011326894,0,1000
1.0370327749783912,0.5712659747272564,0.2193426575546262,0.08754651318057578,0.03810426445291596,0.04308485067037659,0,1000
1.370849058288557,0.4754930556402576,0.12594080690023918,0.10641201460642657,0.0414559287883187,0.06389109606334545,0,1000
0.9204860662797995,0.657530135819702,0.23475731124626936,0.09584517452124026,0.037715351631567584,0.04145560026325933,0,1000
1.009651707972587,0.5782208081591557,0.23018543460846372,0.09261822578585686,0.04052033772420326,0.04908032807075442,0,1000
1.282368676371871,0.4634747930328599,0.086998843980425,0.1093266919585532,0.04575050013516341,0.07256641629331582,0,1000
1.0852056050894916,0.61135867637164,0.18489588278722643,0.09468086739474907,0.03585260250765375,0.042175818164847514,0,1000
0.991569348699423,0.6177758032089972,0.17765431152551286,0.08443091536652256,0.0348391913379414,0.04050278179399037,0,1000
1.1015881341213736,0.5652995223869477,0.12010596142609976,0.08910982293425156,0.03674772957470262,0.04842939326057878,0,1000
1.0316660257515256,0.5998769315624082,0.1255069533356946,0.07868773705814745,0.03251606547883726,0.03805280445935689,0,1000
0.9678918688803108,0.589813073789526,0.14450667184989402,0.0830213967553811,0.03668841110438379,0.044631831592790494,0,1000
0.9534272239939705,0.5990728358314874,0.27531200715997106,0.09292687618543949,0.041305144857507796,0.046092669106166044,0,1000
0.9405966922430665,0.66504791825753,0.23391633756627597,0.09135042559467244,0.0352037736136417,0.03973126703336725,0,1000
1.0283260116195867,0.6227318826736583,0.25441723990487874,0.10028886859975883,0.03942342886096714,0.04745751519401688,0,1000
0.934369229402082,0.5903335439513615,0.23654679358943773,0.09133358450072647,0.041883286823262186,0.04912019451646975,0,1000
1.0556914399171233,0.6018776515734727,0.2335410921990484,0.0973935642960468,0.03863474105498476,0.044299956625078914,0,1000
1.108696667243456,0.5624023232505981,0.18769185324374546,0.0956403644362119,0.039565297204322426,0.05110787801786962,0,1000
1.0838856064656142,0.5932737805616297,0.23070396013628447,0.11154595325979712,0.04357311216060569,0.05487865592303055,0,1000
1.1044501262809436,0.5641961406397361,0.17384908620224632,0.10472831428587798,0.04252125948271754,0.05671300655467521,0,1000
1.0851205572256297,0.5669799258194591,0.1336821770623444,0.0888169125869877,0.036811092006129684,0.04589142991867126,0,1000
1.0727014680359506,0.5670201223802811,0.162857880224267,0.09010646323235275,0.03789466886957833,0.046830306562559175,0,1000
1.0460808284112653,0.5742801073951068,0.2890375931919892,0.10779764443431988,0.04593913615501432,0.05528773972821722,0,1000
0.8590901699438834,0.6309107092928335,0.2531954403674976,0.09161245130552652,0.04141306409041579,0.048157597300800076,0,1000
0.8736787947321865,0.6327521833089638,0.21506263686631719,0.08319238097468533,0.03741743367547443,0.0443455029731913,0,1000
0.988541018591613,0.5794949636190456,0.1766434193337974,0.08226865139005608,0.036908037898360106,0.04396288983821613,0,1000
1.0367651196037015,0.59602052248579,0.14095696593859722,0.08016387051740437,0.03333126782254505,0.040518928270418246,0,1000
1.1215083685686935,0.5579092936612138,0.15981664961469874,0.10112385094826756,0.04112761507415271,0.0552133160314908,0,1000
0.8336960888203332,0.6648489168902121,0.26922650178304497,0.08780611089442007,0.03771081701244316,0.040069264736766766,0,1000
1.0381094979922132,0.5917891067874667,0.2313091529253909,0.09006183914276501,0.03790119763283354,0.04432941070655957,0,1000
0.995208053767567,0.5788639650273952,0.11408111148309413,0.07807251520122029,0.03476621385888731,0.04402210765864002,0,1000
0.8958212579670877,0.6223552255830788,0.25613785783263754,0.08749425395667594,0.03913088237804416,0.04296449563350623,0,1000
1.0744325180398189,0.5678594591676281,0.12960408892702416,0.08347603940129482,0.03516756578787818,0.04308561388147882,0,1000
0.9284989545821216,0.6214809339373351,0.2566076825013426,0.08991551341153817,0.039489535165064614,0.04486100158558404,0,1000
1.0790718678726956,0.583619208260313,0.12061888094389234,0.08718182726819576,0.035186123595309364,0.04350978948028824,0,1000
0.9181573044659964,0.6179397040416201,0.25564786822481433,0.09362287646020251,0.04078659823418912,0.04531283053592267,0,1000
0.9212122703519079,0.6104576937901949,0.17128762274801324,0.07422167061474819,0.033917885507539366,0.03900052680912087,0,1000
1.049962257666881,0.5800455389571144,0.18539269014074727,0.09328060281496807,0.03885184314842577,0.04685452834819963,0,1000
1.1766892803922369,0.5517491337830519,0.1725624510216137,0.1035156521364628,0.04099590312357209,0.05573414559267831,0,1000
0.8902531601408041,0.6479997446946137,0.2505186063528033,0.09253557649358476,0.03890197094767073,0.04448357757561101,0,1000
1.0570977755736857,0.5666120813173344,0.26371460397357205,0.10819684179088705,0.045509787664545866,0.053480951613819425,0,1000
0.9310337935453378,0.6446777213158351,0.23267924182122324,0.08720272421409093,0.03614943306654219,0.042291960106702275,0,1000
1.0319096419728275,0.6067061557518386,0.2715723771194354,0.09753305757548265,0.039767259749422725,0.045666130452850895,0,1000
0.7914427885832189,0.6425057237008809,0.31108910777771454,0.09896872459955597,0.046542084839471684,0.05235284573318185,0,1000
1.1402852475126732,0.5471515055353113,0.17449341120229112,0.10587397695531248,0.04327462399183464,0.05874064000335201,0,1000
1.1187020801468348,0.5495792799124342,0.14977584547254086,0.09418950056462054,0.039266697881663065,0.051638410334223575,0,1000
1.0147642925125608,0.5743244301143545,0.15861543136812983,0.09187656338613215,0.039868152708574356,0.05088672439876384,0,1000
0.9899419979520077,0.5989888810338925,0.21544458727477717,0.08847876025126485,0.037987262579436194,0.043343166423293215,0,1000
0.9620857634859652,0.5798768001832453,0.1426657825919205,0.0782881549954025,0.03593245380032643,0.04265388421848587,0,1000
1.2196148831683113,0.5162011843169507,0.1287219804173019,0.09835128648587402,0.03963597695070148,0.05128760207541018,0,1000
0.9682417130007158,0.6381474109916552,0.23299809813985253,0.09299878391829895,0.03700643535231129,0.042132826665681515,0,1000
1.0634539453318408,0.5740740226465797,0.18894933327905522,0.08683859306026366,0.037000805284097396,0.045302773351223895,0,1000
1.0240523201318918,0.5776355292935216,0.1861935285063483,0.09995994169820732,0.042835842271928194,0.05621161620733109,0,1000
1.1259473687770145,0.5634356678416679,0.2224300698761319,0.09248562461039297,0.03784597485889903,0.04306901837283685,0,1000
0.9895169396417755,0.6052658985249262,0.18995471659441582,0.08138167037568407,0.035231229995955446,0.04254206314578865,0,1000
0.9162822452596298,0.6189042488063069,0.2646627096610985,0.09450907975553775,0.041346299838280594,0.04637693172819766,0,1000
0.8882502072609222,0.6532737660218996,0.21450757396854167,0.0834924541312064,0.03527781584405075,0.039749845037962,0,1000
1.1649881173109349,0.5423864038453583,0.16124205886546877,0.10610447525227396,0.04270712149096633,0.059369880796458906,0,1000
1.0914019506793653,0.5698445522355604,0.17361772861395838,0.09763224843154751,0.03983818254970365,0.05038422771479106,0,1000
1.0546197798660264,0.6001835451960199,0.2061129471818806,0.09181960948485102,0.036960166097711966,0.04362169442831269,0,1000
1.066931522003555,0.553369041398903,0.14577694111148584,0.09642442729781182,0.041672111383304226,0.056624354995597134,0,1000
0.9628608313343404,0.5819402526668204,0.14948725979662725,0.07985115826528165,0.03667552452483481,0.04612650517706833,0,1000
1.0219209150943542,0.5638105268571326,0.1732947651039767,0.08556080010441218,0.03844696801276491,0.049254373115460076,0,1000
0.9833452807521708,0.6105029862436855,0.18971192630816813,0.09710690337104325,0.040307252124283786,0.051246237486815296,0,1000
0.9210513292718773,0.6264958687024665,0.24123027556357327,0.09744837827595636,0.041635043020361105,0.0506545302976728,0,1000
0.9617251106313358,0.6302648440542505,0.23672937314739084,0.09311187654514377,0.03817251170544376,0.04428958835144324,0,1000
1.0455762106194797,0.5641046703367498,0.22344773814900168,0.09360362764729258,0.04096240775179348,0.05115125390582185,0,1000
1.1728434512211703,0.5473994518441417,0.13850550229712122,0.09829365495772865,0.03908209747081129,0.05165086671746961,0,1000
0.8445238657218803,0.661735339715553,0.2294595628707179,0.0753750480020347,0.03345810769320218,0.03738117095929186,0,1000
0.8676289892092338,0.6480656177319194,0.25934497092378644,0.08615762888422722,0.03739664602526564,0.04022727525637921,0,1000
1.0697118433346537,0.5947334469140779,0.16253178869039112,0.08754848932994447,0.03508444151920734,0.0414486595982894,0,1000
0.988413005773655,0.6011351710924047,0.1777274644607471,0.0872968396978201,0.03698184196429243,0.04410922645321781,0,1000
0.9264790896614034,0.6422981949943074,0.22930853897445042,0.08856783341672192,0.03683207729231722,0.04330843174997177,0,1000
1.0697326636121394,0.591657540127092,0.21588034104879072,0.09580472794086711,0.03839123867770363,0.044771009303541144,0,1000
1.0091194113180413,0.5951721174770969,0.1405480850849339,0.08281462271774971,0.035014319892129664,0.0421539059996311,0,1000
1.0549812461236951,0.5843909532163036,0.26687586170347594,0.10489595705631513,0.04320313657589989,0.04993608863824652,0,1000
1.0342004121482335,0.593622232187914,0.1594459845035235,0.09523808481451938,0.03905712523037221,0.050339153319912795,0,1000
1.0001595239021874,0.5852192682572452,0.1535690739942788,0.08617282271230388,0.03732418627479922,0.04702590656573501,0,1000
1.1263070836953266,0.5365550813765247,0.20486433088504613,0.10077037409793645,0.0430058675013722,0.0568889121242594,0,1000
0.8333869997390646,0.6539306988413984,0.2560633998941878,0.09026858109271807,0.03971367522365867,0.045231489548053394,0,1000
1.0676126375065094,0.6080478672703403,0.24005144927954813,0.08934603699413426,0.0355182550416478,0.03870511157520238,0,1000
0.9476169218434509,0.6033754738597197,0.19977571621144488,0.08158736425378837,0.03634079641631956,0.042254998697660626,0,1000
1.0285896622154076,0.6046611755423714,0.205080055755338,0.09164310935256434,0.037332335570153606,0.044540706502757835,0,1000
0.9286333239205659,0.6194355014069987,0.2347921217665379,0.08253807605626803,0.036426485172040154,0.03985732145143709,0,1000
0.890760598054264,0.6510769679949017,0.24138681469002407,0.08433926794584196,0.035793971535909276,0.03956837618059662,0,1000
1.0672102065965439,0.5578085062407347,0.18099946998921154,0.0869910867940448,0.03793043386632027,0.047597115148086275,0,1000
1.048958319500014,0.5741302279800742,0.23775657541379885,0.1015113951961938,0.04297472451845207,0.053970919287530984,0,1000
0.8647190206738162,0.6647112245898636,0.2147916892881064,0.08433666125312295,0.035169752020912146,0.04027159024287569,0,1000
0.9254658937566758,0.632777444655391,0.20486840246999338,0.0818198962896312,0.03507662738641789,0.03936771895892998,0,1000
0.9129059401424992,0.6468051248205905,0.2918055322471629,0.09613667886464035,0.03992570450777347,0.04473646529864854,0,1000
1.1988215305977987,0.5080093558579145,0.13830168491855951,0.10194228373981032,0.042687841959185124,0.06245032028141281,0,1000
0.8854713262446655,0.63331278272167435,0.20591455302830075,0.0785353164290672,0.035031333630889554,0.0393946290707152,0,1000
1.0417799896563258,0.5700675794345222,0.16137159356921624,0.08535903053595922,0.036942248627276755,0.0451377468998818,0,1000
1.1228167113688754,0.5771369682411821,0.34252816876957487,0.12201458558832291,0.048087369173967005,0.05500785617073961,0,1000
0.8251368775206509,0.6817770616057096,0.2780052452797097,0.08810320434286882,0.036843928669534974,0.04062401415894906,0,1000
0.9847732274295482,0.6145988530541826,0.226794640616807,0.09972736128915598,0.040974181720641004,0.04875162308355511,0,1000
0.8700054812416005,0.6321226648551458,0.24437519810004696,0.08807860961558882,0.0393873917310819,0.0439997124478755,0,1000
0.9848729373350351,0.6052466243662022,0.21214522457016155,0.08950288749731418,0.037982191036046685,0.04578686493231554,0,1000
0.8154566977503709,0.667929798124201,0.27997978691097436,0.09514696687069016,0.040935622556690685,0.0460338163583119,0,1000
1.069115214542909,0.5694381208430804,0.17463654523017094,0.09375208506289973,0.03932316541449988,0.04979190091417737,0,1000
0.943489567118266,0.6142102229365073,0.1557656682620931,0.0789530117852285,0.03505841400450241,0.044914710993924106,0,1000
1.1563505813774122,0.540258086998092,0.14185824753185655,0.10459297845891981,0.043213844329004,0.06545226220967623,0,1000
0.9944774566308725,0.5930858775639174,0.20932310957345568,0.08726304677076004,0.038051700413636265,0.04667835690976651,0,1000
1.1527834162372508,0.547961822403421,0.18624929847576385,0.09181697668053643,0.037810136454661976,0.046564445777271785,0,1000
0.8738469735662973,0.6489460312300299,0.2740198308599449,0.09228823962356765,0.0391514575556131,0.042007782185935545,0,1000
0.8938630258085045,0.6202043797273926,0.2748091559810028,0.09311654272790294,0.041957293132208306,0.04870924137528697,0,1000
1.0513429332449953,0.5706067009932534,0.13405695806898735,0.08701964904424334,0.037056689054026995,0.047275786131390614,0,1000
1.0470997851103974,0.5640108064271819,0.17054004446995544,0.09323642433660322,0.04057333875664399,0.05635001101274795,0,1000
0.9604254395076355,0.6144391729203224,0.19313884951850824,0.08927735201520727,0.037847132728954985,0.04577575271767156,0,1000
1.1131237282118238,0.539229967438036,0.08102956038926241,0.08000718086687676,0.03451863777110046,0.04624390147511883,0,1000
0.8201689710288407,0.6534732717110788,0.22634251041909473,0.08718292963563057,0.03879813757478944,0.04506153086587542,0,1000
0.9988908053311766,0.5689216880088916,0.08818279622894296,0.0752704984988261,0.033987542263280004,0.044620400749235255,0,1000
0.8075944697435598,0.6492721968509632,0.3183301514106152,0.09935878780363476,0.04533965278833523,0.05093016366462281,0,1000
0.9681025531888924,0.6055359927980191,0.2375745074760183,0.0862029890372727,0.03768911306092851,0.04385826983917493,0,1000
0.9834602974308654,0.6103474057602658,0.1379282425984825,0.07518402629580359,0.03216062875402496,0.0375937416730591,0,1000
0.9618598789674748,0.6110814368295383,0.23800101812634233,0.08808649766845442,0.03814681732756916,0.044036031612905376,0,1000
1.0688786337468967,0.5637957525810972,0.06335198213592093,0.07816350888426567,0.033213942974761386,0.0423110523609472,0,1000
1.042089875123955,0.5804066570443541,0.23730155659090849,0.1049934659245605,0.04382090185806974,0.05449914500541095,0,1000
1.1023485310224257,0.5836688102214814,0.20282853165377254,0.09725235059590116,0.0388497953686395,0.04903900002590921,0,1000
1.0085347058623095,0.5973662477681927,0.1806340496282001,0.08965821631507337,0.037727147301633186,0.046324906669683225,0,1000
0.855849369134268,0.6536215434063548,0.24206840116324885,0.09079235341580716,0.038961072786667224,0.0437344061918653,0,1000
1.1576481350410297,0.5525655135078399,0.13414028125775326,0.09312888281930447,0.03745354258454114,0.049217369415999496,0,1000
0.8074502858847399,0.6758849574996842,0.26597976821930924,0.07712640073308145,0.03428838445286684,0.03804724321316928,0,1000
0.9063449586523129,0.6137132475723927,0.21715145581770506,0.08711118930410207,0.039036666028870334,0.04575670325185188,0,1000
1.039723817314396,0.5737316350707908,0.16235981329520136,0.08298756639246006,0.03599319530617365,0.044096272341856056,0,1000
0.9834048749967392,0.6118621885595665,0.21741956371128954,0.09743967791301157,0.040402122132709356,0.049642011953245246,0,1000
0.8667609147155757,0.6358006397333884,0.2252252540952715,0.09182498174148526,0.04027847904425254,0.04539247403080009,0,1000
0.9083838290953234,0.637187064846124,0.18596787080154925,0.07977646665183746,0.034171898802712986,0.038458251282117044,0,1000
0.9669772342347481,0.5986388482552846,0.16276608443756238,0.08203867104720157,0.036363260709836295,0.045971427775516334,0,1000
1.0228083090065183,0.6154670919574253,0.20329113843448535,0.09592131405980017,0.03781796149804791,0.042881284560659386,0,1000
0.9618246200433208,0.6161035925832251,0.24837204567259802,0.09169366274784736,0.038844683010043735,0.04341990107790027,0,1000
1.0569496834537826,0.5690180464459402,0.13219424580097916,0.08137436568248707,0.03503656531661947,0.04366656341054241,0,1000
1.0886668293172739,0.5718287795704493,0.10422917557234937,0.08222595452386741,0.033959140348927726,0.04247803428984835,0,1000
0.9378046166647738,0.6067258919252594,0.27117186582037006,0.09098346741747815,0.04091249350080314,0.04709856250981754,0,1000
1.0405183961556614,0.607717356901187,0.2676056826186835,0.10930598817974951,0.043089384438519666,0.05082421052781792,0,1000
0.9965435610347382,0.5960920492652658,0.21917769636288728,0.09145666802213831,0.03919077648996226,0.04699109503074351,0,1000
0.9829407317041564,0.6121332912132198,0.224455209130646,0.09249781023557045,0.03836118599591874,0.04194854820803132,0,1000
0.9103135499636644,0.6279584077834873,0.21540480861858557,0.08216320699495792,0.03618271602881659,0.04164853430414783,0,1000
0.8798275459223535,0.6340149559456921,0.2698959928401621,0.10152542143939246,0.0440640129071314,0.05048434796205876,0,1000
0.8168850146317421,0.6646318406507846,0.2305900122539187,0.09259552070199156,0.03985625501158878,0.04568578224941314,0,1000
