tau,kappa,beta,psi,tau_se,kappa_se,beta_se,psi_se,convergence,length
1.4114660666161793,0.7446998158978162,0.12249039047531877,0.5411911740802287,0.23491297680286577,0.04016727965129308,0.038559388392015864,0.32259141320266743,0,500
1.0172788391168177,0.770348658586878,0.12267364775715839,0.6917074923546213,0.17891897222216616,0.037077525272516634,0.03425924185253006,0.38528944570651374,0,500
0.958212811612024,0.817168390440402,0.11586232076524448,0.999986576607906,0.10525934086016518,0.02420330074891283,0.03468375208967461,0.002749310463027879,0,500
0.8834262227870973,0.819277500187581,0.10919041594680394,0.9999935254222891,0.08689151473908001,0.022672033450203993,0.02878681131021056,0.0014148514268652985,0,500
1.115519884362054,0.7757487699389566,0.10123336187924188,0.4357513564270401,0.19710012571940563,0.037486039366282184,0.03584393012916487,0.33093640463542734,0,500
1.0251925311031718,0.7837672262579242,0.0816441160335051,0.627609374705902,0.18233719678159066,0.03597185284154508,0.03359753620781161,0.37453263765759554,0,500
1.0524347415714563,0.8092509580585886,0.10742739610266792,0.9999732748119163,0.12121493459617581,0.02622721933172974,0.03876797410091146,0.0051311895154580655,0,500
1.1244758095077025,0.7623048301729644,0.10935860860036058,0.6626961490478263,0.19774102500693974,0.03889341323208579,0.03830556030537786,0.36645870100557265,0,500
1.2408440783144148,0.7736543222996654,0.07753975277270705,0.7305429299820351,0.21256706516336,0.0363838268549764,0.03605856475959059,0.3744571449789609,0,500
1.2154530167416284,0.7921751391921743,0.07086699156033965,0.9999986126668249,0.1215805691956912,0.024556373647039956,0.03402875425269744,0.0020068514426596867,0,500
1.1178365451055683,0.7711480665002917,0.041114919916865215,0.9997092543007418,0.10192293240812578,0.02467712008796628,0.031063452758486057,0.043810292244055325,0,500
0.8318444193917298,0.8363897054854865,0.12556712548283386,0.999992708521248,0.08974683287770159,0.02219893214979911,0.029742022423493053,0.0022961621558328935,0,500
1.041537772277874,0.8010043357000504,0.11340546424807597,0.6477679714199023,0.19058941867268203,0.03456360153241522,0.03339701119869129,0.39192383920503415,0,500
0.972888487923899,0.8028271688214764,0.09039063629122632,0.9999879703559403,0.09120526410256494,0.022949987176920494,0.029076573938910062,0.0019393523020243564,0,500
1.0276556887302644,0.8180406606470341,0.08980565969888586,0.9999730324869106,0.10620992740055259,0.023115290946576515,0.030633043231920926,0.004232356080405137,0,500
0.9719377006921317,0.8215688783427316,0.05060593363412039,0.9999448307036027,0.09385501028524529,0.02097782803691617,0.026141348096300296,0.011272619038675873,0,500
0.891551748125819,0.8304312444830517,0.07611673757391825,0.9985249256904787,0.0893390204455298,0.020952627402062194,0.026144277112437577,0.04525681450172593,0,500
1.2150474371270863,0.7545939890730096,0.10521234286093464,0.6296120715324235,0.2079893916139329,0.039673362459959026,0.03877248041578676,0.34857988584892563,0,500
1.0212586491189626,0.7896041085598102,0.04328956531847648,0.9998777334407952,0.09035231505280507,0.02255129983947212,0.027313947025596287,0.009650244455053959,0,500
0.9263771935610785,0.8241142083468607,0.12705049117444392,0.9954890541180555,0.14251135491544575,0.027940921930398883,0.033037138347280226,0.3252711376636612,0,500
1.06749184178222,0.7908642203420305,0.11190863111360365,0.8317899685268406,0.1924411322363092,0.03511868965766958,0.033447574709349316,0.42164380525587514,0,500
0.9942386564165838,0.7898604471386185,0.15596223606040718,0.8177039639187751,0.18200703584794553,0.036213426911234005,0.03480145812042866,0.42539943925942897,0,500
0.9980877494551255,0.8018664770359677,0.13514343751265642,0.7118008396192014,0.19903437810695657,0.03702847162305079,0.04073277046412102,0.4193919177109846,0,500
1.1041136902757718,0.7733499339592166,0.15033263889663578,0.6683692054610892,0.20352052095374842,0.03931574587252525,0.04029162474198677,0.3808713910504067,0,500
1.1641985105648174,0.773619885356469,0.09250747161669275,0.760304341865734,0.1949284253905326,0.03569605268618098,0.03346653248927851,0.37809639897737013,0,500
1.1798805684891165,0.7774484341462655,0.0379374010786909,0.999992032248752,0.11136607184073401,0.024752362954068276,0.033064245596576294,0.0038363628968131527,0,500
1.0851666850655175,0.7710300401304515,0.062223902346106044,0.9999502958495448,0.10461239732242925,0.025817705827342982,0.03519538371647623,0.021058082390555944,0,500
0.8719032425306956,0.7945112097461445,0.09506846143477443,0.9999912911426111,0.08810533884394368,0.025830111895140246,0.03369264657321274,0.004125763982089572,0,500
1.0993997265083155,0.8009749995170453,0.07473042027355732,0.9999755184389099,0.10825817197263221,0.02365665809202202,0.03134270629983157,0.004611836591390245,0,500
1.158507617718252,0.7960700670120403,0.07369055858870803,0.9999543138526688,0.12057303056435097,0.02470330082801938,0.03478453506440868,0.024696310988068793,0,500
1.1376456669364066,0.7786274630872186,0.08269025120773903,0.9994044813256894,0.12501649289188566,0.027032503365747494,0.03559251881486329,0.14109706281181456,0,500
1.2482029931175112,0.7411173698496597,0.047075040547467556,0.685156199213833,0.19726922262008015,0.03776215489085758,0.03690067985232227,0.33953891095837224,0,500
0.803559174631882,0.8361658519634358,0.10152519281794335,0.999996273313647,0.08690962565274359,0.022129877356296776,0.0299685253206323,0.0016671584642144763,0,500
1.2108446848780878,0.740873946145022,0.10495443184918195,0.4215255081666484,0.20277522698008962,0.04077289125056355,0.04015374805405907,0.3027371047248238,0,500
0.8852409484001262,0.7975678806539944,0.0957556879060034,0.9891485788742923,0.12888644371532212,0.02914291878313441,0.030243188500803892,0.32679672360862844,0,500
0.9428611968307372,0.8309935498037796,0.09445808666536697,0.9999837147180689,0.10086604191485951,0.022222694919220156,0.029625054412327944,0.005915393937396732,0,500
1.0579685240077792,0.8060306905202116,0.08791506153142715,0.5361706236420398,0.19351795266449207,0.03322397419200117,0.02849681873414155,0.37929023320116484,0,500
0.902213901491528,0.8048998910279914,0.04096982601966363,0.9665652503627504,0.16940409840684423,0.033544715336604546,0.03145200012083086,0.4725616438196615,0,500
0.814980751129932,0.8434875640943863,0.1256594625987384,0.9999792350831878,0.09652390512215292,0.022833967276524657,0.03254591080993955,0.007674069989429899,0,500
1.1896578114917096,0.7819898571837098,0.1613681484022762,0.05339047176108846,0.22775408352672222,0.040218582828943285,0.03592628659358343,0.27585053755209465,0,500
0.9647430707230051,0.7960553771967409,0.07449993574071895,0.9999936636386566,0.0904948913092773,0.02332100441899131,0.030107910005959276,0.0018868274567518625,0,500
1.1375451960351204,0.7553573769192873,0.03338066012569392,0.8661240974800215,0.18388083179614628,0.03575657538234779,0.03414298561177555,0.3823913060597802,0,500
0.9700584633206092,0.8007161592724319,0.12643685851207637,0.9999102157884998,0.10230562333903341,0.025565989389153932,0.03505146201721699,0.009088293655771814,0,500
0.827415928222718,0.8230142031463131,0.07671269134453992,0.9517235365899747,0.15365422373263293,0.030505357810311613,0.027068891269352222,0.47463918217868584,0,500
1.0896481435674295,0.7709366751198975,0.10139334404349686,0.7814625771942451,0.1887288555350148,0.03717173498168012,0.03794053103412249,0.38693384293578503,0,500
1.4156234004033823,0.7349770129844259,0.04132461990694338,0.6107727887743664,0.21748598739371935,0.037695864206406506,0.03557036044543127,0.3191221490797408,0,500
0.8963299866493796,0.8369877656410472,0.12825692059137553,0.9999957657164441,0.1009068250145582,0.022579057967043147,0.03250359884263611,0.0014627974843842476,0,500
1.0046106671685366,0.8064755431394819,0.1073425401839247,0.6089109146414611,0.1933756731621968,0.03491025231024748,0.033242083567076135,0.40015174719039964,0,500
1.0964518697111094,0.7952218716900333,0.12155967772884568,0.8341733098028709,0.20642484292595578,0.03605764790113096,0.0366852387790538,0.42942199670058695,0,500
0.9832516446925434,0.8253394681594282,0.08334269472021973,0.9999857368490729,0.10877959244858243,0.022992005955492854,0.03294426200766426,0.003189281605042383,0,500
1.0146559591139688,0.804558818841917,0.1306560798820886,0.7712095728070226,0.194153745366532,0.034956953780036736,0.034109381159971024,0.4313299274913782,0,500
0.7842164973375548,0.8338691548795258,0.11641678062714851,0.9995893795665479,0.08851261891324953,0.022999138589123204,0.03138283180251357,0.05849251025585742,0,500
1.0232765864751678,0.7851961211895747,0.0928413004943127,0.7555405061420347,0.17629659296903885,0.03475254459512566,0.03649949173605289,0.37469236439052356,0,500
0.9055841719421933,0.8095319990060784,0.13926254803231294,0.9997365075784206,0.09965412086017919,0.025403642274437612,0.03411976090277635,0.06385269779735932,0,500
0.8734231600370568,0.8327834936797848,0.07925645744342613,0.999947293551237,0.08822322829288132,0.0211258474323347,0.02722041552312695,0.005344002363260186,0,500
1.071260263023029,0.776358752492509,0.0408204032483453,0.6546170672041631,0.18224691760674747,0.0352441856172969,0.03270993615057708,0.3655916316058542,0,500
1.3195555245983215,0.7387545407738029,0.05576971126128863,0.3766518416641339,0.2060459075260764,0.03832756743140261,0.03494523002884926,0.2850308525843987,0,500
1.0889454454092982,0.7806440015155833,0.07696759139483292,0.7989660243153216,0.18182740815405773,0.034665065975064475,0.03406779509355018,0.3760966660686346,0,500
0.8476783117604137,0.8263290869175443,0.1721889860779423,0.9973241373725275,0.11937581407592156,0.027791220876287572,0.03448486789346416,0.2366983865988806,0,500
1.030316017453096,0.77992811339148,0.15247175027315574,0.8164051183520805,0.1862325441004003,0.037246347073057275,0.036277677924774335,0.4144137676440631,0,500
0.8224403560443021,0.8205780818727593,0.09081729933522657,0.8593202880428759,0.15994343127658353,0.03163634225870584,0.030051984765876054,0.47259290214121735,0,500
1.1621282225606746,0.7537037887248472,0.11398222566432209,0.5272796256627624,0.19810344457412574,0.03927961945012287,0.03763522032878715,0.33315110028997064,0,500
1.0693027810001399,0.7708749480351389,0.07285212149636582,0.9999800439406851,0.1017993653369971,0.026108931440477684,0.03505750036222456,0.0040445255293571625,0,500
1.0586668550293346,0.7850378930597794,0.040131028787913116,0.9880811251792445,0.15600023090034165,0.03017126214282984,0.030988154888277573,0.34403255791183085,0,500
0.9224991137147718,0.8110893340937251,0.09335761532194525,0.9999961226840225,0.09324690171363581,0.023193834019333434,0.03124512716003005,0.001885356523403216,0,500
1.0774773521668897,0.7865885435331625,0.0953939246428121,0.5895135357478796,0.1920734716214818,0.03520068092861644,0.032179307734857186,0.3717997230996871,0,500
1.1172156127474444,0.78162347621021,0.07152620623707735,0.5267345371618019,0.1960680510244581,0.035469664604454304,0.03261708013829649,0.3523151721085036,0,500
0.9855996729168469,0.7842465257355317,0.05274482895171172,0.9011750283237522,0.17488699866175722,0.036101555634705296,0.03374621388412625,0.4225158997985247,0,500
0.8181188252762468,0.8502242800885672,0.1109189486391862,0.9999874275588302,0.08758531183505017,0.020565451615262808,0.027590046591845267,0.002040461525310061,0,500
0.853905653808661,0.8151817756300694,0.0600942483859908,0.9713607131035304,0.1695594669765635,0.032427462700974526,0.027381479528559047,0.519279542540179,0,500
1.1440035160839412,0.7610022936317341,0.05652534765771228,0.6974847770633246,0.18601951542315837,0.036024379818524556,0.03276759006193859,0.36035820448631506,0,500
1.2353772665132725,0.7775968401715406,0.10213721679147908,0.6727918526611686,0.2161583753046202,0.036829270852322786,0.036151668803090564,0.370279924452317,0,500
1.1393073025571763,0.7610693269588215,0.14118218586413764,0.44955702631753514,0.20352460657836646,0.0404672302103574,0.0398221329035271,0.3276035923271373,0,500
0.8956138477361846,0.8307992808282196,0.08431933039194603,0.9999946677413046,0.09814953162539095,0.02225108238288002,0.0318567980982817,0.002104859535381554,0,500
0.9356453550002313,0.8129832655452561,0.08717061619049897,0.9580003145293464,0.17697252061768126,0.03267511341862506,0.03175562842499915,0.4724234504875297,0,500
1.0008012202176135,0.8141874638633486,0.08806202633561037,0.9999741997809922,0.0983094790125637,0.022354534881921465,0.028272612895247143,0.009376062504372947,0,500
1.3753899191924,0.7581850405886411,0.07945873643314318,0.4113719422092798,0.22831208788140908,0.038247464310013204,0.035870710061353034,0.3047219871183556,0,500
1.5480986652105018,0.7255464486160166,0.1076632662461157,0.20824278527748907,0.25100731450412195,0.04245802396441902,0.040131059591155864,0.2533314563735004,0,500
1.1906212660113096,0.7752395188863557,0.07817590174486873,0.8154010704266468,0.20341352678587823,0.03583066764797021,0.03433686083952546,0.39362279232667724,0,500
0.9849400307663747,0.8094012724203946,0.12768569689841908,0.4834002259195026,0.18748280953086072,0.03442504611515567,0.029921919542984794,0.3807344910165431,0,500
0.7563266327573386,0.8394166497695184,0.1451812416544883,0.8896790298219401,0.16525143344073126,0.03236493877661582,0.03216304614916173,0.5326459508373584,0,500
1.1245615934055355,0.8033549254846963,0.06585001960109489,0.9993427337267905,0.11649219342469072,0.0241144801209156,0.034510157477481006,0.016212696876317857,0,500
1.0704221003815235,0.7834283277995773,0.08496267356448738,0.6903510776926911,0.20592226174765982,0.037302369654166494,0.027852367305455705,0.4493984113855332,0,500
1.1532187326699739,0.7639209671658163,0.07891062406402273,0.7193806256255432,0.1987791284479903,0.03751501506024966,0.03680601430904828,0.3738236945663541,0,500
1.0835176714715313,0.7890186471372173,0.06680091475150536,0.7617854245255208,0.19145418496719174,0.034763573886149327,0.033339550195150953,0.3970910589096548,0,500
0.8432331019217689,0.8116551113437256,0.07357775534309305,0.9999639548835947,0.08040381375924634,0.022417427591593854,0.027380158754208118,0.006871930289572605,0,500
1.0358165570378204,0.7975195697687187,0.13251343893510562,0.2825134234020943,0.19505945039424255,0.036593401464374245,0.0333576987662276,0.3265771089699921,0,500
1.334949780331904,0.7469551837470271,0.05676547646416737,0.16589335987885429,0.21358434337410045,0.038430621094187996,0.03266472188629747,0.2576721685513307,0,500
1.0659777750892354,0.8010790060207172,0.14944334759048816,0.9344860495774525,0.20409254187974896,0.03578521601044562,0.03659856728399743,0.4579519462580145,0,500
1.0301615084570763,0.7897280194063178,0.06317045070129568,0.7325902408118451,0.18351144095229094,0.034779323714044796,0.033732443288894395,0.39419720003812375,0,500
1.2047018447882585,0.7678700394465018,0.07834752705120768,0.36474104436814553,0.1991318578869603,0.036212313075414615,0.030764342514405678,0.3072619156222473,0,500
1.0419174092249206,0.806159168754713,0.10894128195083787,0.740746893788815,0.19869686638217213,0.034609664076290375,0.03363694358407752,0.4237029822043169,0,500
1.1192783653316536,0.7849656473156458,0.07894130668212215,0.9994924611525001,0.10600704707388459,0.02425586041292174,0.030476718807611703,0.04558315298841433,0,500
1.1587606357766997,0.7331133475082733,0.05332194813595729,0.809252280495947,0.1812633914464236,0.03810947603069352,0.03643523148291876,0.35971739530284846,0,500
1.0503762189040824,0.8046589472273975,0.04648000359512046,0.9999852638073669,0.10180522314536763,0.022589389799879407,0.02974302668666227,0.003480624341532374,0,500
0.9681147115566016,0.8197157686912928,0.14856238106245626,0.9999772360284925,0.1029525755200794,0.023913908870343902,0.031692922666197526,0.003914894109250729,0,500
1.1913611972934808,0.7667292100730274,0.07774352599881997,0.9999755864518692,0.11320673096683098,0.0259669832516064,0.035618159805519474,0.005383995367427583,0,500
0.8311209349734886,0.8228812914213968,0.11418593209414993,0.9999449759549166,0.09286577653605704,0.024131068108606497,0.03345561497152945,0.030554311346774353,0,500
0.9100707427432346,0.8283852151301336,0.11534863864523838,0.9999612850436301,0.09739249789090428,0.022752170618918852,0.03074738811254646,0.005927144216653127,0,500
1.1184511711042513,0.8050866097517392,0.15870027989115612,0.66509909503931,0.21279026132429252,0.035474423805739494,0.03412978244042692,0.40737465058165023,0,500
1.101030893425854,0.7619091938735549,0.1396068894423779,0.42734457339544685,0.1942135084522197,0.039539254675564066,0.036552494238649196,0.32681461261829525,0,500
1.0708694199858393,0.7797323745306671,0.09349141693259494,0.6993734783876447,0.21713443155850784,0.03990626299724721,0.032633747323547443,0.4661684256005585,0,500
0.965798582903741,0.8110350971273774,0.07436840696802582,0.9999714962541978,0.09866323500837655,0.023481033933822237,0.031109868318338358,0.008503768995530183,0,500
1.2497458916151423,0.754830622869034,0.0695790070730909,0.916008688713941,0.20419058734724715,0.03681592356232435,0.0359368853431358,0.3943833126384475,0,500
1.3902947332767255,0.7353050995431119,0.10419569837224023,0.14673889889290326,0.23521218929264812,0.042673134579506576,0.04115748731489696,0.2504566338929828,0,500
1.2055671717830974,0.7670132684609497,0.06379721765795567,0.9999792347078347,0.11453175825010177,0.026099630208341433,0.035682415676375104,0.004630613079083631,0,500
1.0511906512958424,0.8023468444970543,0.12235318904218614,0.9999814560921957,0.10927151176381446,0.025021855356586443,0.03502389777891944,0.0025350449595490884,0,500
0.8462049129688111,0.8212130125274851,0.12455777367662159,0.5888322012945251,0.17139858036052813,0.034345228720853375,0.03442166833015815,0.41699064543435393,0,500
1.0252029281791821,0.8067848382393881,0.12260466269914669,0.6438361245506503,0.2048749373071409,0.035944680574089165,0.034833007627404225,0.4202534497238417,0,500
0.9015653651873483,0.814910918947582,0.0812912964303892,0.9999596456600593,0.09303805499285742,0.02344559819742407,0.03178446049379941,0.004507524287875498,0,500
0.8279415388683017,0.8279690725655079,0.1618625872978469,0.8710433142494277,0.1748535805069092,0.034690862081949034,0.0370264509526314,0.48954978669130605,0,500
1.3133878237704326,0.7526056651777345,0.08903661153577243,0.7920937379493561,0.2137496501491112,0.03729561907288629,0.03514072299335184,0.3711928335797185,0,500
0.9357711380158659,0.8235135705197499,0.12435783600234035,0.8318879418704015,0.18330406204798802,0.032605656600631604,0.03159569548848838,0.46080178671182875,0,500
0.931293781696145,0.8100526523632077,0.13550953271983296,0.560646284479877,0.18912646495688365,0.03639476713256565,0.0375496356701003,0.4016144805726205,0,500
1.1508000347853642,0.7636250840295776,0.0671830922782037,0.7162113780180849,0.19250510717401453,0.03631149040820171,0.03406481019284661,0.3699265627485958,0,500
1.2658176246360262,0.7401369820636369,0.09912982953955332,0.2849052402897459,0.20655907218096223,0.039775618917186555,0.036978593716561266,0.2774534541104829,0,500
1.928851030477254,0.669990767315386,0.040063502295992794,0.2047733831907846,0.26901410290959765,0.04372375401201162,0.04354378813230162,0.21637135775281355,0,500
1.0070956682680048,0.8212138403488684,0.07624475164427792,0.999999366432344,0.10267863289583203,0.022039166786369028,0.0296833318681061,0.001142738308575833,0,500
1.4024009801206687,0.7365265603196656,0.1273260867519088,0.03179402517788767,0.23593268217710012,0.04252551958040178,0.03728211074524714,0.2384418169425998,0,500
1.142927602316296,0.7565649722605652,0.040389147599888514,0.848830639250801,0.1945376098495323,0.03880283857313421,0.040839259975878624,0.38229990225512545,0,500
0.969856216837024,0.805370654397042,0.09901242416014616,0.6809286714268524,0.18071117640815668,0.033849117953744075,0.031153486900415986,0.4099755874673491,0,500
1.2575473815419966,0.7409648657133926,0.08349305860666778,0.3712491140765439,0.20861606059997823,0.04036821582893148,0.039175818758878156,0.29189813124887104,0,500
0.9988142133352328,0.7923376539435752,0.11090885681559495,0.4716970931624564,0.18476839384159688,0.03602314757162781,0.03331205739418924,0.3595960028754405,0,500
0.8492790822098232,0.8082513801899863,0.07076722541156681,0.9368975553886026,0.1914756143535397,0.037135691026926834,0.029290246891657178,0.595451010573635,0,500
0.8036510542908027,0.8405102593301478,0.1310969819422459,0.6857231646402561,0.18665516523886203,0.0340112197303384,0.031138616778416475,0.5262762353271317,0,500
0.8649027080509768,0.8305506263918236,0.15536993079719477,0.9999087590859045,0.10540086893142599,0.024671078173503374,0.03732751650895441,0.01878657966910982,0,500
1.0861908797166178,0.7777905554113409,0.08886603470668951,0.8936970372666575,0.18970085449228744,0.035828511487275096,0.03524977021494389,0.4168471999909136,0,500
0.7649996923539341,0.8588892266031063,0.10441771532492192,0.9999987446731843,0.08296510665175529,0.01965265792845426,0.026115585107390378,0.0010245972597085862,0,500
1.0849436788031783,0.767903364388013,0.06961026672932986,0.8873031764552632,0.17972090346663622,0.035405276940738896,0.03491525530108921,0.3958386382835366,0,500
1.1999360572392275,0.7818290951947818,0.10095519672524332,0.7845988433480766,0.2137188450152461,0.036263974919221675,0.037348285198567956,0.3965712136309526,0,500
1.1912811973032371,0.7473537616868661,0.12075120404942441,0.3077960496358769,0.2075013699187667,0.04171788439077972,0.041027219193266046,0.2900575749914273,0,500
1.1148778732966564,0.7989982631275874,0.059324659578637376,0.9999640174398874,0.11564685213272002,0.024223722191309784,0.034790748554821754,0.00543000012433344,0,500
0.9038942730505862,0.8291631944314722,0.17192495752669093,0.8897488512046381,0.1901102348006253,0.03384304184578707,0.033609362444433945,0.5083454075137884,0,500
1.129511656219011,0.7626601296845722,0.07682459250872523,0.6814522199423654,0.18741923851695846,0.036753554224254345,0.035320239394902524,0.3590901499915597,0,500
1.1903606231024086,0.7400502624848792,2.691804202980827e-7,0.9998862220245753,0.07367372334507802,0.020167586990044385,1.5167770529489675e-4,0.027996491289824014,0,500
1.1653842754622583,0.7750454498691178,0.015303527901989283,0.9895138578061332,0.1063528990091319,0.023939370030421254,0.030245416296448134,0.07039971287573268,0,500
1.4699301759080081,0.7235800226167671,0.035742006816572205,0.3598210985739277,0.22315154047178343,0.03954101602695509,0.037421823933242095,0.26974903715632703,0,500
0.7755734047436889,0.8285232330077409,0.12490232487890185,0.999939106264282,0.08402979490434179,0.023372811878129344,0.030834447914200543,0.016788809564904084,0,500
1.22275358759983,0.7575768316616157,0.06414017852292912,0.785797279583305,0.20118017465972154,0.03687499551768561,0.03640755290084268,0.3702983637004909,0,500
0.9876923786589858,0.811377891345972,0.08213710944145293,0.9266446178886966,0.18241508046419966,0.03153099307520253,0.027760508966127057,0.4689486151175633,0,500
1.1803504385244716,0.7972370715365643,0.08243076263645757,0.3377050096114192,0.2196399739471742,0.03562482498446516,0.0324758424728827,0.3315436104260939,0,500
1.0148758378248113,0.7883911880968625,0.07456853481485526,0.9504552186292683,0.1808021813338526,0.03419285066183992,0.03265907022614538,0.4427965095116958,0,500
1.2292727904443326,0.7720148789132175,0.131353671361552,0.26105419860180873,0.2233304991545998,0.039824351803673136,0.03806952118502272,0.29854788981846864,0,500
1.356243850610079,0.7373932523681709,0.02919773834791506,0.5994302838512032,0.20456543309197603,0.03667070828907124,0.032998165765327235,0.31746950553808545,0,500
1.14104470530401,0.7899846967178693,0.1081602087898962,0.8447150028859435,0.20125515907975744,0.03518833951153629,0.03431814408732276,0.4120778637584301,0,500
1.3932703587762887,0.7607233119228515,0.10408919644174637,0.2550780272614313,0.2309133192560662,0.03816656250385696,0.03238909432719241,0.2822737284682965,0,500
0.9205539183830574,0.8299372619693105,0.09921452207816667,0.9999994674324397,0.10380539528281174,0.023147826808664045,0.033892571361327756,0.001129982715977304,0,500
1.015746043417485,0.789599561336182,0.14990244630136146,0.9141214264254134,0.1901617631420512,0.03691989140079194,0.03712064833378486,0.4448830416696504,0,500
0.9572440865568563,0.8106932607209506,0.12184035724598082,0.7157997808026517,0.18795726225710593,0.03517110745334775,0.034566016000517695,0.4288679588755012,0,500
1.3827238470448135,0.7375704856942559,0.033253080336406754,0.2698432884259921,0.2221981388558312,0.03987523439149804,0.0383529648256255,0.26539688380010307,0,500
0.8080294192875961,0.8372044886506651,0.09317526270124009,0.9995808243646395,0.08309696405518278,0.020753818992560645,0.02683704107748193,0.023569445057434,0,500
1.5162897573261138,0.728268123145524,0.06587687751675979,0.4074031593481205,0.23707068831780467,0.040416127851700165,0.03894760367707899,0.281547333438248,0,500
1.165590740553739,0.7412562364926396,0.07252870070614476,0.3883493302295452,0.19354570585221675,0.040163726925092576,0.039322423796268775,0.295650334365294,0,500
1.2813970058249131,0.7764545066866133,0.08685531348466627,0.718245738188419,0.1954734762083214,0.03283531966781949,0.03139566301051403,0.3314176993702078,0,500
0.8359123036177721,0.8173702178146867,0.12336890763394162,0.999998790693641,0.09301142398055846,0.025051977652636576,0.035168811713682115,0.0018037587381158516,0,500
1.119952855061194,0.8035179927906492,0.10378632053783664,0.8838955615545896,0.21369738667993438,0.035098674474284434,0.03569863229151255,0.45060010386361227,0,500
1.1726779683096362,0.7990773393682135,0.08111001748729407,0.9999977826649072,0.11616188300140376,0.023886647987677916,0.03373848108112616,7.412746987997622e-4,0,500
1.2263196527370803,0.7649005282644394,0.09880432330732469,0.5434613454795091,0.2189447315833995,0.0395836953398111,0.041026333102570624,0.3403775445751807,0,500
1.2244001101844866,0.8019559512923596,0.10479865609815027,0.9998854738203369,0.1266776062762258,0.024935098980054634,0.03456728465721737,0.006332001275881312,0,500
1.122244327390947,0.7730174358285747,0.0797770670167015,0.8675692409721073,0.17867321349845572,0.034794672101945916,0.03588672098993422,0.35495444099072576,0,500
1.3057707400771263,0.7478004660582712,0.11478813764544382,0.1787982499739708,0.22307821172522846,0.041446874079010154,0.040630346969056534,0.262732888260537,0,500
0.9950150595493663,0.7930910904143949,0.04287303559668816,0.8481745846957636,0.17835199188010578,0.03393369822143897,0.032844724267869344,0.4209719162137477,0,500
0.9858027561844398,0.8158499028837124,0.13113481261603935,0.9999753504319363,0.11750549640945093,0.025838323839939857,0.03893239658185029,0.02057771826312698,0,500
0.9742359610947335,0.8129804504181146,0.09708216444259214,0.9999875824694942,0.09814070782837181,0.023349112888868106,0.030922518403620525,0.002426072897417648,0,500
1.0798678141339941,0.8022356632994324,0.11704324641924602,0.8558494131258179,0.20573624038788188,0.0351222325820893,0.034336957148878945,0.44626140637205913,0,500
1.0469138230242923,0.8040913162536266,0.10223199584742405,0.9254323431682415,0.1960312083218144,0.034571948717704234,0.03701766188986432,0.44279375190951387,0,500
1.0994314021788598,0.7937079806771842,0.07982913066092356,0.4808878170314556,0.19324215332586278,0.03439885491023467,0.029215109268704794,0.3519775491456172,0,500
0.8308791938852332,0.8439206992209738,0.1372992934024574,0.9998959695564966,0.09151018458831468,0.021968935338576013,0.029435488480848298,0.007726654101517999,0,500
0.9568310088972846,0.8023826138229981,0.0953634834616752,0.8404299437733314,0.17682259527022498,0.03330065927710839,0.03275165248138201,0.437472087847534,0,500
1.1398935384248097,0.7734382240803708,0.04699999200583566,0.9914080951309762,0.19491774521159438,0.0353332993350444,0.03518065997979105,0.4252605031001458,0,500
1.0766144432891358,0.7802305012087588,0.06640754324410635,0.7643970031139734,0.2877900678680977,0.04923679092795842,0.032696110365797566,0.6698349958381749,0,500
1.1785828881309388,0.7519843658565576,0.1343268467787043,0.4657887233644055,0.19657695183028018,0.039152004084377336,0.036767712821379646,0.31652030903917433,0,500
1.1527846631281524,0.7705583903398304,0.05026258771676917,0.7131298997663194,0.1908645137602863,0.03472994523218138,0.03216522909359038,0.36990437412087795,0,500
1.057940764333541,0.7907583265933539,0.15059489868921672,0.9253729058698847,0.2052169715671212,0.03769148729825694,0.04177484276135673,0.4558012893791389,0,500
1.0790674820129376,0.7793389861275306,0.11018727920685477,0.9285513997165208,0.1936736300630848,0.036265563278282974,0.034440388601089805,0.4392873981589234,0,500
1.3169941079993044,0.7474629807763401,0.11944355032032374,0.3255713477096165,0.23410438354631719,0.042750439474068355,0.044131056989217786,0.29081665723335365,0,500
1.1418998831036695,0.773451826113123,0.11412513216539275,0.6541480807493812,0.20785440218164802,0.03869360192400997,0.039717913191175375,0.37359072404004384,0,500
1.015308075540691,0.8167691473473113,0.06961063410024892,0.9999987329960954,0.10033940842588433,0.02212253015083201,0.029073022366112672,0.0010440618740335356,0,500
1.0519115609690048,0.7834848663666744,0.06886125185667949,0.9999984561941345,0.10109531253032547,0.024888351884553267,0.03394428106850466,9.716865433493429e-4,0,500
0.9783211700010491,0.7939212666660893,0.11625679990700466,0.9549556422537774,0.1863199785831637,0.036638757694439514,0.03536651001194941,0.4672563825817502,0,500
0.7897420332163473,0.8218337817371434,0.08839836080140004,0.9998449795624106,0.08187768875596507,0.02297460985457138,0.03068006478346141,0.009393052777300404,0,500
1.0533677705925615,0.8020521132844014,0.07803601709964375,0.9999457213437298,0.11176877790991568,0.025059553573214523,0.036032211004665346,0.005469313060681852,0,500
1.2918041140843308,0.7149935127255251,0.08986170369714869,0.3292546610479862,0.19564442951627567,0.040282889448804114,0.03523574747972015,0.2683541574001369,0,500
1.1479689140429579,0.7908812704599528,0.10247870988828536,0.999890878432903,0.12525240696202466,0.026724533524109317,0.03888001536824544,0.03358247424708357,0,500
0.9745598233471051,0.7931709056021321,0.15542671668526808,0.6407993223166056,0.18801574731541826,0.037749810185422075,0.038947307812410965,0.3977713022479777,0,500
0.9930015171222852,0.8085150369984904,0.10774120077439572,0.9994868619319341,0.10547202404568502,0.024337716894691257,0.033673443619819395,0.026924046614775106,0,500
1.1506332695734154,0.7741440554227038,0.09739163879120738,0.9999977178348256,0.10857266541036947,0.025674347270484135,0.033548099770784406,0.0015445627709081752,0,500
1.248812481073618,0.7547749432187165,0.06035190196707131,0.34272477229756565,0.20870630153007694,0.03848067075145206,0.03578041527374,0.29417248937319035,0,500
1.1258143503252547,0.768608992630554,0.08458531978867671,0.7292117349931289,0.20072581809950232,0.03870971656863083,0.03997577206046198,0.3787426071574153,0,500
1.0690199669148495,0.7873288989681224,0.08967143225932526,0.7184537010825323,0.19249942885545668,0.035929297974527534,0.03178294104342831,0.40012431384500946,0,500
0.961231151744094,0.7801829382630068,0.08928833165087613,0.9022859026861005,0.1790181664661074,0.03734033557993454,0.03927415882008226,0.4380131722847021,0,500
1.156946840324264,0.7856874073339067,0.10198647474033655,0.45362766042218994,0.20578662794644043,0.03592795748099759,0.031979487475830064,0.34392370918345466,0,500
0.997032361100245,0.8024339928773233,0.15320771696199717,0.4801681817022405,0.19376799456356725,0.036845228980576385,0.03418631778304201,0.37519047393110255,0,500
0.993580437463978,0.7713956974696133,0.041341781039841805,0.49058388495795674,0.17514914439208246,0.03706969491441955,0.034847698541274646,0.3398635248744289,0,500
0.7243915082882394,0.8519192471036056,0.08740322567190364,0.8627139727454243,0.09860740517854194,0.022021458670654515,0.024575693130142195,0.2651556062833811,0,500
0.8289803837245914,0.8598517610539976,0.12307601674380353,0.9999960699292307,0.09057274393809232,0.01930530760097836,0.02599187691608936,0.0021209248977525075,0,500
1.1891663971713726,0.7687746765583694,0.06722046452580521,0.9107768979296673,0.21186387005497398,0.03787962821498188,0.041842509333948966,0.4067149202844461,0,500
0.9950437981497076,0.8172982064769723,0.04202246613325982,0.999986140859658,0.09265775039692349,0.020854980065348784,0.026790717365769542,0.001709414037844303,0,500
0.7371000741197481,0.8553063127918908,0.12875926520104908,0.9984961910991069,0.0821442375476287,0.020610490460831504,0.027688330948019535,0.0323667091950576,0,500
1.1074435948532793,0.7615023851066693,0.11132988583071891,0.6298599123391712,0.19209388000285774,0.03832669627018989,0.03720539409537061,0.35957415566459866,0,500
1.0603669431531517,0.7964841480041499,0.08324680076281334,0.9999805453757645,0.10551443644910442,0.024339647199113475,0.03281204114108821,0.0046248202683495596,0,500
1.3755909163561815,0.7248873729926566,0.1196352542440988,0.39423010494792016,0.2230442622931565,0.04224770731909782,0.04105473452865413,0.28559815575801484,0,500
1.1121723517604176,0.76046884720789,0.03958899693837745,0.8379790480422218,0.19305151630016157,0.03721254562978335,0.03456973824919646,0.41514370477991763,0,500
0.9814426158538193,0.7881505367668376,0.09915153657195418,0.7757557945750219,0.17731444070299174,0.035129495179179286,0.03296999369176901,0.4137379738921615,0,500
1.1239872012225325,0.7771819910067342,0.11638706326504172,0.8745673799409117,0.20116206093287187,0.03716250167781268,0.03776388783385746,0.41667880369717514,0,500
1.0465032146470514,0.7749958234544969,0.042795518415440305,0.7453908300437093,0.1756735641369748,0.03479185657094276,0.0323650045539966,0.37751244000248924,0,500
0.9887419824406554,0.7988224601974903,0.11218008045190771,0.8127804525153677,0.18377892979749402,0.03437141585050401,0.03342759450467236,0.43269866360463993,0,500
0.8852592925176382,0.833666660004915,0.14442724310759886,0.8218125340998591,0.1872851645183035,0.03298930731355064,0.034018948649931297,0.4913019391408987,0,500
0.8910655902955016,0.8226701923408377,0.07412222686996338,0.7872947092341738,0.1696505038651343,0.03155614108102792,0.028471126841335143,0.44622736536349444,0,500
0.9682628207279468,0.8375606361974582,0.1094132934255327,0.999998293920567,0.10277334059240548,0.021276092343168802,0.02906799045485723,0.0010129253492565822,0,500
0.8932846319083995,0.8201784689246894,0.09112166735668431,0.9999767195700268,0.09405942413760826,0.02308841123594414,0.031114448080392876,0.007088573514459625,0,500
0.9776471104805198,0.805388648197764,0.12492321187535366,0.9999862712273203,0.10867684354798421,0.025756037675435196,0.03811939207538195,0.0032580748287680565,0,500
0.9060644334441493,0.8163370383645084,0.09829146438815824,0.9997655020674389,0.09523195124839731,0.023380781186845005,0.03189270841616772,0.016350371182215287,0,500
1.2076847483134292,0.7378386467570156,0.11716925688185975,0.553280659842009,0.19853870837592846,0.03978101645948467,0.03874088647256073,0.32535210693359945,0,500
1.305265788134267,0.7516935064357465,0.10403402505677561,0.780359244475229,0.22265568271681635,0.039842609826100814,0.04299019772526696,0.36839596112271084,0,500
1.34829502512586,0.7197806338198379,0.06355492334524056,0.47608040442336763,0.20409158497963242,0.039464352789039286,0.03682658763178607,0.2907614306719308,0,500
0.8592112847034812,0.8291800571646266,0.11180071753044339,0.9998415268751073,0.10191702974502043,0.02435748358597775,0.035424745864469774,0.03156115344856087,0,500
0.8692419544324338,0.8094605318526009,0.0785064735994519,0.9999927409220194,0.0840339999291488,0.022871660475952592,0.02863317501247135,0.0027577378334553712,0,500
0.9325929258381794,0.813721020503238,0.1599235469212519,0.7343316656187352,0.20824378837554136,0.03844811198067561,0.03791376752097401,0.4990793794414254,0,500
1.2713705152409238,0.7894125345029767,0.11400168661924581,0.43749050940052675,0.22891160224775456,0.03610778827164611,0.03244898691933674,0.3423201043477805,0,500
1.2397464874600352,0.7663623285287392,0.06876180355476774,0.8229843468123481,0.20673796729322308,0.03571367116302708,0.03201770818669136,0.39149161686158296,0,500
1.051582412772578,0.7819674063660946,0.10599498601447715,0.9387334808194656,0.1859355718923508,0.035538758517325665,0.03381562149909499,0.4372553344745986,0,500
0.9537051025920313,0.8284361612350561,0.11793710239808798,0.9414907098209355,0.18751021547986255,0.0317239457370303,0.031011100816454425,0.485818772433071,0,500
1.0495046515470738,0.7941048528142309,0.10212045580660686,0.9999925355480361,0.10186450523951328,0.02409031923174578,0.031807423788625507,0.0025320011973689717,0,500
0.8449908619348817,0.8069036747552207,0.08244861881968228,0.9999815629621297,0.08426807539030746,0.024335080361284372,0.030429677348780475,0.004849216771785948,0,500
1.1540420082518597,0.7890366519522323,0.08565287403413471,0.47449332450270487,0.2069416640238612,0.0352924322050533,0.030783831786960387,0.35218073743827627,0,500
1.0103961266150074,0.7940758543100338,0.09755444623975003,0.6088134444805743,0.18646943957848364,0.035771401216521954,0.03239681416975668,0.3862891599088585,0,500
0.8022383707318286,0.8441795681424062,0.18692391952694304,0.8133361742119389,0.17661201380075892,0.03246829819675237,0.03304896861407682,0.5163366222252456,0,500
0.9009390240558861,0.8082055281647299,0.10030152027272765,0.9662459777549102,0.11771578261508556,0.027127355862659942,0.03433207986026962,0.22650234634713304,0,500
1.2597180591713102,0.7590857738106042,0.048881297728445336,0.8904724010312487,0.20017061584321275,0.03571243768081428,0.03371647894110083,0.3814549258627197,0,500
0.908894231288227,0.8389829456161533,0.14364926556710236,0.9999883046104435,0.1067607625449386,0.023262838564718696,0.03312336275674218,0.0038087185660238246,0,500
1.1039473697513216,0.789254438984223,0.10436816767839847,0.7455369463177418,0.1971454945464223,0.03523671615015459,0.03325463110624257,0.39996489770387794,0,500
1.2639712898191187,0.766182930050812,0.10099486027901539,0.32126389935931576,0.21557502560969685,0.03778376442287465,0.033377059502242616,0.3015325099584641,0,500
0.9746569652309011,0.8054661018102237,0.1278331655541891,0.9999721213486684,0.10618382067625308,0.025132556980817993,0.0361846122097911,0.008445432067623496,0,500
0.9931373526877669,0.7542765933023856,0.06549898071148809,0.6911611118374851,0.16163392390941994,0.03583612317779152,0.035076935247455705,0.3597179194829929,0,500
1.107529916345841,0.7937614647076071,0.07136786606415296,0.996027132709504,0.1696372986503223,0.030082926241422555,0.03216106244337917,0.3569634201844821,0,500
1.1644947418447895,0.7765679111283056,0.12079861256056898,0.8781869929728876,0.20140456682630206,0.036490701055308036,0.0368914911375903,0.40502036411999065,0,500
1.0530165231976765,0.798797915589294,0.11633853113736613,0.8461761115371138,0.2003671758505621,0.036066615084366156,0.03508719937477715,0.4426005523284363,0,500
1.0761864013423454,0.792278400388043,0.09051880707473997,0.9999688640560891,0.10804760054608681,0.025192246770776146,0.035248946005869385,0.0031625100623345263,0,500
0.994624635479802,0.7853886195317831,0.1529319765702315,0.6280694128920308,0.18589540831849583,0.037370328061759245,0.03586673519077339,0.39029480530872745,0,500
0.768807000366886,0.8442804045187263,0.17038963095309123,0.9999080669773736,0.09464726151780883,0.023955269697074913,0.034923760310066214,0.009532115066187556,0,500
1.2410450428473432,0.7490721377113341,0.06302959223800907,0.8845728465506486,0.19151852245853884,0.036168179676148667,0.036861050191523,0.35729605861696845,0,500
0.9724816114971914,0.8096877315219438,0.09061648036139744,0.5466127861784071,0.182464938326933,0.03346017962143099,0.030050689396581357,0.38793149164093865,0,500
1.1245411843628959,0.789981686264416,0.08141152299015914,0.9999952625578903,0.1086454180568686,0.024492376980905447,0.03256592945673759,0.0017569747499187485,0,500
0.9044369765745507,0.8160473551529811,0.11741232222631294,0.9618935763460958,0.19076123266237374,0.03502678453846286,0.03364234171842123,0.529433936904986,0,500
0.9680892912540423,0.8154466021808564,0.09757836937465879,0.9999713920072939,0.09625617396140125,0.02280055186617177,0.030181336257226275,0.003061859467684179,0,500
1.0112292372667702,0.7712271352878671,0.08579819239448017,0.8946926556456395,0.17499506143888158,0.03605226034744731,0.0353466656386865,0.4130573124036554,0,500
1.0104480857488312,0.8052077197468346,0.12251672619620944,0.8362440117998617,0.19439231460217277,0.035069472121416374,0.03541004887967452,0.44425487827223387,0,500
1.370981880114043,0.7221725111459055,0.1072115675734635,0.15907255314810972,0.22066564168448521,0.041896214965603494,0.03934961283522508,0.24745817441021975,0,500
0.7832223629655535,0.8460524181321772,0.14799502345709625,0.9999769517041798,0.08732383543856095,0.022172158606496482,0.029506977196963408,0.004188051595717761,0,500
1.1542546573095773,0.7543633533552149,0.06802909500473825,0.4661206479063955,0.18752109802122532,0.03728584549460601,0.032444069179687673,0.3170777324940428,0,500
1.4337854302008513,0.7417034366728158,0.014972798605548981,0.7804078920000648,0.2205444828329394,0.03661316771660348,0.035542280170639776,0.34906425553278275,0,500
1.0429594082373288,0.8114685955939002,0.0974809917230762,0.9295291930887508,0.19727746560902315,0.033343136003342135,0.03378371235968688,0.4557203245086738,0,500
1.1951332813717874,0.7765467699491658,0.15848581376454454,0.6690336639123714,0.22295383740623578,0.03934635946606147,0.0400428352749357,0.382919289387572,0,500
1.18654599480986,0.7738102212050674,0.11254662911141179,0.5667061527064239,0.20847726731985766,0.037504442679081186,0.03602629913235195,0.3529900536803047,0,500
0.7964241522968952,0.8335717623022447,0.14231487545197483,0.8909851120643931,0.1653365254468469,0.032439745088123334,0.03374071380909649,0.5037906981569856,0,500
0.9376457162603624,0.8297772908187867,0.10895153201707564,0.9996983987441271,0.09941434481374549,0.022093518418197736,0.029878855914371713,0.01567571774769965,0,500
1.0420438537553665,0.7860057758378536,0.11071851792469285,0.5462225413330953,0.18944454004200717,0.03628391954076178,0.03395638317631639,0.3665381672884113,0,500
0.9762565214997309,0.8007410957492941,0.12084671230879959,0.8568375976358519,0.18359852029722518,0.03487541311239182,0.03445116198833575,0.44218468845068637,0,500
1.1343205066339315,0.7907271095349757,0.12432661274128165,0.6951441168395743,0.21709003505100757,0.03723826313880173,0.03919299748237279,0.40578528208471915,0,500
1.2838312565329282,0.746370674951243,0.0589002166824597,0.16863216348722868,0.21541898072443358,0.04024678767272457,0.037605265211812323,0.2598502734333874,0,500
0.9262687199610882,0.8346732958392432,0.09053759166998328,0.9999082194748843,0.09777178551010547,0.02157675335731535,0.028347954495781848,0.011263141889761569,0,500
1.0032909038443605,0.7700251895670569,0.13005163419207721,0.6259561621945355,0.17951982815494272,0.038821743692878205,0.03690816792416442,0.37082927852399233,0,500
0.912604222486319,0.789000009698128,0.07324569691952836,0.9980185086303521,0.09896725458181743,0.027319950420664017,0.035923633803793535,0.09003666531533916,0,500
1.0752851844103128,0.7852476351442002,0.08973473942305472,0.7432327120921194,0.19012808860304806,0.03556713228666572,0.03425282102011393,0.3940388881341582,0,500
1.4175952896970843,0.7294449768519418,0.151741640971228,0.03466615802540648,0.2484630851929092,0.04553166269138382,0.04240943828998802,0.2362944488449894,0,500
0.9204132141691603,0.8254908373032547,0.15034839518858747,0.999520684629369,0.10045006132163012,0.023347880497887937,0.030485639075065924,0.06310925731581632,0,500
0.7045962397966368,0.8542537431341505,0.18283550378147542,0.9999359863546586,0.08851002345901678,0.023307974427836997,0.03389200103700396,0.008560485367257427,0,500
1.0432081871307388,0.7802260378584451,0.09230020077843282,0.6380854519422937,0.18214498232927634,0.03584257596234048,0.032430666371082224,0.3737199990487477,0,500
1.2481111962734701,0.761322465027434,0.11682448754535711,0.5383724397036002,0.2189018137795361,0.03961717125932222,0.039905545177759315,0.3370891667465874,0,500
1.245422079117578,0.7700270898853611,0.09692139138070402,0.477578365142028,0.21218097701357003,0.03695665424775989,0.03330062014911187,0.3312010808259359,0,500
1.1816722565144953,0.7426609432426431,0.09346912264883166,0.30442705010799326,0.1965499932439599,0.040591342229973064,0.036349679413911144,0.28526279819238975,0,500
1.3231232740464016,0.7553283379416611,0.07329354065289316,0.4372378599366487,0.21956545290402643,0.038381419940555966,0.03625688671213438,0.30874892245540264,0,500
0.919119803331887,0.8154597516450522,0.1137099970012131,0.7453781206069358,0.1819422920920167,0.03446734853398014,0.03309066364534433,0.4451455284309214,0,500
1.4071785321345578,0.7240312021596343,0.045884655301860304,0.7973457028579488,0.20838136115446562,0.037817419835734396,0.037087667473057945,0.3361457704124774,0,500
1.2677333822791272,0.7698322246147052,0.06448736008821801,0.9995302765851916,0.1235457951877099,0.02588209432157409,0.035376054969221596,0.0522400906895743,0,500
1.236867575095356,0.759963807501562,0.11493022474583263,0.3605638191307505,0.21645823567662745,0.039528126715700086,0.037679633116569924,0.3080098022987258,0,500
0.9148010012134401,0.8032196089349237,0.06738607743799309,0.99999767165344,0.08492011253863661,0.022939879617537046,0.02860739884801423,8.720618485098978e-4,0,500
1.1302016898280811,0.7825059526083513,0.09981019996784322,0.6571368416926278,0.20294147883128008,0.03661813167363431,0.03580679991980655,0.3781953899591048,0,500
0.9769488145603014,0.8047235248865887,0.11723834466430924,0.9999161220359873,0.10212802578701724,0.024899309816395772,0.03335272325894208,0.014297655639965911,0,500
0.9222436031699099,0.79971788559695,0.05891345268009163,0.9999453115584753,0.09211799192938501,0.024207468664602497,0.031956639446665706,0.013437935792740198,0,500
1.0165365488831741,0.8017174934179309,0.09347674313231773,0.7230869743204101,0.18372911465294628,0.03345198566352411,0.029084291555690655,0.4109465940420448,0,500
1.296293149356525,0.7615083450022221,0.07097687457572711,0.27102148076285215,0.21598965852456994,0.03735561201256347,0.03229955189329133,0.28732785164682223,0,500
1.3251196237709693,0.7676884074427829,0.11087362086060706,0.396722272127239,0.22870123866198272,0.03799895772169828,0.0345838398317207,0.3165309424315322,0,500
0.877826450766249,0.8047193548373892,0.1284802179305278,0.9268529709424891,0.1703553503592821,0.034892278729780214,0.03449458033960184,0.47641408664906915,0,500
1.03859955840579,0.7520654170446461,0.11694567159918842,0.46612633444043483,0.17823375646501727,0.03985119855807404,0.03810950177536417,0.3240963967597695,0,500
1.0985902270498633,0.8014899460765165,0.08905263849313731,0.8515034131155198,0.20508241901300728,0.035195861169383495,0.03638126172516515,0.42565354272836425,0,500
1.3147580583797285,0.7493304373458243,0.0184503865760348,0.6942993058376227,0.21659527306345766,0.03871781406997013,0.041433103410131,0.3403378428549068,0,500
0.835110750119597,0.8140502978447288,0.10667782084913004,0.9999993212665881,0.08486521372495086,0.023785595948129738,0.031047141781344295,8.428690866501499e-4,0,500
1.4584284619485046,0.7342272437870835,0.04693022568387992,0.3335810920695384,0.22099063226217142,0.03778641337518789,0.03222885925746419,0.27440474567905293,0,500
1.3013208730142916,0.7420737900757471,0.060252081499284085,0.35658512576280305,0.2128927424581763,0.03932399552483349,0.03826332251912866,0.2872174109001417,0,500
1.0354205313928562,0.7826425818196326,0.09420285029159282,0.8458505306771076,0.18704020942834967,0.03627114811710995,0.03456892723672549,0.4275023128472515,0,500
1.2902741905557582,0.7504218580314173,0.03837700335873289,0.9999895530446329,0.11438398518958673,0.025948234923529594,0.0345581655319192,0.0028262413331922743,0,500
1.2009354096220843,0.7787929040436948,0.10558359493257856,0.7133260311432839,0.21057009157956286,0.03649337752112466,0.035849173671701776,0.3785541092542898,0,500
0.8778767905141586,0.8233521302224025,0.116818918470554,0.717727495449989,0.1772507638530577,0.03329619037607864,0.03296784832568406,0.4476923669795196,0,500
0.9355759680756384,0.8027618737810509,0.11027576354902638,0.9998338964205248,0.10101765663921267,0.02554368526054234,0.03611331197522693,0.018477616176875235,0,500
0.8780317669651315,0.8047814114479424,0.15622172479089502,0.9602831541846222,0.1733287127760458,0.03545396271648834,0.03825261137656569,0.4790920334571537,0,500
1.02202520051975,0.7681770538388344,0.07255210171961154,0.6491413280566284,0.17600103685381066,0.03676918802529458,0.0356182557843143,0.36495396900486193,0,500
1.0099950865323917,0.8078445499537881,0.12248399294448588,0.9999886747146007,0.11142516108138284,0.025888005437844835,0.0364105222744188,0.0028995800879700506,0,500
1.3378548900575056,0.7283165923792987,0.04192409059391002,0.5156815276508401,0.20737776243375647,0.038948537197037704,0.03740411385474047,0.3022614650230429,0,500
1.0084034753487705,0.8118801894035615,0.10938462776635256,0.606051806635378,0.1982791544794401,0.034765748298671025,0.033345994505851656,0.40793438110001834,0,500
1.1674406915502977,0.7786551177671275,0.12640288998017052,0.9759144739390562,0.20202200718129792,0.035511471386246274,0.03719302980795129,0.4200313947698873,0,500
1.1328970181020015,0.8013948581187944,0.10166524257890278,0.9095373157527061,0.20840049726542872,0.03419251165547261,0.03297395888622197,0.4489505545269548,0,500
1.1493818664547035,0.7690014945476392,0.08666709368123449,0.9999918228867186,0.11413123118474977,0.027046860370379466,0.03837180621064069,0.0023758688453589583,0,500
1.4119319403084083,0.7290901936561376,0.09278023410598751,0.28039641707871366,0.21989031545324927,0.03996039308325951,0.034982328218080276,0.26610519783586684,0,500
1.293682663703334,0.7177945335024315,0.060334917623236124,0.16870365723369313,0.19117153819072052,0.03921555467706078,0.03285795990587166,0.2407065146976829,0,500
1.0730197997032362,0.7775026138253432,0.1232842731769976,0.5319219965635512,0.18986756284540543,0.03661269153175724,0.03422515650832295,0.35576097103342913,0,500
1.0511656489623595,0.7797743346114976,0.08696080520708852,0.7527824930813044,0.18611645764257762,0.03659345748045559,0.036381989389394825,0.39039027694419653,0,500
1.049461123108324,0.7912848960850041,0.10328931454792165,0.9570004250714979,0.19199669054054702,0.03510755978135472,0.034221573820889785,0.4506845723255623,0,500
0.9548543717330279,0.8075409619245661,0.11032395292851152,0.9098365415335756,0.1888541773097806,0.03484219862340969,0.033958458662627915,0.4841801271917745,0,500
0.7200206643229572,0.8321039743932849,0.2158912199828965,0.9418029212460476,0.1604932365119702,0.03527675994119196,0.04075718424234812,0.5338920557666657,0,500
1.0795566457642882,0.7873022710642528,0.08426553151941814,0.575069664051147,0.1914862454953542,0.034730671972845524,0.03125391206058923,0.3699788099536601,0,500
1.0148247788251943,0.7879659477773493,0.03422928438733941,0.9999934503752641,0.09293440795612588,0.023685900958617872,0.030250813588128585,0.0016910671783457608,0,500
1.005828498222158,0.8085900573340646,0.11738919644910156,0.6128992886586009,0.19380108206477503,0.03505037544019681,0.033128424150665914,0.40175470315465517,0,500
1.1852935636244915,0.7628645551189597,0.0833153892009338,0.6329360797532949,0.19448887631618167,0.03601610867596636,0.032394859536064254,0.350953990555219,0,500
1.2717972796221049,0.7350428636913282,0.10458151608661545,0.47653993186294286,0.212932245548903,0.04203392372059553,0.04378699221668762,0.30518354664018976,0,500
1.4244712893406848,0.7219742539514591,0.09675395820742835,0.2021272069087843,0.22139324692177292,0.041243588363454556,0.03784866105418129,0.2480555433018672,0,500
1.26223146014467,0.7227544556824174,0.08418935177923774,0.573879551065194,0.19666888456678708,0.040047518034426945,0.03881113101778505,0.31281177372466723,0,500
1.1920028688103483,0.7593860354612105,0.04770092087325569,0.5341314918546839,0.18920658388056663,0.035317349729036294,0.0295857515921033,0.3285011327393051,0,500
1.2953699826832488,0.7972814431759334,0.12258684087041131,0.8083175831708662,0.24786622423504978,0.036846947405691506,0.0393449948673048,0.4198864724860527,0,500
1.4106105244231886,0.7546172483294417,0.11336815014809316,0.4701019623399742,0.23671185914998819,0.03931915514382959,0.03801816071571817,0.3144014166865611,0,500
1.067559965649556,0.785163389338019,0.1335982639279715,0.5643227788840884,0.20554511622394017,0.03886581850098927,0.04020363455474746,0.37388068423315707,0,500
1.0177983537596333,0.8031688201654863,0.10922251532693404,0.744871050040534,0.1930123226723919,0.034847181656035967,0.03366478818116713,0.42120342658534016,0,500
1.0902814172473339,0.7768654797717942,0.10571071011004803,0.8046990248186319,0.19925152774873142,0.038578421613135336,0.04151700242829433,0.39904881585077134,0,500
0.7701773959266327,0.8184745925932208,0.09679264755699578,0.9869608954364232,0.12219009311211683,0.028524444928066165,0.0292712088707524,0.3690387250145444,0,500
0.9538416677117807,0.7849816229336284,0.0908803252837903,0.7613903410912172,0.17367711941990802,0.03586727339205299,0.03509295138979603,0.41077370656070106,0,500
1.0306150211098462,0.8044158245528562,0.1070787565996716,0.8778197702542139,0.19046030104584272,0.03421248267591115,0.033215719563428364,0.4413413681917346,0,500
1.2098668452393315,0.758333932854494,0.1186094173320727,0.4275197754563879,0.2154792027516007,0.04087163670035705,0.04161899655101542,0.3171449544878369,0,500
1.1006518560406018,0.7955395634367313,0.059855270330422025,0.8574776094898187,0.19475750618063142,0.03364504935762832,0.03234223517421554,0.41835333246798684,0,500
1.2450817072815734,0.7567958616165814,0.0907404881508936,0.2759992216288567,0.2143862831610546,0.039877854894950764,0.03738330690334193,0.28638064677860997,0,500
1.2155331545473862,0.7429996023605729,0.06921428890894606,0.4378891975133498,0.20296041090820294,0.040131500783292674,0.04094157292402327,0.3029900926389472,0,500
1.0219556215803411,0.7988408602625495,0.044276198295663025,0.9999934713190214,0.0923243880039185,0.022172414007823965,0.026837728005833235,0.0027061361302344643,0,500
1.0700661846789756,0.7838211103735041,0.07955384783612893,0.9999301640016178,0.1086596166886716,0.025705472277143673,0.03655243854377877,0.01051587001478508,0,500
0.8950571345831825,0.8084656995437534,0.07215545665215788,0.7330359630500352,0.16361919647283682,0.0323865163035766,0.028861256618136925,0.4168280014217614,0,500
1.0563595604677978,0.793254888180634,0.0875237922882972,0.9329197046047303,0.194696090610667,0.03510255052289061,0.03415131136401927,0.4561747045254841,0,500
0.8998536708498532,0.8227042936945929,0.10488139713373644,0.9999318038664688,0.09827839110119739,0.023474255852386487,0.032983747506781715,0.008178292890374007,0,500
1.1545684959037612,0.791531109729664,0.13078481516603369,0.8528131748412954,0.2204044442901521,0.03717659001268383,0.04082923799942021,0.4305859463529825,0,500
1.0024179085127864,0.7973652944244594,0.07579958908812733,0.9997237313621858,0.101997722941838,0.024667841986133487,0.03304385987497808,0.03799293425727673,0,500
1.0029765187923168,0.8127654987013678,0.10248132738991972,0.9999904761142632,0.1043511341921295,0.023712864009758507,0.03246675029804782,0.0025397226777664327,0,500
0.9845256296284488,0.7857459725121188,0.12553031255885455,0.8059934552730086,0.16876544017199116,0.03490568887783042,0.03599860868492641,0.37998471744133566,0,500
1.046966136427042,0.8001144096759689,0.0770729029157383,0.981795486931518,0.1842652754003147,0.03280952708847494,0.03265569417377335,0.43454530401137015,0,500
0.9638262965812053,0.7853046084515233,0.11947547501539944,0.2972497288853497,0.17430741194109933,0.03609631293014861,0.032071480019205616,0.3231738818810712,0,500
0.8390266677638308,0.8592108406299623,0.08035929942532288,0.9999931541685033,0.08541829075376706,0.018352628093544182,0.023305964178460772,0.0017132122884105537,0,500
1.0440786588728548,0.8180067958720043,0.0793186276149122,0.9999944186624541,0.09968193444963419,0.021558436712381057,0.027912501554944052,0.0011825211898553456,0,500
1.250376386248354,0.7295205813130867,0.12351923346909421,0.194385158834307,0.2126892652397593,0.04379612614782155,0.04293642811539684,0.25874366215369904,0,500
1.220083768799637,0.7652669674241204,0.09984229965229188,0.43608468656757066,0.2150132535111211,0.03925300435361783,0.03856102760318004,0.3215334512401966,0,500
1.2063343446454025,0.7406688212487597,6.578320603098205e-4,0.6636265735375506,0.16101049791598998,0.030519477629582573,0.008419371700238527,0.32856580095674104,0,500
0.9643812535114784,0.7935493497629338,0.12376537615196818,0.9999903653000637,0.09415690080015694,0.02513014318124997,0.03159688652937868,0.0028836603693956253,0,500
0.9344982633420635,0.8138697621372468,0.1258649381081077,0.9999943322738436,0.10245282026143207,0.025192965530938565,0.03475069119766754,0.0031795377267378826,0,500
1.2692606228150773,0.7517843231805733,0.06903747208765776,0.8604152909711532,0.20864875673710692,0.03781571754066792,0.03846804702666155,0.3801132093197908,0,500
0.9482291839221166,0.7730343455078144,0.08163900824869899,0.7414363761174533,0.17023425235701578,0.03688239302107484,0.03387677019801232,0.40898873205166814,0,500
1.0393627590997974,0.778180530127684,0.08919129085971465,0.9325552759681857,0.1797542819287502,0.03539113069764612,0.03419078028918566,0.4246516465655992,0,500
1.0315114173083015,0.8086080952715601,0.0899917062075541,0.9995590001654495,0.10430705545334831,0.023312555710189396,0.030686526368389005,0.03255170560496755,0,500
0.9791360749106555,0.8091006887240203,0.09615431701489427,0.8345007256240478,0.18691863694377586,0.034312102708729385,0.033437250505634,0.44360199790761035,0,500
1.0352303289724307,0.7966162938723688,0.12527308563305736,0.649672779484391,0.19428639664871483,0.036268581800064016,0.03676447031619132,0.3928255244175368,0,500
1.1972967318684193,0.7626613537049577,0.08765246238567082,0.8030852603204464,0.201248422000249,0.0370658014123702,0.036639838137565946,0.38060905640361864,0,500
1.0730840920246407,0.7750650625553708,0.10703225369704757,0.822190996251746,0.18699300950486578,0.036596896720316054,0.03658755849268298,0.3979610290806389,0,500
1.1144101902308334,0.7925417397854913,0.08367899277056347,0.837923925607961,0.20317462125012264,0.03472062970319756,0.03336817828994078,0.4234762788044496,0,500
1.058364395497647,0.8025952059437813,0.06870359330555625,0.9999978381206924,0.10733369579139511,0.023625608581260706,0.032628284713690406,0.0028809532019340904,0,500
1.131251441369296,0.7707597606902729,0.046681913641000286,0.9999946945218814,0.11001100097087735,0.026333493162978665,0.036926543592046265,0.0019159338458317274,0,500
1.0550653629345534,0.7772615262972696,0.07302752496991217,0.5142450271762868,0.1785988000901509,0.0345455696617725,0.030934792191638284,0.34587538934172585,0,500
0.7977557282164448,0.8321339952941175,0.11770077449757059,0.9289756890453214,0.161792814047644,0.031558272824028136,0.03034423221718391,0.5068283423960471,0,500
1.0791580939682577,0.7992672463186667,0.07167312709333003,0.9992093632586249,0.10510739292123845,0.023243005895689534,0.02880443749855729,0.0720046634963816,0,500
1.0616067428686595,0.7698180841377875,0.07593997321834801,0.952921183647984,0.1800415190615141,0.035769245841351174,0.03572496599742374,0.4141794341262972,0,500
1.0719426359237447,0.7935248902836913,0.05904020293935158,0.9999993445410406,0.10056043738581384,0.023171571456796325,0.03016376326096809,0.002885643825546576,0,500
0.984128855346271,0.8246560203448936,0.14759615852072652,0.8721830098320736,0.20362990995660793,0.034132137452407854,0.034610913732917505,0.48755607315286686,0,500
1.0663740577673917,0.7848593931132665,0.084982135023393,0.9898260867727731,0.14906859599006564,0.0299097901564333,0.03262628328337388,0.30656013179216474,0,500
0.933985997843909,0.8163101717062119,0.09925015940771428,0.9999774035366437,0.09723314474349597,0.023656184618301806,0.0314658896158862,0.004785251243525603,0,500
1.3976014623912143,0.7322514132073367,0.09456815954866593,0.17682542585587324,0.23080922582749475,0.04222145294361438,0.040518458272948955,0.2522255842652966,0,500
1.2519375920535354,0.7668967917849306,0.07705676603408272,0.6296006661236571,0.20738016071457627,0.036522373613578865,0.03423675065183469,0.34901231710265207,0,500
1.019988954642664,0.8015009611150063,0.10640262768199617,0.8981013386425047,0.18972156687331457,0.034595095587731696,0.03535625391860396,0.44108795932128136,0,500
1.0893972822697278,0.8021897000204914,0.10384563365426959,0.6735430772089904,0.19501542876331188,0.033514031672140066,0.031425219625715796,0.387132963897261,0,500
0.9715085876940185,0.7992602319976038,0.10774452522249894,0.999971008346829,0.10034669792563547,0.024635917858399,0.03434388073613798,0.006817144548262591,0,500
1.2124648165831782,0.775142650142328,0.05562089246020801,0.9999459921359016,0.12623369780106838,0.026957061180086075,0.039684758924455346,0.01462644004367985,0,500
1.0917587576110783,0.7943361040085132,0.1178448277210588,0.7359455627024141,0.20373730852157804,0.03584293600191957,0.03456637879121367,0.4131996613027178,0,500
0.9890005026339781,0.7889819379636663,0.1841513152686526,0.6382912322892904,0.20091448036212178,0.04098130074915004,0.04557491840286249,0.3972359784656088,0,500
0.7774070142657648,0.8467850483737873,0.161017057004732,0.9999572978117003,0.10083086629370486,0.02444190129881274,0.03741217828256974,0.005673485787514986,0,500
1.078105775870963,0.7797053359002375,0.1392979752448681,0.5644104380847018,0.197244171991551,0.038203908232450394,0.03768108482530533,0.36340853614446633,0,500
1.1616587332573605,0.7622412471964796,0.029585604711996696,0.8512856472918947,0.18945016212520144,0.03519680176218806,0.032446474977157205,0.38787587035935445,0,500
1.0398046700446462,0.8054884144341938,0.08968238012353365,0.7429487577873747,0.191873016850657,0.03359974188990467,0.03079304124993382,0.41928900457015555,0,500
0.6104002241832344,0.8441841815146663,0.19258689819369965,0.7781480301545454,0.1400398143403185,0.03390218132357831,0.03656441724390551,0.5253965822112568,0,500
1.2784582558659776,0.7400298128643775,0.1481322418791042,0.5470002662485319,0.2183287967515778,0.0418977206328825,0.042238190490852603,0.32613514256757115,0,500
1.288375446081147,0.739631584097769,0.02213690763224092,0.7215818167153221,0.19895103530888708,0.03680219281023653,0.03515420782390196,0.34081601829101277,0,500
0.9243677512396885,0.8229366116437933,0.11583170595803848,0.9229822454975901,0.1745266279441846,0.031228873190435637,0.030630844145945555,0.46322488527427935,0,500
0.9919276676777579,0.8072177346570341,0.133723615830349,0.9999838342892157,0.09962181882461263,0.024086665915934394,0.031154878552322643,0.002929077111073024,0,500
0.8765278764129056,0.8092586574479891,0.10010156253601309,0.8244478184973741,0.17800225159841543,0.03516020530171421,0.03207592120032863,0.48869454244454597,0,500
0.9829206737830787,0.8048820889510113,0.07175585188663484,0.9999931669410126,0.09617773566282357,0.02315505414005543,0.030591669295356897,0.0019949186465363184,0,500
1.2938140530461928,0.7214579072304249,0.12877243322035264,0.06311748013458583,0.2039233535434296,0.04180637570759113,0.03621715576836782,0.22442269524040628,0,500
0.9540430119635899,0.8128973779112433,0.12531283989577519,0.9720753984942213,0.1808913109023593,0.033834524395927386,0.03346744950752445,0.4692001577749383,0,500
1.3890130605933146,0.7471790024931617,0.10843765054491661,0.2258928347784983,0.2314206936421784,0.03961457060148646,0.0351749343840473,0.27417283979794493,0,500
1.6194727082462628,0.6898999807310077,0.08960285456447258,0.15262568983165556,0.24671799771676278,0.04540801822253238,0.04585247382401033,0.22259615257426413,0,500
0.9306380814613523,0.7800436493305127,0.07572447878449691,0.8929659204118731,0.16800955599473014,0.03613234845885654,0.03669903097699646,0.4293841197170874,0,500
0.9219916862728252,0.8184729358964302,0.11273707220659165,0.9770552284600815,0.1751949014009133,0.03197914619973823,0.029868708881969096,0.48285266517515424,0,500
1.0383873801899524,0.8015361537741093,0.09905225424117078,0.8691209571186438,0.18986085476187603,0.03386618290834955,0.032253381563258895,0.4377425426190174,0,500
1.3766670418099343,0.7311899130825525,0.07632613071249592,0.522917893684227,0.21766687244698263,0.03991672467420344,0.039481356405418555,0.30558714537492654,0,500
0.9289761531250439,0.7992877415531408,0.1071531055833259,0.49468513087679344,0.17352946001452152,0.035303111782221376,0.03289190539147503,0.36959695623672845,0,500
0.7806036803152996,0.8471921931939977,0.1590782211656016,0.6843331578733476,0.18006733502119304,0.03335702791095385,0.03614313092871787,0.491676001873102,0,500
0.9534106321701745,0.784739427209114,0.10075387418961032,0.7387562363075838,0.16924509108383756,0.035194975813376016,0.03220048505053305,0.40179092964476054,0,500
1.0532409148240904,0.7857936906630666,0.09626350188564474,0.4174871166381678,0.18931913581735604,0.036392600973209316,0.032321086991052114,0.3394598885408118,0,500
1.0551279243494862,0.7847100731694906,0.05227238913627992,0.9999963086094784,0.09502699009137869,0.023576663805617747,0.029952703859235385,0.0011930906295050843,0,500
1.1259839056938605,0.7738961455766532,0.08556230410758554,0.5197279997016231,0.19639707994065153,0.03661532374066127,0.03330206809191364,0.34711249764520447,0,500
0.9713041854813369,0.798491212976804,0.10154787777567262,0.7258913391569349,0.18841544967123725,0.036086858268543166,0.03585810257290895,0.4220264904790489,0,500
0.8200455558192644,0.8108365625835772,0.134078445818065,0.9999856171817645,0.09768368941681424,0.027292470720858684,0.040331592163161956,0.006793507205607264,0,500
1.0600573557428539,0.7978990674488694,0.14239749680241232,0.9991096202257895,0.11992604510837711,0.026860682685994605,0.03686008630363776,0.09573149164314905,0,500
1.1312972049769308,0.7524181655086736,0.008038961935710087,0.47059762000155225,0.17919270209086666,0.03581595771980352,0.031084736719830138,0.31238814825752226,0,500
1.1644921187467476,0.7664455855754433,0.0823074285832156,0.6509376591119432,0.18945145065473498,0.035803523393151855,0.033234227307615126,0.34511897383034446,0,500
0.8957739846487126,0.8055115440342165,0.16140178876287636,0.13847927265528567,0.1791194746906052,0.037210291391877565,0.03303203750081416,0.31790918414669167,0,500
0.8091706054803948,0.8165355946415713,0.1594520572565837,0.8141975368099461,0.16579645528660028,0.035295441207686774,0.03645703418051297,0.47258297575494806,0,500
1.1975026218448783,0.7589447293570304,0.05975914260633959,0.778132328612567,0.2023758798982286,0.037647721821636414,0.03845042849969898,0.3735527189224334,0,500
1.0659766496771865,0.7910496755349428,0.15770132740595985,0.7690509489925482,0.20151738854010123,0.03714240790099146,0.03625583442360878,0.4231992659346977,0,500
0.7991083512700177,0.8367516215262815,0.16584615616784745,0.9998991015746723,0.09478885983874029,0.024007257567084137,0.03410854748994975,0.016335094144378823,0,500
1.2022073217107914,0.7592480004245806,0.08414827551125495,0.9999361600728979,0.11739584855339867,0.027906746037211647,0.03836275817658868,0.009916476632617013,0,500
0.9969721678658133,0.7978509786716079,0.09751682635916471,0.9999942840106522,0.10006401553280606,0.024642858912726603,0.033133319208609714,0.0022415067183489913,0,500
1.180480219213823,0.7808966815144621,0.04652777176954927,0.9998850602168993,0.11151509811901947,0.02427836483697782,0.032306020509248974,0.014944305272280502,0,500
0.9728863564950038,0.8076253074170681,0.10835540790748739,0.9500064361194764,0.13567850421065128,0.027782319734227994,0.03230062419445232,0.2795401959422167,0,500
1.4585214156468715,0.7091821674879023,0.03593449337883996,0.41872184495927833,0.21973766275205278,0.041019000064805015,0.041277072346980595,0.2717357396584738,0,500
1.3410576489840633,0.7414365182907724,0.06363062721183849,0.5155506366660721,0.21534324285850392,0.038816383509451755,0.03737318768493207,0.312065085172163,0,500
1.1235530150265318,0.7710112940745079,0.09093376908923785,0.782437742754365,0.19356264461914705,0.03680308120062317,0.03706393083807971,0.38635334278198347,0,500
0.9182001997230929,0.8056061353112339,0.09280626903811005,0.7195302377387048,0.1753314059269816,0.034394299216073974,0.03325487697022236,0.42349795486335245,0,500
1.0003561727016386,0.7947498557506926,0.09719853033218387,0.5924354892719405,0.18245758133603074,0.03479561148341731,0.03116630584036902,0.38457122511827646,0,500
0.933394204763877,0.8027456643706171,0.12021364057370021,0.5895294471771707,0.17342240719653998,0.034480210928999784,0.03183104396599609,0.3922614751310895,0,500
0.9724267398241652,0.8195362785583983,0.15397971447099873,0.9998966209463273,0.11983344780515487,0.02626864333270485,0.040127902494896915,0.02171285138352357,0,500
0.893103139470559,0.8127250396471958,0.10579394144316975,0.8288559891516948,0.1773036528666258,0.035234402516663224,0.03756409350547771,0.44775470502306125,0,500
0.8257343909243209,0.8576852927879702,0.12497799683742174,0.9996208836955113,0.09580039122596831,0.020373281765910342,0.028238760519649807,0.05319258815197925,0,500
0.9463369726657469,0.8083735213059204,0.12106982937853893,0.9999778244825915,0.09762102396625859,0.02460312097655476,0.03195696373784012,0.005647081589083841,0,500
0.9603175033561139,0.7997062235551256,0.08700023826293649,0.9751391439411211,0.14023139724491396,0.02972963799871675,0.03506113652420639,0.3012360184089725,0,500
0.8441956700689277,0.8220739315011941,0.07926451165407666,0.9999951657492665,0.08658585873954185,0.022959351428692983,0.029852151149787006,0.0017173335738259585,0,500
1.127803359614269,0.7866244979665795,0.06465159941339595,0.473189149780731,0.19321449622925127,0.0339654761290426,0.028463202376071518,0.3440750704778642,0,500
1.2514593302868673,0.7483861724534528,0.07777038373264122,0.4928504231846298,0.204827938297268,0.038465448717776934,0.036524156934233616,0.31583167894445147,0,500
1.1827644840503695,0.798171070926767,0.12964936434838284,0.5153815140092773,0.22023706116391503,0.03567794628453455,0.03216047046203256,0.3702202326622603,0,500
0.9843484313549304,0.7850139509658888,0.0851672037155478,0.6796035027369735,0.17409944459867052,0.035013081821027206,0.03186118279959123,0.3882796887089127,0,500
1.1825476031277675,0.734812980627455,0.046441451215491446,0.5763769427134692,0.18546177428508082,0.03836824776014568,0.03705344123991144,0.3188406114417195,0,500
0.978683196875923,0.8110529154353774,0.04552184606742197,0.9998440302271439,0.09236513725692526,0.021800393409855172,0.027202657917858614,0.010979327649307322,0,500
0.932547883470561,0.7983458978039752,0.1348174141342026,0.5242677892408812,0.18022199100752873,0.03676407690544389,0.03590647941173252,0.38068905587659646,0,500
1.0530187976536531,0.7587376241088573,0.042034036131475154,0.6194764777033066,0.1716597743894446,0.03639914422533562,0.0335478564823339,0.34394984259103467,0,500
1.3090155371249999,0.7628858632120741,0.07253504186199312,0.7020582405458591,0.21860608967753223,0.036700417439538266,0.03622589283394673,0.36101081838152205,0,500
1.099499385378294,0.7813158644411083,0.11386613768829229,0.4519832582688629,0.19683311624796784,0.03686364878957908,0.033551530891658715,0.3426639891683756,0,500
1.0046914255392212,0.8173187226328391,0.06640103118277003,0.9999989578889029,0.0950629334745985,0.021340069121878406,0.027015876525597834,6.833956105951467e-4,0,500
0.9476148969460116,0.8090441080433819,0.10919664366930709,0.9999781477135115,0.0979011384140408,0.023873338101170816,0.032180628104308176,0.006196647654647258,0,500
1.3783531706303855,0.7082817809481933,0.0944681905823884,0.358138262682958,0.2094530223582112,0.04115962670617878,0.04222710563569498,0.26538896080843893,0,500
0.9718057490257878,0.8261947137744233,0.1493651691476079,0.46218296760363203,0.20527506721137825,0.03509634246837668,0.03521018499303435,0.39940744645350673,0,500
1.0316156856663856,0.8357625213133475,0.1598714159227654,0.9999981103380985,0.1258487577849425,0.02405740418113773,0.037413037414761444,9.127192899267927e-4,0,500
1.041130796502002,0.8016968901280516,0.05860942251121813,0.9873677030392436,0.15913362297418598,0.02918645254949111,0.02954976575431654,0.3601281162618305,0,500
1.1771969581363477,0.7692679964147859,0.060998226872031436,0.7318610523104477,0.20237773132395784,0.036813049014920815,0.036894364719086074,0.37573146854575895,0,500
1.138458626941439,0.7687019678117326,0.08560406487472605,0.6635438286332774,0.19152804529635126,0.036260822271459235,0.03309412884547572,0.36371846181735046,0,500
1.1765225010067055,0.7568987747514806,0.06685462773535664,0.5466741672743802,0.1916851170634285,0.03646924495250563,0.03272930326242344,0.33290967677097416,0,500
0.9752215719587889,0.8131127169017806,0.10043413434264852,0.9997041834765894,0.0988776920485045,0.02338948301186804,0.030937914295176144,0.01358430307648214,0,500
1.2125906641763942,0.7638428501279905,0.016776360217635334,0.9747101569585255,0.1213201031389438,0.026275914314304226,0.03460030030076742,0.11932373109634871,0,500
1.1568107589594778,0.7607213964284357,0.08397890339478051,0.5279148353549021,0.19743655744836952,0.03785212444942847,0.03518945904903594,0.33739443624245663,0,500
1.2437767128093875,0.7459639313877079,0.07910293797352166,0.5178371777784712,0.20986933571667538,0.0399825830589711,0.04018256526985982,0.32121012017781453,0,500
0.8665330243387935,0.832704121991133,0.10678623146955851,0.9965437199994278,0.11450228260332233,0.024423462826813822,0.030334928571590272,0.22997504031658883,0,500
0.7573469221230774,0.8587692585303673,0.1192397667364022,0.9726197193410013,0.1435956718211295,0.026497877463479834,0.030370772770524898,0.4378567604941575,0,500
1.0055454315929915,0.809915639977507,0.17350948911658962,0.9998637762117516,0.11233441006281215,0.026145636089637717,0.03530993321902838,0.015778722538576245,0,500
0.7155648539301436,0.8396572627821813,0.07949015858928492,0.9999346998342616,0.07668956350397023,0.021302530412880567,0.027905076914617133,0.016206240355775583,0,500
1.1611466270241022,0.7748108787257438,0.12240072198105913,0.49852909132452383,0.19295105731964235,0.03407498104759351,0.03341092401389296,0.3378983211373458,0,500
1.2419368239279407,0.7808526259474592,0.11267306023463475,0.3669183237361885,0.22527913041650754,0.03777155251416873,0.03478814444413583,0.32447851057514226,0,500
0.8904512746145093,0.7825287696667326,0.10149806220484564,0.8243544794347686,0.16117073167168894,0.03587235378917153,0.03429932258313636,0.42404404181210237,0,500
0.8389410643625874,0.8230018103412686,0.11732797776086448,0.8307261682807974,0.1696104303740978,0.03294996064317052,0.0321539720185667,0.4767242064271346,0,500
1.1100529717914287,0.7957781891555155,0.09735867942430107,0.584821868119838,0.23014805281522466,0.03949170429294293,0.03336117495223686,0.43238716576682196,0,500
1.271479541479157,0.7648162233216546,0.14838248753106115,0.5616610351818568,0.22274738321968016,0.03903087589863328,0.03662647238184377,0.3484670330392737,0,500
1.0478269079257276,0.7776483969246661,0.10714985841226826,0.7987588682612242,0.19369482277975864,0.03743642608384449,0.03857502237759028,0.419473429071151,0,500
1.0297265182553292,0.7828600937089835,0.08805888805650473,0.6642426426534336,0.17223748142436104,0.033916177326527616,0.030090600633650873,0.3657130939299166,0,500
1.3725423700255877,0.7420912711577919,0.033335284428796526,0.30903413219537545,0.21432011530944958,0.03755611311204729,0.033794689293901975,0.27538495010440067,0,500
1.272504426118257,0.7407072008026899,0.08725901619119826,0.4293759298687997,0.2050666321799742,0.039710768729705255,0.03576036321626991,0.3001007509999653,0,500
1.0638159148279307,0.8011378074177471,0.11858708354686139,0.5042755436189701,0.2028601992968991,0.03639741599701943,0.03274861996053121,0.3727287021054443,0,500
0.910089580512388,0.8077588953382273,0.09669571675165733,0.9655672519862448,0.17882647204025715,0.03491612461130758,0.03639370138104875,0.4817623198014905,0,500
0.8608139253524284,0.812651646033726,0.16803131180365238,0.9611992726582909,0.16523058578003666,0.03410413107840681,0.036552544923324326,0.45962422542075176,0,500
0.9737429402511557,0.8295144932959226,0.10738652109168073,0.9999370788432286,0.10201610507190757,0.022109785829379388,0.02857294113047144,0.016697130394188655,0,500
0.9416277261684282,0.8107754739067089,0.08506901667102763,0.9999581266788624,0.09342406905179698,0.023242048014752242,0.03027422512937369,0.0046731036544325226,0,500
1.1029222288187128,0.7668024551404552,0.08985279337159541,0.8920271729514857,0.17616100712041652,0.03578896842690786,0.04057680009856564,0.3495874441857979,0,500
0.9531830979313108,0.8234606651467236,0.16171846200701367,0.9999630637212679,0.10966136133715387,0.024766675852589824,0.03497322170442563,0.009956813228519988,0,500
1.0236888027135154,0.8138708986886937,0.03247595124547822,0.9183836696322786,0.18674040641511597,0.031111450129679533,0.027925236361276085,0.4523235475377661,0,500
1.4524739862381175,0.722998606330613,0.05303468716132867,0.2410014329657631,0.21430763115374482,0.038130259087822194,0.03218093999932357,0.25283872334497803,0,500
0.8907169996127692,0.8303553064722943,0.08392788993035603,0.927073987353308,0.17036434762253994,0.03033131891982623,0.027414894097886083,0.4827809215837937,0,500
1.2154458175681557,0.7843836398705968,0.08920832368805144,0.7105800987914583,0.21993682409611415,0.036750869313412635,0.03772987851760779,0.38449921405598736,0,500
0.9608915198840436,0.8090990058518582,0.13613633821351642,0.5716116408753009,0.19316265751537426,0.03573511132359439,0.03405913217017892,0.40894407570842445,0,500
1.0462280103520425,0.786271916574045,0.06905876652383798,0.9987991214416077,0.11284876038301815,0.026178413501461956,0.0353177481924554,0.11466111083715606,0,500
1.3002255317519367,0.7407409868407479,0.07267274130052168,0.6155058589892194,0.2057790537707577,0.03840989279271081,0.037409712948876024,0.3268035732686881,0,500
0.892919497265134,0.7897160489076375,0.11064042098450225,0.9039115586986519,0.17060789641833146,0.03654599932287004,0.036820355787882064,0.4572626225009794,0,500
1.1705308166383706,0.7628602486090735,0.0674081887618267,0.8811625264588063,0.19752416983014157,0.03681675320134196,0.036859125409054186,0.40054183404457155,0,500
1.2130057665158238,0.7530733310267723,0.10897020027414968,0.3816697834391282,0.20935813324198682,0.040243841286370124,0.038846521412743404,0.30508665755490233,0,500
1.146726548356204,0.7745859227134897,0.0900168170381673,0.7187834814517607,0.1971017038811067,0.03579380008622488,0.03352190304003995,0.38153015837771026,0,500
0.9287109721927793,0.8093294000091856,0.15504798359463698,0.9088223169807089,0.18593929560252345,0.035122826270353645,0.037637378869168,0.47924823805479855,0,500
1.1430827285765328,0.7950621248726949,0.09839550748646954,0.6313122115303204,0.20664357131456543,0.03467652061766221,0.030757104146774957,0.38817058882865957,0,500
1.1467200860686038,0.7950511117211566,0.07305719407791206,0.4879429716196193,0.20193880875274922,0.03387158150472847,0.028747429356720356,0.35481911691467505,0,500
1.0027387650180786,0.8020823274312395,0.1250557514456717,0.9999642229568266,0.1067293112490082,0.02560149403642825,0.035521949197953144,0.007077190187050523,0,500
0.9804978508300713,0.7946688212040238,0.10419268070060857,0.9412309149245872,0.18601684428588625,0.035805832367876635,0.03581127726772178,0.46685836248010076,0,500
1.1851321636868644,0.7781053194101551,0.06564391045995971,0.63680411130685,0.20050814757607818,0.03538349888515826,0.030665399693490115,0.3649252969092104,0,500
0.8926077014343372,0.7975952006811151,0.11774606093232182,0.4556091030422243,0.1698552114964516,0.03590583911532215,0.03280262377832496,0.3690722910000218,0,500
1.1268735107551526,0.7586231672467182,0.05226976869422331,0.8077610431621214,0.1830871558357166,0.03616918430384746,0.03233419931854701,0.37944878931202325,0,500
1.1689570068003434,0.7809304903112917,0.09299123639977541,0.6241084335171612,0.2024638282794621,0.03596536610084259,0.03475226721179732,0.3622514575652973,0,500
1.0365575823020776,0.793779459037979,0.1429598889247015,0.476549975143767,0.2047608103561851,0.038755512605293786,0.040059799745983664,0.3650228552619418,0,500
1.3427456432296077,0.7452393572875426,0.05108446423883194,0.7391904550124679,0.21583722178887826,0.0381322877531937,0.03904806029358908,0.34837894956432314,0,500
0.8786898076812149,0.8350097743147581,0.1661832943462326,0.8135082961533703,0.19770884290651972,0.035022732500259245,0.03974428266620145,0.5001462636508142,0,500
1.0179528430996696,0.7891585360432576,0.07923489682050515,0.9999757178652172,0.0968354107592957,0.02440280432600325,0.031064156686629246,0.006557507054623321,0,500
1.2907711477595447,0.7503976651830085,0.11258474351923645,0.4314598281946498,0.2155546901735792,0.039276991435797645,0.03635599991583586,0.3100962632136821,0,500
1.1125386299863989,0.7794752887715007,0.06817756098746058,0.9992252532035325,0.10572253422199049,0.024849374197787346,0.03263871777535877,0.032238457552788716,0,500
0.9726490357163909,0.8217706245293109,0.09981624761029118,0.9999328730116209,0.10562068774912602,0.023378895321439167,0.032167399036501544,0.02050135617033905,0,500
1.0009243558641503,0.8206935634846907,0.05535126455046385,0.9996094105856492,0.09864136727330279,0.021306857551523953,0.026265432040323444,0.05589450098906618,0,500
1.108871443460266,0.798205282430168,0.08964049127244893,0.7573456492287166,0.20115119687567656,0.03428678365894818,0.03220561895505819,0.4100316074098134,0,500
1.128467352694098,0.791049371795447,0.12138891865865914,0.6397565372237817,0.2118659909485694,0.03704428581143462,0.037347226762380524,0.3870780463299074,0,500
0.8585807961239852,0.800902188264954,0.11812559384511746,0.9516567592802031,0.15992710585353961,0.03396684915250129,0.03263699619679044,0.46492872540170754,0,500
0.9061213779138155,0.8054187811848018,0.15901901379203437,0.8018397330889769,0.18038311311648603,0.03690540345296078,0.03908537113733875,0.44291297361893844,0,500
1.2861930906917487,0.7807446579500518,0.009094473777526106,0.9999930254700413,0.117404367734153,0.023479070239503363,0.03186160535600171,0.001320997763017891,0,500
0.8315442408017756,0.8260514266013147,0.19381663784257452,0.600051943264908,0.18309859764833367,0.03675461338732249,0.04026402951047598,0.4405136397996795,0,500
0.88702556784163,0.8330774997418054,0.15534393933394525,0.6818282905196408,0.19000931132801988,0.03364258032296132,0.0341763964391555,0.46320130343982685,0,500
1.0574688863373018,0.7928794557547834,0.11368586307760038,0.999969563862208,0.1087720943914511,0.02582751457685101,0.03529383449105005,0.005567936846056846,0,500
1.068868172433053,0.813516109878663,0.07754940962261174,0.722167031356865,0.19915756888712063,0.03265951317235905,0.030401489621630494,0.41874650484911974,0,500
0.963922480857831,0.8042854286772103,0.08858227351122748,0.999896568687992,0.09877265551501599,0.024333003974125987,0.032622214420596984,0.015839233997659647,0,500
1.4150636138022556,0.7272446136463137,0.09744227629998012,0.5119250002616279,0.2294523178688239,0.04154578451354653,0.042594192942346856,0.30384276817709344,0,500
1.3120981187064151,0.7218592828940995,0.07663763652212233,0.2675141986600226,0.21478755700256763,0.04279764725094804,0.0431417886739893,0.2624650893105775,0,500
1.1151598942160497,0.7688177156536633,0.05876469974417746,0.7240720743840081,0.18131030900397535,0.034660922835019724,0.03099479458260722,0.36647097650290106,0,500
0.9105708157960632,0.8010904056491436,0.09645516539592505,0.6085415849554634,0.16871237943700806,0.033875234173868715,0.02973196628806765,0.39883080509375385,0,500
0.8485675110789104,0.8424797035902923,0.14832050482095074,0.9999925422570636,0.09240051804418649,0.021503955319910343,0.029870367163676165,0.0017613128990888326,0,500
1.028085152827058,0.8109208689029472,0.10127504817698879,0.9015225919129114,0.19164245700835805,0.03259394935322288,0.03100922029015816,0.45521297959041807,0,500
0.7772657609542126,0.8342986829209278,0.15915862174075743,0.8728486360568907,0.16658460494557142,0.03305292082583951,0.03508569078994776,0.5119274390278997,0,500
0.9763012287861133,0.7971973321090245,0.0929687758867358,0.8347199765696299,0.18227502137022775,0.03476201110137623,0.03320706691302413,0.437372189322291,0,500
1.1193204567739918,0.7786477010064052,0.05001571628707533,0.7526067521166218,0.18915645820574564,0.03451645161013245,0.03192592791215031,0.38405370723165616,0,500
1.2914210832589992,0.7539107510127884,0.06553987037075973,0.8244476023857366,0.21380416326886278,0.03740946869250972,0.038985125362058455,0.37519058813097855,0,500
1.3102954843822638,0.7189232209195432,0.08677840905797746,0.5687647123037747,0.2046736246214161,0.040915908493225225,0.04069809139200005,0.3087733891917216,0,500
0.806778839207642,0.8175440383861499,0.13626840874613377,0.6915728368131447,0.1615341131566298,0.03433613435766387,0.03450603342408744,0.43849886665785315,0,500
1.436589587105682,0.7253313864749227,0.10837064864339101,0.4782623410545091,0.22809006828678294,0.04059786064532549,0.03965538556769919,0.2987072627748612,0,500
1.1041276383985446,0.7399552061314432,0.07650513876940113,0.30030528115327676,0.18164194683912657,0.039505685013805726,0.03747941654841964,0.2826507353921214,0,500
1.0244344333571802,0.7664363617230211,0.07743184903252393,0.8077605301194063,0.17128387329202763,0.03636435136515139,0.03916413750558051,0.3693497659289636,0,500
1.1076720759070897,0.7741147220262835,0.09250994377734349,0.8245124160314575,0.18866270608380806,0.035476556218825464,0.03334728657713136,0.39616691479570726,0,500
1.055964822832305,0.7655757030295709,0.11396626077951383,0.636281772754586,0.18257952694515467,0.037671845408480176,0.035521715541680016,0.3635722962964257,0,500
1.0024932419709918,0.7975004801610089,0.1130092382123449,0.9367266471810997,0.19011696054989508,0.03534505189069865,0.03441226066533072,0.4677596915264,0,500
0.9412734171187827,0.8163305533787643,0.14043600136702944,0.717947725194723,0.18568276140684187,0.03398821702991102,0.03176762088369265,0.4426050738734594,0,500
1.454820940073489,0.7129624316564992,0.06518233999863457,0.46258275090622897,0.22530087643380006,0.041734563062011586,0.04289817391530194,0.2829671132257994,0,500
0.7126114307552878,0.8718276162395396,0.18464060653350994,0.9999690315670284,0.09274784673813492,0.021302607777198473,0.032506722673591344,0.004181776518772383,0,500
0.8680077697986027,0.8074711415681018,0.10834526656858627,0.8654989180021406,0.16442853897454762,0.03374410597315046,0.03136269660286947,0.45798778253473044,0,500
1.0126546600522093,0.794854811268387,0.12825648368385972,0.4604048789389092,0.1879658015988943,0.036015720555809025,0.03284831435506654,0.3606921381022118,0,500
1.282204306294326,0.7429674745174409,0.049446522860952934,0.2496683143607535,0.19961736992060133,0.03750829525604837,0.03181861419928769,0.26845945747671407,0,500
1.0656269294346792,0.7951057425939969,0.10112462796246253,0.5882327003486774,0.20136078029337026,0.03641247648879791,0.036262983258322105,0.38075966401892847,0,500
1.5052801862172718,0.7039459516994114,0.14129732207217494,3.859124119453783e-7,0.21525478264972955,0.044095898311302284,0.05006259009647867,3.381875883136936e-4,0,500
1.0821600331285197,0.7920927880605365,0.08382805999449595,0.991104071268061,0.14492723622680628,0.028065098518794167,0.03196987925503684,0.27913422598434307,0,500
1.1732779795289523,0.7697194827522483,0.052091174606747316,0.523808053436206,0.19489149598592806,0.03558563013060478,0.03153699210406844,0.3370334381600904,0,500
1.344746847500168,0.730767166027732,0.03474585625726251,0.4924478353770054,0.20646745789054172,0.038183104767123915,0.035147558227742674,0.29951180608402067,0,500
0.9274471250041408,0.8116307342930198,0.1075437553365056,0.9776449587521093,0.09969293818708821,0.023742406957976695,0.031096491020225835,0.11842535458548789,0,500
0.7591557016934675,0.8050785692693965,0.1352038429319474,0.7833405575810821,0.14827558693086645,0.03537549910379026,0.034816010079406545,0.44873686774328037,0,500
1.0074535897901962,0.8153162088013173,0.12980025248360694,0.8661668938218385,0.1952320565556283,0.033449979128624165,0.03159684584614782,0.4623669455493954,0,500
1.2675518476564538,0.7547076157204256,0.05201252032278257,0.6233554098887752,0.20522596058757375,0.036804845838892736,0.03429568007728897,0.34060166724973323,0,500
0.9678169039317831,0.8078855586899987,0.07989017059756792,0.9996823600611426,0.0973043151797225,0.023478358955900117,0.030884334718825807,0.02059318911497296,0,500
1.0474243844973743,0.8166935896985849,0.116623017569566,0.9999324027840861,0.11096542723883192,0.023476943309767403,0.03237150753897343,0.007964277365422536,0,500
1.1590187700749943,0.7963994949571128,0.10440785215233896,0.9999913422083011,0.1077418753883635,0.02323129880363267,0.029381078893908067,0.0016832806209804649,0,500
1.018139921527322,0.8006679056239835,0.06866407863990408,0.9999313065692749,0.09855602432460067,0.02340750231535383,0.030234471028672456,0.009448205513266908,0,500
1.0655049573243556,0.7882700270622326,0.12514917630347888,0.3792569027038247,0.20275881340519605,0.038511587217090124,0.03726566377192932,0.33750532232756447,0,500
1.2648088466031921,0.7635636739172716,0.085238435611439,0.45001177078628274,0.20902446957996054,0.03711361332862341,0.0324118829216212,0.31874362722724436,0,500
1.0193710414709423,0.7770187671099897,0.1315784056660522,0.4094470638327462,0.18435081108826226,0.03833399521210517,0.035926855166797916,0.333262807277679,0,500
1.0291463029988652,0.8117467737615809,0.05046907123899495,0.9999951881656103,0.09722543467662297,0.021914046268328578,0.028704647936939616,0.001021441651321536,0,500
1.0872899681191475,0.8086230436928669,0.10800140678642837,0.9999758453028725,0.11426205187413545,0.024762405780405006,0.03317431135729389,0.004520591695565405,0,500
1.059821395486111,0.8003769114798337,0.13206741925963608,0.32918272584919556,0.19971489484092836,0.0362519373575555,0.03326246391989602,0.33665154200225,0,500
0.8878279651863543,0.8307396291209416,0.12652074206804406,0.9999908493119443,0.09773697171872214,0.02306585972174444,0.03234141390315175,0.002047467613510471,0,500
1.1635965770828383,0.7598310711920677,0.10131006780163672,0.5185414488738915,0.19950110391025389,0.03834192733580583,0.03696604708195456,0.3350198552637418,0,500
1.0090984051322602,0.8062739397371328,0.08574445293957446,0.999981253727288,0.10304281944142663,0.023659557459004783,0.03151423712312854,0.03417098615031749,0,500
0.9639178342572953,0.8180581041841349,0.06709320487014657,0.9018577611206081,0.18396982686362384,0.03233726597074344,0.03192806937906284,0.45914589024050095,0,500
0.9399918186575302,0.821633480558994,0.10467243820561975,0.9999532583284768,0.09656485173691282,0.022860020375239168,0.02995649575354844,0.005833656646636284,0,500
0.9642490571193658,0.7841149926591877,0.08610197741353778,0.7314392597091862,0.17140579183621268,0.03490999273191712,0.034594795554685386,0.3961891666737722,0,500
1.0453347933666715,0.8053396837546569,0.07983539402256201,0.9999491262538519,0.10156902805048519,0.02306527018836909,0.030370880453482345,0.004712999298297367,0,500
0.9263463505299043,0.8036593051741441,0.15012527942100504,0.3282026016805247,0.18113983153953772,0.03582666679662379,0.03218164511394626,0.3550904234501907,0,500
1.1748908721534281,0.7627667943357883,0.09584852013065018,0.5076528143983439,0.20169007610821527,0.0382382392016081,0.036814934182427324,0.3329233554244857,0,500
1.0357193923869368,0.7773148135433267,0.11328719785485916,0.9137738008555272,0.1799407040446641,0.035948538841361746,0.03410034774867604,0.4217568752758006,0,500
1.0944264335593032,0.7767664129324515,0.11116171648430971,0.40315355766913935,0.19350337418138974,0.037287398032560475,0.034069692487338245,0.328474466425275,0,500
1.0152460332286477,0.8072305723233542,0.10071445170303939,0.9999948130468168,0.1039021304444605,0.024020418133313678,0.03294107288579217,0.0016020997536267624,0,500
1.284116299116591,0.7702340532734562,0.07871642912898962,0.8372924902300581,0.22068133351268165,0.03703910512899286,0.03738466426223841,0.39258019362838825,0,500
1.4489250516251428,0.730770348023381,0.05785169193818306,0.36545052647892196,0.22351434052069322,0.03905908469253798,0.03568845121172825,0.2776516669272327,0,500
0.9999993484738625,0.8205244817890898,0.09016153486114946,0.9999847725100232,0.0942070546802145,0.02130853134926783,0.026436519102423586,0.002113897751372956,0,500
1.0885315563986133,0.7969478253047116,0.10759028722103739,0.8532964903007962,0.20927653369995555,0.03634974574218139,0.03757698629256017,0.4385228016819895,0,500
1.1346134820743707,0.7935763350689508,0.1186740614751454,0.9195264303988989,0.21649069819104272,0.03658994477492077,0.03878270322896956,0.4506397804369707,0,500
1.2160493962678673,0.7283180347399798,0.041149151432912964,0.4104805492040534,0.18787760102008394,0.038875245495396026,0.03629461441962857,0.2864472404961854,0,500
0.7781490606439248,0.847176652090081,0.15671056220787022,0.9999521689603318,0.09713299539943561,0.023304415853227758,0.035065923604654596,0.010604122841809407,0,500
1.053933194200504,0.8181211714970176,0.12894932999669895,0.999976660451605,0.11826794193259772,0.02447575342646841,0.03475199441863607,0.007546581361431904,0,500
0.9715079061577373,0.7835183742912315,0.0892424758815512,0.9302770506222237,0.1767977284077407,0.035990130410744295,0.03600430733866434,0.44327195020206245,0,500
1.0147545655429693,0.8044118448111074,0.05258708798171898,0.9651082479534948,0.18148619434521168,0.03236040689628721,0.03067021939348938,0.44955270595483354,0,500
1.058989367392785,0.798017562564918,0.11439271990443914,0.7366321640005825,0.20284259313195646,0.03652641520870861,0.03803320830644488,0.4122766771520156,0,500
1.140823873157396,0.7948594345295414,0.11272429025620836,0.9999964141034287,0.11858231341008069,0.025441447342365444,0.036123245779008335,0.0014935795575022391,0,500
0.9165516362561142,0.8110310964073695,0.06579890376402922,0.9302845926947367,0.17063301805786826,0.031909519271829556,0.027822442286203796,0.46974622829503854,0,500
1.259059842460665,0.7382805296790218,0.07643604863466312,0.6404570995973135,0.2078184631856372,0.04036335604614952,0.042797846481633955,0.33272981243292415,0,500
0.9461269492033403,0.8105100296380967,0.09135624996584181,0.9898284785202186,0.16497956079797974,0.03150572306213467,0.03237305312519056,0.4225867071928363,0,500
0.9709692049547879,0.8075161360044664,0.1391515394977364,0.9999915076572519,0.11062589173905225,0.02660763154628893,0.038136494687438335,0.005042940224946533,0,500
0.9331230399250994,0.8133212276479939,0.08598086710986055,0.9999622925582773,0.0928896108245013,0.022702853059914086,0.02931532309127835,0.008076277714785376,0,500
1.140371082788897,0.7630244860740574,0.0642934746309354,0.5078353151242824,0.1937053942159619,0.03712174809233439,0.03482489509631272,0.33339450463150216,0,500
1.228491336638589,0.7314362156726669,0.13348870722768494,0.275155437563499,0.20738657616308867,0.04343313198629275,0.042079222887375416,0.27318097648041095,0,500
0.9992835198992434,0.7907512421432803,0.09302708744955693,0.7533173482354123,0.18649268370602562,0.03543146477550805,0.03138406035620933,0.43288822731339666,0,500
1.2093250625805987,0.7616672614180034,0.12706469002029092,0.41960676836016947,0.2060557060730519,0.03856720530335356,0.03521213741371864,0.3174409309910114,0,500
1.260888565318806,0.728947887911679,0.07066912807578866,0.5886214298440801,0.19993755991580528,0.039938921287891734,0.03993166079635773,0.3178493723267946,0,500
0.8592126575030368,0.8105555817797104,0.14163797114223534,0.8997567806038755,0.18022100628109572,0.037117991565150034,0.04309419426046287,0.4765246799014977,0,500
0.9738301637318943,0.797781214589825,0.11697881471735866,0.46018055740087016,0.18421954016056616,0.03548314454028772,0.030991001809817717,0.37068123586003365,0,500
0.829693780178315,0.8373922569582614,0.140894930023685,0.9999979052661037,0.08943855387650647,0.022421851303299892,0.0302264041881582,9.189642442388417e-4,0,500
0.9162318870369897,0.82425988687763585,0.13262152775739625,0.8033060439619186,0.18856353018254354,0.03391081941823366,0.03602876625883409,0.4651249673165153,0,500
1.161525619492284,0.7892331488584498,0.07199023820760675,0.9954919800391302,0.15622551855834169,0.028745884054962575,0.03363240395846415,0.2744725140463972,0,500
0.9631614179261143,0.799962469639967,0.09719168039698399,0.9999939178711041,0.09467183424694615,0.023843789678831665,0.031175644407901836,0.004381644581722764,0,500
1.0384572318690566,0.8106196295832396,0.11353333560935586,0.9999964008327206,0.1074608774814139,0.023555311104218785,0.0319189629928301,0.0031893117147301186,0,500
0.9474548159696727,0.8102063419198527,0.10080391763107455,0.9998771905344503,0.09610355550314076,0.02328154849449351,0.031016104868584853,0.01403646685198091,0,500
0.9844009767740922,0.7830448717351016,0.09134968443383557,0.3965817615498538,0.17613867759294544,0.036551238161216824,0.032815383321381994,0.33427921484917467,0,500
0.9037416241158055,0.8272985127102008,0.12621563880679645,0.9999343016490656,0.09491058384493044,0.02260239986623902,0.031088916457444032,0.004737116635914749,0,500
1.190236978975997,0.7804286641692192,0.12627607912182304,0.4837867665409155,0.21563770470305788,0.03800625022643197,0.0354572494327997,0.34637642094457816,0,500
0.9784227613852352,0.8020768649048011,0.15095885860157543,0.7371438916314239,0.19820252305012173,0.03716933202503788,0.039836678555076936,0.4339803308955421,0,500
1.1351272975900044,0.7821630664662423,0.048782809491158055,0.8162530691485002,0.19132829142710214,0.03448848765700255,0.03184807004544734,0.39253258906739313,0,500
1.1025442533070764,0.7596206877887609,0.10529188850530805,0.6181730098258179,0.19242751341065809,0.039585908287271356,0.04117539682791294,0.35225200565342374,0,500
1.235161553107449,0.7288149103971892,0.06742089552267692,0.4191278653073733,0.19191475266568797,0.03922607664225389,0.03603048262920988,0.2901453850699101,0,500
0.8334645782844697,0.8165039186891275,0.08480398881223788,0.8769433546905047,0.1612854676615079,0.0325920079382426,0.032015282078046145,0.4633003315227382,0,500
0.9093761573324238,0.779478485176154,0.019450554471348407,0.999765525399084,0.08347116877449806,0.024031710461090434,0.030237802720684354,0.03290574702344621,0,500
0.913890931468304,0.8001414088706009,0.12706739059496527,0.9996545340314135,0.10441977011918785,0.02708680314524558,0.03968590534808213,0.038734863434538455,0,500
1.0623936264121263,0.8224201526432446,0.1382929953705666,0.9990546997176246,0.1324542301167261,0.025063566167221288,0.03489900777523838,0.1502939965697844,0,500
1.164707187957964,0.7949378812194249,0.09860833044781807,0.976048947343996,0.21010513904761294,0.03428384368976268,0.03130462278557086,0.4582470481004272,0,500
0.7296573299557189,0.8337054773627234,0.15481913723743893,0.9899868099473369,0.1035980443533145,0.026575840612487665,0.03547941417913117,0.22888271653825465,0,500
1.1852258867610086,0.7836140014934704,0.10841522934835938,0.9264863927536645,0.21221895869448026,0.03588999829188944,0.03516567834914773,0.43285784059089827,0,500
1.1436300524382896,0.7328416272156154,2.916772844780046e-6,0.7515148714624057,0.15261527465107366,0.030598506206249914,6.884584128146197e-4,0.3443715740812686,0,500
1.110749211365885,0.8079180484102121,0.11823500779268742,0.6298509093850768,0.21003892991079856,0.03450985563572499,0.03217313870445375,0.40110322732571885,0,500
1.4830990135128872,0.7051930639447871,0.031242888979496595,0.5289954213566809,0.21957483460200822,0.04045408428540904,0.04091599653521594,0.28655217801065047,0,500
0.8962976901110596,0.8312073186178186,0.11726097277018681,0.9996389199407297,0.0961406211755051,0.02215959855936281,0.02887101834796701,0.057301006965509355,0,500
0.9210691239540457,0.8294185219653565,0.12125231777559548,0.8070718254092837,0.18493862558886823,0.0320822501849629,0.030327560080435505,0.47253314296391213,0,500
1.12150678807621,0.7865894925253227,0.06063191350334569,0.9997023076054945,0.10718480686950778,0.02423091900124972,0.03239313440024035,0.013768360348669528,0,500
0.8922894249513744,0.8227317497022361,0.14063894418545844,0.9999971102652748,0.09229652690746691,0.023422769970559535,0.030492071166606207,0.0011457513792909278,0,500
1.010163494777583,0.7855886272704891,0.08961467075996728,0.6812445834678686,0.17841446056575205,0.034651862005057425,0.03262917951183701,0.3875546492264346,0,500
1.2293386458504878,0.7616094074141728,0.048663911872013736,0.9182587814321627,0.20029590202305714,0.036216603049608574,0.03677160467440866,0.3882925296426725,0,500
1.1586805576981476,0.7989829917538499,0.13716496151374571,0.7133574969728054,0.2342278725010045,0.03788282180077745,0.035924437956199255,0.4423044456511612,0,500
0.9231117370764341,0.8236070617563468,0.09244859922509246,0.999774590077546,0.09447855668568009,0.02223269271275188,0.02847402951670049,0.03091154735687891,0,500
1.288187938573758,0.7457026286924979,0.06940844923235555,0.5285339773737907,0.2037298023733708,0.037283982126049,0.03297463806469549,0.3193345598670193,0,500
0.852010920302792,0.8331406560971741,0.14464213041429697,0.9548856321763662,0.1760787942869633,0.03201206108588448,0.03262876708121396,0.5131449091358763,0,500
0.9184145475129232,0.8166399811701813,0.16770760815071253,0.9999964802907632,0.10713632054240614,0.026263070892151207,0.038437906746349566,0.001392427147498443,0,500
1.3589627952735561,0.7459011230106319,0.08409264911323922,0.32402510950831254,0.22366048491284254,0.039613380935006576,0.036882379565226685,0.28478236965550086,0,500
0.91403025278656,0.8303668032663618,0.11482605409860885,0.9999952455246566,0.09769954567860552,0.022840247559746445,0.03192314373360797,0.0010691333313519176,0,500
1.3009587525932869,0.750696682810477,0.08814147310594458,0.5475820345411838,0.2116592210997369,0.038328586881137015,0.03693064153119167,0.3230035295783238,0,500
1.273503552986539,0.748914839276483,0.10440012601435877,0.8014194884778253,0.20265834367320779,0.037769185661635306,0.04001219930747682,0.3449181243015846,0,500
1.0289938982698537,0.7699295741054989,0.086233458742134,0.9999936201186943,0.09304863127981258,0.02575875515811704,0.032798129535642505,0.0013979612241971154,0,500
0.9154878028184149,0.814249822026946,0.11365193277800445,0.9999797164358694,0.09535083645003396,0.023607404041457763,0.031717897455263065,0.00550538570872199,0,500
1.2147456395061687,0.7483701632248054,0.09098938272277908,0.43315201692559524,0.20225631303520722,0.039486227587001085,0.03776875596801757,0.30765640530062577,0,500
0.8982120305405249,0.7793681526546874,0.09135807174092307,0.7813202156957725,0.1638590684501526,0.0362433949382832,0.03685167059605253,0.4115728347954412,0,500
1.0792543295331867,0.802316185777449,0.11573141851593508,0.7281881596885944,0.20139739512779203,0.03476557546741555,0.03368125347715662,0.4139847395729825,0,500
1.225293372028926,0.7366544087232352,0.04618451945157612,0.7777147198045314,0.19139367270117155,0.0378552018180563,0.03651498113392741,0.3531326524855232,0,500
0.9591971992200723,0.7777881197769071,0.10431015208503833,0.946856327616357,0.17390843991340818,0.03658401853716775,0.035436877853654715,0.45049517649163595,0,500
1.1457592402341097,0.7826021574379166,0.04746053771659804,0.9999936679815674,0.1084689361732748,0.024489865408075684,0.0330425492226518,0.0020082276025527703,0,500
1.001039222617477,0.7880136742979004,0.10649470917717756,0.8292409926326265,0.1738447787204835,0.03419290198277039,0.032317048202799376,0.4043791567805906,0,500
0.8910876019481525,0.8361962322952515,0.18833730720169437,0.5203529762148551,0.20212798602172635,0.03629358343451844,0.038893295179349384,0.43057381185325805,0,500
0.9962887185790467,0.8052368670900719,0.09317455914490018,0.9999928110231681,0.09600522214318397,0.022933625705276715,0.029687704823901182,0.0018979552077065627,0,500
1.0821002277770426,0.7686817710871808,0.07201728785234059,0.7743417254199366,0.18317217344808226,0.0360763206974579,0.03558220045994218,0.37876616962795484,0,500
1.4580486222432767,0.6915023708271982,0.0786268788215558,0.26456446300875336,0.2171933684327475,0.04322085874594493,0.0426424579438378,0.24113098921329507,0,500
1.4732364323306022,0.7100260518945091,0.032734081831933506,0.3138467420830674,0.21526286020528926,0.03943422290171687,0.03521693012247635,0.257250184085047,0,500
1.1177891726062714,0.7721085610860259,0.09700561393455734,0.4575688057045376,0.20618647390583436,0.039403377453561816,0.04114205776566467,0.33492188572166204,0,500
1.1198752089231345,0.7671316796968042,0.14189813613425303,0.5554899187155434,0.2145961559184374,0.04217434072161104,0.04643149521096952,0.35555110285825337,0,500
0.9436670855469148,0.798348058894497,0.11748661424419614,0.9999492384366125,0.10018950991756652,0.026037301617655467,0.036258707421789424,0.0067950495212852,0,500
1.3296028057884917,0.7557531862764634,0.054293949848218954,0.7226063923445057,0.21570463764634915,0.03674261433852748,0.034938032622729515,0.35613800047180416,0,500
1.2605660453368854,0.7315994969527585,0.025085309657792598,0.5919217675162636,0.20039909419195667,0.039544948514558774,0.04062807091042403,0.31609424380251844,0,500
1.3206457790579205,0.7284457373472419,0.05595560342430997,0.541082078052959,0.20235209699550957,0.038626334388929685,0.036302290176975144,0.306496147896103,0,500
1.0971592819016287,0.7995415125306587,0.09787809434684776,0.9999919776775076,0.10560221784587538,0.023364743339649066,0.03065865339533705,0.0020094463984301363,0,500
1.096780057945298,0.7533697871419215,0.07881679149374902,0.61755867673335,0.18448874422665326,0.03891421480986333,0.037168999913661765,0.34564739506228637,0,500
1.166859506390016,0.7458672399968734,0.0861576422088353,0.6970638942934083,0.19749131021139069,0.04017304260344001,0.042983738599835425,0.35081924675845105,0,500
1.2479763228414922,0.7655303542168996,0.03408342856394245,0.5918436816097344,0.20199376745285666,0.03502268033657619,0.030304504315170996,0.3417813349871306,0,500
1.3564838825665075,0.7269387058168356,0.05712829389705642,0.32163447580198995,0.2099369825269104,0.03985027590296585,0.03732913494678065,0.26925680205051994,0,500
1.1707197119789654,0.7622081089836025,0.082362437133386035,0.3687850603873393,0.20364161395916258,0.03888856274146499,0.03709910306885013,0.3084305021639932,0,500
1.4478753415684265,0.7210749583188412,0.03755295392186024,0.6567055475259829,0.21471179697557624,0.03820184207489217,0.03624443583509666,0.31625155695620843,0,500
1.0145925729286416,0.8021030742846923,0.12637995215022435,0.8429176774139463,0.19290386785099378,0.03485559513432448,0.03241744537383244,0.45214940604167153,0,500
1.0502013739403984,0.7851934423140993,0.11927000793305675,0.7377835159933422,0.19422620390234896,0.03711654823530928,0.037907238880135176,0.401220686936986,0,500
0.9650225843857083,0.8219196773291323,0.05444727721115971,0.9999915564954482,0.09974268129432552,0.02228567525082795,0.030355355412309073,0.002002108058795111,0,500
0.9908320925777765,0.7870091864100924,0.14446508317695594,0.774435252836256,0.1858625247755383,0.03751815909362671,0.03782695732926656,0.4168632792866369,0,500
1.083358162939072,0.7721941967951498,0.09201281190800532,0.8789192105655728,0.18761251851447955,0.03592554401382225,0.034118195022884795,0.41298434079998936,0,500
0.9735533089065982,0.8107576761575551,0.13398182400285824,0.9999563573748218,0.1079736935764915,0.025199437738137015,0.03629438778603413,0.007360698864396549,0,500
1.481184629142286,0.7333287544479197,0.1577102000109502,0.13675077516222087,0.251561699742299,0.04371246476427367,0.040674479588187304,0.24978859155419875,0,500
1.1286835381995848,0.7938369451954763,0.07259760295888247,0.9999932674713814,0.10266596370022335,0.023300173235067875,0.029404940312142396,0.0012687031777150466,0,500
1.2268095097351623,0.7626999523458854,0.13085959675080577,0.34318110603433366,0.21524882851992733,0.039824093326752054,0.037206122267272115,0.30589305905146497,0,500
1.1855644835421681,0.7588523940693284,0.09846695808984783,0.406318599494503,0.19789132442308402,0.03810088512239455,0.03373445224291346,0.31110921848470274,0,500
0.8741109948981852,0.8253327761134925,0.185152571092641,0.8347365347482515,0.18816517874326827,0.03570611550145496,0.038883031577719995,0.48726421998817326,0,500
0.9837581328385595,0.8026975094121942,0.09390031729464397,0.9508487418180541,0.17690568356320266,0.03261871041568125,0.03017854050816609,0.45094230091783144,0,500
0.8901663008392108,0.8066931809127448,0.1631547596123744,0.6343942993144066,0.17455259053861819,0.035959573006593804,0.03365623486424359,0.4171649032281935,0,500
1.2896108475783834,0.7678326184972284,0.07272318049763919,0.4958827777264557,0.21468360824725916,0.03658072475342036,0.033578292644671236,0.3267887667382313,0,500
1.0738337327987015,0.783551337321818,0.03775791164965697,0.8637613918421515,0.18128891178528542,0.03355378987064574,0.030699242798365067,0.40785191533324255,0,500
1.2590947199321376,0.7377787427222466,0.11022011143557431,0.5662630313832974,0.20304658661659378,0.03958165306989981,0.03769904580425946,0.3230007351637256,0,500
1.0304647669552733,0.824214317785798,0.0913221005487898,0.9999970224480411,0.10570958469228312,0.02220925853970806,0.03068439701346308,9.086483375847002e-4,0,500
1.2668577655127637,0.7620770717864631,0.09102275985222014,0.9333494350632457,0.23244035370464913,0.040798752714938935,0.04830375199517601,0.4072006716749645,0,500
0.9341279181318239,0.7947858905921911,0.10049549570336987,0.9999200771777503,0.09284044077830254,0.02500359606235538,0.032646755662698305,0.01014846128371283,0,500
1.1027583967655497,0.7479314695107955,0.1456091238908491,0.4328193534702636,0.19872662332212765,0.04254147597296556,0.04298774764974452,0.3202772047389988,0,500
1.2638700841027508,0.7686071405276388,0.12589804708850133,0.2918184013290195,0.217724647493556,0.03805045160181574,0.03274737263594457,0.29945070406642493,0,500
1.0240077828336098,0.8024244284293834,0.10528202186502005,0.8687520444426649,0.19341208257718528,0.03478991235921749,0.03486327473380116,0.44461011842127535,0,500
0.8330286346610768,0.8283230202999358,0.09600261291252064,0.9999953564356137,0.08941368431973275,0.022850961490226685,0.03148997696968715,0.0014876535597413533,0,500
1.0996872050201199,0.7983046987548357,0.07491860243357257,0.9999931915369159,0.10421603026571463,0.02281087169232544,0.030482105962315608,0.0017886576881420999,0,500
0.9738576541536138,0.8048122018649074,0.15470028509411068,0.6883685301153126,0.19204392211597088,0.036839128452714816,0.036021408307761925,0.4199639184339633,0,500
0.9527117516448059,0.821205630529859,0.09525433933645756,0.9998774112191929,0.09592260319994002,0.02218517605859287,0.028978602367683945,0.008961083492642437,0,500
0.96172304585339,0.8017834499711345,0.12730696163949018,0.43629711122120796,0.18601258521795497,0.036121436764293316,0.0343299735051884,0.3658756475371706,0,500
0.919096275494672,0.8176661358910204,0.14485079466503353,0.9999663201078993,0.10299413015496293,0.02505437153258757,0.0351096244742529,0.007901354048801906,0,500
0.9690384635102418,0.7684052138472688,0.03441517226605227,0.933786852650939,0.15994805009219262,0.03444359914886096,0.03307502242567065,0.40580188202588957,0,500
0.8867169387547498,0.8069591785906808,0.08000852665926127,0.9998986601138665,0.09449016647231263,0.024742821492045035,0.03479863204425198,0.010663301382747216,0,500
0.8674379927673871,0.8225107951808319,0.08592675636683408,0.9849191702982725,0.13675898822073476,0.02768334671960434,0.029557502314509227,0.35820221965543664,0,500
1.1058008078525283,0.765228228968077,0.04077622631176392,0.6468587146891595,0.18167372513624339,0.03537853936071087,0.03179703949115501,0.35503344786772095,0,500
0.9014749532920692,0.8102216553172296,0.12108663377557848,0.8277926054659704,0.1747397264179495,0.03363046174709229,0.033970447802885745,0.4540605987576635,0,500
1.0871841031619467,0.7993619206094518,0.1360365123991153,0.9999530160363194,0.11357140078067704,0.025562751265887418,0.03586307938183545,0.0038360406910686335,0,500
0.9969459469100816,0.8043124944267123,0.02963223686532208,0.9999848289730112,0.09043633037478087,0.021612430989999445,0.026583227933886247,0.0025948725868274467,0,500
1.6941846533819545,0.6791272942384925,0.008279461221537119,0.33307647291614356,0.23036730972460956,0.040937164534462014,0.03927518612691315,0.23819272714986592,0,500
0.9857815836709358,0.7638487976332915,0.08545556369644255,0.9543824185328712,0.16447665301007897,0.03602970800344398,0.03773254133825185,0.4000619014175305,0,500
0.8479788654896407,0.851359002942898,0.16168182860603109,0.7687335097098176,0.35724762605976995,0.053326837628678146,0.03205872606910105,1.0812800356639576,0,500
1.2489999242622232,0.7598534170327524,0.08558707930151506,0.77863343749349,0.20583410436102811,0.03703429962458198,0.036605907273358704,0.37058785534980554,0,500
1.2788258494258273,0.7329915954276229,0.05620461478690355,0.40335932510448713,0.19820572476270462,0.0386450490039481,0.03494813403304629,0.28801676708409946,0,500
1.1838518356922454,0.7904801837263757,0.05938310478235336,0.9998975544802731,0.11178490302425317,0.023572136910603843,0.031476191057283,0.006608501199406988,0,500
1.094947210444907,0.7842987901553929,0.11482249908384265,0.9885436691903279,0.1584287915913505,0.03152498912553928,0.03808632796911964,0.2956150895077313,0,500
1.3671505348825588,0.7377459427400356,0.053838868954743706,0.9086263987219161,0.21435623657992323,0.0381255303249511,0.040691306446698196,0.3648807630327979,0,500
1.5369891411939478,0.6817118329685606,0.04314681808790394,0.15713575774393446,0.2243972265458993,0.04387494457275319,0.0437562842324535,0.21909891300566242,0,500
0.7591252140613327,0.8268401821636473,0.18468292774176046,0.9078146994046336,0.16740416156221322,0.035600420294660394,0.039663822266771016,0.5230617824438532,0,500
1.028149363250124,0.771245631194399,0.06949150243480347,0.8265354820919044,0.17367143896470713,0.035218596135416676,0.03167325636413899,0.4022763877754726,0,500
0.9439627926723977,0.7676072302526172,0.10542221746356742,0.7463225900120463,0.1677103553138976,0.03743679711505985,0.0385400889690401,0.3924071084337016,0,500
1.461176907682335,0.699463316460354,0.10097638387835844,0.2877206010739496,0.22665932872239913,0.04428040699835972,0.043929656273027334,0.2514067398665355,0,500
1.014657993980056,0.797902126582507,0.12515197888845989,0.5043126792081387,0.18994971444049039,0.03570315638869515,0.03284221350775292,0.37169611378893297,0,500
1.041527884547235,0.7766699211431692,0.0843226111926879,0.6610486266197896,0.18007775360981237,0.03552782595056032,0.03273887256350207,0.3754709111785591,0,500
0.7641014345710987,0.8160544935068585,0.11191397809988349,0.7513108481690799,0.14986648477244502,0.03274547741095433,0.030948048066847398,0.4539738746338732,0,500
1.5031761769010965,0.7185750992665484,0.027466399375121353,0.4475857731546676,0.21778439821302661,0.03803963542046849,0.03471135778322877,0.2785246841923651,0,500
0.9176607241381113,0.7868102644261453,0.1678658961533903,0.5626434396825379,0.17638530441319888,0.03931115924494824,0.03676707381133255,0.38173285517336275,0,500
1.1496178071836087,0.7486171186485432,0.08349215226477429,0.6070961314816951,0.1873330586675058,0.03791868184898283,0.03547475940176298,0.33842399496933934,0,500
1.1041835618348774,0.775650614605105,0.10799656266178345,0.7843330917653876,0.19195694922394585,0.0365265278350107,0.035798349441340256,0.3931050304226834,0,500
0.9934154077793308,0.8121287730726299,0.07211689658165164,0.8772448730168062,0.191584195226533,0.03397260100245537,0.03429779389961483,0.45141962311626205,0,500
1.0607787234680601,0.8136644181753931,0.08848717355870418,0.9999825894021592,0.11083635937685994,0.023334889235693844,0.03199475356214334,0.006277610650263379,0,500
1.050836326422749,0.8057103503364382,0.0953039137467176,0.6304711602750684,0.19597041980784552,0.03390268222588707,0.031113818597535276,0.3985643788656046,0,500
1.1227263139721186,0.7725856409901941,0.07059375772373677,0.7147570076026856,0.19119029587986594,0.036420900419209534,0.03668474014459485,0.3632327128329701,0,500
0.8434022363873444,0.8262570653760826,0.11854185211113807,0.8622831189148209,0.16715362961439864,0.03197757943588065,0.029937501729525817,0.48226473192868213,0,500
1.281416473399369,0.7706008390143467,0.10308273523173747,0.6041194567444652,0.2182977457732119,0.03701317804805589,0.034133938034097915,0.3524975918286825,0,500
1.1959969256002498,0.7923706615748186,0.08184277804565716,0.7017221888746005,0.21286869080524565,0.0342283068053076,0.030831820663285835,0.395144105764219,0,500
1.0241665356991185,0.7857682495993616,0.14690218733619942,0.466175397909684,0.1949200088759264,0.038777328368779965,0.03848228725492121,0.35532519924796513,0,500
1.1184979130790802,0.7920301955038506,0.09173450480316885,0.674716115275429,0.20324697010653114,0.035411398750196624,0.03369192670266054,0.39144287470584577,0,500
1.3875512306177793,0.7541024637765924,0.08554945765207825,0.323822343361842,0.24119138365839926,0.040750504166078505,0.040895797067670006,0.28962806123677365,0,500
1.2134123038494544,0.7821252892484047,0.06499550358588284,0.3507864520355379,0.21912866114900734,0.03708187007900641,0.03476317067353982,0.3181767681606542,0,500
1.0018948128652923,0.811776173600743,0.11745614742995449,0.825892598017345,0.19465132276413227,0.03382149336295847,0.03263675152982837,0.4546490641556322,0,500
0.851326769327658,0.8371230867961073,0.1144679381950101,0.8531776855700507,0.1790498557860066,0.031940517969275974,0.032052337713330686,0.4972777563352158,0,500
1.098818752109286,0.7784777590641551,0.041639997944726136,0.8470543858450108,0.18460505560270743,0.0345278558861523,0.03181010971236493,0.3971120355013761,0,500
1.01335293252592,0.7808958943615029,0.11047072479777557,0.975267616658445,0.18179350495714305,0.03644211202718425,0.03794679532831532,0.4369151655972674,0,500
1.2317274094337078,0.7658873770056097,0.07485776294307211,0.3691287388231963,0.20749960516004007,0.037191500192917726,0.03300549373518039,0.3079149074636291,0,500
0.972284384115201,0.7889317424427456,0.07424978920095941,0.9998740746203181,0.10196843437451215,0.0261206375870427,0.036923716585256554,0.026260190383304557,0,500
0.9591071604889237,0.8256071621713484,0.09364666797380179,0.9450657773878641,0.1971765040309866,0.0336415455014049,0.03533062011387758,0.501181232195839,0,500
0.815169951339037,0.8467937079951642,0.16623593920055688,0.8135038469479202,0.1709613725934581,0.029099145183541942,0.031434702566509494,0.5093085537674581,0,500
1.179062284038197,0.7558308532979687,0.05872396982450329,0.7497628976629679,0.3005593618714037,0.05198387558665971,0.032589647747337025,0.6413243204113221,0,500
1.0627376014031027,0.8032569553451225,0.09818934163601882,0.7033085133287006,0.2048764695190079,0.03519805582088014,0.032156371984176785,0.4286742790678564,0,500
1.0136390810007165,0.8252697334396509,0.1110397650797324,0.9069170576133718,0.20493045370517032,0.03304130763933781,0.03262783309232733,0.4898323184777865,0,500
0.6629221045844977,0.8428145828922238,0.1325089871377796,0.9999660433411449,0.07588221227866741,0.022708601063836653,0.03196666784236639,0.00487029957535363,0,500
1.1770781987361243,0.7678657665256832,0.09700593258448419,0.45331348402785576,0.20472460565883974,0.0378017138118559,0.03563181598324011,0.3289915816284274,0,500
1.0591325400502425,0.7904586858132752,0.19474899604037824,0.23370103749497625,0.21650285612834136,0.04169696683777619,0.040673198287570406,0.3205679444673075,0,500
0.9977308686318636,0.8068243560120539,0.08560493790052573,0.9999904017165291,0.09832586849340143,0.023180056501988414,0.03085423864682013,0.002249143052055269,0,500
0.9026482048116717,0.8192271109316301,0.16014266462996538,0.9999976067579072,0.10277391505378827,0.0253295966980127,0.035653344056923296,0.002644646129250118,0,500
1.3366076789062835,0.7688400384903912,0.06976792868077865,0.6771049174376704,0.22687190021383052,0.036663682409659275,0.035595946003870386,0.36133983728504754,0,500
1.199846828825714,0.7566991966928182,0.07156134744790353,0.5811528237512802,0.1980300882965914,0.03724766116212335,0.034842854707770536,0.3386258053593705,0,500
1.0385397454148295,0.7770917974169785,0.11708331296336981,0.4057549781644725,0.18289327875572065,0.03726673223035509,0.03526900004665613,0.32701474519409557,0,500
1.0824056435915512,0.7526744474322274,0.04533847585891102,0.4550529675459835,0.17787725629344894,0.037548624453048504,0.03520524089470561,0.31359733205858725,0,500
0.9935376672510339,0.8038620587797268,0.12748163837564438,0.6794270021748335,0.1937618836771753,0.03595780015645561,0.036079939529269814,0.41469976303707445,0,500
0.8652985351547656,0.8269390716304049,0.10036881466603462,0.9995112432347808,0.09378757232935452,0.02281432010352436,0.030612138245495357,0.04965412120770627,0,500
0.8840058552128359,0.8097402356675848,0.12975524415030273,0.8865058164485796,0.1741966111080415,0.034945208109380364,0.03685803432763183,0.4665299507287727,0,500
1.089822827930514,0.781619871071481,0.1313767005898259,0.9521013611837957,0.1984110886657447,0.037109167667158376,0.03870939556085005,0.43665997448806465,0,500
1.0553670877339199,0.7962540435450853,0.14947844655754597,0.8516634676485346,0.19387199010392278,0.0356005027928574,0.03550038072746005,0.4251815059326913,0,500
0.9489042682947535,0.8092828152320186,0.08716835528942946,0.9982848157311907,0.11382082369383084,0.02553760998930307,0.03291998538527546,0.17569583576621947,0,500
1.0670214660915907,0.8110619974548595,0.12478692659904744,0.4400269778742263,0.20949647001510766,0.03492417578101911,0.031633312562516225,0.3768827869638979,0,500
0.9420948306054274,0.7958824725749726,0.10868446615204957,0.7555393187805486,0.176867013373867,0.035518263321812675,0.03502513925426184,0.41910701782238774,0,500
1.0656265165107164,0.8349207051448863,0.09092524482782462,0.9999922900345416,0.10342840776146406,0.020213922663805808,0.025867734074662745,0.0014258110553977028,0,500
0.9117087797994493,0.8142881707371498,0.1406265878489148,0.708525836106082,0.18016783291847652,0.0346862438957731,0.034578515491425925,0.43176988547033684,0,500
1.178891834731753,0.7706238280370663,0.08784971126242443,0.9110507432915311,0.20207116989315962,0.03626728883521424,0.03546550766720473,0.4117553125202442,0,500
0.8583328967704199,0.8354611181571235,0.10863771798941507,0.999998796816935,0.09031625679067844,0.021547313503151626,0.028813140963414675,0.0013532179949931617,0,500
1.074548817782813,0.8013664974335479,0.08746906228430835,0.9999965819544512,0.1186103214168755,0.025912750079512614,0.03773141935860679,0.004070554677598227,0,500
1.1179307538102754,0.7729176752497368,0.11460176435152535,0.38018812657409146,0.20220741968035494,0.038940325768551026,0.037386905739024014,0.32238604157498835,0,500
1.1042745029831817,0.8023118363588255,0.07871055170197436,0.6758984310253574,0.19962243699159044,0.03366129137564892,0.031359051418817306,0.3944231971016321,0,500
1.0309620530955093,0.8039979637428389,0.09884731460112774,0.9999583143011417,0.1107974057988866,0.025215136825117352,0.035745021374528084,0.007385629896544652,0,500
1.0310019692295713,0.7819136375218757,0.10182987525303176,0.5155954421193704,0.17968247652667393,0.03566926936780254,0.031930632474828476,0.35224722966283817,0,500
0.9084682359921308,0.802715002099275,0.05935910501028205,0.9999987914942515,0.08885975608694498,0.023980290868057533,0.03137183674710106,8.023832228140504e-4,0,500
1.1134059730572314,0.7574927423602061,0.12426708640094357,0.6353849226442306,0.1968516897037742,0.03989315526826043,0.04118946382091338,0.359399948921459,0,500
1.5923292888246954,0.6994206373902967,0.06480940935921117,0.2743799875534299,0.2477311960570671,0.04428111382371506,0.046301483906397156,0.24579434631156397,0,500
0.890068478238944,0.8193169582792903,0.1311491347114581,0.9997074719052443,0.10198790831382751,0.025029661345532927,0.03698654674850959,0.013560245044101374,0,500
1.2123852738508005,0.7641387774492039,0.08367501166626742,0.15428714878091215,0.21067022757734621,0.03921643797165521,0.035076383121278726,0.2712650125782767,0,500
1.0605130670869303,0.7933786485231726,0.10611193967650129,0.9052947695002712,0.19192388464145652,0.03479604388126031,0.03346031793647919,0.43705329842701934,0,500
1.0381883605145408,0.7685484772001947,0.06318476119421547,0.6359163449664677,0.17750804119678662,0.03614968275975008,0.03515540692565912,0.36109265029252086,0,500
0.9468446142904365,0.8194304178751477,0.08434797045032547,0.9999552145003643,0.09930777998175414,0.022836224560438097,0.030762365063627055,0.014458492921822684,0,500
1.2361063210618326,0.7461340290663726,0.07029330748896108,0.6350235388847107,0.200183519720613,0.03826519927445097,0.037050806273306335,0.33745433235680955,0,500
0.8456859215391709,0.8394113623234144,0.10865677731340831,0.7957224024972231,0.17366193842879485,0.031120741910206477,0.03032882157520012,0.4795682143845285,0,500
1.1524079523996542,0.7758779338537638,0.07835330151652686,0.8654714834287304,0.20026046521142257,0.03574786179873377,0.03415711130464441,0.4101029786750761,0,500
1.1549620211988938,0.7797695249110781,0.13764378975153024,0.4597171003902828,0.21575736375641655,0.03879170538104202,0.038738738926223364,0.3459510521600908,0,500
1.0495631196436543,0.7827998866942203,0.08944192672790233,0.981570171374106,0.14288040222145865,0.02962934361467256,0.03346891484009266,0.2877016806516504,0,500
0.9931925388565093,0.8034772722694145,0.12547647167286027,0.9325482616912116,0.1858677250367614,0.03452095182510621,0.034007000689407235,0.45729897300620914,0,500
1.113466624084989,0.7797322342449443,0.06947252403538379,0.9406831673075716,0.1965043613368165,0.034900147674101156,0.033450575118989155,0.43896468144270057,0,500
1.3198451364998833,0.7504333997872784,0.07822204273604039,0.3996819338851986,0.2347031316288221,0.04204810879879897,0.04506844144742356,0.30151715006732865,0,500
0.8965046012877906,0.8223654534707469,0.1008283006065148,0.999976145063903,0.0953976937113624,0.023125226784920568,0.0312527413362176,0.007483700240193285,0,500
0.9966274139290571,0.8132529966486968,0.07972099290569415,0.9999981784484865,0.09500980712917959,0.022187345922870843,0.027533793680223306,0.001166373438405786,0,500
0.8769623086842259,0.8144959828166846,0.10463789831851916,0.9999759517563065,0.08956660371420504,0.023596573917989805,0.030634130162975733,0.005550337108773136,0,500
1.3343032583247494,0.7604200251310265,0.12328198250133293,0.3010365628127101,0.2300565410227016,0.03940733321714721,0.03578880792482493,0.2950500647985456,0,500
1.1643690012240822,0.7597006667227741,0.11699432357177904,0.5619713737113072,0.20076583984087243,0.038596156035796,0.03812485877685505,0.3438802223056636,0,500
1.1457317459030203,0.7507118650651873,0.09059410669563416,0.7132050348853423,0.19151959612309594,0.03842281435615918,0.03777736690958371,0.361985505613169,0,500
1.1680276386215749,0.7982862231632923,0.020577827995158605,0.9999261333237062,0.11011624079397893,0.02221675153347988,0.02861589990790658,0.019282069642358478,0,500
0.9078753405872968,0.800759782957417,0.128544136081241,0.7228976093766349,0.17456478070638728,0.035434138412835,0.034337750607523435,0.42625787815846333,0,500
1.1545159834150351,0.769016861374439,0.0639399177878546,0.6934966976477729,0.2781013349863929,0.04801234307967963,0.033859447336092204,0.5704532378195434,0,500
1.390851252359232,0.6939784247380538,0.051138300449679666,0.7225744723727806,0.21687225078045916,0.04403259647013193,0.052531595863785314,0.3146423719274705,0,500
1.2144898601810732,0.7523926706270511,0.1065972200905041,0.6345172662266193,0.20436110112230946,0.03907456000094209,0.039038534478071554,0.34637925895493504,0,500
1.3605785555015166,0.7005711115747191,0.14199729407071915,0.0013884660011998344,0.18749408820357266,0.042967310751996855,0.05058204505660253,0.04682980587787744,0,500
1.0570021664344655,0.8118898574518258,0.16038647012563487,0.9999956912864906,0.1145375621665023,0.02485571867339605,0.03441942668809353,0.0016896095821861167,0,500
1.130451695988357,0.7845683151893216,0.09576440504150406,0.9999887893190128,0.11093349583534955,0.025109891804053104,0.03402954091733751,0.0040118494209286605,0,500
1.1707681013889788,0.7709690129728899,0.08029289435754605,0.7439188472210922,0.1970816201335385,0.03626312775415329,0.033992791838887475,0.375835351378174,0,500
0.926206008712872,0.8245528490431413,0.09590953671051757,0.9997860115499231,0.09386406233491519,0.02199023704080161,0.02831175549425866,0.015808856469065387,0,500
1.005381340651248,0.8022438069809469,0.08000749141355715,0.9543229097767869,0.186420972227098,0.03404016803790451,0.035168475856536416,0.45021253456738997,0,500
1.043466263567521,0.7811384365180956,0.07683169609451317,0.9999959446394572,0.10246583006134845,0.025585769521177734,0.034621720696588,0.004930318433528808,0,500
0.8351824521632043,0.8015139169104025,0.14143004317630575,0.8163372165626345,0.16284264564512807,0.03587887223586321,0.03582168604184778,0.4512033113810165,0,500
1.0126918247003904,0.7653593170044727,0.061927909065128336,0.9660909882004054,0.1100760865484682,0.027668048648382907,0.032483723053930574,0.1832355642650952,0,500
0.9639752507115079,0.7941913302483874,0.055380272323877856,0.999933694916183,0.09537664972177087,0.024388788354020727,0.03297130685570329,0.007476791975422395,0,500
0.9519483699662455,0.8352572442115582,0.11003237382840947,0.999968934571234,0.10024276844851775,0.02120919559059258,0.02830677916357185,0.007826580014127572,0,500
1.2211236025029026,0.7482772180548667,0.1028916319199614,0.3828786413226609,0.1995269228694207,0.03861090479877924,0.03397762648691453,0.30077393448088857,0,500
0.7358630791852665,0.8596429866158996,0.1394097323074929,0.9998654511887813,0.0797855711009414,0.019999605349757976,0.026234803542243616,0.008083274386772655,0,500
0.955595227304942,0.8050354698735811,0.06816388021784033,0.8300511537516412,0.17253890319797693,0.03234962164033191,0.028932479531648698,0.43165004955944025,0,500
0.9152234219124339,0.8119853192807496,0.09536493367754728,0.9999920721850721,0.09589072669936699,0.023969159996360748,0.032706463379944206,0.0031865340786048917,0,500
0.9465103952600904,0.8223240832359768,0.09640518825971016,0.9999994991765345,0.09404571311706954,0.0221194556474541,0.02836126605225101,0.002204769149596596,0,500
1.0241182816914551,0.7929047208717525,0.02709819849265138,0.9999426800914224,0.09262596530408512,0.022622736524956992,0.028360281962248643,0.005037339955563833,0,500
1.1027793076017105,0.7802269386687755,0.12007745193022408,0.4289039398457637,0.19392475430080144,0.03695572793322255,0.03240867125816055,0.33522129802633627,0,500
1.1034760869538514,0.7751704517454162,0.07946562569396452,0.8257007688928327,0.18751089069572927,0.03536052664063971,0.03312388759991971,0.39807352421373066,0,500
1.188967120025971,0.7633572357987676,0.0798815814282479,0.5610296483263163,0.18969635516661626,0.035974907439388,0.03471118422720591,0.32066967290394083,0,500
0.9648893213786519,0.8118246050618793,0.15357295317476108,0.9999875529690363,0.10167609850509668,0.024573229176526146,0.03245292089999638,0.003443344892959029,0,500
1.0506512646472124,0.7914864337212322,0.09650179622614094,0.7502349542582558,0.18870781967410047,0.03493318490289189,0.03252520270162649,0.40605215494589036,0,500
1.061130404127468,0.7970274049853618,0.09809061695810897,0.9999864806196808,0.11031435389791086,0.024660070088582134,0.035794909379671544,0.004239988005953028,0,500
1.1449971063047863,0.7562536855301828,0.05458427729919717,0.9998598943475464,0.11351955090645205,0.02788093756718827,0.04080745123136501,0.01565301092521191,0,500
0.8879206798874275,0.8052406214838277,0.07564823398978969,0.9999980892351199,0.08953419167213793,0.023999496795399044,0.03222319613379511,0.0012530532134637348,0,500
1.0296290056395634,0.7947034550833132,0.09753705894118271,0.971290062590174,0.18455066164940323,0.03416408700955759,0.03391954533544962,0.44628362281510514,0,500
0.9272414829226169,0.8271034531292291,0.14552523908117318,0.8237072932161399,0.18560306414415265,0.032626222862619986,0.03108605910527858,0.4741528380679455,0,500
1.0911770124128273,0.7881316651969705,0.140884083076369,0.4705636122183352,0.21046769795016051,0.03877346422700319,0.03900954248133222,0.3578334866516436,0,500
0.8418917920428962,0.8186299620798752,0.08654985431324147,0.9863388282257602,0.144233770080891,0.02986028015580004,0.03199070937238851,0.40687278195715765,0,500
1.0395442321583104,0.755858826160945,0.08141062383950565,0.9999970157682105,0.09698777004135102,0.027511125869594387,0.036428849003591085,0.0020067348623765613,0,500
1.0699919696377933,0.8050111029776115,0.12920831374230443,0.6145978739589104,0.2040746494536991,0.034483948977076226,0.031635688453184686,0.4049944648986165,0,500
1.1370301780426535,0.7994982945582109,0.10707731735263006,0.7761201769881192,0.20380994728025906,0.03447724467100352,0.03631872019972722,0.3876169980463157,0,500
0.994727866653224,0.7965905329721638,0.09921083721631058,0.7511790162055725,0.18531100734231587,0.03557296031349369,0.03222795747934361,0.423070384057032,0,500
0.9721516916024446,0.8168608345345477,0.07443207683473291,0.9999595662647953,0.09568886436495232,0.022009588315083952,0.028212848956860333,0.006898137373590312,0,500
1.0182929111566403,0.8025328512444263,0.0790965365241114,0.9999980056023049,0.09795699986417537,0.023420295965093648,0.030683851482773482,8.773505606831406e-4,0,500
1.3210559718619452,0.7615879654328906,0.08916711736824497,0.5766447352307568,0.22482234339375817,0.03774715617829944,0.0353534364691325,0.3441066673154035,0,500
0.9535757275560477,0.7901090734511599,0.09799349205722777,0.5952622335013351,0.17548012962643594,0.03628485714987923,0.0342993391330736,0.37917514218341325,0,500
0.9976507641956502,0.804416476412106,0.11787428358864574,0.6798001358082174,0.19161599353987305,0.03488754511366933,0.0323345534029848,0.42027322989406085,0,500
1.0038272994107613,0.8230548511977093,0.0880318508155922,0.9999993121412188,0.097664452844599,0.021467131139562088,0.027460115669952444,7.600845779127051e-4,0,500
0.9216258609860042,0.8222019670120525,0.06719456832081443,0.9353766532065538,0.17595462244875593,0.031111716715517154,0.02832517002272238,0.47742134210988957,0,500
0.9168450145357353,0.8216243991636519,0.10413496163318837,0.9999956496890857,0.09341407731020443,0.022340231470651208,0.029158879713131438,0.0026786037448395215,0,500
0.985382357222796,0.8143085034040393,0.09565236890684045,0.9999664458712214,0.10831028329100098,0.024305191212820355,0.03465160523043876,0.008676789127260569,0,500
1.0162737316163077,0.772228917383052,0.12632230615901968,0.686018074459227,0.1885914514713768,0.03917172838421196,0.043207280610700935,0.38185253181133766,0,500
0.9955491785448632,0.7951499890328868,0.12659124780124759,0.6646381186231228,0.1889389453003402,0.036457174014753194,0.036021058703452076,0.40155911072103057,0,500
1.1955418697929265,0.7867456715963802,0.06488492725277943,0.9992978691756284,0.11419740046098707,0.02366500596485706,0.031189553541410262,0.04338758866165727,0,500
1.1874789389944207,0.7518075136033074,0.06322367135651949,0.8819269233153332,0.19942596738040905,0.038518025757879965,0.041925201292317506,0.38351225224886176,0,500
0.7573621565333692,0.8395534952330576,0.16154068101850633,0.6719600893292887,0.16151119147345125,0.032480690944496494,0.031060474875592933,0.47263975978415357,0,500
1.1316121393852512,0.7630837861958928,0.10622308804955062,0.9277709693225976,0.19174622646818085,0.03734336994016163,0.03854217888001447,0.40560721771147235,0,500
1.015658916599626,0.7944729754653853,0.14003493126685623,0.4471589662492137,0.18858213149867156,0.03627989488221462,0.03370559941515908,0.3561937396243504,0,500
0.880044911899264,0.8247265748093389,0.05806545699130984,0.9226502320417277,0.12914207907318692,0.025971543767072874,0.025490395493226514,0.32745027263591214,0,500
0.9030140409856796,0.8081673784651828,0.1226499837132771,0.507188165782038,0.17868063449316718,0.036052963326062976,0.03480776590334984,0.3869867538225072,0,500
1.2845441872726648,0.7640133954166317,0.10236871488502408,0.6251681399891734,0.2167462017358726,0.03737207746054426,0.034889341278668655,0.35214388656808165,0,500
0.9017378552638986,0.8137563148790297,0.11217893684375041,0.7592942665504556,0.17288659558177996,0.03331046108844721,0.032092304894954356,0.43272535729383355,0,500
1.085586940260288,0.7883485939601498,0.02493328406098543,0.959174871023898,0.1852574885659806,0.03307774520277633,0.03180542436398489,0.4204519995932771,0,500
1.1837067508567714,0.758544984566474,0.10391275135341171,0.4851211113743113,0.20182266853239333,0.038340670219558934,0.03565872798120651,0.3296169182325067,0,500
1.1621158628117527,0.7574207113815037,0.08935532791531825,0.5195041594477842,0.1944465578879559,0.0378048661269097,0.03515410455959238,0.331161668418249,0,500
0.9698686664196664,0.7990068970218729,0.0751788968494233,0.8750917081207024,0.1770143712330493,0.03378806866783408,0.03254447295884666,0.43802565652835135,0,500
1.002279257678967,0.8102817766135612,0.058874823598537684,0.9216879082553029,0.18210344033605239,0.031612068212475336,0.028877164277599125,0.4499457610743342,0,500
0.9117157570481684,0.8310271246978567,0.09984059363049592,0.9338213892168761,0.17874578721442672,0.031060970804255936,0.029674753904118847,0.4920431014704961,0,500
0.8132619457530669,0.8318271977419094,0.09322532244654617,0.9999646558220855,0.08180130132807768,0.021493159672522053,0.02718411243763791,0.0044745646886533205,0,500
1.0228966379578543,0.7864598191777094,0.09034881973413125,0.924529323168958,0.16983976788843272,0.03317652734155217,0.032408923445866065,0.39721617700201745,0,500
1.0589050298446196,0.7760189001097189,0.0896787588262057,0.6822195754825108,0.18256896566184558,0.03548434128920278,0.032418448354500716,0.3779008540134298,0,500
0.7663094103742163,0.8589914896870442,0.1654001303530952,0.9999747055306608,0.08947556198895151,0.02079796451581569,0.028790154805743623,0.017149368568232435,0,500
1.0487588677528097,0.7748597821581764,0.0801481343739069,0.989480632216733,0.17206002777135843,0.035072377292375265,0.04081239233802554,0.37709196145392676,0,500
1.154507376897329,0.7412862597443026,0.08641916514969114,0.6333151173131296,0.19718820485424055,0.04179154700961535,0.04278844901617122,0.3408522783399424,0,500
1.1487346328157895,0.7993981289815054,0.14207408366177895,0.7912045642731668,0.21607755461328368,0.03548009677200979,0.03453167288847985,0.4253522217310429,0,500
1.0387337006673771,0.817624316742472,0.10956382865504694,0.9999954597305086,0.10493568077290594,0.022739767499265467,0.03083541785027229,0.0011413087592925888,0,500
1.0736147963838913,0.7686632820582037,0.1386298896590351,0.50465142372707,0.19316132335618483,0.03923402088853498,0.03786800908652499,0.3460531596062527,0,500
0.9303547883339344,0.8084050301638382,0.09456094305013468,0.9125009348597626,0.17488205578311436,0.03356442972020561,0.03421900990743477,0.44923931975280784,0,500
1.1267065389287736,0.7803130398572378,0.1205104453156699,0.8068005979238537,0.19961620655724419,0.03629778935018049,0.03444066242547929,0.4069770281228303,0,500
1.2272446091735363,0.7401511836915732,0.05284286594395587,0.5285242138374107,0.19484683782033357,0.038356926152232955,0.0363549661120307,0.3138741624915297,0,500
0.793557621095768,0.8618337951532551,0.14073688199871273,0.9998786346764286,0.09647915545025182,0.020757741869561218,0.0299738071039654,0.030468084559046597,0,500
1.061087617183378,0.7935622578292679,0.09673304262546338,0.5618599356993891,0.19320672758359544,0.035196589042784124,0.03216624344940014,0.3739274561079467,0,500
0.9007932878272372,0.8157615807853145,0.16295492920105323,0.6777960819532579,0.18556896423135963,0.035876308152226366,0.03682717573808685,0.4377982438103125,0,500
0.9477648483548872,0.7798084500093705,0.09137209493109343,0.9999279223789658,0.09254983599848876,0.026203990615239526,0.03438661766137616,0.011141258221301242,0,500
0.9558751058704431,0.7994740485507802,0.11835682956902688,0.9993784519358125,0.0951353063914991,0.024417124318975157,0.031778134277552855,0.02558671157475252,0,500
0.8004125875135936,0.8528474367199048,0.09412305185314851,0.9997541888978234,0.09375980688628452,0.02124831362812453,0.029790822096467738,0.016519272144285037,0,500
1.049326456309284,0.8005565224845739,0.07373496142898399,0.9999794350063347,0.09806266852503848,0.022725402530502335,0.028602771499994423,0.003650546876094015,0,500
1.184564991109537,0.7573002791275176,0.1383690345837224,0.595827321473435,0.20895900317711003,0.03989928573461554,0.038831085232603965,0.35320404636285846,0,500
0.8341636690277144,0.8296869275468912,0.14409177495295106,0.7744248684731291,0.1735024519229738,0.03320361851016649,0.03264379747205229,0.4787456052745658,0,500
1.137220142411542,0.764525742963698,0.11651998527320906,0.8716387385037122,0.200924364647284,0.038656041390739145,0.0400862670537676,0.40787944464143355,0,500
1.5670183066694197,0.7438192050931325,0.05553311530548469,0.427689092307159,0.23869922848976904,0.03691959173177161,0.031063090521007586,0.2926796422976736,0,500
1.0803125925250003,0.7925599592455262,0.1521049840237371,0.9999592759133337,0.12001695246083965,0.027612901820134757,0.04028638928685692,0.00537185311098777,0,500
1.1306471392630486,0.7698439754161038,0.1244794561056678,0.3899919461245995,0.20738894406570527,0.04024393938997048,0.04062999371442846,0.32179236488880203,0,500
0.9264133545516485,0.8183809868714055,0.14086562107124112,0.9999798664860362,0.10429528146542483,0.02466524884256838,0.03614652228831155,0.0037020458775707797,0,500
1.0356943689253242,0.7939636980395118,0.1079440299425966,0.9407629050039121,0.193580019195008,0.03556004388703502,0.03561782386357369,0.45671985691086475,0,500
1.121757661485646,0.7957222459956669,0.06891544447221927,0.9488194163986702,0.19818306959454016,0.03382743263269856,0.03364444220714946,0.42718399754060615,0,500
1.1213038931299375,0.7825351360228463,0.12496638337810691,0.4758660482020884,0.20195744132110083,0.03759422477389323,0.03420575318370218,0.34597447605789555,0,500
1.069873606189599,0.7721639944191115,0.12202753874988163,0.7689220618458644,0.1934393521303326,0.038864356326329605,0.038831517226300884,0.39468559268561776,0,500
1.1611025551869163,0.7720022774565879,0.12006814663370272,0.49717977872294494,0.20921082218355136,0.03863458677886137,0.037248233737068814,0.34367863874424204,0,500
0.9749485808477315,0.8120894033408116,0.13088296077086303,0.9994986060200366,0.11822795844590582,0.02625840903881293,0.038706218698918826,0.09739468711343588,0,500
0.9734091373043083,0.8268165437136246,0.07552763237710251,0.9999920048055583,0.10628714984725861,0.022515816130389856,0.03153302308661453,0.005412409102924534,0,500
1.0411267543265486,0.7706575893484903,0.11276635361226318,0.5135505997714029,0.18492770026243985,0.03822188962041046,0.036391380875419106,0.34686737714233645,0,500
1.2365440630296392,0.7502840538816115,0.06738230689020216,0.7101305117154171,0.2030251434543009,0.038141801852899684,0.03798391096418956,0.3530968119163954,0,500
1.2440411474012565,0.7844990998518503,0.05177325399755541,0.8008719147028053,0.2020167687049604,0.032838783002050995,0.03051387022039352,0.3733661134755704,0,500
0.8440876870474994,0.8557332086698959,0.13081340955471807,0.9999632524338389,0.097856168774853175,0.020901501943151272,0.02912691293706895,0.007326088447722408,0,500
1.3896793742031723,0.7509558059182345,0.11199559752569788,0.4049440829973369,0.23847748494713072,0.04072856319455585,0.04031928064623019,0.3033170063772791,0,500
1.4171891889155797,0.6955216129430791,0.045057699993156355,0.30549436957764514,0.20743826361520237,0.041768062832374865,0.041050518755087674,0.24807901697644097,0,500
1.217619742041879,0.7655995303152879,0.09118168884634684,0.45265642133326767,0.20855705224564855,0.037611135507105216,0.034588635657670015,0.32521432392006105,0,500
0.9430772735927668,0.8063489230110269,0.19236330745343022,0.894144038896849,0.19029178474188518,0.037146899520550725,0.0385939625988385,0.4717228491039011,0,500
0.8314546955179253,0.8192887313883896,0.0741775819245159,0.8465847302118523,0.1623441995034872,0.031710054774957724,0.0285992748606193,0.47275916203380625,0,500
1.1729166405403955,0.7494613222647991,0.039549366344074514,0.4937993574747259,0.1862522039656783,0.03688228704960376,0.03359434984446504,0.31371973927472746,0,500
1.027631037783493,0.7950678711645914,0.09331364131692778,0.99998163845061006,0.09951070820349393,0.024390258012929815,0.031270280913228955,0.004162521058873077,0,500
0.8706054323068574,0.8266282102441672,0.0955015108199892,0.7579260033758739,0.17089612948895447,0.03155151753254171,0.028347364254943528,0.45668571578906975,0,500
1.0779042972914745,0.800426398756548,0.15014037651175655,0.2635654428335432,0.21578190826036012,0.038292925567526656,0.036461914473170556,0.33212935874473193,0,500
0.8932462732267274,0.8114175214951606,0.08037541359222233,0.9997949225996908,0.0934895959100756,0.024012279171469125,0.03216870563412344,0.02783155572785188,0,500
0.9066952467588781,0.8121544195119833,0.09361301029203661,0.9796035428316562,0.16198908797053488,0.03164980744303132,0.03312938457151168,0.430430545839971,0,500
1.0208776535901485,0.774157643613034,0.07317557825431942,0.807094623816171,0.17458126352986295,0.035512602144275734,0.03382924836174614,0.3971171715634123,0,500
1.2621913546250954,0.7300115874246647,0.06677089206564614,0.1081502251148806,0.2000709310471077,0.04070252348685796,0.03702131334085911,0.23916904532304759,0,500
1.080137437414736,0.7860585134317806,0.104190592396116,0.9999952804805867,0.10552538817236475,0.025513387168408026,0.03378992946599708,0.001774776172955914,0,500
1.320105444616068,0.7564897606891141,0.10291015721910168,0.4450877659155807,0.22266410913646303,0.038561386097606364,0.03742450689101487,0.31356892078274556,0,500
1.0244744654787274,0.7974374957287368,0.10433969954124186,0.8810007200557998,0.1912448566970205,0.035798422019283814,0.03340552936174982,0.4413169031966273,0,500
1.2193482075142812,0.7489842587316552,0.1193628011037733,0.4115627197718404,0.20201822259123017,0.0391990726272659,0.0351213212562835,0.3073697910905671,0,500
0.9045099272809305,0.8328154273978287,0.08212768525128948,0.9999979531892832,0.09301374679883112,0.021310115788878245,0.02797590272936986,0.0013852685486146295,0,500
1.0855203339011634,0.7949265510602421,0.18042040562433376,0.24300633050578868,0.2190582402034945,0.04001447995499799,0.03892699107553164,0.3241585175019718,0,500
1.3276957705986534,0.7633032159511346,0.02628709804361417,0.9999949539124164,0.12554772572829312,0.025308372608433275,0.03620414054601012,0.0031763897886131222,0,500
0.9939755616087369,0.7936416595349148,0.10275342326349228,0.7502282918250317,0.18146742173708125,0.034562116125793525,0.03365443315110806,0.41253826704563434,0,500
1.1578470232807927,0.7701973436390815,0.08843159973398945,0.7257565022584328,0.20349181135252326,0.03707633417551146,0.035632125860840115,0.388373045008493,0,500
1.239036714721004,0.7690925362979308,0.0626018319990015,0.7302327706767898,0.21223937326666167,0.03669726997523574,0.03575371564963459,0.37289963920450353,0,500
1.2119313284787285,0.7710491066863684,0.13087232098139484,0.6470525917711631,0.21306941861777706,0.03863332503115104,0.03908306017682974,0.3595714668710962,0,500
0.9118132848947618,0.7658306363117721,0.08974495769667966,0.622145256724422,0.1569059739761423,0.036553875147245125,0.034422371432484826,0.36561187670224804,0,500
1.20953261600193,0.7827972142406798,0.08283963107481948,0.9301169264950845,0.2154569914939504,0.0361394490724551,0.03768253628650725,0.4232061023721271,0,500
1.1390351355366846,0.7859667009669298,0.11902094001311478,0.47707804936998255,0.20548414634422607,0.03608409008227752,0.03301526056627553,0.3523854518406678,0,500
1.0415821158841565,0.7756865087045784,0.10403897425774683,0.9594914364889224,0.1846962721238063,0.036623830047469705,0.03561715983961859,0.43949084801127175,0,500
0.9268823032747094,0.8375549145481712,0.12021275601812484,0.9999965679060238,0.10077589035473077,0.021925666922042904,0.030252003270975297,0.0014156214914228383,0,500
1.0747152924149144,0.7304419651731635,0.08755561379110917,0.15706738585006885,0.17269423464086364,0.040615762673303996,0.034708483134032665,0.25541914479752503,0,500
1.093321548023768,0.7750069903378023,0.07829456925098645,0.7038150894919599,0.17439275614213143,0.0334252970532298,0.03110419891605999,0.3481425346402171,0,500
1.173239479907895,0.7856501896256602,0.06786166417212447,0.6196570676315103,0.20604552715604238,0.03524522003103773,0.033017840156688294,0.36813877350819,0,500
0.929965201596736,0.8104198436972707,0.15816855759535497,0.5995552866532018,0.18467598261802862,0.03569326893980975,0.03489823030447218,0.41150736402924165,0,500
0.9453403691329793,0.8345960701182403,0.11159512837906543,0.9999874987458309,0.10445022356123126,0.022496948804454513,0.03160654108157196,0.0023463784525740465,0,500
1.6044165307094196,0.7132154309019787,0.045108989077165845,0.4138007653101852,0.23650267988564022,0.039862854526153534,0.03875398307848618,0.26936951317613966,0,500
0.8585194378439998,0.8302153931120527,0.07618537827728834,0.701461720009065,0.11761326003924415,0.024524221713863845,0.0268155301657962,0.2661234988995754,0,500
0.7689367787861954,0.8480580637565531,0.16487144813436855,0.8525372522920313,0.16759672917407453,0.03149684951680304,0.030895858359276242,0.5280219123376669,0,500
1.1446367358245846,0.7648997361171795,0.06193399707649547,0.8573768804565397,0.18636497537041777,0.03638511988125537,0.040343354659470004,0.3555977638160582,0,500
1.1858307660712342,0.7787876341515241,0.07017419061559009,0.8357033731243745,0.19940641512382762,0.034624239806798525,0.031077496667361933,0.3986745435480881,0,500
1.013976345485125,0.7774312148312018,0.035194313253642494,0.9719881742208687,0.16985399597970025,0.033603632393313765,0.03236781722912923,0.41928192153125027,0,500
1.0266555387489797,0.8016315798525887,0.0990329858959122,0.9986007631213192,0.10240826604068547,0.02400959251331417,0.03149411782554026,0.034217535262995306,0,500
1.2251898117322353,0.7577584008494614,0.030591596998561264,0.9407489291979384,0.20210929417079057,0.03661880899075653,0.03731075308910473,0.39736704059729094,0,500
0.9165205068694877,0.8009213041195579,0.088877920101317745,0.8859553860036706,0.17013132642331275,0.0338079916736597,0.03204206443617037,0.44951674884082493,0,500
1.200841985260833,0.725636520348213,0.03825991243951485,0.9183438861352694,0.18278153225721755,0.03809381280576578,0.040734170211626536,0.35534023072657916,0,500
1.0749777095550128,0.7744183924805617,0.10461155727326836,0.30708142140290146,0.19560089656032134,0.03929754293183967,0.03575515779751223,0.31202685967924404,0,500
0.8309042847878252,0.8253774180861495,0.07210707738047245,0.9999519758027566,0.0892398160261335,0.022873243775445317,0.031147757057393633,0.007815591418430547,0,500
0.9512095531768636,0.8028052786967339,0.14072285363278025,0.27838500900470703,0.1830506312124143,0.03619974418152416,0.03309894593284344,0.335461885659047,0,500
0.9965433189110914,0.7925452123628672,0.0911858943462796,0.8060266879747696,0.18115415702172163,0.03471984755447935,0.032656284495383006,0.42143875640613765,0,500
1.2882698602679674,0.7388149233276968,0.05979034507381615,0.6839384194550028,0.20708442919086384,0.038779542107080095,0.0384905221865096,0.339629421297647,0,500
0.7690280759805476,0.8365305156033004,0.14607749182239618,0.8559043161566975,0.16934151653705448,0.03323554060463501,0.03400467483885292,0.5228409683735559,0,500
0.9521835368953744,0.8091734875484342,0.10436902691074669,0.6928209951431726,0.1676348607556904,0.03011907358366366,0.03123795081007134,0.4057191178669133,0,500
0.9603768101665643,0.8123734403380862,0.09192875463947504,0.800706022617107,0.18469118229482978,0.03317635247531175,0.031043873636973866,0.44735176201606164,0,500
0.9451997008427202,0.8080559790104584,0.13275287465533459,0.6668994304301903,0.1796725595010604,0.034471706078754466,0.031781387583442566,0.41488409096792195,0,500
0.9862636747890563,0.8086254063571247,0.08422002104359058,0.9999964240570655,0.0913291217510369,0.022527347959335756,0.028314278724855268,8.847131408993209e-4,0,500
1.224855055941654,0.7527908429291615,0.054362258957898764,0.6593513753836974,0.19642942325699186,0.03596290392113153,0.033636377774754506,0.3474261562434636,0,500
0.9773397225018112,0.8013411625649449,0.15649453952059775,0.8915261529208062,0.18590694149882528,0.03554207899334342,0.0340408012727862,0.457421835518589,0,500
1.1338625119678776,0.7872591251765636,0.12002903916825451,0.6031671448757706,0.20812757400618315,0.03649304366286874,0.03379564762834302,0.3810553962068943,0,500
1.7174729246841096,0.6819580780431772,0.05950210795848718,0.3943440536848898,0.24463279220421533,0.04288896610245132,0.04500743570730932,0.2497067333058659,0,500
1.3154670111421993,0.7244119966168218,0.09645938571849412,0.18345253380891505,0.21224174333875503,0.042274647420039016,0.040345096295115505,0.24895969193668446,0,500
1.252407957205018,0.7677241934580805,0.06665515994528057,0.724420886038101,0.21500905701321132,0.037490564725340715,0.038293448972291484,0.3673756010361357,0,500
1.2184117169445068,0.7609695877389842,0.0756325580323091,0.6837429320802247,0.18353671923750434,0.03417398981195064,0.03416276065440525,0.3165646729271394,0,500
1.0345756686308938,0.8136471607952486,0.12312878453599224,0.8238360206706785,0.20047601230890602,0.03330202145022446,0.030608623396002052,0.4579631667190571,0,500
0.7968377668935761,0.8235912844882416,0.10764387371570207,0.8728120312329721,0.11371141212270733,0.026370085301342203,0.029710634007623353,0.28797248130008785,0,500
1.1746195212848138,0.7920271217235269,0.09854444057366575,0.5283427802895705,0.21047954167894692,0.03523488852484119,0.032395246102146016,0.3601071607498799,0,500
1.1477911546400343,0.7458948655961051,0.11865502215648097,0.597585361069451,0.19440360016453553,0.03997841558126347,0.03987092598368737,0.34046666252716296,0,500
0.777129699667964,0.8345634686911214,0.0887478399344226,0.9999141455277342,0.081018652870598007,0.021390639429156068,0.028301877004339487,0.008967545836740953,0,500
1.1277752322673809,0.7692023551171261,0.1455786464899601,0.7677801490065491,0.20592705538370865,0.0394180289979173,0.04001230618577991,0.3976634319329095,0,500
1.3386316492466586,0.7376498308229634,0.07841271905516145,0.7344337112528417,0.21255171385278296,0.03867478790780319,0.038066296230235976,0.3471189755106406,0,500
0.9095258876790495,0.8105721399347771,0.08843150865373357,0.9999967771524576,0.09263533619942023,0.02378434144927991,0.03160812640567202,0.0018160396482243657,0,500
1.1342235171323813,0.7721607259026275,0.10066209835673806,0.5885339299504647,0.19876711639096087,0.03767162132726753,0.03717677891417011,0.3548424787115611,0,500
1.1297549807331249,0.7983050449754688,0.04448327648981852,0.9998348352434038,0.11228167412472145,0.023349172939253347,0.03157727156858351,0.02945035836335428,0,500
1.0720283586595656,0.7967037601346736,0.09350690804721183,0.6448403764383263,0.20637347975194736,0.03652034496661185,0.034724008134632244,0.40805056961738445,0,500
1.011937080027013,0.799748032060331,0.13880875289436284,0.5483231429059459,0.1892587111645805,0.03568222884828624,0.033291378373052634,0.3808488226214657,0,500
1.178586770470004,0.76610202714033,0.09235876014614335,0.7002267213702354,0.1873685755180271,0.03532067971881623,0.03536138613372999,0.3372145075911903,0,500
0.9590029776636275,0.809789495581423,0.11511393860467438,0.9999636748464109,0.10137591065364696,0.02490829878074857,0.03311269468883066,0.006181119272383578,0,500
1.0081174524109267,0.7922942806071034,0.11433562985951409,0.8026305875324994,0.18504272448269993,0.035156586062575594,0.032084722235510586,0.42730027880790505,0,500
0.8993419766746369,0.8148671231577961,0.19046468031948782,0.8009900446544004,0.18620241610755683,0.036558020663906746,0.03825452958686415,0.4639160661322936,0,500
0.8840015427794855,0.7996317694877797,0.1876092434603256,0.8626927928964505,0.18037740075931633,0.037601039396117884,0.03785708742790693,0.47843769299410766,0,500
0.9186005469893231,0.8251857931954233,0.09387539394718952,0.9021021501517726,0.17866354122443362,0.03127498559254273,0.029433907409548734,0.48158538145073415,0,500
0.8354952305335627,0.8170265062015979,0.11251568360134725,0.9999390233247207,0.09481994954696762,0.02516600487327957,0.03589164370586533,0.014007377263055251,0,500
0.935567568244998,0.8179684211190144,0.09933691659988839,0.9999150826957927,0.10109342031506195,0.023641497410925017,0.03346115377986216,0.01005190204092621,0,500
0.8466041227201667,0.8134398085930292,0.0765914327433519,0.9999788229063098,0.08801026239059473,0.023708692256634054,0.03177982723477216,0.0057362408369018925,0,500
1.1466931422559095,0.7417564593040655,0.05434995258876745,0.7814356401010336,0.18689469057430005,0.038383826375119584,0.03923381699104714,0.3629015537376496,0,500
0.8844524618789978,0.8060893819588373,0.157602604033704,0.9763807227833352,0.20030630450891476,0.039139556086615936,0.036853189189503255,0.5922930347780495,0,500
0.9608849319320372,0.8023339454635898,0.10647550577673386,0.9996873623511537,0.09767150571559259,0.024155438079382783,0.03186057525470995,0.04206608616111995,0,500
1.0897836533609218,0.7784738272426579,0.04771777833206355,0.9999639060730122,0.10084794519472781,0.0237485302901027,0.032116684991641525,0.008523867777753023,0,500
0.8329233235416508,0.8103270167873093,0.1269350178660536,0.7351646919181865,0.1610372566414282,0.03348269182434965,0.0333117481558664,0.43985703809458865,0,500
1.0543169321279067,0.7901483815382857,0.10439327214746554,0.999999317654409,0.10504599693156386,0.025207113036502703,0.03426580585336316,0.0018444431343267607,0,500
0.8696815997439046,0.8222771715848631,0.14961431568104647,0.7090901128187274,0.17389674162523017,0.03341733466730887,0.031343574544602744,0.4485878419882859,0,500
0.9206767792198838,0.8116745011699658,0.10861363179328688,0.9480293210419342,0.17428376238865878,0.03330693916785254,0.034300809261822184,0.4568922771009,0,500
0.9800589120017774,0.7767404721022321,0.09418467657432336,0.7295628359802474,0.17438038647110837,0.0364986117571897,0.03584390075933466,0.3911641882101643,0,500
0.7892346173049786,0.8349085980906732,0.11802666501522255,0.9999880388883884,0.08675276831934764,0.022795574823686722,0.031134058688231228,0.002785515926769836,0,500
1.1912728739026994,0.7548473318687297,0.03868306597237719,0.9999899131520692,0.11046296752456436,0.026568765078225188,0.037583607443748696,0.001962211386708533,0,500
0.73700011005503685,0.8432714962375457,0.08274838696600809,0.9000054598744905,0.15060389883278685,0.029835460223913604,0.02629433251994692,0.5113587153748737,0,500
0.9818313602122928,0.8124885131753072,0.10394057432356871,0.9998735632441769,0.10700263933233665,0.02455684735681008,0.0343795062536193,0.023937975724879042,0,500
1.2406212713628284,0.7679256644045093,4.3267608608830204e-9,0.9999737775527162,0.0757578362560244,0.01814858015884724,NA,0.004003720681329007,0,500
1.1496287117801836,0.7582902676770765,3.979498808010421e-6,0.9999841891113042,0.06856140938211866,0.018964251016535198,NA,0.0017259250537039242,0,500
1.2196032181150602,0.7310945768697004,0.05546024113506123,0.4529596396291936,0.19112651268045694,0.038750146620959096,0.036792262381491546,0.2975689577788211,0,500
1.1146018529368695,0.7717365498904584,0.14358684448002557,0.3683746979507633,0.20622282324555863,0.04004080923471295,0.038657897249589464,0.3245317474312917,0,500
1.2155610030498019,0.7583603414009437,0.08108323867161897,0.6967618736276652,0.23821419791729379,0.04233293980032145,0.03593407325921057,0.4443097721796524,0,500
1.3100449472560638,0.743077791221458,0.10081360204013107,0.4922077171187047,0.21149817749423874,0.03879328066304868,0.03488441417528165,0.31453024432844817,0,500
0.7302389800952473,0.8582945412460062,0.17593525361358436,0.9999847128183567,0.09652964978780512,0.023366612154165366,0.034810953610086,0.006939904513587846,0,500
1.0180766159156263,0.816598249138868,0.08875545723946858,0.9723632335321396,0.1908528586489039,0.03205831589881193,0.030583629841888366,0.47444049327227766,0,500
0.8953266941787588,0.8379543476654445,0.09657647215266549,0.9999995244140889,0.09562766431240795,0.021427289591830108,0.030033998593758666,5.78061121124597e-4,0,500
1.006117293922537,0.7541882223695057,0.09737071814883956,0.36851080928527075,0.17149488494321935,0.0389713674401265,0.03635562339404706,0.30821223545517995,0,500
1.4676039428931371,0.7089135860144348,0.05560391468805519,0.422605699498714,0.22033077231222184,0.04103077204425312,0.04067248504733625,0.27268383430987053,0,500
1.0761961756366292,0.7829865633229373,0.12531093841622962,0.3887648339240181,0.194319570982518,0.03738066705909143,0.03412660325550821,0.3319665694531124,0,500
0.9754337320089366,0.7997709884041108,0.10255987147424976,0.9999986300259263,0.09752444394057065,0.024166663750415582,0.03261496710520727,0.0014638923853363,0,500
1.0110754492377867,0.7783063431232657,0.12597316338408007,0.8345736606780628,0.18366565935308163,0.03739955093575843,0.03822026437062911,0.41530325233303594,0,500
1.1892454092667204,0.7382119938740829,0.1102359855298305,0.43550262632537245,0.19673012273418655,0.04074316776024359,0.03961680332951975,0.303635012053541,0,500
0.9994177161974339,0.8148948685087785,0.11525579292546718,0.8498918935681616,0.18913251883118207,0.03284785349256571,0.03159989938574338,0.4469984123074457,0,500
1.0676954590776035,0.7875951425994255,0.13921882033994776,0.4656754490234001,0.19612647478570716,0.0369926510842881,0.033869118270332295,0.35425845265074474,0,500
1.1016463624988109,0.7521495074855324,0.0625079785426757,0.7099317333404764,0.17786122991698144,0.03675663166342231,0.03484974233878667,0.35551416470321207,0,500
1.2601067463802833,0.7571219321940891,0.06746330083887234,0.7215202186788732,0.20562821692772398,0.03712203794090357,0.03766773278402407,0.3497962445098617,0,500
1.3761614515985316,0.7100725304394375,0.040832382532114984,0.4450222052055539,0.2044463953304003,0.03973390107860593,0.03766369032716633,0.2795237920907241,0,500
1.1560301385024077,0.7780744529402465,0.07002870221826574,0.42999205750742464,0.20095151612236783,0.0356652243199182,0.0331747966858377,0.3304532774501358,0,500
1.2078866527869188,0.7196977178066939,0.08103083124846518,0.5580005250735005,0.19002627705171057,0.04114041536902288,0.04316431270203817,0.30664457470541884,0,500
1.4636795809389613,0.735345075169568,0.08758844138399091,0.6776059532523275,0.2342048729233675,0.03972843915855642,0.03900894746617526,0.33665784732653287,0,500
0.9595441235097538,0.7934847795357668,0.11535383709262292,0.9996591554156532,0.10109419431786171,0.02636414165476491,0.03657529439838313,0.019210172354373337,0,500
0.8071523437255732,0.838896489413789,0.186719555524072,0.9985922363885061,0.1089054487324239,0.025264148383213284,0.03327649232069797,0.19699030650628505,0,500
0.8808362053075042,0.8245256604476195,0.1124118951402531,0.9999934043585476,0.09215070366939984,0.02283544102549036,0.029864739314174344,0.004464507756062309,0,500
