tau,kappa1,kappa2,beta,tau_se,kappa1_se,kappa2_se,beta_se,convergence,length
2.343722666184174,0.12434985377382281,0.6432849158229295,0.21273499845742871,0.09379267333689113,0.002482749554081509,0.0020654782412106395,0.046548281344323435,0,1000
2.25773594994984,0.15057157492785497,0.6248953085167028,0.21223930651819628,0.09075487825104984,0.0023295042824755274,0.001976259200611875,0.04832130709007141,0,1000
2.2016299215986135,0.20067325099042888,0.5881764913644987,0.19058848147150748,0.08677853599479027,0.001936529842391694,0.0016665780341922432,0.04932019574893234,0,1000
2.272643345302407,0.18019606909585237,0.5820939666376638,0.15277114284105894,0.08876264626335817,0.0018915191640956506,0.0015737977256899908,0.05167953239855011,0,1000
2.302175206342825,0.1719113983060876,0.6013705448347838,0.11110869641279218,0.0897981541936092,0.00181645474614281,0.0014724164922936315,0.04746145392800768,0,1000
2.1982405162561616,0.10333218387277053,0.6781444725690816,0.21001496845109296,0.09198892241650992,0.0026910745968449327,0.0022528193291753316,0.04611313344938693,0,1000
2.1994995304469867,0.20359058977188407,0.5738978075644113,0.16668762308739069,0.08505876654410024,0.0018365261226888896,0.0015540766089399188,0.050201193675459714,0,1000
2.403045322748726,0.20250317133340362,0.5547859280560117,0.10947485488005815,0.09006231244163918,0.0016023212577033078,0.0013030877070129006,0.05088780582958683,0,1000
2.1866354757095707,0.16708516688530994,0.6180841113752535,0.1893345572412702,0.0914434798421463,0.0021796589496368003,0.001889488846210149,0.052980747875548025,0,1000
2.3476714850085285,0.19293398209009663,0.5849412816346393,0.09788085572772402,0.0870164479267583,0.00165054393157497,0.001325667066664558,0.044136902928034266,0,1000
2.0372052279407904,0.24867671712713738,0.5505917828547063,0.1393257502325895,0.07892882935399481,0.0015410956418885095,0.0013280905638798806,0.05049958451846077,0,1000
2.069280557280277,0.21222519132985554,0.5706923359577658,0.1686552964647896,0.07900808095130328,0.001781191176325285,0.001509651912002109,0.04847994524405138,0,1000
2.2412374250872933,0.16170810582234454,0.6139177726180045,0.1851219926504751,0.0899281510850305,0.0021573286841636593,0.0018206840142086717,0.04948472712774555,0,1000
2.2585884848750006,0.16208124511040992,0.6147124371012517,0.15132426102237548,0.08648013088440147,0.0019840706737263643,0.0016157918032779952,0.043914036902665723,0,1000
2.031778912917104,0.25500002169710534,0.549091499933168,0.2508599886061188,0.08201828617756292,0.0019618518979505257,0.0017550364634612966,0.05058399095077424,0,1000
2.319705103302382,0.15495680603312198,0.6125307753971295,0.12355452578241964,0.09320736625968566,0.002112308385981066,0.0017462715419370488,0.05259114623465633,1,1000
2.266817099802387,0.1319581905582033,0.6311674762180726,0.19585960230797891,0.08930283944471294,0.0023213904526654867,0.001908326895838966,0.0462741544289556,0,1000
2.210071476861171,0.16366514024484996,0.6191588691220266,0.12799734675479588,0.0908851771022075,0.001985045859371561,0.0016513550014820297,0.050323406896289044,0,1000
2.1522642156726595,0.22330396508133282,0.5641164705282684,0.14347231923973736,0.08196917490150021,0.0016611323196357693,0.0014039651524271628,0.048823003676352096,0,1000
2.0664304271053204,0.2294511724460627,0.5745438793485936,0.18392675552605067,0.0798310670195492,0.0018122293928372073,0.0015707207072123705,0.04694451027088116,0,1000
2.118631986455743,0.22515191292095188,0.5552273032051871,0.1398865133668719,0.08022866580367405,0.0016330245162745228,0.0013748580780066218,0.04978797451179052,0,1000
2.1495946951267357,0.16812212122112125,0.6135687334399614,0.1786712426480523,0.08514600085241236,0.002114269594709621,0.0017775557109048355,0.04750130364998382,0,1000
2.2779704174898727,0.15272763065918674,0.6265141860476144,0.13370180293631032,0.08943508050411604,0.002024440708758913,0.0016388441903649304,0.044635719290546064,0,1000
2.2867866155308882,0.16499500006133005,0.6149036804514448,0.1498420958356798,0.08857770165450479,0.002006914235928279,0.001642762381155075,0.04488164989197961,0,1000
2.278432488685924,0.18377968627473187,0.5992088630160539,0.12049936769959417,0.08782907787330481,0.0018031175925994926,0.001477594496571211,0.04611494772773381,0,1000
2.1807148302219996,0.16616241252103764,0.622462710066789,0.17625263147012696,0.08892818797025931,0.0021083171791753483,0.0017976810180426442,0.04917264142213515,0,1000
2.285602502551446,0.14039498647699242,0.6349405762622122,0.17132861005286384,0.09023809010076819,0.0022028682992176495,0.001802358334072622,0.044733304497993495,0,1000
2.2069384502009792,0.18135278147836625,0.5967824416259395,0.13352917682942897,0.0840519137785344,0.001816393943712456,0.0014888254022723693,0.04559719341809025,0,1000
2.2014257838787046,0.2200552395683038,0.5565914160119475,0.1342785856895857,0.08355614853849645,0.0016200448984088568,0.0013582813164113468,0.05042683069722621,0,1000
2.1759552599440566,0.18242591142335166,0.6070579999528838,0.1843821480076986,0.08715988661922693,0.0020507601117959713,0.0017538687882372752,0.04881448258835171,0,1000
2.2478687070373993,0.13980677968231167,0.6369479759033644,0.1948457693516849,0.08859557069727225,0.0022898910772838925,0.0018987747821011716,0.044822931511052065,0,1000
2.1615256924464012,0.019464299077977986,0.7646469074859307,0.28360372514515464,0.09584227843373967,0.003682107239852554,0.003125472601538033,0.04339138271167138,0,1000
2.229681082617369,0.21236837636230993,0.5648250817647689,0.12585445492191913,0.08355206605974586,0.0016274930401482385,0.0013484503522182766,0.04786789326378793,0,1000
2.0055217027281054,0.22200708772309577,0.5823208612291889,0.17695688609797466,0.08104863156958104,0.001826694106201272,0.0015982235425269315,0.05045443249066993,0,1000
2.173351361131532,0.20997086132277706,0.5675822568285469,0.20142459464838744,0.08331191310993055,0.001900684639685005,0.001627654425941665,0.04940496377350864,0,1000
2.229918545102427,0.1700754468713547,0.6117799499596277,0.15282799983654283,0.08829663829408428,0.0020051336655546193,0.0016708465975880495,0.04778007011193888,0,1000
2.147474581208456,0.10469106417872584,0.6665522278679389,0.27236487774478235,0.0887494563621962,0.0029244297977053042,0.002514026934457983,0.047314833792438275,0,1000
2.2416327196219927,0.12103585735765321,0.6593463742567586,0.2110721354674027,0.09225868850174249,0.0025553044962677634,0.0021526843497408047,0.046855770330944076,0,1000
2.206100875339985,0.12016397149052635,0.6662684397107129,0.20204608610097585,0.09067218345873927,0.0025129220441790453,0.0021061765717317353,0.04534985776045439,0,1000
2.295114467985406,0.16888425621039618,0.6004830582064045,0.2026366625993884,0.09049374922681988,0.0021482466277806755,0.0018214023200149526,0.04994047495473429,0,1000
2.103274496296622,0.21020452140300022,0.5805492514680611,0.17962261497381604,0.08107096113388493,0.0018556213965203686,0.0015850518954112942,0.04751885947842379,0,1000
2.2193036655112732,0.1960788944929811,0.5727438409658169,0.12592174765375283,0.08320280488865914,0.0017150813665398165,0.0014014598363204513,0.047679627996867244,0,1000
2.3053187668081914,0.09104743659801043,0.6795868163363475,0.23695992713329614,0.09619733664188453,0.0028618670213518935,0.002406452941290045,0.046662256828680554,0,1000
2.1265882409622363,0.1646301728424945,0.621025591198293,0.21347603753812744,0.0844990208419474,0.0022565473757232813,0.0019247395670765953,0.046706864059970495,0,1000
2.1853940155400045,0.14193020738619616,0.6276583328455521,0.20252943901525292,0.08608155017962205,0.0023148033924715776,0.0019269773826963658,0.046440689223499684,0,1000
2.286317259191588,0.18943898810808657,0.5848145189556275,0.09485699303443246,0.08753001330877518,0.001670067842604074,0.0013525051948690984,0.04784029551260351,0,1000
2.256744396957583,0.18407777343251205,0.5999265985776093,0.1523039006833755,0.08785753294276182,0.0018777050898617532,0.001570174680082548,0.04742168755623101,0,1000
2.1543376909557805,0.23179084015745507,0.5528644468885594,0.13360565514269349,0.08453094108996767,0.0016000102671433131,0.0013662739126803207,0.053451092554116945,0,1000
2.2886087826176555,0.14113977029304894,0.6321560229399572,0.16870840766313502,0.08876556516333077,0.0021763305591256457,0.0017628495621405504,0.043156311638060316,0,1000
2.2068964856185613,0.20933983014872282,0.5649640611112048,0.1080750433275034,0.08356983593800285,0.0015930267095481197,0.0013116063057456333,0.04932027694663956,0,1000
2.221237566689435,0.17222361091887828,0.6096971320089939,0.1721980007417604,0.08785088012047015,0.002025470703509737,0.0017054948636756242,0.04789682844605629,0,1000
2.190410582377819,0.11934982130842214,0.6592866750782728,0.16891037853258403,0.09130617267098293,0.0024340587872779353,0.002005183253064868,0.04712846797915277,0,1000
2.211891667784663,0.11345947933903726,0.6682466816472095,0.2011334593316376,0.09131748095333639,0.0025414823338167276,0.0021218927843927675,0.04569045761016868,0,1000
2.267127645454662,0.11680539735709618,0.6490264923766148,0.13488343076299855,0.09280895716315642,0.0022731162854780613,0.0018073240963273408,0.0459386098601218,0,1000
2.2672954913948957,0.1859457295512796,0.5860183485092947,0.14897414743828385,0.08465248494768322,0.0018124297031902195,0.0014859799280930407,0.04553019858797516,0,1000
2.1063005934911416,0.19387480652944641,0.5985108755857679,0.1268118212120587,0.08532257054408822,0.0017910950067719946,0.0015197389162286772,0.050988111521910955,0,1000
2.2513323647561414,0.12285435845760977,0.6567828940706399,0.19165962881230522,0.09176889774185666,0.0024443018440195763,0.0020298447078525577,0.04591222470102709,0,1000
2.1935253168460362,0.16250572566702395,0.6215287689209427,0.18188723894115424,0.08950199082735608,0.0021642923426514696,0.0018446736042545015,0.04993871543890932,0,1000
2.179244741798226,0.17761372479827703,0.608170018958469,0.19014998944942751,0.08538012994598657,0.002068894706616788,0.0017524108922535365,0.04673426295877571,0,1000
2.333876564590205,0.17240729028376486,0.5940583846774381,0.14571184040490592,0.08643971609472015,0.0019018961126201872,0.0015168162694843715,0.042262977052130675,1,1000
2.260527801198287,0.22115999159444794,0.5500919314134468,0.08052423923464254,0.08010427940371088,0.0014466720184017194,0.0011583879088058837,0.04453434164552863,0,1000
2.1239305783497993,0.211213401373055,0.5691039703504102,0.20243878062771634,0.08434737256575613,0.0019192633924217436,0.0016673432624868152,0.052806645538958356,0,1000
2.1725381357198086,0.22540959585985243,0.5554839857658859,0.12352903740947627,0.0868162422760728,0.001586471082538928,0.0013568928059712482,0.055687005233321624,0,1000
2.218860156830359,0.16805607039459675,0.6020973207984512,0.1620524551261114,0.08953389538455536,0.0020071066909995057,0.0016933547806387984,0.05249766160445877,0,1000
2.272516139154713,0.13723102427615716,0.6410531980889936,0.21175651834253933,0.09045976256252893,0.002402013464307933,0.0020131132947736677,0.04530009738122009,0,1000
2.1419668703204695,0.20081077099373626,0.5868679716266376,0.1733298923111913,0.0851146483428707,0.0019084260935345718,0.0016353165838393214,0.050164014265964216,0,1000
2.158987991987315,0.16823148697676224,0.6153856207975146,0.15119599743500595,0.08393763047071,0.001990705587023786,0.0016415739273647645,0.04514045010827304,0,1000
2.194146609577666,0.2103147128034142,0.5659235372595398,0.17853696360320653,0.08370156873999793,0.0018281751523431438,0.0015503596831617109,0.049451557121597635,0,1000
2.2458161642252716,0.21653154856676474,0.5682167862264365,0.11262976323951378,0.08764041886975323,0.001607346068043397,0.0013475387757541253,0.05115549662620686,0,1000
2.110257265927425,0.11471345886264968,0.6652988943614639,0.1738262217013229,0.08818511550968741,0.00249784765325477,0.0020599570262595027,0.046840842666744514,0,1000
2.2531357486648096,0.19034792052705307,0.5848859551122384,0.14763171947404524,0.08534501567850579,0.0018268708749223156,0.0015091547750853537,0.046775357381176344,0,1000
2.3193351176238584,0.19880415157144157,0.5839515574083602,0.10750090672529455,0.08781287391192927,0.0016658328837981077,0.0013634010223688643,0.04632914468789405,0,1000
2.087096085589517,0.22693208588719543,0.5565702058823796,0.12348604814105361,0.07894831304399261,0.0015764514193193759,0.0013201591037126524,0.049315336740343635,0,1000
2.2657401752695816,0.25205398697058806,0.5328960098097328,0.07695948633004995,0.08418888637554964,0.0013372906188712768,0.0011106541946114673,0.050448998148800855,0,1000
2.3012006687912976,0.1892287655583661,0.5861192856040737,0.08191759351671286,0.08616609456760757,0.0016278045204837057,0.001297203329861036,0.04491578062099142,0,1000
2.2989703623327618,0.16979121162776678,0.6055541820230902,0.10809655757118848,0.09098954965871864,0.0018465783671973732,0.0015025296498202194,0.048274059025932806,0,1000
2.2892890478016406,0.11176257781232968,0.6683997901177661,0.17103279697554535,0.09461672720262794,0.0024902298514462946,0.0020311553302256573,0.04501240044264269,0,1000
2.228320942946253,0.18939828044209342,0.5892107477523597,0.18457289357340595,0.08810546611347164,0.0019766335613572764,0.0016859425852020537,0.050484298004454246,0,1000
2.231358682670692,0.2100002172407158,0.5716263204468395,0.15290226353814373,0.08441145068798062,0.0017328784813725074,0.0014556201801145337,0.047938810431409816,0,1000
2.3397664002464595,0.09340974398105802,0.6666843854778753,0.18858902811113018,0.09608773918688435,0.0026193488461572073,0.002117942896513141,0.04605886748662104,0,1000
2.1211205396506796,0.19335451956459343,0.6045188874302481,0.1596299776959102,0.08558633607628664,0.0019105930256627093,0.0016377940945605778,0.04905807409945527,0,1000
2.1602006096995203,0.189148302989069,0.6010334808238585,0.19427247359231034,0.08836414231163336,0.0020720448191592564,0.0018013270248686472,0.05169010317874834,0,1000
2.0771919856159053,0.14366033110096296,0.6513111514262301,0.26711478499856767,0.08682087368559871,0.002714464740737803,0.0023864572222510256,0.04746070206170121,0,1000
2.242906141996755,0.16181278040223374,0.6165614693334902,0.14265931632328024,0.0882158746224179,0.0019593816844150694,0.0016173506672439322,0.047135057328578096,0,1000
2.174843420653078,0.21878201181581292,0.5664469773777828,0.12414351387454954,0.081437135139329625,0.0016174987743131925,0.0013456528955055366,0.04700417828558077,0,1000
2.10081344247303,0.1847283093677647,0.6005845701142846,0.2288288740884687,0.08257976722853208,0.002174915878925021,0.0018784425409474916,0.04766598489367491,0,1000
2.1317671394146016,0.21772866687222023,0.5674629294188823,0.19104331682988057,0.08160970410210125,0.0018627869547622545,0.0015955169742819227,0.04842185152133544,0,1000
2.1461875476271053,0.2808456074778076,0.5049839306062974,0.01352518736989824,0.07471915708756224,0.0010673164873304494,8.662227839734485e-4,0.04719253239904489,0,1000
2.170497660842508,0.22698863874682118,0.5558255000910594,0.15755921784399674,0.08188388325821223,0.001677036667501472,0.0014205349065266185,0.048846204556558345,0,1000
2.107965968886742,0.20801243375600756,0.5683146507401726,0.14483903086256653,0.08050524672157372,0.0017178997946242184,0.0014396777906448544,0.04965654768461022,0,1000
2.2956083341810296,0.15321141357681192,0.6153837139479116,0.12935213946582824,0.09139683792350586,0.002006222650721269,0.0016301162713041534,0.04839447969172651,0,1000
2.33631221146031,0.1628705392446885,0.6068803332880273,0.12344216717196546,0.08957441342957667,0.0018993088560719687,0.0015223218144329992,0.045219040392128915,0,1000
2.1423851813634256,0.23463427582459148,0.5550657049609858,0.11643128727904402,0.0798144319279493,0.0015246393555876103,0.0012781863906592013,0.047323845209709337,0,1000
2.246811628195874,0.1531810918591732,0.6212805470291857,0.1431957875447778,0.09121409405832877,0.0020785371490920136,0.001723401084375186,0.049953478620005876,0,1000
2.4790905600720157,0.1569508142672241,0.5867929588572637,2.2695617273445984e-6,0.0897425428498092,8.333456085346144e-4,4.596908103997625e-4,NA,0,1000
2.3118163269058365,0.13507374517221354,0.6358927204974133,0.21943821847455214,0.0943482220032913,0.002431878870181783,0.002066893390709067,0.049406769505563636,0,1000
2.1873006144550993,0.15702186470126767,0.6234831158094626,0.2287935066476677,0.08920213629317683,0.0023835356808752607,0.00205937171735115,0.04977102013166523,0,1000
2.088030477251781,0.19523200341804522,0.5906053139847953,0.24619573529463076,0.08394897938894019,0.0022045025370052815,0.0019360259490572044,0.05013978362476642,0,1000
2.4212247322701934,0.053217636174016536,0.7023273903152207,0.20945079771810796,NA,0,0,0.009428315683515948,0,1000
2.2931268785723997,0.15939347384352687,0.6164747093635382,0.1302085796585381,0.09517866124444496,0.001999897332036038,0.0016741190920231217,0.05254266818603539,0,1000
2.187382272745414,0.2580444547955048,0.5185533686683784,0.15499960761893306,0.07662763257592288,0.0015082716644461462,0.0012658824780354752,0.04549550964136989,0,1000
2.2174614181589156,0.13359805646497183,0.6344082083467913,0.18857387573764323,0.08934764808525651,0.00233448186256806,0.0019368409723064153,0.047868212562597726,0,1000
2.350236238678702,0.2129796382243697,0.5463312317132084,0.09710457532126365,0.08718878067947299,0.001527398885651171,0.0012397587825130308,0.050915426995855426,0,1000
2.137727004510275,0.193159834845659,0.598685511191223,0.23419506754276068,0.08587249474239221,0.0021928313249468855,0.0019198722569638766,0.04918763922606209,0,1000
2.1707164123052447,0.1705034172785569,0.6182913408208093,0.22577282369141483,0.08612048003595116,0.002266237953875936,0.001948764458745514,0.046412732278086156,0,1000
2.071339440107624,0.1931116301754986,0.6030743678726511,0.2576733594880475,0.0856888404672822,0.0023263819965176112,0.002068700147629389,0.050293834421591924,0,1000
2.2753547867198867,0.12038571357454786,0.6550948022661185,0.19890214249373286,0.09192936132041031,0.002461244900664371,0.002034729179171658,0.04506560326210523,0,1000
2.109310761736237,0.17560241442853716,0.6127551094133612,0.1550866453997049,0.08536120487650625,0.0019844701451415974,0.0016785809260923992,0.04940352970677508,0,1000
2.170680124102506,0.21423983174104538,0.5727542861882284,0.1395763238907308,0.08169879980919295,0.0016890384745877154,0.0014120623639200702,0.04662671778472159,0,1000
2.1176941570259173,0.1435708810793565,0.6313502469927674,0.23583602687805785,0.08581876375476387,0.0024735021082556465,0.0021209945510397917,0.04845295501484351,0,1000
2.197151485533631,0.15096389560086435,0.6280700888978351,0.1718661778545415,0.08526065544862842,0.0021421504958001676,0.0017557702127153918,0.043634295104252624,0,1000
2.129378056987369,0.2203974904174773,0.5690505136865724,0.14456317607218094,0.08162084369387489,0.0016782844299927137,0.0014203864256939784,0.04855859988185614,0,1000
2.209836260063236,0.21191565575831514,0.5731392815317071,0.1291159317027123,0.08293758968357737,0.001688598041473783,0.0014010874791165974,0.04630241067286406,0,1000
2.309864758345496,0.16121433523435155,0.609838662087681,0.14796996588800237,0.08896280704163882,0.0019861451839598273,0.0016159438223467644,0.04578936106960958,0,1000
2.4859130782087306,0.13595513735044398,0.6314059169368084,0.11616586120231134,0.10175318527543503,0.002047523059212122,0.0016536572325155467,0.04918773543924937,0,1000
2.439017700153586,0.09827478787289236,0.6512926637140375,0.13052670933887325,0.09992483847545958,0.0023475488346871736,0.001819044021327207,0.046116685745973524,0,1000
2.2685763464972326,0.16335836423293124,0.620469743992874,0.18025053018099735,0.09307979750166727,0.0021501223883829013,0.0018334924746221,0.05073468882248404,0,1000
2.1766467875369244,0.16834497575389332,0.612205798404549,0.15278144461472434,0.08565139970154191,0.0019810996702908008,0.0016453103118750242,0.04722333069395752,0,1000
2.2618748898578387,0.11152147843269238,0.6675501082155423,0.1787713511492417,0.09300199672140144,0.002491670329159518,0.002039728985765563,0.04493166252390104,0,1000
2.1688810656630895,0.1563271163341446,0.6215534967497327,0.17927115530443935,0.08590285449750433,0.002145291029909133,0.0017931057661249288,0.04709540850040594,0,1000
1.9849284601520143,0.1736215198161604,0.6314144125867972,0.23405515217053943,0.08342242447632178,0.0023774646447994752,0.002100909467288294,0.049064741033633355,0,1000
2.138872686797373,0.1261002397867353,0.6601028081822921,0.24655968548068688,0.086558422546258,0.002677852400543933,0.0022791593190495834,0.044219313610791205,0,1000
2.2796514317450445,0.056811078714879476,0.711260848749502,0.25497890277422225,0.09904604389750934,0.0033482089624790744,0.0028281563634580567,0.0478691618030576,0,1000
2.076916738315056,0.18878509593563078,0.5965599208870241,0.17018894196378984,0.08332249023304793,0.0019501548193909045,0.0016662668199046513,0.050719229601448,0,1000
2.1335861862741607,0.2055491631231778,0.581731705757844,0.13915410506233927,0.08163606072898141,0.0017293020018699938,0.001449473261940008,0.04756940936664812,0,1000
2.2085756361849835,0.1718865806697393,0.6123920803575009,0.17454098901736517,0.08743301185185409,0.002046809502312029,0.001725428003486461,0.04763350875686772,0,1000
2.090039832671611,0.12358594153352352,0.6699458404238837,0.2584648202377769,0.08693749439459245,0.00280199764766962,0.002426297431651371,0.045447727304373256,0,1000
2.3149086414018187,0.17320186601282545,0.5990714486728184,0.08903398714522816,0.09010813523078569,0.0017509644707282058,0.0014030585460534806,0.047472711698125974,0,1000
2.3257468455042543,0.08122627530093654,0.682927778282099,0.19439187660473203,0.09860645298558501,0.002793978310725802,0.0022877997869183964,0.04761369253480897,0,1000
2.3059921301795656,0.10535527104281997,0.6718734660216338,0.19615137145456557,0.09589190758545775,0.0025813854201100954,0.0021407111144807157,0.046281041779099474,0,1000
2.2253247859389558,0.16185664523386584,0.6176392143402673,0.17742669016749818,0.08983286171110441,0.002157210045140693,0.001819201223736993,0.04937452711909057,0,1000
2.3635878908069725,0.14694970263154575,0.6278295091800798,0.1547391709929654,0.09304029398077658,0.0020939750488487008,0.0017126522306777628,0.04581572315544616,0,1000
2.187758605084681,0.2113656713811702,0.5639561280273221,0.1104484695910612,0.08058199916089315,0.0015872915633225269,0.001297555106169357,0.0464497575849,0,1000
2.2316620570121493,0.186082470196007,0.5904767714390252,0.15098415930459982,0.08749907729007973,0.0018879246843447714,0.0015771755570177463,0.04947446174373849,0,1000
2.3022026130039395,0.17152621369016824,0.5950239707941077,0.12453524087079383,0.09141429934508415,0.0018699129343685318,0.0015390460362332448,0.05105739272448866,0,1000
2.292368472957681,0.19158260200895214,0.5751766124129779,0.10914759712182429,0.08618472865500522,0.0016917661753424527,0.0013633490628474603,0.047048552329427555,0,1000
1.9768485133239289,0.19335257437457035,0.6052623092375348,0.23904889029437487,0.07773296790163384,0.0022283452212845992,0.0019389862343618463,0.045419169877495585,0,1000
2.2489705012926158,0.2026531526886495,0.5763954206775745,0.0752626490591778,0.08490127682227061,0.0015624115748208336,0.001260708754817939,0.04693509734063529,0,1000
2.1373724658049778,0.24271164913673723,0.5413072081365148,0.09991831089088041,0.0778914501844454,0.0014241687044094682,0.001180927795552003,0.04733079797429014,0,1000
2.1451596568179383,0.14591989030732805,0.6439340778753807,0.21890303458727298,0.08615515111810294,0.002417784087467034,0.0020538609251529233,0.04497621071138517,0,1000
2.138453355653646,0.2188846895512378,0.5793749772116178,0.21946707931632176,0.08468086414772802,0.0019936111424171624,0.0017461097396425647,0.048500167403523024,0,1000
2.3353851795763054,0.10763450150660571,0.6618721626992201,0.1902073246893099,0.10024318167628221,0.002618014384467917,0.0022040541009970033,0.05144181445559743,0,1000
2.1073485927870004,0.11490257578895163,0.6756468106575794,0.2361991699638972,0.08944239766856943,0.0027762371613965844,0.002389784996093824,0.047422055079319174,0,1000
2.2834497426767575,0.19856814390245095,0.5669664269993924,0.09734123727271064,0.08325630218630495,0.0015917357566970802,0.0012701758328488215,0.04541432227816421,0,1000
2.2409514377775035,0.14672632935446717,0.6505152769787563,0.2034492571983046,0.09742608071820939,0.002441682212078393,0.0021432742419723043,0.05218269373612282,0,1000
2.110523379281666,0.20673498636732737,0.5858573852094725,0.17528404483703183,0.08311708162268226,0.0019634729820532464,0.0016744911963368142,0.048500024344007006,0,1000
2.3761660472040442,0.07183046148898418,0.7034868563748942,0.19846867148501332,0.10173638019130947,0.002925644136354837,0.0023877264560149118,0.045148200060275936,0,1000
2.124029580217182,0.20742005235934635,0.5794345501892048,0.15591059324550524,0.07958452488114913,0.0017854600529193293,0.0014940135365448266,0.04523032686590118,0,1000
2.2446526388475814,0.1535989421604483,0.612405581209665,0.13690117407552901,0.08912512361335717,0.0020183455540887314,0.00164505246648076,0.04871060367547593,0,1000
2.1266393497865685,0.2328448344823457,0.5539643645827249,0.11273904374575447,0.08078942212542548,0.0015322165565153174,0.0012849444794305709,0.04964516581264169,0,1000
2.04103373401483,0.21803728171474726,0.5680475770039102,0.16458249976830414,0.07794881297577463,0.0017600298880166287,0.0014937957904990315,0.048191045957039075,0,1000
2.3263727422455274,0.22197272033867502,0.5426809473412874,0.10614827991048725,0.08650337203197449,0.0015190048464955007,0.0012458370020267276,0.05092574272992404,0,1000
2.0519232843033928,0.22434437749432545,0.5642650504260143,0.12311001448093797,0.0759190235692181,0.0015846694407561635,0.0013203407328838872,0.04582000746411046,0,1000
2.381757650314395,0.14374034215823422,0.6288029318283882,0.166845414209743,0.0960338772376042,0.0021981869245477023,0.0018245387443238644,0.04866417038668002,0,1000
2.132517464620802,0.19208652826373102,0.5915844825724008,0.17397413400853973,0.08216472317326548,0.0019168495205420003,0.0016184480336199284,0.047138128250215336,0,1000
2.204687378220075,0.08394386429002149,0.6898211893608556,0.2318306461433348,0.09631745066914256,0.002993037085292696,0.00256673333534147,0.0507064928119683,0,1000
2.2761774949150264,0.18712632777759539,0.5907963274151952,0.08341044808769427,0.08763827031550084,0.001664920845834877,0.0013429535103583097,0.047202859219183685,0,1000
2.242755990854357,0.15884659060307085,0.6166075899437141,0.1787285748448985,0.09429150308666888,0.0021709420635535786,0.00187512240872096,0.05511836503760248,0,1000
2.376987126694272,0.13579124045273797,0.6306579887614633,0.11071685915619107,0.0967893480488442,0.002081910091004807,0.0016597653016729994,0.04798633617144492,0,1000
2.3284876540307335,0.13453388578030517,0.635437999529692,0.15821548635238575,0.09317303280759465,0.002202436239815657,0.001790640906409587,0.04613963513407895,0,1000
2.0856457661016856,0.2003877219700398,0.594302005096664,0.16982566898711265,0.07777141895816461,0.001910603094662721,0.001598527692394693,0.04209823493887497,0,1000
2.2781016200883015,0.15646883261541994,0.6140363610496388,0.1489738733649732,0.0900295996855969,0.002042903271954501,0.001673662957219274,0.04767691232622965,0,1000
2.3375367608040216,0.11736502718615811,0.641359451050988,0.1499630233511979,0.09476073464651512,0.0022962977475277395,0.0018386890657952966,0.04718593646117265,0,1000
2.184427682397525,0.18842469429320732,0.5955326769018552,0.13395154508993595,0.08405837309734279,0.001791148731648474,0.0014840518110216274,0.04665234938349806,0,1000
2.168253828433674,0.15081963580274838,0.6333639713405347,0.22199212162138982,0.08880475911567869,0.0024001347606448253,0.0020669918189628452,0.04909574519257543,0,1000
2.151027799602501,0.16499813848877123,0.6258372132972316,0.19846243374070027,0.08621288827519015,0.0022064059850852844,0.0018819889350439607,0.04692406730548548,0,1000
2.1688455921980494,0.15318721065779622,0.6370319850581199,0.18404951017486296,0.0888294852540637,0.0022521137931975337,0.0019104402871802373,0.047710132345262876,0,1000
2.2695923168502996,0.1728182637424517,0.6100913891609779,0.11971260571622662,0.08694577628222605,0.0018516220741555593,0.0014987178703232949,0.04365179520451264,0,1000
2.1238491244748245,0.2378892748268521,0.5448615792654825,0.17271947117700667,0.0811641836519901,0.0016849509997965092,0.0014449297730644158,0.051100438325336034,0,1000
2.235860359583906,0.23987792178359593,0.5290198364868398,0.095012439592823,0.08169302206499716,0.0014034968991827091,0.00115496986046495,0.05067297516368967,0,1000
2.2967850893524564,0.15746610575164713,0.612940023810376,0.12922866239823164,0.08816657821280129,0.0019455968928016633,0.0015610848392699317,0.04467555559167915,0,1000
2.1538802179640903,0.15138103719521057,0.6346331722587438,0.18848174320104533,0.08711662329375759,0.0022483753506176655,0.0018977098241273185,0.04708531350370385,0,1000
2.345187613253365,0.09706451269448832,0.6770868479899901,0.15790301315857475,0.09984030252456715,0.002562856702099448,0.00208010217862004,0.04722920666547318,0,1000
2.2297358736836697,0.19160271179680446,0.601879539960757,0.12776115717667413,0.09035684843022473,0.001794830351003795,0.0015187642354293786,0.050232609204720585,0,1000
2.203752479976003,0.16184074025134593,0.6156262755693777,0.13940462553198962,0.08691741210776556,0.001991560458660023,0.0016320713479163259,0.04667643601868095,0,1000
2.3727344403774997,0.16070155818332227,0.613861624132757,0.16711088427718895,0.09582689923694435,0.00208882145737895,0.001756023716549382,0.05055612384896962,0,1000
2.1191049762574985,0.25363564042174025,0.5384951998194756,0.14266330258226156,0.0812829441182622,0.001518271858535053,0.0013026561814073363,0.05124752724171478,0,1000
2.2489612943239896,0.18336796412787076,0.5921606921340072,0.16656765339249804,0.0876523022798108,0.001936754607419779,0.0016255062987279075,0.0492368282647361,0,1000
2.201995660850269,0.12380263722330796,0.6534906083954893,0.24943867945487466,0.09150488324522311,0.002691474372141394,0.0023261728981364992,0.0490575529171593,0,1000
2.077958980019839,0.1913451586054069,0.6013057785985836,0.17023648986210924,0.08143660139289738,0.0019447629059701503,0.0016498995952399314,0.04689699022559512,0,1000
2.126691409568338,0.14903459730869234,0.628096669615423,0.21310118597635927,0.08471830457777883,0.0023454249284564853,0.0019821281236834802,0.04684393044829494,0,1000
2.212710433066288,0.12708607176837275,0.6479156849931396,0.20500232184620415,0.08908255617833517,0.00245030750428955,0.002041078566334906,0.04571474613561662,0,1000
2.1262413811303107,0.19444369623962468,0.5905222237891651,0.16173454699453266,0.08267484844881827,0.0018698898128405093,0.0015777687797162013,0.04811906849582861,0,1000
2.1333886257351216,0.1773371814637034,0.6048102501888153,0.1735809516141585,0.08312791783683218,0.002013516983082091,0.0016890092690331731,0.04699621416093447,0,1000
2.199080678499446,0.15921586486557177,0.6211579165483917,0.201936129281947,0.08425352416258677,0.0022002451385678586,0.001829175815580072,0.04302264080483717,0,1000
2.193035940696958,0.16887275132437568,0.6176043086463959,0.20593646823707623,0.08707650443393446,0.0022000982356853616,0.0018768655459458826,0.04710667168803901,0,1000
2.2266245662145954,0.23262039334572976,0.5538787505058956,0.055417588051327606,0.08322158213163366,0.00138336801874944,0.0011305392195107376,0.04822996432872223,0,1000
2.1225815537827897,0.1752437986315592,0.6122408981605219,0.19664294761532983,0.08420035123741756,0.0021019130572817904,0.001796479794645423,0.04774390686699393,0,1000
2.2783365846270534,0.15988638924884124,0.6214338774440733,0.17144379620047484,0.09052102020302387,0.002114878190958703,0.001766624111090599,0.04699223973981875,0,1000
2.219818557039068,0.18737978296411317,0.5851231576442093,0.15603058001505157,0.0881228688547772,0.0018643460890661206,0.0015740423209509634,0.05254722267062284,0,1000
2.2969954202669576,0.14412709050326908,0.6232036066485941,0.12504119719688803,0.08992136383437618,0.0020073674232666296,0.0015984406242193728,0.04512868427021165,0,1000
2.0965063854370434,0.2240595044304949,0.5691242588626625,0.16848965530576965,0.08324020300020313,0.0017461929547564561,0.0015111760905399396,0.051615455144890486,0,1000
2.264713542003984,0.21580716883298395,0.554613149044244,0.09335306204121388,0.08235531431604864,0.0015089989655725157,0.0012209637724009325,0.0464662612061564,0,1000
2.2150629106856745,0.22402153724688917,0.5442504964539526,4.997762229081e-6,0.06959074525673563,7.130969183148731e-4,4.659580248223857e-4,NA,0,1000
2.1219886588608117,0.20560077147812053,0.5869158460782944,0.1404540247401938,0.08161202366972399,0.0017484008372328226,0.0014690644293825883,0.0467822674125044,0,1000
2.1398737777493344,0.2107133824868381,0.5847302933129431,0.21332821518754175,0.08249907926054782,0.0020135026158355465,0.0017398574139538812,0.04570129096640842,0,1000
2.2196637906642787,0.11456899369478384,0.6637034035547016,0.19527371481346295,0.09203823779950003,0.0025330008822295,0.0021123420507757947,0.046817521722711766,0,1000
2.1895734912969433,0.12135775650511554,0.6624612428404947,0.1958130237659804,0.08937663098892266,0.002477167289057286,0.0020590518011263047,0.04483719733873137,0,1000
2.002959156798539,0.21177572197628267,0.5857355034383633,0.2087054360599971,0.0787307820080091,0.0019817974373138197,0.001723047749175379,0.04772651716634665,0,1000
1.9632581619869796,0.21218054265588351,0.5920430249968414,0.288744879628684,0.08280083566993827,0.002446943810777651,0.0022071839676560444,0.04967314664360872,0,1000
2.2561152858426876,0.22327673744770196,0.5564101568627828,0.09590918096415475,0.08451831521445151,0.001508508985113247,0.0012435033976055385,0.048746495313913264,0,1000
2.3033654801445937,0.15386069834573352,0.6176887512137365,0.17037953239751127,0.09149879746169047,0.002153284847673362,0.0017872301489516118,0.04838424805849454,0,1000
2.2993619844027786,0.15916537160841598,0.6207834207391354,0.13842662420000318,0.08990243122790549,0.0020012848418221774,0.001626639125374919,0.04491927148169532,0,1000
2.1550197023818893,0.1318827687123143,0.6529186375111167,0.24559229698929128,0.08929344033779099,0.0026512782542695177,0.00229388176281054,0.04781132454511581,0,1000
2.131282553795501,0.20004985189491178,0.5956437380089398,0.16795781417271963,0.08626836697825398,0.0019011019093507677,0.0016418532112438212,0.05068220594696404,0,1000
2.331725081311566,7.818915693640404e-5,0.753629864792228,0.25454796655026124,0.0883663038379205,0,1.3657602155945178e-4,0.03365693520977788,0,1000
2.353373670810134,0.158362280768952,0.6113244404676793,0.13866334074638634,0.09107633369948237,0.0019866822453937145,0.001605610309042502,0.04552811095372485,0,1000
2.2403628895855836,0.17695154216993594,0.5944129081774786,0.19887973365982595,0.08897040866953712,0.0021058851646407572,0.0017984108787383343,0.05118263522350651,0,1000
2.1139632406400244,0.14452732277994035,0.6412690330931852,0.18792982093854865,0.08615610284942034,0.0023088629330629993,0.001945362095755336,0.04719414952428036,0,1000
2.3129360478725,0.17989913998603504,0.5858364286079891,0.11602996036366385,0.08847463920642007,0.0017760685250886071,0.001441689858685746,0.048540199349784534,0,1000
2.1487517478406266,0.17457556195985582,0.6025638702216375,0.1706826085101414,0.08620082820376551,0.00200131546482885,0.0016917077924063681,0.05050443345304419,0,1000
2.24124371397258,0.20234927007513143,0.5753258533766601,0.08965289973852268,0.08483813822813407,0.0015813109884323473,0.0012872499230157466,0.047855812872905946,0,1000
2.0388941530421207,0.27651470305746584,0.5209623282262964,0.1121912591744116,0.07617716476714717,0.0013507046929742761,0.0011540773706392071,0.050365141261875315,0,1000
2.2793691883816805,0.18401381735146174,0.5881956743135411,0.06750607675511808,0.08615335285383315,0.001646599779966018,0.0013054310176002389,0.046342411119434455,0,1000
2.2077289039309886,0.1145687886383992,0.6675274418174842,0.24000046972148545,0.09335264724778844,0.002758294569351292,0.0023825273399235764,0.04933926673219106,0,1000
2.0835807683336602,0.15836291101947422,0.6203569759511098,0.24232320697045917,0.08466771369325736,0.00241329064026466,0.002093042134456248,0.04956872059580631,0,1000
2.1093536745439403,0.12208843373461467,0.6708360618965229,0.2741375649159424,0.09223605058642739,0.002934612433038013,0.0026156663387279324,0.050716031833530094,0,1000
2.349955771055226,0.13725621451765108,0.625268815351088,0.11905575407536612,0.09736107309767479,0.0021113278687097574,0.0017156231740442088,0.05160284406843887,0,1000
2.2996591049050323,0.04096823822158866,0.719892956794816,0.24979793981631424,0.09795737030999153,0.0033487262463163282,0.0027396629675532987,0.04401495627928521,0,1000
2.198140121037501,0.170917361912482,0.617302065358356,0.1787163925673677,0.09008649662219131,0.002120441748836645,0.0018179593239259011,0.05045877315074553,0,1000
2.2477747574296854,0.09151394183612385,0.6862053939256327,0.19549006867149568,0.09445596588959417,0.002167536317611395,0.0016862387072825186,0.03720384868181337,1,1000
2.031116209374198,0.2282463382229807,0.5662716248550711,0.2106316050576077,0.07996990342171889,0.0019023237025416456,0.0016624451358890511,0.049741002618663384,0,1000
2.212008875861214,0.1504279123337822,0.6368785159484849,0.15911319750044015,0.08673548441045606,0.002125963613668363,0.0017426769998815893,0.043073039001882155,0,1000
2.208278620408261,0.1339021161370433,0.6475884928326278,0.17554427094430655,0.0897324114621307,0.0023530085410814177,0.0019417480134926429,0.04574581444244641,0,1000
2.1267600092816834,0.18342289187843924,0.5956179590573663,0.17030180864049485,0.08533382871274005,0.001944689246919614,0.0016592450528635154,0.05150820929117079,0,1000
2.225866525888947,0.14429217173152484,0.6468389933915399,0.1922671844429665,0.08997967241368279,0.002335356114625701,0.00196452404300166,0.045248905440697665,0,1000
2.1412941852718865,0.07369594210104995,0.703800753434577,0.25417581760337565,0.09148939374770622,0.0031705857156929225,0.0026867174961384384,0.04615849207149718,0,1000
2.199725443326813,0.16463133221856913,0.6190588218567273,0.1881846896561729,0.08661387877409955,0.002138968708415407,0.0017985945110980883,0.046213939199001436,0,1000
2.112420280981127,0.14978370975820351,0.6333537572314283,0.18160900262986737,0.08323120713786766,0.0022108544486740076,0.0018348103544187863,0.04445600449127424,0,1000
2.144130572600637,0.21380296205283045,0.5704372636870978,0.1627841931735462,0.08187033720697647,0.0017645400392585604,0.0014943099635369255,0.048522395500132966,0,1000
2.3345134197916177,0.21587046424912193,0.564867965339361,0.09417779573147542,0.08898873419234168,0.0015363856885750719,0.001268867589983229,0.049592414817620334,0,1000
2.2658530099840757,0.17477228288576607,0.6109372755486319,0.17398302996376352,0.09212201080168465,0.002057562993360732,0.0017606053566039087,0.05085323534140684,0,1000
2.259382691310062,0.1054050532963633,0.6774923399039849,0.21471678718642795,0.0924006164373356,0.0026656763459700448,0.002210599683414271,0.043281282831258254,0,1000
2.1936417145591887,0.15226883492512536,0.6194427168259611,0.15568041989943468,0.09058597087100015,0.0021066227479075565,0.0017733504999588538,0.05261652700953601,0,1000
2.2716233631656624,0.14532328580832737,0.6204075319893876,0.16977875759390298,0.09173259547338025,0.00218956927989191,0.0018251833648651496,0.05026353111453681,1,1000
2.052947566850277,0.12111841323993117,0.6785065272092501,0.2622829926155836,0.08844093470368294,0.002861380777526085,0.002523691903715566,0.04788468050737962,0,1000
2.1369694955058294,0.13967226678928127,0.6521685028674086,0.21810883710391063,0.08674953876571055,0.002438236184529411,0.0020739073674225336,0.04512606537069651,0,1000
2.383309377524292,0.13853918376314664,0.6186765364585654,0.1523383682156886,0.093288392382069,0.0021283398530150717,0.0017142065797277387,0.04734283223290106,0,1000
2.3124672503157337,0.12441981722582314,0.643686083313244,0.18759519260187052,0.09677115382000118,0.0026024913806142274,0.002162048522857515,0.05047636328068342,0,1000
2.228795871388933,0.19301902006575108,0.5780804715422568,0.15606061968129953,0.08358886021272019,0.0018242353532841502,0.0015102277064678216,0.0470929168855033,0,1000
2.1717859364315224,0.1904691926962858,0.5989571163575774,0.17505282773662773,0.08573756848455019,0.001969622274868196,0.001677229527231599,0.04833706219702331,0,1000
2.1921692987707546,0.2122178598320719,0.5784726246857489,0.09229745165265081,0.08152460129422005,0.0015643052665292082,0.0012797424532205556,0.04457525267489953,0,1000
2.1820262753312223,0.1667494116494148,0.6082824764085168,0.1637651523375473,0.09116663789506266,0.0020715188882271026,0.0017765759465420525,0.0549134455473826,0,1000
2.171596482861625,0.13866728734587228,0.6443396670943821,0.13411146614987768,0.08992492070544972,0.002171589906514766,0.001781632574451941,0.04773319526926507,0,1000
2.169307585764498,0.17311835387352376,0.6116374519215906,0.15543931193811625,0.0882472970088156,0.0020108796785854657,0.0017037340621350143,0.05057748428459406,0,1000
2.2167093928557056,0.1936457775387826,0.5800063886957062,0.14267590933013602,0.08606330477763562,0.0017743865996365565,0.001482426127828669,0.050344531534608675,0,1000
2.261981192611825,3.581712222065095e-5,0.7640441511350404,0.26837110760818045,0.08888864630700774,0,1.3693295339151177e-4,0.03370090268360694,0,1000
2.3206732851184677,0.1627721147493554,0.5916694911645484,0.1606087754659348,0.09085815313409608,0.001989665539311518,0.0016437634458061092,0.05147604428955542,0,1000
2.2827912469739116,0.06373035223907939,0.7041807433682679,0.24614931411786892,0.0965115769635005,0.003147656859642592,0.0026145668188956323,0.04515931800653221,0,1000
2.317336051627095,0.17088639427820213,0.5915162055279902,0.0801511314767513,0.08919513131418101,0.001693953185022096,0.0013345982126517731,0.0471126739286075,1,1000
2.1744440522831554,0.10341575299375325,0.6780685863165359,0.27146571624356813,0.09268715894995323,0.0030559897430580173,0.0026621023166723324,0.04903943857663656,0,1000
2.168798530235445,0.2070026084103371,0.5808629208004857,0.13335658185090804,0.08265203384039324,0.0017134210676749224,0.0014301489144785055,0.0468995963371012,0,1000
2.309935964391286,0.10601772758449667,0.6623391137764875,0.22270796368395473,0.09687471609248811,0.0027232411388122164,0.0023089205402640344,0.04984239595107003,0,1000
2.2591176543282208,0.17768815678038588,0.6026106041698408,0.18707609281314697,0.0913114696358963,0.0020662444081932527,0.0017722573977430782,0.05145567586851057,0,1000
2.4171311921060212,0.16986855401227102,0.5976420188674517,0.07925713562107418,0.09074406033886531,0.001730814640537808,0.0013456512769858427,0.043345507320566926,0,1000
2.1129846390871063,0.19097866136103925,0.594615866690434,0.15788561292193692,0.08293539911015468,0.0018802527414829202,0.0015867246651591104,0.04861112292766066,0,1000
2.2356541097698552,0.18395671632848073,0.5978954899474775,0.1083311620854478,0.09019955169248095,0.0017709714918319782,0.0014775280698004138,0.0515046671050529,0,1000
2.201530918513322,0.16867722612226366,0.6001217578546602,0.0937791462795739,0.08708016756453192,0.0018047102111521341,0.0014525878488642703,0.04918804332782407,0,1000
2.0913888054625076,0.19317410637507731,0.6042977402512348,0.22003488551577235,0.08524007494336044,0.002141085098046063,0.0018787603762247234,0.04976942055488668,0,1000
2.4188001890133783,0.1372939433111831,0.6347634363367235,0.17163223038670292,0.09548429433429799,0.0022369479422602563,0.0018260449937078766,0.04512248214457551,0,1000
2.068077175717909,0.21590045758380533,0.5769604257495003,0.20399428474187142,0.08062468046669537,0.0019223189708995278,0.0016639997204033906,0.048109409903621884,0,1000
2.258291365313387,0.1563147519791555,0.6296745963688795,0.2159751470859247,0.08919713602427382,0.002291963692120301,0.0019426397646937095,0.04525213749645016,0,1000
2.185696716344748,0.21152169466599063,0.5739384801210075,0.15001693922240142,0.08361314708137571,0.0017425281731922385,0.0014676788768896308,0.04805355873868895,0,1000
2.123924906483147,0.16795227086383682,0.6236363857438255,0.22449740011398972,0.08624390401159791,0.002294212040416258,0.001987516377772558,0.04787644871717673,0,1000
2.0945461095356475,0.2067687924997175,0.5800470302109244,0.20853863547081045,0.07909791389283999,0.0019647610654461765,0.0016783875322049762,0.04528389443109949,0,1000
2.2205758992692886,0.16220914044281126,0.617674579550282,0.19528664117436464,0.08680885975525232,0.002156852818689012,0.0018124997735189173,0.04605227902891123,0,1000
2.1322269293737355,0.15674988002478799,0.6264258015748304,0.21497518991271394,0.0849667131855856,0.0023268066871232,0.0019773648810954823,0.0465924988010885,0,1000
2.2957132725536726,0.06336135435077514,0.6989206382389422,0.2224190127167645,0.0972971190310559,0.0030373969885337903,0.0024867302635254154,0.045790292123702,0,1000
2.184656488070327,0.22729571170211707,0.5610856880623262,0.14998153136896847,0.08515649168898352,0.001677110762853199,0.0014336440412691547,0.051269651647643154,0,1000
2.1505357078745044,0.1489054268252234,0.6282210090072737,0.19510549358402104,0.08664032250887709,0.002276321410257109,0.0019153142423533292,0.047975657816202735,1,1000
2.280710243448232,0.15564969405538556,0.6216920103381657,0.11838144596891388,0.0901773752442876,0.001958628321176841,0.0015806857836685908,0.0459554815098922,0,1000
2.1662965462829775,0.14856411180610551,0.6367271612810348,0.18643186396387124,0.08629036903326853,0.0022485400788966273,0.0018774723732645918,0.04511669311506213,0,1000
2.2922169883534464,0.06716971692752478,0.7159028974190422,0.23594477467214342,0.10178959240178337,0.003213896113743904,0.002746351527548047,0.04882701796390299,0,1000
2.1972454998347284,0.2579285161403469,0.5300417449320739,0.049776393114589965,0.08081133410920614,0.0012376415616598422,0.001020294937086743,0.04959110844884728,0,1000
2.350878680599712,0.14106213966950862,0.6157199285963378,0.12628512711777828,0.09566893265650604,0.0020839547628472626,0.001687616835189887,0.051260085297749725,0,1000
2.069617908252681,0.20648345701134396,0.5969888789473864,0.1934846714793298,0.08417572266335366,0.0019857260316814584,0.001738427745989943,0.049799510366656585,0,1000
2.290001280149354,0.14723453068336423,0.6188642950880983,0.1420945595986835,0.09380257221710821,0.0021094462343664126,0.0017445463476092184,0.051717897373252206,0,1000
2.179822214301447,0.11457953933355058,0.6600783238679053,0.18562297810877493,0.08867824885396854,0.002478271838873033,0.002027616426041006,0.04489491511195316,0,1000
2.2422437069455765,0.22868705633962028,0.5499674794604752,0.050083545837462946,0.08300455599746215,0.0013614899815383532,0.001103075306046952,0.04862492884187092,0,1000
2.1915055224335047,0.21656944450979085,0.5536324726262226,0.12611764473017614,0.08614386963538904,0.0016163054190499518,0.001363200497811883,0.055237968671630965,0,1000
2.1962691170410715,0.19631039412509005,0.5802817957432483,0.14134645059281017,0.08411797731882986,0.0017659717464304874,0.0014690740944637295,0.048462008153833606,0,1000
2.143082165600398,0.23609548899597269,0.545858680446456,0.11240796026944071,0.07799391041358512,0.0014907195448986843,0.0012349131908257985,0.047184394160192995,0,1000
2.0398503153932235,0.21801508321255542,0.5762975109382064,0.2549949078205101,0.08325001538552844,0.002149408570334935,0.0019139878400978494,0.05112430902240919,0,1000
2.239250758930648,0.130379587183147,0.6594905025523816,0.16359196767975037,0.09213408437912476,0.0023338081184498113,0.0019286427611123658,0.04526537729656837,0,1000
2.0168797991159555,0.08406881716010392,0.7116592075506638,0.31595194679443844,0.09145552902049203,0.0035658050555264307,0.0032172756866115414,0.049284320560671446,0,1000
2.2397737680412333,0.07149987355828163,0.688481899299241,0.2307243205447179,0.094823089236141,0.003016203925750519,0.0025051014556096386,0.0477232826037028,0,1000
2.161605339252912,0.21653183036296691,0.5662609508906423,0.1619070752864917,0.08099246887695213,0.0017581112941131335,0.001480075684237157,0.047220877885384684,0,1000
2.339621727637289,0.16299758673099307,0.5974038768387602,0.1496811131063776,0.09468908144770648,0.0020339194106820013,0.0015795196525717013,0.044626942806886435,1,1000
2.3626160641470086,0.10768781697830924,0.6447856333307801,0.18144982113410846,0.09314775168844394,0.0023836098077800747,0.0019026949187214712,0.044496897199658075,0,1000
2.229672354674626,0.16262647102690095,0.6221329616054166,0.1972292674874702,0.08915804999499796,0.002212358735026082,0.0018769307713557652,0.04747170179769123,0,1000
2.1437118800383064,0.2097052246120897,0.5726310383573926,0.18107659566432321,0.08015275042796871,0.0018378014947332479,0.0015515183728894773,0.045829008466159435,0,1000
2.221450211239378,0.1526182404156121,0.6194773626275413,0.17008092014405135,0.08861260886333272,0.0021449649521800914,0.0017811667057298158,0.04819697067388432,0,1000
2.274861859677317,0.19366114637068568,0.586017131566271,0.1806150981212335,0.08743832299628085,0.0019347082758619663,0.001634543132389214,0.04794369221853782,0,1000
2.162938559642955,0.16156597021023497,0.6091624532901964,0.1656179480380836,0.08444958924151581,0.0020574174745102017,0.0016990000083353285,0.04741492954456166,0,1000
2.1650858120886114,0.157757017638687,0.6324450006760903,0.15822104817339808,0.08716686103071049,0.0020833270082725648,0.0017448661847388697,0.04694192305335454,0,1000
2.1931634622463876,0.1584041262259538,0.6185879700832888,0.1853270347447825,0.08697635246923326,0.0021626199500227004,0.0018158321708543377,0.04781817463963707,0,1000
2.2199289691686235,0.08797633112500053,0.689652923479331,0.24020168204376027,0.09566608886061934,0.0029978249671327242,0.0025650783193189486,0.048769543555608696,0,1000
2.111102126935531,0.18765546103511357,0.6009226533425811,0.15097063131507713,0.08216368431082223,0.0018792178986451415,0.0015738931071672382,0.046816613355887805,0,1000
2.298881112730882,0.15966999567822912,0.6162140579102904,0.11182643682117172,0.09325098953550962,0.0019461211477227185,0.0015933060541965629,0.049640678055616276,0,1000
2.256355528820963,0.18934445564850008,0.5783236282478944,0.18012069374375156,0.08444729739220021,0.0019177571818617398,0.001593981077785881,0.046825872497531604,0,1000
2.2300691232101486,0.16013533059652185,0.6252611952030371,0.21373202783922302,0.08896132431763319,0.002293893673127104,0.0019559771561600612,0.04701248909735605,0,1000
2.1968011557385374,0.09594523434810542,0.6922305512303709,0.23572311191326256,0.09154013725990194,0.0028684052911983064,0.002413591963629033,0.04369013664335902,0,1000
2.1859130209237323,0.19216837479141935,0.583313190227344,0.15041795883040732,0.08182783889269071,0.0018093335124243213,0.0014924554213976353,0.04574662956590704,0,1000
2.1711779137407956,0.1855066765706425,0.5966718314709731,0.22289191057862995,0.08573338045750935,0.002157440224211076,0.001860185973058538,0.04870868916531579,0,1000
2.367222951181991,0.13929416083644927,0.6296090341102625,0.14932693968143057,0.09515905404464219,0.0021587365030066815,0.0017615831517551433,0.04798756816887367,0,1000
2.1684583311282917,0.13562884691471808,0.6471573814149489,0.18488815851936125,0.08672445452898303,0.002331023921313164,0.0019256088413787033,0.044226845652447125,0,1000
2.1184254584621374,0.14468270801402533,0.6363756842162896,0.2248080338852685,0.0846300847711014,0.0024354670585248605,0.0020642698720288307,0.04570678907757918,0,1000
2.304202568842767,0.1611615119458856,0.6192535578825289,0.14326554846415615,0.08936685941669509,0.001992394633395592,0.0016253973670850466,0.04472302475561886,0,1000
2.1419866574174176,0.15479168106099808,0.6322284344759289,0.2359694642588904,0.08595999396319383,0.0024144502073588183,0.0020754857720076555,0.04588687940443393,0,1000
2.254412308769893,0.17741768026390983,0.5873531492897888,0.1662097673675054,0.08784618283260838,0.0019412254179425844,0.001621545895955409,0.050748027919495876,0,1000
2.141531138022803,0.16173603967959188,0.6088305542984481,0.2568132255925646,0.08661827856490198,0.0024427974712030085,0.0021301317983768203,0.05136289630639646,0,1000
2.0682005615409973,0.1521293514001592,0.6370840416002744,0.22788984513960966,0.08255041594608134,0.002421245475589458,0.0020653040476464883,0.04488074158913345,0,1000
2.279443643601393,0.1643117327450765,0.6121819909085189,0.17787437136947418,0.08894723400938936,0.002089352032835857,0.0017361282463899744,0.046344571898497694,0,1000
2.255443005499523,0.22501640870508344,0.5526496634778038,0.07626967712672841,0.08303886991394732,0.0014445829698307966,0.0011750963878196577,0.047699563040189144,0,1000
2.0851204349998205,0.14402689970399393,0.6378214861694111,0.2069510441916886,0.08345001927697382,0.0023429651848680772,0.0019732499698441866,0.04597105267602001,0,1000
2.293011950141345,0.1576032624116263,0.6162818782442286,0.1600791008921021,0.09045422274135512,0.00207700306284978,0.0017103049893102483,0.04708871685525915,0,1000
2.2920373070230515,0.1733459833485219,0.5893887662583424,0.08233614049343706,0.08774897612345339,0.00172538552293645,0.0013611538725511157,0.04715724261447751,0,1000
2.2013367761001454,0.14213210478196558,0.645572086894748,0.23155307102138117,0.09177329222181091,0.0025246961886952347,0.002194995690100839,0.04949423391122429,0,1000
2.1990539284808586,0.1708574019473407,0.6087013435477728,0.14025004704125793,0.08583114650438152,0.0019226166994692861,0.0015818804033493658,0.04658840290165824,0,1000
2.3149186749897743,0.14935185077814314,0.6311409816484241,0.1724037616580042,0.09237273982570106,0.0021894506215187435,0.00181881421331523,0.04645950629029478,0,1000
2.2353563464780026,0.21904060962919714,0.5682884910554372,0.14908016146498299,0.0848743927258179,0.0017024690535720965,0.0014376265972089795,0.04804441250162481,0,1000
2.195695178232174,0.17819457784886444,0.597009475676082,0.19546426361477848,0.0862698880264953,0.002067240417252881,0.0017574194945800823,0.04955767098336114,0,1000
2.3441626202396817,0.08714043422609843,0.682544800409209,0.19499725010889096,0.09787730827690279,0.002745155082061238,0.0022351831581331463,0.04539009654478147,0,1000
2.076867723014364,0.17669114658962473,0.6188822947207171,0.2361908096808706,0.08601533470291603,0.002319542653351287,0.0020434898876326222,0.05005667593800983,0,1000
2.0232068832398515,0.2732236651344975,0.5199613546242406,0.130189810741208,0.07375527358352967,0.0014118545060071745,0.0012025107954526217,0.04804407208186458,0,1000
2.081924947083292,0.22596709093463585,0.5585691790987237,0.16007210604431613,0.07946016845698047,0.00169617914850438,0.0014441500344753975,0.04966625849778692,0,1000
2.199427852016395,0.24168469989612346,0.5547940401314015,0.1454314827732395,0.08379289352646095,0.0015838574354386783,0.001354436159857415,0.04873489887549726,0,1000
2.2164869828714666,0.2193784132478999,0.5539300098698342,0.0810916384984071,0.08294063050992091,0.001467526030612833,0.0011970763694950028,0.04980188381097532,0,1000
2.2568182214640617,0.13994403281142911,0.6289489087422238,0.13164763631791362,0.0895830138529991,0.0021071883810038533,0.0016856058121149458,0.0458096584020961,0,1000
2.133198654252389,0.23469168353690703,0.5476407742349542,0.14575176492432232,0.08397113417835499,0.0016118328930408402,0.0013815172761857863,0.054333849709632454,0,1000
2.22829438972983,0.1775477682256871,0.6025718042234872,0.16027516336582714,0.08669107557424743,0.0019505821166660657,0.0016261011530812252,0.04705041424607643,0,1000
2.1268567343603055,0.17941182258439678,0.6028330975972374,0.19540332031759203,0.08355097354268105,0.002086664673103451,0.0017734302624501821,0.047857931213777065,0,1000
2.0654413557299325,0.2643658072802795,0.5364426421702816,0.15362582326301472,0.07556542252302705,0.0015157964326528535,0.0013008371909957205,0.04584016614038958,0,1000
2.237005987400079,0.1623390519471703,0.6143405706768761,0.21179561578783565,0.08791559472700093,0.002230717099738938,0.0018865693980349083,0.04719670856893632,0,1000
2.2145339801975368,0.20116981276533985,0.5712771024362601,0.14645964442994155,0.087921499148395,0.001764238596455086,0.001494684365631126,0.05393700344859902,0,1000
2.2407498937950794,0.11179154939750584,0.6629468692013989,0.21557742956664672,0.09007658430124162,0.002606178339759872,0.002152886409431799,0.04392666981054802,0,1000
2.2326639377014126,0.2406278639180018,0.5438747196949288,0.11057314143338069,0.08379779088871644,0.0014783297230542608,0.0012381860305595467,0.050159059313741976,0,1000
2.320346509131531,0.1409735749888504,0.6288084460380534,0.11187904983888129,0.09481791455911436,0.0020683164188523653,0.001660803784282258,0.048493478937915425,0,1000
2.226645778189926,0.21528064566474084,0.5569198097171174,0.11582994400305625,0.08319576743974103,0.0015787762402507592,0.0013002902553857969,0.04879545037638582,0,1000
2.240269266242869,0.17795580883896253,0.5895692080478754,0.1087246109189932,0.08522931655871603,0.0017542871994678997,0.001411476679223463,0.046732299205979766,0,1000
2.326692837380888,0.210707987387978,0.5641074423178908,0.07527146174279022,0.08945332233654386,0.0015032352387493817,0.0012291820020816685,0.05116707433845162,0,1000
2.213419331404395,0.2053883509209391,0.5725137477284304,0.1703951772165787,0.0832774169339696,0.0018121497517214222,0.0015213945485863137,0.04708800622258341,0,1000
2.2846352112849724,0.16441309391936212,0.6088758854018467,0.08006968117996079,0.09194558836775057,0.0018101108355648423,0.0014583017200110755,0.049800906125990474,0,1000
2.2263243923456586,0.14182799081519984,0.6396842511315052,0.19111516075946247,0.0884196624852639,0.002434815035347257,0.0020005462774659545,0.043886377013003394,0,1000
2.156678888336104,0.20412301580288036,0.5769394696631234,0.1757157355297564,0.084402170959715,0.0018652685464396511,0.0015906454510926423,0.050340102333279804,0,1000
2.1313217913978164,0.19853189282032063,0.5841934926716956,0.1718222801709608,0.08171906445028064,0.0018770061776025525,0.0015834857971130263,0.04777317195636508,0,1000
2.1585862168958836,0.14787470110130752,0.6281177965883796,0.13537906196787103,0.08706630626082908,0.002073425647439379,0.001695919200448308,0.047773685259829626,0,1000
2.4246995072200876,0.10043327288390856,0.665827746617921,0.1734303822706398,0.10083608959790841,0.0025391297609273413,0.002071018134035785,0.04760407248443112,0,1000
2.118756892491047,0.17785121752587177,0.6010551518578519,0.17352396553075738,0.08202905533603264,0.0019896029666937845,0.001665043123797586,0.04687361084054699,0,1000
2.2737405456932027,0.17146253475056497,0.6023537755239857,0.11825629923083064,0.08696184682865822,0.001837445429630677,0.0014787219163574432,0.04521875641875603,0,1000
2.178572741863719,0.20579829516617873,0.5638852949001179,0.11371425116589894,0.08163060836075366,0.001636535779200446,0.0013389860386484877,0.04858290356788556,0,1000
2.2319908575844605,0.14833001911888694,0.620060563390147,0.20796150918895892,0.08892543853079993,0.002294821702732392,0.0019358132805003191,0.04890564166736631,0,1000
2.2158074346136014,0.15357067715777453,0.6291379047775922,0.1576236030119012,0.08865760191186765,0.002121061548850565,0.0017582445646385806,0.046741233794472876,0,1000
2.3057377705456745,0.2587319990037062,0.5126305601138077,0.03610266678169621,0.08309233367529778,0.0011828640323528425,9.611165347238227e-4,0.05119542193314619,0,1000
2.250779053977367,0.14388026400293788,0.6337168731983055,0.16640107611332608,0.0956528427298695,0.0022558575960211955,0.001925442923659424,0.05350983432858675,0,1000
2.2039048246561705,0.20588716456040357,0.5788353570109963,0.13268156495205327,0.08541615977603505,0.001711359647872224,0.0014359764871061907,0.04926366389065528,0,1000
2.23318176021631,0.16465943150559287,0.6183423693208113,0.240902685825855,0.09205280197568266,0.0023908200491085797,0.002096306009723554,0.051211150998349324,0,1000
2.331082903286844,0.1615856821393828,0.6151680040280416,0.12491416602563224,0.0897521465770449,0.001925059524941214,0.0015467412060380162,0.04414574582072769,0,1000
2.4309602476581276,0.20164037430216303,0.5550138169872779,0.016832142139024606,0.09045163830001395,0.0013744027547834658,0.001058889674614792,0.04847033821564572,0,1000
2.20301530674152,0.2000656635417918,0.5913960175741163,0.1489510608730849,0.08382851766109448,0.0017961478467771184,0.001502665456605205,0.045270001125317816,0,1000
2.2886932371812825,0.2263393777430123,0.5389419658787601,0.1048308630294463,0.08427083008890267,0.0014681687060979856,0.0012057241030455244,0.05035735999538252,0,1000
2.2884160058714214,0.19540752211057,0.5746683912059787,0.10457676583130465,0.08687726670359648,0.001673485676604368,0.0013652083635937841,0.04908631139000202,0,1000
2.3665661468138928,0.16721049258609288,0.5986151086852308,0.10991506074240046,0.0926634233180537,0.0018378188955715134,0.0014824917292182228,0.04879396041432918,0,1000
2.140662481743845,0.15909358418071595,0.633877222643626,0.15403937114862312,0.08695009426738065,0.0021043809061447303,0.0017647904320895933,0.046786222322789096,0,1000
2.1488235936448623,0.21005601057810663,0.582315863790659,0.20119596374984444,0.08272748286761261,0.0019342164274320005,0.0016649570454201265,0.04681239046481304,0,1000
2.1965504472221005,0.19402311992391436,0.580234158459322,0.19293865421997194,0.08491499259527716,0.0019528869144702873,0.0016603202784771633,0.049629784031054135,0,1000
2.2822212449134174,0.08576002158172967,0.6801916425135359,0.20668832367258694,0.09913254891645008,0.0028653666886103856,0.0024184702403398867,0.051550902127533244,0,1000
2.2014976536356214,0.14600703655942976,0.6312247774463126,0.22917894945624936,0.08645758832133772,0.00239367526367663,0.002019745413154622,0.04497630618212562,0,1000
2.280816029139843,0.20128563701714047,0.5725064455931556,0.17249013045160236,0.08696896276444506,0.0018436977429085208,0.001551382301489563,0.04896552824885854,0,1000
2.2981680949067256,0.13790177631868883,0.6452853132349401,0.19265798683793087,0.0930564407639629,0.0023362216856989905,0.0019582457571670334,0.04631066516168721,0,1000
2.2405081986710447,0.25537533141953417,0.5204667573904279,0.08085899708671741,0.08038584626438115,0.0013137766347857567,0.001080494108248006,0.04894460427263258,0,1000
2.254530724981821,0.22564588520137555,0.553717385193674,0.07882767031044129,0.08383438574320565,0.0014428431303732238,0.0011794361677384259,0.048344478193059766,0,1000
2.077063174712589,0.163045864736778,0.6318678679510771,0.2372869850050642,0.08478309664738125,0.0023867631361161974,0.002077840061248907,0.047002816454040273,0,1000
2.203943295564364,0.17645575608776362,0.6141447257980673,0.19043324317897878,0.08636168121307466,0.0020968641203513434,0.0017769422475756855,0.04565761181314184,0,1000
2.252349423829561,0.20220548184416656,0.5752788997484403,0.08807067550117761,0.08455231608293683,0.0015981076512114115,0.0012912647522805543,0.04647873681834881,0,1000
2.0963368241018365,0.26815650609143543,0.5275265446788449,0.2228253204581062,0.08683227742106896,0.0017887268292784322,0.0015970920744167996,0.057104639365631135,0,1000
2.2438846445149734,0.1209434161695049,0.6542719969658786,0.19615569184883125,0.09095385891461712,0.0024562774041936354,0.002035738522890615,0.04584182947016605,0,1000
2.242297857731439,0.13131921211323067,0.6512604264630482,0.14966574166270616,0.09108135535985114,0.0022598339222437186,0.0018381744375550537,0.04472515851295223,0,1000
2.236406756338945,0.11953630966661648,0.63961820916798,0.2201765288087349,0.08763982431554386,0.0024722303696614674,0.002038322683256929,0.045137142300635764,0,1000
2.218086523018499,0.12824546029226633,0.6416744298383107,0.17249174164792067,0.08885511809236477,0.002297613419171265,0.0018749045417594786,0.045826858812363355,0,1000
2.0447690354625716,0.2590133171363402,0.5277827441219286,0.17489442737099717,0.07524010418807836,0.0015970732401939813,0.0013697372453901678,0.04825630688087908,0,1000
2.265660651486984,0.1330527192760221,0.6343442655178632,0.19325372923412495,0.09151509000690741,0.002338489206351777,0.0019508580829907382,0.04854066766612676,0,1000
2.1480923176005144,0.23870989889285021,0.5480214065971158,0.13753903743214124,0.07969550034263725,0.0015701941144311005,0.0013239097993391177,0.04754823344421825,0,1000
2.1368086226595033,0.1748278689516197,0.6131691824840031,0.16608478352985112,0.08339438028245699,0.0020026164303732583,0.001676711643368548,0.04572961753340741,0,1000
2.3218164858967696,0.10034944019717566,0.664632191811509,0.19611376297816632,0.0951067953642146,0.002586663989796072,0.002115910741713734,0.04609541757784058,0,1000
2.1954658659997155,0.1327068159467178,0.6402788708911924,0.19972935538597825,0.09000538758150829,0.002410191906852997,0.002030454525315651,0.04895700439780121,0,1000
2.245767314389459,0.16515191473763413,0.6179591932269634,0.11943391955622834,0.0896097370996097,0.0019306981092614757,0.0015808890710205792,0.04744917099523555,0,1000
2.177035038642241,0.12692106936169303,0.6616085660362746,0.2303225555815398,0.08964340938826261,0.0026310883911174862,0.0022447475832520626,0.045967214987375896,0,1000
2.0103700201434602,0.2124436246351675,0.5945515774824947,0.2275213611396142,0.0816450153664545,0.0020786751246595066,0.0018402476269377289,0.04833367386364582,0,1000
2.2633993600239335,0.1470213339787311,0.6312551125354007,0.13637934804071306,0.09438497948793684,0.002112381872060039,0.0017599913664082222,0.051080937459732974,0,1000
2.0958804627255616,0.28136428843793926,0.5114559000046053,0.14248566580765612,0.07699122080646,0.0014259807949659007,0.0012218712219806555,0.049431719123740975,0,1000
2.0929375674329034,0.21410295382059694,0.5714882011447553,0.22764223405228115,0.0797947763992625,0.0020083755689778737,0.0017347953494369155,0.0467448090224267,0,1000
2.213309462972341,0.21042026137160424,0.5788359626130221,0.15957895057463256,0.08444600338639083,0.0017779017310638212,0.0015000157279882536,0.04678350514118335,0,1000
2.2993042365500522,0.10136007168629353,0.6727921871465449,0.20084880542752362,0.0955506869921538,0.0026562418968356888,0.0021932352741706306,0.04592465777491825,0,1000
2.2579069195304124,0.22088138731244822,0.5459294234437203,0.09416805039845617,0.08164874264131002,0.0014886904285180737,0.0012042283289823545,0.047415862559667815,0,1000
2.267074755829678,0.14552283129426807,0.6174614750623649,0.11362777137814103,0.09067199735489956,0.001996819776466736,0.001592897102797976,0.0481014006958852,0,1000
2.1199171212071963,0.17265741309532354,0.6154625171808495,0.24852949971342594,0.08981665054244667,0.0024054871081044785,0.0021429552031235173,0.053444648381327814,0,1000
2.216594538454981,0.1346547730700968,0.652333616415835,0.20498573554262076,0.0902691138217885,0.002447399888246837,0.0020634671402165426,0.045781901131471535,0,1000
2.1092908631450817,0.23313070981769424,0.5523398155920908,0.1420377733567792,0.0777493929967943,0.0015968008015208141,0.0013413605694048264,0.04673229368389081,0,1000
2.266035598246611,0.08967759423252192,0.6866153114083637,0.19762354755714467,0.09165458300109235,0.0023842110891764776,0.001957833037969574,0.04228358201610914,0,1000
2.2227331823578527,0.1572667535607612,0.6192810801877263,0.1296010051421953,0.08914443425723281,0.0020004191919539985,0.0016394482847887381,0.048279520575000436,0,1000
2.1906257462869303,0.1754159122929781,0.6037830722487696,0.15467807692404553,0.08837409106360172,0.0019825183811554526,0.0016755340369333793,0.051261983918168705,0,1000
2.084702995766425,0.06691482502313167,0.729126860387762,0.296958677179741,0.08999228161825776,0.0034527339387538953,0.0029964288635519957,0.04322286121153076,0,1000
2.297027681259768,0.09500889183732679,0.6787339432198743,0.18248573828710274,0.09960641268609743,0.0027198793213389244,0.002271338546659051,0.05042135748573743,0,1000
2.1721799149031096,0.19618447934047756,0.5779930771580251,0.19929631336668732,0.085736549757915,0.0020232530079189286,0.001727561713505897,0.05140552711273637,0,1000
2.118635955385269,0.13143535094713563,0.6580535454624602,0.20694299742395048,0.08520204169422367,0.0024404896649566714,0.0020428888359051247,0.04330194514331327,0,1000
2.224078269914225,0.25346631993100743,0.5191339979697217,0.09560209790332377,0.08311915032731618,0.0013562649057866707,0.0011310946259071965,0.05396135962846511,0,1000
2.1531987818902194,0.18044639755069078,0.6031214578939547,0.2174365402893946,0.08100146029114813,0.0021379272737412315,0.0018010092622216716,0.04265797128866482,0,1000
2.2207940983363774,0.12369790584003947,0.6532452320388059,0.21205843614451664,0.09363722816460408,0.0025424206706559384,0.0021797123983054124,0.05076357270592242,0,1000
2.3019832750069016,0.16641448120109392,0.6024891568619148,0.15476070810115033,0.09131026210511313,0.001998828869830416,0.001660221078311257,0.05017241038226488,0,1000
2.1325232555437506,0.1925281673557834,0.5898457677522027,0.21410234194172464,0.08786067721072559,0.0020889836061432033,0.0018357893605216499,0.054282883954494474,0,1000
2.130944289132918,0.2024735432770426,0.576268014963118,0.17695871959994414,0.08084027122416923,0.0018621787484146212,0.001571438535875003,0.047809779449942226,0,1000
2.183844895439119,0.23633501892402792,0.5511594154397645,0.16320048775208537,0.08377932644148771,0.0016648385489320529,0.001426177328711224,0.050497069158362155,0,1000
2.195385719594709,0.1257699416569749,0.6624668151809122,0.2232013953803673,0.09066968287160233,0.002580838767618589,0.0021993048463547775,0.04625022214868972,0,1000
2.134827619789056,0.23418789221533928,0.5569833541874343,0.14606266813537078,0.07884886629912709,0.001615937955370671,0.001365855620304283,0.04606658090059187,0,1000
2.3262647010595976,0.19853636224464924,0.5775359216047057,0.1313606783250531,0.09018760302192136,0.0017499960449140124,0.0014560971015701435,0.04987674071697927,0,1000
2.2164216584857828,0.13919951501504604,0.6417205526924643,0.23021174735821015,0.0899634095326754,0.002456021649624297,0.0020951342557180117,0.04727120298011319,0,1000
2.1519131103811118,0.2158015070530253,0.5655007320197605,0.1452071373997501,0.08410088498345818,0.0017139473164365306,0.0014528151418321713,0.051812324779580504,0,1000
2.139241321568963,0.1757487038304197,0.6108248247946522,0.1395224643609119,0.08725472919651417,0.0019512942552877529,0.0016418595921557373,0.05043766022539535,0,1000
2.363327641824618,0.1383928759128789,0.6374090430407994,0.12534327485014127,0.09386038432914344,0.002094920823721763,0.0016667755180089195,0.04391741672252843,0,1000
1.9914568281528298,0.21973372665816654,0.5796376894446761,0.17434762726525602,0.07614724937466583,0.0017966516199755948,0.0015405984107337153,0.0461229192401069,0,1000
2.286231450438334,0.16335799132937587,0.6112022641410786,0.18680730348137733,0.09009686664018579,0.0021246659053324635,0.001784280654178833,0.047801487694630544,0,1000
2.217997440492147,0.19174685856183735,0.5715266674002054,0.14480338354876038,0.084862323345307,0.0017791865913365386,0.0014731841979041525,0.05068446458506426,0,1000
2.1884305975670535,0.15165688707670208,0.6220928535483414,0.15849721139716783,0.08978228582578518,0.002129708734822273,0.0017880706821521636,0.05126946257766672,0,1000
2.3857530886018035,0.16177210740115772,0.6009256168014206,0.11342977454705071,0.0931941171514279,0.0018719028719153719,0.0015028739333631344,0.04839241085658322,0,1000
2.2284697305605903,0.10440932636592944,0.6787998816261032,0.17896878091562557,0.09443863991711875,0.002585378437431023,0.002139483694484729,0.04651148578446538,0,1000
2.190521999142525,0.19858949894766192,0.5798491993526721,0.16995858894328655,0.0817601398058582,0.0018650213620686675,0.001555189532992551,0.0454308131401438,0,1000
2.133624290652999,0.2778815974513995,0.5125295355927982,0.1737507995322663,0.08005690490930054,0.001540662478293851,0.0013332100363372384,0.05084971533435438,0,1000
2.2067305627906286,0.1647062200505439,0.6211791131896844,0.18472179701210165,0.08573568500861642,0.002131065836447832,0.0017793127357410051,0.044364098333383443,0,1000
2.246299809113739,0.12666241160324007,0.6520812748467786,0.16345111574872467,0.09239748580465312,0.0023482200660861945,0.0019308455048120128,0.046822205296683024,0,1000
2.2385347147224604,0.11383986107249494,0.6688434869635099,0.18136842080932833,0.0940544696826251,0.002530012133610609,0.0021081299043488916,0.04733490063487337,0,1000
2.1641779399529093,0.17576186852955364,0.5945619997487501,0.1260811559747073,0.08022887554972644,0.0018222299782641633,0.0014560924357893512,0.043143909639294035,0,1000
2.232543061307943,0.13251537155648996,0.6491549237717466,0.1744383841934731,0.09169054700058937,0.002345453629704401,0.0019494638592013418,0.0470548877425423,0,1000
2.3498726870224487,0.08197448611917088,0.6788225852031483,0.21412704370334537,0.09816111397601171,0.0028534923555238972,0.002346328874569154,0.04701480839575979,0,1000
2.1344703853369538,0.2337313276430506,0.552157010882501,0.11586871228669664,0.08293744650724828,0.001527681258876502,0.0012935500338825691,0.05250648408694024,0,1000
2.2014370139198727,0.2233647867011518,0.5565583535393943,0.18419710058415623,0.08650509854602027,0.0017989979654335954,0.0015509037244438228,0.05304212546172805,0,1000
2.1863213093817846,0.18702711485678294,0.5944015277403036,0.13459612856113415,0.08518510748638758,0.0018326765752812483,0.0015245142132690108,0.04826120298077049,0,1000
2.178729742525528,0.09464042035088922,0.6904635908949179,0.22356853835679338,0.09417816593392964,0.002854407923082272,0.0024368283392439648,0.048191849294145446,0,1000
2.2017255421340476,0.13161457599782392,0.640065991714486,0.1374981063324617,0.09023228495697562,0.0021993519469150026,0.0017853105860510755,0.04779097934338776,0,1000
2.281791677735751,0.2120064280056065,0.5585967792873784,0.11585911384697643,0.08630134866074972,0.0015821234037756635,0.0013072038452774158,0.05038775165072377,0,1000
2.2594673259717593,0.19509316497023957,0.585211653931312,0.11087192052887887,0.08396467298119635,0.001686982130773687,0.001366359822260094,0.044009657176669936,0,1000
2.1368849269572667,0.17686519960339103,0.6104557047474951,0.22715954252079584,0.08470579919677157,0.002221786801067432,0.0019182243205717266,0.04738766124867987,0,1000
2.1982668524261872,0.11823683442164631,0.6615016079223704,0.17987186104296304,0.08956969608352035,0.0024362439200723233,0.0019973689912125515,0.04458490393472751,0,1000
2.208924102945527,0.16563843016700158,0.6262759719750484,0.17233928133615137,0.08831081056447045,0.002104131076284966,0.0017717751471235956,0.046048013500996694,0,1000
2.1402003013508257,0.16808670082502705,0.6119164163745386,0.13077683900194162,0.08310120425896667,0.001899308771197322,0.0015490679654592886,0.04548869808734942,0,1000
2.251575131244099,0.17884575317584991,0.5945230057040229,0.14109474246973092,0.08756458536054117,0.0018814930185328878,0.00155292327210395,0.048322107345608746,0,1000
2.218230228431001,0.18351866522390164,0.5966282134338831,0.11654325976571238,0.08671895652901206,0.0017862234767837093,0.0014704827407741223,0.048356867334176414,0,1000
2.201075382663433,0.17764055230829381,0.6012810447301375,0.18192263473148765,0.08617278137550559,0.0020373530518335787,0.0017187605798879037,0.048276515923034245,0,1000
2.2567938240606216,0.1713662434858294,0.595158685751047,0.16008303469732033,0.08862312719373461,0.001965837248988838,0.001636367566532255,0.050459310447354785,0,1000
2.304608792860503,0.15858738106709488,0.6130166771696971,0.1638941728086828,0.09018636434664117,0.002059263207583376,0.0016985009679752392,0.047105245050190654,0,1000
2.0572063896272796,0.22483365929181195,0.5767856040487749,0.1864367645224709,0.07926103142059127,0.0018293951957844398,0.0015807561476128857,0.046509030447968946,0,1000
2.294362860646182,0.09495981390951617,0.6816356795567878,0.20364377246468227,0.09817372099939352,0.002738025804314684,0.0023051386314998697,0.048892612517283225,0,1000
2.2352164380481954,0.16352610631139822,0.6221491968945765,0.1937726832839593,0.08995580580915585,0.0021845444393145705,0.0018641287609534938,0.048647465079637776,0,1000
2.1581672450598632,0.22850297055728092,0.5640156468166787,0.123702230485434,0.08283431218582556,0.0015635599827337756,0.0013231995656276718,0.04935899677123284,0,1000
2.238170898391721,0.20551615850654467,0.573384368741712,0.08665212316191663,0.08641969434574416,0.0016008738317403236,0.0013098973529463438,0.049852495195427456,0,1000
2.147160741174031,0.11557239337506764,0.67472983572811,0.2098384530891276,0.09276203913361095,0.002681585956647131,0.0023039248619160435,0.0495357394348701,0,1000
2.3174870675938433,0.21322504604799963,0.5582604472012351,0.16036152185984703,0.08682537959294885,0.0017241727714345715,0.00144419454800152,0.04899966428074907,0,1000
2.2221499827048157,0.11698341590660527,0.6619467206765813,0.19752774583663682,0.09083930684225684,0.002541400240024058,0.0021058179814616115,0.04538101230863458,0,1000
2.2307031428956487,0.19787914185817268,0.585796864371697,0.1311759060438055,0.09024347379716109,0.0017459713389202831,0.0014910462489536598,0.0536653297657585,0,1000
2.170527394762778,0.2617245599567054,0.5288689703550838,0.11291351109212074,0.07941273848475347,0.0014053600247120337,0.0011847834585706745,0.048254681624462954,0,1000
2.0875565458157643,0.19165758487816223,0.5985986941259346,0.23370801527518537,0.08289857829380042,0.002188951889585454,0.001904503117529198,0.047999970636480926,0,1000
2.281178157635808,0.156039845808151,0.6174822404864163,0.20607922196276235,0.0940191091222063,0.002278453211747252,0.0019606331515650928,0.052374657430751974,0,1000
2.2320967928303923,0.20162338676483427,0.5819814730459874,0.11024425040977703,0.0825672498832728,0.0016664482040189717,0.0013544167271672147,0.04388501344077729,0,1000
2.210811188548066,0.1297606198833204,0.6583659697934738,0.2344738805903803,0.09101742537057927,0.002607950064907631,0.0022352812534510483,0.04645581598206945,0,1000
2.2780970371873277,0.1687241758215051,0.6156115739730801,0.1149989298341054,0.09020414094491569,0.001884050815518841,0.0015411830901103432,0.04655420375400596,0,1000
2.151475261898523,0.13826348944014577,0.6490004975961065,0.2055988713239721,0.08830235994425807,0.002422092664218359,0.0020559225155208204,0.04697218259726066,0,1000
2.22079658378924,0.1118431376206276,0.6560912024517185,0.19190148160817203,0.09086676731266959,0.002512379534313104,0.0020708947716747287,0.04704087627187539,0,1000
2.1947579241534263,0.14825746337919382,0.6356067547533559,0.2186902119768701,0.08847459783022874,0.0023534799478497305,0.0020095694320430074,0.046984274782323775,0,1000
2.191983107489932,0.14234292392262807,0.6364722097757248,0.19695718585013397,0.09162203070984647,0.00233448300849221,0.002001515780998973,0.051328699136991056,0,1000
2.191831635483403,0.18719383369652154,0.5842483988682511,0.1410049020595107,0.08484621013837802,0.0018288556157712173,0.0015163937662180044,0.04938589788430675,0,1000
2.1755661001004767,0.19353070645609424,0.5867499552552272,0.22865020902241381,0.08685453815976973,0.002135888848489498,0.0018595558541858273,0.05104919719508925,0,1000
2.169420862914108,0.09828764794939256,0.6910555393948584,0.21212579629309236,0.09131327846449057,0.0027726331682859854,0.002322968148302901,0.044858324696845885,0,1000
2.0901214911244925,0.20896195807396253,0.5840044891119857,0.1746548865836739,0.08234792417866106,0.001862981414609823,0.0016022775484763547,0.04949899552220473,0,1000
2.2622371851151684,0.08343168347154835,0.6947822290199822,0.20822714739521536,0.09870513035036646,0.0028847214660292805,0.002434385688281683,0.04914829564672878,0,1000
2.07922578982855,0.20938805521850742,0.5834859391142823,0.19415549930271145,0.08210036357981809,0.001926894758456136,0.0016681868670031677,0.04894693197212467,0,1000
2.0604159166459968,0.16720770279793537,0.6225375256205645,0.1783914080622045,0.08211740095569844,0.0020999239356439244,0.001775923695742968,0.04677233688503722,0,1000
2.2671484017943766,0.05125295091639063,0.7264437332698115,0.22913429145367548,0.09800881533051473,0.003237378104477635,0.002652638538272066,0.04336077816238215,0,1000
2.1751931981841257,0.22857927547613283,0.5513618137150887,0.13895821955860177,0.08174661376260454,0.0015978183644741301,0.0013441304183917507,0.04963775719222366,0,1000
2.100680741865345,0.2357768491668301,0.5582391570154628,0.17495929092127332,0.08123083801609501,0.0017185182214892942,0.0014850503356458912,0.04965371515533753,0,1000
2.1907282598816042,0.2464209429428522,0.539097692087125,0.1873954016229022,0.08093032343878463,0.0017031675247621862,0.0014588155403098754,0.04731309922513784,0,1000
2.3512791871459844,0.17083566579154771,0.592362540476945,0.1505838379626872,0.08980718518053757,0.0019233590028581884,0.001566008851878603,0.04725785523599134,0,1000
2.2304471706520115,0.10135883752559523,0.6637389309007733,0.24245168345032528,0.09082509961780759,0.0027790306451244604,0.0023333192280196808,0.04642704991919716,0,1000
2.3161647345743113,0.17072999858306986,0.5944919771464094,0.10922625176317369,0.09093507504916228,0.0018085448948753108,0.0014715158025057427,0.05027360143388786,0,1000
2.305290780678486,0.16110711164270866,0.6106489306503731,0.18311480285953413,0.09062551711645596,0.002125095122538858,0.0017761463774060829,0.04818511865830733,0,1000
2.3781259399251877,0.13268045590298227,0.6254316017399615,0.09866865796808508,0.09510699609834282,0.002044542697193071,0.0015921004818905493,0.04664002670932351,0,1000
2.1060807323208612,0.17760355856185678,0.616169563603726,0.16501752413792434,0.0842930160748981,0.002026514494539842,0.0017178612716449186,0.047562941269605474,0,1000
2.158830684585462,0.2530259740293588,0.5362392832735083,0.11013677898527312,0.07838256343338776,0.0014320328187139427,0.001198364489869722,0.04691467975009817,0,1000
2.2487403008863196,0.18619736240149157,0.5980180906707762,0.16948968033035697,0.08750584164433148,0.0019430223583660866,0.0016354604119285243,0.04734764023551681,0,1000
2.1860326084853803,0.13626297659837852,0.6350403176184374,0.21052114989912124,0.08936184282895808,0.002439655534689875,0.0020684841695012644,0.04965466567939945,0,1000
2.10232452284782,0.25133196563137,0.5360811291287836,0.20698719833216542,0.08107741846239191,0.0017581334103821766,0.0015322512504719556,0.051125628495159774,0,1000
2.2314212130334767,0.08607229538326379,0.6865555064854916,0.22673656536298886,0.0922570852730859,0.002838834707758772,0.0023463878947308963,0.044245461855162226,0,1000
2.1253776949842647,0.13862289432432734,0.6461898344699237,0.23063324952137765,0.08969332526940554,0.002539786582908179,0.002214143484378824,0.05093518663468762,0,1000
2.1811818419529923,0.17033378348390757,0.6115309520749092,0.17186388217392426,0.0913478096392089,0.002075329511358918,0.0017933997002911298,0.05408389721427796,0,1000
1.9500285236106967,0.06862020650490128,0.7392939841924036,0.35180515113676925,0.09009343530346593,0.003925110440125623,0.0035704580613822316,0.04561556999223274,0,1000
2.265598984887911,0.22420861689595625,0.5529795408138849,0.10040851436507352,0.08405256751706078,0.0015060864840837095,0.0012384377989320757,0.04854020045466449,0,1000
2.2468055081933045,0.1413625856767467,0.6365777337673172,0.2172882529450642,0.09063732960690504,0.002425943948004981,0.002058177915149766,0.04748023058254521,0,1000
2.13644917648473,0.18368463184091288,0.6030171907421982,0.1735655639512646,0.08147831152157821,0.0019692536586096627,0.0016458481162187526,0.04440284972410288,0,1000
2.1583308482998316,0.1954006454036752,0.5949092071080779,0.15924929589821482,0.08245097546393147,0.0018746681408219202,0.0015724447811636308,0.045415485656673936,0,1000
2.104035990120962,0.1902470096896968,0.6073570420807662,0.17230114341636188,0.08185436422332736,0.0019518085287560198,0.0016549820863930233,0.04514030793938982,0,1000
2.236989984579396,0.17076463493580935,0.6058564312310836,0.11020611394665976,0.08983572767348466,0.0018709795872782627,0.0015376066998614695,0.0500569525717497,0,1000
2.2428057556747474,0.23983364613317085,0.541091240469713,0.04188309868157312,0.08341906246702033,0.0013017662221631362,0.0010590273576845004,0.049868491452377754,0,1000
2.0719518950784073,0.23202659428765518,0.5628655353987496,0.10412238180491282,0.07715456236223556,0.0014960536904435068,0.0012493830812184098,0.04624570420374274,0,1000
2.1892550183855697,0.11454318542562617,0.6602495571128549,0.2577566722777199,0.0908733377720322,0.0028273780214396267,0.002432795824457164,0.04818399212201658,0,1000
2.327699370637113,0.17251586086495632,0.6033834106143132,0.12518648879128247,0.09067693699657195,0.0018824612670583507,0.0015352673310344818,0.047071542693681946,0,1000
2.2086358220115203,0.10467256868636572,0.6843728224891138,0.23560614480329864,0.09506163808169334,0.0028375892780556798,0.0024525518015299946,0.048594801007580804,0,1000
2.182868648381527,0.18933904922863418,0.5923553128228745,0.09384077024797736,0.08673586238991124,0.0017094595815073633,0.0014089647080265577,0.050014622637796234,0,1000
2.1696530799768694,0.1570673567394782,0.6390312776090022,0.22139376299651561,0.08883373943218444,0.0023770139071528653,0.0020551754457064733,0.04706601916427325,0,1000
2.185463564318855,0.17296930987573014,0.612705209322013,0.17183951843461875,0.08500626249360829,0.0020403942564039593,0.0017037566801815166,0.04534876762878259,0,1000
2.2831859800103884,0.13792756496498812,0.6281993341597416,0.12310103056201162,0.09279359004129399,0.0020712410067136784,0.0016757082070076913,0.04900173490802658,0,1000
2.155264248084732,0.196939891573534,0.5947289834614756,0.16688463837528703,0.08527547197341609,0.0018967540270444872,0.0016179854703401355,0.04874554260537789,0,1000
1.8902474269015517,0.22640356255941385,0.5777935783562671,0.27622402627950077,0.07773280058921311,0.0022437327208630546,0.0020181660096638934,0.049137312492032445,0,1000
2.2883497261478447,0.10134226930580115,0.6706141434544637,0.2001720467117654,0.09506254464000055,0.0026847091040062875,0.0022086132633086196,0.0460756643278638,0,1000
2.1345428594305575,0.20194066370943764,0.5818955760477279,0.18195510851381397,0.0820653356883641,0.0018746803531732993,0.0015952407545684294,0.04765630739440956,0,1000
2.0564482515941926,0.23651583192399434,0.549453403188145,0.1496980303514054,0.07688552579593248,0.0016086170100743074,0.0013625400641100148,0.04839631743167594,0,1000
2.2465341194004824,0.16286148940052741,0.6221103093005337,0.14555265906679418,0.08874195202973548,0.0020307377013485616,0.0016739805044239595,0.04594194027647379,0,1000
2.191130892995817,0.2067396168564522,0.5641571636095587,0.15337698967370866,0.08346220661025719,0.0017388161383638827,0.001454564374475832,0.0504049411421105,0,1000
2.0455924470785183,0.2562829702108484,0.5417943852135402,0.16101282091974942,0.07787925142204971,0.0015830063957340474,0.0013678291355273288,0.04926662021171258,0,1000
2.09156194390283,0.1934091549869051,0.6052872617220836,0.17219611164463824,0.08281637872495336,0.00194827811140176,0.0016654124179925666,0.0469151412499535,0,1000
2.215200256432258,0.19628109086892534,0.5788577533177799,0.19178493217218787,0.08552422520289125,0.0019444465868630962,0.001651942477231865,0.0493678031590685,0,1000
2.5080251831697176,6.205975175615059e-5,0.7488345035909082,0.22574141287128202,0.09518055550795931,0,1.4084217030707011e-4,0.03402136011345035,0,1000
2.1799710316386456,0.2332733293558315,0.5491844383346208,0.09742876618827466,0.08259209302878977,0.0014629659438147795,0.0012206208314959877,0.050675286478082684,0,1000
2.22870072940157,0.150595562240097,0.6392078387695881,0.22619386585454013,0.089246036461178,0.0024291541553441024,0.002074307322470752,0.04545186300359594,0,1000
2.082270131830478,0.25122588763776466,0.5407101961330033,0.11911380397001896,0.07908974247586134,0.0014675480191973047,0.0012465581880069002,0.05076660960211693,0,1000
2.2039633822625344,0.14995494795087388,0.6339595582586771,0.17308806701429108,0.08638031648686456,0.0021686517549258555,0.0017903381175468785,0.0439523875205387,0,1000
2.364792945087927,0.12863563921056206,0.62535485641213,0.11855720398402918,0.09580761568430074,0.002111486701167747,0.001681628790970574,0.04931593019138849,0,1000
2.228934244590145,0.20932682763423166,0.5531203849510079,0.08315111634753819,0.08478799547577283,0.001499838323747204,0.0012203890058984253,0.05228728481209783,0,1000
2.0908884367258143,0.27893360303630643,0.5079775628716715,0.11797927197416333,0.0789527562664439,0.0013571958036750012,0.0011548799009445544,0.05366149536753593,0,1000
2.1718262850878114,0.16202589901099382,0.6267914982409998,0.17763124812029796,0.08828066152028546,0.002151195472526735,0.0018274307291466171,0.04859953621732601,0,1000
2.3074953539305594,0.16275065252423532,0.6129135031151053,0.1299455234219279,0.09221273350257043,0.0019681775856889394,0.001618718360869164,0.04896836822656269,0,1000
2.0818274444056843,0.18142547142813978,0.6147675933179548,0.2191070705971528,0.0854253754569327,0.0022235093469193186,0.0019461237110346495,0.04955819231333164,0,1000
2.2480420578327864,0.16707085101799155,0.6036360401157328,0.13226368815813946,0.08622720630600379,0.0018943048564727376,0.0015309724850259248,0.04548083595494724,0,1000
2.2215483253378463,0.11515078739008194,0.6631883559937638,0.1822178673467608,0.09206538643530622,0.002470811324329211,0.0020436154175136976,0.04648395333766071,0,1000
2.2882427322300316,0.1487403216499734,0.6333225758050102,0.21837488322917156,0.09298661521892433,0.0023788008674245193,0.002034744312325025,0.048548847201221094,0,1000
2.2240559508930327,0.15422853152878305,0.6307259831455746,0.1513076102685393,0.08839981623566281,0.002087830557855668,0.001720186700456894,0.045516025924211057,0,1000
2.1215111421404482,0.16778915772202643,0.62128126688281,0.2218474592194745,0.08936440808744665,0.002329067398131334,0.0020472746487279034,0.05259651955563857,0,1000
2.1149815773635234,0.14387646653330957,0.6397363979329068,0.17879188800253465,0.08707628526059547,0.002310047542871753,0.0019418190842219623,0.04828962024016101,0,1000
2.2501832394517987,0.12881066572555314,0.6380727653883582,0.17198533778633043,0.09205554106135765,0.002301225137139365,0.001902928086800133,0.04921187304500144,0,1000
2.2566954547286544,0.1602337411829575,0.6103717539713411,0.12516680844411723,0.08899263007284221,0.001953986907684702,0.0015833166756642955,0.0476685234593019,0,1000
2.088792811812018,0.24828312208958842,0.5321113561929002,0.12843140237756467,0.07775880562852504,0.001481096550043918,0.0012476746570431142,0.050734718731210285,0,1000
2.18252718695751,0.08535576822144833,0.6844387601580404,0.21577679409264805,0.09043656252874062,0.0028082894560816614,0.0023058659838156364,0.044565310046091655,0,1000
2.209683262570537,0.18313121491428316,0.6026008559948065,0.22313120867329106,0.08885833213129614,0.0021985423873997732,0.0019077404732987377,0.04977587585964514,0,1000
2.249894044520211,0.15343309515875644,0.6205296389850167,0.17724149282928614,0.08714682378539945,0.0021331697595742506,0.0017548177419314335,0.04494650825120811,0,1000
2.259663055905822,0.17149826829281842,0.6074177811564327,0.11727434219968143,0.08994108349936203,0.0018544142209658096,0.0015282136653395552,0.04902226922002629,0,1000
2.060306936711574,0.20228040044266143,0.5921304179343063,0.2407430079938828,0.08110840365826819,0.002183701110255528,0.0019064804106507678,0.04685744726697584,0,1000
2.2608589412237365,0.20183142867780157,0.5709589136352669,0.09643937060031782,0.08287468899275126,0.0015894109280608394,0.001277351807691413,0.045163400647239754,0,1000
2.0660926788422485,0.21780131224354496,0.5705838310066973,0.17492419102767393,0.07901940626317241,0.0018056837474301265,0.0015400802901070593,0.04799196134816254,0,1000
2.210889159182759,0.15636600972811446,0.6293549598788853,0.2131750144627239,0.08943906608035865,0.0023271615325394374,0.0019917539190242826,0.04780177196042628,0,1000
2.0957924174793012,0.14748558912892717,0.6488839800178287,0.20514466347984736,0.08315216415551148,0.0023457775382526094,0.001973981022621529,0.042788308475664165,0,1000
2.231747169446383,0.19371515130424866,0.5826364857522953,0.11387868343540017,0.0863715293772616,0.0017089329357826118,0.0014085010804718969,0.049154262525388355,0,1000
2.2459740547612914,0.18064742453633814,0.5982370440276151,0.10602076347128685,0.08555645358516954,0.0017560311495632183,0.0014168653436705736,0.044899808887091934,0,1000
2.323734362198934,0.2045845823265447,0.5704938443281626,0.16160921665396547,0.08764606617019625,0.001788774374207126,0.0014961030777521354,0.04818024523344361,0,1000
2.1445203899265235,0.1954712498287315,0.5859815759845469,0.1773210086221362,0.08614754317136092,0.0019464227559594866,0.0016709878232552325,0.05230151573962807,0,1000
2.136907361969012,0.2387062539398199,0.5513653138276177,0.20401763287435395,0.08168728968174035,0.0018082882470031097,0.001567650409684288,0.0486285959543501,0,1000
2.2360628110621272,0.18994520652969535,0.5826333614451952,0.06904819611396121,0.08325906809275585,0.001597640859674507,0.001259272055983996,0.04455161651327046,0,1000
2.2618105006712206,0.16641223925718757,0.6098284440395848,0.1809296141855597,0.08765136804124259,0.0020967402607537005,0.0017435457442992255,0.04607179747484601,0,1000
2.2284994798937987,0.19942557584950107,0.5817398013409578,0.11284123387716598,0.08574792057081196,0.0016897099953994193,0.0013952937508074114,0.04847899211647417,0,1000
2.1549520457505724,0.1713759066820357,0.6189711575465682,0.19049705955884647,0.0860953213549526,0.002147054409785823,0.0018279475721050724,0.0472084860631524,0,1000
2.237915640324168,0.148551052678902,0.6238547045729835,0.18837181961173885,0.0895635964553061,0.002177396319587561,0.001829309920443868,0.04855373129257586,1,1000
2.377523317327008,0.12805525877586924,0.6341336923395997,0.09088342398431852,0.09708198831395992,0.0020467512273002375,0.0015906827435083137,0.04653652828710683,0,1000
2.2365928199233833,0.1471516165871071,0.6363260864550828,0.16296855467832555,0.09131084933704975,0.002191513478232538,0.001825681631860312,0.04753705276862767,0,1000
2.139691919491065,0.15027524749852283,0.6366423796863796,0.2261904758643878,0.08667522297162762,0.002409028555074682,0.00206633685721194,0.046960325150308346,0,1000
2.2324490194739353,0.15629624954433557,0.6264169737060951,0.18844948872331194,0.090222208317818,0.0022210471074455905,0.0018823148721952533,0.04843626989210817,0,1000
2.1968183205115817,0.21820859959603903,0.5705503872988364,0.08184911517936996,0.08372421582965088,0.0015189357351902703,0.0012529205105558442,0.04772178875913438,0,1000
2.241300599275949,0.19544711126494865,0.5901941622688739,0.13964901442451325,0.0894062986060628,0.001809935418192447,0.0015328705617504799,0.0511505479649489,0,1000
2.142752811638269,0.15968678101825362,0.6227379246809944,0.21531401249255813,0.0838265645113208,0.00228065482336187,0.00192604493728929,0.045079379840556315,0,1000
2.1233253101383864,0.1761320768459749,0.6117258073149641,0.2510261142402668,0.08676752406135475,0.0023922910218921456,0.0021024251837679334,0.049766844200982575,0,1000
2.201542374426542,0.20946655922153232,0.570948174610989,0.13737758834356797,0.0861565503389716,0.001701957606644925,0.0014368819452543757,0.051544712347477824,0,1000
2.2904180003285513,0.1221618760860899,0.6428476982462528,0.19332389982569692,0.09156442154564819,0.002401036273578024,0.001971321128874718,0.04616502161690397,0,1000
2.174705321431423,0.12665828972021728,0.6698769151734624,0.2041656688205049,0.08920729673609079,0.002493996959952604,0.0021003796004343783,0.04376772456170417,0,1000
2.156171065859614,0.14296683190787607,0.6454478814473186,0.2352652247785683,0.08681553236286417,0.00251204769538856,0.002146513059011047,0.04511760573253539,0,1000
2.286981578244655,0.12964243018158186,0.6390665052715787,0.15399516748163003,0.09211147478609542,0.00225660194510977,0.0018277036224938882,0.04653359932527431,0,1000
2.2362366462113044,0.2229395313106932,0.5576331914394933,0.1466416871840305,0.08872271247946441,0.0016702554683199159,0.0014294522766182,0.05437253500989598,0,1000
2.0836367902647437,0.2210509224293526,0.56416970825579,0.14955357633035557,0.0785642632909059,0.0016858866654817929,0.0014209790131837863,0.047565835657471536,0,1000
2.2497689666584697,0.1543812041989832,0.6228014371383311,0.16169044306059024,0.08771690222931036,0.0020958679889904407,0.0017150624349270083,0.04465001215655698,0,1000
2.1990669992207175,0.1702945471015997,0.6049407216647302,0.17738183204336308,0.08659878945054476,0.002058232478576288,0.001727600329524969,0.048691716349531795,0,1000
2.2883324632789583,0.22418357720896787,0.548364255077522,0.10405710418073592,0.08501673929087623,0.001520881702153815,0.0012518547024761102,0.04959256752219448,0,1000
2.181629265729563,0.21130178392005092,0.5713102653442084,0.07714883375391435,0.08049321773869185,0.0015923144023044429,0.0013316143750706953,0.05129433239006397,1,1000
2.3886802228844726,0.15799367569759892,0.5945274240466402,0.05426617944339241,0.0928931053268616,0.0017249056910006264,0.001325282023691309,0.04792199496547587,0,1000
2.2427537595130245,0.17618175927598562,0.6074280909076283,0.12978512320589886,0.08648629258273426,0.001859578171694851,0.001520608763091472,0.04512775231104461,0,1000
2.001714507492881,0.17871649211050764,0.6190196916136147,0.18937978582890985,0.08027632834812025,0.0021225181332379817,0.0018181203193713689,0.04688168300937919,0,1000
2.056147988054824,0.17812779902228035,0.6197473058682461,0.2400648054768501,0.08406334897271253,0.002337445190141769,0.002050500587935851,0.04814577846780215,0,1000
2.3709860270150593,0.09492297029743366,0.6672510510001325,0.1960129806790552,0.09634190666898391,0.0026030795806296506,0.0021068715764421693,0.044875217398767646,0,1000
2.166343035028799,0.17013325083922856,0.6144803435358914,0.18490412034297238,0.08565621216165845,0.002087925721991161,0.0017646240573651116,0.04726058403790535,0,1000
2.173323100588915,0.18740587701316033,0.5859614023036583,0.06853364042369839,0.08324715353163341,0.0016120428280079707,0.0012879579231737132,0.04753902637019507,0,1000
2.2249386873219503,0.19799036866316091,0.5884863788971649,0.13303261694580512,0.08480186800632332,0.0017655990762982163,0.0014655751319735246,0.04604735767753905,0,1000
2.184397627661995,0.16566757805236942,0.602957086486394,0.16117625870150434,0.08379719796317203,0.0019941176248918333,0.001633833358063077,0.046241395369394776,0,1000
2.2133621742487866,0.19966544694857594,0.5639330042119302,0.14412009881174775,0.08422813773678278,0.0017362893808592387,0.0014424114578533785,0.05108068764189708,0,1000
2.228640213130242,0.08517511970345908,0.682916610833341,0.2259698232215631,0.09241821015699996,0.00289086006742123,0.0023797866557387507,0.04483532558371422,0,1000
2.2635135029072497,0.1532216468687627,0.6106824639947037,0.18967867300116434,0.088032989340508,0.0021674523280214787,0.001796963837407026,0.04756810726653642,0,1000
2.1935389581226343,0.16083768233365603,0.6231520737504923,0.1390260345692789,0.08683416150448256,0.0020090723547307684,0.0016534478601173358,0.046204801971341476,0,1000
2.1920817511131787,0.2092936600759361,0.5747964620147732,0.15754347324726836,0.08549634323150684,0.001774420760337634,0.0015097585109785008,0.050404558184489745,0,1000
2.2572739791953436,0.18896727247097778,0.5877386050964669,0.08438484296370533,0.08609547601048129,0.001657242121505878,0.0013292063035935367,0.04614727232409138,0,1000
2.203420878969913,0.14658863090054752,0.6279971820310283,0.21512907373603626,0.08983483176986277,0.002364084146644357,0.0020253929486313943,0.050043882950273705,0,1000
2.1509347646990724,0.18870801833842893,0.5948334570420332,0.18004972249668627,0.08393381206351852,0.0019517790928436215,0.0016565668080123878,0.04826694149072912,0,1000
2.0164619591578736,0.20052965767160993,0.5943792568009295,0.1954902483491447,0.08352063246472953,0.002006931339064295,0.001762951934721617,0.05277032686072594,0,1000
2.1743108059505043,0.2129256671297192,0.573096243705899,0.13519485571384451,0.08225644364205707,0.0016769814602077683,0.0014022497351890593,0.04722078500792089,0,1000
2.4129119966955015,0.09427726987684847,0.6736199864867637,0.18406752199020615,0.10062109620348544,0.002631408296221579,0.0021422828887432714,0.046332862361390836,0,1000
2.232543394733281,0.13945843764673607,0.6426076622088732,0.17329860923592,0.0884571852074307,0.0022640986277269364,0.0018574461110598657,0.04377682050971882,0,1000
2.2023087850169887,0.13054185110517785,0.6537586022089978,0.18024909199145217,0.09050756896868527,0.0023859831492443525,0.0019865238542272653,0.046268389395337464,0,1000
2.3258940509698225,0.24724236633907692,0.5240176009769278,3.5833736373184496e-5,0.07193357213288122,7.974454774725076e-4,5.476617044450538e-4,NA,0,1000
2.231568705212834,0.13246296935762814,0.6608068253936397,0.20253072641069803,0.09812704201065969,0.0025495870415963603,0.002238345008473214,0.05296611909690881,0,1000
2.5189699959642904,0.0019568106372909915,0.7290742065688105,0.18072713384337402,0.08972917980834416,0,9.862544750144378e-5,0.03166208367282694,0,1000
2.1349520161400917,0.17666963805639233,0.5968542911612518,0.1266820947522691,0.08519805170533194,0.0018664887067879226,0.0015439361730281655,0.0508134024252318,0,1000
2.3176606344216784,0.19144774865434924,0.583213635186331,0.07494838897379157,0.08865716028835828,0.0016177036297585468,0.0012991118826868766,0.04762045744238355,0,1000
2.1977090531510233,0.2113831908236131,0.5766220330577374,0.18784985577215121,0.08487943021314742,0.0018693739942891756,0.0016020268093482734,0.04841360083831387,0,1000
2.251113037038233,0.1788355716813881,0.6072654840801921,0.17024260250607665,0.085330888194632,0.001970478015792726,0.0016346061937130307,0.043393351751228514,0,1000
2.2354337151114496,0.13601156109861717,0.6276512243322208,0.15246919448664017,0.08814975367658016,0.002147440608777347,0.0017322860713594776,0.0462359910485212,0,1000
2.2256055367465053,0.22291943103852144,0.5565903049167666,0.1490342325957149,0.08295087027086676,0.001655377002902765,0.001388212468970015,0.04796617277843797,0,1000
2.2104864141760614,0.1385259569109653,0.6313996170027774,0.16115892944146176,0.08930485556741842,0.0021894985347612854,0.0018019846456401103,0.047802167650856625,0,1000
2.2950939107232817,0.11973846324558639,0.6520751921653057,0.22187361905018924,0.09244719885846159,0.002848723227667655,0.002393102335728022,0.047163685861921247,1,1000
2.1494274235801454,0.2215954346657528,0.5665870210729155,0.1937893961440826,0.08232960359609776,0.0018515946884628846,0.0015915327312596658,0.04836855605946051,0,1000
2.17670886100136,0.19960738133231717,0.5895606092121656,0.12409764403446387,0.08203343948742882,0.0017161932237024545,0.0014145829744921215,0.04455333730397032,1,1000
2.2187015995403936,0.1591495908925247,0.6169855401427667,0.1705601280055612,0.08788380868531971,0.002103747093840181,0.001752508313464856,0.04765454554140424,1,1000
2.3380952805394717,0.08848987488738033,0.670696538464196,0.175204597672506,0.09615067785462265,0.00260248183676063,0.0020617479339624886,0.04435084839698474,0,1000
2.200823019269491,0.15342134286682999,0.6208754092177806,0.1742207271682445,0.08917195299980948,0.002162085372978959,0.0018166953583854638,0.049974926948812386,0,1000
2.1604257797631083,0.2096541357436815,0.5693168178005104,0.13580227515416604,0.08241610151676834,0.0016800178036218024,0.0014045468542279573,0.04925826240063069,0,1000
2.1964613085526055,0.13814768657167728,0.6535993987253216,0.2445792080775231,0.0914159383716517,0.002635002774245679,0.0022864383556084637,0.04747197055833435,0,1000
2.3343546574634186,0.06388132604495157,0.7080737600461037,0.20956774488586438,0.09999033825303252,0.0029873611296900326,0.0024344389450051255,0.04461078467332148,0,1000
2.2736346412469555,0.1457742311913495,0.6280308741829495,0.17759715403601545,0.08840082863822558,0.0021960036846393363,0.001797260842616462,0.04411089950752126,0,1000
2.1993739250018947,0.2338111184920208,0.5581707423836081,0.07032093566466704,0.08683163706652106,0.0014269300007284564,0.0011974486679395694,0.052857560764677125,0,1000
2.148316754633431,0.17674673709658165,0.6068605728698051,0.20231848991739096,0.08564934351262622,0.002137250256322496,0.0018309334019630378,0.04904682161406715,0,1000
2.295894157323236,0.1845362429396414,0.593288301900599,0.14496046860163916,0.08772258065530708,0.0018564399372692662,0.0015323903983785554,0.046330172226858694,0,1000
2.2035693802966088,0.1562182619421216,0.6330313904818639,0.18995165571144432,0.09260817878416701,0.002265096275387535,0.001956223435551033,0.05138141752459206,0,1000
2.2487205057859097,0.1867107734134332,0.5835513173737827,0.12365540048386808,0.0871650536144855,0.0017557561353707008,0.0014472825133212098,0.049955841017271164,0,1000
1.95185884450157,0.2139602093572629,0.5879038206410441,0.22212670413500388,0.08038271950383977,0.002044385030019144,0.0018152363099850821,0.05133166497590452,0,1000
2.1099741127548404,0.21385652494426408,0.5837129071620442,0.21656981879867315,0.08580013902646647,0.002016712729989217,0.0017771048712860499,0.051111829072311626,0,1000
2.0921760160595446,0.20248268848820142,0.5812175530784792,0.1540378786830079,0.07768718062299132,0.0017755357493674916,0.0014767519282091865,0.04462397170979718,0,1000
2.2934855119220474,0.18646390106964486,0.5875496560510071,0.1959966907867371,0.08887368462752729,0.0020028638836046687,0.0016989403682927736,0.04893433760001827,0,1000
2.298101223588322,0.18456231582911092,0.5942917524197308,0.09864576229938016,0.08697414128963245,0.001730865597255984,0.0013893256420591687,0.044530605269772885,0,1000
2.130218133852999,0.17558972405187015,0.6039814207122434,0.21715671918139343,0.08514454169144059,0.002192174150357385,0.001886847522770069,0.04967320354861713,0,1000
2.1120427747468815,0.2830363169988942,0.5095415344250304,0.0819035126352565,0.07921146762792546,0.001251273363334004,0.0010567226142279111,0.05268754364563539,0,1000
2.080172034721246,0.1972423543129516,0.5966451207339045,0.23759939395038815,0.08023904770528184,0.0021769005605728376,0.0018838455222318876,0.04451401667447666,0,1000
2.1579974165726883,0.20116376710172565,0.5766033695644143,0.1983275110737703,0.08077274584634264,0.001941594666048106,0.0016382121581767245,0.04576025488697166,0,1000
2.11635626637498,0.2048009221374867,0.5788396547690098,0.2119522320607072,0.08284545479110357,0.0020024416717019655,0.0017302427390864163,0.049262896969569515,0,1000
2.0278922088811058,0.17583979736600996,0.62919531670092,0.23490702934654906,0.08323557251496537,0.002326353662825986,0.0020414046529487516,0.04693318306140008,0,1000
2.2381453904979276,0.15620361740619854,0.624852224000607,0.14667023207473653,0.08973557446579386,0.0020762895783567837,0.0017178294383564667,0.04769130467007608,0,1000
2.3048207247141974,0.17894395267460916,0.6032723928783379,0.10487686697218275,0.08875992635731343,0.0017868838869826709,0.0014444680036329789,0.04517782411775092,0,1000
2.1810137848940254,0.196664268218876,0.5912673725025025,0.1914859836498678,0.08501926284788358,0.0019777102400072772,0.0016907675964002507,0.047770983260500194,0,1000
2.2578995524030328,0.15638356114137028,0.620455967641443,0.14360133377618425,0.08886969548928053,0.002028269268321072,0.0016564507398060487,0.04593740487647862,0,1000
2.243926846064293,0.2492747387740384,0.5328252550431465,0.16010796839939864,0.08420639179402074,0.001588376556930729,0.0013547613515876992,0.05068802753492484,0,1000
2.1702573974646366,0.2273141701052119,0.5530688723060077,0.12783268051495586,0.08171497673221936,0.0015763710427421592,0.0013211726411990724,0.049468345636339735,0,1000
2.164344653072236,0.13098341983932751,0.6446937102346395,0.19974330065545062,0.08666674548367269,0.0023901966366135837,0.001989966932993596,0.04585641464026468,0,1000
2.2087182124833538,0.22243768823549667,0.5604377832670928,0.12325284841413818,0.08425237992821437,0.0015921089276389527,0.0013342233873581888,0.04987591593529491,0,1000
2.143851627000175,0.2578630206438342,0.5360878314409139,0.13318199731398972,0.08024743029844794,0.0014798154860957383,0.0012606468068349001,0.04916755768692391,0,1000
2.2937221763883864,0.16536398959918006,0.6084711427363473,0.12985724736975876,0.09205526307912505,0.0019337913456823565,0.001596993833610132,0.05004600282718804,0,1000
2.4467791485134054,0.0799426590296378,0.6748194169449284,0.21516286076275648,0.10142040678709248,0.00278120805879346,0.002280853964620089,0.046869422381565266,0,1000
2.1606108811998213,0.133698665470924,0.6600761622077106,0.22481305304880533,0.09298617034018773,0.002625617034753402,0.0022971675732954616,0.050822559884280125,0,1000
2.2915490504816884,0.15196739915790947,0.6317348500646445,0.13774646915743674,0.09097350744589683,0.002058437769754779,0.0016761342991465547,0.044642930206698246,0,1000
2.261203346788889,0.08011692644949078,0.6874156064109045,0.22522529811631023,0.09516414123598133,0.0029133898169243578,0.0024196723944884544,0.04656652428342418,0,1000
2.204397408517555,0.10580389245766021,0.6833393627808676,0.2229727459434047,0.09394099227048278,0.0027612547628045364,0.002358678251061449,0.04723039564148876,0,1000
2.179368754876162,0.1532839771566018,0.6225324683290985,0.16948995134002864,0.08956811993571769,0.002164748986492791,0.0018303480864087958,0.051230052413730715,0,1000
2.072171581813048,0.17542761254160522,0.6242388248577,0.20086854518469133,0.08561618705480843,0.002193597065839528,0.0019074942809797887,0.04917892807260196,0,1000
2.0487822529132256,0.2181863155163623,0.583436661368855,0.20743387784571987,0.080484247239627,0.0019426210536894564,0.0016946040466266903,0.04757299157746286,0,1000
2.11553228525134,0.18898557704824417,0.5941565435834343,0.18835249892239753,0.08193029845497407,0.0019900130706874235,0.0016877653168624115,0.047172287193854114,0,1000
2.274580358805661,4.4145376795681846e-5,0.767098229331715,0.28709871327670966,0.09113795895874104,0,1.3956850013117426e-4,0.03419538837048564,0,1000
2.092022485278789,0.21954287674531664,0.5770319980559672,0.13600985007588753,0.0812325311510137,0.0016736640265307056,0.0014215479193237126,0.04836019000191053,0,1000
2.2514694638974775,0.1361265254585159,0.6379527896902866,0.17123019468111886,0.09099932261521808,0.0022415598043398098,0.0018559566681592503,0.04734412609496648,0,1000
2.1510353868189958,0.10190138753582073,0.689429533706931,0.2661025287732198,0.09598287490361868,0.0030844325599020304,0.00274706172084405,0.051981386752797724,0,1000
2.2304215385047783,0.13347986402019307,0.6396931649068534,0.2051001994923598,0.09092983528801202,0.0024256290238267603,0.002042329629499026,0.048548839709577074,0,1000
2.050389024772123,0.278044096766342,0.5118804758906533,0.1304719813591483,0.07626208296484313,0.001396183797275464,0.0011924801648724754,0.05123828725302841,0,1000
2.339569578278451,0.13864040770186473,0.632538260736909,0.12341397905545692,0.0935645506955176,0.00209092914324652,0.001664206453269843,0.045279916166872304,0,1000
2.135182130821375,0.18833765458573848,0.5992008270600478,0.14538448141162605,0.07959252059230124,0.0018170723930043817,0.0014963808258332473,0.042719935881382676,0,1000
2.250628616051135,0.18919099004330092,0.5862317063591558,0.1280754436364395,0.08637276068933769,0.0017610869839618072,0.0014509657352331797,0.048133932326003805,0,1000
2.2449727002778657,0.1495164226365555,0.6172666949473352,0.1784060372361089,0.0930276904070732,0.0021888826956709263,0.0018639363760655989,0.0538883976697108,0,1000
2.1948215584902355,0.20865050181857764,0.5668881452443132,0.0748091774777077,0.08199485530898952,0.0015187727088396316,0.0012246884693478718,0.04714604370259326,0,1000
2.2526705078716622,0.15415614868625058,0.617460156498579,0.18562274463344844,0.09045927983354222,0.0021769472689666084,0.00183457293872096,0.04992635584670599,0,1000
2.201049137555353,0.21099902111751634,0.5745771125695072,0.11048035586805444,0.08267609081604733,0.00162819489792911,0.00134207156459182,0.04631043165917027,0,1000
2.1835080846519648,0.1778501228088522,0.5924386368915133,0.1725687521333218,0.08339555585854516,0.0019810157894121247,0.0016437333874337085,0.04722553662013215,0,1000
2.20655297780435,0.18291407913344432,0.5922336484429744,0.18006809645259977,0.08764420129284482,0.002001302714907086,0.0017027728938357242,0.05116151924025748,0,1000
2.240841588223439,0.19433249357578442,0.5781794146489322,0.07935216438777609,0.08442262347671248,0.0016068495336529593,0.0012872399802643763,0.046657325210600814,0,1000
2.3305309684903386,0.17133130570473076,0.5922987588695316,0.10516152009354655,0.08909455791496182,0.0017950132223477995,0.0014292645534080665,0.04678718383027457,0,1000
2.2496120366183043,0.15663256139358567,0.6080221212658959,0.17630000721162403,0.08667591010525674,0.0020893878100126284,0.001719590314321004,0.04663553998082326,0,1000
2.180538439554137,0.16592046278508785,0.6128286267308313,0.1742721344280378,0.08708702236175087,0.002094515677113737,0.0017627923181675169,0.04876502736004288,0,1000
2.3500427234395493,0.1291730898200621,0.6534009977298577,0.15314912988901344,0.09686791485198688,0.0023073120516866065,0.0018884795287177395,0.04617535540383287,0,1000
2.3777661072670657,0.15006499608797677,0.6120025002883227,0.11647637639459078,0.09310484219713,0.0019681315019806005,0.0015658813220570987,0.04689785531740377,1,1000
2.372231033713146,0.18653990775156576,0.5889823142424139,0.10783628765424537,0.09117701409087324,0.0017303516442771349,0.0014096035398535945,0.0476940101837009,0,1000
2.1504917221893414,0.24148618246601428,0.5595143831139805,0.15097383787294966,0.08077246788621455,0.0016273587777787665,0.0013908195342321832,0.04610695906988767,0,1000
2.2269187659774135,0.0766750732984742,0.696048997591841,0.23517909084717614,0.09536724318640587,0.003024358978934373,0.00254807393717269,0.04741313287421747,0,1000
2.1634319690346686,0.176762266644621,0.6135323117425565,0.11224715786446704,0.08582319227649503,0.0018660064614623212,0.0015360069862557701,0.04675929518283265,0,1000
2.211221720094084,0.1287502180813273,0.6484872723965746,0.2320727050474695,0.08905387467588627,0.002572030540541841,0.0021703750131854536,0.0456054429895348,0,1000
2.318668079630158,0.09166516012837188,0.6700731526003074,0.1734208713322261,0.0975736349666773,0.002639042108241682,0.0021340973918957556,0.04767794160427166,0,1000
2.13563532145752,0.17535613950798346,0.6057381583160528,0.17044779998296503,0.08429264543728505,0.002006181126096603,0.0016893249328368588,0.04844675909853176,0,1000
2.1127758291234753,0.21375717778346934,0.57681931193038,0.1767965739201511,0.08102902576800297,0.0018341766611289128,0.001565691955664941,0.04736831025008298,0,1000
2.328165939977072,0.07004319501361296,0.6900989665102285,0.1975516276554732,0.09882435273760751,0.0028694548572280225,0.00232336976364525,0.04658252463886147,0,1000
2.1579626641167113,0.21471172929349036,0.5682028138860327,0.08967565033167775,0.08328508457649195,0.0015403600092868432,0.0012771043768038106,0.050510687914989964,0,1000
2.178256924532641,0.14225387567206743,0.6315092285409383,0.18527860215962352,0.08895945680402655,0.002309288887953895,0.001934778978514452,0.04915150739162407,0,1000
2.306662472163096,0.1594358282256651,0.6139539893909463,0.14523764184122592,0.09173239561346512,0.0020033538071241716,0.0016544474432745571,0.048884646043763164,0,1000
2.123679061926152,0.3024609619204881,0.48848105438317224,0.04718465057831932,0.07427011899192527,0.0010921984780455666,9.100561237714663e-4,0.04907417904631883,0,1000
2.2826602276966548,0.20413903276515824,0.5710015769400997,0.1332315247246936,0.08672777554689536,0.0016992023045993448,0.0014093679521831354,0.04871833423381662,0,1000
2.201999834231641,0.22415592214526597,0.5498567862787692,0.0886985838960958,0.0819126603647973,0.0014639990304718819,0.0011986946567937424,0.04927896940403553,0,1000
2.174693664769461,0.19877362779262953,0.5852239753073594,0.17564075675852076,0.08065883340116115,0.001866483647177746,0.001558044511639275,0.04357080553196081,0,1000
2.2403903450024063,0.19012707899707046,0.5865660798245494,0.13470099236633765,0.08779540390010414,0.0017932586503693639,0.0014946278991561559,0.05015336360326234,0,1000
2.181959350774177,0.22668773917765675,0.5550504430502672,0.12990244733147982,0.0806719824602136,0.0015854627601587013,0.0013217448175019072,0.04718709025761549,0,1000
2.1358334421951053,0.18975202479786446,0.6005455809115939,0.21674449385392636,0.08581902310005593,0.0021262826708649775,0.0018506259357758167,0.04971103789356854,0,1000
2.170132359343194,0.23594941614729548,0.550890426876875,0.16276047619273598,0.07929668625965387,0.0016648116415528978,0.0014060936438177324,0.04551133811315593,0,1000
2.139357169718772,0.12072810641795009,0.67688970306418506,0.2693991499928601,0.09189767631936771,0.0029023134955991087,0.00255940838217163,0.047662716050035046,0,1000
2.193859760095303,0.07709535948052786,0.6925329986847013,0.23831838973617778,0.09396296916644181,0.003022842036023382,0.002551725618229307,0.04808815316076117,0,1000
2.1667343175799907,0.14023712753015546,0.635497971519714,0.1922925455007853,0.087649163455476,0.0023076789426689378,0.001938540595465057,0.04803798991336506,0,1000
2.200141237754197,0.1516776752761162,0.6231183736887523,0.15834601412057492,0.0882794776373965,0.002119549666576177,0.001755919171897059,0.048280443582906604,0,1000
2.0920586590789245,0.11478886130258864,0.6637308557251848,0.1935371659159646,0.08469896857070047,0.0025103017163720857,0.002056105460312023,0.04365441329669524,0,1000
2.236596113613103,0.1830127877100847,0.5846145935095634,0.14110492684796616,0.08541046612738425,0.0018185811798892794,0.0014930093341536212,0.04824582908393431,0,1000
2.2109346589283407,0.16412501481981473,0.6223403404403917,0.1436139072870683,0.08751516579425095,0.002012647577077139,0.0016580150693220812,0.045585282587880374,0,1000
2.134421284290212,0.19536804595922141,0.5870171220167801,0.15516904640256657,0.08600152541039759,0.0018675103699995347,0.0015926978225756438,0.05245234324201876,0,1000
2.2590076084758164,0.11104354597266407,0.6504448267522804,0.11156892752845789,0.09118662079890526,0.002190599302463889,0.0016818558749499065,0.04336588533564928,0,1000
2.064525585592474,0.2530196794823849,0.5502674739614635,0.20132014540530904,0.07898744404166978,0.0017636583306562853,0.001543024141209163,0.04723910157369902,0,1000
2.265534121149642,0.1908783396341134,0.5859214910681607,0.11591118757554422,0.08992507527041273,0.0017369816976027378,0.0014493857000797117,0.051986237727152676,0,1000
2.3605449774463243,0.12586891979426496,0.6415253905156131,0.179909303586968,0.09495398624437529,0.0023540198333111034,0.0019302733229634818,0.0467203689719926,0,1000
2.260277291294492,0.12510404483972531,0.6506301242970877,0.13108262965704415,0.09651162958277204,0.0022932000340134874,0.001885306974759925,0.05064561107800143,0,1000
2.290485368963812,0.1996069840822345,0.5756687531351443,0.05428380106177581,0.08438654782848713,0.0015185725098911058,0.0011947824846695462,0.044188526760249446,0,1000
2.256715378665276,0.15450411084641158,0.6266934230571669,0.23551526273179388,0.09268950719549526,0.0024211874083593086,0.0021022774147510543,0.05012675133530654,0,1000
2.2823127190172747,0.15887419233693098,0.6149819043113556,0.1578184879479575,0.09193427753474505,0.0020736833441721636,0.0017314727313008198,0.05005352763933957,0,1000
2.1119208625058956,0.19384062255652548,0.6025150417374975,0.21457459063646833,0.08499513982396331,0.0021240712886154115,0.0018515819870923622,0.04881248785595416,0,1000
2.224323041739821,0.11770839798816395,0.6455406547062268,0.17540133301205976,0.08898467390194438,0.0023868159273894456,0.0019318259728728377,0.04565618114480802,0,1000
2.187108464624861,0.23658754058817016,0.5471264581724856,0.15753097796342844,0.08035007381342354,0.0016289195021250114,0.001375145549394472,0.046776849886604584,0,1000
2.2209137547727575,0.2258208652919653,0.5585927262049419,0.14647122479619454,0.08674211749202647,0.0016506364350927592,0.0014082073312896633,0.05207945888878209,0,1000
2.068360881069759,0.20086224570819455,0.5910100574266144,0.22202622336259267,0.08248738131545583,0.0020800535083885514,0.0018163415956661609,0.04866263212296321,0,1000
2.0143322634646403,0.2509763996916517,0.5433299733904464,0.153501990746721,0.077163542624355,0.0015790399435628413,0.001359023219196342,0.05018417471816806,0,1000
2.1397000238749544,0.17434778031979162,0.6026998442762893,0.21578585864594788,0.08744122060037,0.0021912903761078157,0.0019047791071434147,0.05280359788899187,0,1000
2.2107346011434204,0.20925458142728892,0.5754616720496816,0.14365600579718227,0.08258906196413794,0.0017222254802547947,0.0014326346614601637,0.04558413217591642,0,1000
2.302142145077118,0.20225820316012008,0.5712192514288149,0.09195392316001032,0.08794956696229585,0.0015879303417561978,0.0012978662611019573,0.04958869892406717,0,1000
2.114390773645474,0.18722251993257455,0.6066811892808377,0.2022704838277909,0.08150577418759372,0.0020890034342956423,0.0017774831430930602,0.04416438360559484,0,1000
2.185471026556855,0.11966560533030025,0.6682813807108214,0.23600795498221044,0.09273082294728326,0.0027107677781511874,0.0023420415575029115,0.04852420395231726,0,1000
2.338929986087078,0.1651701501426769,0.6018139384616659,0.09688002332371572,0.08950136210034862,0.00181165250757667,0.0014282090830285623,0.04520446195134293,0,1000
2.1716954081133295,0.19973483755317525,0.5790461669904936,0.119449239136701,0.0855109805171877,0.0017014135890893775,0.001422556765374455,0.05135780879800344,0,1000
2.203218956518044,0.2312144258436096,0.5472168931252306,0.14121794972972695,0.08231405654456966,0.0015931390905288645,0.0013385181731061246,0.049607548100804595,0,1000
2.1521215549407087,0.20601469379862036,0.5739704831297386,0.12476922183819389,0.08137530779243658,0.0016842545817303278,0.0013904406846394126,0.04745159503218005,0,1000
2.201871572963504,0.13656416122818685,0.6481829603205767,0.22016184041429882,0.09001084095200754,0.0024820386643015714,0.002114232860291499,0.047034294387807256,0,1000
2.1344083403798977,0.19890933577325848,0.5883470039839456,0.16151557863503993,0.08427202863099062,0.0018578622878839064,0.001581393260324808,0.049764024155134784,0,1000
2.2040826175045596,0.20128257118486145,0.5781218213064762,0.14706069372360872,0.08694865659938616,0.0017982394004582944,0.0015218611131053651,0.05179824781986288,0,1000
2.3435582508656223,0.06551508304038432,0.7012551551692593,0.165725443860421,0.10146592776301303,0.0028451187369789703,0.002250171925226005,0.045053887497511526,0,1000
2.2472442249004403,0.15691250835729073,0.6183172933267417,0.18691751650466717,0.08958156644066095,0.00214977327441599,0.0018112261745401386,0.04882097779846144,0,1000
2.241468733113866,0.12255783009188241,0.6624582903554108,0.173530116634325,0.09433399188386948,0.0024479260604391355,0.0020451979371754994,0.047863633084725084,0,1000
2.230971457669097,0.149886164880973,0.6226479750857542,0.2266999602369076,0.09102253105535672,0.0024012168454731644,0.0020672051631081727,0.05095359775648321,0,1000
2.267692094560209,0.14366129203384626,0.6330094873681064,0.1574578193168012,0.09067717117679949,0.0021769092308092826,0.0017850035176882775,0.046444271780461885,0,1000
2.1820484203052684,0.21103945073936917,0.5755646529383238,0.1643202690224945,0.08271069428206733,0.0017906204848982272,0.0015109346318629949,0.04676927470605717,0,1000
2.1640374377724316,0.12429711045813552,0.6562708709896216,0.2534295706711681,0.09005035117863372,0.0027255870643014936,0.002358359723633923,0.0483818051901441,0,1000
2.285448669853258,0.19055450430694654,0.5824802289170319,0.15544368500831063,0.08961880925764623,0.0018496363786910043,0.0015550821976641563,0.05097766571492409,0,1000
2.2455204709066363,0.14392628177055117,0.6184906964660788,0.1549929845243292,0.08763921434716651,0.0021093990416622393,0.0017042531822292106,0.046314654371734446,0,1000
2.2158761056745258,0.1785088215060364,0.5974942310196487,0.14120507771892798,0.08607457139617171,0.0018643524181307077,0.0015406741940009866,0.0478759489951494,0,1000
2.3292429575202123,0.06037362128009191,0.7057432778669915,0.2510029944232971,0.10175907593145,0.0031391001232115028,0.002687757512557399,0.049789449254013636,0,1000
2.17082522786588,0.18985974562360872,0.5931429966283206,0.13873060722267014,0.08973211958182534,0.0018549698096744843,0.0015866737721525984,0.054488288926261556,0,1000
2.2219239238670245,0.12854389525712304,0.6448939398171385,0.18943701847161112,0.08897934958476483,0.0023702427315515653,0.001953964322666601,0.045493509918112136,0,1000
2.255050501380891,0.025689879012007363,0.7474417841844921,0.29665159226539467,0.09887419687638317,0.0038075676135438255,0.00324395064007294,0.0449617231714773,0,1000
2.2609398314729696,0.1239348422470505,0.6503565434659015,0.17434719531708076,0.09150107615779246,0.0023636369263657325,0.001932713570393685,0.04551436784245696,0,1000
2.205757835067058,0.1734964381380553,0.6099683751765896,0.14691648081784753,0.0907176106133704,0.001971986265720448,0.0016740048798113232,0.05185929856755937,0,1000
2.2631570864699837,0.1840930391333131,0.5886626807125589,0.1229862370451408,0.08518945745368024,0.0017706155262728282,0.0014360148181769982,0.04566650600692312,0,1000
2.1358065996797655,0.19455033493269605,0.5845608302691172,0.17032217665631666,0.08334760301577145,0.001894293342852139,0.0016024723919870595,0.04952582591881236,0,1000
2.260915031284308,0.2045499425866401,0.5821036156013297,0.1116991651977779,0.08430024970771484,0.0016609665485758603,0.0013611751034790882,0.04467830907820312,0,1000
2.2215719590381524,0.17458349080367835,0.599106422046937,0.17101394413034957,0.08673151252077765,0.0019869606654756514,0.001664729792008378,0.04884587956795006,0,1000
2.202303953286659,0.14109764062927052,0.6374621829507255,0.16529944702670446,0.08649447370831492,0.002170402642458003,0.0017670052782369605,0.04330591212754038,0,1000
2.1938656036238715,0.1729359445623489,0.6062675779325427,0.22606930712031464,0.0887961536848984,0.0022556454186497075,0.001956082731379258,0.05101459054018591,0,1000
2.2732127456230162,0.18989686397842226,0.5753331918036936,0.09884784363641898,0.084890333959147593,0.0016584793296621117,0.0013297711366413948,0.04724281979715582,0,1000
2.126967167956353,0.19199246862488664,0.5942899590522643,0.17623604470653945,0.08081736835299703,0.0019132366501871322,0.0016084768833350973,0.04506645001719791,0,1000
2.2652161650167435,0.09398961668275042,0.6777003895795723,0.19883151167043595,0.09637712991723618,0.0027316049136940973,0.0022752920649316164,0.0486153187863692,0,1000
2.110996646122124,0.20858651507288645,0.5780028708393838,0.1778463639820634,0.08513897802810766,0.0018545652025174306,0.0016064126409585597,0.05299433460581099,0,1000
2.1992517701221335,0.24018816463408776,0.5305814406952464,0.0914042794631585,0.07944844472704259,0.001399595803554119,0.0011453690069510416,0.04897271297644102,0,1000
2.1565810074790823,0.1885676214475724,0.5806225285646239,0.2108667493784817,0.08142468449339225,0.0020448673159148946,0.0017239800290540603,0.04690040078447773,0,1000
2.1527927765931687,0.21014158604573657,0.571427768560001,0.18726488508137848,0.08351536413513352,0.0018844603109024354,0.0016137825525996195,0.049770589811487985,0,1000
2.160299713294608,0.22034262898491055,0.5682070632269404,0.11591362726247632,0.0809173003526711,0.0015908893819464606,0.001323496227101465,0.04665485873087327,0,1000
2.4366489962002427,0.07154173660270262,0.6959696961647409,0.18763393640173837,0.10499706886634178,0.0028493556959946686,0.0023243414898058297,0.047300004170439135,0,1000
2.2765177669641448,0.12727720010271534,0.637335729855677,0.17526420611420934,0.09307118816105371,0.0023336421422164764,0.0019314422621813695,0.049558859097905895,0,1000
2.266698903201991,0.07307040187322734,0.697504004066807,0.24068309385306702,0.09740711991975891,0.0031184079275746054,0.002636337495377168,0.04807804807360644,0,1000
2.266204770385839,0.20265082041863744,0.5762471712299113,0.06207418363459731,0.08798710883629651,0.0015349355444607034,0.0012439566368446832,0.04959076380819225,0,1000
2.2746637983924782,0.11923278643840515,0.6636264172629712,0.15019520790439367,0.09743597221058847,0.0027337196312510114,0.002170065472779839,0.04499414149746484,0,1000
2.314977635968845,0.17972750991104222,0.5920029007732165,0.11226477914142272,0.08824349509148637,0.00177580102435376,0.001433116985480757,0.04636763530669657,0,1000
2.1762400870170793,0.16115252480256154,0.625049031234741,0.1868724890748543,0.08748997943671367,0.002181739394719458,0.0018468959991325643,0.04722319974139979,0,1000
2.3084820445548364,0.16571551944673232,0.6070184550441821,0.14054280947814413,0.08939239122380126,0.0019564236016520083,0.0015913425305162576,0.0461836836541467,0,1000
2.1954790385908898,0.18784049549799167,0.5789781421772396,0.11665575317699908,0.08322002886460604,0.0017212569584355557,0.0013970493426058565,0.0479823832054642,0,1000
2.1036585849665212,0.23804995268900478,0.5457427168095189,0.15554768379874154,0.08116312361315393,0.0016296404549771034,0.0013943858664810763,0.052200286626279103,0,1000
2.2862865784111635,0.20779343259788527,0.5703574444896009,0.09572033529388024,0.08504405301147885,0.0015669858049385788,0.0012754437585875838,0.04653707385592961,0,1000
2.246156527556137,0.20231250196632553,0.5853177314467221,0.12439751919018795,0.08873822050379598,0.0017227686190758953,0.0014505487336498935,0.05037982087111278,0,1000
2.174410186406111,0.124844676988714,0.6515842510137101,0.25388319565986683,0.09349314629892737,0.0027762556365848326,0.0024469371367960243,0.05293486659187307,0,1000
2.2641891987636495,0.1987677709101405,0.5785255601340462,0.11907342453821744,0.08939640957212865,0.0016972367771904645,0.0014189485732663337,0.051969403736366764,0,1000
2.363464794945576,0.09195527421455119,0.6819414059487509,0.1823030870064552,0.09979602541499559,0.0028416894210705206,0.0023085417452553773,0.046247366291233355,0,1000
2.142671655037373,0.1811156890946248,0.6016722057511947,0.17511399942954614,0.08524765046208904,0.001994920364770874,0.001694790396715332,0.04935536164586589,0,1000
2.141871865791046,0.26938696409997054,0.5177128014064216,0.15898204690727807,0.08140418783649007,0.0015118777026702636,0.0013018943180246572,0.05251397973184619,0,1000
2.1789383709883694,0.20675267677891404,0.5783645088331741,0.08964488233760028,0.08535671022001853,0.0015927704274452783,0.0013197064969592974,0.049982223562798335,0,1000
2.238691321736697,0.06076830508016117,0.7164821797491487,0.21934754889917243,0.09867636280701116,0.0031600762294131174,0.002636618833470936,0.047267758324253326,0,1000
2.102990790306085,0.2579796665018143,0.5409663591407383,0.14488877404621933,0.07798994620909473,0.0015241723433405672,0.001305080526998641,0.04704249444142997,0,1000
2.264239194399815,0.1662280678342921,0.6106611553942967,0.11802131764172609,0.09009856516322844,0.0019139688819169837,0.0015673205912124873,0.04826965367776602,0,1000
2.1722249877359827,0.18226768925828285,0.5989144779066539,0.13633787811287815,0.08560097120571428,0.001848200469515216,0.0015411068737352675,0.04904305881627967,0,1000
2.28715843416598,0.14168112691428092,0.6223557598704577,0.14146353151777422,0.08907665751848838,0.002100958007272541,0.0016731741607508787,0.04467156719013247,0,1000
2.186664567024788,0.19854274079928302,0.585803768437138,0.12265820736136777,0.08353567496385936,0.0017049136243991432,0.0014089799754772427,0.04665130754791239,0,1000
2.2596708800154723,0.16200759921631713,0.6177224029985455,0.1418107596388397,0.08706211790719798,0.001976607623007042,0.0016064667240286966,0.04390156259869121,0,1000
2.182957685205763,0.2365822728842301,0.5484173105387682,0.09275076654457706,0.07921003057392324,0.0014319533855284706,0.0011786177722131295,0.045998855839219074,0,1000
2.392802611230716,0.15763700621117344,0.6123694645068029,0.13369008837613902,0.09495040727854955,0.001993820772373468,0.0016278784856815502,0.04851446542747309,0,1000
2.132586637925726,0.24452192510363302,0.541583868192076,0.14549569896563122,0.08369709411971293,0.0015754865726144123,0.0013533020533198542,0.05395294916679561,0,1000
2.0157633938965294,0.19637638164218332,0.6067385069753443,0.25771174311793454,0.08764951473533236,0.002346720534414458,0.0021279058792948173,0.05395144714210224,0,1000
2.18502215630171,0.18207706383520766,0.6028604231302741,0.175893087731065,0.08513893191604703,0.0019022255865516224,0.0016153992675265122,0.04737390481353544,0,1000
2.171707602995654,0.14372359819750566,0.6406813935124682,0.223353815881937,0.09151888551495303,0.002492571089474879,0.0021670956427925765,0.05116547357499959,0,1000
2.1483694362319765,0.18274433192040926,0.5956293892495147,0.152340411137427,0.08735934344892217,0.0019270105370458562,0.0016380781718018803,0.05299031650941915,0,1000
2.226518777188555,0.17425140973384948,0.6016061713803366,0.1564502979457115,0.0867722933780541,0.0019472770357973654,0.00161660993732948,0.04772459815244933,0,1000
2.0860181503034445,0.14961588385490376,0.6300314497398278,0.2949305381881391,0.08882247582547452,0.002762285678122902,0.002473909518647465,0.05203445389036319,0,1000
2.3576335251093363,0.12558239857294587,0.6546060431970727,0.1340616045361415,0.09589697287115619,0.0022418905457151617,0.0017952183457574356,0.04416253075366217,0,1000
2.124569467716181,0.16133622474644532,0.6221644839287768,0.2010164544874216,0.08596451914406678,0.0022417970013443116,0.001915173166764515,0.048816929150255574,0,1000
2.210807072778007,0.15015286830416358,0.6255916645942492,0.18976628707725846,0.08534977058141745,0.0021841929136829493,0.001805031852634754,0.04401412381869439,0,1000
2.2133997976159243,0.20349493903878255,0.5661774610429363,0.12621889697506988,0.08340146698694711,0.0016691879249855308,0.0013746914258764378,0.04902735591053302,0,1000
2.1139925288089634,0.19773457869854583,0.5895922228887548,0.15546487099074288,0.07942840923446153,0.0018102357264128915,0.0015115060302483736,0.044677312713670564,0,1000
2.26231470446887,0.10185120222127345,0.6768942745792301,0.24490493597253699,0.09199630468845395,0.002823291173081682,0.002364790517620041,0.0434036631188276,0,1000
2.160764021267608,0.21079338344599172,0.5695740131494876,0.16370083631304522,0.08042202648489602,0.001748369884933446,0.0014647897384930135,0.04636708145007486,0,1000
2.2135667971726973,0.19551058177629912,0.5773222178891046,0.18614877854011821,0.08303571347674721,0.0019110817017150557,0.0016008293355207744,0.04634695434442203,0,1000
2.076711914660538,0.16515513816265576,0.6259044340136202,0.1872730444704247,0.08506904324968585,0.002176343499255132,0.0018638036521393248,0.04892246096035529,0,1000
2.126718034929746,0.19905086244314882,0.594358625407336,0.13022241911306195,0.08435608818764255,0.001777396661030707,0.0014990998433000188,0.049018475442828134,0,1000
2.3163610441877593,0.2258499198746803,0.5518070202394451,0.08657238454341827,0.08516880561412309,0.0014515896190635754,0.0011861228619097699,0.047679552646170756,0,1000
2.122393011944177,0.25733977095822413,0.5254659762619006,0.17004269797694083,0.07873138364693698,0.0015874172309036446,0.001358513206678233,0.049896717732852994,0,1000
2.2581000432989518,0.21163049481649898,0.5592126548456275,0.1048433337118203,0.08195960263819031,0.001553747694763594,0.0012578768834076682,0.045793909167526785,0,1000
2.3648754586160727,0.16035082568423437,0.6138285171899084,0.13010875961570148,0.09294575243700144,0.0019591732683486448,0.0015919962679511505,0.046658080553169355,0,1000
2.1115830675527563,0.12581131883971633,0.6525675753011428,0.24205980970970645,0.0884128437135538,0.0026708238078091188,0.002311643661539566,0.04960109048944318,0,1000
2.1348130635001095,0.2153887222348734,0.5627121901295461,0.1742692242090768,0.07795791003327938,0.001777949815655882,0.0014875109104209756,0.04478213750011681,0,1000
2.337111346740153,0.10869315969925115,0.6668019628897717,0.16666777601995986,0.09779594064368682,0.0024520025763394575,0.002010408631497676,0.04702731218835169,0,1000
2.1944332315953656,0.143916717623727,0.6370319179574873,0.21822166557705114,0.08721924593465019,0.002489429660667052,0.002085707192839331,0.0449972253089446,0,1000
2.1736770939149115,0.15792389699758438,0.6294692116294749,0.18684452678701285,0.08675816494122535,0.0021999956028035668,0.001852626294648282,0.04631629251601268,0,1000
1.9936449516365657,0.24787320680298972,0.5476408530175707,0.23240080119123252,0.08004322046872608,0.0019331515114871195,0.0017146548500407521,0.05187297320531409,0,1000
2.2812590008162403,0.19979939355471454,0.5752412286367253,0.11030670545619485,0.08521078580031857,0.0016435183895814277,0.0013388204197373904,0.04650721605796277,0,1000
2.288024550571787,0.11849148343593759,0.6603447465515799,0.18196050407600145,0.09660833861656587,0.002483441808877776,0.00208982528654278,0.04997465638388072,0,1000
2.154801474821149,0.18394982822490552,0.6053352227435677,0.2215520216460549,0.08416892400605049,0.00215247959730747,0.0018513675339236525,0.04632092408293396,0,1000
2.0769852330326675,0.1783504505278688,0.6095090536210412,0.18576445521414633,0.08019878852976997,0.0020434359419769232,0.0017207049665969108,0.04480120160697901,0,1000
2.227141057413423,0.0024042792304306386,0.7685386083525803,0.2566389877942771,0.08998144087992484,0,9.320433343659154e-5,0.034671963158410125,0,1000
2.350405089299211,0.2013089895740199,0.5720975351137806,0.09791540427846629,0.08840655131873669,0.0016105597872118642,0.0013082476313808751,0.04776934894763804,0,1000
2.064427969385131,0.2454344622716806,0.5419574098325782,0.10788828976199694,0.07673101274039941,0.0014526268577165105,0.0012173404231293186,0.04876967339346501,0,1000
2.247609240552669,0.21068732419428565,0.5698129838237709,0.1231219623231901,0.08635559398004938,0.0016536183834188224,0.0013797609027046895,0.04985914847865791,0,1000
2.1623026073178058,0.188141878291401,0.596490721085612,0.19925854676900825,0.08187441935979574,0.0020463709648640945,0.0017239824833180021,0.04418090521968728,0,1000
2.1400082890220373,0.19717799365152783,0.5968168112000837,0.19199736120149807,0.08736968363066759,0.0020022054546574766,0.0017449512460434955,0.051478781976288135,0,1000
2.2690873425889078,0.17712955724540907,0.5932493296446638,0.13480310685799007,0.08789807693644187,0.0018608119534546737,0.0015241772500544377,0.048277127487834574,0,1000
2.162745769031443,0.20781132395000212,0.5759168291768764,0.20362371909931107,0.083964818645642,0.0019461289062530276,0.0016746623551494666,0.04921325302780769,0,1000
2.1522442508755457,0.09982495682573934,0.68232563532575,0.24967069015126686,0.09948010562207069,0.0030545144082672285,0.0027608114767323443,0.057766316248345294,0,1000
2.181380807928575,0.2056908681623813,0.5862743275276528,0.1633185438685672,0.08584916166153307,0.0018478111841756348,0.0015779243936187837,0.04921276586765333,0,1000
2.291397809012541,0.12346238375322563,0.6570417671526951,0.15247126850562076,0.09291948853073552,0.002303590830497892,0.0018636657822873545,0.04435406697821831,0,1000
2.16178178312738,0.17475062374242745,0.6021075298387387,0.21403707836928584,0.08714215848613127,0.002173885930385187,0.001875852531586851,0.051299828095170634,0,1000
2.2393149462552184,0.12931431759135248,0.6426283354568899,0.17316386653848814,0.08948737161761461,0.0022855060098359737,0.0018659163367387545,0.0452455124981668,0,1000
2.3094529452394443,0.1567578455996944,0.6156160662286081,0.13886594078785283,0.09439879928959868,0.0020197094260472484,0.0016825890336480693,0.05165975929052749,0,1000
2.240534878552078,0.19409014814203288,0.5808890177743382,0.1002537144316391,0.08543225212681965,0.0016590779597133892,0.0013504747271484777,0.04798304337746042,0,1000
2.2576016853631975,0.16392281481292806,0.607362643900287,0.1486700230494743,0.08911418850197353,0.0019884534381948357,0.0016416896753065609,0.048962189997924094,0,1000
2.1017273075842917,0.188445251092545,0.5982023481266567,0.21650844694508817,0.08394088596171506,0.00212111804640673,0.001836838878642057,0.04950609964552051,0,1000
2.243213110533493,0.18552483279698503,0.6017587185761074,0.20102006444883536,0.08598446723144003,0.0020667737544207304,0.0017521337505734611,0.04486966850632883,0,1000
2.1854618400894017,0.14209370548910003,0.6426616244172813,0.18389252997001365,0.08654241179524541,0.002178284779051358,0.0018186606947111373,0.044446336116596305,0,1000
2.321883691097104,0.2200095472777749,0.5477866109153028,0.054961554849030446,0.08498353170386629,0.0013955066947818734,0.001113822463405253,0.0482556723019849,0,1000
2.3447691937705963,0.012283958582146242,0.7464484469496315,0.2248704540173867,0.10399958546339318,0.003118430089470946,0.0025362390372937913,0.04457951595636648,0,1000
1.9752411814861794,0.2324802466757645,0.5718400180700255,0.25307278596048755,0.07505087477133554,0.0021004908752465926,0.0018434612291093344,0.04327433084558307,0,1000
2.2464514686418418,0.15344974234867761,0.6289420218148877,0.20007420029414452,0.09218232896887567,0.002276453867021129,0.001950101925458544,0.04994560934725309,0,1000
2.1490624243645358,0.12044186216060673,0.6632028162754304,0.215936009849725,0.08931498876505176,0.0026114471443263866,0.002212531072453507,0.04699382948100485,0,1000
2.239114804776936,0.17235852047640296,0.60669137908221,0.1334935386204073,0.0878710596875431,0.0018866360183207936,0.001557779448611727,0.04786169937593808,0,1000
2.166460548771908,0.1578619047800536,0.6200302092949529,0.20033497897192082,0.08797948738300689,0.0022461899757741034,0.0019185115756783233,0.05006412295724037,0,1000
2.1811919501559522,0.18303190715235607,0.5902568050522755,0.1907682015388832,0.08250388409939768,0.002009786340344016,0.0016797526927899815,0.04583877985520499,0,1000
2.1006992907507356,0.2433384906356031,0.542526538278407,0.1310278452735429,0.07688852098848102,0.0015283281517142148,0.0012841454600317414,0.04725355356935483,0,1000
2.16119369948318,0.14390973670945148,0.6484234042534177,0.24165006075703696,0.08670097447622453,0.002550775570384724,0.0021807002396066403,0.04379582385562966,0,1000
2.286641596352771,0.15421806562112036,0.5982606787958505,0.09164863756637591,0.08719197656956447,0.0018191010829328295,0.0014115931285190678,0.046050365334680154,0,1000
2.1119773544401954,0.16591298418177647,0.6335148679874448,0.21819770948014025,0.08509731987420999,0.0022919338816138933,0.0019780829084704754,0.0458651385055413,0,1000
2.322635760856177,0.1112994908889705,0.6652678052631791,0.2729623232682846,0.09552858101370151,0.0028871856190965666,0.002484681208597264,0.04627764098935487,0,1000
2.3905481779989004,0.1217699447409562,0.6388605715968279,0.15182207245198687,0.09267723028175857,0.002209515249379126,0.0017333638427632426,0.04226259420982775,0,1000
2.2211549676984497,0.20104547424415467,0.5775635575302485,0.12625435220587589,0.08830715950472853,0.0017232598760997607,0.0014512194512387487,0.052617011908225965,0,1000
2.090659161942802,0.19761603492934254,0.5943753313607614,0.19979983764150305,0.07998331092326903,0.0019969714065100628,0.0017029333061009593,0.044996662286473754,0,1000
2.101454436726545,0.16999608298423163,0.6217592720098173,0.2337689028587064,0.08579539557027466,0.0023424484459251514,0.0020443337737318422,0.04881108168612949,0,1000
2.2286854211208214,0.22681969719587314,0.5439240290164831,0.10401647490840743,0.08061011559385525,0.0014899107411431105,0.0012160765064176198,0.04725291151152086,0,1000
2.2046686420176864,0.1951357810685141,0.5924048215886601,0.08517064139426683,0.08657026652225087,0.0016585079131291823,0.001361447974416547,0.04836254927629576,0,1000
2.113963880351698,0.21297934052864617,0.5771760847906284,0.20058058904851064,0.0803565889141948,0.001899251545271694,0.0016277241235839353,0.04625608985171623,0,1000
2.1110767460659945,0.21166341716308754,0.5687972379543214,0.17800132606716712,0.07966073957037356,0.00182261982371149,0.0015409547691909095,0.04735796083909347,0,1000
2.1809606335443483,0.1972934801061188,0.5889281539906454,0.17875097349502203,0.08804022622175939,0.001932831754392876,0.0016680829715729607,0.052107011647622825,0,1000
2.295507720710791,0.17610053315922586,0.585516706077418,0.13564693609920192,0.08936786576378324,0.0018479640369472522,0.0015179136638040621,0.0506343743171628,0,1000
2.1533276827860974,0.17184326361956975,0.6074237994412183,0.22959654387905803,0.08539759108532048,0.0022091166505097395,0.0019119515293703696,0.049514012873525595,0,1000
2.1661986890171487,0.22568823681911476,0.5697863384533932,0.0984093773700419,0.08567174252666143,0.001546286882740081,0.001309152982800393,0.05122425949426544,0,1000
2.184782793248598,0.2599363626855705,0.5244736616634847,0.14321617985708715,0.07889839699369021,0.0014922591771345723,0.0012603411095803555,0.047498912818540344,0,1000
2.354746484805771,0.20265722953590257,0.5618351215386455,0.07215076194296365,0.08674518854242938,0.0015081720444564963,0.001200004858776744,0.047193074162075334,0,1000
2.2848561266145757,0.16374885235482559,0.6063905398482523,0.1249984068993355,0.08952829728403308,0.0019272290056312207,0.0015651566762826074,0.04783204142065981,0,1000
2.3925155894481875,0.16305896384208768,0.6033095831876643,0.0730607736456319,0.08993209429236783,0.0017686615058993265,0.0013555139454731267,0.042124675569552954,0,1000
2.0728746329971917,0.2748161425626556,0.5141480772740908,0.15506524467537525,0.0794178180542474,0.001470418381859895,0.0012695093817013013,0.05365993967725987,0,1000
2.1871112672234507,0.11447117467217907,0.661379159028193,0.24174144221108543,0.09245468224420064,0.0027549802904832965,0.002383360345865167,0.0504499055414472,0,1000
2.3125985559038726,0.16288039579312982,0.6220280026329464,0.1594886880281491,0.08971802722947873,0.0020436565545039337,0.0016855008092741576,0.0443180158530367,0,1000
2.2805953574564914,0.16088189328466396,0.6124371458993922,0.15804462168923436,0.08941967960817714,0.002030475660659382,0.0016727752801632178,0.04670489475406249,0,1000
2.1008142074775327,0.22544509277074243,0.5696316613121418,0.19273404243931136,0.07831050465055067,0.0017473083870428313,0.0015030029398114565,0.044767016255106144,0,1000
2.198747604552085,0.21235549842787274,0.5627260485586083,0.1146053384176155,0.08333077465200822,0.001613979224904707,0.0013357778397337199,0.049793741622025704,0,1000
2.311885409572937,0.20582386577772424,0.5561226289008371,0.12481386911119526,0.08370442107717993,0.0016387514020325081,0.0013273193249343414,0.0462514875672754,0,1000
2.097513541787403,0.19034701392502235,0.6002797753753697,0.22289537380936364,0.08461663160931723,0.0021565421877894338,0.0018824307662245344,0.04972882212673138,0,1000
2.306950213503542,0.1020588137156505,0.671545629670555,0.19168416902237484,0.09873409041954619,0.0026348681436428514,0.002215532356766584,0.05016336212084638,0,1000
2.2199829429893008,0.14610654368379944,0.6410199699757113,0.16156554875828189,0.0900279361239023,0.0021827125431710293,0.0018154404351170485,0.04643027091681751,0,1000
2.1897991228833664,0.1350806471435064,0.6414099955004158,0.22126827054600073,0.08932227119061312,0.0024829910953862162,0.0021133995029430446,0.04830852860053422,0,1000
2.1840821837480497,0.1483953563827684,0.6466271776714423,0.25241359535778113,0.09044492550606803,0.002608613897852424,0.0022793280003565383,0.04741734793645697,0,1000
2.270928004908229,0.15216178355542598,0.6245334090950958,0.1929229039477988,0.09143720976966688,0.0022482311225685003,0.001899794460485931,0.04905940894431163,0,1000
2.4349717478092985,0.15052824279763868,0.6177750397243558,0.1465983782701636,0.0930551470020652,0.001991255083086796,0.001597656202783076,0.043881864275189406,0,1000
2.20945014798812,0.18235863362587829,0.6067248722253438,0.09932684600031096,0.08938361441988682,0.0017838620232611907,0.0014788009356619869,0.04981303211612047,0,1000
2.2919073297805816,0.14602813960677952,0.6165172088803073,0.12417618368083201,0.08912543121367666,0.0020074495052656532,0.0015895254256620055,0.045304753192348626,0,1000
2.132791526804376,0.22380748605717013,0.5624307684329107,0.15284652397452053,0.08026664575416105,0.001686596435021793,0.0014258579275281508,0.04759028037913055,0,1000
2.1380996130564878,0.22818494390038493,0.5514226832943119,0.15945316589742023,0.08517447124833398,0.0016680411078853303,0.0014380711653050862,0.05528929890726984,0,1000
2.089620571277512,0.1610668174650894,0.6278224137432461,0.19759379120516604,0.08376337462414689,0.002214401713251051,0.001885193077495247,0.047100409400134144,0,1000
2.1710538046660464,0.10091593125045202,0.6746181810921803,0.2143573324357997,0.0922624056994599,0.002719938291952698,0.002300776695791671,0.048954307258748116,0,1000
2.108359867648837,0.1991125843170068,0.5848701411383895,0.17755278214689205,0.0808722857661243,0.0018967053048473518,0.0016033889423268887,0.04722357035929211,0,1000
2.1871077748148195,0.15581904905978708,0.6237985892111503,0.166467890320965,0.08772993101914534,0.002116032536195495,0.0017690090607443503,0.04778932524124423,0,1000
2.095033101595559,0.22353103632948096,0.5752926822663904,0.17620954704094133,0.08099218685070887,0.0017964597469012425,0.0015469462169791135,0.04769679814254729,0,1000
2.257320499912222,0.1920595568778197,0.5863125637264606,0.1530703423059826,0.08414455414641721,0.0018339944076841718,0.0015113528145042875,0.04452894769357058,0,1000
2.171579392417977,0.24692696146308224,0.5403790789772778,0.11598403253651353,0.0800900136951509,0.0014632842215037542,0.0012270265849854355,0.04827397128651102,0,1000
2.271255256906723,0.1263653819743671,0.6407270149245229,0.1623495548166223,0.09274277056730922,0.0023093487885917307,0.0018890721652706757,0.04839517022024789,0,1000
2.2311817558136178,0.13242627258514852,0.6338608355911567,0.17783598702495618,0.08828190893724565,0.0022381805145312065,0.0018312715703190105,0.04598063005504651,0,1000
2.3417775334531847,0.07512493137822533,0.6796171368987017,0.1797043420623924,0.0986533459208559,0.0027587104814814447,0.0021941083735647917,0.04627365368432087,0,1000
2.1604101457053235,0.19628184339531488,0.5900434190934414,0.20689620101528675,0.0838423772141578,0.0020265752961200925,0.0017379841184487512,0.04742658513226624,0,1000
2.094626112568706,0.16206493917098147,0.6341393977982859,0.19521754435760275,0.08935201959110702,0.002275558628383937,0.001992154933879868,0.052071621182821166,0,1000
2.284772973136181,0.16064103740114494,0.6132382745349353,0.1497416652318462,0.08818017671614618,0.0020185183124934673,0.0016420238995110044,0.04511619298204528,0,1000
2.0494730038797577,0.24818855089308692,0.5514448406571676,0.16821345892762155,0.07556222115641328,0.0016387402489969787,0.0014054948467116402,0.04531500692719694,0,1000
2.161571566769303,0.26598027945958436,0.5167045647214227,0.1520274796019207,0.08312727344286013,0.0014890458659585258,0.001279719854024515,0.0548595761284305,0,1000
2.2370694760799688,0.15414953017089,0.6234367199013432,0.14780105944137334,0.08961642055908904,0.002076098732570701,0.0017103487053008917,0.04750223236043318,0,1000
2.0659288762002554,0.16738467113552613,0.6353086935716703,0.21304586717690713,0.08621385806919732,0.002308637553724589,0.00201661563455157,0.048553721600550874,0,1000
2.237244185433926,0.11873339901977564,0.6551516956793697,0.14949330289795698,0.090833761583217,0.0022991309850641352,0.0018530003314030429,0.045512166603917395,0,1000
2.332485845574527,0.10908841295719102,0.6638045697365115,0.17863264984700886,0.09875755275063773,0.002516311281927013,0.0021004211126880424,0.04966731971376729,0,1000
2.303948106918256,0.2200881960145521,0.5613178268309179,0.1330908191836621,0.0928137856258701,0.0016426303764755699,0.0014062701695554927,0.055665228650419646,0,1000
2.163610969229518,0.11476800964352811,0.6484093710497615,0.19824889712174176,0.08663048105711295,0.002492824458613158,0.0020340154084732957,0.045336619479364175,0,1000
2.2319352227305784,0.19908024028884805,0.5745184214617746,0.16997830727856664,0.08401285231734318,0.0018406456524116652,0.001539472336143299,0.04735517956332625,0,1000
2.2263542918489247,0.138138248811678,0.6424243304988801,0.18904111443281038,0.09016093821762548,0.0023244735499973294,0.0019458140903169925,0.046877497905163885,0,1000
2.1646048174827186,0.19562295980332392,0.5837398287432173,0.12859536944884759,0.08468385589678824,0.001757424444080636,0.0014637324067048338,0.04986113781051721,0,1000
2.2310157841452387,0.14647126600766888,0.6311594833098852,0.11871684126226789,0.09061510051585404,0.0020619780566223204,0.0016650980385595707,0.04711200245043612,0,1000
2.171400484587206,0.22894682292450239,0.5567643139057885,0.1368898143619378,0.08006836245152431,0.0015910981184990298,0.0013310002260647103,0.046195602181115764,0,1000
2.200113355499713,0.18371295939342394,0.6076909960915248,0.19094222025724247,0.08834358006824193,0.0020768601130856847,0.0017845228308992892,0.048903078285484146,0,1000
2.293985066552704,0.22526708079545996,0.5581082504945074,0.15772408599038784,0.08548816089825038,0.0016887661903659441,0.001421042120946132,0.04702268752286097,0,1000
2.274132222372081,0.11896859107442338,0.6491191163719149,0.16943995219051433,0.09542287358420047,0.0024060850117950507,0.0020021807626210246,0.05045053475773248,0,1000
2.150111300876941,0.1883171464181469,0.5957231955723815,0.19223522366982404,0.08424548015433107,0.002023251736685638,0.0017249954048003092,0.04824003315040385,0,1000
2.274804798229428,0.22636211989676425,0.5574820942370833,0.11530561055826766,0.08538668091065259,0.0015529064537015689,0.0012953029840396804,0.04850361867791714,0,1000
2.042670136692425,0.21694889180159208,0.5632024126022145,0.14765174255789423,0.07705790943863929,0.001672281023389189,0.0014069348891878582,0.048518120929050196,0,1000
2.238953384610857,0.09632078345531511,0.6788980023144827,0.19655120384506586,0.09381851918661097,0.0028270025794842413,0.0023399617721705937,0.047274264629215,1,1000
2.153734697026128,0.1941256152149052,0.5927370615386875,0.22511402985743417,0.08650246534985828,0.0021294140542814886,0.0018586193520128587,0.05020738114203919,0,1000
2.1725066991029585,0.21827275277506802,0.5705008345889618,0.14432789457745343,0.08341889610082076,0.0016959812917759526,0.0014351474987506954,0.0488602594197817,0,1000
2.0864056907918496,0.1784411207397377,0.6147387922917025,0.2275073392787204,0.08251166471720654,0.0022396188282717794,0.0019320383911003553,0.04605800810048317,0,1000
2.264771082531705,0.17956447167177836,0.5840312143166226,0.102485950529893,0.085921658622557,0.0017330717220991126,0.0013859066442774592,0.047577273915359646,0,1000
2.2088247086440047,0.14537990218697866,0.6355016489470894,0.18519722769395058,0.08858488325168086,0.00224318233031988,0.0018811988334854041,0.04698095460056108,0,1000
2.2510943592772272,0.15745301834661232,0.6115970945157996,0.18310664488992504,0.08723757975291878,0.002113179739574796,0.001748234747996188,0.04649111642295816,0,1000
2.2956580710650876,0.14410905084038722,0.6194924390011118,0.12395286392546428,0.09375264633356795,0.0020608203266473447,0.001674705893128453,0.05023428679490534,0,1000
2.1608133297782985,0.21360171632758312,0.5769161970999556,0.18698404532099522,0.08446968774280142,0.0018682205152133248,0.0016095641534422784,0.049294695991903253,0,1000
2.1129049974019503,0.1858397144446101,0.6010039153418821,0.170393309074594,0.08204345219578874,0.001959850480574383,0.0016516135283159172,0.046619255338821504,0,1000
2.246439189995626,0.17889677494851652,0.6019385642231692,0.17880520519837914,0.08567603596372764,0.001990832606108795,0.0016598463133096607,0.04496407094499395,0,1000
2.154431830889883,0.13661618489472885,0.6467561476101572,0.14800420686677632,0.08701999153031476,0.002211602585241658,0.001803589601462317,0.04497813022154903,0,1000
2.3407332362917894,0.18951868699115984,0.5752977725321032,0.12635647981642886,0.09117169594459172,0.001745215916343048,0.001442827895350278,0.051992707729264155,0,1000
2.3008085424171374,0.227127929488918,0.536063853036748,0.07812140632294058,0.08214806343462555,0.001390832772226013,0.0011176158479901702,0.04773587745187635,0,1000
2.3084675874455365,0.21588840992599978,0.5566706903315293,0.06994131309442224,0.08416649645300946,0.001455145265284713,0.001165381119482344,0.04631613670745901,0,1000
2.3144476731278316,0.13887904427539993,0.6346904025333134,0.15330385771607144,0.09382921283793896,0.002202529504478259,0.0018112147505903171,0.04807453151489056,0,1000
2.114347221756955,0.16638875834437808,0.6218662244995053,0.1973026665275482,0.0864881748006391,0.002191600860714774,0.0018851890217462114,0.049689387705438334,0,1000
2.2005849920698024,0.1724932364358031,0.6039250716421656,0.14256113185410496,0.0847370039323116,0.001901596537871404,0.0015594824709069647,0.0460500286446031,0,1000
2.1806436987662186,0.14391709810643,0.6332089594892566,0.15659468925253522,0.08906076967976694,0.002169789792298475,0.0018018659304538825,0.04886761434846277,0,1000
2.1411627405308544,0.1998910639619638,0.5841883193383574,0.21637181376937217,0.08338596670426082,0.0020202653410918117,0.0017422137442721693,0.048188345899582964,0,1000
2.0970998980983517,0.17719391779561192,0.6206439881703334,0.1974479680395914,0.08400554469428013,0.0021356339132138674,0.0018344295812101168,0.046460419276172074,0,1000
2.2303825537769226,0.093234872486498,0.6968434769771308,0.2039003291990942,0.0969792662366161,0.0028240740434786063,0.002390844736528161,0.047720473775674455,0,1000
2.0678626646456033,0.13427599026919976,0.6630129373457617,0.22866164976087056,0.08568578004705411,0.0025797509085216407,0.0022182872620379835,0.04567690738947997,0,1000
2.195819120691802,0.09657511393512651,0.6819887488369837,0.2774101552780336,0.09561977490007537,0.003131736053977009,0.002763780037072961,0.051148229117216934,0,1000
2.2353244197672515,0.23295633373827093,0.5506041056967019,0.11822854531642417,0.08295133435545007,0.0015236413346046394,0.00127035894197273,0.04806255221648095,0,1000
2.3143822970246553,0.16338812396892705,0.6107552125909929,0.16813520995419298,0.08970693096552841,0.00205484723453557,0.0016956912946625771,0.04602370343320956,0,1000
2.1341661869571813,0.15887689165725458,0.6163664599170006,0.1793915041222551,0.08499063800122712,0.002114800536663979,0.0017795135501231759,0.04892707020822758,0,1000
2.1747670988622643,0.1889511183110819,0.6075852570060338,0.1459897229746397,0.08608269438919947,0.0018829632372401829,0.0015884862074064092,0.04709543639763575,0,1000
2.3622942452122864,0.16719704607520144,0.5831288629284803,0.1208358499320052,0.08864460188353031,0.0012442652402209122,0.0010424285291835988,0.04519871161839069,1,1000
2.1789928577603628,0.20140688801714604,0.5807270031436362,0.15312142313498592,0.08398735200142807,0.0017970876324271505,0.0015117894840982315,0.048851026891169685,0,1000
2.2011713939101454,0.14106621098599534,0.6338044496001284,0.223171936547851,0.0906653056975118,0.0024748120987221804,0.0021244374356680705,0.05039128228366954,0,1000
2.2871796941407814,0.12001159502402899,0.6447880176131942,0.1570448561223944,0.0966065479738253,0.002347603084744091,0.0019599063940177767,0.052859436582208354,0,1000
2.25738124371989,0.17649664195424253,0.6071819729309841,0.13519340277945505,0.0874186327005501,0.0018891089381953589,0.0015535232536375751,0.04584459822277202,0,1000
2.257918791422455,0.12409990089583917,0.6428199439991262,0.1490278130999701,0.09305986834311696,0.0022762718460664078,0.0018580997445668307,0.04888830359454191,0,1000
2.15184745589737,0.1914082112087464,0.5991160020441181,0.2049829690794318,0.08627742397938294,0.002070492064370759,0.0017927146839508614,0.04937058570166386,0,1000
2.2574106124999442,0.1306699269666756,0.6331999714126535,0.1958939845489465,0.094504996232164,0.0024089531386395206,0.0020533713450570676,0.05336753938113686,0,1000
2.2256761116055093,0.15982251464913821,0.6132872787964138,0.13394141657447173,0.08606069784099724,0.0018825248641827202,0.0015316041849328546,0.04567809192533105,0,1000
2.2235774705254294,0.14638417048678995,0.6277316385484217,0.20367439490680625,0.08877814848478104,0.00230142369025991,0.001936244488570017,0.04768963832907467,0,1000
2.183126263978347,0.14089529558905986,0.6488803354638202,0.21867909552788428,0.08834397490768427,0.002450060849344397,0.0020823203020115056,0.0452647150122484,0,1000
2.206885400504565,0.19059151772861038,0.5800553169267797,0.1706984877380917,0.08759403714314094,0.0019039470435571956,0.001618245272045272,0.052897231276643426,0,1000
2.048384697123416,0.18138043059875403,0.6170170035476148,0.18775693845817235,0.08147487528355674,0.0020864928283574726,0.0017848706643681486,0.0461416381596498,0,1000
2.1510630593291373,0.14807403224389945,0.6261887619017734,0.2802063830720381,0.089057751144544825,0.0026970057431231296,0.0023767198237694,0.0509035800517063,0,1000
2.2896545896406653,0.09586181678611114,0.6703335206923386,0.22280164804301644,0.0956682836123642,0.0027715050327346766,0.0023187397990097306,0.04785621003175933,0,1000
2.163721998067282,0.14526290821908966,0.6468276443173359,0.21561182047498406,0.08930030401985775,0.0024192831170204107,0.002083760175662965,0.047878720630292235,0,1000
2.1326814158754592,0.18764923969701164,0.5968739742150991,0.14053553989225268,0.08448817946407712,0.0018480463195571293,0.0015511397956011223,0.049345467682721716,0,1000
2.3122165179755005,0.10142694698739109,0.6625180576901101,0.19838698349007097,0.09100147590821785,0.002487611773470044,0.0019906501291516703,0.04147001198516203,0,1000
2.1710564997253115,0.23949353789707148,0.5431976798160213,0.1466168880705361,0.08101583084804004,0.0015902272337097218,0.0013438643580563538,0.049067781456531734,0,1000
2.113678509511495,0.17805741847347267,0.600329993935898,0.2244318979054534,0.08221891709655806,0.0021972018337413704,0.0018781938044902522,0.04699736612600035,0,1000
2.31527123419229,0.22566921413257482,0.5472558767151461,0.05376971852308608,0.08461465304453104,0.0013741600940059588,0.0011063965813261165,0.04819251578530146,0,1000
2.158711174756763,0.1443033880145037,0.6379155809231908,0.2179301989229739,0.08606409935840204,0.0023881162705925853,0.002016964875929172,0.045448716113325655,0,1000
2.2526399803415242,0.13647823407542936,0.6335529788773345,0.15579877092092306,0.08763110633686182,0.002179537634028316,0.0017512500863441944,0.043708338102166226,0,1000
2.2786221814055594,0.1483412904192366,0.6300179119205053,0.17502794162839544,0.08990145302932252,0.002194430924795706,0.00181248028798194,0.04542852262728557,0,1000
2.20177100253898,0.18991153930008728,0.5950097629195247,0.20440777162180498,0.08798169331568628,0.002060539337305294,0.0017826716108154217,0.050485942152009314,0,1000
2.227537558625059,0.1472585571347679,0.6271041291245674,0.2060056540595839,0.09217282648667313,0.002348233415411051,0.002016632889145489,0.051815643073279585,0,1000
2.120563018268684,0.25097037877819667,0.532776526993175,0.048225719036964154,0.07627818237243254,0.001256284061240673,0.0010245747674669436,0.04736949000722165,0,1000
1.9817525169129941,0.2341610850457703,0.5639219164573273,0.22612031661157223,0.07838577553521493,0.001926258431628002,0.0016987145883555748,0.04970285938375085,0,1000
2.408964309534072,0.17447684968452654,0.5692877520901721,0.03592821841910496,0.09009240187366481,0.0015482289971094397,0.0011740091050332392,0.04778189291374429,0,1000
2.1491357835652276,0.027600852781057984,0.7556434003886361,0.31921865078598716,0.09547231902144691,0.0039415963148035265,0.003429429421392204,0.04471274601202909,0,1000
2.3894647288847928,0.1402217555936359,0.6206747502080077,0.12443575541950515,0.09331859207432257,0.0020175812926306776,0.0015973641386910222,0.04564204156074609,0,1000
2.335221413407135,0.21358528992340717,0.5621327006825294,0.09128912872233667,0.08595523916512454,0.001524462180183999,0.001235436738436165,0.0463875760260048,0,1000
2.1237115986281276,0.15463890271974198,0.6249245545775501,0.18652878595398956,0.08188149493559238,0.0021719403731344975,0.001794016481039494,0.04352339847911505,0,1000
2.264130713353996,0.1334535593689165,0.6384135289184002,0.1790593518711901,0.09417278080966698,0.002363906179991609,0.001977628179142591,0.05022374094285024,0,1000
2.1626491775548473,0.17179928334353495,0.6122011615394161,0.20221703455160997,0.08554873707653188,0.0021489049615899015,0.0018306095147344983,0.04741862834912623,0,1000
2.1703542894907777,0.2379906053921163,0.5481791310867536,0.1221903972437867,0.08099669986382585,0.0015157760016364524,0.0012728663275300871,0.048747393930750095,0,1000
2.2090468109296557,0.16755838073220294,0.6068286851048608,0.19368128342667792,0.0844251631425908,0.002107373856614043,0.0017563757809112449,0.04495398621332574,0,1000
2.2049715376796066,0.18602076101374423,0.5982873912600563,0.17058706298789214,0.08366943661873046,0.0019606870433056577,0.0016317070112814745,0.04448902671668679,0,1000
2.2681647549410187,0.13420077043789444,0.6443971027332128,0.1760973544930489,0.09369919491337474,0.0023197253736632287,0.0019429135364418127,0.048875925306768174,0,1000
2.0037658587300404,0.22625585199367462,0.5726460342554331,0.18554757189976684,0.07989898649473498,0.0018250414036104104,0.0015942815996807557,0.05067928778792891,0,1000
2.0684985927397306,0.1528099422332157,0.6346040470983667,0.17854593993247103,0.07920318679519846,0.0018440042595809832,0.0015320269613886058,0.042430263538032906,1,1000
2.0845586625215606,0.19673477211643436,0.5997768695786804,0.23299153965385566,0.08300518731114803,0.002162389541768129,0.0018886549110814907,0.04720000197580192,0,1000
2.3170651349524003,0.0776414652930841,0.692514107101898,0.22149601338066366,0.098472443283029,0.002978969573697596,0.0024770486284123572,0.047117548286124494,0,1000
2.118024820272991,0.21918593010557166,0.571249826592797,0.20846860766636532,0.08054092934562704,0.001920000253918503,0.0016536333763169713,0.046314680991820775,0,1000
2.099793827782196,0.17853891280819698,0.6180184246613368,0.15446034036803022,0.08302435392734245,0.001942568298171736,0.0016361505029279333,0.04596125386296735,0,1000
2.358389602867919,0.16575839741353854,0.598016163753198,0.0425253640525322,0.09273980594042176,0.0016842980102514617,0.001305296386496329,0.04782215357468681,0,1000
2.1927013648388645,0.16431747959825563,0.6325186029108522,0.15802883794374753,0.08702890651742333,0.0020598550589365537,0.0017214391953071484,0.04474860693662644,0,1000
2.1838375038195323,0.18651379263152504,0.5976024678297185,0.23754409040548735,0.08722568712355074,0.0022250348895614174,0.001935288892529923,0.04892491961550345,0,1000
2.3270441438852125,0.16152504303745446,0.6040186229693555,0.10370584423152873,0.08990430378814783,0.0018578295657934998,0.0014733259479671182,0.04595952246049879,0,1000
2.2653240506435375,0.21271552164645802,0.5638661343443062,0.07033469749212316,0.0827295131595238,0.0014902816600845315,0.0011945215608625056,0.04525883596319135,0,1000
2.11785880682025,0.09473723734496733,0.6847625084978787,0.298272648568177,0.08841569774866286,0.0031879267668144706,0.0027639179985614088,0.0451553185389617,0,1000
2.1199685317806973,0.18249153490560596,0.6093052568814216,0.1462839869154509,0.08162417294215564,0.0018945343937951664,0.0015716318281077184,0.04442539926015028,0,1000
2.1847536807943317,0.2181044945177765,0.5673911112622899,0.17090418433930618,0.0810636836082817,0.001757416903006106,0.0014822452172798446,0.04555692701781669,0,1000
2.2103009731429912,0.163185826547744,0.6244070524844788,0.1990767222517791,0.08728047604650378,0.0022238685215237148,0.001881134997476184,0.04547553256002801,0,1000
2.1859353572011186,0.23184267972585268,0.5600251624765269,0.16785703512195155,0.08070927108896056,0.001699940304219935,0.0014419354092242752,0.04513532218471759,0,1000
2.154438365839069,0.13640178923726776,0.6418327273562531,0.21360236128359122,0.0903189119546169,0.0024839688624478766,0.0021368703281430396,0.051068904605141165,0,1000
2.291918212152831,0.10589736396937223,0.6681915817439893,0.15749102285170558,0.09503079486957705,0.0023351836652157174,0.0019137063574970136,0.046822283467234604,0,1000
