tau,kappa,beta,tau_se,kappa_se,beta_se,convergence,length
1.748561686148539,0.6747747882613294,0.10273321552936998,0.05580122729478977,0.012859633822412066,0.03066419490449537,0,1000
1.7436774474901948,0.6532006887083887,0.09857689580680189,0.05282734366732806,0.013199779948302208,0.03102601025287518,0,1000
1.822214297800886,0.6593239168506357,0.06376273817743172,0.053269634102713716,0.01250700748977992,0.027673831555334174,0,1000
1.7283676208182375,0.6549368219335525,0.09593216622574977,0.052485910177060745,0.013134654121116269,0.03079969211575251,0,1000
1.8791878191541727,0.6364549686231302,0.030483756368594857,0.05291457984170133,0.012847633214761189,0.027579749342367458,0,1000
1.7357975183498753,0.6684274287212081,0.10792809004138083,0.05591404414292475,0.01318334930819379,0.032048031806570475,0,1000
1.8308744964204835,0.6667955061790704,0.08590092299603674,0.05263561908423046,0.012203766090805316,0.026932147718529354,0,1000
1.8064011295218212,0.6455945089659186,0.11007772486144468,0.05411526630947699,0.013501131058589423,0.031841364706188834,0,1000
1.7785461839905938,0.680896425419979,0.09755532286467006,0.05429385172406994,0.012220343023315502,0.028072921370270527,0,1000
1.9506392972676556,0.647204399801585,0.01525142076833092,0.055540493378730224,0.012572437151704365,0.026227759709113795,0,1000
1.7763564399990672,0.6467348069450923,0.07229502153866317,0.0512103283253455,0.012962232274613794,0.028848555863110737,0,1000
1.7151545365417622,0.6689579162529369,0.12496297369768038,0.05543983972793478,0.013350118712452412,0.03272555909656374,0,1000
1.7885521124191817,0.6581726202114216,0.1104376168235924,0.05632166150202205,0.01352798626731022,0.03251158037095433,0,1000
1.7352212633166126,0.6482435064922066,0.0979624413611298,0.05437957633833986,0.013727997917402755,0.03305027318012622,0,1000
1.750258279296289,0.6657006067737878,0.0880079940754814,0.05215345776364499,0.012478888103022353,0.02845606582141317,0,1000
1.7960955435266168,0.6510401670452078,0.0459581214270409,0.053542818406701144,0.012892413113302336,0.028701746302611717,0,1000
1.8055483113523318,0.6396459232523195,0.0925304361487761,0.05646438270990553,0.014150249898763612,0.034005521092582695,0,1000
1.7750341930279936,0.6694866862627429,0.11929114719788095,0.055203739529024964,0.013041062143399923,0.03090170590939563,0,1000
1.8739856148379688,0.6528288322486467,0.0508697346941885,0.057320429255086555,0.013173361172640102,0.029708090830091124,0,1000
1.808870834245558,0.6697619467976651,0.08207305348062494,0.05454107767159741,0.012456468077260812,0.028304568747954784,0,1000
1.7622082467701545,0.6479394349812029,0.07949406880184749,0.053065140228569424,0.01324816899681969,0.03068558094698634,0,1000
1.691892643854248,0.6561509192363044,0.12351627501599405,0.05054205584304296,0.01307740373715927,0.030829553458652723,0,1000
1.7977682724992958,0.6592311264413476,0.08588473059955305,0.05459403678824874,0.012946645330830689,0.02997279793933049,0,1000
1.8029755527917266,0.6659150048914725,0.10245136840876405,0.05605721659194568,0.013048429764550597,0.030731413027013106,0,1000
1.8521857621415136,0.6398659269464801,0.04833822324270723,0.058599930976362735,0.014049552442717272,0.03270476805589957,0,1000
1.8306413152567131,0.6692168083809301,0.09683109760324457,0.05542320935152817,0.012715630862557562,0.029053650564360562,0,1000
1.8915006215768317,0.6809833971762772,0.07221783235996554,0.0613629134227902,0.012751354040787468,0.029514947816168906,0,1000
1.6870810311688733,0.6552430002451257,0.12026445052238868,0.05061014599575155,0.01312683640765253,0.03103653065127581,0,1000
1.8073188111034086,0.6601215238632588,0.11124766771233283,0.05755747595444597,0.01363486152878177,0.032796092127898094,0,1000
1.8849827974849893,0.6362053094837994,0.02336883908282164,0.05467230102954265,0.01314671369744199,0.02853352993482732,0,1000
1.771549866759666,0.6738604187342692,0.1017693513611409,0.05487596447783511,0.012639671446507758,0.029619743029905516,0,1000
1.8036550638160898,0.6552257528672353,0.07691338011764645,0.05369712422683903,0.012905520485765183,0.029353466679749297,0,1000
1.7442223003873465,0.6482856044166819,0.08406114237318689,0.057517134866083494,0.014233168363588946,0.03483249671699805,0,1000
1.7178686078128536,0.6798079283051098,0.08636101268156166,0.05325816022823843,0.01222761645952875,0.028299573223918885,0,1000
1.806777861791897,0.6385377710721419,0.06463881834724625,0.052154538231880876,0.013118766126529452,0.029509889953422307,0,1000
1.793501425852757,0.671675636296905,0.10781204288528927,0.055165099674460816,0.012724311213370145,0.02979196794408552,0,1000
1.713778030973801,0.6602944565208035,0.08579493267203095,0.05143695980918852,0.012702692851252268,0.029294538166719362,0,1000
1.7622065676819154,0.651811004824642,0.05648764247943981,0.053775194114683095,0.013142488567769868,0.02993505995435488,0,1000
1.7828245812622052,0.6647901089845364,0.0924961630876246,0.05213989061113653,0.01246686907230226,0.028094275674387877,0,1000
1.7151388519605404,0.669014007137584,0.1186803582286299,0.05313786212272577,0.012897156077614266,0.030639896160391273,0,1000
1.7718393914614805,0.6599221975475703,0.11632160457763809,0.05311398241819868,0.012995311896961912,0.03034242802218481,0,1000
1.7845220585866506,0.6511441020012091,0.064468191063461,0.05379455753290429,0.013030945359825855,0.029800057811689592,0,1000
1.8142901932469047,0.6447634729516549,0.07881439593977559,0.054879053867964864,0.01348539958208484,0.03131162611938325,0,1000
1.7369502255578197,0.6530522878842331,0.07178475191849931,0.057192134531036956,0.01394252251688559,0.0336012480413166,0,1000
1.753097530353293,0.6446357230947928,0.10055604469037235,0.05134084976057743,0.0133070598598219,0.03071838192823866,0,1000
1.8560689103794628,0.6297342414914502,0.05665400090230311,0.05490550077571119,0.013768778674998683,0.0314708180704476,0,1000
1.6723954884542784,0.7053706092356822,0.14281764691021864,0.055432878010820925,0.01208110596227213,0.029870951355811706,0,1000
1.7649357911284627,0.6525143831807912,0.06886670711056365,0.055896220054006546,0.0135088161430575,0.03183189307293534,0,1000
1.7101967803614695,0.6886349633745287,0.155731796119908,0.052845071539781206,0.012321671462799732,0.029440896267457467,0,1000
1.727880279611633,0.6710030605556513,0.13037506420371772,0.0560030222722625,0.01332285846202751,0.0327849430873114,0,1000
1.652987802733573,0.6644631509806181,0.20258898968882622,0.05573279170513327,0.01432590951001568,0.03770549598430344,0,1000
1.6685546778984355,0.6831808466071965,0.13180322188126192,0.0518524135428293,0.012376608685016869,0.029526530945563404,0,1000
1.8199646087669064,0.6539925195434904,0.058786177054086015,0.05482883474566228,0.012989997312929836,0.029306128521815297,0,1000
1.7679365111277374,0.6553692573170622,0.0957175411502918,0.054417804340983374,0.013246027558848805,0.0312448030235806,0,1000
1.7853384411508975,0.6676800688107982,0.1276403911527714,0.05627148748755225,0.013266793682987,0.03201849300171335,0,1000
1.7178770248794046,0.6533494753674636,0.07327577246621017,0.05160735018093286,0.012954337708905481,0.02976627902324873,0,1000
1.764897294011942,0.6825276917266857,0.10400068433336543,0.051718441201807935,0.011856194128509419,0.026525471457815777,0,1000
1.6913294426112349,0.6726665423588267,0.126522756548638,0.05238428537903751,0.012793481352914674,0.03050034248431902,0,1000
1.6650600583350612,0.669491806012312,0.1451315992701772,0.051921049273845055,0.013050746257105521,0.03168766251413164,0,1000
1.802840778556158,0.6581148569790078,0.08939888792229408,0.05377163866077205,0.012884813336462065,0.029511937835444105,0,1000
1.724442477003627,0.6544921018150555,0.1144680170837542,0.05505877150764959,0.013793751134252593,0.03370566226629909,0,1000
1.773009505163829,0.6586885585005565,0.09489211567470252,0.05697537364252374,0.013609779076250985,0.032758490984087195,0,1000
1.7926152055638327,0.6288073945679736,0.025265951209028574,0.05570246528208619,0.014059587557032967,0.03222273387255434,0,1000
1.78515954291894,0.663762262699799,0.08212421860204223,0.05599050780526847,0.01307971686267247,0.03061947696809485,0,1000
1.735150152948318,0.6599109285217092,0.08305925547309448,0.05240076105180919,0.01281816396384335,0.029555553733446253,0,1000
1.7207780135347492,0.6706416431693388,0.0967527763756038,0.0527925081793037,0.012534313401695854,0.029302487163369015,0,1000
1.730584979910222,0.6744992215416227,0.11040648581128959,0.054155737197127664,0.012707413613647765,0.0301920060505822,0,1000
1.7991431999367198,0.6516409317872148,0.05337103841259207,0.054807428634522946,0.013121432719731365,0.02974709318689431,0,1000
1.7305940879381783,0.6852265884838321,0.12280691758607962,0.05369692102206261,0.012301403645622443,0.029086660803314117,0,1000
1.6685004815656541,0.6454251247379287,0.09131149158677408,0.05122380501516493,0.013531137422485387,0.03218268653717065,0,1000
1.808333321034844,0.6533678648513184,0.06710514482222706,0.055973055385075875,0.013357295612684896,0.030762533297635942,0,1000
1.740330485598438,0.6814208124369684,0.1387642752295237,0.05745807160812192,0.013068679273798503,0.032531224262025975,0,1000
1.7163870682165638,0.6527875862042252,0.12268662247543698,0.05266174851189047,0.013497415266990845,0.032447589138842714,0,1000
1.9051747117013862,0.651920972821394,0.05423552685612358,0.05723474710469781,0.013064515135092578,0.029268511371449264,0,1000
1.7008469539949045,0.6887912497486746,0.13346146883524676,0.05366812260849965,0.012313518992452524,0.029610899591615655,0,1000
1.8063517475119935,0.6381016720239363,0.05398029625981636,0.053706001742824874,0.013402581112104232,0.030416849905303852,0,1000
1.742913448856361,0.6773571511525247,0.12341574555499651,0.05329967806038604,0.012430519366093762,0.029316787427731663,0,1000
1.7844733158105333,0.6546249773003355,0.06994037336066998,0.051319750738926605,0.01255260081514739,0.027721664122883384,0,1000
1.7444246184320604,0.6756880855390104,0.11624637687300639,0.05452337377781473,0.01273142960908383,0.030167842424941294,0,1000
1.6857217918345597,0.6735485198760524,0.13541655274588738,0.05139094246041015,0.01262267632631833,0.029941767790668945,0,1000
1.7337291782757094,0.6455980837445966,0.057363309677883875,0.04940484749303784,0.012653451968004398,0.02792131487492323,0,1000
1.7665793460521448,0.676833566226432,0.11302522057039109,0.05878860033506832,0.013294337176114166,0.032570270823076695,0,1000
1.7446222047874937,0.6591574356140075,0.13124926596888992,0.05084333620461445,0.012838225286721445,0.029577832775634184,0,1000
1.8369576483707162,0.6328181262724311,0.022436902593517282,0.053300115963490505,0.013212639259290665,0.028862020588055405,0,1000
1.694677474201393,0.6573945327917651,0.09473776035385752,0.05407715150353155,0.013502014806298724,0.032531261548915544,0,1000
1.826476101446993,0.6419991367291366,0.04501173914758479,0.05236916583736979,0.012875124255359471,0.028205889507514452,0,1000
1.8198168136906878,0.6524302158863419,0.04517486142427049,0.05567581707258709,0.013111734993112882,0.02951537525203115,0,1000
1.7847521330380705,0.6723575598140863,0.08001366808567975,0.05320780851196535,0.012210953798983149,0.027481592065797675,0,1000
1.773277804359783,0.666536438087881,0.0952411779498709,0.05283777365648887,0.012535540235172284,0.028653614614684183,0,1000
1.7027850126047979,0.6663664584490601,0.12025552034797575,0.0570087876533276,0.01377480247760125,0.03442576001396987,0,1000
1.7769438352899638,0.6723417422400567,0.07817755262966809,0.052568262411334346,0.012129199456521607,0.027186087604124415,0,1000
1.8423597628489246,0.6663145577362635,0.08131995506312185,0.05763553321935935,0.013012645088199272,0.030177997420575333,0,1000
1.7486500219691243,0.6710845269327453,0.1308129811550983,0.05468219394536671,0.013018339173083026,0.03124976866684734,0,1000
1.7481689915658158,0.6491598045958513,0.09469574111239906,0.053056249413213345,0.01333395211739347,0.03138032202966051,0,1000
1.7658390643489135,0.6602257890448853,0.12824314821568597,0.05288051599600721,0.013076996311774045,0.030684194700572553,0,1000
1.8144349810812714,0.6507607508483565,0.10068265907623902,0.05537923362858146,0.013524038838750736,0.03179058621792825,0,1000
1.7633176545675044,0.662466046178496,0.08980591833409352,0.05182418163327959,0.012549903617555746,0.02844052704204125,0,1000
1.637267969578098,0.6638470104343968,0.1499331601811019,0.05149028471616092,0.013356520144770342,0.032890795220226636,0,1000
1.8202106522769337,0.6581308105164936,0.08802948372785402,0.05356977174237823,0.012724459156313256,0.028858745715829234,0,1000
1.8124459384736427,0.6645324701666906,0.06932619709183932,0.057704021416776566,0.013134135439246313,0.030520658425100468,0,1000
1.7240014947473459,0.6795999977914439,0.13259402511722987,0.05270773740895427,0.012467775799277818,0.029394215283021188,0,1000
1.750240828899384,0.6652178617141041,0.10060717075010624,0.053280417596759465,0.012787744004438429,0.029804185103366056,0,1000
1.762064678726298,0.6634479653402271,0.08606911496672975,0.05431261917805601,0.012944228747630833,0.030116392943791856,0,1000
1.758971322132741,0.6339645694012934,0.1116628760036772,0.053004122967353906,0.014059370169267862,0.033613339164753335,0,1000
1.7912680434103359,0.6612672252539437,0.09078409696465163,0.05829921587639703,0.013598628104235571,0.032717236056054526,0,1000
1.7847259084455658,0.6508330200796415,0.098038722542068,0.05272600550884335,0.013122648061562261,0.03025827911344904,0,1000
1.7698307338797474,0.641253267214695,0.037020109051900466,0.053006905149563376,0.01323074651411275,0.029683197251160587,0,1000
1.7404734546275802,0.6487323792335695,0.06875798652182587,0.053808881421779114,0.013407397476347071,0.031301073927270426,0,1000
1.7435628286889804,0.6576151169603958,0.13672168484820027,0.05607626886462941,0.013745344037173948,0.034419777571193653,0,1000
1.7186641052399192,0.6514072830220687,0.08917377640600126,0.05071711423463813,0.01289382719606079,0.02971850970522047,0,1000
1.679814602659944,0.6887312095297095,0.1437161367533897,0.05371468362751825,0.01249321762127728,0.030419217775502858,0,1000
1.7902831740291392,0.6531972293964506,0.08390165268157099,0.05442065629621375,0.013261951632077605,0.03067630656824708,0,1000
1.8291108193698395,0.6542351867054345,0.08998293348886585,0.057942255024600445,0.013670333757210096,0.03248852529983058,0,1000
1.7810330738905185,0.6443127012236597,0.06184247321498121,0.052704129372266525,0.01317031595771427,0.029890068466718447,0,1000
1.7889887288880737,0.6808398855511781,0.0992263227211429,0.056497786467531626,0.01250982541210886,0.029390845425957355,0,1000
1.8135940915640967,0.6434079042014775,0.09059935884695326,0.05300719443205907,0.013290356593735068,0.030411805107289115,0,1000
1.8128960317057297,0.6670968133055926,0.10212073534452655,0.05915105191640571,0.013497574335076503,0.03258996035198639,0,1000
1.7097925782092147,0.6832553502368522,0.12205363229221844,0.053515092925062784,0.012457774971532515,0.02967160214084403,0,1000
1.8528486644658075,0.6601943325537604,0.059061088908899634,0.05946703920205681,0.0134059633472106,0.031117499091062775,0,1000
1.9274089908326308,0.623903597717289,0.009605433560162436,0.05615528629504711,0.013614938134715964,0.029603580344097474,0,1000
1.7763846992658392,0.6667997284140466,0.08040049555651065,0.05679897839262374,0.013134648973560177,0.030887774892729373,0,1000
1.7163999643343055,0.6774900487684514,0.12161372840891314,0.05474527651463972,0.01284512748527016,0.03090710438030152,0,1000
1.7831453103392156,0.6494737669743177,0.064179940475449,0.0557406043124184,0.013456432688931683,0.03147188195194347,0,1000
1.7163075734980962,0.6661675534163475,0.0892798856565674,0.0520427600273631,0.012609591824005227,0.029128703553835903,0,1000
1.8410038577191412,0.6504751140794833,0.054620095114248035,0.054909193206252135,0.013026198270312825,0.029173903077376048,0,1000
1.67843868322519,0.6787457844629723,0.13349436990718683,0.05599346114457623,0.01320058837510362,0.0330137754671111,0,1000
1.7549582653688243,0.6633686732449533,0.1017020120236738,0.05237165238720977,0.012736613957828553,0.029279134374884715,0,1000
1.7882132378573565,0.6724869788541181,0.08494176342872437,0.05489205717212706,0.012513716146465504,0.02876224362794105,0,1000
1.7300188410152624,0.6690036663556219,0.11642510827139085,0.05701394337101402,0.013518334369361451,0.033277507454872575,0,1000
1.7489961790648816,0.6713369664123662,0.09256872165751774,0.05446369353715662,0.0127409095439167,0.029724125039174785,0,1000
1.7920696289209095,0.6530069265974465,0.05163024892835371,0.053901479544872975,0.0129334810237881,0.029066682555065327,0,1000
1.8065676991555837,0.675093138268198,0.0929355145438803,0.05693611108549711,0.012727387133029202,0.029816012297278687,0,1000
1.7632761043113239,0.6535364483689589,0.09414934868514908,0.0533880641797853,0.013230362877929763,0.030812271065958255,0,1000
1.7357988752243068,0.6550478171810945,0.06827978467704512,0.053607082658704515,0.013113030183000404,0.03039942514725331,0,1000
1.7524353091566964,0.6472543245644017,0.09364281631234683,0.05436296253626957,0.013676042499082204,0.032635007894573034,0,1000
1.8227404198521069,0.6322010269018685,0.04149164763614317,0.053016040776623446,0.013397189835695144,0.02984748560952845,0,1000
1.8130675093627107,0.6443446625265371,0.0610236733387153,0.05402413900758585,0.01322436359776688,0.030000274477691023,0,1000
1.780030889522587,0.6814866656385116,0.07584556200625858,0.05519402256659412,0.012197259851769116,0.027778861576680237,0,1000
1.7633012117274613,0.661719752604565,0.13224775187340362,0.053422696326795846,0.013120414324353636,0.031067859138276255,0,1000
1.9006454383996572,0.6602369335475657,0.044730875611279156,0.05691978417117023,0.012615112048518798,0.02775886686118338,0,1000
1.7992360112762291,0.6722744425722288,0.11518898097605598,0.057781211657494835,0.013162821446687728,0.03172480862020639,0,1000
1.7179403202644732,0.6582384851307129,0.11014748565853436,0.05171910003809064,0.012976613156553499,0.030446352930935276,0,1000
1.7217842190884587,0.6764019229507804,0.12198990688168149,0.05578789707943434,0.013033267815944506,0.03177242131896048,0,1000
1.7726177653556656,0.6412180377119767,0.059530686127965235,0.052878332572751506,0.013360524432521238,0.03054082348537882,0,1000
1.819033536210463,0.6612885476089123,0.044232199509308456,0.055135811772181735,0.012633193371169768,0.0280246500625795,0,1000
1.732724444657202,0.6778526981500437,0.11187875155408221,0.051723386825824356,0.012201340661490968,0.02792458942277239,0,1000
1.801606852397175,0.6748138129639839,0.07294320536412122,0.058109895268507246,0.012839323305052733,0.030016835095336265,0,1000
1.7818945155330281,0.6593863842534198,0.1084704128112686,0.054033495864753825,0.013107377899153831,0.03068475923274203,0,1000
1.7458762797339966,0.6623093571773647,0.08629960824077261,0.05281501350152632,0.012831389232168904,0.02953462239940569,0,1000
1.8183155367309052,0.6638622055268908,0.041206802206546274,0.05571963461783762,0.012625817069091891,0.02800599874068198,0,1000
1.793512150864361,0.6634888395848291,0.07659023953444746,0.05289660086474859,0.012470193268142691,0.027987388213765344,0,1000
1.7477854143917513,0.659659859924906,0.13117418506645406,0.05559261130586902,0.013689690858924455,0.033456520999687156,0,1000
1.8190461495063568,0.6540949788388603,0.06093441505175174,0.05705739959557699,0.013375859521156745,0.031021060278344594,0,1000
1.8682704337323914,0.6630481539064245,0.09581248994469385,0.056366285128800146,0.012973484775067603,0.02963249399136361,0,1000
1.7173143675571114,0.6753650583762272,0.10046705592136942,0.0552372959215934,0.012878496196423155,0.030774597915324393,0,1000
1.7793302037693264,0.6666564783758768,0.1278037435413217,0.05607721320655114,0.013305349887402439,0.0320972501602732,0,1000
1.7232348526930126,0.6701601530250686,0.0893346736902582,0.053941858146998,0.01279132444977664,0.030059757052718853,0,1000
1.8572035547771195,0.6667870442193717,0.06158611212077804,0.05788365254169294,0.012826068703232987,0.02919280485481416,0,1000
1.8255326972937909,0.6664800032312289,0.06153820354056264,0.05664427990788091,0.012828397062818084,0.029084709333268326,0,1000
1.7784385362555386,0.6740466464101932,0.09685240135256042,0.05604385523156222,0.012839411311257721,0.030101851585485617,0,1000
1.743410256703725,0.6808870120401235,0.10458756892095042,0.05892517315794029,0.013194726980177547,0.03238675488291707,0,1000
1.8259922650965588,0.6378801501077224,0.07761178303567999,0.0539376047307775,0.013574448204473568,0.031126793716627146,0,1000
1.8475451338159896,0.6523446609121147,0.043838462597988195,0.05602434440933654,0.013045212170389677,0.029211331910777637,0,1000
1.7543708255672104,0.6505404177075602,0.08262333515026425,0.05566542165658514,0.013671119661739908,0.032751509748150914,0,1000
1.7748425012079536,0.6731727568295794,0.09461090338478433,0.056608942947336274,0.012926786948285845,0.030567343241884606,0,1000
1.788572972406543,0.6850017313296665,0.11701938471745356,0.0601625012410409,0.013075776461261119,0.032139448273596244,0,1000
1.7895002934207334,0.6798487997991193,0.08596211456743623,0.057996312209374595,0.01275543823916076,0.030079129402546916,0,1000
1.9195062270381444,0.6541519698223197,0.01111121423346179,0.051874447098859265,0.011725658288588871,0.023463835792323726,0,1000
1.7358802483261273,0.6815983636960494,0.1035989755066817,0.05535603484657024,0.012525589375266608,0.02991586278282839,0,1000
1.834198185684485,0.651545807031138,0.071333018229902,0.05512273233668471,0.01313177794809068,0.029963720886547755,0,1000
1.8087323144411496,0.6605490520717778,0.08621562252660354,0.05377462166685296,0.012759680159449985,0.02899109853747298,0,1000
1.706131926544549,0.6785317082667985,0.13555512092163605,0.05459722200314009,0.012915669017254574,0.031496644269270756,0,1000
1.7495967169709907,0.6639613178764983,0.1089799038794162,0.05625682262690731,0.013447796065783493,0.032524842744228954,0,1000
1.8030813342818428,0.6780062889201826,0.1164890067989918,0.056874471340812964,0.012781373519173446,0.03036862753938264,0,1000
1.8176193096315143,0.6495950406774983,0.07454662402769266,0.05556147923300458,0.01339726297048283,0.031047143336952843,0,1000
1.733233688707426,0.6697158087602512,0.11056770637990593,0.05269255806983409,0.012682110987947567,0.029566856692684832,0,1000
1.8657006672302703,0.6697156488565489,0.0524533043444406,0.059081544892389065,0.01287184822811236,0.029067987736495392,0,1000
1.7222337128620235,0.6611975572476393,0.11346382490205133,0.05392753938108424,0.013289197876512912,0.03191001658710752,0,1000
1.8934671457717958,0.6434663780293735,0.060980629459942336,0.05793245593977559,0.013645709757532928,0.031381506333217075,0,1000
1.7996507561435005,0.6589165800719122,0.05995275783374558,0.05694228013127572,0.013271265023565596,0.03059429070391341,0,1000
1.6600201908569663,0.6622126823802005,0.13011201557321486,0.052800276519400925,0.01343695963518044,0.033077938636076915,0,1000
1.793294465698201,0.6513384251275792,0.07064552439364463,0.0553531839994669,0.013330486171506251,0.0310458923253249,0,1000
1.6669328136145913,0.6576476181352575,0.13079816565744384,0.05094974399463572,0.013222951677712194,0.031763547731695096,0,1000
1.7442727201080845,0.6746026390308141,0.09340857540859417,0.055705462028815364,0.012806973847848834,0.03035271911265611,0,1000
1.7838000130187317,0.6725010527423042,0.09316765724626158,0.0535330600699253,0.012376486487659611,0.028239217434299774,0,1000
1.7608511416135142,0.6714375006502541,0.11261732681658145,0.05671229239685921,0.013198615071209504,0.03191198105421949,0,1000
1.8344296575900383,0.6561909593644238,0.07434518668291858,0.05482361173410113,0.01292479725545594,0.02928381040774238,0,1000
1.8005105821774245,0.6605309554160134,0.09401979126705957,0.05778552352781329,0.013561491648486619,0.032417711374071054,0,1000
1.741449992564337,0.6793801066726461,0.12887547972738006,0.05567079761492152,0.012859083201381148,0.031081055936633767,0,1000
1.684422967126281,0.6666893179003671,0.13525182645902015,0.051952711795824315,0.012948846081426041,0.031285374690386135,0,1000
1.7068058867895695,0.661195856971441,0.10071661867106403,0.053884090241114214,0.013265120891320346,0.031846674440796335,0,1000
1.770198616068646,0.6798666460563416,0.11113760186996437,0.05527450133938013,0.0125352026573522,0.029505332163601163,0,1000
1.6818494216869277,0.6576502659411813,0.1363488518506431,0.051321477497310974,0.013301060573200378,0.03192876390877188,0,1000
1.7509892274524843,0.6679844531491107,0.0806502937100719,0.05083665916716269,0.012144809666190241,0.027030816660284628,0,1000
1.7792945150157184,0.6525260628956864,0.05901191547334545,0.05266967259092927,0.01282925555617027,0.02876015726399992,0,1000
1.8081180822627227,0.6762040461575783,0.09285252137072059,0.05662357964516719,0.012611326234076695,0.029452994955405112,0,1000
1.7842774329179019,0.6633526001567466,0.09355024473669062,0.05558291186297528,0.013085970140801146,0.030782375545303792,0,1000
1.6799411833224616,0.6890979696394763,0.11089982931809819,0.051462709457723826,0.011871680088358144,0.02766339489951692,0,1000
1.7414231275440435,0.6756702089317358,0.10946472867553295,0.05539840994594022,0.012869645869284399,0.030769486939572235,0,1000
1.7760635991407576,0.6481643948595788,0.09140289157355438,0.055948242719203164,0.013802038526946779,0.033098240285400995,0,1000
1.8382093891496392,0.665806795833265,0.09737201719558666,0.05657482859264538,0.012970269285417179,0.030183983284089444,0,1000
1.8180805455372815,0.6574355879104647,0.0674404675667151,0.056104914316065485,0.013125950824166338,0.030129895617737778,0,1000
1.7241166317877854,0.6759960479063375,0.11001291878615421,0.0537844998741513,0.01266331397973499,0.029837077598367286,0,1000
1.798782869620495,0.6436619694768667,0.06317527304152754,0.05181331722532766,0.012955806959251715,0.028825129489440333,0,1000
1.7282138173498056,0.6679274129736816,0.12106778839661549,0.05384199865786829,0.013042825849170775,0.031149667024271813,0,1000
1.7423446637577575,0.6519954083563492,0.04525905798725107,0.050283706174506004,0.012482304693350854,0.02733217017747561,0,1000
1.8183678874553557,0.6451939377961217,0.05734605900420523,0.053826425158978605,0.013158473162386648,0.029600278076254254,0,1000
1.7363235305720996,0.6692134071708647,0.14156903529069775,0.052376517103542165,0.012784176258148202,0.03022475727909645,0,1000
1.7929490585846408,0.6575773193503106,0.07670916648538928,0.05672702686310955,0.013419671180414015,0.03154376684343554,0,1000
1.7049373113975534,0.677744347945708,0.11648239019690479,0.05609344060212314,0.013082974380865161,0.03205947380237176,0,1000
1.6885859580745028,0.6593831241883572,0.09308824564779139,0.051438086694757634,0.012891402555368586,0.03023856536711908,0,1000
1.802925471931516,0.6491500279184302,0.06983444450667327,0.0531941432488629,0.012986197517614593,0.029400790201461847,0,1000
1.7350871827587924,0.6728159403494747,0.08052456683928144,0.055189217569576156,0.01277872632972475,0.029890383535790214,0,1000
1.6099373303354045,0.678467664699216,0.14885698504328382,0.0508989837465044,0.012718007083439328,0.031223740396561377,0,1000
1.7794750670526729,0.6742970609388446,0.11007450847329678,0.054880988411016664,0.012649767780637014,0.029676317445546233,0,1000
1.835494864991582,0.6683092980601505,0.09941015909757932,0.06014911386817707,0.013506058055245837,0.03263658517622358,0,1000
1.750032829712653,0.6655555294799768,0.1205508918464316,0.05376714973144528,0.013044069358835973,0.030823599916280663,0,1000
1.7034885732884253,0.6538073435598352,0.11345234835161928,0.05187738632377109,0.013289351374895305,0.03163985651575705,0,1000
1.7853164840167006,0.6417340434898109,0.0764427636469607,0.05136630251668274,0.013053266004181883,0.029438301606123804,0,1000
1.7175809408475051,0.6844635557549096,0.13050684425697756,0.05220599343785671,0.012163683696399339,0.02843212655181411,0,1000
1.7146798802218512,0.6731131845450462,0.13075007431344135,0.05482344674785698,0.013092561156786895,0.031973678721456705,0,1000
1.7091889779208733,0.6610605438722048,0.15681267913387406,0.05540022071007428,0.01386781977969086,0.03487118453711829,0,1000
1.757400762288156,0.6599112846421189,0.06462026944766211,0.05231817507568663,0.012549965004763377,0.028296891872985164,0,1000
1.8445010621136526,0.6484115735631386,0.047068185665224464,0.05737051211067106,0.013483675828719389,0.03079829545202458,0,1000
1.7493936964731769,0.6576839949030918,0.09906411647133809,0.05054818393317821,0.012717426648688388,0.028616168154956923,0,1000
1.677756657642019,0.682709762300021,0.1540170019268597,0.057368323042849105,0.013398948665448213,0.03431989594711141,0,1000
1.7207216693510634,0.6474058335012831,0.09418443235267272,0.05654761795252352,0.014305022904641397,0.035091542288578005,0,1000
1.7105789300484882,0.6801533558897286,0.1177597251118489,0.053161325960456765,0.012511913443752553,0.02953535054911282,0,1000
1.7338971785878212,0.6518130498808641,0.06230884725091328,0.05371648032486209,0.01330203882132297,0.030749211415643473,0,1000
1.7312650061943635,0.661826616390176,0.11973767402019142,0.05255092294041552,0.013091362916801406,0.030761339307290306,0,1000
1.8603888525747825,0.6542611805806726,0.07479474240952327,0.05518576664538801,0.013000623254397803,0.02930891340987958,0,1000
1.7305407555155996,0.6867295632811745,0.10428204044823354,0.05382886526841861,0.012150328277170086,0.028372513620761177,0,1000
1.7549234555601019,0.6726777296039372,0.12196111577843434,0.05505150537987906,0.012885114395478355,0.030840996017715755,0,1000
1.712297697251691,0.6490904153679378,0.10558678668374161,0.05752916370505776,0.014420141512915607,0.036367973968974496,0,1000
1.6063803323332102,0.6788318944241332,0.16669638305992443,0.053667492494092875,0.01338173446371904,0.03427168913003386,0,1000
1.6973976472145003,0.682859968729786,0.10227986610791263,0.053465778238922124,0.012358892423523856,0.029142686601021112,0,1000
1.7671496374809368,0.651890858476723,0.08406548501314465,0.05174044240034835,0.012870529413708297,0.02925967038124387,0,1000
1.8208049778832553,0.6571908533236734,0.07985871449766316,0.05791075212636234,0.013471658641148822,0.03190052717623994,0,1000
1.8180009149504193,0.6438815780581396,0.05515835861333615,0.05638331970963846,0.013652674919823513,0.03158524233250234,0,1000
1.7296596570929734,0.6618436920583977,0.1035104029175021,0.05640173547289857,0.013630344919356555,0.03324336682648133,0,1000
1.7247018538686452,0.6668097202932608,0.10929469559431966,0.053677413637820935,0.013014361361046639,0.030847699988002512,0,1000
1.7493573031384988,0.6885099120391559,0.10697764389175583,0.0546354963720575,0.012155172473272361,0.02844159201745202,0,1000
1.8449235101379002,0.673701726731652,0.05091688633595593,0.055631545914297795,0.012143818878858846,0.026687645645443788,0,1000
1.8066062801162337,0.6634259145598792,0.08841265989185625,0.054159095610010914,0.012741816548937242,0.029088819308312867,0,1000
1.766963510941257,0.6750345868189519,0.09311095492215271,0.05321863500003719,0.01225680894353179,0.028049345321418333,0,1000
1.8175704487425723,0.649126843196786,0.0952486614421917,0.05283761903903404,0.013104232186269564,0.02975070194911461,0,1000
1.7436897378973157,0.6635029532098352,0.12624415499271735,0.055482135483219626,0.013431693508438022,0.032799066972251226,0,1000
1.7377427142881545,0.6649027682442016,0.08871027981474215,0.052307013376790966,0.012643165312988392,0.0290261409172626,0,1000
1.7961662714745967,0.6243212218098325,0.08250026046126493,0.0561925343608699,0.014685109975569216,0.035666016743497904,0,1000
1.7780142860574044,0.6483712875956077,0.05639413740317582,0.05197684530692869,0.012819019790902338,0.02864433320323667,0,1000
1.7344062638804276,0.6624008071624797,0.09665535321516527,0.056159693216593594,0.013491157721536666,0.032585731338839054,0,1000
1.784153351495909,0.6623679073404812,0.08838174074237488,0.05597765389032398,0.013130776649778214,0.03099092280147556,0,1000
1.7210259905278948,0.6666680582011081,0.11236932409476537,0.05440858050373463,0.013150129340926145,0.03154451864941896,0,1000
1.8840500581865196,0.6568010085191619,0.06993057880569035,0.05570391681524155,0.012802773809257038,0.028600012397826398,0,1000
1.8386455119709004,0.6590249398308194,0.07956214844014546,0.05709031737931479,0.013246343495991261,0.030688003713539528,0,1000
1.6722167778474917,0.6716260280827574,0.16043938877527145,0.05217230313808308,0.013079331750863638,0.031886734313270895,0,1000
1.7367162035855896,0.6739127407063296,0.09205523457974168,0.053775565296356645,0.012593408052628912,0.029187802249351052,0,1000
1.6870034575088801,0.6709258903105998,0.11233601625618328,0.0518046640071988,0.012582603828854988,0.029827509453062343,0,1000
1.757872764270317,0.6549686010667455,0.11802835359147455,0.052800521407124164,0.013224583277717738,0.031039798627607317,0,1000
1.8240254452128264,0.6580560091143243,0.09726067662384291,0.056740779741004624,0.013393290826504381,0.03152665465690869,0,1000
1.7861189437705374,0.6522850939374594,0.08258311889619807,0.051762958073757206,0.012775177934432516,0.02869620651811299,0,1000
1.7240916132678896,0.6848839012204282,0.12208000985258771,0.054823822969536404,0.012518793363399115,0.029993669380447997,0,1000
1.6810570100383422,0.6540936840222187,0.08605867082185976,0.05288504434191818,0.013384769948268298,0.03194973821882905,0,1000
1.7483987984925773,0.647260481697156,0.1104118815777464,0.05311899310227485,0.013583789722830652,0.032240723068716566,0,1000
1.686928515213737,0.6625902046550929,0.12538088952295012,0.05564115756543152,0.013839183619847718,0.0345357378425024,0,1000
1.7315354397408125,0.6737262713069453,0.13991400995665923,0.05334342050128874,0.012737881467151402,0.03049501031915702,0,1000
1.7908914847857558,0.6642985604616809,0.07770616681632933,0.05343477969882433,0.012596760797897757,0.028369900886727063,0,1000
1.65018479526397,0.6850481802852658,0.14323084531796434,0.054187899493502785,0.012860824447215626,0.03206160888833402,0,1000
1.7051188322202835,0.6447878609436666,0.10870090279109483,0.05179597647433578,0.013619771666690738,0.03247910187545733,0,1000
1.7154804836324298,0.679137865489389,0.1205639563066295,0.05437335878002542,0.012688920257647087,0.03045072504311676,0,1000
1.7078499392658166,0.681571004750239,0.12089112229524973,0.05475290357894539,0.012684231645473635,0.030601845421565584,0,1000
1.7910509028721995,0.65141258044680594,0.10981300423138353,0.054893453659937405,0.01352374825353121,0.03215703147702494,0,1000
1.7885745890239095,0.6639243829581477,0.054515508331187845,0.05273624006356681,0.01228216105081013,0.027082828739622134,0,1000
1.7716096213993149,0.6590304033079635,0.04967613260804118,0.054003324520332976,0.012765960537142265,0.02872504057035713,0,1000
1.8034755758943015,0.6488489106149136,0.06401235867675044,0.0519730342577801,0.01274689657798423,0.02826872082045732,0,1000
1.8829617244627725,0.6786371397666846,0.08435998165716516,0.05716308044302041,0.012266051217821337,0.027683573442417002,0,1000
1.7673206469639229,0.6398616734954397,0.07886623870669529,0.05290568196665171,0.013523668651753184,0.03142203764408303,0,1000
1.6630138653490052,0.6763181242362902,0.11376852746374472,0.04971263828271718,0.012200477704985203,0.028320361211314853,0,1000
1.754215530556795,0.6799189753477988,0.09527678230956342,0.05304072529993646,0.012139963723615204,0.02767347451732871,0,1000
1.6679749233185475,0.6620550219941663,0.1483490644674638,0.05203242224422406,0.013371028872935904,0.03274070564748872,0,1000
1.7711437735333437,0.6628042890329434,0.10927197512239857,0.05178454052129949,0.012587025342763776,0.028820045496843517,0,1000
1.791871880555662,0.6765662846305607,0.0772338475408495,0.055262635183524686,0.012373435049173872,0.028210807245285765,0,1000
1.7482195216991043,0.6684488050413235,0.11564623320319063,0.055070402769311334,0.013068530117557214,0.03132643763622239,0,1000
1.8192390061310955,0.6678133824174285,0.08241781939958812,0.05640458387389319,0.012862380614902764,0.029658247806099696,0,1000
1.6785056750060423,0.6463466227167762,0.08593869213162245,0.05683487069992001,0.01459995236623242,0.036229424871817593,0,1000
1.7613840370987977,0.6424514241953686,0.06673968829668028,0.05196923023530891,0.013192356681973494,0.030075933458464713,0,1000
1.7667176996840195,0.6708432068631413,0.11771785680091594,0.05608304789767568,0.013169730753226236,0.03149999764327282,0,1000
1.888404510177613,0.6496270671709753,0.03927042123543989,0.055387486480364005,0.012847765710290443,0.028045122869743633,0,1000
1.7262740273303057,0.666772971556234,0.10932551440862505,0.0527066463799108,0.012798648572437484,0.030149769240065287,0,1000
1.80192173848879,0.6707846416769149,0.08429242794938731,0.054003284304855494,0.012380249701671864,0.028000335647823307,0,1000
1.8020100059033066,0.682046738290509,0.0976879172828439,0.05637417363726939,0.012424005863320736,0.02893591934516791,0,1000
1.7047277399978635,0.6638063608490763,0.1074464795547476,0.05203114091897472,0.012885472934010612,0.030323747652291375,0,1000
1.7323697969887957,0.6848615080170741,0.1177736889493683,0.05274580616143238,0.012043908840609683,0.028118132198726352,0,1000
1.7944190713892432,0.6548386975906648,0.05983976599354269,0.05282598241197773,0.012688057162970607,0.028307629671851943,0,1000
1.7527299592397279,0.6694397514351024,0.10677747248242091,0.05561937875454264,0.013085341080628195,0.03131873464661616,0,1000
1.7796999451623796,0.6643408628261206,0.08757905084524863,0.05644218118087694,0.013178310805749808,0.03117017546887584,0,1000
1.7923907303743825,0.6584928346244433,0.07931370827474112,0.0535913801456352,0.0127861409784825,0.0291554470245531,0,1000
1.828457393348011,0.6342192124398901,0.033280765323622515,0.05416297171233198,0.013409662030182307,0.029959713173104318,0,1000
1.790090537962919,0.6562641795371604,0.06793098690701965,0.050366834339019693,0.012279174945714224,0.026673070243887785,0,1000
1.7994187850615717,0.6601765937574416,0.09783664659089192,0.05808737816004287,0.013607301506878564,0.032849332113420615,0,1000
1.8218912111811083,0.68275733025109,0.10923916259594801,0.05906974924809284,0.012825009910176152,0.030766125584615642,0,1000
1.8036712916203668,0.660167709074013,0.09625104545516977,0.058718609105954986,0.013639170124123764,0.0331661239261254,0,1000
1.7582662813364713,0.6682292346607982,0.0738807907948477,0.05337499822842876,0.012469033650131975,0.028399485457422227,0,1000
1.769681304698511,0.6617507151822273,0.10365215015567658,0.05474256939035491,0.013092081200645483,0.030983390005560205,0,1000
1.7360555882880961,0.671381080532295,0.14048024231496503,0.05463818099397228,0.013117410954641712,0.03178699539882986,0,1000
1.7704724719565792,0.6602561559679632,0.10161586918321908,0.05352662248256906,0.012934721247316813,0.030166873031755023,0,1000
1.6982292184969292,0.6625404412181273,0.09902305087432721,0.05094965364866704,0.012683338845512338,0.02941235458578279,0,1000
1.8375373618904896,0.652906690068216,0.054583127519558586,0.054444632935301454,0.012873449433625063,0.02858866050588275,0,1000
1.7343875675962583,0.6413479937889014,0.10154147230950837,0.05388319365963208,0.013931525006749686,0.03367840668175064,0,1000
1.7326946007442543,0.6580015869041892,0.10476360806144673,0.05186195707438311,0.01292664525364859,0.030109571746104798,0,1000
1.7726209197339322,0.6184476357805971,0.043341949178766374,0.049987577942451976,0.013455915903668842,0.030211105158606758,0,1000
1.7070339674314199,0.6878114426526508,0.1415406789401286,0.05426176024766183,0.012450480741157788,0.030157518489533835,0,1000
1.8341359976857567,0.647139521584621,0.06205985301749138,0.051472543903463154,0.012584701447205833,0.027311117661377275,0,1000
1.735287398950766,0.6706319623418846,0.08847381618418061,0.053335390573013265,0.012619543624425241,0.02918133533452393,0,1000
1.798272988369932,0.6422268064800581,0.045657974232262685,0.05392465385189636,0.013259737802333587,0.02996837002234993,0,1000
1.7675075613482403,0.653565720623489,0.07459555518407442,0.05247359537928601,0.012896815149879334,0.02931702564639081,0,1000
1.8520823691387187,0.6563446889190017,0.06193744780320386,0.058176121220274116,0.013338067605283405,0.030845157519243823,0,1000
1.7577925524908058,0.6582074004932001,0.07875705645223276,0.05268825037855553,0.012806971554271742,0.02925149391274474,0,1000
1.79356210005674,0.6458250612706328,0.08255375470164798,0.054389214208251845,0.013457690511935207,0.03140968087413357,0,1000
1.9474020099809444,0.6615460993379623,0.06311582032312191,0.05993407558051516,0.013048678075700672,0.02939156564709069,0,1000
1.7726186327076077,0.670170688571193,0.14180412329616895,0.05595356503380992,0.013222737896652789,0.032114409939521416,0,1000
1.7683255771176023,0.6779424413757984,0.0909913976364018,0.05295935863737453,0.012102399356724561,0.02742510722686118,0,1000
1.8058398006763428,0.6556997256225018,0.08196452714920884,0.053068831122547705,0.012748394442551061,0.02883760765977787,0,1000
1.6903038733710292,0.667009342690963,0.11342125053262798,0.05612766725912808,0.01365210912185501,0.03363641010218423,0,1000
1.582666035445636,0.6629890202088036,0.11990814810908833,0.04730048369441074,0.012654126177766803,0.029830089081944112,0,1000
1.751292357176784,0.6563371300988279,0.10972772456301626,0.052926799870513366,0.013150566992402135,0.030884598626656542,0,1000
1.8413328794971844,0.6618369620209101,0.04736575183610939,0.05549277618611408,0.01263407519702394,0.02794498264378598,0,1000
1.7705789655627377,0.6439066981516703,0.0824559560882256,0.054989009657649794,0.013746283139582949,0.03269074301770287,0,1000
1.7797501574873178,0.6511345865281872,0.10060274345945593,0.05689379963479551,0.013952349971440825,0.03375458404493598,0,1000
1.7459255515161183,0.6540662452996345,0.07225101310209779,0.05261622935816055,0.013005793817243913,0.029739593085515822,0,1000
1.8033072260325074,0.6854244760836947,0.09724901653375471,0.05876563378675865,0.01262656012911114,0.03010055557477493,0,1000
1.752825735235103,0.6539509007108003,0.09545932526787453,0.055787659238666694,0.013675080102312066,0.03302430583130871,0,1000
1.7754979157413224,0.6543832710689578,0.10672333646034803,0.05543475727925016,0.01357187881567145,0.03248532738376249,0,1000
1.7698133709272015,0.6786516782243168,0.10277320733642896,0.056935377669958966,0.012823933575411827,0.030582485446524095,0,1000
1.7785404204756787,0.6494964861049523,0.08862109662737543,0.053656427880248395,0.013344757393789961,0.031029407054431444,0,1000
1.8691370462171182,0.6428958150554231,0.02469864152487745,0.05508849556731582,0.013017614458241965,0.028376606277063107,0,1000
1.7874960248274292,0.6710220934328799,0.09290372758475655,0.05568208930221105,0.012795160930486603,0.02982596895966522,0,1000
1.807678702443697,0.6617162220668104,0.0770491638441801,0.05214371349398782,0.01233062084087836,0.027308590288146285,0,1000
1.850734744394837,0.6556543656201075,0.11078981991598454,0.0567592723395655,0.013438413405042132,0.03177115209170488,0,1000
1.7479431242559482,0.6497577993646103,0.08015650960083465,0.05196988588730453,0.013124990275622923,0.030017431747179506,0,1000
1.8339991453187108,0.6678354762288111,0.06409689247390066,0.05842707153260392,0.012993816715461109,0.029951159145917297,0,1000
1.7658773137539021,0.6643809529973645,0.07970563785661951,0.052491208347808065,0.012425781056697241,0.028262795796726435,0,1000
1.8041505537966382,0.6548628062316457,0.09206976011907542,0.05291563944348329,0.012886534739007399,0.02925238333550399,0,1000
1.7746924545421088,0.6523196627294889,0.07833404113128276,0.05227698529600968,0.012890281564987487,0.02928947264534498,0,1000
1.7054920012614365,0.649234783724186,0.10762665633788102,0.0523610143453473,0.01348835881595686,0.03228363942818338,0,1000
1.8414422557372083,0.6650998881920684,0.06884675727041914,0.056739343929335835,0.012814797602333797,0.02919473126855335,0,1000
1.7896653889041305,0.6414781627325629,0.02788551099936767,0.050812062310674005,0.012626822205043456,0.027189018320583746,0,1000
1.700377324700715,0.6530973544017351,0.1247424815403679,0.05307237021514208,0.01363011680201977,0.033104894053939446,0,1000
1.7142485013537936,0.6548168702899964,0.10071554269091693,0.05133046689864934,0.013021648815406508,0.030363848357200258,0,1000
1.791245778619599,0.6449038677185028,0.0833562443585698,0.05317260843194533,0.01331088749271336,0.030672887540099617,0,1000
1.7090180804040054,0.6489176357252487,0.0908617623469248,0.052801030403161565,0.013509731060294874,0.03209624952237904,0,1000
1.8462390080405888,0.6424735673754705,0.07951382102174563,0.05403092611792881,0.013276584009829012,0.03017562718576384,0,1000
1.7034261715241081,0.6917669235877305,0.12031751155800094,0.05850782407858175,0.012920302751805968,0.03221179203391487,0,1000
1.7596311477562856,0.6652260252249599,0.07020737005866401,0.05591167840568649,0.013051042603539908,0.03043180763072238,0,1000
1.7654557753587288,0.6817115266157833,0.12166018690950145,0.055178403701069925,0.012531748877671202,0.029652293216592168,0,1000
1.7162888855853156,0.6930556341225551,0.13209706840472177,0.05760219054054716,0.012724728428289823,0.03149655243088797,0,1000
1.757389705289931,0.6649491334063237,0.09932946218140723,0.05362116333346038,0.01281641410628296,0.029917698123226307,0,1000
1.6954387149501633,0.6773660918098938,0.145336546924018,0.05358799284869901,0.012829089984802157,0.031365589603001696,0,1000
1.8285697846071198,0.6662229504598575,0.07201252924001483,0.055587256850258726,0.0126599367228712,0.028706460325234225,0,1000
1.7857170792479433,0.6502025661721651,0.10232702782152754,0.054100175482114606,0.013385084396820917,0.031493781908840425,0,1000
1.6835884902817166,0.6547554868128765,0.11097395852393738,0.05221642572125343,0.013376071042458214,0.03216547048410435,0,1000
1.7299085533878438,0.6705951671066059,0.09079210705547519,0.05679872818201265,0.013242307246640519,0.03191380243605439,0,1000
1.7441837984753032,0.6555840732507727,0.09416600124265417,0.05292797940570015,0.01312187486842664,0.030605168814841897,0,1000
1.9074029737975349,0.6432780444528693,0.02246064467973236,0.060951194916668866,0.013892648312362645,0.031406657370279034,0,1000
1.7942766277879705,0.661976411323415,0.10923490888473412,0.052755580835214505,0.012754529219954036,0.0291257506506051,0,1000
1.8238164413679228,0.6694987836068368,0.09468588143503093,0.057855944784650906,0.01306917885643291,0.030864159677788053,0,1000
1.7672882956862728,0.6679478790317854,0.10376737906316942,0.053945886372419496,0.012763084844497955,0.029745543586854335,0,1000
1.7918822416177207,0.6461783572931706,0.05424627421173547,0.052478117254211414,0.012948602915216175,0.028879295032118682,0,1000
1.8874719889312863,0.6485701132455097,0.04817648275539661,0.05717428112263512,0.01325053863255697,0.02973711610361945,0,1000
1.8604782828778623,0.6592479660731331,0.07338182930569041,0.05586907502731113,0.012884669189215625,0.029061128493267942,0,1000
1.872681190569483,0.6613603501721892,0.04933983303523303,0.054906872434624956,0.01241455782303756,0.02702509550520705,0,1000
1.7501911302788495,0.6625801454783713,0.13006656507779096,0.054226664063191946,0.013252372480370925,0.03181495363533162,0,1000
1.7377934079114286,0.6809036913359686,0.14712255422922801,0.05345014482286089,0.012552951077550605,0.029980271543327257,0,1000
1.8148961197131546,0.6537650726776344,0.070738247036816,0.050371601064668134,0.01228950850842666,0.02649674083437528,0,1000
1.746892690201717,0.6767470339676683,0.10194284188954507,0.05653740500064092,0.012922160196123052,0.030957742368198902,0,1000
1.696690959997335,0.6538250199481395,0.13143087316656402,0.05640573022922139,0.014262609920218598,0.036162841931630274,0,1000
1.6958677397904511,0.6564230088945107,0.10774449855519015,0.05147191170521081,0.013103682190018402,0.030920987131641958,0,1000
1.80988470251397,0.6623242830939576,0.07822212196144193,0.05718684763411465,0.013204087411145855,0.03093608102590999,0,1000
1.7498353794705055,0.6332709640463203,0.07065827292368923,0.053893736052236615,0.014024765684304061,0.03324350080449995,0,1000
1.7868743835823562,0.6627230966047206,0.0774677882918685,0.05255514762115144,0.012498452474080496,0.028014067777247006,0,1000
1.7051317811628939,0.6210091527277154,0.07984634476953008,0.0496331108097074,0.013958288537308641,0.03260237593012014,0,1000
1.768318340806202,0.6501845699659556,0.07252296663637864,0.051033137695087036,0.012737499777989375,0.028473198170901232,0,1000
1.7705457081646836,0.6765377826413382,0.10981950654280104,0.05556940861613227,0.012710277754409652,0.03009062711407303,0,1000
1.7839835608244632,0.6706668471230968,0.08259724072506268,0.057548623945302683,0.013123857774577839,0.0309959125930206,0,1000
1.7492062555405237,0.6516573106537912,0.10988952767588077,0.054513353657448804,0.013683018741863631,0.03281878759070633,0,1000
1.7383058500952728,0.6537338936125549,0.04719676758553966,0.050404648174232396,0.012485098345525589,0.027341191129743214,0,1000
1.8054886800743286,0.6751593748878901,0.06745085361312986,0.05454650162422589,0.01216090973370136,0.02724341510167509,0,1000
1.7244773112764296,0.6868607384016578,0.13268706000915045,0.054570249884103084,0.012491050263355463,0.029914080068482677,0,1000
1.7607915006466948,0.6652357915070285,0.10149294159152702,0.054475518934167286,0.01297321037558871,0.030499831192176,0,1000
1.7580600483175106,0.6836645437882891,0.12889025235846585,0.05670109248445452,0.01275202478917121,0.030959152208953372,0,1000
1.7310646265926295,0.6813657039713822,0.12244181388798094,0.054215420781539715,0.012562972333169166,0.029840447769247134,0,1000
1.6896246061720728,0.6678396585832395,0.12137157940721527,0.0515060693979464,0.01279453621311643,0.030333236116301163,0,1000
1.7339133391244195,0.6734816724342602,0.10810180969469743,0.05372482143895874,0.012636307603111543,0.029857548300307134,0,1000
1.7394612251811645,0.6575503586407979,0.10226707715818757,0.054396057201331276,0.013393352824493634,0.031990113268148185,0,1000
1.7503951299859644,0.6514399931543946,0.10057727488408244,0.052225619337842755,0.013194797792103205,0.030650138502318625,0,1000
1.7341462017340863,0.659150451532227,0.07658950364357715,0.05318238056525116,0.012940867937991738,0.02994198696984642,0,1000
1.687438578974257,0.6688059567698331,0.12192566011426917,0.05386499405597506,0.013184391958813295,0.032037992247303,0,1000
1.7270533016661904,0.6601720708277962,0.09289614927974175,0.05266729141648306,0.012938475413110617,0.0301458893253242,0,1000
1.7581297499085282,0.669654212308653,0.07949585146417228,0.05430413993568783,0.012660078400448008,0.0292016649697559,0,1000
1.8273436935902536,0.6679594209882256,0.07479414374292513,0.05287163943187628,0.012179210239826136,0.026714628800741817,0,1000
1.676099422993859,0.6739000372809991,0.14371015189801023,0.05314715586212045,0.013003174985358398,0.031861100665986235,0,1000
1.7630428712237778,0.6601970559434758,0.11696935490084227,0.057421708329178145,0.013678933535904329,0.033949268094244624,0,1000
1.7613670343705203,0.6527734725672204,0.09297742203392928,0.05907367189735925,0.014293904376868153,0.03531019307328849,0,1000
1.8313703882879195,0.6632235918599473,0.07401403365053402,0.05531673676668228,0.012744594416933062,0.028846019945066644,0,1000
1.7269669472605884,0.6479452171398875,0.06610248279856698,0.050780351279597256,0.012829445632578542,0.0292079412505401,0,1000
1.720038198708211,0.6621639937810715,0.09460525803230653,0.051475034877821,0.012658456662506094,0.02928596149191699,0,1000
1.7246299219425723,0.6498527456784091,0.11816708594332527,0.055153982689995475,0.01403629363236505,0.03446978906525397,0,1000
1.7455097424343244,0.6481532324978413,0.0987136010916234,0.052906427544449276,0.013445015157048967,0.03169424062666179,0,1000
1.7662830341960227,0.66651402192787,0.10458293595898012,0.05509742659612305,0.012995648830703614,0.030829914752752773,0,1000
1.69403056529249,0.6736311512996367,0.13940632300179168,0.05473588905903224,0.013246602335505895,0.03256156915723936,0,1000
1.7811746888566247,0.6627688788898166,0.09279681033682526,0.05182126293152696,0.012519506255633058,0.02801950193297959,0,1000
1.8544982882116638,0.6587930628859676,0.07460681548750468,0.05818356334669042,0.013350053745844448,0.03100709990858911,0,1000
1.7927654308399574,0.6606546669126229,0.0647584939156866,0.0540127414919636,0.012706930123427997,0.028722483831918756,0,1000
1.9362493633704405,0.6611669671699992,0.05274881440472233,0.059509121735518,0.012995419042822457,0.0290535313883612,0,1000
1.7597335542612838,0.6557263288627819,0.08016095858715445,0.0533518513013554,0.01301743922411614,0.03009548242698081,0,1000
1.7234874974112893,0.6729011569154009,0.12994044661983387,0.055140495535746764,0.013117439868009532,0.03190046550406161,0,1000
1.7487564591024296,0.6687282067852294,0.11240955167239862,0.05520320772628881,0.0130550417713725,0.031257775298353656,0,1000
1.7254614193284112,0.6696255516024211,0.10816565663276799,0.055721498549143766,0.013215536610269644,0.032021979848783695,0,1000
1.745321048487451,0.6722879717927174,0.11912124722910195,0.05351366508503956,0.012655738201975414,0.02983141754628079,0,1000
1.7150256597806723,0.6645687721957568,0.13195636225565757,0.05210068915644359,0.012952806804724774,0.030766982521342096,0,1000
1.7139308542964997,0.6431118660555131,0.07514624641061331,0.04956406101816334,0.01295300335403425,0.029381400633865903,0,1000
1.756940236116537,0.6592105300468865,0.12913461414613392,0.054946108429926095,0.013502289576385731,0.032653360420699495,0,1000
1.7897072952498674,0.6265717302219268,0.043296007927889874,0.05339824085490741,0.013830966206383098,0.031619945306862546,0,1000
1.771519709819678,0.6675829203900348,0.09309251684411275,0.05690778110579645,0.01319453033647374,0.03148653693791998,0,1000
1.7152252055395005,0.6704938798603508,0.1186280856626463,0.053837619759380145,0.012952892089107425,0.031033262124799205,0,1000
1.7993399472833096,0.6676193770861893,0.09290968507247598,0.055403300767799486,0.012818590205289733,0.0297526505415185,0,1000
1.8602584130840674,0.6514035168521101,0.07844448522307937,0.056636056213703434,0.013389975908978547,0.030766370538042223,0,1000
1.8084140677950138,0.6504086987189763,0.03408854632046906,0.05115868744889554,0.012343650093543539,0.026325054713402414,0,1000
1.7942957241713933,0.6618381202877875,0.09559205499792756,0.055929999131364566,0.013202979890887706,0.03102274007819283,0,1000
1.7975092261240244,0.6733946084350491,0.09050340559080483,0.05530306840901059,0.012553346670423548,0.028980389782943917,0,1000
1.721745804026695,0.6670813630959249,0.128966116316809,0.0522324234970957,0.012848248797105732,0.03034380158388962,0,1000
1.6587966747792602,0.6753710993848452,0.139173617445051,0.05217165762041261,0.012818189297537077,0.03124662010130181,0,1000
1.734054444359805,0.6637144341685208,0.08581900520822407,0.05359333949316942,0.012940457449255855,0.030108380284227923,0,1000
1.702407729743347,0.6740665411680468,0.11565676447984344,0.05252936251334733,0.012628804536849211,0.029801185704462742,0,1000
1.679123773925575,0.6489391212490445,0.0769141701413674,0.05138521597226717,0.013273080616425358,0.0310676301469992,0,1000
1.7809779708581326,0.6634603548992662,0.1018254457777108,0.061253033392281754,0.014140474267014537,0.03537608475856576,0,1000
1.7854301305678018,0.6464517274906573,0.11191881019691775,0.053423908630596505,0.013537560352922641,0.03176211797837237,0,1000
1.8494713324119825,0.6632261536212906,0.0774783163918461,0.05833456509766841,0.013165370202927637,0.03070177405292395,0,1000
1.7283200535463132,0.6554770224745181,0.08146600550725303,0.051636507864285926,0.01284640135912632,0.02959998825575615,0,1000
1.7576240351855164,0.660305566021077,0.107147723378942,0.05664171932608876,0.013622197923443841,0.03316087873970213,0,1000
1.7791998713454757,0.6719168083288061,0.10255011775084823,0.054588474701305824,0.0126299867356712,0.029428023165500285,0,1000
1.8477394356214858,0.6702096086801158,0.096285689321312,0.058500752077634686,0.013062322867783057,0.03073325902124936,0,1000
1.7783805534964021,0.669318694447245,0.09885578633853069,0.0586113516547396,0.01343103368432107,0.032600971413184375,0,1000
1.8217945055143987,0.671125092680891,0.13332169039959396,0.05744800851830273,0.013214586063319152,0.031770300868909376,0,1000
1.7205894460303754,0.6534256770883207,0.09146349554859819,0.05183801886335878,0.013085921514025335,0.03045239831456734,0,1000
1.7444337436612556,0.6634183633589307,0.08615280408935568,0.05238549568994096,0.01266214684690493,0.02896811599268513,0,1000
1.722200101406198,0.6667719771458396,0.0943695302678489,0.052740459088533226,0.012784519797149466,0.029725751445414606,0,1000
1.756917850960233,0.6624797459523721,0.11788652540473009,0.05324549571930588,0.013010622278793673,0.030566199437361566,0,1000
1.7151847861651695,0.6638437991073124,0.09779172253052851,0.055139450597747344,0.01335118462302286,0.03211624008089317,0,1000
1.6837615740010095,0.6722708949761106,0.12092506235450179,0.051980752815830415,0.01271523686933035,0.03027068331496698,0,1000
1.659913888794827,0.6907583787846446,0.17086487258840244,0.053007690284252285,0.012512495596567613,0.030892703133991804,0,1000
1.8167141537419382,0.6798845012833129,0.08839020939992111,0.053243568738030274,0.01187660524829225,0.026362691581261446,0,1000
1.707866898543239,0.6694844211943564,0.11082972031142482,0.05089801177712227,0.012489248422994237,0.02877342215364538,0,1000
1.7413317188015314,0.6926277011952717,0.11913468203041995,0.05661193188044887,0.01238329993588297,0.02987909423940803,0,1000
1.7607368467075981,0.6688414945917495,0.11350697406304486,0.0554786377430824,0.013034497163914647,0.0312558414451118,0,1000
1.883936331189936,0.6762592739318507,0.07724457791425887,0.05622505269101949,0.012174829409420423,0.027050245189102182,0,1000
1.7217557033942668,0.6546738645931829,0.13820726088298782,0.05108243848763916,0.013242236754653755,0.03115830026015608,0,1000
1.765448971732357,0.6694045286297433,0.1010289668481109,0.05395108565053243,0.01271173534117698,0.02958770821573166,0,1000
1.8499511607189913,0.6719041051799833,0.09475949099066418,0.055868268161717985,0.01254673009950092,0.028561950679738192,0,1000
1.6976609119584127,0.6814653351767281,0.11178850681701635,0.05394792300413432,0.012538312271541324,0.030026771226525643,0,1000
1.7671418613631165,0.657599760416672,0.06965133528229102,0.05805993043788331,0.013752756930989544,0.032806529847147374,0,1000
1.7884383120142213,0.6535370377306081,0.07938519510585086,0.052959978103212964,0.012875868802393097,0.029346159163428934,0,1000
1.7640761847485886,0.6717421342716937,0.09288482299699377,0.055160566869751716,0.012744203288093357,0.029866461286442582,0,1000
1.700107728544258,0.6780205657502983,0.10733422216945183,0.054312226628621806,0.012722978094229809,0.03042428143320171,0,1000
1.9078306329723071,0.6413912323318299,0.043883557239037384,0.05703691953592164,0.01335015448720221,0.02990324601842937,0,1000
1.7829776561353203,0.6570135260968234,0.06440008163067233,0.05518253701156552,0.01310386822013317,0.030160896426603006,0,1000
1.7268573279063595,0.6695413132968879,0.11430257514762554,0.056055777193847633,0.013305500173346268,0.032373146289995956,0,1000
1.730130893338919,0.6761883002295349,0.11690190778831601,0.054557374585165616,0.01277316194094067,0.030467802683079092,0,1000
1.8615847613010117,0.6480324821592571,0.08190350656580388,0.05822078460726615,0.013753782447203416,0.03245550092562356,0,1000
1.8398689554159897,0.6457629104741411,0.06668403022557123,0.053719154562743246,0.01305031892874909,0.02924981995197717,0,1000
1.7115181233319812,0.6799432449529779,0.10651941891040986,0.056133981857444865,0.012930426327331634,0.031275340386394436,0,1000
1.718129892440101,0.6825820982772329,0.14470468801862565,0.05492371458363255,0.012763212581471622,0.031135248405402008,0,1000
1.8180422096469018,0.6555142876955128,0.06381091209963052,0.05434170421862464,0.01287289520105899,0.028977316972179305,0,1000
1.7792407866697035,0.6661395862869177,0.0830750639486941,0.05192815889179302,0.012310855830945102,0.027462633246538692,0,1000
1.7932255886566808,0.6885349583733531,0.11251641648615955,0.05707793085355275,0.012401469606348026,0.0293720186485412,0,1000
1.7564010747381755,0.6746338648524858,0.0914507249174789,0.056968410345124114,0.012980168123903348,0.030952780582763635,0,1000
1.7570990655568772,0.6730325379375505,0.09438591077946211,0.05519477565622489,0.012762404946777675,0.03005440098367983,0,1000
1.8771506123114676,0.6487092023070169,0.06314549239086564,0.05653593269792589,0.013280694585085366,0.030134689996775977,0,1000
1.7302651417340549,0.654301053675256,0.13212461663917302,0.053021698748533415,0.013482362268639025,0.03249159418204628,0,1000
1.8499741609217393,0.6483520903952406,0.0830410757096157,0.054410019322409145,0.0131769369133349,0.029843802027983025,0,1000
1.713594935275701,0.6707935166602136,0.15345816827843592,0.052134402969744344,0.012850776314762141,0.030708134422743862,0,1000
1.7238894096978257,0.6555111759573824,0.10249421006047588,0.05129073011860332,0.012950134775934964,0.030082570829683585,0,1000
1.807945103003086,0.65226463775477594,0.08016224944238168,0.055892210856688725,0.013410518677732238,0.031372020198512936,0,1000
1.8389697857232448,0.674452931476483,0.12745256761654483,0.05567471961039598,0.012645578279823438,0.029423441464661575,0,1000
1.8149097246164514,0.6502442822688309,0.04736939852854485,0.05135756944831668,0.012464407151606384,0.02689939412507215,0,1000
1.9015513948737701,0.6434445974982045,0.031593325751441456,0.055618183537384534,0.012996281636327774,0.02828228615620624,0,1000
1.8064439251348317,0.6601773439172013,0.10260300362281649,0.05471774311048313,0.013048905975021247,0.03036849865850036,0,1000
1.8222132942905622,0.6616774373746946,0.09736997799957649,0.05646170755983988,0.013222875786874462,0.030935707768187427,0,1000
1.7916709921307543,0.6220560736428828,0.08081689748095976,0.05492556326622941,0.01453339899701183,0.035014824410134766,0,1000
1.6932073661161158,0.6623152654953801,0.09866259220758818,0.050667619128367085,0.012684035121842453,0.029420820503587606,0,1000
1.6671761086164358,0.6693824149619857,0.1439633657759423,0.05381235935103539,0.013356960691859297,0.03324843861947968,0,1000
1.7573684272297942,0.6672756213990009,0.09493501984758215,0.055310306661531264,0.013063079907632716,0.03078354248584707,0,1000
1.7538139880269619,0.6719171257844704,0.09283751806601197,0.05458038093047689,0.01268780547329751,0.029611126576766057,0,1000
1.7897855715778739,0.6672411962633423,0.07316547883063289,0.056399891517625374,0.012969206729163052,0.030050555890359338,0,1000
1.8221466753754425,0.6380915501842116,0.08379101525127415,0.05300862520597071,0.01343425022319844,0.030657219428076234,0,1000
1.719736025905142,0.6715485991265963,0.1225749112334292,0.05437150571591574,0.013022726445749026,0.0313335762397664,0,1000
1.7950816112571226,0.6455699601149678,0.05031337003098426,0.05213154055091688,0.012815805380069479,0.028450312405950254,0,1000
1.8138845314852772,0.6576364294517932,0.04894669838317338,0.05688670293543513,0.013160591465900897,0.03003200428666828,0,1000
1.770314351698673,0.6765149051741073,0.10893114606858613,0.055074612759396936,0.012649697769572454,0.029713147783316775,0,1000
1.7568015245563275,0.6720236839276577,0.0706593917903149,0.05331636873660322,0.012363685418757387,0.027838164799614894,0,1000
1.8927172304301942,0.6458128486201553,0.04296635327460026,0.0564875953476263,0.013172314452192496,0.029237267907049645,0,1000
1.6650459075344726,0.6771131152807526,0.11633260540621279,0.053452464624174065,0.012849617937834772,0.031087313014978895,0,1000
1.715151967666068,0.6470758807218844,0.08000495105611238,0.05452872738582568,0.013799261716687177,0.03313993046647413,0,1000
1.8764552983881297,0.665442716078673,0.06681538204351381,0.05702376364117249,0.01270193764476127,0.028581084599681946,0,1000
1.7711497167422317,0.6628442559773742,0.06322362610633339,0.05483343877927403,0.012864678739312914,0.029408976580382364,0,1000
1.809288115176218,0.6846665053690806,0.09029189398275222,0.05623814634577161,0.012216891162304185,0.028118969480128025,0,1000
1.7858912766277373,0.6787387765353211,0.10343623357736001,0.05498229821386338,0.01242495161624183,0.028879655471466658,0,1000
1.7690250443553532,0.6820384433922224,0.1065645248733115,0.0549098624502637,0.012326202431834833,0.02881509034867506,0,1000
1.790891999743672,0.6380583035604072,0.07010358033587964,0.055814470240944575,0.014010894387573726,0.033232042496870486,0,1000
1.728396662799104,0.674401982198966,0.09676291847884369,0.05623573888156564,0.013016379011040908,0.031201489041819318,0,1000
1.675884130087107,0.6696215631009759,0.11380834624475762,0.050724130766690946,0.012566578886249992,0.029417276782571836,0,1000
1.8152697221012728,0.6405102879579826,0.07204459263638892,0.05455898645602099,0.01353891152249026,0.03127561124582943,0,1000
1.7108639473851701,0.6399222847617004,0.08043921679558375,0.05218142584125884,0.013612636080454626,0.03225352249582305,0,1000
1.77917539430167,0.6534631352812389,0.059505786233264135,0.053706415808833806,0.01294034852022905,0.029412734572221624,0,1000
1.8108862336759473,0.6854964380669982,0.10251063112000312,0.05517755654117071,0.012103896497823745,0.02762965539788896,0,1000
1.7361364313294516,0.6676400518650071,0.10439885658798048,0.05629717792748503,0.013338115782562776,0.03235559845831772,0,1000
1.7813154888234783,0.6786313098367385,0.11796713161897562,0.05667618694075149,0.012808472703390729,0.030661626952099303,0,1000
1.7486272685266124,0.6660078081530416,0.08214816667914045,0.05471655458699789,0.012956780499770422,0.03023903622053615,0,1000
1.8730642959041293,0.6507988563240202,0.0579216918013833,0.05618008819379564,0.013118825750015812,0.029527067753312174,0,1000
1.7939820209701531,0.6428646499164526,0.0834481848114155,0.05305605760066868,0.013386141158282197,0.030732178505109283,0,1000
1.7859707522080064,0.652643900061091,0.09573460084732711,0.05419837323033799,0.01329539888890852,0.03109474554963193,0,1000
1.8516523133512892,0.6630909428761382,0.06950733428981899,0.054368868081190756,0.012444984133238302,0.027545985467714047,0,1000
1.646620101031213,0.6733784814634763,0.1325716281355402,0.052504465054916086,0.012946440069379547,0.03170185657711732,0,1000
1.7737886729044778,0.6668421953237162,0.0715397885439359,0.05518475788558494,0.012820682445350775,0.029536545924392716,0,1000
1.8030293288027057,0.6604409346956513,0.07579414643603598,0.05596578841907577,0.013079142739078575,0.030368566877982842,0,1000
1.7613407558449188,0.6558962770634789,0.09321120786387137,0.05361492010298618,0.013130993431208242,0.030719429095614974,0,1000
1.7972525055716482,0.6587100964339864,0.10300620795059941,0.05585739772641215,0.013353737022668167,0.03164252315276372,0,1000
1.7628514906430077,0.6651520342276657,0.07557051291299392,0.0530451532486806,0.012534280156322101,0.02849079242315847,0,1000
1.804288091099013,0.6700472456378738,0.056207480161603866,0.05328148497356314,0.012128312313834506,0.02652755943209294,0,1000
1.6208698820337026,0.6827003710025549,0.1673606319033781,0.05636902450020525,0.013611497387207122,0.035450671225795614,0,1000
1.7063116685941404,0.6572127933599022,0.11088070741206152,0.05212063856409821,0.013226024132222415,0.031288004742079344,0,1000
1.7939198746076461,0.6409338612960398,0.06811369754425287,0.05365840216542024,0.013437065596513557,0.030918529177108498,0,1000
1.752111970377689,0.6724880307891006,0.09731645787399854,0.05537315325949676,0.012852043637728022,0.03042170889872888,0,1000
1.7889322175818956,0.670708227230157,0.09698496329318403,0.056423888915158454,0.012928491327166431,0.03052289640288546,0,1000
1.7656142081580333,0.6662676995077834,0.08279502947218692,0.05543073553524448,0.012972291045144524,0.03025360134809632,0,1000
1.7915035043544267,0.6460424259947178,0.07191855456797196,0.05270699397203537,0.01309039997070897,0.029685073601805955,0,1000
1.8541937532339088,0.6527110839460737,0.050604132593904116,0.05524892463141459,0.012898742223684924,0.028670055791465362,0,1000
1.7603601104415254,0.6570459030583725,0.07347477776195793,0.05462030158841473,0.013149654137850138,0.0305756567891212,0,1000
1.6976965037493341,0.6581018802738728,0.12864366880703187,0.055230270275121306,0.013805616867703284,0.03450732963891748,0,1000
1.7243831393007163,0.6543723076481331,0.08937666732511126,0.05255358970968228,0.013161021158585286,0.030847700385960578,0,1000
1.7754794651151022,0.6683102619393329,0.13987889545709936,0.056306441119592814,0.013331755657153086,0.03246597433843856,0,1000
1.7455626457767581,0.6659980844693419,0.09946761965775734,0.053218573666138067,0.012792737980903123,0.029715684912482773,0,1000
1.7948009901036772,0.6379672383600806,0.06158586189696292,0.05823633594537468,0.014417097117754891,0.034624553540861476,0,1000
1.8129751791444775,0.6719144111417694,0.06703297607618047,0.0553366946286977,0.012435359588531694,0.027982338059190523,0,1000
1.782342606881309,0.6671142217084499,0.11660803100524388,0.05602614008091114,0.013201773339877397,0.03156926751678178,0,1000
1.7128090975225825,0.6495685355325564,0.11829020871411859,0.0550285007644261,0.0141080660907172,0.03474834807857151,0,1000
1.7044350716134378,0.6687875324885161,0.13452528060723865,0.05763599741488299,0.013855825739233508,0.03509059785720575,0,1000
1.8252142046942188,0.6726043168948617,0.0819436780295431,0.05428715875580595,0.012277563397388445,0.027458208171044114,0,1000
1.7678789961110157,0.6511604403260567,0.08931186670440429,0.055205710589635325,0.013601463174282404,0.03225926085538882,0,1000
1.630805969255206,0.7066158284025417,0.16330849889157203,0.0515702229813065,0.011640312813539345,0.028572380827673122,0,1000
1.869567914782715,0.667701218739818,0.06609568253277957,0.059610752704531644,0.013108255733524596,0.030175858689055014,0,1000
1.8146457283399877,0.6540295610594861,0.06690721514796893,0.055850885561303215,0.013204210563719758,0.03041710820673201,0,1000
1.7905013710439475,0.6771921494538067,0.10432267223759696,0.053025986732336834,0.012132354265709537,0.02751387924382489,0,1000
1.8805896214888551,0.645343619146578,0.045654402449336905,0.056217815220130606,0.01326522469147347,0.029567616848343962,0,1000
1.7815589964119969,0.6828057126052278,0.07678587270267116,0.05800517328339107,0.012606105255022338,0.02948890950561792,0,1000
1.7709214174141228,0.668024461434557,0.07766306973871649,0.053601843727251165,0.012547170118739952,0.028484561270419612,0,1000
1.8408319757598048,0.6629524678947244,0.07526758941387383,0.0574550703764164,0.013116979175876741,0.03025742075592455,0,1000
1.7477676597029184,0.6383041923563189,0.05706598301879686,0.05352271214815426,0.013666832590285163,0.03181956570168797,0,1000
1.7610059803363647,0.679437709582014,0.08353273990143885,0.053294511867407975,0.012033422705738147,0.027393039959654225,0,1000
1.7133377014318305,0.6728030664095798,0.10777699835628714,0.05581263782762582,0.013124465208438919,0.03188603977979671,0,1000
1.7833263640363528,0.6584241373485729,0.11519580673496799,0.05426585106497326,0.01323069224439122,0.031187884103614425,0,1000
1.7208510325175432,0.6599987811182187,0.09684263795069284,0.05031499815961327,0.01260178768835722,0.028701665009830055,0,1000
1.808811082630217,0.6573990927705398,0.09094648548481846,0.05539663752766188,0.01319155772416151,0.0307647654070781,0,1000
1.8887085929982705,0.6493109436250961,0.07718281801412404,0.05675869957782475,0.013311546440670688,0.030411581602379965,0,1000
1.7978358916493844,0.6605016758540723,0.10497601475516283,0.05340641010811504,0.012880127247516748,0.029565811824600677,0,1000
1.7127439087082625,0.6783396069048571,0.1284205478323208,0.057716786492876475,0.013350172323226838,0.03337489718750416,0,1000
1.724579053396416,0.6767525248249234,0.10854546021708399,0.05454930837718266,0.012713307569342835,0.030285707372528264,0,1000
1.7480468812242742,0.6594123086752288,0.12313658060382614,0.05460931837251739,0.01341498496378896,0.032376462194352314,0,1000
1.876558488475471,0.6521530268415755,0.07624626154201672,0.05785400480379034,0.013456697650774153,0.03116565568220051,0,1000
1.777384807005861,0.6515887835222534,0.07482964990362892,0.05584493664975189,0.013531889831051016,0.03185542262295337,0,1000
1.8219042645309145,0.6517455850679436,0.04404598560003701,0.055651410571551596,0.0131168648458593,0.029542132939636156,0,1000
1.783056234432371,0.6749461123601078,0.09800795022614928,0.05392122280862629,0.01237309307224349,0.02836705362903343,0,1000
1.7320048004728184,0.6500536120079813,0.08436561610540971,0.05310974016960809,0.013359709522155004,0.03142340955037409,0,1000
1.7466448706713846,0.6732513195522368,0.12475349817954756,0.05321331308580653,0.012582806279005624,0.02965636022922349,0,1000
1.755139911137687,0.6672224631633531,0.10868795479616128,0.056400387876638106,0.013293813050575304,0.03214888664205462,0,1000
1.7728910673583826,0.6675718281877516,0.09907598653265326,0.05487461706567685,0.012847807789367865,0.030159393336586147,0,1000
1.708069471348978,0.6762233145636395,0.12449893650270957,0.05203711358521987,0.012439747216694065,0.029297248932124095,0,1000
1.7566882028750506,0.6524788545558485,0.11832524398675287,0.05275647909613025,0.013336061005316644,0.03141394784193908,0,1000
1.8110305768732193,0.6671208938529395,0.0754955817336633,0.05494313474099591,0.012564562352008474,0.028607196197337714,0,1000
1.750700771056024,0.665747569143432,0.09278515919976726,0.05359877411009375,0.012818944448078141,0.029751086783982812,0,1000
1.7390914100805455,0.6735157126835422,0.1108741292508605,0.05487244834880215,0.012861071673176586,0.030678414761847683,0,1000
1.7335957592399787,0.6717961393487342,0.11900220448183593,0.05562018951962084,0.013129626675173676,0.0318247196101787,0,1000
1.7552578641695797,0.6621092022405864,0.10790493084291715,0.05738606158603583,0.013667954302407843,0.033520256323199084,0,1000
1.8001893464945526,0.6503428138912768,0.043821020359143065,0.055659315510190356,0.013272628036798224,0.030066974143947964,0,1000
1.7717517819801003,0.6617105702492408,0.09612779168347399,0.05410469929256764,0.01297933450955216,0.0302159706641025,0,1000
1.7247774881703526,0.6578691704100873,0.094961258922137,0.05192516618232254,0.012940882544520202,0.029998065176338403,0,1000
1.6905668551872013,0.656977307151707,0.14408786555210273,0.053699669872530234,0.013722273052324263,0.03405464703732995,0,1000
1.8153843492880704,0.6435825182948068,0.05963108547564216,0.05393571024262774,0.013202778348538452,0.029954232492914467,0,1000
1.7356731337167859,0.6519050580008834,0.1043884534878737,0.055929879610248756,0.013924114803153184,0.034061870622110565,0,1000
1.664128494152402,0.6736853563700568,0.14934499502527318,0.05223273860171493,0.012998674790483932,0.03156288492874025,0,1000
1.8288695750529658,0.6651994912983494,0.11061661648801731,0.057173159351987864,0.013215071933526378,0.03138559937010974,0,1000
1.7004994380619123,0.665364533947702,0.13259289544327948,0.05318696929954399,0.013176424105109321,0.03194278393111447,0,1000
1.8418264370324198,0.6490389129759502,0.07411102815689415,0.05482575094109764,0.013145643488279598,0.029944064579944512,0,1000
1.7964867057479412,0.6424392487500706,0.09333099482423743,0.05203096594616676,0.013228439341798782,0.030162477268172515,0,1000
1.7144480893363845,0.6577827441080251,0.0991140283750023,0.052024857113823306,0.013025459775235379,0.0304740660764502,0,1000
1.6736997728428782,0.6848489466251192,0.17802338837771078,0.05728878251887588,0.013524655977210759,0.03499724235665657,0,1000
1.8179649999682752,0.6639395592627716,0.09785333540877292,0.05353287643608221,0.012667358200753544,0.028579501435054583,0,1000
1.8109445137312548,0.659120866073783,0.07070313266273373,0.05480303262203768,0.01288843150672073,0.02927228729193683,0,1000
1.7586158301471524,0.6425485578302553,0.09039100487743497,0.05579068527362085,0.01414913997544714,0.03407468095440281,0,1000
1.7055815535755612,0.6689174921311347,0.11867028259655456,0.05156875582311826,0.012696371549325226,0.02967598757034979,0,1000
1.8222686351797543,0.6627038430166872,0.06366991465374455,0.05436332236743344,0.012573570789024999,0.028066858470889283,0,1000
1.688340279227787,0.650081218414107,0.07874915395831822,0.05204393292674288,0.01337541822902962,0.031386853635332626,0,1000
1.720896881545139,0.6710363333352763,0.11092178034942089,0.054736236864336374,0.012981043743951563,0.03127282198413933,0,1000
1.753287763219113,0.6561549468531056,0.10496906347970328,0.05546087103498001,0.013571723457204005,0.0327593464171892,0,1000
1.8258962680112305,0.6526582171173558,0.08489081246148113,0.05547849062385392,0.01326531615529217,0.030792080142366233,0,1000
1.9227712697414578,0.649030284014258,0.05855704070451318,0.05664799534335477,0.01301743825405194,0.028971148395627862,0,1000
1.7161949785340782,0.6627104329588227,0.07230659947324314,0.05182105494251963,0.012614596730848887,0.028799841977551977,0,1000
1.7176609364756212,0.6672435127586331,0.11298980634034972,0.05376713073536297,0.013011717986218845,0.031121323546847744,0,1000
1.7169891065689882,0.6250409794014912,0.052963634859299114,0.05190976741723665,0.013973436122171548,0.03269474473376137,0,1000
1.7335499837617292,0.6835821843148706,0.131942635212857,0.052104344308727894,0.012188343937604032,0.028222510621172946,0,1000
1.907611017918906,0.6516488025080551,0.036257663090652426,0.059036987289116535,0.013261823024533775,0.0296768432883942,0,1000
1.7807678144386034,0.6870839317108417,0.099626082240615,0.05755565417549282,0.012535274999946854,0.029629820162816685,0,1000
1.7667901553825283,0.6648557043195391,0.08337623748283372,0.056400090876738446,0.013149106469526915,0.031184548283541186,0,1000
1.6779782436393658,0.6664403576860258,0.1347614718206071,0.054578527678057195,0.01350661399593705,0.03365699201801589,0,1000
1.699246063467035,0.6616628431485667,0.11363874601297648,0.052885892259278096,0.013195199249854588,0.031621179928326935,0,1000
1.7597565530461141,0.6574325474992716,0.08178023594541078,0.05257430939693747,0.012723448979889302,0.02930359231205065,0,1000
1.7401521143702754,0.66173789984039455,0.09024256538392368,0.050089943424930186,0.012387290760022929,0.0276506380103978,0,1000
1.8182323717345066,0.65268349660656,0.07327238669716525,0.05558658971553574,0.013240214111958665,0.03056742199324533,0,1000
1.7914805636729005,0.6530589312703844,0.08087224046450503,0.05202789306993565,0.012781155676897846,0.028723651560368223,0,1000
1.8248283649236026,0.67171824344913,0.09638343046173338,0.055060140524534104,0.012564064982993036,0.02862232781667171,0,1000
1.816876591139866,0.6439516433717516,0.06715197308363499,0.057010583878311746,0.013821679885344912,0.03251865366506936,0,1000
1.758226310596585,0.6508499833639775,0.08378083084882758,0.05331681090712136,0.013261684928924418,0.030830404808068056,0,1000
1.7921756219098506,0.6718856821308817,0.09611745626338408,0.056306962726955165,0.012874567128712449,0.030258987664083664,0,1000
1.7120869267655117,0.6673408327408786,0.11810736047121075,0.055078634512872565,0.013328976065738728,0.0325590958251686,0,1000
1.9088902601093198,0.6554790944142955,0.055728632789905364,0.05726026513874456,0.01294554621094828,0.028838337620434844,0,1000
1.8655447972104555,0.653314369271806,0.05842259062388508,0.055064047956894735,0.012824006102081852,0.028482481353866638,0,1000
1.7196118765071162,0.6591386019892281,0.13776241890224053,0.05373735875608297,0.013521519741415022,0.03297127189769757,0,1000
1.7371385296754982,0.6793410132212463,0.11926296496157347,0.05518352243322259,0.012691499210412923,0.03046980829522429,0,1000
1.700235581706081,0.6860369541677483,0.15669057442573803,0.05402404357376189,0.012612599708002487,0.030848111766118593,0,1000
1.6727571002464434,0.6723714046687463,0.10574252277247266,0.05143804106336579,0.012509605190268164,0.029489177722002363,0,1000
1.7492939820186373,0.6587540434335238,0.09074586283601484,0.053966014843172705,0.013108379867641816,0.030780147925625286,0,1000
1.733415772889682,0.6700366024817902,0.1347382702770953,0.05412055287258642,0.01304018587430303,0.031372267741447184,0,1000
1.7314886300477572,0.6509389993025064,0.08322818694090607,0.05330315172549876,0.01334120454127342,0.031428532556793384,0,1000
1.7582306525246318,0.649272464763053,0.07929444647102804,0.05275492107475894,0.013203606675144166,0.030419246482938807,0,1000
1.7784359597300619,0.677811386572328,0.10523934712146166,0.05317367238272008,0.012231966257742184,0.027899618714494093,0,1000
1.8239417289506599,0.6660670513790027,0.0796504798506133,0.05625371540704679,0.012900645704172486,0.029707351336252897,0,1000
1.844129528321857,0.6793357914061107,0.0843348067805488,0.05529298191477763,0.012071646064163362,0.02708770132404567,0,1000
1.759705293995418,0.6557673198583112,0.08301396569731125,0.052768279740081525,0.012909111484025909,0.029718923468911414,0,1000
1.8665495704920063,0.6579825190789972,0.05877413944991888,0.05316810925207403,0.012307254037561624,0.02663705317305575,0,1000
1.8904364450292548,0.652937993363734,0.058541024114690164,0.05831119021954732,0.013320030078946317,0.0303149275609628,0,1000
1.6918306033987296,0.6612765373472872,0.11824833537189293,0.05297315799130904,0.013300651834645641,0.03202814593674549,0,1000
1.749528019705333,0.6628590137768341,0.11029970866924492,0.05210994741605091,0.012734510664957784,0.029479561340101126,0,1000
1.8195886358345812,0.6570142806900656,0.06908740259885014,0.05377356223012864,0.012746292008201994,0.028533599244813943,0,1000
1.7086192969302938,0.6660773752097728,0.09918207779380137,0.053906906211582326,0.013051513934382709,0.0311249010951796,0,1000
1.8449233896323503,0.6325899708511531,0.07254833065554497,0.05214531705781637,0.013333160082193065,0.02965298348109879,0,1000
1.8017880124701398,0.6583242932958587,0.08581028844210903,0.05448599818164052,0.013069195483157832,0.029941943469412976,0,1000
1.9503967195116043,0.6692987939491604,0.038363159591234014,0.06436108514710075,0.013218607751716837,0.03010889023083372,0,1000
1.8156378679103768,0.651688836583391,0.0668654332408732,0.05362947509412418,0.012910887567488219,0.029018320113771548,0,1000
1.7165874580704723,0.6651422041976093,0.10986215028752404,0.05405634750560204,0.013141356871285554,0.03157193707408388,0,1000
1.7545066163958078,0.6699272004144463,0.11258718027434472,0.05510452308753688,0.01299673175300213,0.030979574129665077,0,1000
1.7033231345670043,0.6762998507783166,0.11279285413010087,0.05330218741862526,0.012608852423296495,0.029993359083737813,0,1000
1.7899421325959652,0.6617939270161012,0.08811220528675154,0.056073806168148256,0.013176083268645418,0.030996829497251913,0,1000
1.7030966269249308,0.6837845305230502,0.12068726819818354,0.05258038287071952,0.012269279313562361,0.028865081985041726,0,1000
1.716881444594403,0.6718373169167156,0.07897488964616113,0.051527253140144384,0.0122329216630605,0.02775563899609509,0,1000
1.7174885459448304,0.6623843459131682,0.13746161798067458,0.05413575936790692,0.013464254827812815,0.0328227093713679,0,1000
1.7179396394260482,0.6705486501845564,0.06171171315776403,0.05654669853782195,0.01306277406112361,0.030754171196592045,0,1000
1.703143146978992,0.6645267688586467,0.09896313429714963,0.05426774115936549,0.013278882511279611,0.031734045838650776,0,1000
1.814305799204854,0.6412742851213434,0.06605516259315222,0.054662069060240744,0.013473093614415435,0.031027845952883208,0,1000
1.8113006298337266,0.6409711962463299,0.06311578499645462,0.05574033991176655,0.013726054280402427,0.03193980093537135,0,1000
1.7343265621518134,0.6730414482505879,0.13020333608497406,0.05621058180419188,0.01326818797969708,0.032529381343136175,0,1000
1.832475363987796,0.6560882109217935,0.07994926887184271,0.05180349882077731,0.012426015426822703,0.027244873209184037,0,1000
1.7347496637499966,0.6554660799577368,0.11206315685063474,0.05366940739250139,0.013451580323081873,0.032107103451407625,0,1000
1.780032635092335,0.6543207273689263,0.08771097976919315,0.05395560702927371,0.013154787652833554,0.030465816891701483,0,1000
1.758514725551512,0.649986382978036,0.1056267526602729,0.05921056191470844,0.014552696290048643,0.036456457667420956,0,1000
1.7545835319496208,0.6652585928185856,0.08978174922382183,0.051712912548190916,0.012400154149541612,0.02815509369356622,0,1000
1.6619691984903155,0.6799003304207151,0.143771385952585,0.052721088116958685,0.012815348712026192,0.031086774722430075,0,1000
1.774288356167652,0.6836446953635963,0.1008384885816242,0.05751663675575987,0.012638348413540683,0.030121520844245908,0,1000
1.7874671959761832,0.6611863824127803,0.09943101496382573,0.05317474683243639,0.012789442408585434,0.02938206343905682,0,1000
1.85387701008395,0.6283755417301964,0.023133697288062367,0.05695836113961739,0.014046082155661246,0.03189668275365356,0,1000
1.7826592130419343,0.6760425815816273,0.09533576794208631,0.054562062482617864,0.012415135841968244,0.028681096797579284,0,1000
1.725550668249588,0.666650898767945,0.12153575354426575,0.054276252194347965,0.013158260648194349,0.031713523548979626,0,1000
1.7360436622104336,0.6434039079577816,0.06474674209561966,0.05301735440376194,0.0134190071726668,0.03123282602380448,0,1000
1.6992033250239542,0.6683160578078223,0.10247533606985289,0.05357452004872631,0.012933319900899982,0.03098879540517069,0,1000
1.8140546726507745,0.6790863544737333,0.08575231323320094,0.057928320780301766,0.012648709383499088,0.029544122303750663,0,1000
1.7844060511880289,0.679445532537241,0.1317157798646342,0.05585784544320107,0.012720009206315525,0.03037842350924206,0,1000
1.7920341881277677,0.6543981575730413,0.0531016465535623,0.054258461500713846,0.012937387459165966,0.029208057385154317,0,1000
1.7273312439587718,0.6849027736766945,0.1350169433030233,0.053012173174739954,0.012297831770427998,0.02903214923307872,0,1000
1.7243981350737492,0.685446333082547,0.09997404713762668,0.053163516546322016,0.012111011612195096,0.0279151295346401,0,1000
1.8859305809257443,0.674536105343214,0.05153999430104372,0.058630834591444025,0.01245913463239452,0.027796155276381487,0,1000
1.7429400569928888,0.6671589229908278,0.11045154034610671,0.0590404139974233,0.013852643824049514,0.03447593140953827,0,1000
1.684795643539618,0.683522521861123,0.14600993330815304,0.054566725164050374,0.012846035670764436,0.03162583294044363,0,1000
1.7563186402744284,0.6645699023425994,0.1241771642505092,0.054015387061051585,0.01307368731517057,0.031111001773425812,0,1000
1.8272547786024873,0.6792188753033789,0.059982264129170244,0.057273222935675536,0.012326595199134807,0.027825605966661747,0,1000
1.719528001953546,0.6657095983569017,0.12087800461210359,0.055286611364895946,0.013411817994819645,0.032797293839461825,0,1000
1.7599039327023376,0.6707892918865176,0.09856279794103782,0.051576843974708,0.012207211401656834,0.027627497138828554,0,1000
1.726117125730551,0.6738427637284156,0.13110865635387015,0.058589236117964585,0.013688398925460329,0.034542967021985324,0,1000
1.8207067613946526,0.6565021664619485,0.08752226439810408,0.056832595589780224,0.013396163828978486,0.03151570475131654,0,1000
1.845534089522461,0.6425764441999793,0.025399636030007014,0.05592033266524944,0.013296805993355115,0.029547358155068582,0,1000
1.8634260538389655,0.6642727522341488,0.05272507234818561,0.05578003907922017,0.012502865717817847,0.02758644407805347,0,1000
1.7658881866147405,0.6427585015113384,0.06554449901538362,0.051280639748410274,0.013039780682388346,0.02939679420574437,0,1000
1.810991463457013,0.6752613790425874,0.08676026232390793,0.055761891951912654,0.01250974226507901,0.028692632691612242,0,1000
1.912256616491504,0.6472864162803148,0.03083906191298474,0.05767717193639468,0.013156973989226012,0.02895818776977101,0,1000
1.8066980168326499,0.6540753733947866,0.06966395478856167,0.05162309600495023,0.012518739640942992,0.02757629189130223,0,1000
1.7719533678581132,0.6775782082148067,0.09325057253432228,0.05912575083143988,0.013169943293086794,0.031839201821986775,0,1000
1.6846241660238126,0.6782262367408476,0.13549645236167907,0.05276243471740501,0.012673397630734705,0.030517889408367024,0,1000
1.6847935513605106,0.6865422198800571,0.12302796576458618,0.05645777425690358,0.012883760785148598,0.031847990402978366,0,1000
1.6445042970789707,0.6540532989613547,0.11423897587049561,0.05054604392541009,0.01341555542897579,0.031996424669720296,0,1000
1.6583506983771135,0.657913218294642,0.12260468075582427,0.0552247235112229,0.013958688383891513,0.035383812852594884,0,1000
1.721574068484852,0.6722164212106044,0.11665585165396969,0.055253797781097694,0.01311069068119156,0.031732418178432996,0,1000
1.6190424882403507,0.6561460669451864,0.134104434859219,0.048181809565211994,0.01301607492509128,0.030933967375221003,0,1000
1.8299991886701779,0.6519206728293636,0.08362700317585378,0.05348013787600258,0.012948896063531057,0.029273988025329538,0,1000
1.7475179085434491,0.6716668888285676,0.10471859215608897,0.05440015771174805,0.01276016168570039,0.030129923192397063,0,1000
1.8262638844146992,0.6391101851282432,0.03203404320713305,0.05413307148048883,0.013215125072319997,0.029372879688275507,0,1000
1.6351792152845273,0.6696075839134964,0.1472469138805867,0.052263648690625636,0.013258303956288511,0.03289194216600998,0,1000
1.7845734799517243,0.6617969407619383,0.09081887203945392,0.053374613777145,0.012666825065674854,0.02918274877348223,0,1000
1.6180298320094795,0.6866236835782508,0.1852931884971058,0.05200024743731402,0.01282689022392531,0.03203207219042753,0,1000
1.829948007596081,0.6616953431171442,0.08064642666521747,0.05300135288720523,0.012465233518578438,0.027613302953664334,0,1000
1.805990122004279,0.6586245520664374,0.0830252962826045,0.05707430881939624,0.013333847067928964,0.03151024812459781,0,1000
1.814369689450631,0.6581024184579614,0.07810928107704035,0.057382665756654745,0.013402564346140755,0.03145706800047104,0,1000
1.8939606760901608,0.6605252203532115,0.03214829164536617,0.0595081335754774,0.01303923086860208,0.02904261713736098,0,1000
1.7690882068222074,0.6580657796967153,0.11414624787565371,0.05536786585398254,0.013565081092208825,0.03247119773417328,0,1000
1.7512242961628421,0.6637138826004215,0.1039477604107446,0.05431292072627183,0.013057928356936031,0.030830955491015628,0,1000
1.6545914434244076,0.6743113993325747,0.1312376110287968,0.04971047189066455,0.012456606411135643,0.029284867286172595,0,1000
1.875829140200604,0.6560039240805353,0.09369141810499448,0.058352531103301644,0.013445232511621483,0.0317223824839424,0,1000
1.812345138127279,0.6774623318620104,0.09822266087591777,0.05571883510647174,0.012427827891653795,0.028762376702621897,0,1000
1.6977347164506493,0.66938867348788,0.12972170378051587,0.05227195940408326,0.012887002233471079,0.03073524274314441,0,1000
1.7665169134424534,0.6550504223885022,0.07652597086385964,0.05490424345341144,0.01327448019378189,0.03102026173673376,0,1000
1.8214753138258222,0.6435944735904511,0.05158424357029188,0.055558909816252736,0.01346783241036923,0.030763613357048577,0,1000
1.8953153653143595,0.6510125452709516,0.04825116093632932,0.06135096677273579,0.013860163013357848,0.03220258688656345,0,1000
1.7606490178440686,0.6680835711571086,0.1095037586194442,0.05358477646225804,0.012781122128335121,0.02990090340340771,0,1000
1.7936267339856173,0.6578120318711953,0.0714626328258985,0.053358510782287004,0.012746441601606628,0.028828864837874817,0,1000
1.7506068474343162,0.6581081752496132,0.0964142006296935,0.05171271270846445,0.012794456690891706,0.029301885010072783,0,1000
1.7344754332195536,0.6616758950392303,0.10940739923095241,0.05593380117681185,0.013560709805089308,0.03304324267969185,0,1000
1.7407579174669827,0.6616246562712016,0.101016549341444,0.0548696143557828,0.013302937203199135,0.03170133464584903,0,1000
1.7665547350310602,0.6515600836174568,0.09094717086542706,0.05220906066369672,0.013063916754297996,0.029963430244656808,0,1000
1.785257271801999,0.664514611295586,0.10652268372314354,0.05518317623395285,0.013080314936648027,0.03076864201138117,0,1000
1.8154827765776786,0.6670624785698592,0.09991256614905711,0.05704642480098073,0.013085951066952652,0.030961643704240868,0,1000
1.8310801443894609,0.6628097755278701,0.06100378880676512,0.05719525779813382,0.013058946942331767,0.02973624983589522,0,1000
1.8827059493393408,0.6392861709005196,0.03186949957131615,0.05505896854004954,0.013039900300978976,0.028759417517210322,0,1000
1.7274999566390847,0.6727653454542255,0.13154292781645552,0.05219510765284974,0.012571737993950418,0.02955973418330733,0,1000
1.7226251713375487,0.6627137784435482,0.10423949495322456,0.05375019427502843,0.013112469784442943,0.031312823962561034,0,1000
1.7942202075077958,0.6674426558111557,0.09479602038805485,0.05522080845496854,0.012810190942572991,0.02980124026305337,0,1000
1.7378977812136218,0.6775695880681729,0.10442833189380094,0.056104858610294524,0.012902550101728152,0.030962153742930473,0,1000
1.8684807557477559,0.6388847561537999,0.04144276219387141,0.05916194454013128,0.014026179519712202,0.03252770766148181,0,1000
1.8542126929804073,0.6483219617036992,0.05272527592558332,0.05506612238085573,0.013027622211154893,0.029114092818658982,0,1000
1.866687347007723,0.6553588887189368,0.03829589388328926,0.055331905717860674,0.012656910121272203,0.027662403039012313,0,1000
1.7333384466326125,0.6708963529574868,0.14269364766197268,0.05399655167151361,0.013056064624489721,0.03151259640975606,0,1000
1.7488195326579514,0.6588822161033112,0.10533936263434826,0.05370477877164892,0.013176258498501714,0.03110455865417036,0,1000
1.6465479454574459,0.693675223925736,0.1259061160469211,0.05228271314948233,0.012114147042246254,0.029063770460997083,0,1000
1.7547258569513573,0.6694339329501807,0.13229324910023404,0.054473452297870144,0.012946682191090013,0.031152165478060736,0,1000
1.6731427651249422,0.6782448226863236,0.1436293630650079,0.05714550465585824,0.013556945546790485,0.03449131579221077,0,1000
1.7789396832627835,0.6595816735133189,0.057063186898458816,0.05208744154247739,0.012420098447295205,0.02743576806582911,0,1000
1.8484628626897508,0.6645121844902345,0.09399762083289716,0.0582317101987626,0.013242058806437142,0.031190798089166284,0,1000
1.757673274894725,0.6774719041455419,0.14103138072586677,0.05537008731237207,0.012979099919924512,0.031220534309565215,0,1000
1.7349020919484048,0.6720002153867378,0.11030166292999395,0.05126423262284427,0.012275812882459162,0.02816802938369851,0,1000
1.85576120889008,0.6689860807097531,0.07726955496392603,0.054697369210047406,0.012334290017484916,0.02736720685596352,0,1000
1.7867426305568959,0.6575408216117705,0.0727261781557707,0.05243499311035536,0.01259618698303141,0.02826640269705882,0,1000
1.8101590379388595,0.6897676068605477,0.08992718526690378,0.05756471685481039,0.012213806584631498,0.028344475794828475,0,1000
1.7371608143690478,0.6662032670270477,0.10744986965835962,0.053021145813455135,0.012861019486728695,0.030108493282261412,0,1000
1.5975751763082784,0.6863492654504608,0.1869198717702052,0.05158147309525395,0.01284321550241596,0.03224674100226609,0,1000
1.7931373166786626,0.6556400579415109,0.07587579384378962,0.05755760879439708,0.01363644984047933,0.03228995379638144,0,1000
1.7123975877821258,0.6658527769527582,0.11370892702201926,0.05279181508324838,0.013009888919859233,0.030763483153943588,0,1000
1.7798673370678848,0.674599671239477,0.13987060338511745,0.058433700244372264,0.01345467063824172,0.033274996622094294,0,1000
1.7533736386672591,0.6836739950630382,0.11031071542599694,0.05182758584516448,0.011886221813304702,0.026947485780317432,0,1000
1.782781399745574,0.6612153987585149,0.07923502351366205,0.05365243517769405,0.012783930539627389,0.029077035549913387,0,1000
1.7592865940999596,0.6470850277126552,0.08339215788459385,0.05396405281968236,0.013484924052845288,0.031806220014092605,0,1000
1.6972643288733866,0.6296819653425404,0.0965650025310268,0.0539997988045239,0.014602639363852546,0.03623740899049018,0,1000
1.7318868705460846,0.6617046474244246,0.13744357854970377,0.05246721256872667,0.013179159604986508,0.031181497487036917,0,1000
1.7892386514605638,0.6739852535971516,0.0887282281103844,0.05381087670931369,0.012320128092977646,0.027958616260001595,0,1000
1.8649146268059105,0.6615323990525417,0.08280777883000227,0.05381135479693502,0.012477027357872778,0.02758364733960387,0,1000
1.7159095456497209,0.6571075748861036,0.09480541490153364,0.053151186222738796,0.013219691982458611,0.03136823617127476,0,1000
1.7251974834449053,0.6784440512519249,0.13613983137258567,0.0553810597997115,0.012960579232739352,0.03161742929360962,0,1000
1.751681441113025,0.6718280913395982,0.11494489362877262,0.055143783579752394,0.01296229439896528,0.03092580038117812,0,1000
1.7753440637658022,0.6897218170597851,0.1269124113631613,0.06017155449565989,0.013003370097297079,0.032250262020272195,0,1000
1.7737661205075337,0.6441947706683264,0.07837155802341582,0.05302663214446588,0.013353782974138651,0.030875244653202693,0,1000
1.8570022266076616,0.6506242999340995,0.05391508700215228,0.05981003367491288,0.01383582132696018,0.03230342868220256,0,1000
1.8349937259081748,0.6555352644428962,0.07379673773091484,0.05538772537475061,0.013072531885180318,0.029747966303790712,0,1000
1.7613721337864137,0.6677005860647006,0.1002941150698731,0.05557099007578456,0.013069764595111867,0.030998257607747878,0,1000
1.7196038659892579,0.660929378357183,0.12226291368848005,0.05364754185214158,0.013322196960043173,0.032064143395791306,0,1000
1.7776421128672382,0.6653523654184308,0.11231901668476693,0.05391058245081507,0.012885878848693194,0.03006668740759056,0,1000
1.8532831396016243,0.6703523628332146,0.06013735771723741,0.05577477000016806,0.012321955380276256,0.02736218481521451,0,1000
1.7173953872863488,0.6618054075571745,0.10653497053897738,0.054617910616919584,0.013394386975474735,0.03227815449888478,0,1000
1.7884484892005699,0.6540310534211493,0.07316763102587678,0.051761237582668485,0.012652101411228885,0.0281843421692412,0,1000
1.6637188274610628,0.6925400764875227,0.16553574354877823,0.05339071938382469,0.012513085809519585,0.030832409958830635,0,1000
1.7154451645548843,0.6674985097135547,0.10965731394294574,0.054630081292476415,0.0131884482299228,0.031690568894647456,0,1000
1.7402579252560266,0.6555042582092507,0.07949457007942977,0.0551283370355463,0.013471042257456205,0.03189809575388819,0,1000
1.636971450192535,0.6802354778585441,0.1278558027678457,0.05347080424195636,0.012924242115616862,0.03178389205518257,0,1000
1.860111743579031,0.6307827893270582,0.015984885416362178,0.054514609108588116,0.01333408396991164,0.029216919279165067,0,1000
1.9060443743417934,0.665490762544979,0.07232614025811317,0.05805345485811862,0.01280619205052884,0.028916943482582818,0,1000
1.710910552538767,0.6792167081318493,0.13017452679480365,0.05097781089931503,0.012184162806321916,0.028236274658779262,0,1000
1.738458326766165,0.6673172844069506,0.1078995909699236,0.056302590862704054,0.013367193737145724,0.03242427422216184,0,1000
1.8251290905565285,0.6480464090918455,0.059464112212349575,0.056571172240033135,0.013491335110586929,0.031163348526398217,0,1000
1.7487761210801789,0.6699560142355241,0.10276166634608601,0.05440507154847163,0.012881170217669503,0.030239995363902077,0,1000
1.7564144756869875,0.6735074577838899,0.10565599143633932,0.05035241579316912,0.012025299935992583,0.02676021694394719,0,1000
1.8311549230847373,0.6811481236737446,0.1138678727800604,0.05548107378939192,0.012302493218700772,0.028331467746963185,0,1000
1.7945011942911304,0.6775096942500699,0.08796091904697151,0.05714908019551884,0.012706677912915345,0.029786306500872564,0,1000
1.7217573689761358,0.6660639946375966,0.11198987472184434,0.05254343602454333,0.012863620843806314,0.030182793978642604,0,1000
1.7514460861215244,0.6877362623059222,0.10676191654686165,0.057544219538184505,0.012580107137569331,0.030377285789955324,0,1000
1.6820096555596094,0.6800095522614839,0.13122888861486307,0.05432259946869068,0.012858525801041187,0.03149747769194582,0,1000
1.7939982222727793,0.6387816168862339,0.08554918436363608,0.053919532800220986,0.013709845567865397,0.03209323477149628,0,1000
1.750011832269651,0.6599725500060474,0.08392641876281819,0.054682632132542555,0.013135985926830511,0.030863762872126856,0,1000
1.7432239382889168,0.6596143038707759,0.13043533146907915,0.052968371929406156,0.01322882162908007,0.0314266426807321,0,1000
1.748724009925022,0.6518322548009226,0.10601160661290314,0.05331669199375305,0.013380452977671571,0.03166234751416349,0,1000
1.7201982026539462,0.6932628876812198,0.11925227529031504,0.05445524446401473,0.012133034120591836,0.028759431535582754,0,1000
1.7439646783588523,0.6578606460129373,0.11230703373114825,0.0527469906400553,0.013163033226221473,0.030825112374874016,0,1000
1.74454832698328,0.670697013511068,0.08141500727863274,0.05288920470574483,0.012438640673811834,0.028437781975343312,0,1000
1.701532307403077,0.6743946411000555,0.09649738279651783,0.05282301785082545,0.012565799318205617,0.02935822515342931,0,1000
1.7878108422225252,0.6511633099912844,0.06983512809026712,0.05443190089757629,0.01319049120042437,0.03048263509350685,0,1000
1.8372832907355818,0.6616378725376366,0.08082951553526642,0.055281842760543494,0.0128065492219353,0.029157540790605826,0,1000
1.733826377723688,0.6477321820294787,0.06847014465205013,0.05239979241629653,0.013214549455962746,0.0304704214175692,0,1000
1.685763315623446,0.6619906828815844,0.11860491486399315,0.0529760693987812,0.013316136704150787,0.032127893547367274,0,1000
1.7561442529738704,0.6618614045919556,0.08426585931888318,0.054218291401055566,0.012981103389131091,0.03020356777529055,0,1000
1.8425919364351662,0.6644245591485045,0.0686487590925353,0.055531314108555094,0.012698050537927526,0.028434183292561265,0,1000
1.7647244241095745,0.6651332984976434,0.09586963361423614,0.05420025486847353,0.012857910818765639,0.03003269815519694,0,1000
1.7970134295596194,0.66771732898728,0.07332403071542581,0.05571988952174751,0.012771317894034354,0.029300094786925187,0,1000
1.725043294836685,0.671901007263106,0.12983793072415814,0.057668249125258364,0.01358917794150864,0.03398994394524465,0,1000
1.7131812406953226,0.6368978712937954,0.081657051773147,0.051132835024034026,0.013574561363986942,0.03175636114911693,0,1000
1.667072287281729,0.6614140630631119,0.11960848901555858,0.05505577387234575,0.01377548494158863,0.03442958632345112,0,1000
1.6123440781206348,0.6586501244068574,0.13831076656043728,0.050433650908146194,0.013409075391016104,0.03288778105303573,0,1000
1.8381241515980704,0.6464359995035291,0.05675206137324879,0.05250200020468738,0.01279114379896893,0.02802084637652603,0,1000
1.80752187982277,0.679780376131914,0.1027405800349817,0.05892577252288712,0.012929126650813767,0.030926258239011774,0,1000
1.7266830385093108,0.6659301977375474,0.09658122416596275,0.053907297258328164,0.012987334992234327,0.030721751004836644,0,1000
1.756790306129736,0.6503241233889582,0.1092409762486038,0.0535012393813607,0.013511564001630427,0.03199919145224519,0,1000
1.6837344570488644,0.6796713119290642,0.16217260545491358,0.05152786770724562,0.012552857062718225,0.030104472323176763,0,1000
1.8021031876677422,0.6660230014615884,0.10025770312186438,0.05580738421826125,0.013062765862833958,0.030453219525207756,0,1000
1.7908378775313212,0.6578278197698872,0.07493978567049665,0.054469813191646455,0.012998004086810415,0.029801203592200242,0,1000
1.8906594751095147,0.6298799783726851,0.03613599584566469,0.053420226543562294,0.013204081120496838,0.02871525580563288,0,1000
1.7563504932794196,0.6568632131952099,0.11206864201974077,0.05364657959455844,0.013210978733984718,0.031335139283837,0,1000
1.813610282567747,0.6854277316379607,0.11008910451939907,0.05719613184879924,0.01242530789068977,0.029303803453723038,0,1000
1.7766132070331409,0.6385017155217199,0.041393449308541004,0.05183732979528931,0.013113586970193734,0.029116341882750318,0,1000
1.857719505267373,0.6570052305595396,0.0982388124578988,0.056266982852171306,0.013167746695968456,0.030590825758298096,0,1000
1.7952738147955434,0.6745538995248784,0.08546177484185313,0.0541164132178547,0.012319978322331093,0.027899552295221057,0,1000
1.7267817759314799,0.6680271011384905,0.10512138573792951,0.05418275502176258,0.01297496810817926,0.030871880145951113,0,1000
1.671062087568575,0.6878515663028222,0.1577559476851629,0.051078888708256956,0.012216957837544994,0.029099033151773448,0,1000
1.7311888695265305,0.6755746382540173,0.13377063258483998,0.05400203951269858,0.012781160937545985,0.03061026046151805,0,1000
1.6876142506337477,0.6531506181370357,0.12807944192399132,0.052885749516183966,0.013622681468764535,0.0333502190734005,0,1000
1.7777575773787873,0.6620363754019156,0.09557372125451723,0.053455665039382656,0.012804428080407357,0.029529240180504217,0,1000
1.8031138053111466,0.6820758618672904,0.12122332849772294,0.05798961862952154,0.012781359187312671,0.03079671406438593,0,1000
1.7533830011502356,0.6423151573499527,0.0820136007727456,0.0568898805939486,0.014272978632619749,0.03478490829434283,0,1000
1.7504829694464676,0.6538303356425257,0.09248276141234815,0.04957886254385776,0.01252891696376783,0.02793771570684645,0,1000
1.8177040864268135,0.6599255577585563,0.11610049596265458,0.05369586869506569,0.012850668039845962,0.029654418186635962,0,1000
1.780646312544152,0.6705875361000773,0.08124505117207104,0.05903841054126508,0.013325707009890634,0.032005912305437936,0,1000
1.8198742856475065,0.6563266955102426,0.06819479935264058,0.05190904284267249,0.012426484503050547,0.027186305525779664,0,1000
1.6818512292068013,0.6742651481970743,0.11958654054371803,0.05302554713846002,0.0127723366527369,0.03073021021837143,0,1000
1.7907808797272577,0.6594758582150846,0.09632173287919105,0.053106652558524786,0.012772503256162608,0.029230042662483725,0,1000
1.7625296383222615,0.6695432205045014,0.07439293661026493,0.055625044592768305,0.012800705381075693,0.02971923621971589,0,1000
1.7592347978684792,0.6656915500635163,0.10871253042984785,0.05236622065262699,0.01259897493525105,0.029082440773375993,0,1000
1.717851706742048,0.6814372591985522,0.11039371711825763,0.05525743082180877,0.012711507908824035,0.030496713966169275,0,1000
1.7851669281489586,0.6465151554099642,0.0820001199137115,0.059353587486600544,0.014368257135195342,0.03536684195340643,0,1000
1.689411709003975,0.6642301068452144,0.12775112935028535,0.05197662351188378,0.01306826293413014,0.031288751132168155,0,1000
1.703386449904577,0.6782006499446115,0.13049345316013944,0.052234969267513885,0.012448850439031905,0.029534330597571688,0,1000
1.7720431863015669,0.6860549295843205,0.10285062730859078,0.05576943566634582,0.012304628316460888,0.02877997791717375,0,1000
1.7595126600699347,0.6562865181422693,0.10146675777067608,0.05212472917600178,0.01295034468798569,0.02985574667068388,0,1000
1.7067587860414755,0.6471886086222669,0.08906245751994057,0.05214854701171435,0.013431000955281797,0.031718732081385335,0,1000
1.7280830180438225,0.678117688781173,0.09683163145340141,0.0531435812655314,0.012346798123742122,0.028653719228028986,0,1000
1.8323400637015783,0.6818926326096342,0.09880249174872638,0.05844145064355954,0.012608938560131757,0.029670989640898343,0,1000
1.7198730749970805,0.644881027277857,0.06757423489692194,0.051171523255317916,0.013132814243665953,0.030087182069557433,0,1000
1.858515840442874,0.6707667688329452,0.08737118745935238,0.057566203376416075,0.012740559799901855,0.02939531561007463,0,1000
1.7746708986060775,0.6726849470262934,0.11058026027857781,0.056923024720526315,0.013053519031227813,0.031434295512443367,0,1000
1.7691876519044119,0.670664347798024,0.10389748658279949,0.052646676562244185,0.01246683756893205,0.028516066640756246,0,1000
1.800930578563882,0.6589135376599157,0.07886350743140347,0.05411181976742347,0.012841848798437288,0.029314762516517982,0,1000
1.817238103417777,0.6628576828289608,0.09170801659649273,0.05490004531865369,0.01283745047454558,0.029546466811109666,0,1000
1.6970369448004188,0.6790238701347757,0.12963912161544108,0.05315756320421835,0.012697563044058363,0.03028862320880953,0,1000
1.799501090957432,0.65858591306093,0.06151860158188899,0.052305943791768235,0.012456941805027716,0.027414457357802416,0,1000
1.695479562638353,0.690694689252911,0.11126987923270153,0.05778646631373632,0.012797190703486167,0.03162987960996169,0,1000
1.7050856248969926,0.6629236852599529,0.11260121438722966,0.052100352659610605,0.012922340643579713,0.030605263438069966,0,1000
1.71596768141271,0.6202443422027953,0.03783681012871243,0.05173088580514394,0.014025496241925391,0.03261644875618971,0,1000
1.7712489165857224,0.6590753026576832,0.08003945457349604,0.05185203517560753,0.012578701204696912,0.028268862222576824,0,1000
1.6962135950426966,0.644103214042553,0.11842172566822644,0.052115232904382615,0.013794627942391054,0.033416822832685385,0,1000
1.7489195910785031,0.6830002325113205,0.09158945906219926,0.05781662726976901,0.01280603067265209,0.030639985995735003,0,1000
1.7652890253706692,0.6558918474694174,0.09160078027973688,0.053311559886971234,0.013088717582679068,0.03038135027858191,0,1000
1.6568825966623766,0.6706721173839947,0.13131604425287832,0.05040295293565985,0.012622610917810468,0.030073332592676593,0,1000
1.7497748383097704,0.6639044030239181,0.09348265622599528,0.04929741538820637,0.012093968954127857,0.026644591337014863,0,1000
1.767349044526483,0.6725052171980983,0.1425439302159754,0.05601590142719714,0.013153195979401998,0.032086668206285605,0,1000
1.7245780552010879,0.683407338379216,0.11659066556270122,0.05171047520688453,0.012037824603230293,0.027654777384625302,0,1000
1.789397578984812,0.6316900022362995,0.06645783061583117,0.055691309336241925,0.014187432947697608,0.033813158066877874,0,1000
1.6749675824707984,0.6649738223396956,0.08508521132622875,0.052956034901132855,0.01303075971781155,0.030677337610840023,0,1000
1.8167970117270402,0.6830894274330729,0.12235917558049367,0.057109815499300866,0.012574601900684297,0.029808722907636833,0,1000
1.6982870688667742,0.6746585815861195,0.11694700255710874,0.05403316428076335,0.012944024702294419,0.03107665912879172,0,1000
1.8325346330385488,0.6525012320737466,0.0779659490403838,0.057894583500219504,0.013732936922051485,0.03216634608811965,0,1000
1.8346833794146014,0.6602723966836874,0.08458651237040425,0.051765127915821656,0.012352794106260138,0.026892924842902916,0,1000
1.708288596594062,0.6509393850329566,0.09945671757911931,0.05191829897378558,0.013338449308436664,0.03142193099456532,0,1000
1.7317067454448516,0.662252292856657,0.16658919616160794,0.0528813898291843,0.013371967112313303,0.032287808520090444,0,1000
1.8146536210959143,0.6777049068944636,0.08923421630518615,0.056343242309041794,0.012484920415748326,0.02884588343170786,0,1000
1.7732514515076385,0.6864306042149696,0.1298669124567096,0.05686476776589095,0.012613291446898248,0.03044684306845096,0,1000
1.66561406507039,0.6593439461665703,0.13537646064586548,0.049611714135578334,0.012983104348412149,0.03064080200150236,0,1000
1.8189780242231681,0.6685846401662584,0.09895804803939033,0.056014365614000854,0.012819675675658913,0.029868123219777578,0,1000
1.8560671511969422,0.6681153386496642,0.0768524903759441,0.058228229618460255,0.012951336518329738,0.029935089582869133,0,1000
1.8272137257679337,0.6706896689684607,0.1353612969964303,0.05584802265626056,0.012959391596846625,0.030537734857353203,0,1000
1.7645666442606018,0.6805895355052315,0.1008616687619042,0.059301389562917826,0.01316651837520108,0.03205564882806957,0,1000
1.790829615881934,0.6443720749053689,0.0605328611605123,0.05535242657032216,0.013590670534680353,0.031533130019196456,0,1000
1.7378745125782082,0.6567449896748715,0.09759628487571094,0.05567001920222565,0.01364576577695777,0.03294988260752016,0,1000
1.8259033542194965,0.6627874234660941,0.08952328628252997,0.05568973237629679,0.012951878838341136,0.029882332231915047,0,1000
1.722372180674245,0.6586137366529431,0.055947299660807484,0.053279150999264356,0.012866857698608992,0.02959240873747335,0,1000
1.7359819903505331,0.6554845947588077,0.05869605469407684,0.053683833464119805,0.013067822763061574,0.03008689412409088,0,1000
1.7659372847431252,0.652729766772772,0.07894973705078304,0.05156597102804585,0.01278311934723118,0.02890094476611948,0,1000
1.84891016230019,0.635635280144523,0.030465063280132456,0.05234614878592841,0.012852787092703492,0.02783685230766297,0,1000
1.6588470700918663,0.6893470583027443,0.148842515077671,0.05442669035195348,0.012694671788439565,0.0315334810401362,0,1000
1.8320311239549707,0.6513764959785924,0.06438488238636438,0.05477299522379662,0.013063611772983234,0.029544582921011357,0,1000
1.7690463032095083,0.6416422498978125,0.03908078038235883,0.05329279329519856,0.01325589145006974,0.029933668095914273,0,1000
1.6720617534708586,0.6697528740575757,0.13029128629200504,0.051625325715571366,0.012829009059499009,0.03075769247791767,0,1000
1.709895197625722,0.6656333847068476,0.11469125771516453,0.053812847014661755,0.013150947571326808,0.03167085881139484,0,1000
1.8809377355922485,0.6445257907515827,0.04986283233667258,0.0535725743362565,0.012819399962682321,0.02786435754893215,0,1000
1.7332437238556042,0.6561504619304489,0.12168038317578922,0.05369959303959816,0.01344280884255808,0.03232896449818464,0,1000
1.7811064775762573,0.6795578328944595,0.10364703528619236,0.05410289547063141,0.012302708903983607,0.028235148471376214,0,1000
1.761324810882713,0.6739840023433762,0.10288019576985605,0.05665427726621252,0.012962542219337118,0.03106309845849736,0,1000
1.8232805534147958,0.6448053539382871,0.059050601889245186,0.05568408545996042,0.013473397750344545,0.03097149144900022,0,1000
1.7758112241456914,0.6646635313032877,0.0911056896061727,0.05558010512528083,0.013050427885944646,0.03073327759521476,0,1000
1.766239712085309,0.6673518418359042,0.10978808444129338,0.0548450544841357,0.01299603276457742,0.030746644711337062,0,1000
1.7075186844088444,0.6736696699932118,0.12208027573733851,0.05582388025023575,0.013254098516988893,0.03256355105443142,0,1000
1.7675821428020586,0.6558639997904679,0.13563817245557283,0.05433373898430429,0.013462835483258394,0.03245739679897281,0,1000
1.887298428965398,0.6473567902243215,0.049248303561703254,0.055681541048141055,0.013044398053840615,0.028926776273543797,0,1000
1.7313556498544693,0.6823263229027428,0.12046059682963253,0.05652579908509068,0.012860294466657185,0.03132458707695992,0,1000
1.655399178866144,0.6647844971222996,0.1315840488275826,0.05482660785825008,0.013771363227944446,0.034604850246105046,0,1000
1.8501262850158982,0.6452872669816475,0.05938904130805094,0.0568453054059708,0.013549535974967363,0.031216157986387195,0,1000
1.8375402207376512,0.6588448382950075,0.08906878768598375,0.055329893405598275,0.01297752076507513,0.029737369438683634,0,1000
1.7589408738573173,0.6476126331614737,0.08954913425687411,0.05050077075319715,0.012895412591523435,0.029130132869707673,0,1000
1.8046119276601875,0.6589481857123751,0.08202485764260256,0.05217666464581854,0.012509343290006155,0.02785304483589982,0,1000
1.7060364447051968,0.640574468716264,0.04956800325218366,0.048128536054765185,0.012647453014465251,0.027810327122007993,0,1000
1.794578933592412,0.6572781808811993,0.0866828336858578,0.05585551581311096,0.013280346198882511,0.031168307269897055,0,1000
1.8642861099942143,0.660723713190955,0.07550607075410908,0.05677603509172489,0.012912947577431756,0.02949802375352334,0,1000
1.8422227798400834,0.6458760522768551,0.03905206266541969,0.05138947275849374,0.012463730300890565,0.026506061912149534,0,1000
1.7515624646964003,0.6701498445401637,0.08557457072906866,0.053479049618541476,0.012543281871475733,0.028805405580870254,0,1000
1.816537492032344,0.6640674286334579,0.08817443888461847,0.05380826992023916,0.012590480703817101,0.028458666901553787,0,1000
1.7764098581024486,0.64633257137829,0.05449060275710578,0.053946743513309525,0.013303576990866156,0.030368975722145797,0,1000
1.730198342997248,0.6701423653296185,0.12783168614345056,0.054024443581169916,0.012993098984320628,0.031201835029416466,0,1000
1.7681124529747076,0.6509158847928785,0.05253901967300246,0.05530292791320625,0.013348735374626008,0.03089542857586007,0,1000
1.7886776276743455,0.6614324468214413,0.09921408157744138,0.058446833131944764,0.013677990775248753,0.03324274809231949,0,1000
1.7312599714636692,0.6809251311338717,0.1527910577904154,0.05405097675739464,0.012680613856298897,0.030692078266090276,0,1000
1.7008788266289443,0.6747718099387272,0.15043777373494724,0.05231280448290591,0.012768309779496494,0.030652788379081388,0,1000
1.8607829921468015,0.6602487410211886,0.07167509826849537,0.05979054806885215,0.013588263059864863,0.031790617589695286,0,1000
1.7801666921271118,0.641746419497813,0.07889983545611366,0.05222336333288711,0.013276004469101458,0.030330411488945,0,1000
1.7795823112652158,0.63199032716226,0.08513340412519255,0.056986731112030155,0.014629344311020911,0.03583321458511502,0,1000
1.7914307743555853,0.6561299226359184,0.0694768973867682,0.055119399795276525,0.013146411676722956,0.030308217565072657,0,1000
1.7046614084111607,0.6696936257277951,0.12719648834370673,0.052953387325713974,0.012959243040512294,0.030945566719855645,0,1000
1.7564699953546754,0.6738777350869021,0.12317114224748818,0.05852447495619968,0.013490706572821145,0.033444990266626645,0,1000
1.7445653457071035,0.6610939375741579,0.09820530399109295,0.05536453413763437,0.01333790337139777,0.03200143323304025,0,1000
1.841101461985448,0.6586178466015032,0.06057214752298445,0.05488778514679164,0.012701595296834166,0.02832687730336301,0,1000
1.7904593489140825,0.629375968802549,0.05413300290345011,0.0531987089584692,0.013727285971748078,0.0316289945698077,0,1000
1.6767476943687758,0.6743493891094087,0.15425926054106626,0.05577117192904968,0.013489800432564928,0.03428579791937448,0,1000
1.7933447324148253,0.6716270597025286,0.08632975380712586,0.054543812194142394,0.012482685308903714,0.028541263852843807,0,1000
1.6725567865812647,0.6714623760258072,0.11858543883175493,0.054777302106441085,0.013291282926721264,0.03267958026005286,0,1000
1.7989840648672086,0.6651672044074954,0.08660598837132343,0.05669485447389427,0.013159591389736035,0.030845501610330575,0,1000
1.8259901247491885,0.6629512204540116,0.1062517666592049,0.05904941734033947,0.01358967362108699,0.03288760080091293,0,1000
1.7920343179006324,0.6668090498789115,0.08761271629095932,0.05370823700403589,0.012589177795106639,0.028643401997337514,0,1000
1.7704832047763464,0.6748865964332211,0.10167652185888619,0.05715569995005769,0.013014756848002143,0.03109678183789998,0,1000
1.7740705402303172,0.6729315070412955,0.11526336429875052,0.05715076694056225,0.013151165181632223,0.03176249912974873,0,1000
1.8056353177421258,0.6496974632516662,0.060483731858281736,0.060036364058163406,0.014129460955107113,0.03387464527193645,0,1000
1.8325696066487296,0.6495422132792671,0.0713226358186639,0.05546312896490764,0.013280745598046203,0.030495813966903422,0,1000
1.85825489377169,0.6459810034031666,0.05826370893625785,0.05761437850332266,0.01360501129111541,0.03147589967670715,0,1000
1.9158760107394703,0.6578816068039007,0.06315631736796333,0.05546834657464709,0.01256065026130559,0.027427612076979413,0,1000
1.658800257131538,0.6642154291565299,0.15077643090429424,0.049055745795163565,0.01280254897163149,0.030153114902959674,0,1000
1.7318571799623437,0.6680972069352564,0.13924178475526414,0.05624927211239247,0.013507381858911524,0.03350480261501366,0,1000
1.7386309953179542,0.659848645616258,0.12181365035022662,0.05392315976879667,0.013347287087934714,0.031985620322911884,0,1000
1.7747702173116058,0.6545726815818715,0.0793344767274719,0.05515550548013046,0.01331704430344722,0.031270766659512964,0,1000
1.8102674425642618,0.637783786974204,0.06635002377793289,0.05161535218616835,0.013087796845027672,0.0292253242890332,0,1000
1.810576434697194,0.654550144505514,0.0862661410459282,0.05648623664988946,0.013423159982485238,0.03164015001511283,0,1000
1.7623049433991103,0.6807793079878028,0.10467164413509356,0.058350303885854826,0.012981111372445564,0.03149472202980098,0,1000
1.7818616313974187,0.6482918465311364,0.07037413147933486,0.05028614515510407,0.012666077674896905,0.02776110260605529,0,1000
1.8592251970407785,0.659593874151111,0.06900250174068108,0.05712416871098332,0.013040149220869884,0.029827052569714036,0,1000
1.7273602660439564,0.6626634957857865,0.1270668220904064,0.05588296473438946,0.013698026258222437,0.03367465083813189,0,1000
1.7366124379975312,0.6669272820207033,0.09940578080304857,0.05293554484290694,0.012731104984345664,0.029695892235165985,0,1000
1.774291449753181,0.6727837104992335,0.1089978171512545,0.0544326981129928,0.012694336863104777,0.02955622145177516,0,1000
1.7751638439533877,0.6661583815502559,0.10717518523301575,0.054657481543925863,0.012987446043972702,0.030414475266056132,0,1000
1.7189020024234622,0.6662673498129784,0.13206209324468285,0.05297179684598791,0.013054183983409849,0.031248913312650405,0,1000
1.767627673450036,0.6708610744250509,0.10652092062434575,0.05568735766524424,0.012969675596566492,0.030789326017873174,0,1000
1.681879634676466,0.6818693934283261,0.1423200229845728,0.05360055759358523,0.012761255745876972,0.031123988322454423,0,1000
1.8289240407047112,0.6507810627992368,0.06836903430210095,0.0536717026240776,0.012885433589391461,0.02893962697207522,0,1000
1.7659243004698018,0.6739512915521482,0.10197258341811594,0.05606440437344935,0.012887381929604013,0.03061009806865174,0,1000
1.834895650264456,0.6629366247966912,0.05871785850350267,0.05714804921938072,0.012955991875740877,0.029488332412498496,0,1000
1.8274718809824442,0.6419412198607748,0.04222476595849593,0.055464466168614876,0.013450823538272389,0.030492333069727835,0,1000
1.7433087076641693,0.6662218158339275,0.14307006782165282,0.0552523909722151,0.013431514525982017,0.03285607545866349,0,1000
1.7274880940516373,0.6447426042116362,0.10966650307361253,0.05186979172888365,0.013512666596182641,0.03204405970079341,0,1000
1.8674588413519957,0.6521147621990703,0.07436320839136877,0.05499212171687213,0.01298067822931094,0.02918664770796145,0,1000
1.6741663971985319,0.6734438873182713,0.11182980149948471,0.05116588155050428,0.01242056597659667,0.029275459562078412,0,1000
1.6493825105793345,0.6688573724692018,0.17819473980665798,0.05173000003174615,0.01333890794877179,0.032971464296793096,0,1000
1.7268598184341997,0.6711144699192536,0.1275702330900649,0.0549401339746949,0.013148915824297825,0.031900464991310926,0,1000
1.7142803808742308,0.6667442098298106,0.1294887474174417,0.054001000834060835,0.013225208245564947,0.03210864472016725,0,1000
1.6981671233942108,0.6766652110037681,0.11294764445099237,0.054367111147395675,0.012839368160588154,0.030963798872052563,0,1000
1.753489841534324,0.6425979848842631,0.0572078116862182,0.0482554747158083,0.012432899462975416,0.02689672842739865,0,1000
1.7297784946813153,0.669200583002794,0.09934834582795436,0.05299231543720269,0.012676931664662803,0.029623100246173123,0,1000
1.766791285913158,0.6509419362723835,0.10065861307176364,0.05421671056130924,0.013436062577160594,0.032007701907143624,0,1000
1.6506205787771293,0.6787346312558225,0.15676085297693806,0.0518630378827751,0.012795338994601306,0.031242747901522303,0,1000
1.7089170991712477,0.6645010102355702,0.10918845418538098,0.05070715543506082,0.012620831505098004,0.029162005710961825,0,1000
1.8323749795564819,0.6375033421568709,0.02309335046213201,0.052342906314493017,0.012862913923150714,0.027704518685965265,0,1000
1.8058708885015933,0.6488151783598727,0.0822869484129284,0.05287644467431972,0.013035003532668283,0.029590251444042783,0,1000
1.734264812971293,0.6501273454087166,0.07766343960916798,0.052232988334162025,0.013120064988105532,0.030339106914638047,0,1000
1.6817379059294986,0.6728195434961285,0.14803571387660974,0.054394535441250544,0.013299968126800763,0.033000230202574456,0,1000
1.7723155514699054,0.6758570430283849,0.10936346219274187,0.05497321609898996,0.012624821940736459,0.029653202522835986,0,1000
1.732348541347148,0.6832406341511932,0.09254133424498244,0.053164870156374326,0.012102953489929987,0.02781200647312386,0,1000
1.6906827884692157,0.6888386042848567,0.15606124641449404,0.05683667345573972,0.013045425601564936,0.03296727502141346,0,1000
1.78891704922767,0.6781466335050779,0.12524443425513784,0.05689969320969116,0.012871294806724741,0.030922035508188138,0,1000
1.7473713192662568,0.6465409538522685,0.07852029562334695,0.053007457177259854,0.013353016634054277,0.031218538636058613,0,1000
1.708819566693317,0.6642856347811095,0.10634949852062889,0.05266163964655379,0.012919298265723649,0.030568797358283755,0,1000
1.701329673267242,0.6491118356488818,0.08041308021168107,0.05038216824934373,0.012952896808763601,0.02990758107631288,0,1000
1.666641009713161,0.6706179107360596,0.11838815627126216,0.05401945085248986,0.013244411394798572,0.0323657102980363,0,1000
1.745297646014332,0.6597760556118571,0.09642209177389777,0.05263058520360417,0.012943070056647634,0.029975081380525282,0,1000
1.7536481759904423,0.6696143599869112,0.12062112885208995,0.05328265755621327,0.012747173606603228,0.029864463653380986,0,1000
1.79594702005665,0.6374954429848929,0.06188406006753087,0.05171624203569538,0.013204815904812761,0.029570721395464458,0,1000
1.7867161804413967,0.6845769807842719,0.07750753329357311,0.05521696781904401,0.012065458313551054,0.02736047576024318,0,1000
1.713860703331284,0.6688447928642056,0.12847081752247488,0.052468241626000486,0.012840177893302626,0.030511408543262043,0,1000
1.756925593751203,0.6384416608671328,0.0844168791410642,0.05042146343844851,0.013215354477169995,0.029984793212905692,0,1000
1.7395865675846567,0.6789640520956596,0.12042935863092738,0.05484416736753216,0.012668190507096387,0.030314688474070338,0,1000
1.80016158712407,0.6465123119843887,0.10111414759842127,0.052759435159422524,0.013324791189286823,0.03055663251597892,0,1000
1.8064115848817435,0.6666366325212644,0.08783349276996477,0.05569430212471998,0.012844862523049507,0.029742593685226637,0,1000
1.7509625006901246,0.6371613624558927,0.09924285569685458,0.05453346446886387,0.014195646041141314,0.034362409159572914,0,1000
1.877269499105236,0.641161116067884,0.06834162166166144,0.057462898803534834,0.013778891856469001,0.03192697661431433,0,1000
1.8403224557419886,0.6421258069891487,0.06544478534625908,0.05783752551180331,0.013959925585170944,0.03285736055839387,0,1000
1.62693369522181,0.6683349427184191,0.1804045854601399,0.05004883780444759,0.013195769694396458,0.03212132201519615,0,1000
1.7324417167863697,0.6743948306320734,0.1122847915442315,0.05390358891764473,0.012685506719198304,0.030073119361725166,0,1000
