tau,kappa,beta,tau_se,kappa_se,beta_se,convergence,length
1.8739293965553043,0.6316505374092786,0.03596448893802407,0.08011856710065875,0.019469615813604388,0.044138950933315456,0,500
1.7643147276927613,0.6279346291518534,0.07549827306207824,0.07056543736682801,0.018917192324574,0.04275017182929239,0,500
1.8975848291803543,0.6485713891027791,0.025367376951269466,0.07915443472772696,0.01832093079552197,0.03945184798830427,0,500
1.6491828206478691,0.684182245220046,0.1468682881443359,0.0726060363950435,0.017517246736277796,0.04218152612940519,0,500
1.8180467998548513,0.6607465561782248,0.07833498003519328,0.0767475708587803,0.017951369573935307,0.04066128037984107,0,500
1.8650474944187574,0.6849342365767596,0.08097294533469232,0.08341491453507685,0.017445268832894715,0.04010254479461287,0,500
1.7705776727640508,0.6642105737000789,0.12321976948497611,0.07266017802503438,0.017659666759461352,0.040395130824641294,0,500
1.7590379629818902,0.6499226060425123,0.10566034092008598,0.07440783478996106,0.018755255103381337,0.04389041104501801,0,500
1.7511997596757949,0.6571114788740342,0.0822507643994342,0.07294772052249766,0.01800853151361387,0.040696905569462496,0,500
1.8701028735250076,0.6365236923420718,0.0714854885344214,0.07593303094165765,0.018902960261008052,0.042154863672882764,0,500
1.777820971440678,0.6372149732817979,0.07512336899661222,0.07290827016523976,0.01893810275915016,0.04287722158711717,0,500
1.5453255996625666,0.7124577095666699,0.19492702773714662,0.07438958211302313,0.01727798136251854,0.04444124441465039,0,500
1.7051950064488588,0.6621489963219129,0.10979325633021067,0.07733458829487908,0.0190188577102073,0.04613350321399981,0,500
1.7589591688211481,0.6826254610387215,0.12812262729479584,0.07505159946705148,0.017203172917600717,0.04022845413534381,0,500
1.7487735129127975,0.6894185904397523,0.12895392527228364,0.07879333627273719,0.017728248010168736,0.04213679588570506,0,500
1.8903854534254958,0.6312913994584257,0.04898073496665388,0.08106299329803006,0.019714868013025626,0.04519450000424739,0,500
1.8179697737456275,0.6515922152305367,0.0778771369815115,0.08212882071710251,0.019561071122248606,0.04630262403464308,0,500
1.7785814390985553,0.647700596357566,0.06304105183202684,0.08533161792444824,0.020480482419466442,0.04976887189270841,0,500
1.8396694266012072,0.6879456784309634,0.06993183402927748,0.08753742710903126,0.01798921703466319,0.04212128215160707,0,500
1.7512167038522906,0.6802692418397984,0.15543357325794724,0.08372408321333688,0.019164145733434886,0.048498762154826174,0,500
1.6903060475814928,0.6724125499643246,0.0991027611727582,0.070782140073859,0.01723983526875411,0.03926261342972969,0,500
1.7668187890103644,0.6552587837337631,0.1362820176361763,0.0762836266225842,0.019083305660768504,0.045736948214439514,0,500
1.7081137573091167,0.6556394532674088,0.15706094303495632,0.07533366423382713,0.019342817969420823,0.04773010501979735,0,500
1.8047537882631906,0.6453199616175513,0.06704939280525056,0.07241028324884903,0.01811532835772687,0.03977086282833379,0,500
1.7710407625309061,0.6647366440841065,0.13098246791690685,0.07445793897395309,0.018287265221005267,0.042460604832227127,0,500
1.9163164609707857,0.6539500462086377,0.03906754134566337,0.08491392735986104,0.018854263763087468,0.04232797198423929,0,500
1.8371804925640605,0.6847414427089032,0.08465617186654593,0.08111538652808643,0.017349228618142823,0.03966136074781433,0,500
1.757070448742972,0.6604264857077101,0.08015792228714118,0.07785845246216255,0.01858187055564141,0.04344541384223562,0,500
1.7717980404736102,0.6671369769396288,0.09718858470440377,0.07684959426253651,0.018345494183493034,0.04213075519142253,0,500
1.9149881216080187,0.6384872546779599,0.028940182013233787,0.08881877777213654,0.020397648865365013,0.04744247779058761,0,500
1.876847587294623,0.6437576440032332,0.04212681926315443,0.0831050189717305,0.01934055412752308,0.04437153455456216,0,500
1.8192986715481532,0.6623370111136088,0.06368518217455063,0.07212466106300353,0.016967413584331684,0.03633042553914825,0,500
1.7404399553934797,0.6962527293371705,0.10393084689911727,0.08102606493591401,0.017451103468081066,0.04166973334337611,0,500
1.8567057148456934,0.6817293157906756,0.06862620837842567,0.08555799699055745,0.017981125552352664,0.04136655672758722,0,500
1.9458404250615353,0.6633236466078519,0.046371610384747214,0.08398672359292751,0.0180102233341921,0.03970842727294001,0,500
1.8916609151754635,0.6705956567319111,0.05416632899478325,0.08113555271480938,0.017519390876084298,0.03862592698642168,0,500
1.882910923483612,0.6426682503703649,0.05838722001376485,0.07657902314746202,0.018432926030409365,0.04060046579697621,0,500
1.7537306588639914,0.6702121854997274,0.12139327383706411,0.07593817056614308,0.018093722247990843,0.0425734446606654,0,500
1.6586975812054416,0.6828135659281577,0.10709694501886372,0.07436632472491285,0.017634977166882136,0.04183949428821709,0,500
1.64662055119659,0.6685762324649298,0.14024921404839244,0.07290709056891749,0.01845004928668492,0.04484632442635929,0,500
1.8496614233600495,0.6563820477659862,0.07754475714429122,0.07464897803730033,0.017607157667381187,0.03871795560760982,0,500
1.7872990807461655,0.6483873557063129,0.09008417601799044,0.08001589295745933,0.019503955600814492,0.04687438589238167,0,500
1.7746440457114574,0.6634293702618749,0.12399787691303647,0.07430170430949445,0.01813190532115066,0.04179042919467541,0,500
1.7419630013890697,0.6724637587748894,0.13043369972647367,0.08230048068022164,0.019307520341981455,0.04805462599525884,0,500
1.824690052753416,0.6411844646953394,0.04607905830616811,0.07224935886313755,0.017946106467446356,0.038637779882829036,0,500
1.7990309546432959,0.6619339270416463,0.12336717660973645,0.07786322053715738,0.018654601558707018,0.04401327147958355,0,500
1.8304966355494907,0.6767745416605291,0.09574590226647207,0.08439523185787252,0.018436181181272972,0.043912417369647086,0,500
1.7354462864983733,0.6639224877159718,0.1030546753832322,0.08019823487548805,0.019223825102764734,0.046623993446795575,0,500
1.7349285150901421,0.6759900433632166,0.0873191781027111,0.07636592754704007,0.017719300947658934,0.040909597363794833,0,500
1.8598063687642366,0.6537648006924076,0.04297641306709708,0.08021393579700366,0.01854066339203513,0.04121691254637666,0,500
1.6947533401301156,0.6332990057655891,0.11568040842458,0.07241351431338704,0.019809600769682634,0.04797654962583965,0,500
1.7544440989791101,0.64625995190983,0.11404379544065416,0.07540548830040757,0.01924389838344744,0.045834494174353674,0,500
1.8376257486813816,0.6711275160391282,0.09328239526412078,0.09026925229586885,0.019801113005314484,0.04871191820412178,0,500
1.6455211177589875,0.6653510027655462,0.14581109481813548,0.07042054917801695,0.018267993781867033,0.043635099127251345,0,500
1.7990296172966795,0.6789509209027897,0.1123281116465263,0.08553563239855333,0.01892721753318656,0.04633873530226205,0,500
1.7703839740304754,0.6583947329993995,0.058591554053571235,0.07608154815431535,0.01820731350168282,0.041225767827398944,0,500
1.8413829520733054,0.6903050028559192,0.10965376969414126,0.07788818286331207,0.016827398431421465,0.037631447611296845,0,500
1.6762256468588983,0.6567046787310988,0.11951596758031763,0.06940611363638341,0.01819201545943573,0.04200924013097177,0,500
1.7738077530379586,0.6435213724279405,0.055489557006963314,0.07561495417094101,0.018760566502059883,0.042889216769994035,0,500
1.856716282240138,0.6626595975344,0.06630107822060351,0.0791878155242508,0.018008694987569105,0.04039608309090678,0,500
1.875124898280138,0.6745022127977538,0.06349770564448198,0.08758933015686535,0.018614102532034618,0.043246801791380615,0,500
1.6940079585003602,0.6476425406883494,0.13292042646857868,0.07601591571367994,0.01995061244090177,0.04928725758322036,0,500
1.6281061366022325,0.6692437226127054,0.19443614148471156,0.08279233103853957,0.02094510089208917,0.056395040670507615,0,500
1.8712931718532617,0.6855844117833424,0.0777349129453456,0.08828448521311279,0.01813958554631678,0.04271254936290156,0,500
1.9193292996146434,0.6439413270358058,0.045177619561381104,0.07758830128612725,0.018306298214222177,0.039481787404071315,0,500
1.7185592049945382,0.6626732512754732,0.0653693689656149,0.07562798739799621,0.018019819666232357,0.04196090707855557,0,500
1.7747404181828843,0.649778818095784,0.05294917036042922,0.07046543783554156,0.017445467800957577,0.037677869024281524,0,500
1.7653434783830422,0.6540904057797607,0.10573589691266967,0.07123445795143464,0.017867347834306792,0.04023408410473765,0,500
1.7127185516408048,0.6910270819685032,0.12914442419725033,0.07722829170812075,0.017640428403470798,0.04191507776394045,0,500
1.6799291580189792,0.6643044849295014,0.1210719600046685,0.07862977888198723,0.019375354224667043,0.048130589742228176,0,500
1.6494121622246243,0.6837727128122163,0.14269306330311196,0.07259898301770189,0.01750660280970564,0.04217332332149772,0,500
1.7519348674091182,0.6934397961617214,0.1297471420805113,0.07914499905514603,0.017300583275816104,0.04153768516660184,0,500
1.7449999801157607,0.6644249644579427,0.09005535836481815,0.07233425687321818,0.01754125840929631,0.039619751815918786,0,500
1.930692104623669,0.6496064095749918,0.03038181825558621,0.07864223332309757,0.017896852353534505,0.038107949823197845,0,500
1.7462173757388073,0.6920201961239819,0.11550448962809103,0.07827431278077929,0.017222742573258842,0.04086610646584283,0,500
1.8400315652642083,0.6540781680539505,0.05021104513181974,0.08635898448715507,0.019780138132405936,0.04627504093536821,0,500
1.658800281082911,0.6420987063169594,0.11542244739118065,0.06575813427911771,0.018188898660822364,0.041454952039826194,0,500
1.7181023364574097,0.6517795521355942,0.1104672964038517,0.07368643669206376,0.01893398214793309,0.04462773072712661,0,500
1.677869224372808,0.6855140204046799,0.16643224807088405,0.07599485478432678,0.018165418471382127,0.044523131337771533,0,500
1.5979763522969008,0.6863043041047062,0.15165187634633018,0.07322556020797667,0.01800009011244958,0.044249643039028785,0,500
1.8277339378688668,0.6695913442517534,0.08349663144102512,0.0740648396612095,0.01702248983457427,0.03717858867875574,0,500
1.837859769281132,0.6659654745789441,0.07468791160718687,0.08585392765942397,0.019252735996409972,0.04544268308138799,0,500
1.7991297791926684,0.6679227979311585,0.09755471011159679,0.08032450561178467,0.01854250918442274,0.04364790078485298,0,500
1.8206387466693066,0.6598341440894883,0.09328224844972537,0.07825900286144244,0.0184302031547556,0.04257038976733292,0,500
1.739930091013859,0.6387812371729908,0.07114644090447063,0.07623327378915326,0.019691805607390745,0.04640641197932694,0,500
1.8077880668979607,0.6492351341515337,0.03740715805589707,0.07434307077858963,0.017859478396371673,0.038873144900737525,0,500
1.7376515104564627,0.6770773001297228,0.09238596740335833,0.07143827845797177,0.01686212910292203,0.03741203979361444,0,500
1.6504780743133574,0.6750977871679293,0.15601755645260756,0.07287789335595227,0.018208187118883935,0.04429590186892253,0,500
1.832356684433553,0.6360136135306701,0.035595867677099616,0.07148897200933647,0.017915939308458466,0.03800392714117063,0,500
1.7763106963446493,0.6394068838123564,0.04926749560298888,0.07921997704256047,0.019798007602406412,0.046028239809504407,0,500
1.7168408238369093,0.6773976413144392,0.11037113610983916,0.075458492139571,0.017761651150579826,0.04173905443802649,0,500
1.7732768998938075,0.6690869386594194,0.08872997194104124,0.08044395016400031,0.018640931988537265,0.04407983930566102,0,500
1.8262117133234996,0.6685724855606667,0.11525353053992253,0.08122011132557415,0.018610821951891877,0.044240081099416934,0,500
1.806542917821457,0.6602545191774888,0.065627917003091,0.07178048474874188,0.01687201275791524,0.03672974215861724,0,500
1.6559028271882483,0.6843683539431354,0.1757467671443419,0.07330372629870265,0.017863055134584985,0.043548006989701335,0,500
1.7828680585574006,0.6533810312286026,0.06865305983469693,0.0708315864218189,0.017402111081292228,0.03786633286304704,0,500
1.7259174792942469,0.6314607057389238,0.0814757439169534,0.0740448866551556,0.019776606795868,0.04699245878339269,0,500
1.7535720100923229,0.6451769217175317,0.052210510860135284,0.07123516546132713,0.018063813520839356,0.03984134962282847,0,500
1.8271018388295697,0.6446544400496358,0.0918708541929555,0.0772327517585534,0.019141247397166907,0.044111628927852566,0,500
1.7991071799468883,0.6413719221555103,0.0654489358888109,0.07852713756030234,0.019400289527879058,0.04515551844427079,0,500
1.8008057184914736,0.6603341703000023,0.07144276394069446,0.07568643123946885,0.017915314172274772,0.04025699871058644,0,500
1.7382895523457267,0.6826772056094385,0.1307321333392898,0.0783157216789746,0.017923307484832934,0.04316651562087705,0,500
1.7836252487404198,0.6563778467620971,0.055875225054449994,0.07269823119548563,0.017586967904597208,0.0383561278214822,0,500
1.7028950503426759,0.6437980538813338,0.12038190966806579,0.07673205649098731,0.020210865251367175,0.04975905167028328,0,500
1.8296850506058329,0.6591373043542096,0.10503423425549503,0.07759894658099667,0.018410071932168495,0.04261451405230369,0,500
1.76798533165188,0.6257318348807402,0.07594896970206097,0.0742921439282181,0.019842696885593935,0.04638482907817983,0,500
1.743827290892489,0.6822395244217542,0.07909800251487371,0.07483050074035205,0.016992497126110912,0.03815809226688207,0,500
1.6431484834291648,0.6749146534400648,0.1472228381743023,0.07857866633511047,0.01923658833398367,0.04883162339456776,0,500
1.7398857403240409,0.6615882922959869,0.14065804768032247,0.07682209374699146,0.018798197284456093,0.04619847191133317,0,500
1.6806816788046905,0.6424518900897451,0.08693928436046099,0.06985618152276804,0.018557213129561045,0.04310313039328624,0,500
1.75762540134354,0.680173010256433,0.12403273039802962,0.07505527873617185,0.01740483528294735,0.040358074460198956,0,500
1.6901487470488175,0.6413102694857802,0.1228242012526684,0.07140964255926831,0.01927407442434222,0.04593349094260045,0,500
1.6441918473863226,0.6405605835794612,0.14187461366365794,0.0706896728489909,0.019786634581576038,0.048109058353152295,0,500
1.6310402736360932,0.6775590908924553,0.14545193086287633,0.07174834047540689,0.0176682035483204,0.043169741346379624,0,500
1.800667085968335,0.6847558813851123,0.12696911043054515,0.07552757182638122,0.01705211138910609,0.03880991219077318,0,500
1.7721089722598866,0.6656696707431128,0.10749712858921975,0.07284561727476159,0.017517475403578394,0.03979860065948143,0,500
1.727214854449952,0.6518087658774278,0.14117349843862198,0.08195420085497761,0.0206515708797502,0.052770371236140645,0,500
1.7516288149234491,0.663365486492817,0.10692774310032145,0.07418167609618523,0.01814346055164037,0.041774828173439596,0,500
1.7862471294284605,0.6778702310904963,0.09769506552483563,0.07550145429981424,0.017402740237030458,0.03903930753140762,0,500
1.9045877047617144,0.6117300627064858,2.3975722383533076e-6,0.04135368518333807,0.012902017711290523,9.190004548187777e-4,0,500
1.8117949480409616,0.6254038671151836,0.03400975283315672,0.07782740008563928,0.01977680024864068,0.04539571109774816,0,500
1.805997681382949,0.6739164963258522,0.09264467061589715,0.0774847066612598,0.017677312940501552,0.04025865925266038,0,500
1.8355348238362459,0.619812459186193,0.018076760677347512,0.08142386999497664,0.020548257356576338,0.047403213948460754,0,500
1.7850959883011654,0.6567243679563471,0.08287271310423586,0.0727540967053449,0.017770391155487827,0.0395068057599375,0,500
1.6973379830080537,0.6807959115987543,0.13764808890004435,0.0788818600470235,0.018478151385551835,0.04559315780534744,0,500
1.7451625878809383,0.6505797979342268,0.08722524065179318,0.07398798980115563,0.01847503618463816,0.04291161509568001,0,500
1.8128391982994505,0.6237855668992788,0.047255468315040766,0.07517468471566319,0.019721073673593714,0.04452357380107371,0,500
1.816789329918536,0.6954201866377948,0.10239932477884857,0.08317611219181713,0.01733639770103317,0.04070730409252821,0,500
1.7893926316797846,0.6679175911479316,0.09873212127319762,0.08679540620546126,0.019749962564882616,0.048652645144527745,0,500
1.7960494919511374,0.6669883796977796,0.09106588904167337,0.08516234737386462,0.01938454791372423,0.047131698248920405,0,500
1.637014982088753,0.6290262900053422,0.08883933954982129,0.06686408717238049,0.019148662577492228,0.04446897982866467,0,500
1.784219189447955,0.65119650511957,0.08345326254988564,0.07810193354155885,0.019050029433279787,0.044646873953668946,0,500
1.7997628162571808,0.6499896158639735,0.06213342638492887,0.07262285219271705,0.017864537711076663,0.039020644855763155,0,500
1.889544597109589,0.6395987774564719,0.024462946241016005,0.07721701107783947,0.018436360692875114,0.0395856018091697,0,500
1.6202244695711512,0.6600864122952793,0.11300261219940942,0.06994069178613124,0.018313946280530468,0.04351185010827785,0,500
1.6721169659431845,0.6431157380885238,0.11245418135985147,0.07426655538622448,0.019835553204919747,0.048505594280304876,0,500
1.709428957765676,0.6379358203066555,0.08901562589443003,0.07422595937968574,0.019417604622720044,0.046658224673402866,0,500
1.892096766467774,0.670898747062791,0.037346389775529974,0.0809498615172073,0.017269908441508854,0.03741791261907039,0,500
1.5986513817184929,0.6943037819749677,0.1616796170137733,0.0740699036452954,0.017674815655377187,0.04413242467187412,0,500
1.8408120020907528,0.6757610968830505,0.12067904476123573,0.08789327091325641,0.019288351614875143,0.04757183206364267,0,500
1.8052583399564817,0.6723162767475301,0.06139237615987231,0.08138183473995628,0.018101086410198475,0.041428198547307636,0,500
1.7991722228553704,0.6211092915492473,0.03524130608003997,0.07361803196217968,0.019312578696950237,0.04336530511734779,0,500
1.7569440797449294,0.6952551123453895,0.1279875809551406,0.08174186372819221,0.017559879009596015,0.04286205255720327,0,500
1.7643001344157334,0.6606788657424413,0.1457966892917033,0.0775572753336399,0.019165186732980545,0.0463648954403074,0,500
1.627197105338634,0.6995794925712577,0.21045937315122398,0.0784428523006635,0.01815225245114287,0.047803376982211106,0,500
1.5932270754111628,0.66879589785543625,0.16070061628775886,0.07189731633945139,0.01880300859345112,0.0468027598460924,0,500
1.7504287700208074,0.6714842364893204,0.0711916296966396,0.07414705116275666,0.017380604017072185,0.03876865870161386,0,500
1.7209697267120851,0.6501544229738674,0.09581551766458797,0.06940681529257184,0.01792996520859715,0.04051687404801523,0,500
1.751358548027232,0.6400435382003965,0.07497111623847721,0.07145529744566273,0.01861297904842991,0.0418622326847108,0,500
1.7832996243600385,0.6629792576590235,0.07576230418387246,0.09471989072262832,0.021513559619726,0.0539009994709013,0,500
1.751985668738446,0.6486376132284288,0.046396515351668756,0.07599061298223735,0.018767269920983615,0.04256593987032818,0,500
1.6627410967020222,0.6725990885670141,0.1512952270497493,0.07519141814331065,0.0186826402265935,0.04610130492936816,0,500
1.7198781541616106,0.6857232532888216,0.07488077726859164,0.07512809941861284,0.016934197193602188,0.038348693132896995,0,500
1.846323862284824,0.6674054490452856,0.0631949351536282,0.07487627260713386,0.016982237179872968,0.036713118198768276,0,500
1.7580217916930627,0.6477276672573864,0.0697675096332532,0.07181610207195298,0.0180128861548222,0.0404216992970854,0,500
1.7133166891365683,0.6800943803230216,0.14196318563582522,0.07706067365490471,0.01811197486134861,0.04398851904225466,0,500
1.6621723505045287,0.6833093585471909,0.1606922357952152,0.07248580001408153,0.0176688626129268,0.0425004450543061,0,500
1.8241712684041076,0.6800510361774574,0.08383408746501404,0.07980318005207353,0.01758813641095491,0.03978068409217909,0,500
1.6921808964904343,0.6502631455850308,0.08372023072985729,0.07593861636581246,0.01950225320273539,0.04642321182804145,0,500
1.7969557642874412,0.6598837667138698,0.0841235215811266,0.0754694369783668,0.01801582701865721,0.04083905595678678,0,500
1.7772239647908212,0.6434668005414976,0.05747103593874323,0.07705729787628345,0.019076958740227613,0.04392002560367518,0,500
1.7945626933279386,0.6460599972098358,0.07328575447076284,0.0733766703727335,0.01835261861377974,0.04108414843960112,0,500
1.8105637778575727,0.6256303883067628,0.07217150730415714,0.07305616515202153,0.019314591524220465,0.0435423145395646,0,500
1.78353437113427,0.6626351222172521,0.07950041938899058,0.07839877432907794,0.018352621003276302,0.04275064293551276,0,500
1.712526629481541,0.6843081117569652,0.1350608586704629,0.08144995361802644,0.01858772561261345,0.04630980090313947,0,500
1.8633972887000207,0.6615794017327692,0.0660211158526325,0.07795945480428018,0.017776406646070383,0.039441206421624485,0,500
1.6434172288078999,0.6615515370131239,0.12610115987876966,0.07089426099536579,0.01856950236443756,0.04405139923223112,0,500
1.7862310271303068,0.6586189011395231,0.0844451438728752,0.07373477598855198,0.017779083702269504,0.04000178607265108,0,500
1.6657019804272999,0.6422302807413203,0.07822676377072489,0.07626870068215412,0.01991079123593386,0.048533212706888526,0,500
1.8332944800463957,0.6753994722657494,0.08995610172213826,0.08552908799312883,0.018626909899132436,0.04466014971032199,0,500
1.7432921454339543,0.667370532140563,0.09675397897626827,0.08194794762200659,0.019248565855309003,0.04691933110686617,0,500
1.6885120453266567,0.6222287821285277,0.028279307145056824,0.07375230606140418,0.020011240625705445,0.04653766232124631,0,500
1.7038234742542657,0.6811364374662495,0.14201400109200038,0.07711871553781606,0.018055124644651,0.04413495016657023,0,500
1.8648681895523365,0.683260810052553,0.11969166353847084,0.08661965538978784,0.018430027771309695,0.04459888114537796,0,500
1.77578280763232,0.6581453206510005,0.10952862036935516,0.07771693311383553,0.01886960447958656,0.04470662852010024,0,500
1.7166043824733253,0.6581384452215157,0.1191582753926413,0.07721409972124052,0.019258466926294602,0.046828229349832586,0,500
1.7362874299238193,0.6801235497817775,0.12380720957596794,0.08263896395172436,0.01879666370759881,0.046556718665703226,0,500
1.8145744525560317,0.6631906772483166,0.0696512462340624,0.08201736008392863,0.01864511214820585,0.04378399684436753,0,500
1.970675691935554,0.6386788286069013,0.042820125375426496,0.08043817044182441,0.018708917174085436,0.040633593615049035,0,500
1.8487117899224,0.647669291587222,0.01895154323214764,0.07677074028532914,0.018078132035548033,0.038783208392765195,0,500
1.7820326678605865,0.6559151310712165,0.06569933305300113,0.07651531758498838,0.018316187739828186,0.04171031488455763,0,500
1.6690151489921639,0.6881764205269749,0.12791534773109176,0.07625898241095311,0.017615321265356663,0.042778304039374576,0,500
1.6239382984145219,0.6560271099854194,0.12143300927446465,0.07193297124974035,0.01910808167577263,0.04619741593688373,0,500
1.6413074039597482,0.6747977698446898,0.15573996541139096,0.08237468514285055,0.019988623692577076,0.05261984783787999,0,500
1.7689208744481797,0.6523473910049942,0.06881057203922236,0.07261250873435526,0.017969071877632574,0.040003187215382804,0,500
1.592067455350576,0.6795530830005423,0.16753178542842298,0.07479064975791634,0.018826513556489732,0.04776797952695974,0,500
1.7092943387898363,0.6536984250859267,0.11531919615865079,0.07031356430852008,0.018280896542989054,0.042025956700844865,0,500
1.9271185890197446,0.6493188070052736,0.0332952910452432,0.09554216852649831,0.021012156321938157,0.04957929788026654,0,500
1.7495854894341405,0.667284157692448,0.12472390091742833,0.0868938912566972,0.02036200065689492,0.05179639138916188,0,500
1.8147687763607674,0.6377944576133345,0.0410731782388105,0.0770916163565784,0.01909988648344448,0.042871304413021644,0,500
1.6616006921895157,0.6751090855931288,0.14328135617342552,0.06928796588066038,0.017437799950238822,0.04053231850767755,0,500
1.6831771030756295,0.6946296875041061,0.10377204041394096,0.076197535164255,0.017086565608617543,0.04015643543621057,0,500
1.8120488136268822,0.6470320150349949,0.077165252222432,0.08123394333283158,0.019587371151822713,0.046442399504187014,0,500
1.6385226726689939,0.7046389386869558,0.18386649170061337,0.07827010218940589,0.0176457001381442,0.04518097443933804,0,500
1.7770650865797828,0.6543667520854319,0.06010279818783333,0.07730576823312654,0.018597466188644052,0.042488010941382895,0,500
1.8456930201757922,0.6661852233878152,0.07907462289965383,0.07932933036184259,0.01802372900425045,0.04081221320734974,0,500
1.7113945826832262,0.6655001169058848,0.07723047117160717,0.07605263315718101,0.01823675378893508,0.042635930572811516,0,500
1.5491976473912341,0.6676108211803968,0.1608418830408217,0.07068976284094994,0.018869241301306582,0.047570069808570294,0,500
1.8022834076532224,0.6599398621086262,0.03726881666767901,0.0846217382752383,0.019341836268338294,0.04441953875550307,0,500
1.7071459301398302,0.6712390755706538,0.11482966856156598,0.07903199130384916,0.01882109350419852,0.04603835417065875,0,500
1.8233854515293137,0.6657143864302282,0.09226829091676589,0.08631800454061761,0.01956951151591861,0.047495009101671044,0,500
1.915414484212807,0.6817440797207096,0.07923331963637467,0.08481643644115983,0.017652233776490608,0.04007072636282108,0,500
1.7663171681654182,0.6680849745708052,0.10658080814364466,0.07652758988834917,0.018151883121608987,0.04218955890298696,0,500
1.66709653083471,0.6914541112640104,0.15831447087710376,0.08166829974322239,0.01871933262289223,0.04790127825055513,0,500
1.6158436845736524,0.6358313470303778,0.1342600171715773,0.07842886668272157,0.021825025574305396,0.05717733742119409,0,500
1.6959814439657963,0.6824619153512756,0.11953316315616828,0.07801383627529207,0.018018536224030914,0.043951910863208675,0,500
1.7544289688083436,0.6615594598896862,0.08889090552957768,0.07560318882025152,0.018280078000832832,0.042256303164112705,0,500
1.7257072554497974,0.6957180241022863,0.1663048669836656,0.08529376048454602,0.018628365380389405,0.04833472721908852,0,500
1.822055407279354,0.6767628100832748,0.07233776598439993,0.07975551176682401,0.01757459977325078,0.03977962644074517,0,500
1.6746374083518027,0.6610410808777519,0.12035881748280543,0.07831528224617484,0.01960594185106108,0.048804970482595245,0,500
1.7142858718896954,0.6499774555578309,0.07783949176140739,0.07045237577772236,0.018168953689638865,0.041022969703301077,0,500
1.8102641849517185,0.6776930377462089,0.11036318855282917,0.07810394390337136,0.0176950213232416,0.040826939948410114,0,500
1.6868628393264877,0.67450948579642,0.12679949392900056,0.07700592996265729,0.018569191913692912,0.04521149870532711,0,500
1.7237602940951857,0.6295489781008456,0.04596832543381343,0.06812807466177569,0.01835765398376589,0.04039104663312875,0,500
1.655074978068029,0.6723567120347538,0.1237246432285931,0.07124964561228796,0.017761997992176343,0.0419978377145893,0,500
1.8665168052975323,0.6904440500109299,0.1346967705626733,0.0852974077591718,0.017828894673473462,0.04314099521827601,0,500
1.6886275145658733,0.6565230452727242,0.08585639478255157,0.0724621689713682,0.018381290357237977,0.0426620730220057,0,500
1.7484840975204958,0.6722161356583256,0.10014827092167418,0.07439198301846181,0.01756641318235947,0.040322604051401846,0,500
1.8534379490472284,0.6515808090726141,0.02971823752139626,0.07917367865533227,0.018376340542071355,0.0401833504393172,0,500
1.7098551762145147,0.667311728619947,0.1019990968586895,0.07576213596322227,0.018505461889769797,0.04345733465005664,0,500
1.7664511480052971,0.6614526580285868,0.09497772398119143,0.07524810720637856,0.01830782633282554,0.04212577225909436,0,500
1.6587206181061034,0.6599783408871261,0.14598207391896065,0.07108936860713028,0.01862469012302327,0.044537475397451745,0,500
1.6932486836454506,0.6618490258155617,0.11308271806591677,0.07977918976229806,0.019594030856785214,0.04862515276608198,0,500
1.745936599874424,0.6349319920720511,0.09017032196403744,0.07614369879123137,0.0199855608277926,0.04781627935101911,0,500
1.874363782311859,0.6754975053555128,0.052912880459862595,0.08550376633023761,0.018113795998358138,0.041122124954469846,0,500
1.8222481298507929,0.6556797390418473,0.09138123550069001,0.07910463898694489,0.01881243096475313,0.043893042485454614,0,500
1.6977312348368039,0.6357023375872021,0.11226015122579054,0.07504201651655858,0.02026182749115157,0.04963935159044153,0,500
1.7247751055827722,0.6536032650322245,0.08122932174807065,0.07152992509305693,0.01816488791639677,0.040994325228060714,0,500
1.8154980668633112,0.6260700857203301,0.058520700875300896,0.07323410265707483,0.019167806514040826,0.04291923460756839,0,500
1.768320926876029,0.6244786627535801,0.07669583990330014,0.07376634837094123,0.01985389928294254,0.0462259820574884,0,500
1.886176461325921,0.6547576300990523,0.08282795595050405,0.077129099989638,0.018090296294523904,0.04015795479149105,0,500
1.858536693078982,0.6209090624577853,0.015007463280628429,0.07865361856335581,0.019740019540502144,0.044238130223397884,0,500
1.8668539183195676,0.6231751976677219,0.019810417347526636,0.07925837578888685,0.01980712347294024,0.0442782030247863,0,500
1.6869859368160136,0.6343977783248295,0.09054371910459666,0.07208222753178115,0.01955964784588485,0.04646596990864564,0,500
1.7191617353080972,0.6874011221828139,0.13907678713067742,0.07912197549251161,0.018156895931932353,0.04403049715081886,0,500
1.5942037927692194,0.6825406932475863,0.1548686167689237,0.0776395559053236,0.01898140666154036,0.04889194153384133,0,500
1.723661385702435,0.6677696691282266,0.1645077901277704,0.07798782640621706,0.01912875886587932,0.04762374365566565,0,500
1.7794763775803932,0.6768770331499268,0.11968113306867066,0.07763934402090117,0.017887793152820727,0.041985572754046414,0,500
1.6293998618507377,0.6651589806835909,0.13433289458513648,0.0714259976180467,0.01858905912737519,0.04463927664361965,0,500
1.634287441889682,0.6393703057173367,0.13083860905544417,0.0708759155900673,0.019773999112908638,0.04836199139560161,0,500
1.7851879056572073,0.6547834435799247,0.10012222146237422,0.07348236927721725,0.018131832042902883,0.04117725687558246,0,500
1.713914861280708,0.6701246998242478,0.10025288012893954,0.07106970552345321,0.017182933155423817,0.039287727247308356,0,500
1.8076340283900678,0.654172081949869,0.06480035510527003,0.07776930324737935,0.018508054616394588,0.0422611355321979,0,500
1.8160801227093786,0.6461407970692067,0.08024914514954597,0.07314064730181977,0.01819811089398315,0.04041155763122681,0,500
1.7134415920286477,0.6860299780295841,0.1541329821074446,0.08310112857920005,0.018917284377070243,0.04822464019311157,0,500
1.7438126949601536,0.6472119611628392,0.06752407147792328,0.07309660656242042,0.018511411379339825,0.04201873298268456,0,500
1.7486706335935576,0.6288396065262667,0.04145354817392421,0.06932230042445559,0.018614523032207585,0.040562156994181676,0,500
1.7112822201162654,0.6658328944388919,0.13521815654104186,0.07316909444631042,0.018255697368080023,0.043077309267913304,0,500
1.7646610226871209,0.6422253243541081,0.08667994509569112,0.07356254713682482,0.018905189845330274,0.043366803805249564,0,500
1.7613879007688267,0.6606918888606459,0.1009424492725298,0.07546195269371239,0.01822720897511111,0.042667633401988,0,500
1.8136378421317176,0.6561361108577565,0.0573909807443875,0.07419239827151126,0.01768632134033417,0.038596535144778364,0,500
1.776235800518557,0.6572413036709016,0.10457096756947436,0.07614693074106044,0.018814495891687488,0.043454979467923704,0,500
1.7385971295327678,0.6352771794973245,0.10014969167515647,0.07649165971264367,0.02023847968882608,0.048881123237839066,0,500
1.7780858765270433,0.6449645250515652,0.09641190368197644,0.07300545522204076,0.018738893419807567,0.04256974107145969,0,500
1.6803817393827152,0.6631403473410316,0.12763822316301338,0.08261085599693328,0.020398477353460138,0.05203657978742901,0,500
1.7342315307742524,0.6748476775353169,0.08654610914429373,0.07292362798624034,0.017209427513630547,0.03863851147197192,0,500
1.78225186232008,0.6361205866748603,0.016755730897228836,0.07450518909448466,0.018636343725774066,0.04088315066625391,0,500
1.670996255334618,0.6746940405398223,0.09497974362811328,0.07504918315323136,0.017921535845256596,0.04253738504760174,0,500
1.6422909668683934,0.6953876096785699,0.20687318910969296,0.08726422093380724,0.019928813723962487,0.054800190001301596,0,500
1.7083193260306286,0.6659774099595174,0.1845778117012364,0.07858622322821832,0.01973815260910988,0.04973496909251601,0,500
1.809382768769974,0.6580780752879233,0.055224605633104405,0.08072827788798419,0.0187090573848538,0.04290262462280441,0,500
1.791335762360527,0.6835578064593343,0.13557657472400955,0.08314857585995651,0.018481702060560372,0.04515730033138785,0,500
1.8081527012927843,0.6649774937545055,0.041094022802728225,0.07570886874790309,0.017425942279031582,0.03765224490845961,0,500
1.8053551908659895,0.654432184322227,0.03941310579009392,0.0760884997370012,0.01791238787962088,0.0395107995744221,0,500
1.7652217515245143,0.6191238644919996,0.05595898697121487,0.06800194032050189,0.01871350782240072,0.04095472802692304,0,500
1.737018040092378,0.6806544794141274,0.14944197615087823,0.07466755452855241,0.01771938491900276,0.04156240142549504,0,500
1.7110879513025328,0.6634439043687366,0.10939314205037294,0.0764907289846365,0.018685397411743562,0.04493179193419663,0,500
1.6984161386723509,0.6836636245245938,0.11741218152932276,0.0761770174983616,0.01771401958923039,0.04211512737487425,0,500
1.8227622002892085,0.631445340769335,0.02670117265137731,0.07902496206280828,0.019801811805450927,0.04452391264959448,0,500
1.744100701499687,0.6729168614068616,0.09253688362052173,0.07626561418233024,0.017782518312550833,0.041430919673608325,0,500
1.70804288997377,0.6771023309251889,0.10921181061134698,0.07719220050099787,0.018211091411857616,0.043334416713448336,0,500
1.910184913047703,0.6479070227840439,0.05944294812849778,0.08210478796317122,0.019202470862356408,0.04292707564565322,0,500
1.6513498666072353,0.6438959387554246,0.09508150787640032,0.06903860001422497,0.018704786352569714,0.043598690887189345,0,500
1.7741699919049339,0.6717495683521678,0.08693192970339716,0.07171544885765983,0.01689921622662617,0.03696853238759072,0,500
1.9089353870984118,0.617007485110555,2.8756358840499273e-6,0.041389413703729123,0.012750348825649122,5.966404496043562e-4,0,500
1.8531034154761574,0.6652647232233161,0.09771024051265732,0.0807205819771446,0.018413823594648403,0.0427537670515915,0,500
1.7310752707922732,0.6282739803236801,0.10494682308031152,0.07151706230703608,0.019656824791826465,0.04621415222342406,0,500
1.67966720922709,0.6509099566070848,0.06735572639256107,0.06735822961239404,0.017477115633907886,0.038816005653563225,0,500
1.7225020076714457,0.6827557376791726,0.12689875609620985,0.07759212469155106,0.017822551069665182,0.04287483421254561,0,500
1.5987245273046848,0.6933345073156222,0.19489951896233465,0.07409465329897102,0.018037840461034026,0.04558815676086444,0,500
1.7991698280613027,0.678295351684822,0.0679792516671075,0.08061685646476109,0.017670170455751463,0.04053303824232161,0,500
1.8093815049311304,0.6664661008456373,0.08483205680934201,0.07486145745144411,0.01742763064142093,0.038928206011988396,0,500
1.7476804121388745,0.6494272506359451,0.09125991207246001,0.07851159859783124,0.019643807328290106,0.047010307452310114,0,500
1.8451600105081167,0.665262970072604,0.07371230436274312,0.07950856914240538,0.01801058539162087,0.04088355171725529,0,500
1.583336957457104,0.6819069351329906,0.1692010101685123,0.07103265876422366,0.018004642722840063,0.04440504789364353,0,500
1.7416099936032026,0.6256823838608505,0.04791447467589953,0.07182185599719608,0.01933833735643165,0.04379474750983056,0,500
1.8545675069654253,0.6544128906421354,0.04048821559196263,0.07905106941384381,0.01822399697999037,0.04027600089353024,0,500
1.8607557521661662,0.6361834411226356,0.05019879745657574,0.07340608608851432,0.0183039967579062,0.03949572464226933,0,500
1.752173391608992,0.7039834889293072,0.13574908955422815,0.07578269824771991,0.016274153539347684,0.03790776002254006,0,500
1.934442074662218,0.6779724310005137,0.10968394345808503,0.08153793804063456,0.017510972097959595,0.03942406673613274,0,500
1.7895782358809578,0.682686069052257,0.1141686720764995,0.08512358685761502,0.01862592540672305,0.04569781597931874,0,500
1.784661085113056,0.6464980004647803,0.06489827023716034,0.07825304800210099,0.01930519368650597,0.04468424444453405,0,500
1.8828801718354469,0.6460989353425283,0.055289537428192065,0.07575030931937499,0.01809176074792784,0.03925916653156706,0,500
1.7303228406881994,0.6457081710150546,0.06408697805231911,0.07297577368827458,0.01852775453728704,0.04231853626184563,0,500
1.791938228148201,0.6746859612946987,0.061848341512104436,0.07719102029191487,0.017338477636783017,0.03867926631828832,0,500
1.7948935543545095,0.6735224278936616,0.12327734081423003,0.0803947585223255,0.018358392083543066,0.04407156981883319,0,500
1.772356433711557,0.6556682712432351,0.10663479388399051,0.08496463976380003,0.020348229292960384,0.05086855343420789,0,500
1.8505075644091802,0.6608093101117797,0.10662070465754671,0.08913834427652084,0.020047664613638768,0.05016662930657887,0,500
1.7652309742858792,0.6310055676596626,0.07156401936235081,0.07282821359570874,0.019228143841189902,0.04405408520797262,0,500
1.8911324195168087,0.6691733791340692,0.05220209772991574,0.07856188678770856,0.017381018266824744,0.03726256559785845,0,500
1.7280322067940612,0.6629910075181967,0.15500807671396466,0.07863222651165543,0.019338101100484218,0.04835349462486377,0,500
1.8805524378605598,0.6343839689310943,0.02186361306893078,0.08382931347342625,0.01985259981478148,0.04530880019921297,0,500
1.7103301202910597,0.6548001782275709,0.13752302846441858,0.07320641410839748,0.01894205641120358,0.04529971111534821,0,500
1.7984233125905296,0.6433902386031847,0.07068339993953003,0.07914912459548935,0.019440126887056968,0.04578299405258881,0,500
1.7938304320439054,0.6678539583777422,0.11988627959572887,0.07504613054701942,0.017885499996996793,0.041065904129777946,0,500
1.7470535755700383,0.6698641205928896,0.13932812706556444,0.07750902564222606,0.01844720828389109,0.04480825129811602,0,500
1.759140914225549,0.6455416791573567,0.10260636056432601,0.06993451922538275,0.018227029162552564,0.0406564475481325,0,500
1.8345985634656339,0.6274085163690792,0.037374204788927244,0.0753547155894059,0.0191119184851293,0.04262936347288747,0,500
1.6445502147150552,0.6517121920706095,0.16005469757119695,0.07268540695624046,0.0195300668464769,0.04865762868902703,0,500
1.8054546231750506,0.6727966970891821,0.06903644215633305,0.07765351749786718,0.0174233639757788,0.0393286611499524,0,500
1.6773006962967303,0.6947119501917529,0.13983321260427903,0.07506752595234553,0.017087504782240918,0.041194946633722654,0,500
1.7860843076223658,0.6746450616317922,0.08227750007305068,0.08130043836191404,0.018293084103387976,0.04274712926502342,0,500
1.7672777257674155,0.6699636921177938,0.08026365574649132,0.0747198232249781,0.017589581563892273,0.039353782702829194,0,500
1.7256541539183097,0.686645704704355,0.1275464210672952,0.07851652227165845,0.017905473924119043,0.04304608459293438,0,500
1.716443200370029,0.6291468054474972,0.07881549166103581,0.0740542888138971,0.02015779426765526,0.04759803749335638,0,500
1.7371466723906364,0.6348137563312122,0.08025512796397871,0.07439044296880709,0.01954709797792333,0.04609404637824887,0,500
1.8041432895058545,0.67724059339089,0.10593077812947377,0.08063628802100024,0.018008827922880985,0.042473617386427985,0,500
1.8183504338764969,0.6222791674462601,0.04478531025614913,0.07553121519793399,0.019730057131225998,0.04463383567781336,0,500
1.7161543415580458,0.676799456755313,0.10815785391367297,0.07770440977168393,0.018040847237351613,0.04332484087197778,0,500
1.7073634355299492,0.6807157760985434,0.17890866439034223,0.07823654914356573,0.018814919399646784,0.046746718934574764,0,500
1.8377579938153155,0.644266515608415,0.06659492362786924,0.07358139299106356,0.0181242605619058,0.0397772024833664,0,500
1.6805598174754204,0.6964845727874288,0.1322831636138766,0.07447105237284142,0.016769750265119135,0.039990949475329135,0,500
1.8925242377996523,0.6357475618201891,0.06303153310572855,0.07473187887380242,0.018440575403354396,0.04010771363127008,0,500
1.7686044293822236,0.6667351148496766,0.09686863419292029,0.08237747013659479,0.0191048633656016,0.046253563084281364,0,500
1.5732270995387878,0.6770890190675716,0.12651040174481282,0.07044949134094251,0.017876565572106134,0.04335129019004683,0,500
1.7078613704909376,0.667592071897067,0.12144472152391982,0.07818787700892896,0.0189665093045302,0.046315481970058706,0,500
1.8505560664309966,0.6538842688483782,0.0871383658919544,0.08446939800123433,0.01967655634143143,0.04730453755134997,0,500
1.8723669861917889,0.6364005917766762,0.05513673344692596,0.08072049069046146,0.019428285429480927,0.044883844022403564,0,500
1.7892483469466856,0.6578749175592536,0.08614350063954782,0.07846574215024138,0.018791496005778115,0.043747727322227474,0,500
1.6147659968097194,0.6604489881482678,0.094857956314558,0.0719503582798566,0.01848983389059803,0.04445836390846034,0,500
1.6753291904865066,0.6877692146911895,0.18361702295629037,0.08091826159803062,0.018913391079955353,0.04883417986654777,0,500
1.69060747363763,0.6872330973233033,0.08375135527852948,0.0738108333581675,0.016726845975095134,0.038461194698054584,0,500
1.6893452510041251,0.6749174379721402,0.12477901281060284,0.07605308195751222,0.01839362357766328,0.04428200682320101,0,500
1.8149652431137464,0.6711119721843489,0.048975733577476976,0.07758378404030504,0.017383450946617213,0.03817039970107443,0,500
1.787832427827848,0.6379793581264945,0.10300155588542216,0.07215939989146919,0.018935936071642318,0.04306725820478275,0,500
1.807702540659846,0.664852565371517,0.11317907375527474,0.08016312146985348,0.018753736721312766,0.044570981305716253,0,500
1.7993442137018276,0.6642637540712569,0.10426172237727042,0.08148529662137825,0.018993490260545216,0.0454962806139234,0,500
1.6945641061761836,0.6474395535551936,0.11791169551735335,0.08195768065633809,0.02095809498095312,0.053512003445872265,0,500
1.8532909238519306,0.653357053452993,0.05639390674847603,0.07990831066128143,0.018564354170138683,0.04204396153834959,0,500
1.7650927824338676,0.6458536597445231,0.075702393525416245,0.07447196633725543,0.018831458392604035,0.04303087106057136,0,500
1.7930534078150573,0.6542373860032117,0.10488153990887161,0.08574068094566283,0.02026162913986869,0.05079942926875724,0,500
1.7830629784896728,0.6992252743220935,0.08128496037669712,0.08036638561477112,0.016707185673092,0.03817553319027554,0,500
1.9045326027454335,0.6703220534782496,0.08067954535835803,0.08138406471037833,0.01777100839243676,0.04002547285150078,0,500
1.7782542660207186,0.6336873449547598,0.07074461200584997,0.07451280850696108,0.01933477850361305,0.044507969099584065,0,500
1.6548081392796967,0.6526302104132485,0.13350908523743443,0.0784384191782973,0.02025970725711638,0.051895149705141426,0,500
1.8368864255193915,0.6862559369448362,0.08731564028323763,0.07741755368736358,0.016748960007253545,0.03702506578193693,0,500
1.7468341415408806,0.6449836880828161,0.06081054806050794,0.07186295914976663,0.018251481234154845,0.04085753311828078,0,500
1.714883759215562,0.6538892426271125,0.10317309013661803,0.074450678057371,0.01882008383719898,0.044538744480584924,0,500
1.811318038550814,0.6826556256773012,0.10246123402847718,0.08239594688064081,0.018013260736157832,0.04253079913673845,0,500
1.6375645147131719,0.6458518810733617,0.09750736594637648,0.07143057319907063,0.019201065454718978,0.04605710171215874,0,500
1.790798313258202,0.6686394836615129,0.0595261315320335,0.07742873687045543,0.017663322621638684,0.039637533604486186,0,500
1.8284994698407249,0.6236247733264919,0.030468534766227375,0.07967285208254232,0.020245974926839418,0.04644318706462663,0,500
1.716976956627316,0.6771785210873141,0.10177658024239557,0.08064242259343143,0.018763218322645187,0.04530159045877529,0,500
1.773470644336159,0.652427092309275,0.05811694785613858,0.07554688210247622,0.018364338646283025,0.04146812037442702,0,500
1.8901727020262526,0.6819762066998454,0.12541174323687998,0.08159547959290978,0.017561675439675635,0.040694536303626926,0,500
1.8266608590506133,0.6815700770297531,0.1144996897583118,0.08515681957785763,0.01856279198454857,0.04476664651894332,0,500
1.8088842474791225,0.6596637432113789,0.08956874968764546,0.08172498180962179,0.01921728178964154,0.04554791650259651,0,500
1.788005627373727,0.6863084459222417,0.08981373154236708,0.07559104934893592,0.01662069348833008,0.037324390177567175,0,500
1.7898041024176612,0.6874309866042748,0.12490127752022784,0.07538212948879236,0.01689173100898076,0.0386541568348039,0,500
1.7759535238703295,0.6540460931577765,0.07855701402092169,0.07495461148318155,0.01830896942120156,0.04182282732772899,0,500
1.752147733597008,0.64039583030014,0.09168722248271108,0.07238818454630645,0.018846524329996294,0.04344329618976511,0,500
1.7635471877635398,0.6740141834278427,0.08516579946550713,0.07591126796759319,0.01750902199893502,0.03992313034732619,0,500
1.7908268230183655,0.6596928129988876,0.08152200812512177,0.07458326123414233,0.017892190158258846,0.04022871342459215,0,500
1.7732759442137414,0.6817989856089705,0.09978474995084662,0.08012022596145173,0.01779236833128276,0.04200257847229672,0,500
1.8143813894245557,0.6529851826460134,0.027239321367503497,0.07756990344171054,0.018119598811614585,0.03989579457120707,0,500
1.7666657592932455,0.6439240927161834,0.06963023569192485,0.07168880970662958,0.01831066099984603,0.04076627598213534,0,500
1.6849128770636987,0.6401792025921837,0.14323227915158246,0.08010645590155795,0.02145144750203876,0.05546481277415982,0,500
1.6446014556569444,0.6505231929111185,0.17145033852935596,0.07226500476434844,0.01972720934717701,0.04898511495037723,0,500
1.7752795515873878,0.6527338208209821,0.056030276582771606,0.08055636221757494,0.019222846055147146,0.04494912923062642,0,500
1.7234319598621985,0.6744101794858829,0.15378418235419322,0.07526419969429668,0.018222671874947895,0.04373725028712043,0,500
1.8463786791786296,0.6805305738405573,0.10272447459579863,0.07945246105235959,0.017484432740137182,0.03989226179882526,0,500
1.7779610584350258,0.6550713316221115,0.05169128085019559,0.07847460194393052,0.01866341535617925,0.04278144370432736,0,500
1.696231855520881,0.6560311202224184,0.08398966200639778,0.0726323895321189,0.01837042480366605,0.04253639750119452,0,500
1.7075629763877525,0.6489619731192086,0.12182378003860293,0.06763110593877145,0.01805322386491818,0.04066809835221996,0,500
1.854798500736023,0.6270487160743805,0.04515439932955716,0.07083900857033204,0.018097519067343,0.03879031938565748,0,500
1.7103574876851373,0.6491716795664381,0.07968431408885446,0.07258306652895899,0.01846397583246076,0.0428816912773487,0,500
1.6731896418113954,0.6804173008677553,0.15268635774687933,0.08120451393198842,0.019255296633168887,0.04918077848310766,0,500
1.7784901385471508,0.6582764192086593,0.08066402296018817,0.0726634277224351,0.017756742342275183,0.039479627886784247,0,500
1.6185018540253426,0.6370558293592812,0.1523478689992173,0.06817591994157664,0.019801712967108535,0.04769202308245919,0,500
1.847476732342644,0.6444430897870824,0.06786813959453138,0.07638562930663678,0.018462015944095488,0.041628532126595605,0,500
1.6560471146516316,0.668632237658843,0.09818905630842097,0.07043635981219358,0.017581904623736246,0.040611633358437184,0,500
1.7234105942157851,0.6543535706447947,0.11189500938528767,0.07312413718382237,0.018612239574520767,0.04370415902886136,0,500
1.812677082800725,0.6824531878496563,0.11516162313461505,0.08121837127946252,0.01795859992577599,0.042349926513926724,0,500
1.775985410515039,0.6369378965238439,0.07942231362764596,0.07255417910870597,0.019058954073932523,0.0429110576049561,0,500
1.5678671448486723,0.6665414435804794,0.13080049835556287,0.06762242317470554,0.017996476847540924,0.043094804911900556,0,500
1.66792391159143,0.7017721788965151,0.13479502048634573,0.08369370984226454,0.01812729469699958,0.04613526292010849,0,500
1.698199872585529,0.707499133214579,0.20953712650165382,0.0801892711906419,0.01774225269919774,0.044778250930323935,0,500
1.7670243299299047,0.6851674873671758,0.10647949691274827,0.07972270891723066,0.01770480907465201,0.041723625050825434,0,500
1.6601440174611357,0.6814063141568536,0.10314493353268174,0.07372396631664205,0.017513680176962882,0.04125635101009024,0,500
1.8586436815898897,0.6536692134568602,0.04678363862462125,0.08305046039879027,0.019113337528005446,0.04335999028827835,0,500
1.6696277176669823,0.6638695414745752,0.13427778615650476,0.07458798099904335,0.018911545723425863,0.04620010677335075,0,500
1.6571362892103725,0.6752499090149144,0.16026688106153525,0.07075278300183525,0.01783933872335094,0.042534310938665304,0,500
1.9296487753127607,0.6468082755516421,0.0010346611901822004,0.07321618909945318,0.01680626876860181,0.033284832956940354,0,500
1.7447858399892482,0.6808112125570192,0.10100682487235327,0.08137967265356295,0.01834477911044258,0.04407894599066993,0,500
1.747063954960891,0.6119426045456609,0.03115676988604835,0.06559254362144439,0.018583301580542777,0.03964031671247313,0,500
1.6709243828810172,0.6737909839595594,0.14828469630276764,0.07291558804299213,0.018150693388083554,0.04362642971959832,0,500
1.6281901308019637,0.6819403639819344,0.17008252411498148,0.07377840231915365,0.018286148788992023,0.0453267378428527,0,500
1.759554043008944,0.6520725661057724,0.10681161308337259,0.0746747591955633,0.018678683351322015,0.043751734588221285,0,500
1.6682954995460546,0.6676563169349137,0.15282676038275048,0.07850304659798721,0.019461995780232784,0.04955920289569054,0,500
1.7906891677880492,0.6575014309512957,0.0595852470421348,0.07279093458901713,0.017552352301197182,0.03822834752230729,0,500
1.5848446062219645,0.6631126106594183,0.16190372399286554,0.07474472520032896,0.019715600911710433,0.05068025260621217,0,500
1.7064836359120332,0.6497706942516528,0.07601989273734433,0.07504907700888853,0.01877596272972668,0.04465738222708759,0,500
1.6650121395169457,0.667852374526848,0.17464607248567854,0.07563354043290438,0.019177692958136476,0.04803287530155788,0,500
1.4674242689943302,0.6968910925011284,0.20735997254468516,0.06935697181914209,0.017927816217366315,0.04621221108447197,0,500
1.661601548063447,0.678987687163447,0.14390233228287558,0.07358119636633408,0.017959510331150338,0.0434031808264848,0,500
1.629282040037156,0.6377011425548204,0.06818947554123198,0.06948408644076638,0.018903462604637114,0.04452456727572392,0,500
1.856449098134068,0.6377787578789915,0.041805499634350304,0.0786674054242935,0.019016676438277542,0.042811339417049454,0,500
1.7771578942578086,0.6819196698657165,0.09847081427053875,0.0829650560090844,0.018239037006577266,0.043818162758263765,0,500
1.8191243566708353,0.6579737514983589,0.043923642177566787,0.07913579271835283,0.01818965915396471,0.040950463890486025,0,500
1.6895314515158169,0.6672648841199634,0.10821238212114993,0.07881405097934908,0.018960928573101086,0.046723960436564474,0,500
1.7294439921042852,0.6653675613789728,0.07935395217163957,0.0763705114526464,0.018255346291736124,0.0424306601207566,0,500
1.899454715901153,0.6724292099939377,0.10439034444655437,0.08291661315325786,0.01809065402324196,0.04197283371313973,0,500
1.8226265615875543,0.6709572180867105,0.09609796753187483,0.07894484445369869,0.018159834663469942,0.041493895842882086,0,500
1.7982309543541062,0.7007833122082575,0.10220331730904142,0.07869619529227177,0.016416393423141034,0.03750218961323559,0,500
1.7474608195245014,0.6660350370510104,0.0907757752832798,0.07400115847184842,0.017604279715915116,0.04058445400218232,0,500
1.73380080468489,0.6679569283318215,0.1644207471970463,0.08293213768257303,0.019907612054713676,0.05128272090728867,0,500
1.7203631664104784,0.6393750382915667,0.1550839069318235,0.08312530751576762,0.021751407089076042,0.05727441542190183,0,500
1.7000407754448763,0.6718326047074192,0.12044646180246228,0.07565624620351627,0.018398776756067242,0.04390036032055146,0,500
1.8304454640115948,0.663569008998095,0.06821741053162098,0.07674253676228031,0.017768640088477502,0.039327985292459754,0,500
1.7034541267807608,0.668694162320992,0.13929300308856227,0.0769367405645735,0.019199317724951027,0.0462639824811681,0,500
1.8726820846273509,0.6447787025548561,0.008304189634299838,0.07866704932170175,0.01830866707278202,0.03916032004390515,0,500
1.720477505740127,0.6648311403822693,0.10572135804415084,0.08037695485734678,0.019308768201053164,0.047368002182284985,0,500
1.7393691920200276,0.6386741138811414,0.0438415300342349,0.07370669112283666,0.018822162820035872,0.042692579102394546,0,500
1.6791136946355019,0.6620376656371404,0.11060664155583994,0.07501082556773576,0.018804050676046617,0.0452759660413415,0,500
1.763467560313897,0.6683106194333023,0.07858290553243485,0.07766769971076609,0.01812167820360375,0.0417169141077776,0,500
1.790557800693181,0.6950124882141591,0.11653858477312971,0.08117573538876721,0.01729096234610091,0.04075376577099454,0,500
1.8377782096232422,0.695975565274754,0.11121600364492797,0.08072509335433292,0.016899346752078746,0.03883895283864579,0,500
1.697111797082886,0.6324755629536744,0.0712854306140275,0.07298650371515406,0.01962368279704627,0.04626313142481383,0,500
1.6303181186838602,0.6848905172056496,0.19851718590198206,0.0763628903200341,0.018782922716341428,0.04802747410922586,0,500
1.6378832791072004,0.6724152076582715,0.15173385913228282,0.07855347825209587,0.019546092763161323,0.04973966158953821,0,500
1.727966101600471,0.6650110317321604,0.12249176146652302,0.07794422433408144,0.01889627628046592,0.0458910377802146,0,500
1.813502456908139,0.6509430424301119,0.04251864707587408,0.07615163893419903,0.018156240637613275,0.04011409836859999,0,500
1.745286353803193,0.6495323818186154,0.052965052992920134,0.06808578897505742,0.01733835332817187,0.036916268429531225,0,500
1.6214307866587423,0.6932862816114309,0.18580331997981578,0.0847770049209805,0.019690753119283234,0.05286973188021547,0,500
1.6547361114139663,0.6668603160866475,0.14346234488414566,0.06736227076734513,0.01739178691333,0.04018230768746874,0,500
1.7318254539475084,0.6724473092255715,0.17353983833645026,0.08204668158619755,0.019599226486079837,0.050263933022752456,0,500
1.8885416485644604,0.6699546739876052,0.025280880291782475,0.07803415021516787,0.016778640277548648,0.03522560256857327,0,500
1.634357419736506,0.7008850953088442,0.1649569949553971,0.07468857121916674,0.017124965405831524,0.042526449917888835,0,500
1.8337483333652544,0.6600798289222876,0.06073785028998819,0.07866703523925994,0.01802284089947699,0.04073035953746441,0,500
1.6971795181673774,0.681743528328834,0.17594722175645447,0.08437631515798429,0.01964025460378298,0.05154232299247888,0,500
1.670436037617644,0.6807051722464655,0.15584978402785654,0.0712818624689736,0.017690160313547924,0.04142269548802541,0,500
1.7946688961396202,0.651636007725204,0.07931973330130197,0.07544988131683643,0.018557779779723955,0.042097841164938955,0,500
1.8034578704068598,0.6374107659882381,0.04912778648862869,0.07799849649260011,0.019654170425524444,0.04471217025928044,0,500
1.9594696675290024,0.6327203223449689,0.033848905243524324,0.0907683273595213,0.020988319157621463,0.049041257400855034,0,500
1.7707576176641564,0.6486042139355701,0.03874093071833028,0.08038126646925661,0.019352332883579536,0.04466758753488712,0,500
1.6456853276326726,0.6684037312073742,0.13813933209247295,0.07165824322241322,0.01832915766707559,0.04377054855431304,0,500
1.7865637480732848,0.6238956338407584,0.058150225071209656,0.08142493920101002,0.021192803698733605,0.051267451960884496,0,500
1.71891230936677,0.6708970343086127,0.0891656936604144,0.07333429198265344,0.017553491035972677,0.040050165909388674,0,500
1.6816367816882145,0.6752088088687893,0.14404226407906318,0.0808725897471128,0.019377256328764417,0.04915756099077622,0,500
1.7563325311979399,0.6535336438823569,0.08807313361972027,0.07583057455152849,0.018731822538593054,0.04372725102517603,0,500
1.575873045575275,0.6867191622349905,0.15761785503795955,0.07292725110032162,0.017952318551606578,0.04516379477152675,0,500
1.782492937968884,0.7003347647791964,0.07921630946200306,0.08390752645236538,0.016958899405388778,0.040159815149068856,0,500
1.830167378306865,0.6307350506190684,0.02685018103497347,0.07809726614768481,0.019409903393684775,0.043613055866699973,0,500
1.7360110731422809,0.6942617478819229,0.1166483099724978,0.08144014686646904,0.017757593517147702,0.04298565128686954,0,500
1.8934105389171205,0.6627857438488174,0.1302329085207499,0.08521958755975266,0.019110856155371003,0.04678866339372017,0,500
1.805386911049137,0.6622399965018649,0.048972369104656494,0.07473244765954255,0.017408742263393655,0.03792767953293861,0,500
1.8350586190142761,0.650457473687155,0.052798173933041675,0.07796306613609595,0.018563060519217283,0.041459580188247004,0,500
1.8926136298837712,0.6824028480583321,0.06780394547685598,0.07839539554357601,0.016622777500305653,0.03576832228355069,0,500
1.8678360138643064,0.6528285522466487,0.09977073793706523,0.09231348177681797,0.021056589270859027,0.053185989434948205,0,500
1.71166719189026,0.6563688295380914,0.12921191221390246,0.07649623418186097,0.019211773624817068,0.04723373828898185,0,500
1.7490390245129404,0.6736301226901307,0.1320125090261048,0.07685283926564764,0.018262042182712577,0.043377613369356915,0,500
1.7939526174230704,0.6634471889186064,0.09390241926790018,0.07891429120165319,0.018642570017584795,0.04338285188725939,0,500
1.7011498232142617,0.6703248604132851,0.0915810461417434,0.0746261896800785,0.017952226045491012,0.04180067619796376,0,500
1.8510296884649666,0.6585267260171829,0.04984336464804498,0.08689828736891796,0.019581195583302298,0.04565785189961081,0,500
1.7907516757378377,0.634821362271983,0.04542861641404666,0.07370110385243832,0.018863530850017518,0.04187064442079541,0,500
1.82444649443851,0.6492394706661992,0.023611613505495278,0.07665066917641745,0.01804967831965371,0.03920219938814352,0,500
1.6778656615599057,0.6835532517371972,0.10937188757263035,0.07131084038073847,0.01691461746930619,0.038827986349225595,0,500
1.7973108672730842,0.6638345140914609,0.0853094503438635,0.07693628549414772,0.018227007022753938,0.04138103761509747,0,500
1.846549846913286,0.6513283151149754,0.04923653857838417,0.08071414470121245,0.018823740818534936,0.04275459625800816,0,500
1.847665376380863,0.6333135924441311,0.03367621680259872,0.0701560258947356,0.017830330720288064,0.03695926267935969,0,500
1.6578231054620693,0.6548180852138433,0.13215026742892305,0.07213659749560178,0.019098681584933788,0.04590594884854488,0,500
1.7171380709218345,0.6716766721667998,0.12673352684667064,0.07340083125430322,0.01787559985787253,0.04183054619193367,0,500
1.7179911857284222,0.6478304917189539,0.10516131170919603,0.07452684007316017,0.019245568768452667,0.04581861159740726,0,500
1.7839963292733307,0.6469882431448406,0.11573062581530866,0.07720098605229873,0.019451293634399954,0.04627958609564631,0,500
1.7650640158025779,0.6230083208733883,0.01804535793549195,0.07139178171966666,0.019032788293201354,0.041439142323092655,0,500
1.783752203826601,0.6639127211503898,0.07821578268838975,0.07585833105895531,0.01791716133350886,0.04051111046380297,0,500
1.7494402656805834,0.6611100059767463,0.1574930103938982,0.0721042669020368,0.018229100875096774,0.04241601729623715,0,500
1.795841183627388,0.6503440491813971,0.01952450472297712,0.07385209739640153,0.017630076745671252,0.037739527932763826,0,500
1.7606142387200587,0.6651271195125773,0.12976235191001803,0.08375585078264636,0.01971759339738434,0.04963381395987173,0,500
1.8209869812364101,0.6435465440495096,0.04881778777578295,0.07471299686123836,0.018377254539462616,0.040519619954559175,0,500
1.7440220136147042,0.6794177094578105,0.13591941938869112,0.0805803607364659,0.018411246694230478,0.045385934553867593,0,500
1.7131192011182883,0.6626217337468207,0.16216573980017981,0.07152620260742434,0.018247274934711052,0.043031408126439005,0,500
1.842536272867834,0.6438198876996191,0.09006192147878365,0.07651477155827086,0.018912284973959755,0.04327057467941811,0,500
1.8237949800531654,0.676690016220525,0.12082028700413235,0.07879978177333512,0.017829583486275554,0.041467921393779826,0,500
1.7087641139568255,0.6501933584117452,0.08349307287588933,0.07909768850350732,0.019990982169375067,0.04838144981135061,0,500
1.9428081878936874,0.6675567912268036,0.06777090448449387,0.08028366905880435,0.017497771242663628,0.03800687475735979,0,500
1.882615600914762,0.6190832706958866,0.03841375230453181,0.08040115847330635,0.02021855813241033,0.04661955298018247,0,500
1.8065649435132194,0.6902702179601138,0.1039337903852103,0.08271975273751782,0.017764102730514954,0.04178422686466528,0,500
1.8004390114590427,0.6633979996392988,0.09702313006965475,0.07875674143869654,0.01844862954197558,0.04317866701829687,0,500
1.818226036221117,0.6571187291465953,0.07933559735845166,0.07758064009779735,0.01840744463489424,0.042044801469041625,0,500
1.737037156743067,0.6189894729451971,0.04899316468878995,0.07936792034472812,0.021106730655603496,0.05153300877339018,0,500
1.7321614718209193,0.6764584038607949,0.10028994026439496,0.0772631606488565,0.017875178983950274,0.04224309043039778,0,500
1.750232170616593,0.6708551827476902,0.1311986325015266,0.07463648697720382,0.017896860591913196,0.04186965033875138,0,500
1.6825651424199897,0.6905974322871816,0.1280209967581413,0.07484959894907277,0.01724717555490507,0.04103041588366127,0,500
1.796967962903324,0.6533919273494028,0.0967142013104476,0.07891004334806702,0.01893780329727277,0.04510907615741928,0,500
1.7116059134633737,0.6892906561413106,0.15911124582363165,0.07688399992533253,0.01775052979986132,0.04309119378308288,0,500
1.7551180773160604,0.6673227696527596,0.1326853610180549,0.0749330334103731,0.01807080913825131,0.04257510337270768,0,500
1.8330939736282381,0.6616046806717413,0.05514398170449109,0.07626347163009023,0.017641014116572422,0.03865995243033273,0,500
1.6726339315011078,0.6720244557196853,0.1367306336283255,0.07393797713915555,0.018331153591621758,0.04407730035383145,0,500
1.7862592078755841,0.646239214941856,0.056196868472365796,0.0711231719766597,0.01762244378612521,0.038508506711315824,0,500
1.7987665943872395,0.6452053696900556,0.12927890145430415,0.07315296490920205,0.018886381867078396,0.04320629359052688,0,500
1.8030101260782103,0.6412833006832616,0.044607702002683734,0.07151890027370755,0.017929138687304308,0.0386766998515677,0,500
1.8019097749481496,0.6550639115720084,0.07966190781326335,0.08172492222929442,0.0195171005671245,0.04590464598308171,0,500
1.9063753247697137,0.6611584191908242,0.047984205803512224,0.083066372734245,0.018317850883045158,0.040783564942872955,0,500
1.8175299249715802,0.6420164735617442,0.03643385274059377,0.0759648154439479,0.018625099721795806,0.041118886364116106,0,500
1.7743537219376642,0.6869565803138501,0.121385886053992,0.08434785301624026,0.01839333034931735,0.04528728402156575,0,500
1.6855435377856587,0.6803328056274973,0.13176965581477337,0.07442107825937608,0.01767077276158006,0.042410343744766404,0,500
1.6991151531862114,0.6905556694027932,0.1386927640811861,0.07730367292621876,0.01773171513175583,0.042897789056663485,0,500
1.8073110268788868,0.6408717667122024,0.028337630916742122,0.07303355530039093,0.018202149430481904,0.039110774867697165,0,500
1.8832642013651424,0.6236697032614172,1.0342599467092156e-6,0.04052462658683464,0.01251886396845104,3.5027941174280944e-4,0,500
1.7943726623871572,0.6614704795653739,0.05485705282557217,0.07345455515707888,0.01739251438347199,0.03774169965834359,0,500
1.7550663349590607,0.6934216364266143,0.10402766794403824,0.07591668239997115,0.016469831434031003,0.037981860888048564,0,500
1.6078517237865004,0.6765294943234603,0.10108813904947313,0.069958975909615,0.01737188305978621,0.0407512354009631,0,500
1.8836951158451318,0.6702137645416937,0.10386887783197822,0.07724888571280825,0.017437509100142794,0.03875105014710498,0,500
1.7921531993423718,0.6706393210926235,0.16851908760334258,0.07370214981776455,0.017933118821488313,0.04111792408541784,0,500
1.742520547557307,0.6622465203905724,0.08157959778294586,0.07275093049467567,0.017743571073620176,0.04003121023366391,0,500
1.867506501557701,0.6477251781786638,0.057571969290182524,0.087038102196648,0.020238493993596764,0.04777366820901553,0,500
1.7472894170929636,0.6086822330487524,0.019300290549677027,0.07156069283059907,0.019711943158187337,0.04459278807394074,0,500
1.9047428602519778,0.6308316681880737,0.038354520159474534,0.07751696963735974,0.01880866979756552,0.04142378723090883,0,500
1.6000562820816167,0.6902733078294556,0.19618968591663186,0.08903713278831928,0.021019506319139774,0.05850820792410106,0,500
1.7606705608090452,0.6811261341866656,0.09965626051593413,0.07673406326365179,0.01730591546800024,0.040206348599020766,0,500
1.6632123424356386,0.6666951301991346,0.12496428914298618,0.07237695513235559,0.018249290012431973,0.04344077247533832,0,500
1.7587340620873433,0.6714037414968239,0.05413748021000839,0.08319106664966913,0.018689831296033434,0.0437543757720625,0,500
1.7336037754248927,0.680684785955463,0.15494175058403478,0.09023739828012282,0.020264632116188803,0.05404211902195971,0,500
1.9068580649212816,0.6639500637425437,0.06288915941486994,0.08649940659572584,0.018885559371270053,0.04355496622874744,0,500
1.9232447536061232,0.6767184994192054,0.07115435712784482,0.08408640416977692,0.017526080447788243,0.03963101905017548,0,500
1.7353628835046346,0.6541874899492671,0.07142644481236395,0.07504604556144684,0.018524106916389324,0.042699426750768085,0,500
1.7581652372362686,0.6423061651847204,0.07397875124726672,0.07279619088091105,0.018555092862112176,0.042336910225939266,0,500
1.736729760088485,0.6682092069206936,0.07229476556488484,0.07694747104007298,0.01806027974293481,0.04175420839818933,0,500
1.664858886133479,0.6903693885476235,0.15412753514271804,0.07751030992347967,0.018023135548750402,0.04488888277372518,0,500
1.6242316361498446,0.6467461661024272,0.12259900670165784,0.07078014595611262,0.019381645689381093,0.047025298116806453,0,500
1.737940434495636,0.658749388508576,0.11798620526650398,0.07568472362253062,0.018634008769158845,0.04460642069838277,0,500
1.9189184681144513,0.6678313121554598,0.057201191164670935,0.0848496969595938,0.018197632248183587,0.04103086411370018,0,500
1.7482078182754395,0.6959943538961686,0.1638943373826494,0.08399659244962411,0.01839865759008058,0.046240786865550186,0,500
1.7702380786981724,0.6836986123435422,0.10157975628703075,0.07751071851630228,0.017307650675300046,0.04001574296350451,0,500
1.7028488689365933,0.6745680488703717,0.1375587378798247,0.07404259168181415,0.01805940284227936,0.04287854744392322,0,500
1.82454261073483,0.6754097957765909,0.10741843714925087,0.08475855058293863,0.018713222427902992,0.045125017925595465,0,500
1.834138741736339,0.6576203107202899,0.07129008082959841,0.07797663128823648,0.018189431297435835,0.0413149900790571,0,500
1.7192578952566813,0.6503193239360773,0.0837044948163844,0.07705555244021556,0.019298422458289118,0.04613674127574448,0,500
1.728529904195347,0.6624981513865893,0.09353196963434825,0.0775101744985964,0.018653285549391156,0.04455113106136011,0,500
1.829532938830179,0.6722389568450946,0.08918914591975248,0.07753339537214472,0.01759644519104845,0.03963332545915489,0,500
1.647002981593497,0.674772326790874,0.1699482069582751,0.0699023477493811,0.017793293434196365,0.04226434254499082,0,500
1.6859903634676447,0.6609599251856866,0.07959182648637005,0.07418642320668671,0.018302260948252318,0.042958706476655645,0,500
1.7862553381959405,0.6690240096745423,0.091451531176451,0.07346868718720881,0.017391009895385133,0.03861278320412367,0,500
1.7798799938438106,0.6451844741193126,0.10170476110884884,0.0780017913791416,0.019662542287472672,0.04694139956258623,0,500
1.6614975534335632,0.6471476722523395,0.15209727314980084,0.0735161422874693,0.01993886961991522,0.04925587883482994,0,500
1.7569756073820813,0.6371982659472846,0.09641408497630471,0.08084564080898542,0.020725330917937494,0.05130285193518252,0,500
1.639424901138525,0.6711623136012074,0.1610957182458382,0.07361817646584333,0.018775943979796376,0.046284622755193724,0,500
1.6490970484610585,0.6638885370717663,0.16589618592232866,0.0730062624961576,0.01892981421431416,0.046621854001251156,0,500
1.70120986528318,0.6738914871330385,0.12757752839036438,0.07213513259064094,0.017600556093254033,0.041071767901215424,0,500
1.9702769291318591,0.6530808460024176,0.02016418755428598,0.08144264998699435,0.017858461640254755,0.037692586271009,0,500
1.8395577418668267,0.6712626803607356,0.061617779907862776,0.07960384681662394,0.017595286391472956,0.03944390826169824,0,500
1.7533820791432533,0.6891978477665629,0.16760663870418643,0.08046917045669694,0.018227949692452505,0.04496341423519418,0,500
1.8394202769270918,0.6656036526157127,0.10214378062385716,0.08644216669830643,0.019534264496012147,0.04757012227439317,0,500
1.760396954299793,0.6638143831821102,0.0727235900546515,0.06948936216928944,0.016915758581391185,0.036284889883323304,0,500
1.7750282020360797,0.673818773178192,0.08089356310130377,0.0764216929988615,0.017565488706621425,0.03981734405340535,0,500
1.6767062272572453,0.6948819191246176,0.15561490723080074,0.07956849316097332,0.0180949452859088,0.045163211087371764,0,500
1.754945196870867,0.6376253429272458,0.043669281504408415,0.06941304008487365,0.01797149427808875,0.03901739904771828,0,500
1.800272988467275,0.6597025048729942,0.05802722519919667,0.07362322557168578,0.017348696929689683,0.03807015199025454,0,500
1.7239521002397957,0.6713763786193169,0.08591501258907756,0.07435455261562449,0.017692614217993334,0.040472667746412914,0,500
1.785270466896884,0.6493306301314894,0.13876754748263964,0.07631451203125311,0.019363453980031507,0.046057291373611954,0,500
1.7594916763688557,0.686606040426834,0.14104505296895414,0.07749901440147147,0.017502772171971107,0.041625070974424375,0,500
1.7558461268971282,0.6368666977758651,0.10053429740984368,0.07724279814099712,0.020145183226412514,0.04841491320466368,0,500
1.840487431078333,0.6813236549939469,0.14557588635261887,0.08103528829654108,0.018201365697599,0.042826249215756736,0,500
1.8311693469693182,0.6252508965716347,0.0470395845675124,0.07298237298859718,0.019086041707939684,0.04186338178537465,0,500
1.6639999586610028,0.7083239881575304,0.20575525390970914,0.08034466217528027,0.017796681338308938,0.046158859139437444,0,500
1.7414284790492687,0.6531500575787407,0.09234159300289442,0.07262963354886695,0.018362426221430535,0.04196587221649424,0,500
1.6883816191831336,0.6722695232418139,0.1530224122742068,0.07926011298190716,0.01922066455053231,0.048506803443965234,0,500
1.8076847382849264,0.6727320654918918,0.11818615055853952,0.0840123932259138,0.01899499104480373,0.046326951830587375,0,500
1.829582486000641,0.6628762387563524,0.08619282221635834,0.08001794510896566,0.01838442832519327,0.04267103172830098,0,500
1.8332656204550597,0.6305449284977748,0.007198815532406711,0.07495927114009092,0.01862451763026547,0.04007497311104466,0,500
1.9441634501773977,0.6464561980957663,0.04091381110394558,0.0818141546688632,0.018694612617932482,0.041101207858509334,0,500
1.7988042123131545,0.662473398477837,0.058996374735601424,0.0749815594836372,0.017548221677814273,0.038659972697628456,0,500
1.8280911217299205,0.6521220535600746,0.051437466031799155,0.07112275098933454,0.017222604868770496,0.036223534203692856,0,500
1.8412328900301618,0.6302734494103966,0.012958507236844864,0.08770265337399426,0.021310828144820416,0.04960251837410189,0,500
1.7565018308500804,0.6312096269036561,0.09876238087142929,0.07348134980735173,0.019405823470025552,0.04605353529725811,0,500
1.7684761915335332,0.6545181790268755,0.06335554197562727,0.07334320432030436,0.017963474017887043,0.039903312048997754,0,500
1.7425212308092486,0.6327508445308276,0.0675356804219932,0.07416344093921176,0.01953387067932432,0.04549289751223129,0,500
1.824908885166561,0.6925756920254994,0.1001626235768433,0.08795230562773076,0.01825640534389337,0.04389307400741981,0,500
1.6993049925262016,0.670693649542097,0.09446374719014791,0.07571646481861019,0.018337615050839123,0.04289160336423584,0,500
1.603170038888752,0.6888561879476272,0.20579669389750085,0.08656951802898079,0.020676413219654657,0.05706005154258542,0,500
1.7396972398657253,0.7031755609470772,0.14452421580708533,0.079263707678655,0.017039771010704606,0.04119954222147761,0,500
1.73160741088375,0.6633505214649354,0.10541394539775348,0.07815441441937082,0.018968934262193596,0.04550209271920759,0,500
1.7871238424505984,0.6661250112477894,0.05430996007603406,0.07594769533377713,0.017534749838680513,0.03889258138025958,0,500
1.8758236021941201,0.6509576812095869,0.033312435588943576,0.08209563266537837,0.018764287818172562,0.041887996007172544,0,500
1.756150459088771,0.6613451859993131,0.06827435691857879,0.07484026942079025,0.017963646271178718,0.04047120448344649,0,500
1.8212795655766127,0.6564678965189662,0.03937878493449311,0.07255479521330128,0.017137513661689845,0.036302663326016796,0,500
1.8363473667258692,0.667605977800142,0.08319262427873317,0.08268728814769016,0.01849309686209661,0.04334315628997574,0,500
1.6356957585621956,0.6662938309716632,0.11206123052765955,0.06711851599822803,0.017386654422409855,0.03962150010142056,0,500
1.6656061465047234,0.6811803700306125,0.12187965622611145,0.074281015912722,0.017861540111113718,0.042434370346730914,0,500
1.7032052304756646,0.6665177581165628,0.13752159589849947,0.07426475056863414,0.01849642307579937,0.04421848003412581,0,500
1.7855755246524043,0.6497694060778485,0.09484330817631458,0.0793955089156937,0.019353389306225845,0.046557694406202506,0,500
1.8232581473673914,0.6393151966708878,0.08232250408099574,0.07671623544022042,0.01922401599030839,0.04435921142941001,0,500
1.804859307665615,0.6501751989029392,0.04706423879209916,0.07737647509344808,0.018433478553011817,0.0416437413291194,0,500
1.6735842630895312,0.6670061144897018,0.11120995152811237,0.06803659611835723,0.017284653302767808,0.03897500872434011,0,500
1.6557367656549284,0.6760558678365663,0.1435119145597926,0.07622438400815461,0.018573949834138712,0.04611256498670734,0,500
1.653274024629432,0.6651029323384111,0.12887998286430566,0.07285217423466989,0.018508977892358867,0.04465471131231811,0,500
1.7282159172426887,0.6777320312391534,0.10877483327728461,0.07323927633916216,0.017258141910677146,0.03969363794074962,0,500
1.738668992943087,0.628934393550603,0.11784871526839005,0.07288334052664147,0.01989128474377483,0.047378007753000266,0,500
1.831260790393435,0.6585032581235136,0.04277197453693905,0.07521421604018012,0.017405249544227213,0.037698480770019596,0,500
1.7553773333882654,0.670781353721421,0.10838874621160109,0.08283471718476194,0.019234598615655147,0.04707319061641285,0,500
1.6336631082480524,0.6589038005384428,0.12678983879332245,0.07144030863716701,0.018895338511767463,0.04515135408527906,0,500
1.7968912259078376,0.6655701012040893,0.09693660891568615,0.08211722295588403,0.018988741684324684,0.04544703015518504,0,500
1.8191476644401776,0.6454367190304139,0.07045256884465415,0.0832447428060197,0.020016849401919806,0.04769139856071226,0,500
1.824782448093099,0.6401863061839943,0.08673895680891384,0.08272668307152593,0.020339481564317117,0.049369706424616425,0,500
1.8878097784652264,0.6705974993979152,0.09134737747018552,0.0829612388866916,0.018208430878536425,0.04209630873804165,0,500
1.8270052075811911,0.6682135433745298,0.06695737830823048,0.08093525568844775,0.018079833897299936,0.04150382084249595,0,500
1.716993378879246,0.6441348909353768,0.12608889861875883,0.0720876576280507,0.01933185560050688,0.04550619826969158,0,500
1.6199348711060546,0.6618254115856621,0.13392753517460648,0.07526119912418182,0.019534266645690503,0.04878135898236335,0,500
1.7035982221015182,0.6903439132263592,0.1853644410458657,0.07535603947594066,0.01768404085534538,0.04315817627268379,0,500
1.8197282480341566,0.6811488043908125,0.09809937396876713,0.08197308866505376,0.017973616463822846,0.042119588119778055,0,500
1.86823055528229,0.6700124411088947,0.04806681233747085,0.07732265638763,0.017018043787106404,0.036605946596072185,0,500
1.8431232222269365,0.6640831891375663,0.06033540973952185,0.07549843641087976,0.017275642063425373,0.03754212546203813,0,500
1.6658051512519334,0.6467440707043031,0.0870853401760328,0.07399396403984683,0.01942834481686458,0.04664424080507929,0,500
1.5855509564021384,0.6541000508831053,0.13374376552258824,0.07085886342876245,0.019410254401575178,0.047759336456301205,0,500
1.8352428242980334,0.709466354547526,0.09720495157267833,0.09228904935594621,0.01755286141979055,0.04295993230954162,0,500
1.8368224524317305,0.6698024399321663,0.09312195262899534,0.08237313722118093,0.018551671395016248,0.043511923005254895,0,500
1.9132248918953454,0.6263721224635819,0.016521602067888157,0.08056490865774683,0.01949819004004583,0.04301509829462551,0,500
1.7742314147364746,0.6618733211699918,0.0875430500857879,0.07087773202126536,0.017305586182938988,0.037934776633783404,0,500
1.7903841855167197,0.6911509055111011,0.08981929389847243,0.07985250695971376,0.017096087383417728,0.039269259826622785,0,500
1.7320192419357137,0.6700449594423109,0.14920234422476633,0.07566894956956745,0.01845154886428611,0.044234419142906996,0,500
1.8548273950005327,0.6458780916546433,0.074357902456146,0.07956402201673693,0.019314759558281117,0.044083225796893645,0,500
1.7810823811658094,0.6658392947493005,0.0866691017124734,0.0756223779892297,0.01775424455446386,0.040539928563249415,0,500
1.641897899967356,0.6573007235071252,0.1199076138562851,0.07513508821156899,0.01938906101985647,0.04798495795494726,0,500
1.6443301062204712,0.6654823247417478,0.1394752978476582,0.07289621627583762,0.018705526044992024,0.04548775829901521,0,500
1.945583223740264,0.6479022990928064,0.07329148164403045,0.08500727089605685,0.01930836198131113,0.04471642711949971,0,500
1.6802366939398838,0.6625953045850566,0.145666586136924,0.078360233787373,0.019617461640866994,0.049474698609154474,0,500
1.7645899324797596,0.6932119346809668,0.11996788263651373,0.08795359625923711,0.01872516193622292,0.04693237879444009,0,500
1.6988502945826978,0.6725087498793292,0.13612047135017577,0.07756666637478082,0.01869018596073604,0.04599154156712048,0,500
1.7686494255326715,0.6881843122358179,0.11399126711264046,0.07505338188391275,0.016659056184797346,0.03817413971658846,0,500
1.7834744628691963,0.6495386099274495,0.06472557067516045,0.07477349876198379,0.018238345168330096,0.04134802731814998,0,500
1.7803304892812675,0.6628118520730221,0.10384814262734275,0.0724326965253192,0.017582856260748684,0.039323160340723744,0,500
1.7351322073794155,0.6718358397263611,0.10514733434277913,0.08170049250980424,0.018922287609364617,0.04643830926025682,0,500
1.7882791880708626,0.662133342380503,0.06166943842997922,0.07690094625887609,0.01800544591730373,0.040501276352901135,0,500
1.8968718282695878,0.6839226036557926,0.08277704029153207,0.08652721963940739,0.017896753730594395,0.04138587380363479,0,500
1.781755198567798,0.6596983530756708,0.06421464994616784,0.07601651867256133,0.018058896485436505,0.04070540445812093,0,500
1.7655671467235723,0.6799280629028629,0.11007401938854006,0.07919220122875101,0.017830736334704996,0.04233796970477394,0,500
1.698198322907274,0.6482724909433515,0.08268050292984118,0.07302010372895514,0.018650683230162876,0.043762223696145706,0,500
1.9333572624365702,0.6451849341799437,0.047174596031714866,0.07893429718549354,0.018306791651256614,0.039835505296662875,0,500
1.9522994506261724,0.6479449389086134,0.04681330635983533,0.08853155321662108,0.019611539694631443,0.04527614819871302,0,500
1.7451190872341775,0.624838732016592,0.05637184151624089,0.07115647306247849,0.019204475653940976,0.043520049557760856,0,500
1.7356058744459943,0.6609621078336997,0.1186905142279532,0.08063680593189486,0.01966132418298801,0.04845105072336677,0,500
1.7621671547498763,0.6485964870077912,0.0912881925677186,0.0785009845504047,0.019483862402144947,0.04650241423919374,0,500
1.7623285464054579,0.6461017644094219,0.05528982309587944,0.07408011743588286,0.018520611343310966,0.04173204840101888,0,500
1.8483003307213328,0.6549784840389435,0.06403561991047987,0.0755472635547535,0.01791062995209379,0.039115630452315094,0,500
1.7917131580672416,0.6444092579551768,0.1051580172969554,0.07500763981604112,0.019054989224017986,0.04416192357849997,0,500
1.705434880756116,0.6521849165299041,0.1354204617740267,0.0788266160850432,0.019932070649693896,0.050430961717437425,0,500
1.7413625642807296,0.6754131034413019,0.14056762818362425,0.07677454628686045,0.018229153202822344,0.04371261200262642,0,500
1.6107625197848525,0.7098705322848512,0.18992004191304634,0.0739223999136073,0.01693011138638286,0.042101275980465654,0,500
1.8599772108343295,0.646503694949359,0.08022547746929085,0.08058747178044598,0.01924334140565965,0.04476240057444296,0,500
1.7249539970799919,0.6795259081219,0.13205174143277543,0.07822249686708288,0.018281661012637028,0.04409530455849104,0,500
1.7099633285014266,0.6785091242417141,0.1706649043966757,0.07844566824193679,0.018688854644729483,0.04664234970478171,0,500
1.7129687440701358,0.648311321864549,0.11396446653626596,0.07347957184769799,0.0191973693738627,0.045678247757900144,0,500
1.6813059372967862,0.676965089471005,0.08253918694470054,0.07402528489181304,0.017741498613309814,0.040665282353253465,0,500
1.6962221959354804,0.6759445650785334,0.13785228528527835,0.08231394674349689,0.019316839491758716,0.049164949319833146,0,500
1.7899888885203186,0.6637257001120246,0.056659522841081535,0.0766252527871431,0.017881754129410458,0.039952933481271304,0,500
1.795564879421329,0.6450749538092846,0.06526612663909329,0.07252656799130387,0.018088717246727972,0.040069419934930205,0,500
1.8618803405542317,0.6609742349078703,0.10428282894118131,0.08543151578325309,0.01938581288388631,0.04696519993068794,0,500
1.7483477508914478,0.6833074251149677,0.12837279037562616,0.07973671784435363,0.018182594575617946,0.0438702987020384,0,500
1.6451248736711344,0.6789407199032335,0.17196082788025868,0.08231854845341252,0.019782471382875234,0.05223542375808318,0,500
1.842681769459455,0.6380788434512091,0.052538161673942124,0.0750797060327565,0.018401007156317185,0.04109613582236115,0,500
1.7722730718993596,0.6644900788560382,0.06916416053392938,0.07454963091789445,0.01776936744763527,0.03965637433245271,0,500
1.792594309303384,0.6788794228178548,0.104639087721172,0.08660865523323738,0.019052934568152657,0.046774393601777695,0,500
1.6154483282941947,0.6908756135560801,0.20468482222615128,0.08055602748990041,0.0194788421206237,0.05112102810041885,0,500
1.7210929750650967,0.664966871609422,0.10326673600932741,0.08414379268584637,0.019874891188541452,0.04996400215314999,0,500
1.843181143994521,0.6725126787044983,0.059905850616600115,0.07798697625018884,0.017223669194796648,0.037917046333634574,0,500
1.8951573296781195,0.6471515046857469,0.05041691050315747,0.07590802386304224,0.017863815780749356,0.038527792677801966,0,500
1.7117320021235136,0.6288510374776314,0.0570066662507045,0.066571469895488,0.018321105259374033,0.04007264205796258,0,500
1.7095889795735364,0.6217143262920706,0.05470144158784387,0.0704576223424348,0.019533937672647408,0.044827590692369385,0,500
1.892669763415975,0.6418133842625479,0.04244924741625087,0.07625215578404791,0.018273815961334875,0.03946809680442021,0,500
1.6872714052288542,0.6568949694095731,0.12902672627208073,0.0678897537805098,0.01796477213203174,0.040631045422649864,0,500
1.7554992367918822,0.6559477323870812,0.05100998179445138,0.07311622444797315,0.01760846379941048,0.03908588307159984,0,500
1.7297893629817775,0.6394740198989571,0.04349409381573577,0.07204023288489707,0.018550646981211838,0.041495430342630056,0,500
1.8759563978397529,0.667342402555281,0.09341124522698505,0.08001523931668637,0.018047480237027753,0.04102573880928428,0,500
1.7562641615392875,0.6785529128737485,0.0967374804321195,0.07323209484864159,0.01705208437169578,0.03812005332144411,0,500
1.761479545030156,0.6615237741765272,0.06627691678676352,0.07219429570090259,0.01739543108069287,0.03834649327323315,0,500
1.7289023107193866,0.6580524754174638,0.08677995911616737,0.07017673806740296,0.017689206218574505,0.03933771260972557,0,500
1.6432806245176041,0.6883299602880503,0.1443330721457941,0.07350949216031692,0.017519939356026713,0.04241833767858829,0,500
1.7913004733895364,0.6615707380286078,0.07922888260135234,0.0757261302777684,0.01813432885560967,0.04081009429147625,0,500
1.8943693757069688,0.662528347594616,0.08869602338255861,0.07655232608933997,0.017535420259221633,0.038395383281464544,0,500
1.704151467423147,0.6553443167511254,0.1108883045108529,0.07473810164359836,0.018949548434496418,0.045317497492324395,0,500
1.8706036658551637,0.6883342694054089,0.06823170210924182,0.08606562004270038,0.01755141629860518,0.04019948831545879,0,500
1.648557252588846,0.7107179442807771,0.1886702274721878,0.08048290889921368,0.01767055999465808,0.045675157092048384,0,500
1.9066362546486468,0.652495032606788,0.027152555605059137,0.0817175725905655,0.018490988261785912,0.0402152701547094,0,500
1.7974531003142697,0.6719859272737649,0.06401446173063134,0.07785051515616466,0.01750854234783289,0.03943026437280346,0,500
1.6921164272824254,0.6924989410829273,0.09220094666902477,0.07630635866285454,0.01700728444032674,0.03973186254759038,0,500
1.7972702739843012,0.6775604733681625,0.12646611172932457,0.0852128608422249,0.01897293305682354,0.04708643030297729,0,500
1.7164084053646749,0.6800436014083784,0.10251287093655143,0.08317940115011017,0.018942321225236626,0.046409093385766695,0,500
1.8116321455926174,0.6467650287376203,0.07444082464997685,0.07445003631314699,0.018361752049226604,0.041196671619488257,0,500
1.7419329318566195,0.6801580004746586,0.13492700267436195,0.07322260892562801,0.017442255124615235,0.03991496218703858,0,500
1.7786862271395392,0.6629817129240223,0.12197940489001853,0.0815336042954217,0.01940744605729341,0.04746116528982322,0,500
1.810239930244373,0.6556331663287264,0.0859945359094729,0.07352053810881919,0.0178917113955968,0.03962854099931935,0,500
1.6353524801724537,0.6787282625797278,0.13454947325533548,0.07399459562736628,0.018113929130709118,0.044250919836165914,0,500
1.6715377857979141,0.673713752101864,0.11510743662421272,0.07787065166469101,0.01861860275572544,0.04598794544528226,0,500
1.667198468731594,0.669758596662257,0.15178068299521152,0.07466227355835682,0.01868955735330232,0.045884379672223044,0,500
1.777587698979613,0.6676878143027589,0.0705520565907067,0.07667552107355916,0.017878473074105575,0.040317362125360495,0,500
1.6445113736344346,0.6577323477506989,0.09453389007372434,0.07478834488425354,0.018996743131132966,0.046162677534520725,0,500
1.8272006409432313,0.6339626813172982,0.009948649084238067,0.07851213360604885,0.019203005590198045,0.04238302028127909,0,500
1.8112851242634924,0.6290194010589265,0.04090967769229309,0.06965337236352863,0.018105290775546314,0.03863784008774155,0,500
1.6096239595601107,0.6914684237777513,0.1382328016995649,0.07381883446369232,0.017532892317266555,0.04290234516021543,0,500
1.8673172688769584,0.6457319108533643,0.04062898616152323,0.07625357729599717,0.01807213024331663,0.03934423113995158,0,500
1.6898639264039395,0.6603158678700924,0.11417310920062812,0.0719525956943151,0.018305181107047878,0.04289302931157128,0,500
1.6889728276483058,0.6507831361790255,0.07026752452231541,0.07174241093615716,0.018412637047673475,0.0422233588811114,0,500
1.662152582875608,0.6799904876365156,0.10576011938002465,0.07208824595115938,0.017238720547897057,0.04025336232738798,0,500
1.7722170084788293,0.6818647509974497,0.15973507134562054,0.08198330574087466,0.018495322904038623,0.046378421419565566,0,500
1.8794151572291389,0.6540976408947496,0.06460745429476464,0.08071874556055846,0.01858916455568661,0.042135384956395565,0,500
1.6776046397990743,0.6623891429509134,0.13485828418124282,0.07007408962953543,0.018039087149070477,0.04207918331030208,0,500
1.6565274403314822,0.6511782915985104,0.11428239663952913,0.07380428266364798,0.01948900203638217,0.04713975851295798,0,500
1.7732572616281777,0.6828837413226198,0.10042130885096873,0.08020513262132317,0.017821537594072675,0.04216123223116751,0,500
1.821667936551071,0.666344205176616,0.11075851353593755,0.07988028610073704,0.01865198357874853,0.04371731397306514,0,500
1.8361270138833095,0.6522344053301717,0.04847715702103593,0.07773590544123546,0.01854727008155725,0.040819689797309336,0,500
1.7910959918632645,0.6494337806346663,0.05653224301690904,0.07197069339731928,0.01771148889269625,0.03867805514413254,0,500
1.8255656149186035,0.6853132862398258,0.07730128917161558,0.08096085049284073,0.01734525679078068,0.03950323529768976,0,500
1.9101301820563932,0.667764652677322,0.07893502390311002,0.08176627560292199,0.017886981276399025,0.04037815032724977,0,500
1.6268945517793012,0.6601825778835754,0.1329853031275162,0.0747557143981957,0.01941238643972407,0.04828343002864755,0,500
1.6644289740686364,0.6738852101057116,0.14445665726962553,0.07404881257200574,0.018481362656131144,0.0448122680519074,0,500
1.692938262844045,0.6500238005463524,0.10682623554032307,0.07252442848706547,0.018799947745092593,0.044673500730422346,0,500
1.6543434550053178,0.6631399220926358,0.13209652880186054,0.0780660740003089,0.019655667344498886,0.04948244923210024,0,500
1.8181175908773881,0.6622954246588793,0.06985297725857403,0.07574211683072189,0.017775881509234228,0.03934260628461285,0,500
1.7285949916961623,0.6527564454263143,0.09160363920828787,0.07499650437423819,0.018890385524147003,0.04432473692489724,0,500
1.6924023771499792,0.6804340157095347,0.11516137163926939,0.07549354088893556,0.017784865584094093,0.04227551850878775,0,500
1.8945019166399386,0.6514986713766479,0.03177584861643191,0.08015627596069727,0.01820423810027213,0.03994234477865917,0,500
1.8373843079198893,0.6651839898599435,0.10447109495709438,0.07875728499271184,0.018269104989037648,0.04211587977360857,0,500
1.6996436464941942,0.6754625762447315,0.0919251683232972,0.0760802045414485,0.017992223567191094,0.042046504118448465,0,500
1.788445874883956,0.6389571956219925,0.07315055403028507,0.07612399407857053,0.019447066637029813,0.0446999382558644,0,500
1.8305295963809671,0.6310693109765907,0.04996466002554073,0.07353397514640947,0.018720611061860373,0.04132320125488739,0,500
1.7240899702203765,0.6795930765133561,0.11557346754860927,0.08186017233988901,0.018693993895921173,0.0460442178357772,0,500
1.7502043755663708,0.6807778845025462,0.09545427716901092,0.07453528822473561,0.017110350085142213,0.03880810907028721,0,500
1.652952017211592,0.6389665990509932,0.11159961372769674,0.07236785791444623,0.019528971088858642,0.0483577614801317,0,500
1.7914995304465187,0.6462580225495917,0.10023117394171371,0.07852060140955039,0.019475357226370043,0.04641056585667002,0,500
1.838645533703873,0.6684985832916399,0.09255346154664679,0.08406818764473228,0.018803624180109717,0.0447918477704864,0,500
1.8397292540352561,0.6565712719428735,0.05532062622369989,0.07774364463125208,0.018139155873000298,0.040263978682963435,0,500
1.6622314728666232,0.6577329180026867,0.1636062770452328,0.07279081738815449,0.019493599568236902,0.04737656409600518,0,500
1.7822391176502619,0.6502853236825734,0.12229232059656768,0.07840716331900922,0.01947254508640166,0.04708113270494942,0,500
1.7611390995650205,0.6455146434878858,0.06532434512738494,0.07463288501536174,0.01863852522821546,0.04260123025010761,0,500
1.807416131712629,0.6558002236899079,0.03651330559644201,0.08219847597347951,0.019033796246390306,0.04329012140045758,0,500
1.6718233106756029,0.6815607654449619,0.17339483633718683,0.08365960675475816,0.01974938913198062,0.05199524664518931,0,500
1.8459556110130948,0.6503204989657897,0.047648313541126086,0.07698863697107501,0.01822134230022188,0.04024268780293146,0,500
1.6622953046256257,0.6819966635150981,0.1319310575840861,0.08113109887012937,0.01903372599466024,0.04818169392855936,0,500
1.6290884577762221,0.690374030965642,0.16923954827279689,0.0768586793510776,0.017942527656437734,0.04620260745727177,0,500
1.8043157568059103,0.667904219408046,0.057710770478620235,0.07500801475220659,0.017304844173085334,0.03765457375906179,0,500
1.808016815119153,0.6592665159998319,0.05322398595051738,0.07320394859399458,0.01737207211176911,0.03743004917825092,0,500
1.742112025052059,0.6514283544522418,0.10775339122369705,0.08049630341351338,0.02009057514379005,0.049473475848917745,0,500
1.7423913427429092,0.6446197461676928,0.09654601459483317,0.07517484280733719,0.019584767728967157,0.045804102648544814,0,500
1.9027977831377012,0.6587146234360138,0.05372884509114931,0.07911099688881792,0.01782606731958897,0.03896251545800895,0,500
1.8742388976825388,0.7036576636372321,0.12606618461591457,0.08855224295419027,0.01749629368781743,0.04245238414383346,0,500
1.7356171498973418,0.6610894328673426,0.09785553921674021,0.07164828047575039,0.017737587991018065,0.04019194699750331,0,500
1.7313952155035133,0.6902305207797417,0.14296219189314738,0.079248153840913,0.0176967777957862,0.043444456316441525,0,500
1.7076181266728507,0.6428442605121836,0.10345715650342849,0.06985931021952264,0.018630301293209285,0.04295453513507226,0,500
1.58417560888564,0.6592248545529551,0.155166038673161,0.06865197232915339,0.018679341146830553,0.04550848183779175,0,500
1.584758234115846,0.6938144394889467,0.1603971377277043,0.07297264178655453,0.01753345535371,0.043720393937266136,0,500
1.669297386968889,0.6493004846609466,0.1326526974258505,0.07675517074655443,0.020163782996024376,0.05070755484079177,0,500
1.8073552033310065,0.6652282927127403,0.11418390071215828,0.07832700171880541,0.018479750066104996,0.04328127946528767,0,500
1.866099788047743,0.6689823230975728,0.10412410945543372,0.07824592050626178,0.01771742946010452,0.0401686687835323,0,500
1.8220559064965451,0.6362687598884337,0.10637460282122925,0.07283428484746308,0.018752549202895076,0.042556700812895615,0,500
1.7326418512328263,0.6783542313356815,0.11689917151554645,0.0796738690403959,0.01825234438286507,0.044447068055461565,0,500
1.7243201939748931,0.6460896667103577,0.08282650999005634,0.07195253229363267,0.01853485943532284,0.042669399709438664,0,500
1.7161055128149012,0.6899450148863228,0.16794365236180872,0.08092132599803314,0.018329323459187363,0.04629697368224234,0,500
1.7246250157518803,0.6851563162538403,0.13434555394326889,0.07907987859303907,0.01823332041279435,0.04412260359604789,0,500
1.799097509444447,0.658721432538334,0.11961531161503447,0.07307536755245361,0.01808637602010775,0.04065151925059355,0,500
1.599400286198561,0.6977619390141717,0.14415145398269058,0.07081758368529845,0.01683698650560361,0.040431642449344725,0,500
1.7375023267486192,0.6728585799884602,0.1108588919184875,0.0711335396446192,0.017138011077373866,0.03855868170114116,0,500
1.8146651772194273,0.655995311441729,0.06574861530981271,0.07726632562113771,0.018306931263580944,0.04134179729332457,0,500
1.6940174263382082,0.70734165426435,0.1857523413569372,0.08226138392243848,0.017924237000745056,0.04575561040855462,0,500
1.9701515757289474,0.636195461318146,0.019910726889751092,0.07699984003549927,0.01811095167922994,0.037513649537213895,0,500
1.7549117931804479,0.6663018159672116,0.10248762556641669,0.07358309339452296,0.01774494664337927,0.04055364171097566,0,500
1.714499377834976,0.6556287894859371,0.12987496187444064,0.07459806288258795,0.01899541121990233,0.04572589781631424,0,500
1.761379933807634,0.6527660902657431,0.04083937706622679,0.07090351645655665,0.01737852360275447,0.037407459550368484,0,500
1.625523024009268,0.6700603863986833,0.16888229001870944,0.07409587946532725,0.019044519917200246,0.047665101894884154,0,500
1.8085333859450548,0.6608629127030138,0.08050540940603113,0.07350349153676311,0.01749225211509122,0.03857211350459247,0,500
1.8610028154287708,0.6620418519452874,0.03918510750229784,0.07837672805873612,0.01775526601418397,0.03838791538139614,0,500
1.6563804721682995,0.6793845781794852,0.1558800554127214,0.07768283922407267,0.018702287578802473,0.04736853743562904,0,500
1.6879259766216788,0.6673045089135817,0.10005247305121928,0.08105935857143343,0.019575717360543643,0.04810739567624906,0,500
1.7975846969267966,0.6611183337283129,0.11856489702873209,0.08023271021940012,0.01904807376974517,0.045851227051919935,0,500
1.7075936390615445,0.6720838615133389,0.14299181757374918,0.0797714683393478,0.019284356578218812,0.04786758449812545,0,500
1.8096614640518545,0.6391551432000543,0.05321319024992829,0.08054503241919825,0.019779961300130718,0.04630957193965201,0,500
1.7755938699211584,0.6605221874009847,0.0605669053732308,0.07979882221799345,0.018710553115847704,0.04324322786657912,0,500
1.755173120339596,0.6726428918747244,0.12850695732843956,0.08551714516704165,0.01944867925546578,0.04966701207820096,0,500
1.6519072760042475,0.7097836062101238,0.17614010797039212,0.07622720225069787,0.01680836912365301,0.041880127080527796,0,500
1.8441165133565702,0.6932371569687796,0.09937365634322645,0.07809239200210844,0.01648266706484462,0.03686106015938552,0,500
1.847223837057176,0.6540329333139826,0.08706413047005548,0.07933438289082367,0.01875760806773166,0.04317760413192601,0,500
1.7730241724396083,0.6487851458154081,0.06525686392659193,0.0781221461604568,0.019133901528019918,0.04452597005518404,0,500
1.693742225857408,0.6683028274536732,0.127434378005499,0.0730745294466275,0.018128775871011457,0.0429379508572718,0,500
1.726769867790765,0.6780684929168681,0.1591117826447675,0.07529839147624284,0.018122049064183996,0.04322262708576398,0,500
1.8168167099484898,0.6621777005935225,0.14680314005947534,0.08673750413358719,0.020332337901688268,0.05168887220882976,0,500
1.847017046131798,0.6461887708472043,0.059328487009820595,0.07575740423953649,0.018222520028673632,0.040450626950635074,0,500
1.6620879729393379,0.6605572719046714,0.14535203469873179,0.08063317131469652,0.020380699957117714,0.05256095922367173,0,500
2.0051284967284335,0.6472288839011395,0.02029605392997381,0.08979839701896407,0.01941845453157089,0.04316248336877147,0,500
1.7445293830844233,0.6985687121928869,0.13418179189435672,0.07519042474150084,0.0165194487943039,0.03841414478794285,0,500
1.8859014167393995,0.6542878246474917,0.05403408747928297,0.0828861197877747,0.018794056466125166,0.04275390718571444,0,500
1.7863408361486095,0.6645032275204428,0.10600084027137764,0.07868350822797243,0.01853202229675843,0.04385595783172825,0,500
1.8894454055958712,0.6596541569741721,0.026824060649862192,0.08023050083109474,0.017816783412292127,0.038439199930535704,0,500
1.7682953396960481,0.6677815663877387,0.13259055478449228,0.08245217592063014,0.01939445846332289,0.04820311866521202,0,500
1.8341128236316697,0.6512941593327903,0.0302625924544759,0.08060737379307865,0.0187586213559058,0.04199092634353049,0,500
1.6940618885132936,0.6464418976211096,0.07810794435587771,0.0740900795146466,0.019113521316661167,0.045121011369142934,0,500
1.781186324304403,0.6605001272224409,0.060473511525808,0.0755388834435707,0.017863470673655818,0.0400985762916165,0,500
1.714514212187972,0.6858178366279601,0.09684823667279749,0.07216237243601528,0.016624456139947588,0.03746825820947911,0,500
1.7739285619440461,0.6552435500612909,0.06180801576207529,0.07393200680601608,0.017898035236756874,0.04007570693491947,0,500
1.8610213814905237,0.617738996116674,0.042626753322000936,0.08293675661132803,0.02120034048161394,0.04992083973879444,0,500
1.6399765605534995,0.6765588070374216,0.09658877303337987,0.07415951971890727,0.01784473409945538,0.04267270408560928,0,500
1.7929833816687515,0.6681912108144028,0.1346244859025561,0.08020887267879821,0.01878806010543607,0.04550072716812351,0,500
1.6524180900260121,0.676370568035395,0.11720470806052848,0.08398840949643357,0.019784029748025282,0.05081012264879069,0,500
1.7375938101864687,0.682292478743317,0.12058024823931168,0.07669356666003443,0.017601268023117667,0.04170476174696658,0,500
1.904954847833252,0.6600192009364991,0.08883491030377047,0.08367107209674224,0.0188326521512369,0.043867364865376055,0,500
1.7647256761617771,0.6841320990337368,0.1573096619966335,0.08064994043362674,0.018370445949046774,0.04519403845884402,0,500
1.7570922629040873,0.6431612747266074,0.10709293295206604,0.08127966031002579,0.020707165933755583,0.05115575676902216,0,500
1.7526285634046643,0.6544913736033297,0.1041168295842765,0.07494961828616334,0.018709833793148858,0.0436196065646164,0,500
1.5676618297929699,0.6972821514202089,0.19560410550620494,0.07687775773706802,0.018086363438606413,0.04835055151684878,0,500
1.6580517830086947,0.6283471376592767,0.14374523973090822,0.07195983735040366,0.020704427714375008,0.05105242616209087,0,500
1.7270393676227653,0.6451423522651946,0.07665212067495573,0.0804066647319916,0.020069239472031163,0.049279882850015604,0,500
1.791496562609746,0.6825833267639076,0.11725736301659637,0.07821621976942568,0.017506982873497286,0.04083499218544553,0,500
1.7789012353937734,0.6727384478236024,0.08477843392996846,0.08020136354675214,0.018380151142872368,0.0428045724319721,0,500
1.8050202257035026,0.678065976446582,0.04647752927461181,0.08567146862795555,0.018345955140863783,0.04221133631171408,0,500
1.9260173906942246,0.6461526675445659,0.04964814460392719,0.0778907587277589,0.01822885597161815,0.039318690334309354,0,500
1.6431435346160053,0.66289820600289,0.10519033374373016,0.07363529668644934,0.018679905809016538,0.04491366000656764,0,500
1.7467984177669824,0.6684227307015173,0.05355745754468666,0.08546116028033166,0.01936776324221315,0.046009364270130367,0,500
1.852416378535136,0.6671696052406574,0.053112445640709716,0.08080264029329559,0.01788186461396755,0.04002239817628008,0,500
1.7076797603689264,0.6278041789055133,0.062218780062399906,0.06920510161772912,0.0187425527406894,0.04277120723454423,0,500
1.7447050323146518,0.6765440004940887,0.10743895626808186,0.07823015279069598,0.018177749562287276,0.04301003108293241,0,500
1.7129488512624835,0.6547582262507453,0.06715153202862477,0.07324623861913354,0.018369409788573973,0.04186146536782988,0,500
1.8883424821389643,0.6609023475572952,0.0747740759796024,0.07481872979547152,0.017237054464285438,0.03689486991155353,0,500
1.8794867085280655,0.6459548325096552,0.02304754191786059,0.08080574146160108,0.018672117172220424,0.04115777402496751,0,500
1.767313146262185,0.6948109313551031,0.10672940125592818,0.0826654657238107,0.01768476269459885,0.04227027149879327,0,500
1.6895578178716544,0.665135180498057,0.12060524322423068,0.07169063715503102,0.017970840665899802,0.04209833151606544,0,500
1.8438233729188573,0.6763244170714495,0.0698155706251448,0.07744077705172915,0.017096822800814926,0.03757565772158025,0,500
1.7923044288379453,0.6789414611560024,0.10452574132651482,0.0832060784505877,0.018499370783758125,0.04438569530724618,0,500
1.7127139943729386,0.66980417038372,0.07958741875583826,0.07182728613627347,0.017257646084086396,0.0388168405307518,0,500
1.732332156410733,0.6620807015424818,0.09199400266970541,0.07153876785542225,0.01765968661582597,0.03978324377321187,0,500
1.6973644042918203,0.6480840497052451,0.12941297989756095,0.07855980650750988,0.02034608751034329,0.051219776503903365,0,500
1.8820332823834558,0.6632078909171516,0.02160774292357697,0.07511695416845054,0.016710586708166143,0.034418491579097474,0,500
1.8361728367953438,0.6627157679289594,0.09542005609886706,0.07786039673112483,0.01812470925367883,0.04145689272338496,0,500
1.8436833447366403,0.6596809576127819,0.053544111703639305,0.0856201332699103,0.01926278380716607,0.04498236227634831,0,500
1.93353945380266,0.660187309773144,0.027586672853293488,0.07888748409642331,0.017211958222134737,0.03621485250770701,0,500
1.7790025847860487,0.6982608977208351,0.07182423443997134,0.0755030130347051,0.01595845936111714,0.034820326260950024,0,500
1.771023792773705,0.6456532981388479,0.12498920941543658,0.08085027618643383,0.020304484743075966,0.05060822538770605,0,500
1.852833368427161,0.6656587780898143,0.09418486999675475,0.08132330929316349,0.01851888410646511,0.04301332088128989,0,500
1.9285528452041676,0.6394514247955247,0.04201404305774085,0.07320919508665412,0.017545286889543165,0.03631167019620201,0,500
1.7002980434579869,0.6983526068923634,0.15185587227900363,0.08598676947767432,0.018648523092242932,0.048209767944023915,0,500
1.6438044413677821,0.6870853972934953,0.12089117539012573,0.0731316517495504,0.017198910835590255,0.04133203614051287,0,500
1.6368764623457965,0.666774935783228,0.12184768580621341,0.07336317955033572,0.01856334802474922,0.04493021398434902,0,500
1.794436464941534,0.6716453086694163,0.08046871767196219,0.08060396419287444,0.01834936292016279,0.04266366699050983,0,500
1.7834321913032425,0.6807716463618267,0.12350409756271641,0.07945676158157705,0.01793492338993966,0.04264415559744287,0,500
1.753439590452875,0.637189892551515,0.07934877133804588,0.07396076210964893,0.0192499110667957,0.04460444821153187,0,500
1.7997178386263253,0.6463075755496303,0.07597847584959447,0.07046910945876894,0.01783051098987251,0.03862453407106367,0,500
1.7895692681425233,0.6607301217818865,0.06878025194381636,0.07038686758923117,0.01699983917159431,0.03640759893718598,0,500
1.8382992502451143,0.6926022493804224,0.09931516560345947,0.08119582063542378,0.017048240959096173,0.039091566454943105,0,500
1.77281312343433,0.6730544409393551,0.06462321787159861,0.07180158078682959,0.016603345430228993,0.035903361136948024,0,500
1.7272499032711668,0.6853046664814271,0.14577604163081384,0.07884890770308328,0.018115271994706642,0.04424726848972259,0,500
1.7750869543376282,0.6308418677575074,0.07347513479600229,0.08069258844708946,0.020757937523215787,0.05036735725875205,0,500
1.9594935719155624,0.6368786391628581,0.013767950231691634,0.08080558231831964,0.018694051491752316,0.04006374090631705,0,500
1.9047342731314874,0.6561280291891558,0.04867117969126017,0.08063442951566964,0.01818180899117162,0.040115277957106656,0,500
1.782482707536939,0.666383791343142,0.08474489020382885,0.07237456090871805,0.017167486189990123,0.03789022763730762,0,500
1.629976993998113,0.6599098012444273,0.15683785022242203,0.07707355572847956,0.020087309237757874,0.05157430831171005,0,500
1.7158941333090334,0.6721463550187394,0.07465262502618154,0.07226445257188781,0.017077809563442074,0.038380936346140516,0,500
1.6530600987405497,0.6475307733740335,0.09448777001587647,0.06985312100822738,0.018619891086058476,0.04366770631370157,0,500
1.7571148953113676,0.659676829136423,0.07840750039965107,0.08041004254289676,0.019258472349330247,0.045588747394845724,0,500
1.632371637876283,0.6895410794050367,0.1704926168316624,0.07401461860306204,0.017776412724974933,0.044070879596268694,0,500
1.7151662115540278,0.6997663041179951,0.10977602019482235,0.07856763564199053,0.016971883393981906,0.04023083910374662,0,500
1.689315761670776,0.6501219729942546,0.1345977832194891,0.07480022786949335,0.019671075578715107,0.048064778831986725,0,500
1.7188910217032523,0.6533241041235601,0.14966446996185773,0.07312571918556045,0.019162973759378317,0.045719690591829135,0,500
1.8351853437808052,0.6480734244420603,0.0679084284487207,0.0727687146928534,0.017808636549046655,0.038771656586037664,0,500
1.6941068887975568,0.6936432595349371,0.12874118359808442,0.07178946538866357,0.016483354615307085,0.03793338020393141,0,500
1.8163973878915387,0.6707840696402502,0.08579051440993062,0.07578741103790014,0.017312505262605155,0.038783238840494796,0,500
1.6708352393152923,0.6783540035872432,0.14462026209268725,0.07688864560747989,0.018459896594907682,0.045721041897183845,0,500
1.8164606449429654,0.6503168289475796,0.05323239797831202,0.07613080141225603,0.01825410849609603,0.04068835850394565,0,500
1.7641220575545347,0.6492615025371559,0.11961812150978245,0.08776565231472111,0.021180877257196123,0.05558293396510516,0,500
1.8150387839080644,0.6438565143287461,0.061256627379973685,0.08086413297188326,0.019493167882744182,0.045808403510045115,0,500
1.8733323675178013,0.6683940367211859,0.04971446467005761,0.07640806162703338,0.01699210257963568,0.03621043835911338,0,500
1.8779589690263374,0.6568185209313191,0.045135915319443706,0.07986783067268718,0.018265059716945926,0.04017701821759651,0,500
1.7760243123234725,0.6626027114461334,0.09936815735231977,0.082145503186807,0.01943547138944482,0.04701492974798741,0,500
1.833618428518835,0.6830363135034462,0.09159354712207775,0.0826395558062279,0.017762298519265585,0.04152544419213431,0,500
1.7539951855835614,0.66733355575198,0.12711901917068766,0.07470603443226344,0.018080202652529274,0.04222988569560753,0,500
1.613888904403234,0.6391978281818925,0.1683613219702041,0.07203330118196438,0.02048084150394418,0.05216949486827553,0,500
1.6978838779615686,0.6855633697337522,0.14450889640547013,0.07504040184897431,0.017685592943836113,0.04224061247440216,0,500
1.9142007850039413,0.6491552673500878,0.031654175512295823,0.08080293050113538,0.01836051298059333,0.04008088867256944,0,500
1.6606706775425053,0.6676586170220722,0.113747568886233,0.0757892677790255,0.018762747166104574,0.045586892394503774,0,500
1.8996350077140944,0.6603288319247668,0.08340339009438626,0.08097021213367299,0.018142411322056864,0.04159000583901533,0,500
1.8473396197706846,0.6491343241370761,0.0446944937591792,0.08105777317470356,0.01904515712742873,0.04313498463154862,0,500
1.7701258999591176,0.6913972017107574,0.13352804509882307,0.07932848630119729,0.017522455547911295,0.04180948429021993,0,500
1.7258552672024654,0.6515143569800494,0.1353553748650222,0.07837501467924661,0.019965497672287558,0.04952787975870048,0,500
1.8026702568836717,0.6480371552637041,0.033515885428118695,0.08381749065187717,0.019798410902050242,0.045743993446795014,0,500
1.6730439254640945,0.6792758445501201,0.10527951965906866,0.0846859101448685,0.019720818672354,0.04940592852846777,0,500
1.7475218816645677,0.6366511823302271,0.0809936834867272,0.07045746071094836,0.018724412789591395,0.04207800455811165,0,500
1.9026071307006203,0.6597464284514843,0.015352352400191983,0.0768678116841462,0.01702448831481558,0.03526326280615636,0,500
1.7416727435501178,0.6694959570054814,0.09425317286967715,0.07444174081169251,0.017705897437965176,0.04067181641537221,0,500
1.6103257966741014,0.6661199205304563,0.1408220856870988,0.07488421658985701,0.019406453223240396,0.04826501380823345,0,500
1.7578345847668477,0.6599892513086687,0.06592919808891354,0.07045397069314051,0.01693637894432928,0.03731308383622014,0,500
1.726178613329354,0.6726041017378728,0.14668941912505107,0.07528942863885109,0.018306806155495462,0.043593082391804115,0,500
1.7641666070600162,0.6714969914368294,0.11284768773939359,0.08352467845747251,0.019162962916356746,0.04726079161514243,0,500
1.8609786327623654,0.6636691975063145,0.06606628632155002,0.08628227230330865,0.019096488528960107,0.04503831785307374,0,500
1.8004069482782883,0.6773405885268196,0.09586076334477633,0.07742590717381802,0.017390953485237136,0.03983863518825903,0,500
1.920991251985581,0.6322678347318028,4.4336493885429505e-5,0.042592319844503644,0.012470778349591708,0.00619462216902779,0,500
1.8181261819974615,0.6291492707234299,0.02646238908358608,0.07730194059928987,0.019466761995182696,0.04366494557089747,0,500
1.7049403028452654,0.639318235208745,0.0886864449060306,0.06965937656826353,0.018722974817769595,0.042808429050563965,0,500
1.8626528638901203,0.6701950559093616,0.10054946987143876,0.08369347546889289,0.01852923932439044,0.04372771019339251,0,500
1.7217197572529188,0.6953314245003026,0.1464135387094182,0.07499422703043683,0.01688138303300292,0.0399793632333623,0,500
1.6393792550565502,0.6529682938956857,0.0908669291742139,0.06959576561538919,0.01841761684784445,0.04283426467196177,0,500
1.735833193047263,0.6634902044061782,0.08978125883708375,0.0728112843936466,0.017683281051402277,0.040408301659963355,0,500
1.8835545886374925,0.634778192310195,0.06725716595405636,0.0739966444246157,0.01869825887039517,0.040380655502659464,0,500
1.6936499379555852,0.6882794822477987,0.124955714712286,0.07055664125763689,0.016596693614635158,0.03770700782721413,0,500
1.7597705448358014,0.6565327455104364,0.1540177566106689,0.07796439328252175,0.01941644543872769,0.0477193292654935,0,500
1.8279008656225306,0.6423254517240327,0.07484965473220297,0.08325364132133246,0.020219905743979583,0.04847205952859923,0,500
1.6295164364182113,0.6756771499404822,0.1314661084695368,0.07083458325444181,0.017748117338218412,0.04224319720818147,0,500
1.7278776715482043,0.6995197681498223,0.10789134612726238,0.08216279250874137,0.017420849218987587,0.04224149315427904,0,500
1.8072162654864627,0.6297680390951488,0.046789127131405234,0.08374004586710537,0.02090008432090674,0.050220878348391645,0,500
1.7656600797723074,0.6593134483061952,0.07829483316438252,0.07686328864353736,0.018558804944643504,0.04257860162826414,0,500
1.8130042890773541,0.6206540213995393,0.025555570849782265,0.07173527211569833,0.018769372788513955,0.04078899230210758,0,500
1.6020854867324712,0.6554721532424169,0.12995642674902852,0.07322746680178512,0.019456233828571787,0.048657290574232376,0,500
1.7270740887377463,0.6683619841556498,0.09664121171669056,0.07441813693585136,0.01805196842685362,0.0415905504874662,0,500
1.8897945373718343,0.6294743854039194,0.042844491389672015,0.07695530558785448,0.018983663661465422,0.04199286586959971,0,500
1.7591041277686692,0.6144830422598254,0.1105997208657734,0.07122844864775929,0.020030978885201865,0.04745512246427648,0,500
1.734450594645279,0.6688851408449331,0.12424918256552958,0.07548222602687053,0.01821504231165794,0.04319205695269053,0,500
1.6393177395584664,0.7002065399502411,0.19847553003392268,0.07892669824797191,0.018117791343683486,0.046883399171997214,0,500
1.889633567022291,0.6382042497723595,0.052201657231852966,0.07726475299424809,0.018644302386394772,0.0412338563961509,0,500
1.6755683640533239,0.66415202151256,0.09481990480822858,0.07034859660031664,0.017825748963254565,0.04062588476799982,0,500
1.710297766386537,0.6839757596414356,0.1524120151360251,0.07761319743992642,0.01808684738178198,0.044365717324312805,0,500
1.7256323193579517,0.6356300199813412,0.07356576500067238,0.0735795806494069,0.01932169744427201,0.04530331305576261,0,500
1.8190361788085665,0.671215728378453,0.13830955793316507,0.08300035712717545,0.01896206895374091,0.046354765470516326,0,500
1.8104012048757807,0.6651124289843797,0.05222463229367449,0.0750350986318892,0.01734014717411554,0.03770411512609568,0,500
1.9146207680261582,0.6522349947813544,0.04600664033032259,0.07550454626346996,0.017485005038957262,0.03668517203481701,0,500
1.7730219028610847,0.6275337690218211,0.10335795116836476,0.07642607876185344,0.02023182285698918,0.049075159980884665,0,500
1.843434198609974,0.6436848978683689,0.01151071416285005,0.07836317241095399,0.018393690797351373,0.04013732271904491,0,500
1.813159828663193,0.636469890830307,0.03674734434193925,0.07521599771959073,0.018768320460911325,0.041675557897443795,0,500
1.7420273125134063,0.6927720389560328,0.11774176915164342,0.0863857536918054,0.01878886609029935,0.04653014563955119,0,500
1.6796025234539864,0.6757200750735658,0.12010428378722167,0.08001766813136961,0.018960967798684558,0.04712918439620993,0,500
1.7404835901887825,0.6722540871722529,0.15154280540066078,0.07737486049198199,0.018684536527770836,0.04514421218584716,0,500
1.7491376555385545,0.6399100603455684,0.05900898695739949,0.07776236415243315,0.01968782976074994,0.0464072132968444,0,500
1.8375657987314984,0.6615400269245283,0.047329905342698673,0.0707561299993203,0.016563743969085252,0.034165185204603286,0,500
1.752676217879199,0.6675239161419364,0.11057640166637239,0.08179175043150362,0.019184013935302863,0.04709886681988128,0,500
1.5976784993954725,0.6801516290820854,0.13373652794807128,0.06912654420399873,0.017441896478482065,0.041377413895963125,0,500
1.9234447572675726,0.6973665896701848,0.04851449369931393,0.08729796514223559,0.01678498417782414,0.03687738058131238,0,500
1.5950526962390057,0.7156096224948663,0.19167289618326402,0.08505764541268021,0.018509680884256013,0.050202891740204626,0,500
1.8083030494359447,0.6404986196391209,0.06436307271593912,0.07778924881201113,0.01935128502052436,0.04454210524305474,0,500
1.6481385110999944,0.6872899231213736,0.225660667088334,0.07809146192535088,0.019037207658969303,0.04918829603280667,0,500
1.754725024679473,0.7000181789981168,0.12562133684329815,0.07921682606425072,0.017033624639814317,0.04030522195098178,0,500
1.7432408335402014,0.647066978985169,0.10822729376335356,0.07629632719327765,0.01955213322692595,0.04668264949883627,0,500
1.6629467295479248,0.6510984927320048,0.13165832156773583,0.07484734481484477,0.019710108131922324,0.04871398918249308,0,500
1.7040767374551633,0.6627011594073996,0.11982003047451704,0.07946793171275807,0.019431371965265395,0.048194691996174925,0,500
1.639784289300606,0.6778835423876894,0.18174147791398526,0.08128885511294834,0.01976016450359665,0.05237440505572743,0,500
1.845798175904512,0.6417978599881126,0.03389748111809846,0.08028664013931441,0.019352396544478772,0.043402547702269124,0,500
1.679461764408754,0.685233162050461,0.1826154023712375,0.07795511905685155,0.018512254816801858,0.0468454111661303,0,500
1.7666235622913742,0.6515469297886186,0.040385331608964736,0.07226609631923801,0.01778795542214065,0.03860907707379339,0,500
1.8748735837289774,0.6404176836276614,0.045715407174755196,0.0815209371305685,0.019322683817487463,0.0441231372516752,0,500
1.8365129213744975,0.6524904551970333,0.08969475742816005,0.07219913598852588,0.017661817858573455,0.038336594154022026,0,500
1.8022758541873747,0.6463301741947289,0.1137989733087896,0.08194517291960683,0.0202446236382862,0.049615526393705846,0,500
1.682364368699569,0.6393553287301732,0.12925666953083806,0.07522697807595109,0.020215886247530738,0.05032992918212738,0,500
1.6318594513893652,0.6757260587976466,0.21803126956314503,0.07878379254159842,0.019813196169512954,0.052385887452787654,0,500
1.7335422693622986,0.7022200510000778,0.10716194604391029,0.07568803306748105,0.0161703963634919,0.037406186858056314,0,500
1.8034394941947411,0.6374825047835971,0.010625399858711953,0.07498870531237037,0.018383840957152748,0.03990124002601321,0,500
1.8604918733608966,0.6665615289364564,0.12582510054798363,0.08066149333304487,0.018513169948095435,0.04353365887796217,0,500
1.6236243855638788,0.6669772652448815,0.13424359821728568,0.07717910533278392,0.019522398123651596,0.04924553427823661,0,500
1.8127201732538392,0.6915861245010833,0.09254325849123936,0.07283701719702698,0.015835785928205795,0.03415910630867633,0,500
1.728319797582741,0.6603046469906161,0.07247698480447952,0.0759060690711381,0.01849132300503235,0.04269314429696243,0,500
1.753365347362546,0.6739344924285877,0.10480082566997197,0.07559926142521269,0.01768848177394319,0.040959789298596685,0,500
1.60295128927749,0.7104583487950503,0.17569061585165494,0.0765574563059087,0.017186498022214607,0.04376063520062233,0,500
1.8177489694423927,0.6501702399798887,0.15696910763823912,0.085282034855891,0.020745194146243123,0.053271508929749155,0,500
1.7920701839773625,0.6489164131423288,0.10111421813658068,0.08274839801988779,0.020300335888702538,0.04946276324237605,0,500
1.6837608472172019,0.6845895096451983,0.1454747965296605,0.07762102037697566,0.01807772960231019,0.044855448978851166,0,500
1.6995265131508355,0.7053737346851737,0.15547363197111852,0.0765282621620085,0.016754750899252407,0.040584273919999164,0,500
1.8269408138014505,0.633365842592843,0.043632212185077596,0.07707073546985053,0.019298134149447664,0.04353956241855373,0,500
1.72089764890833,0.6428802039762522,0.06859420859978213,0.0696784022301855,0.018208422630574938,0.04079213964450908,0,500
1.7140034275885812,0.6597933798371712,0.10869544654125267,0.07875171006579519,0.019346504828724433,0.04743020045067778,0,500
1.8235488071126418,0.6045521902907086,0.00851849631494808,0.0747879886598593,0.019964019036857118,0.04500929217351665,0,500
1.8650987523689335,0.6475303136545684,0.0811451114029639,0.07673732965463609,0.018504399117799768,0.041559962226600626,0,500
1.7223806784735238,0.6734294227859907,0.13330709338410568,0.07849795129063628,0.018635509169819025,0.04563885725717307,0,500
1.6940407366396284,0.7004137140996914,0.11855836059100648,0.07862739145713486,0.017204041797844405,0.041406759521244396,0,500
1.7775534459347757,0.6570966580432026,0.06651900824901444,0.07412607313071091,0.017887583155658474,0.039995261475203665,0,500
1.798815688770197,0.6621405046075974,0.09818049286677291,0.08306989235140647,0.019442058723900365,0.04684460650999829,0,500
1.6487408763575924,0.6864593359568602,0.17610961049356733,0.07955533527690332,0.018827193157173974,0.04868049842924686,0,500
1.6578353582809904,0.6841684911301001,0.14825581530040932,0.07513435235256824,0.01784019023088629,0.04406625183747515,0,500
1.7542380227938137,0.6478586124693296,0.039011489722695164,0.07626907538415029,0.018751798289235247,0.04235432128904886,0,500
1.6997413265948063,0.6536648753590909,0.11220176535966027,0.07781338176002821,0.019488652327217318,0.048323650298628104,0,500
1.7104295131342193,0.6750598848702604,0.137580476062278,0.08655562789328743,0.020078791414130978,0.05205769631542495,0,500
1.6807135997644989,0.6821226983433308,0.12953298862315066,0.06935520271177631,0.01684711128631775,0.038188511499310136,0,500
1.6783965276628205,0.6784359416516914,0.11426074076960495,0.0724917159918469,0.017497251730109787,0.04093663260053282,0,500
1.9736371443645995,0.6376471674816819,9.557529256183272e-4,0.07868344336836489,0.01797321529141935,0.03715503138725964,0,500
1.8264781436719464,0.6516025455316082,0.03347985460420107,0.0742651524727487,0.017584775256240647,0.03781300706307646,0,500
1.7559305420020357,0.681980385734715,0.11267522918648108,0.08102033632864146,0.018241061163165057,0.04384733110948567,0,500
1.7456317585942083,0.6416505704004577,0.08218392483576592,0.07117087731671741,0.018595577652539736,0.04196434245720965,0,500
1.5650037686042946,0.6844137683312556,0.1694060761489616,0.07310500686866153,0.01832789523236169,0.046600457758469535,0,500
1.7138134801804659,0.65173067800637,0.08168520581638941,0.07228279380444075,0.018322454931397354,0.04215864407462862,0,500
1.791803375487061,0.6904328797163856,0.11739565221373938,0.08754371293262962,0.01866226989940041,0.045996686988544484,0,500
1.6927206183497547,0.6517029168938387,0.06749653831760338,0.07309588167440516,0.018469772332061565,0.0429743699158023,0,500
1.7290053896142705,0.68075346920717,0.1322781460057941,0.08165610693864164,0.01871652662268429,0.046367198407999355,0,500
1.7435959668726368,0.6458164328555288,0.09286382417321778,0.07430938569034634,0.01885052998843934,0.04443917568587585,0,500
1.6725273325956105,0.6987614164129877,0.152752012164868,0.07702115624052956,0.01756284807185012,0.04274606764126514,0,500
1.7961786315615584,0.6515715366436519,0.1044241107255857,0.07606065777914672,0.018777992460552558,0.04360766457479613,0,500
1.74926109483436,0.6745347845335563,0.08796706498847731,0.08367255005664086,0.01887762874433936,0.045733889628784115,0,500
1.7104634578384983,0.6458482393726149,0.10542513647163683,0.06938534437140363,0.018544434196377246,0.042169118756749675,0,500
1.7386092274102078,0.6848525093302591,0.12322552990895858,0.08060293181365819,0.01827878892899439,0.04416679291592746,0,500
1.6739225566446874,0.6818057732368467,0.1376363697867855,0.07352468176304258,0.01759382231797238,0.04211524256692266,0,500
1.765948200523358,0.6674153483218404,0.07973422105755462,0.07412065014238824,0.017529043338056566,0.039358449339091134,0,500
1.7884859995930942,0.6577541575196293,0.062455664655136536,0.07255433181829873,0.017451714520037034,0.038117739211332435,0,500
1.799413524814298,0.6670575057609713,0.12459280461971535,0.07856609679740598,0.018490714272406696,0.04382008347470245,0,500
1.7512657115027974,0.6969552951549399,0.15428891646912568,0.08567891308550438,0.018449012197990375,0.04672620337324303,0,500
1.7303702090168107,0.6530168667668232,0.1562744522135563,0.077436801869321,0.019729750408914958,0.049210519159818854,0,500
1.5581496991282455,0.705604349662414,0.20995908612501193,0.08953300644790464,0.02057031665055656,0.05783325085423977,0,500
1.876985285440788,0.655826459495996,0.05374741265025622,0.08979632643121935,0.020003403891389923,0.047480372736910796,0,500
1.7936098976809325,0.6347000519379499,0.03743124957168061,0.0703852520009829,0.017989125225601296,0.03871889796524629,0,500
1.7452259490384905,0.6733831585319432,0.06108611176422259,0.07949120998228565,0.018062946251722053,0.04172123937833582,0,500
