tau,kappa1,kappa2,beta,tau_se,kappa1_se,kappa2_se,beta_se,convergence,length
2.516784466631307,0.18888647379124493,0.6131387205224945,0.20228494116560988,0.07948920830292994,0.0043063718822159616,0.0036986389081576565,0.07013187812895773,0,500
2.555758260346416,0.27933184208295725,0.5226408789813904,0.042647393744937444,0.08062091531142629,0.002415346827529842,0.001976148690784692,0.072088669500102,0,500
2.4849743136692095,0.25052046062964084,0.5740330021192703,0.12941362439283471,0.07845608367906444,0.0032191528309229514,0.002754195985184828,0.06852419519608346,0,500
2.518407776409136,0.2831488963995719,0.5163415446687426,0.03379109620810018,0.07932189680218231,0.002322691346066304,0.0018890480067941739,0.07055495344750379,0,500
2.4987019313120347,0.20320696648286815,0.5998851819480382,0.10251038318271725,0.07884000761118538,0.0034487187418093656,0.002843698106999306,0.06711727110550385,0,500
2.6081263921891,0.1733066306798697,0.6279193469796227,0.11167599684640502,0.08233507807184968,0.003873336456991903,0.0031860663639571847,0.06693631216959842,0,500
2.4220284312435463,0.2562228802436265,0.5576126950917272,0.021566891293363172,0.07639361269080969,0.002548736067151918,0.002051382222245525,0.05973967219500972,0,500
2.469571780346825,0.15805661170344917,0.637722175732904,0.06006642194103638,0.07788131121294235,0.0037345651320206483,0.002930011055549723,0.06162837300869718,0,500
2.4676231250112215,0.31038231468515276,0.5231516718621874,0.0769968881350499,0.0779544481700282,0.002458306838246364,0.002104252151622264,0.07247824332714117,0,500
2.720672025452298,0.24448039331825236,0.5574608760935865,0.01694429351227317,0.0857381141547386,0.0025715195207038693,0.002041640603897555,0.061472265089031725,0,500
2.5279756977531704,0.18945490140351484,0.6185441970387653,0.12251163285337208,0.07983263865691088,0.0037736810121103688,0.0031389813946354696,0.06654105764924888,0,500
2.4712771715009083,0.2756634848518696,0.5518306799023286,0.21594193641431447,0.0781741967850363,0.0036954133998126056,0.003292481649727432,0.07641464084772705,0,500
2.6078598699180766,0.2233406214678545,0.6013079971035448,0.26163224094658766,0.08255756393302759,0.0045834862797886344,0.004078352608238663,0.0669438643123653,0,500
2.5635934495583985,0.24760571618801816,0.5641282264421352,0.11883404219511248,0.08095146116452914,0.0031249068665686547,0.0026253853621764733,0.06729420205250425,0,500
2.57369019282633,0.191490476063291,0.6203010052979678,0.11613808822966307,0.08132132369245428,0.003731975729099074,0.003100533622724911,0.06594571915039574,0,500
2.3815569032863038,0.24388522711552155,0.5754715305866213,0.09065910482026845,0.07523421369243184,0.0030582382336576397,0.00258141509256896,0.06920831117850657,0,500
2.6241965220361823,0.19453815549285067,0.6194444744858023,0.22394910032710783,0.08290038975975324,0.004503509293303177,0.003913058425650683,0.06769038487926207,0,500
2.4128195880796817,0.09892513137366557,0.7000914410542584,0.10831095382443598,0.07616625210357612,0.005004874990706766,0.004009651327064947,0.06485580658988374,1,500
2.6122333525641857,0.1782958338088201,0.6411491445530876,0.24215079966173808,0.08265175553256418,0.004890958676834245,0.004301299208393225,0.06696616187408237,0,500
2.588978854050966,0.28458389079603486,0.5379331300911776,0.09668155567613959,0.08178148529141427,0.002734585593807005,0.0023250402097213236,0.07089433261479851,0,500
2.4160992374717933,0.29414259473065185,0.53312414156347665,0.12720270207838238,0.07633499410481713,0.0028602584535442344,0.002452822581065672,0.06714078806766334,0,500
2.574389942346985,0.24339382644718194,0.5457141627357452,0.1583145751113386,0.08116327695124381,0.0033057483723185734,0.0027517807624675393,0.06574816046433898,0,500
2.4226867900457485,0.1904788657577731,0.6104130502142763,0.09764088782441047,0.07642040260521833,0.003534757971147164,0.0028601020733998394,0.062210041499655096,0,500
2.465554321208559,0.06692519783390656,0.7562590961990583,0.28634507580064505,0.07810835170567662,0.007545395098620178,0.006810593553907944,0.07095283376452291,0,500
2.6659865020209352,0.1927607770790655,0.6070519187226779,0.07203111831257757,0.08412914277830703,0.0033712346460289255,0.002706731971405232,0.0630623579932551,0,500
2.495348884934998,0.24140591542565726,0.5655482336002597,0.03303300887212363,0.07871618602508333,0.0027211356561692517,0.0022474721588773734,0.07419724850808948,0,500
2.448091491788594,0.17499959222884579,0.650221653411061,0.19944066234113486,0.07743814856278644,0.004580948981629165,0.003985842996215242,0.06664638007675383,0,500
2.517516958410574,0.19980469680092497,0.6025949872588189,0.15235180766632608,0.07945443947343687,0.003808606836969438,0.0032025018912675484,0.06804392028124052,0,500
2.5075691869202674,0.26912901789529303,0.5544353874702846,0.1898766758641539,0.07929441688096067,0.0034962422365043843,0.0030587124228093595,0.07124534933476905,0,500
2.3880770582659876,0.3106471635403105,0.5156385958173432,0.22880539525799232,0.07550225929278816,0.0035227055158930124,0.0031205565489578076,0.0695885552890661,0,500
2.607558235338925,0.228927959023625,0.5795820652141414,0.09188164358979453,0.08228270864099622,0.0031570242804455093,0.002576022052845428,0.06025831007308588,0,500
2.5119818947638057,0.10974805834537212,0.7030490507044596,0.1464247870013339,0.07937212628242189,0.005173905019024018,0.004286676462039734,0.06436831703447518,0,500
2.5155018373849565,0.289730734920842,0.5331094138217783,0.11176932811437422,0.07944513630663587,0.0027762910799366725,0.002371887872038828,0.07154018129087088,0,500
2.606778416104085,0.3065987728320558,0.5130396320221777,0.05439088947709705,0.0822764156005639,0.002302281312922753,0.001923540128005545,0.06693628496950403,0,500
2.5714458382776106,0.27000570035582877,0.5536882281847921,0.17103799526528995,0.08127937557320011,0.0033299978195043107,0.0029037968850057954,0.07173398917761468,0,500
2.451152259428945,0.275186632477801,0.5359051831917174,0.007515194592746428,0.07727837777818712,0.0023164677416295043,0.0018717066697872286,0.06560906876179556,0,500
2.5460503676120516,0.22655066264542337,0.5652841695395326,6.533936047004521e-6,0.07977140657544621,0.0020909715458647003,0.00144373039647772,0.0014899757997622,0,500
2.459141778398457,0.25300031136774287,0.5676806758966427,0.15689540438475175,0.07775097206762625,0.0033770637553080657,0.0028930984160907246,0.06631253046959183,0,500
2.5594946520436395,0.17750486380901134,0.6402925681882657,0.10596441583596966,0.08088544737281854,0.0038245493966327813,0.0031492442852890457,0.061957931301756954,0,500
2.5899385069889105,0.2085782846860644,0.6061330435329368,0.18072593228386513,0.08185779342315941,0.003987010979029303,0.0034376128392993735,0.06952046284766188,0,500
2.6155242521719795,0.21746914393425543,0.5918339104307224,0.12447379996232354,0.08259689755688664,0.00346279871465697,0.0029008610943496846,0.0673665540367158,0,500
2.534431643085701,0.18340706430209833,0.5975716291255248,0.013445496334918745,0.0798549008507323,0.0032464844925395547,0.002576719222943882,0.07459978506430531,0,500
2.717391365181889,0.1415538642092492,0.6588950096170919,0.11922224423161909,0.08577733154792831,0.0043496141516459344,0.00358161240240683,0.06710973311039177,0,500
2.375852424065983,0.28632150269673207,0.5339572725027425,0.10285887631507888,0.07504443247291699,0.0027454613658064826,0.002314999558253141,0.06535141810672414,0,500
2.4561137674038243,0.30556586593463336,0.5094431930391525,0.17068555722476925,0.07756384853416377,0.0029638857603325342,0.0025577966070318174,0.06892132219577597,0,500
2.5968380926524084,0.2015828702065424,0.6141580617323751,0.2054159019872527,0.08208681326945165,0.004245828369388061,0.0036645442721008857,0.06553213016298597,0,500
2.737333489426342,0.0910252496402048,0.7352344540777646,0.23182476172648736,0.08665966666966171,0.0062266928313355445,0.005400438065847324,0.06383771420829899,0,500
2.50120019520272,0.22092071629986207,0.5945672231014402,0.16949795301875278,0.07904736644509475,0.0037622563061126533,0.003226219881346637,0.06912287918436893,0,500
2.5641431783597355,0.18653407418977652,0.6099242620104421,0.1155507734314983,0.08090621104239225,0.0036931845778161725,0.0030507346304231276,0.06868287759915613,0,500
2.498183902158512,0.05303866826575991,0.7426184255007557,0.17571488472979438,0.07891002189126875,0.006328634807460485,0.005242436033067731,0.06763518277610164,0,500
2.6877948404774425,0.18649135650259382,0.6257052155421795,0.1850742106142222,0.0849176337334087,0.004204730858322918,0.0035648905689080464,0.06268061400276982,0,500
2.438724767684405,0.20993865330861225,0.6187356000798537,0.16819429053994467,0.07711591469412105,0.0039692584568644055,0.0034537177346855978,0.06926654628124831,0,500
2.557964808560627,0.22076085807906137,0.6095664045934758,0.17293539828174118,0.08091510423336326,0.003892319749487479,0.0033747629940262475,0.06614533700055152,0,500
2.453424145912406,0.1675074205730642,0.6270783110149967,0.09452436572349836,0.07740928065499834,0.0038469724027862503,0.003141408505935219,0.0692075934671052,0,500
2.597440268837725,0.35348899780999216,0.4644478284370698,0.028019355161455588,0.08193257241131037,0.002021371758337278,0.0016796762871071937,0.07967328668562607,0,500
2.4082303402363934,0.1859178923748412,0.6404351166838216,0.16458451012350947,0.07615427031491101,0.00423972932880066,0.0036432626527184778,0.06702481331816965,0,500
2.6296754771431727,0.24172487991290137,0.5754727363812673,0.09543631358036005,0.0831042173383564,0.0030784968862860003,0.0026029054383676026,0.07117713328706003,0,500
2.491941122467797,0.1929281862964579,0.6208184053432543,0.15506481142208953,0.07875438272014366,0.004014509673477237,0.0034538093591944315,0.07196899010674487,0,500
2.6625830126277803,0.10017011935460411,0.6833986588734153,0.2646444525910085,0.08412880312315067,0.00605229001985316,0.005189233510182969,0.06676872119767588,0,500
2.5076229913391814,0.2512088460267365,0.5661024534302155,0.062203256299304725,0.0791828841932792,0.0028152639534300143,0.0023178887951562314,0.06293674026645588,0,500
2.6977125441353587,0.17841931632426594,0.6214850696674687,0.08662351844489428,0.08516710886453081,0.0036920014501951454,0.003047719983282546,0.07133333309112254,1,500
2.4713038303573343,0.2499460068617499,0.5665464192273518,0.1536289854768911,0.07811866904477167,0.003364314255970577,0.0029007535130728727,0.07271219886726296,0,500
2.4801835889015877,0.23123006426367887,0.5967992358115672,0.21320846312009567,0.07849392897784546,0.004098208994081539,0.0036219506512103726,0.0701482625003563,0,500
2.45252721267524,0.2819076920954942,0.5308062784878322,0.0534928827908234,0.07739835840728006,0.0024949150973188478,0.002077619688390379,0.07405143078198058,0,500
2.5387293739142516,0.24385489651264688,0.5639767541528713,0.05788680214658708,0.08007358789203693,0.002812255714521411,0.0023078213772720064,0.06770475740403921,0,500
2.516352107213967,0.26993669203550524,0.5523606781186753,0.1256939875391174,0.0794909575263104,0.003015463078775525,0.0025580354887913322,0.06429990202047192,0,500
2.448840808938722,0.17614984453260288,0.6396322298957412,0.07878117966122153,0.07732714425674493,0.003766752894401775,0.0030916592841316133,0.065378631879208,0,500
2.7131934573239502,0.2946928233781203,0.5050183790902559,0.08016264517005459,0.08555772286510557,0.0024917434284856712,0.0020785230366768335,0.07737959911242293,0,500
2.593429916086209,0.23359276396435363,0.5992663358698403,0.13563531549446506,0.08201155126134543,0.0035072146348231023,0.0030562057962343686,0.07130003151186527,0,500
2.4035869568375645,0.10172313238120362,0.7123850064181501,0.22430926763480827,0.0760386062163564,0.006017265731817489,0.005271214214371455,0.07093607076470658,0,500
2.6252411176329344,0.1188952788731417,0.6647510223424711,0.13843027016835807,0.08281398050992021,0.0046699795171474545,0.0037583925235457217,0.06453468714810277,0,500
2.49737868502499,0.2451613066236289,0.5927047655926527,0.15923082351510404,0.07899127308539584,0.003516223552602367,0.003074889640247072,0.06848421758374201,0,500
2.446073926307278,0.22285004964380875,0.5736565629749635,0.15163574620109074,0.07721527123495359,0.003562673112286461,0.0030924800849361058,0.08381119441363329,0,500
2.4500049222911313,0.23998633240139097,0.566919771449996,0.05127303399683359,0.07725713535661036,0.002813990967450449,0.0022842498896429816,0.06440745866823,0,500
2.4731791469328552,0.2655790307321628,0.5577597879310257,0.11788056813579545,0.0781539494613562,0.0030064259607032935,0.0025304313317233177,0.06136964155524479,0,500
2.5433871149746277,0.27336993654803726,0.5481064711333546,0.1322931031391329,0.08034136090072244,0.003007086429510446,0.002579713631295951,0.06986370440256764,0,500
2.544082669150174,0.24107276561200172,0.5778808427119795,0.17356870311367878,0.08039063247615193,0.003604224621640969,0.0031401077158036946,0.07231783938216907,0,500
2.4349919555006543,0.26447867031514866,0.5586816975981338,0.07578791601375683,0.07687649510050285,0.002759762438351241,0.002304077063470097,0.06369823486311071,0,500
2.530409665233159,0.23077413026304555,0.5884095723228252,0.09776931333457517,0.07998078428591107,0.00324954457608581,0.0027639144364174015,0.0733362054690523,0,500
2.5710926702067693,0.21772990881287901,0.601759627045902,0.24353598662422002,0.08130916973393004,0.004435446066480776,0.003901295923776254,0.06648977847882828,0,500
2.5293493912654,0.18641089158979826,0.6365496301424212,0.21186446711153908,0.08000923295003737,0.004685490716744962,0.004157329021221896,0.07384677976711206,0,500
2.5946585013363532,0.21922870984016213,0.6163799720428289,0.26815212319359116,0.08214031954977614,0.004801285995705459,0.004351148669524244,0.07020209773477516,0,500
2.523728476733614,0.23281377708008344,0.6014079989420611,0.31874133008038474,0.07995094343240826,0.00527653478571607,0.004844381824031321,0.07036711471479981,0,500
2.71721226087866,0.1079794634556017,0.7084065909262626,0.2772117791760103,0.08598569488974947,0.006397135802276625,0.005707164513051936,0.0690782496246229,0,500
2.408343052526272,0.2594805610489943,0.5562779392430062,0.08387486749966806,0.0760393158975071,0.0028549728326890725,0.0023902917080353557,0.06960850199458185,0,500
2.4027254936962885,0.19187024099923444,0.6058363506502394,0.1183910030260874,0.07581735277617943,0.0037043077854159753,0.0030660111923026846,0.06916337378835286,0,500
2.516219435116135,0.25146902395733195,0.5659669620849167,0.03136351952293389,0.07941114002123321,0.002669837639714275,0.002197251649709403,0.06827038656836237,0,500
2.502804327181463,0.3047589791966831,0.5095866844542798,0.04002034361883384,0.0789568303526698,0.002248028476043551,0.0018696761862264202,0.07123032355030107,0,500
2.483007303643211,0.19336106272921474,0.6339071732996353,0.20918703441984332,0.07854901065271597,0.004520079984127503,0.003953696890426886,0.06745332925515016,0,500
2.4065081705265916,0.2734562702091627,0.5362107165823159,0.020577262545401678,0.07595967536839543,0.0024125542693829664,0.002001179359140239,0.07770396145701303,0,500
2.5055411642398604,0.27377655207350254,0.5396416127063902,0.06255555385518075,0.07902663554101279,0.0025876474606862172,0.002126563785038313,0.06431268255467533,0,500
2.6255340514597014,0.19157291042688634,0.6168430487580816,0.17382896237791984,0.08293192331634532,0.004046614938881024,0.003398740831788143,0.061898694740958056,0,500
2.614765513955971,0.29240867856419805,0.5300541024179383,0.1210923701100834,0.08258535901729425,0.0028236047642109592,0.0024174806273607637,0.07125277403886279,0,500
2.54052073698263,0.10646602023872898,0.7022704038108716,0.21189456312133328,0.08035615894053197,0.005864330487099013,0.005142343407404064,0.07419868025489829,0,500
2.3657053536614394,0.22070736593016196,0.6128264908013085,0.22609336050990161,0.0749102588438385,0.004401188760679149,0.003965847014686503,0.07509754054592406,0,500
2.6877391071879226,0.21351200387307326,0.59437931757196,0.21652402098703274,0.08492501497039813,0.004183867344955239,0.003630049351936437,0.06929733493719432,0,500
2.606590420465139,0.24171486617476598,0.5545464374425791,0.1094065291137339,0.08222320933012744,0.0030628655872645166,0.0025568926721719607,0.0731375316004586,0,500
2.4753674829080095,0.1613268857827331,0.6510430705267181,0.15855770177823336,0.07823426861965545,0.004487970419064325,0.0038771201206569254,0.07357209548960139,0,500
2.559650516389631,0.1692552973747741,0.6453156114286308,0.18916536493348857,0.08090620769498377,0.004637584050676367,0.004050833041097426,0.07299165807932678,0,500
2.6166933308352784,0.2193794936508791,0.5974384819223786,0.14327891220482925,0.08266637417919896,0.003582652991088059,0.0030701532749735144,0.07003989245475037,0,500
2.4169557071885324,0.1749036227384643,0.6531045808146488,0.19287008026712923,0.07643300717137741,0.004541202721342669,0.003937808179555168,0.06545845310739386,0,500
2.646980455655316,0.19875005332897194,0.6044710712266909,0.1860761562725703,0.08362858636029671,0.00412332081369027,0.0035882790690414156,0.07625270364647571,0,500
2.553078216711366,0.25747444161327476,0.5624744091692588,0.11568227632278442,0.0806541800528386,0.003041077071670789,0.002589500299543098,0.07040036160087981,0,500
2.458918017224379,0.1170011462606807,0.7006965273413275,0.20601589045243301,0.07778739238584896,0.005469486660771935,0.0046816466649566985,0.06476047298473676,0,500
2.56084271950221,0.20005237413704147,0.6277648842185233,0.29266027938829864,0.08109576555546143,0.005367109106204655,0.004917150884524303,0.0737592619984584,0,500
2.4554454928869895,0.2214449802225554,0.5920328985383296,0.13265843702537294,0.0775534431979089,0.0034926367778231777,0.0029454299401561936,0.06720551056220322,0,500
2.4707830992148865,0.23665675102684644,0.5869931508779651,0.08451764287491677,0.07799986526276101,0.0031012127523261557,0.002601304019274539,0.06623621635062746,0,500
2.36153524683047,0.1386727682345064,0.678180843393468,0.2295692405006893,0.07475261719668919,0.005497037850755681,0.004875459099203422,0.07387975918349088,0,500
2.5485405750854753,0.2065144070515557,0.6076156461044564,0.14926854642616624,0.08048869080397736,0.0037156840116714506,0.0031144931497446298,0.06278651401510572,0,500
2.3817909757771365,0.2662624074352249,0.5479552157016576,0.09433774075254149,0.07514622433296675,0.0028310724553339568,0.0023676886361560846,0.06735897829948356,0,500
2.536900226299557,0.1492394573884654,0.6706168237643231,0.19752898718270712,0.0802520179521362,0.004951974396586155,0.004261422736201188,0.06651067916150144,0,500
2.5470879859021975,0.19763293270036134,0.6003783439030678,0.1252335222708442,0.08039314554586673,0.003656276598769824,0.0030761883558479233,0.07388174146554286,0,500
2.4042854993662512,0.3267368189474826,0.5020150099282163,0.09160264040795417,0.0759187672134869,0.0024414552241262787,0.002083939329989157,0.06677542280326795,0,500
2.4701519844100854,0.17927893040604942,0.6327390320779888,0.20513547942794041,0.07802405124393036,0.0045183492442474864,0.0038976279549725068,0.06793341987003813,0,500
2.7195373998370345,0.17911056645285572,0.6290991253501705,0.15662929890018643,0.08592019682598964,0.004129088100732947,0.0034877236569981025,0.06667264188097213,0,500
2.7466326298644352,0.18909414216934511,0.607204337405364,0.1602120823594024,0.08668499703437191,0.003929268811958281,0.00330138726073721,0.06860523941397867,0,500
2.5831085311202138,0.06892109203176525,0.7440895081704966,0.23056723013233793,0.08168186381762396,0.006300356523865645,0.005305458596873383,0.05925928825304736,0,500
2.4705837193592495,0.20785879765177015,0.6040575112182345,0.14464682631958714,0.07801890808986486,0.0036832641378942966,0.0030866158079238255,0.06354567402235443,0,500
2.4835948895657234,0.15623246292005466,0.6415134919274819,0.060312990047401566,0.07842754077946727,0.003852429462107607,0.0030858529557802957,0.06718805570136,0,500
2.359860526983618,0.23593405920792065,0.5809057161402819,0.09849021896706617,0.0745172307027638,0.0031274870052053613,0.002607185121095588,0.06437299321399219,0,500
2.3859411950228204,0.08196616957346949,0.7385019616051558,0.20647966110858187,0.0754318061166358,0.0061319259181992596,0.00524589127363273,0.06495686042020951,0,500
2.654739714702468,0.2692266737552654,0.5581055258912752,0.16692073291917017,0.0839194984445732,0.003334972926008509,0.0029091736580998282,0.0710411191858155,0,500
2.556426797869969,0.24696844611551572,0.5712503819980774,0.171426246110955,0.08080819645693396,0.003522242527273627,0.003040013930938069,0.06895338874995041,0,500
2.5141577672739075,0.3284421819459887,0.4912924053994109,0.028951689930551364,0.07926302209716732,0.0020967040263005572,0.0017418045996843339,0.07026098605812829,0,500
2.5450024559531426,0.30694713480979774,0.52241913882106,0.17666290007817537,0.08043193401833629,0.003116106818440161,0.002725416163426444,0.06981642842037401,0,500
2.438836990883135,0.2143758110857766,0.6106747915200308,0.18740645652177332,0.0770047059340945,0.003991960740506681,0.003462234210392962,0.0666211825459675,0,500
2.4940785741285603,0.22953567516272397,0.5866825595534825,0.17496791049433955,0.07886291751448592,0.0036990828950169193,0.0032097708530360643,0.073024232865273625,0,500
2.658637027928715,0.1859391463907319,0.6290789081717443,0.0865476286316406,0.08400313327306938,0.003685342493941387,0.003055101373254563,0.06732827515846125,0,500
2.62342977654907,0.19887617275134337,0.620928220343992,0.1522385441067648,0.08290140120284759,0.003937241039333646,0.003376019782788808,0.06835685239092693,0,500
2.5425057290961663,0.19395115729696,0.6320542433593003,0.20914324488847483,0.08039318861330141,0.004384893491477405,0.003755759736956738,0.058627722006563715,0,500
2.3715322139686155,0.1925136294237004,0.6234825125401668,0.11358007433885388,0.07492758376785219,0.003756600501420426,0.0031871418928080984,0.07150844432629212,0,500
2.686192423798256,0.17198638491192417,0.6412064385424266,0.2584671858778208,0.08494650981778089,0.0050853651750791045,0.004493026042329916,0.06859758798477615,0,500
2.4261112433550243,0.21549465772066712,0.6012381049827178,0.13668045019010366,0.07658637312183815,0.003586302887446288,0.0030071971551090463,0.06278157742563459,0,500
2.504001810646658,0.2602594246760056,0.5609241803827155,0.14432736201231436,0.07910203568546724,0.003208388213005075,0.002744685814410813,0.06651254769188819,0,500
2.4482426796023526,0.19017124142064035,0.6137121003263599,0.1828190482612426,0.07728991408416977,0.004091851517619055,0.003439855166380947,0.06309096594422639,0,500
2.666711238189038,0.13969731741711264,0.6296307006934356,0.02045948652697446,0.0839311152155537,0.0037471140255612065,0.002814212565230372,0.06496416297033708,0,500
2.543440188809261,0.26908160846326806,0.5397493087951535,0.1105360092827277,0.08026760926460043,0.002862939617397362,0.002409070895203441,0.0684417569042152,0,500
2.6254614030161583,0.23051117387314757,0.5939675639770586,0.19084093388136816,0.08303203452781688,0.0038909248454989977,0.003387707782630464,0.06812220766134286,0,500
2.308469132714092,0.08863610705611892,0.7346439304803414,0.2011502331743285,0.07303550689955335,0.006008839531452646,0.005148843900733748,0.06544955802260051,0,500
2.5085189522371873,0.23978002091929002,0.5933890322763423,0.15573209171223315,0.07933119190011996,0.003538118006898485,0.003044644761841319,0.06285063142676273,0,500
2.395641160036095,0.31312179637138926,0.5308698869332112,0.07398330775889575,0.07569563615564925,0.0024720789948801136,0.0021253546087803303,0.06636714462349866,0,500
2.602550209987649,0.28853574230188644,0.5124644210475734,0.09769939683812959,0.08207472964066524,0.0026446367084922524,0.0022180773658415916,0.07624311775208993,0,500
2.367918439106467,0.29233091482006085,0.5295428417644262,0.1491910575216751,0.07479903166948071,0.0030203774406738033,0.0026086672335062224,0.07351564615726662,0,500
2.5683841138570473,0.2328748127296225,0.5928799776819584,0.16475863204240904,0.08120525654570734,0.0036175763834711315,0.0031489666217283576,0.06945338514234677,0,500
2.4536994116940263,0.32978270841467466,0.5092877864157302,0.14299962246147993,0.0775211288942445,0.002764227726183298,0.002418040811970482,0.07036541856033468,0,500
2.5672483269425115,0.17011634486694452,0.6346700670500095,0.13781752911644818,0.08105603749529203,0.004069413775993107,0.0033772038963848787,0.06492345429145109,0,500
2.627639338191016,0.07916933528520399,0.7287049950379306,0.21733166128402753,0.08306660812210619,0.0062054692591255265,0.005260077199300424,0.06495689598186848,0,500
2.573133362390142,0.22272911897918557,0.5809287118868054,0.07104145422303378,0.08118936155234086,0.0030475158666039377,0.002449554740718533,0.05932504504154026,0,500
2.50281038172839,0.23219054148684853,0.5714512642469334,0.1859130218361421,0.07901686296977806,0.00371445440155972,0.0032063526763073708,0.07258070153694021,0,500
2.4083918372546522,0.21642703085436074,0.6068472373360769,0.19910273782295218,0.07614951520221723,0.004100031975883067,0.0036006400993254953,0.07092231043714599,0,500
2.3716182834993003,0.3233117670372144,0.5006776907168559,0.044693155927721086,0.07485096337341958,0.0022061715535877284,0.0018546874872342148,0.07319127511078376,0,500
2.6091682858235696,0.21800336088435318,0.5888982846466205,0.09875755799387634,0.08233225617195221,0.003294752964476196,0.0027074529419202965,0.06324085284789599,0,500
2.393935564850981,0.23139238144581092,0.6058076120340634,0.18898731885883618,0.07572498540995855,0.003929392197663549,0.00344710303452191,0.06686894500836353,0,500
2.6433088435514285,0.29489587194134004,0.5112385993853011,0.09675139808275365,0.08340825391614876,0.0025932454037688258,0.0021716466563027506,0.07014582035720648,0,500
2.5022430016542834,0.22878480177777932,0.586144379562516,0.16059054933710004,0.07907135811932516,0.003619712504539988,0.0031200380201412553,0.07184690140895791,0,500
2.4466294827124395,0.23753264334534926,0.5823067708290421,0.14470846699327783,0.0772959459020239,0.0034392519747820077,0.0029678110059253643,0.07192270741843614,0,500
2.438499447362887,0.1589211330941754,0.6440521148020775,0.1324253491030888,0.07701483300223425,0.004221892071124014,0.0035275298734500572,0.0690051585241872,0,500
2.4482304480998924,0.23597054144792892,0.573796350998143,0.08086980814933437,0.07724879597651044,0.003012226154554913,0.002479409220248439,0.06527719039029138,0,500
2.6082026747265754,0.2277408212251503,0.5900146135701785,0.1129280441210603,0.08232504250434203,0.0032966809278887855,0.0027713010081229466,0.06696932626270333,0,500
2.6214220949394145,0.19807676405210672,0.6150246302468095,0.17231800273371023,0.08282182147966617,0.004000270266870799,0.0034030259485860444,0.06553217340489811,0,500
2.432194382916006,0.2549982204687157,0.5872212930367692,0.19682769519588217,0.07696190602824511,0.003745203773966105,0.0032876084433564315,0.06297559364513565,0,500
2.6332370373637324,0.22685957637954543,0.5770431295382187,0.14254379674434478,0.08312114777609486,0.0034408158895073405,0.002892400701830821,0.0678216498088486,0,500
2.509828108265589,0.26935023053041063,0.5505391358506342,0.1614400413794376,0.07933827957990476,0.0032764170979310563,0.002882251536242869,0.0815516568577151,0,500
2.5405093699168284,0.1822460711183054,0.6398428833194818,0.20317959406436423,0.08032192121229997,0.004521495872930948,0.003911804400912296,0.06630998663783415,0,500
2.5746028977729116,0.2723652905546562,0.5506782926233718,0.20418290008186762,0.08139215543745836,0.0035834570095819233,0.0031279023583289634,0.06827471727324484,0,500
2.6292350326021863,0.19612606069235297,0.615866176202971,0.10202247742775004,0.08305014522805672,0.0035806101369986955,0.0029851373420279118,0.06752119555671139,0,500
2.5889110580986348,0.2325517951215329,0.5894059845502874,0.1642873688036417,0.08178498634258947,0.0036140711661778327,0.003094032794616889,0.06516820579818274,0,500
2.525902456414277,0.12739348798983516,0.6802613603126463,0.2402890422407564,0.07989062324657507,0.005560262877729954,0.004832707458175986,0.06776311119460177,0,500
2.6469584946158156,0.24380684799796754,0.5773046415248075,0.1453961783927211,0.08362589615827594,0.003368927259093109,0.0028716064885851256,0.06559491820578767,0,500
2.550684288765349,0.22557010150513573,0.5787606173082663,0.11817849645885917,0.08051391225561765,0.0033446876764192807,0.0028464184478524997,0.07694912849374827,0,500
2.4802316322823312,0.31331216424263053,0.5139123380902283,0.11694548475047016,0.07834414650623796,0.0026790956051467836,0.002301496157462067,0.06796868539969692,0,500
2.4660000859906512,0.24881272792684406,0.5637785706556517,0.09384948349419586,0.07783401987862601,0.0029564271695720745,0.002437291320237511,0.060904832024212825,0,500
2.541699662348681,0.2669816485549387,0.5436941854031526,0.1342604152507526,0.08023598570403624,0.003052806628299103,0.002589346024105228,0.06931434240382002,0,500
2.594197383130046,0.10491457613927824,0.7186141788440898,0.2534785521106073,0.08212099885435933,0.006338444255704263,0.005610411165681751,0.06867456526715597,0,500
2.4197517980884404,0.23583958187997336,0.5711659387785598,0.04445207698349574,0.07636739554550885,0.0028137603085645374,0.0022581744086791846,0.06025761378529494,0,500
2.636597208601518,0.2727264985842446,0.5236441089038383,0.08779994106380051,0.08311101790127524,0.002671250835552197,0.0022067584267880273,0.07033432482478345,0,500
2.4632671404049877,0.21716333996805542,0.6143522406400186,0.20336945575721405,0.07796509536329946,0.004142861749310262,0.0036462753465304775,0.06749113853259917,0,500
2.5740791779875734,0.21333362505813008,0.5903351078366654,0.1582564740815294,0.0812662026412951,0.003683016746266177,0.003069502163609733,0.06234461723943391,0,500
2.5986466067951395,0.2209416189788162,0.6028799651728055,0.1290440037797259,0.0821143922109752,0.0035127706160376975,0.0029703795126523364,0.064439975130595,0,500
2.509137634997457,0.29966900828658866,0.5238508617425693,0.13243851624327257,0.07925909202075458,0.002845047898016491,0.0024879903495989703,0.08394387730496349,0,500
2.4580860971588585,0.09964023349919197,0.7236043990165377,0.2585832977810189,0.07779759402176745,0.006302412135118092,0.005496325080407786,0.06352324495267024,0,500
2.498314363990393,0.29405235626157555,0.5322921657319836,0.19866823110583395,0.07896767952148044,0.003371423736367677,0.0029532214685777463,0.06837530099483344,0,500
2.3647961021367823,0.16452354855923124,0.6445125421646484,0.2277454142925973,0.0747922728636433,0.0048834167979044,0.004256162435280375,0.06908078091146859,0,500
2.441974126297538,0.14465028880309325,0.6750166050107238,0.21608353635804495,0.07729518141877996,0.005323313003819147,0.004790422329803825,0.0767754672544737,0,500
2.4223070201532866,0.18483144828350836,0.6124781262937338,0.2045409222725079,0.07648476216713412,0.0043078377427617385,0.0036357222130502234,0.06279381679808228,0,500
2.5256912563225864,0.24058172197380834,0.5660199784673515,0.2140068465453785,0.0797479078573741,0.003806062960798112,0.0032491661996136207,0.06222430805758935,0,500
2.6745440929701965,0.23350921381271492,0.5802854145404462,0.11031364917265551,0.08444676194531257,0.0032131924595675218,0.0026812989612229462,0.06416706316873746,0,500
2.591234630432148,0.07061897388896374,0.7422276757932142,0.29130402764811153,0.0820018248158427,0.007506142978384172,0.006877462435109657,0.07646147131343536,0,500
2.6054574621313225,0.19252851279480349,0.6217627274769679,0.16356437079779682,0.0823374916167263,0.004031026684482619,0.00344132041730938,0.06767032245821465,0,500
2.5908849432517167,0.2967966820648832,0.49510501619911745,0.08268310455071302,0.0816184202929556,0.002472591257845763,0.002040488457767847,0.07497582126990458,0,500
2.4200307224228146,0.2063194153192479,0.6087311115295977,0.08150343051232738,0.07640139454294158,0.003362249105149585,0.0027503830814319574,0.06251383875720976,0,500
2.5326779513806126,0.21967070025077398,0.5930551865367237,0.12338006365907951,0.08000458245570945,0.0034640559490759964,0.002927837015673997,0.06939522971432187,0,500
2.5542200373593102,0.12647264954238355,0.6842011361524197,0.17812129084495168,0.08071926789374184,0.004997891032437065,0.004165433303844549,0.06144753144970019,0,500
2.51247212959795,0.20391254370318038,0.600049564281166,0.18697709749481953,0.07927746246731258,0.004014762383151802,0.003418495726734513,0.06829103419747955,0,500
2.518573757378093,0.22851643897183482,0.5982117195187797,0.12410366243419013,0.07959452434755777,0.0034507879274146298,0.002971718304479298,0.0709447146651127,0,500
2.6639458224660038,0.3206810770149104,0.4944383835026415,0.06897738572633366,0.08406199598278642,0.002325853566359741,0.0019491192804201322,0.06892943404461774,0,500
2.4512640995910147,0.21564752498201525,0.6090847145685568,0.1077931457972849,0.0773906819680485,0.0034696648217359023,0.0029352341206597813,0.06727566693507375,0,500
2.339524849153646,0.12086435910086266,0.7026434011088101,0.16505426307335555,0.0739524881902312,0.005178464789201989,0.0043654039366556345,0.0625262949824766,0,500
2.493050864583352,0.1576808469835884,0.6422151519242534,0.3150965347056602,0.07879683359126105,0.005909340246322561,0.005207502532817828,0.06492802585115492,0,500
2.447861474496372,0.2200323399330251,0.5924787055938804,0.08239094679317806,0.0772727687234782,0.0032314701817132145,0.00272231733432355,0.07389860137303586,0,500
2.5821890883598866,0.27987638684472144,0.5231340150094965,0.0099185731113464,0.0813464054935752,0.002269330275454972,0.0018356071593473374,0.07066476902047056,0,500
2.656165822703119,0.2855195368041754,0.5438794042626613,0.11828093072783152,0.08392697043772859,0.0028901908168595543,0.0024849861744913673,0.07127641564028336,0,500
2.6527525220899006,0.2869036454779209,0.5234672386863927,0.04982283463721623,0.08368069787197752,0.002467493507050435,0.0020418008572777972,0.07254448045427188,0,500
2.672529096381192,0.14056371315595786,0.6630113256461114,0.2301450605140572,0.0845106116503573,0.005260134478577197,0.004517146871078113,0.06603009326186857,0,500
2.47065047945142,0.2350674348906499,0.5974667417193523,0.18229355937812763,0.07814385106133367,0.003839835559940393,0.0034177043443828553,0.07512709541768481,0,500
2.344351157960737,0.20322531619706768,0.6187013042041063,0.13148213092320007,0.07408362856127045,0.003763092486767876,0.0031596873366985193,0.063396873261396,1,500
2.62570517470718,0.2799942279970673,0.5419059893945236,0.16347926146452005,0.08290705852402318,0.003194460826889145,0.0027973756198800327,0.07814453729544109,0,500
2.6325524481386644,0.0986071360658167,0.7241157663681468,0.2940882111936715,0.08333236316084988,0.006724018090209189,0.005979534560443405,0.06374381815727474,0,500
2.528533049133254,0.24259726305892051,0.5767613183668316,0.09296153909498213,0.07983665343375837,0.0030601010721240753,0.0025630496419117507,0.06708931234590045,0,500
2.4283638421916667,0.15420621164791973,0.6719011742753412,0.27961388009456273,0.07687471562023701,0.005765045355287011,0.005197789216168864,0.06968223799749834,0,500
2.5192881046309044,0.26382629529955576,0.5223325215949673,2.0977202903520387e-5,0.07880148680722376,0.0021289062229320867,0.0015498983108120936,0.0018050551920617763,0,500
2.5858414462077515,0.1732586028638125,0.6383176416556513,0.14801265015189205,0.08170723888237867,0.004178395555562939,0.0035354941422096617,0.06817052328189996,0,500
2.3376998566829075,0.3273011754620211,0.5079460118208123,0.016545594507835826,0.07382138806660303,0.002077632461666067,0.0017478848990989393,0.06983071537021888,0,500
2.51015277973128,0.2984304509376,0.514432745318656,0.03805466094839334,0.0791830129482173,0.002295451295315663,0.0018984577527226996,0.07198174978646876,0,500
2.4203565037043657,0.1345420798319908,0.6837047579744266,0.20276350072396115,0.07652739759627744,0.005143716611863025,0.004368826108901967,0.061753809421056204,0,500
2.477182128718659,0.07759466932931217,0.7282168018000794,0.26679935411434763,0.07835510400422994,0.006587359549950343,0.005720291916040875,0.0655792459384633,0,500
2.5545909152503925,0.23254228618707745,0.5747812754204161,0.20068183802205353,0.08073549672773447,0.0038772233565390183,0.0033921779038583364,0.0759711898599548,0,500
2.4064386719452453,0.18748195664632727,0.6207729516990428,0.09430904161453185,0.07596420224100767,0.0036305875498493507,0.0029746517968039198,0.06532349795146773,0,500
2.549989543662646,0.1701730656952494,0.6412361024696398,0.12355391074630406,0.08051179737795912,0.004057901400823455,0.003405298949059773,0.06871602575039186,0,500
2.5778495346848396,0.15528156113099226,0.644856122215134,0.1846491089033027,0.081489951061802,0.004684741170088749,0.003963309542045034,0.06754509278027913,0,500
2.530549948751211,0.13863570715937493,0.6608677957330683,0.16794902111428636,0.07993318796854822,0.004776591873565172,0.004050323109890436,0.07007159479717284,0,500
2.5130711051930237,0.2738050703335546,0.5432743797600554,0.20519133642237045,0.0793944720601297,0.0035296809416347514,0.003054683922586599,0.06333962528254267,0,500
2.4124446917634605,0.24810266049708346,0.5773605120276752,0.09537379141324512,0.07616652196152182,0.0030406791901286677,0.002561489930759783,0.06601090191893157,0,500
2.4651305665526992,0.1502488085501053,0.6772632334795731,0.22024102627862943,0.07798057713501985,0.0051348281678265635,0.004457917507870056,0.06319954912592231,0,500
2.5107784348534548,0.19337452859293242,0.6138077687098432,0.13338096963411586,0.079341966736183,0.003808445764493309,0.003218520838976365,0.07092743463760248,0,500
2.6763532129336443,0.2457153409943136,0.5668746108723107,0.13237766499774692,0.08447816557462336,0.003223043030546189,0.0027218971328007028,0.06715625481729176,0,500
2.4821342172814433,0.18161224497977493,0.629350712151561,0.2142282278764623,0.07846756666794744,0.00456879971877194,0.0039483121513963415,0.06699065678664402,0,500
2.474299283687797,0.2447319463607401,0.5846043097319598,0.09202972108505474,0.07815268401240845,0.0030761626884323093,0.0025952845380994636,0.06495338897706872,0,500
2.3571792190276146,0.1902553170608329,0.6235058193012574,0.11006036356542104,0.07444428151152539,0.0037063063204357634,0.0030702969226158393,0.06464886116013117,0,500
2.5507674655575654,0.1873770994761182,0.6379281060845943,0.2560226492300369,0.08074482407704553,0.00506297297378266,0.004548052307896297,0.07189071669053469,0,500
2.6163773379306936,0.22575613549094262,0.5688184417807016,0.004616387964381187,0.08236430058763344,0.002642810841094066,0.002052028802802403,0.06021180543884336,0,500
2.57564875657336,0.2391233231998729,0.5773036342005874,0.07985632660346345,0.08130229395918108,0.0030218622270444763,0.00252621465443926,0.06870506302726571,0,500
2.6397479845979643,0.13138042578878195,0.6693893535164132,0.19697664827057473,0.08338227500795092,0.005011682471933251,0.004223276507229986,0.06518382513181269,0,500
2.475425284873059,0.22384536719998052,0.5864363810732658,0.17234430077897897,0.07820916499493058,0.003724138227732208,0.0031980677415343424,0.07001626608342754,0,500
2.6784588130921767,0.19041050401898896,0.6101195205955444,0.12142545470987119,0.08453145424534286,0.003684633479009877,0.0030069537278355606,0.06294437165493588,0,500
2.597796230276953,0.15153654120327129,0.6792515672804584,0.2273370746147234,0.08223676971190035,0.0053601962495762965,0.004789917766176415,0.07163282998692605,0,500
2.5834801192557237,0.16479255528999037,0.6326063088146425,0.13664877907935674,0.08154557424493292,0.004141951773271739,0.0034436226434945774,0.06795650850484299,0,500
2.4501254007909448,0.2252375926383586,0.5838417376865238,0.03209549010146022,0.07727386750672595,0.0029116232642844905,0.0023427640214688976,0.06484532241179104,0,500
2.3684725744975594,0.22088225137155748,0.592389783316089,0.13511802998384542,0.07456159745075124,0.0036242875717835015,0.003096623938917499,0.07270388319821097,1,500
2.537882666221553,0.277925888134739,0.5191160944306589,0.08954463065902493,0.08004350478027594,0.00263912425237973,0.0021824243085333075,0.06980832000329498,0,500
2.503469552045296,0.21776464527511805,0.5951397874992912,0.13737015919615997,0.07904078068724295,0.0035423998298348826,0.002967696439671359,0.06409874291544349,0,500
2.431183935319266,0.2186436583462157,0.6039374471130249,0.09678623218421685,0.076803527348037,0.0033416632283773604,0.002801394452669027,0.06529129592558802,0,500
2.478392162719604,0.14483985836035912,0.6745194417556225,0.19040002758766947,0.07844868891350956,0.005097978429222264,0.004479392989579731,0.07427348011842874,0,500
2.47686887208458,0.24013365556093827,0.5816849991039003,0.0035845270961296473,0.07819139852625068,0.002674505124189929,0.0021699690614553476,0.06473580394503521,0,500
2.535879929939082,0.10569195031856705,0.7097016915954161,0.2446251973541582,0.08025705383914461,0.006101490529621636,0.005344068744118981,0.06774323434190832,0,500
2.451104156606865,0.33436684223808233,0.5023207557116164,0.09431854600939993,0.07742605029669125,0.002460189479294784,0.0021172699435350753,0.07230265634190705,0,500
2.5167871092777268,0.2665176184975853,0.5304280931793875,0.06311057982939254,0.0793491822790551,0.0025994597799192526,0.0021282207856071203,0.07130704790188766,0,500
2.41399776794809,0.25546084442253625,0.5694832378878043,0.1348531868825614,0.07629516362477066,0.003225323114024842,0.002779867293195703,0.07081463505939943,0,500
2.5829949323986154,0.2154699536957551,0.5988310727632538,0.25197728897378746,0.08167084969812813,0.004489610267516713,0.0039464113639997595,0.06641346645743991,0,500
2.59865155705399,0.19984577074617307,0.6105717795194947,0.15146003867092073,0.08203061975430298,0.003873985033200265,0.0032507032631362088,0.06478151205732291,0,500
2.4938895413227296,0.1311995368034228,0.686955476002653,0.28194636365700426,0.07889320395436024,0.006150343401022045,0.005560504271942678,0.07345323799430342,0,500
2.517596829424497,0.1949137036291648,0.6320673990514569,0.2530185640247327,0.07966515479810565,0.004871389454149569,0.00436116065034506,0.06987484853823708,0,500
2.7412506784362463,0.18286565430675958,0.6069057757034141,0.19249607232871263,0.08651224277238026,0.004285009228022876,0.003690564309544465,0.0763089309617356,0,500
2.705017046965568,0.10473880354083638,0.6975575251722287,0.21532338091444708,0.08545418348983355,0.005636847378829592,0.00473618859512701,0.06267391206986873,0,500
2.5380455326311315,0.25541811195869946,0.5522478963532738,0.0814230824275765,0.08008918081452299,0.0028962520706477908,0.0024298407147832395,0.0759505783464356,0,500
2.6259326400426266,0.16910997751800574,0.6329696503385001,0.16081733407939167,0.08290639104581805,0.004251793409830848,0.0035504739939724787,0.06616137819008866,0,500
2.346614137326136,0.3087788216421816,0.5173370132074284,0.0806881655109151,0.07408760161313963,0.002484774708395666,0.0021004934493306393,0.06542455911608579,0,500
2.5035711922619885,0.18650250256815878,0.6233023821435058,0.19345258756375544,0.07915429261579832,0.004270426287006535,0.003641459022353488,0.06512015243568764,0,500
2.6589777132701835,0.2961191024614801,0.5127539020293388,0.06379592743518207,0.08391437501186444,0.0024233080849562624,0.0020401965029996274,0.08189075227421753,0,500
2.714608583082148,0.22944332729630185,0.5695548505488994,0.13823165027829207,0.0856510117073843,0.003377208253598803,0.0028678611158195434,0.07461368873380671,0,500
2.4195654509767803,0.22313098575182114,0.6293119476883219,0.29430625992853826,0.07669040876706487,0.005196575666347131,0.004832111947209272,0.07162223504607407,0,500
2.64203746167961,0.15246227141892743,0.6611521565999557,0.14225450781511895,0.08350385903605384,0.004547078869188736,0.0039040397242201515,0.07367365410872567,0,500
2.449653976671081,0.2978788383274358,0.5273959724665498,0.04161524117226977,0.0773373576834585,0.002328595775186143,0.0019468303764732474,0.0668846938627804,0,500
2.5506430085928367,0.20758264030861573,0.5851464172567603,0.12761779862263406,0.08054737818409057,0.0035822978542936184,0.0031196008594446176,0.08774611884996042,0,500
2.443444476152785,0.24305863751016263,0.5708633191803102,0.07542608389914847,0.07712927714295255,0.0029426821141395718,0.002422106650111803,0.06302802497000072,0,500
2.673381515292831,0.25690489012335327,0.5489885741625219,0.10695125823093306,0.0843623566294573,0.0029327917361057962,0.002459024250388276,0.07054055647129269,0,500
2.6696783190573075,0.25770202736413816,0.5641921287826305,0.21648239924329557,0.08438451386109241,0.0038009046284026935,0.003317801631521966,0.06534213383631941,0,500
2.4394685819709077,0.18351955756067834,0.62944987211301,0.1879328536154365,0.07709961006989728,0.004282138895903986,0.003613396519730338,0.061016133270529724,0,500
2.3014900841238783,0.1715320919003441,0.6534543411071723,0.27871164486076433,0.07285026380545065,0.005540193963831164,0.005018956024736102,0.07253808313628787,0,500
2.424120877520142,0.20593265517875792,0.5993872315668654,0.07641454495659131,0.07648248325738889,0.00330711320768666,0.002732415493137958,0.06998265077128726,0,500
2.487789909246348,0.27293792697341857,0.5428602660027874,0.10735131100916179,0.07855182365648022,0.0028552711470282814,0.0024239925650242082,0.07138463116147707,0,500
2.584121877486156,0.17415016865873348,0.6257010998298853,0.06300443360046089,0.08153899772269027,0.003650452799251397,0.002953670224338936,0.06811610711247486,0,500
2.6115741482367603,0.26042932983651695,0.5617575266670108,0.17785443002670046,0.08260525410184753,0.0035101961088374197,0.0031153362336106298,0.08156110568175462,0,500
2.532219430687123,0.2922112319521943,0.5349116469927085,0.11399649591754969,0.07996735920603089,0.0027926894339788807,0.0023706992640740404,0.06252984696487053,0,500
2.56250143949608,0.21028658329513655,0.5833163637807074,0.08257872235966275,0.08080469167403885,0.003222316417971489,0.0026542544933919865,0.0724967419064783,0,500
2.7355764740006645,0.20927789155101437,0.5982821660696729,0.12676856851759352,0.08636528232478721,0.003594495556492836,0.0029671286312275887,0.06216219088172964,0,500
2.4350694559053543,0.20342084469311966,0.5797686529529581,0.035490125773095696,0.07669131527708038,0.002995600537940307,0.0023498855090725306,0.06623337889889976,0,500
2.431295495428705,0.25297304722637726,0.5558424340197375,0.056808036093540605,0.07667922559319232,0.0027149619405396745,0.002209383596730658,0.06264709838719258,0,500
2.516855801529497,0.19393034199183268,0.6308868377858721,0.24735248258247847,0.07966812901126595,0.004918512696782275,0.004465608139264721,0.0774326447997053,0,500
2.605002363080623,0.2464826680682122,0.5511565573000127,0.147228428904691,0.082180027921312,0.0032489343275066474,0.002725410826035061,0.06792717523034485,0,500
2.615284942891886,0.23838446820316517,0.5791763260787538,0.19030854332655292,0.08262351566995331,0.003757141100757355,0.0032692149733113862,0.07027596973243837,0,500
2.6565758730235074,0.24074624580354764,0.5770417034865353,0.16410146583854013,0.08392592873705644,0.0035337872238217793,0.003015839976767718,0.0654792945300538,0,500
2.5080198415605475,0.1829081898536369,0.6339890972963526,0.14416591361176798,0.07929356979751098,0.004035445077737595,0.003408450076014406,0.06600115419420907,0,500
2.603560784702489,0.1949652850187441,0.622987586742545,0.1319962015796606,0.082272339266517,0.0037981903604735025,0.0031999543017179216,0.06436299617839282,0,500
2.4376371144710127,0.06354524659569209,0.7454021575718709,0.1734959069642398,0.07707980512479412,0.006167977411884163,0.005135458457458559,0.06554175914185678,0,500
2.6002276778953792,0.19182151176749343,0.5987922850583262,0.11371403067404097,0.0820927084387054,0.0036631784253772764,0.0030891233356443626,0.0792027235020316,0,500
2.6124333484890525,0.2717161107938913,0.5490585964244151,0.2127403280179896,0.08261873710125904,0.003653693772576224,0.0032204053872384635,0.07281357768254529,0,500
2.621365705339197,0.2592873250697144,0.5567338020579657,0.1519094924919465,0.08281721104907189,0.0032869308353981725,0.0028613503583629057,0.07683771275230313,0,500
2.496866184971778,0.3059305211042469,0.5276916653466921,0.13042917716599695,0.07883350155235766,0.002821859944793943,0.002431510894857331,0.06505438118511171,0,500
2.5538674517547713,0.3273580862768876,0.4946561933551243,0.18900127286784824,0.0806918756915158,0.003058940970148706,0.0026818089301501873,0.07389729794268238,0,500
2.5942115049649237,0.2982163220607535,0.5160314400984337,2.1713566161224636e-5,0.08139222008544628,0.0019841030749050167,0.0015165233770189665,0.0025230655336741198,1,500
2.5385898597515313,0.2765712433786383,0.5494874105673184,0.14600654911449934,0.08025220156565743,0.0031313548344864416,0.0027366138835523864,0.07732619789296317,0,500
2.569700806210444,0.16870010107697508,0.6511644070605564,0.24468055787100668,0.0812953862238935,0.005117560709217363,0.004510202420764897,0.06801226408424248,0,500
2.7254677197705384,0.23684625206818868,0.5732230080284046,0.1757068789541078,0.08610219444773654,0.0036017349595469975,0.0030748854875115774,0.06681520223002674,0,500
2.4294742591684098,0.18741169159454354,0.6381589463506879,0.2042041415855867,0.07685026683128937,0.004556055440480294,0.004010660879831353,0.07093831834939074,0,500
2.476178341261701,0.23790725532603038,0.5844099791004109,0.20414499936485037,0.07824649019257968,0.0038569208167664655,0.0033321132000916115,0.061733961283256956,0,500
2.6547036653250125,0.09714219989704008,0.7081972552841065,0.24480683059488412,0.0839634530890418,0.0060518707815238725,0.00522173823516532,0.0656585683168994,0,500
2.5012864929265937,0.03905303888126776,0.767098833180938,0.2810755127036995,0.0790978058934284,0.007598654729650682,0.006628823998648887,0.06569628558344151,0,500
2.386626803613296,0.18981316205017368,0.6260516954481666,0.09308641763148648,0.07536742604667933,0.0036907146462547445,0.0030563758381412934,0.06617165431826126,0,500
2.5762305597005613,0.19018026162001128,0.614716888900132,0.14099688692266035,0.08134972297701727,0.0038489419079064525,0.0031983192071005258,0.06450185716028936,0,500
2.6339533297094206,0.2835499357046099,0.5313435963404117,0.1053845366955785,0.08318513798806407,0.002771973621707207,0.002338155841926496,0.06931951749380601,0,500
2.4396146480767147,0.17239192957861893,0.6537834822654117,0.1555144817661253,0.07713297108481122,0.004316870481375831,0.003687494863452061,0.06554977444120977,0,500
2.5496760453499876,0.20466063642165697,0.6013814857627502,0.06579941740629827,0.080511409284728,0.003207613846376231,0.002594099875317368,0.06287934181617429,0,500
2.5533526442348,0.2667934961396251,0.5381909407877173,0.09636655130857939,0.08059082663354689,0.0028139749079194153,0.002370905778572438,0.07563010068022023,0,500
2.594099524172588,0.11951609204494712,0.6707024504526072,0.1581989912022006,0.08191335181152454,0.004986511472565888,0.00415656649913577,0.07063957391998255,0,500
2.430678889782857,0.2978061730640194,0.5259703476845231,0.055420413244621686,0.0767460292640006,0.00241795454951363,0.0020347687034408765,0.07032098203415614,0,500
2.5972115238838507,0.20672556231510156,0.5859275580838118,0.14443586183609694,0.0819391615015221,0.0036652908078475183,0.003093129375124289,0.07425160283507133,0,500
2.581308968958227,0.2002269756015942,0.6112318585712041,0.15829699180026277,0.08156594700692872,0.003884426855989509,0.003296448977630284,0.0671693354375661,0,500
2.5128947560155686,0.10953211385468238,0.6899931058378819,0.276527934144412,0.07946647378862418,0.00622650539942553,0.005464098781107796,0.06866702797943909,0,500
2.5546974881075815,0.25057780144319275,0.5594137985346289,0.033942440169407555,0.0805734071937447,0.0026575784871115215,0.0021470333211111134,0.06289876188385786,0,500
2.4008679547432563,0.19353705041534983,0.6173167199456818,0.12064385198301535,0.0758612237276594,0.003769668719590339,0.0032108852829865887,0.07333926838854252,0,500
2.638361599538487,0.22564726731542795,0.5892995897503049,0.17650248778869573,0.0833880256749765,0.0037643572394973164,0.0032482794530498097,0.06983785540063722,0,500
2.5566488865168067,0.28146709887381527,0.5395651107011973,0.11663645868395012,0.08070570620289266,0.002848092577898134,0.002406871967803429,0.06265032605909511,0,500
2.540101370508963,0.16691509073745228,0.6599182018599123,0.15949636939955136,0.0803226393679092,0.004514347665873829,0.0038585819375650046,0.06609698210430379,0,500
2.6053017260496922,0.0773292587514561,0.7030549876574486,0.22573086185149083,0.08226448738956205,0.005989554126693172,0.0049961751129465075,0.06528085187711773,0,500
2.564310345787335,0.2829997909558811,0.514950209054823,0.07910634987196599,0.08083903285883337,0.0025894064710630894,0.0021403734147716425,0.07348650842271999,0,500
2.414910062539759,0.25452730906003285,0.5680968090991905,0.0890718203536267,0.07627684156682794,0.0029538023222309626,0.0025011098734650503,0.07055633236255572,0,500
2.5867225588191514,0.29959560521436096,0.5071486644934524,0.06544654398223484,0.08159343280934875,0.002401853246597154,0.0019945322352587333,0.07085177559142822,0,500
2.568605970219577,0.14223607247937098,0.6703247150520927,0.2562969324144299,0.08125564828921317,0.0054739684441485826,0.004746001398711228,0.06286750508265511,0,500
2.620176729791647,0.14649235032648736,0.6622665548307076,0.1532543479932316,0.0827628269157047,0.004533284716146051,0.003792819432081734,0.06523729371581648,0,500
2.5186966967729987,0.2617922295200978,0.5583184040706917,0.1281605950285169,0.07956200991253137,0.003100213131608407,0.002656214763893247,0.07100313247642331,0,500
2.6305276392686165,0.22051692355371053,0.5885615902634072,0.12130727593850373,0.08304608629381773,0.003394036972747823,0.0028353681030959567,0.06646591933945939,0,500
2.6530099041240427,0.11155112398204259,0.7066156936264717,0.2267418788052229,0.08392317821131863,0.005715515417449943,0.00488607996943489,0.06239855074957869,0,500
2.421592041430876,0.20848894090835546,0.6226850891322029,0.17429244738352362,0.0766526059116825,0.004141333170645926,0.003708567060783673,0.07906210775104995,0,500
2.477188237237739,0.21494689276305642,0.5975476087745734,0.3140047276673963,0.07837176915989942,0.005369178267878008,0.004907785034640561,0.07595520581245602,0,500
2.479501209782171,0.20095212998065295,0.6191453217172663,0.1666295605911901,0.0783512982840603,0.003936327618072162,0.0033402828007556016,0.062476375223440836,0,500
2.501859891326964,0.2888677479688005,0.5200182900118138,0.08579521878211865,0.07890513520551842,0.00260203063814671,0.002159335817989441,0.06582402231608465,0,500
2.6003185249364837,0.18024901021568743,0.6114754732358896,0.13457781876733552,0.08203725381891055,0.003836843240175457,0.0031759191719644276,0.068988938468191,0,500
2.4599572388436313,0.22538477144363803,0.5851508934245786,0.1519007747337466,0.07765685100238028,0.0036062022694096974,0.0031462265307982983,0.08132479373244855,0,500
2.450173155995166,0.27672449087518947,0.5449221820205079,0.13416510501811343,0.07741737315831175,0.003032915951013138,0.002634107798276052,0.07800557621664185,0,500
2.5705588372830652,0.22016724306340887,0.5930569058923056,0.10285862407044125,0.08116513426335746,0.0032913230460961222,0.0027359953581474325,0.06435491295956915,0,500
2.364472292175783,0.16326692205392532,0.6698303160916992,0.1862934070588117,0.07482311675109722,0.004710532265283578,0.0040936684783590286,0.0651303593644616,0,500
2.478544770214432,0.1849404788612658,0.6504987404377491,0.21523806044774382,0.07843371791157788,0.004691683302404321,0.00411863963045988,0.06463234589544292,0,500
2.691086870474862,0.1812777124168702,0.6318690303926925,0.19956217877957372,0.08503117803478716,0.00443563744240367,0.0038064003869920818,0.06601732554881388,0,500
2.4669155675685155,0.26180462093210116,0.5501177235301193,0.05786312480668579,0.0778654418645152,0.0026902012008286767,0.0022652656280410122,0.07823767879910684,0,500
2.4889756895135853,0.26152232969121997,0.5500756911617063,0.09173849060042737,0.07857502252047266,0.002852040485759481,0.002407181257082377,0.0745905702645461,0,500
2.5246261954821545,0.2667146677934965,0.5324018720608276,0.13087518149695293,0.0796602317381431,0.002999574993326438,0.0025639513997678877,0.08276665479542285,0,500
2.5917636846881584,0.17387306837374222,0.6299215766577295,0.09133639513139159,0.08180852305903373,0.003839275867455887,0.0032176295237418768,0.07437102410433495,0,500
2.543448612192475,0.1807773526105179,0.6284584416804289,0.16348766737707068,0.08036687022379264,0.004209597192637582,0.0036392752715797053,0.0737663751823784,0,500
2.4137562170366214,0.263115424614558,0.5622342635710396,0.14860808614378038,0.07630869144674414,0.00326320432488255,0.0028405795129936543,0.07411026115702651,0,500
2.603526781541413,0.13122467732732307,0.6610782705969052,0.12458933610847098,0.0822394765838935,0.004627026757859229,0.0038546632336530595,0.0739917547446874,0,500
2.503058969439151,0.2771152019386115,0.5527744515267805,0.12888003706809534,0.07907531882467564,0.003012234919189714,0.0025851732706305003,0.06697148823414492,0,500
2.562616913859579,0.1319833403929878,0.6838920297749297,0.16139441291269002,0.0810162616481246,0.0049026484379517425,0.0041004155367919464,0.06370511254384553,0,500
2.5198434452284255,0.1375474468731733,0.6806055719157991,0.18896454866872878,0.0796747890767663,0.004961971637090699,0.004171430761679692,0.060481438974446945,0,500
2.4929204806463514,0.2649854651703983,0.5406682612103038,0.0646460130752655,0.07862323505249337,0.0026437716751774474,0.0021718980872012334,0.06671791804259987,0,500
2.462624991369915,0.2851406535863688,0.5322784160804187,0.10751166508644934,0.0777345503396423,0.002769795982818733,0.0023378212647882264,0.06712803320922267,0,500
2.487051133172685,0.24720656810016817,0.5701079506944682,0.179064420686654,0.07857273634627247,0.0035618608318724416,0.0030673919176619187,0.06723185908852246,0,500
2.487681775487405,0.21187274553236274,0.608778889142258,0.21825733409884468,0.07873508308856401,0.004241939718844707,0.0036972137960429195,0.06558335416559942,0,500
2.6317014758649613,0.20903651239344448,0.6199540219652439,0.1970628595181662,0.08324986413325712,0.004185757779642526,0.0036443512144926026,0.06553044811699724,0,500
2.5553334863886827,0.17346987274421313,0.6084706763051568,0.19954864634556874,0.08066034588886103,0.004558419798590887,0.003881233545100295,0.07460099209969846,0,500
2.5044810069508454,0.09699148005277462,0.7179821165178212,0.24414001645848796,0.07926274840145364,0.006334896577642061,0.005573944581124066,0.07004590719149201,0,500
2.529863944657699,0.2429167453471598,0.5554979771139951,0.1174007146040404,0.07985052490480868,0.0031114639184917376,0.0026173493135979403,0.07432670885144778,0,500
2.4142090709757174,0.2265260623108729,0.6059189959634899,0.10320743561852665,0.07631649632795491,0.0033641208107727115,0.0028616124227566916,0.06680765153106241,0,500
2.4027036422287735,0.2091312230833623,0.6177696037932412,0.17279856311743172,0.07601050575039531,0.004036121832442935,0.003569757944015451,0.07503293957686588,0,500
2.782342339706199,0.21651005546200577,0.5872486313643407,0.03439065935576658,0.08784621936465707,0.003007165960133672,0.0025016235413164063,0.07819520190840683,0,500
2.610850508978129,0.26060525767292414,0.5561435876202887,0.129365372334213,0.08245975752027972,0.0030981737686362164,0.0026353393247162057,0.06920615599905036,0,500
2.6693231057118303,0.3282177597458322,0.4709456071204775,0.060355177693172946,0.08407878503044683,0.0022372346386101962,0.0018410681637535359,0.07222013031634746,0,500
2.661586931800799,0.20563203655613532,0.617210709279099,0.11780449072332227,0.0840894782647464,0.0036099035148536127,0.0030351593969163916,0.06438975415456677,0,500
2.679004188234521,0.24713533021083883,0.5768823589160428,0.2074366080453499,0.08476708465565835,0.0038490405857462178,0.0033555486625894766,0.06595818792018533,0,500
2.5587604374017103,0.2829782983155453,0.5117441844910963,0.10211497435152171,0.08062736139880551,0.0026629855330189954,0.0021990134537982612,0.06770288574420731,0,500
2.483225154341122,0.2261855119813702,0.5640279568852354,0.06056457795618903,0.07824805452120571,0.0028462252382489292,0.002297686562519167,0.06818378725557125,0,500
2.4177407715630608,0.1704442982267826,0.6566987230039357,0.20027348925875393,0.07651995281160033,0.00466872804153377,0.004059950760320616,0.06621581549845632,0,500
2.5427513374100794,0.18146349913284326,0.6191682455193019,0.09423618059240385,0.08029233423128261,0.0036899128192801546,0.003025198280469087,0.06813036122403572,0,500
2.461067432809109,0.20272552401968613,0.6204723716873818,0.10669566347628741,0.07776102863696459,0.0036041289523642203,0.003024372882892493,0.06541546389737589,0,500
2.4327643526817098,0.2899637943451178,0.53441704501871,0.15576593214900428,0.07687683231470983,0.0030996281235133897,0.0026812879205323947,0.07000638780041847,0,500
2.597255573815436,0.23710916177683763,0.5572910890394698,0.06227043269991591,0.0818939760468219,0.002855587487441896,0.002339931157707375,0.07283321281935909,0,500
2.479603796286519,0.15515746373880335,0.6561759664023636,0.15742858921573588,0.0783647776940056,0.004660102059190587,0.004109672163918236,0.0804227258640232,0,500
2.446438512174354,0.21820338839651296,0.6116768130472834,0.19446215634472738,0.0773860365643874,0.004001203455361146,0.0034359070987327357,0.058974343546550366,0,500
2.590766557684316,0.2617751645400884,0.553509535374956,0.10438974411069966,0.08181350672921471,0.0029190072831454857,0.0024451703158468526,0.06506339078134012,0,500
2.5877307253628463,0.07034544953982642,0.7517521874423493,0.27749579161894566,0.08191754760938155,0.007354987523069921,0.006633981763348559,0.0715641675434624,0,500
2.698270141555891,0.11183636422530796,0.6885897141406224,0.17762404937337772,0.0852593422812204,0.005416354504667451,0.004648074804137667,0.07437532513346812,0,500
2.5872273317071586,0.26405691928118286,0.5526009043429732,0.16321286516544536,0.08170065034587744,0.0033061115161871334,0.002837540317159698,0.06765440976669805,0,500
2.5057310034948657,0.37512054890181934,0.4596946738526684,0.19191127551967135,0.07912220553629315,0.002930623060733965,0.002589558729811216,0.07039071418531455,0,500
2.647454835742142,0.2023642627023949,0.6105254947266484,0.13817361085686364,0.0836401608732498,0.0037456855916950444,0.0031774377691645523,0.0693733042654801,0,500
2.4287429686537947,0.29760439658983023,0.5166371007656599,4.522719076284773e-5,0.07595859658629632,0.002162765999567485,0.001656746292440931,0.0019721426101658823,0,500
2.4289881912012743,0.24983545359028678,0.5791730544036697,0.19921366565568022,0.07686530819569648,0.003756270037914144,0.0033035858293091204,0.06819300679867209,0,500
2.4657015955628756,0.2245730921951185,0.6051704200615896,0.188309579413728,0.0780053399429734,0.003929686718205633,0.0034145897717174213,0.06557798150100598,0,500
2.5264752912028867,0.2288163364555658,0.5882931648504578,0.12674692114057426,0.07980332217868714,0.0034099021850840243,0.002875445940441283,0.06671464133932589,0,500
2.330074351866827,0.19553832379201633,0.6054532133788058,0.20513833666593614,0.0736267779038739,0.004334094711888686,0.0038206038576200944,0.08031338953370726,0,500
2.503623524403475,0.2717684511261184,0.5492032233118292,0.12718296294125314,0.07906902544939567,0.0030094239614332644,0.0025613827508549547,0.06814030620908344,0,500
2.3744069488165334,0.23153881920167943,0.5825102512115705,0.20876284234884998,0.07502371674880291,0.0039371387475120815,0.0033801413884715003,0.06313423021503359,0,500
2.3407220583031,0.18669621737611344,0.6377084461539256,0.19148041762901283,0.07403218675886014,0.00437881463807266,0.0037912115662976148,0.06607319298220332,0,500
2.5667834041722615,0.19505139777604666,0.6081827601135152,0.06544552461303314,0.08098139878911066,0.003360958471887673,0.0027235361528099742,0.06606825589086,0,500
2.56509138660458,0.21555805453484814,0.5952519883726007,0.14530531272195002,0.08102402999228547,0.00367938187121145,0.0031171827878886346,0.06924797571940405,0,500
2.5964893011157453,0.11364192361822471,0.6814393243101894,0.2367559001675506,0.082035319076092,0.005513642947486867,0.004684628248886017,0.06400851781798389,0,500
2.4408419846770433,0.26631039207143076,0.5486672929624009,0.14567060019827865,0.07709109928163475,0.003151039377717627,0.0027059650248043945,0.07209042595490558,0,500
2.5970304598542646,0.2495282944983718,0.5787280018004484,0.18246263586046702,0.08215030307389792,0.0036634417521082497,0.00323791089936164,0.07551301066243007,0,500
2.5996291181995907,0.09398964030316471,0.7302722224422525,0.24432425141471295,0.08230631480976731,0.006382517403727188,0.005607087815046913,0.0670792576740918,0,500
2.6056191422281216,0.11526826722941608,0.6924742978091869,0.1840334652351108,0.08234437795476059,0.005218870702741964,0.004358856089528405,0.06256790839475523,0,500
2.5062950188391873,0.244273651635894,0.596997849518511,0.19583641310084055,0.07931883323454163,0.0038704839239461605,0.0034296127983951185,0.06830658116731714,0,500
2.3938538647916863,0.334781536553128,0.4934572851525049,0.15945932625666467,0.07563857126294757,0.002832363592823655,0.0024659660412366894,0.06881587582365739,0,500
2.3928557705959794,0.23977604468978633,0.5684679859537094,0.07439174944836455,0.07547057941506696,0.0029326277992534192,0.002386608426965112,0.06211478549438285,0,500
2.630941595787394,0.21052688418494891,0.6076425622870371,0.1624232170584352,0.08311939005562889,0.0038340837101145976,0.003277547246953162,0.06687960234840137,0,500
2.5308312810615985,0.17494678892166182,0.6357352734748057,0.20033531831314125,0.07998877211075127,0.004496260638037984,0.0038339038039471736,0.06415508325538395,0,500
2.493211666242986,0.2923389721468853,0.5158721322698779,2.680194183873765e-7,0.0779430574152568,0.0022249135563055934,0.0016903210446189978,1.6157294047356154e-4,0,500
2.5010788818850482,0.09996706040902183,0.7110086393870158,0.15418162698212448,0.07902922486978156,0.0052915271667325885,0.004328223047884924,0.061004092194126724,0,500
2.550505233923192,0.21573691893481023,0.5875175244968659,0.1502134576292214,0.08051970002177469,0.0036250245820013036,0.003069799745770899,0.070951391672352,0,500
2.6415443744796248,0.1954155850105911,0.6176945193664436,0.08471240701730975,0.0833621327396704,0.0035484762513060984,0.0028986936433744426,0.06239756605455471,0,500
2.5050203385136007,0.1288466973917499,0.6750712731670412,0.2538254750898698,0.07922081767080415,0.005588895525497961,0.004808304032348834,0.06369820482920285,0,500
2.4394270337244417,0.16968472936007403,0.6660884209412605,0.22407420170589049,0.07719161691716907,0.004961550815141142,0.004331287614590876,0.06164174729461522,0,500
2.4552335434613197,0.1736341183271272,0.6362026692264067,0.21072634186211187,0.0776095112835196,0.0046406189985371705,0.0040550856381525845,0.07205191421885757,0,500
2.5412285321849577,0.1771416387804718,0.6386324927008584,0.21237726534212883,0.08034358769307133,0.004661502453659812,0.00408775098369614,0.07123586267231924,0,500
2.697587989174127,0.1425898527779188,0.6717025495631769,0.2718078655918289,0.0853607619066256,0.005710117585991787,0.005023827300765334,0.06556770904836738,0,500
2.495979666855972,0.13783983334386246,0.6705600263851437,0.20224068925030259,0.078892444749861207,0.005068318555666728,0.004345679632484063,0.06754170894584029,0,500
2.495746252155287,0.2089125023201785,0.6203204365410655,0.25542136544170685,0.07898313204338119,0.00469733379079106,0.004168081630213,0.06547758375743573,0,500
2.322383837100563,0.27718720915822675,0.5467787345033643,0.07802294387378943,0.07332663798968587,0.0027230202814367845,0.0022994303884730713,0.06935722059225417,0,500
2.4077762217243186,0.24692985066476641,0.5683086974124287,0.06240501177505091,0.07598619086948087,0.002866057541689296,0.0024052652919883495,0.07335712097043358,0,500
2.446310208151317,0.29212193631172606,0.5264006784115458,0.06545762579171163,0.07718236488990103,0.002489963358353421,0.0020637797088491313,0.062205343306184636,0,500
2.5375093446527077,0.3304393292690476,0.4860767237475567,0.08807255473787165,0.08013519394367481,0.002383947256612578,0.002018017391283706,0.07636837686640006,0,500
2.4858467611459987,0.22558288172704358,0.5847132163400052,0.1455516617581884,0.07851231715859638,0.003522657464424532,0.0030033791964306266,0.07202926580607305,0,500
2.5608326126287397,0.16147195820877852,0.632993425693827,0.11123737582860471,0.08079312405757759,0.003994859156870564,0.003225045645148559,0.06371927880570499,0,500
2.547803464392066,0.2045813375619943,0.5935595837348036,0.06097014637240238,0.08033007399178863,0.0031565465237120556,0.002517853669113148,0.062099329704076646,0,500
2.657921726723304,0.3085442501569154,0.494274030920793,0.10224550485537301,0.08382085310511161,0.0025702053405487544,0.0021462540949978522,0.06980567876329234,0,500
2.5299630626500793,0.2573646625236139,0.5715591882074603,0.09949031622041334,0.07997769515135149,0.0030115878835006225,0.002567709077792868,0.06770316569339574,0,500
2.448159379530466,0.2422167319293452,0.5885883883929893,0.16919123785660825,0.07736072135774832,0.003589582902665598,0.0031031652932559245,0.06513354302272145,0,500
2.708763278276467,0.22949355057372292,0.5692449194649578,0.05978875587689098,0.08545976079646236,0.002947365775633048,0.0024460868851975247,0.07639516208489681,0,500
2.527318652794515,0.280544685621038,0.5349679670355983,0.04434413115894922,0.07972552395613794,0.00247895542463752,0.0020408694361765873,0.06486457947434505,0,500
2.3931636469580275,0.2595731210792213,0.5547397773572572,0.04854718816148923,0.07552807075382055,0.002634782530726795,0.002166987120749307,0.06560380653684099,0,500
2.425931157662517,0.2648803752221662,0.5586549053589142,0.1349189752868816,0.07669223538470253,0.00315725451006916,0.002780988416338619,0.08327382055592991,0,500
2.652214691227642,0.23495543504282146,0.5772323692026647,0.11214598241733857,0.0837290262892034,0.003194775480424421,0.0026463697200296943,0.0615334500054052,0,500
2.386998761098078,0.28996875100679587,0.5283850464587423,0.051335832026876214,0.07533348290764108,0.0024344013966497158,0.002030346844416241,0.07038963884216569,0,500
2.6005227484016715,0.2725716007575138,0.5380732714074375,0.13567080736413095,0.08207684246148975,0.0029893749743103606,0.0025191017583774083,0.06330006826616197,0,500
2.481023498064227,0.26049990125428796,0.5497930922088435,0.2022402235255324,0.07842461647690352,0.0036356974491488026,0.003200970313930834,0.0805160534457941,0,500
2.5657773953634586,0.23433825933470337,0.587670189137934,0.20108079526800074,0.08113347066120961,0.0039061382252350524,0.0034277679354397096,0.07172117421544771,0,500
2.5393717750000007,0.24236538678856473,0.5552918109227191,0.056409929200804995,0.08008528076403743,0.0027884941268746864,0.0023197432909967974,0.07791741395148076,0,500
2.4983938831382186,0.1862756732649681,0.645836038349697,0.23007927568042863,0.07912788601969603,0.004963578901234057,0.004519646588266554,0.07842512586569801,0,500
2.491851404866844,0.15718377298948102,0.6462399533843465,0.14624859386800068,0.07867812910212534,0.004272793667320235,0.003506369691782597,0.061527773405752884,0,500
2.425905721223939,0.21676672892761295,0.6113710842209427,0.15489069530245925,0.07673117742946285,0.0037952544031961536,0.003294301090072496,0.07040744498945603,0,500
2.6038134117292966,0.25616166954251196,0.566523081366999,0.23387685484084958,0.08230452012974233,0.00397303856422956,0.0035010111935917156,0.06813419262303132,0,500
2.4387440091649255,0.21350776997734006,0.5966697910888086,0.0589062645367062,0.07698555024584819,0.0031931993397877256,0.002661375403293028,0.07371618260275625,0,500
2.5834517478170684,0.2060319092144681,0.6025877325419094,0.15090096567401645,0.08162613878996813,0.0037838303291752202,0.003259564040679468,0.07438330739155845,0,500
2.3928145597483415,0.14007138665853597,0.661297685427083,0.13256858179866238,0.07553918010373842,0.0045002804139129115,0.003725544723806754,0.06794022811989009,0,500
2.469216109792142,0.21843078227275645,0.6038191006091506,0.0635005002806465,0.07795610083579145,0.0031512039087639903,0.002572696339210175,0.059961302738572496,0,500
2.5974548021777233,0.11557068875670609,0.6849677164155291,0.18319870332445692,0.08206942437744845,0.005152469194387763,0.004286838120403707,0.06344131835197898,0,500
2.373283820601416,0.15384014960100145,0.6433827658874595,0.07304455824637189,0.07487085098166775,0.0038922152896233176,0.003060028854534558,0.06069915401448348,0,500
2.791715159211458,0.28304380049197625,0.5077081772930526,0.028855684645034716,0.08793604325997692,0.0022911508348882,0.0018415960272013291,0.06835455574112799,0,500
2.680375238964346,0.16125851625563886,0.6475900788610633,0.2338454835317764,0.08475635166194315,0.005051252182536434,0.004441146849468023,0.0716961514641301,0,500
2.5662033906954442,0.11817018001365251,0.7150763997205873,0.341838971161134,0.08131119642064628,0.007246206447989889,0.006676569907941611,0.06689060442991077,0,500
2.5861479661479,0.24237688519493675,0.5695844742291029,0.14968877831079175,0.08167159524035762,0.003385469628862691,0.002876159945505326,0.06769935603896356,0,500
2.5274309737171605,0.1157597154714434,0.6863166808241115,0.1372366728822082,0.07983419361491656,0.004919766243577094,0.00403209079401696,0.06496853685147136,0,500
2.5130680805137326,0.2178011261640699,0.614458870805717,0.15285154598081938,0.07945690055447953,0.0037604236339051768,0.0032271510430109665,0.06347872283654399,0,500
2.5052144753133345,0.26175514082670415,0.5570803949263474,0.11632475419080501,0.07913204217076876,0.0030158340752487896,0.002545972841858387,0.06598640783263149,0,500
2.5460189949086556,0.17885235224095133,0.6118312919823825,0.0534231936695284,0.08034489043119189,0.0034903379872344366,0.0027796372420426214,0.06733857023020366,0,500
2.49849538760728,0.1569320422535866,0.6541170620717067,0.12353553798366439,0.07891118875655591,0.0042084956281426365,0.003431481542670212,0.06021268778666154,0,500
2.274440977270116,0.13838329857123152,0.6886494474006453,0.1478857016297162,0.0719293628787328,0.004842005023053349,0.004110320852893529,0.06591786423754946,0,500
2.5548817037155764,0.3029511746431819,0.49895989355695114,0.08281966708957626,0.0804845545873236,0.0024518751992589293,0.0020414329104729615,0.07474939834763757,0,500
2.369750149951992,0.22197265030579996,0.5883368352234304,0.1855828129099499,0.07485743093797356,0.003828706974995363,0.0032929766439231917,0.06888441747175782,0,500
2.6075433910027215,0.19457541976138923,0.6191812747783356,0.2079657553978884,0.08243307542704972,0.004421308880510882,0.003893977685250266,0.07429468577387971,0,500
2.759877421604865,0.13256906068184704,0.6779821156208014,0.21730855193458817,0.0872949898247151,0.005330519481140933,0.004617005798391781,0.06848902022977812,0,500
2.460572554264114,0.14275209525066085,0.6655252174261199,0.1437561843664544,0.07765842311057101,0.004528205788649951,0.003766863482729364,0.06528553941098815,0,500
2.5847237856094565,0.2976522537743516,0.5439402225117769,0.21826422686398383,0.0818510446899166,0.003569944454295969,0.003179352619464014,0.06346345948370294,0,500
2.650069505725562,0.20102443872896394,0.6111640870689461,0.09254550523492537,0.08361909800967285,0.0035077019950699928,0.0029355216599236318,0.07102733315750535,0,500
2.5779215658082686,0.19608499045633207,0.6043906619786212,0.07146850124597785,0.08129977658474428,0.003345097420517712,0.002718598644630655,0.06726189523088325,0,500
2.6131156613788322,0.23931148216176615,0.5728170588904077,0.05884124686644693,0.08255682070331885,0.002947954738788179,0.002579839682019645,0.09236700900541167,0,500
2.4990302607808412,0.2666855295769549,0.54275660759452,0.08226831523926853,0.0788947094364604,0.0027834811755785283,0.002369099588403399,0.08202786267430898,0,500
2.5512103656329694,0.272607713059427,0.5500025761453563,0.15777605410808807,0.0806155860355361,0.003218410433144544,0.002773661896687348,0.0686348081107542,0,500
2.6443508824823327,0.2078420581508005,0.5816122919049727,0.07617969090885314,0.08337216283860545,0.0031896637423982463,0.0025600917849082005,0.06535620480222791,0,500
2.674554398852692,0.21705950139806024,0.5852538431212756,0.07819990959385667,0.08439370712113053,0.003175244761395552,0.0026363806916938604,0.07289276308693553,0,500
2.4976697075387944,0.30157015706777646,0.5343632525746244,0.18079834615828178,0.07897319726805672,0.0032030487592871705,0.002835978247409561,0.07464840257994178,0,500
2.5447985824020756,0.14749150516152953,0.678359232796655,0.2011534368385807,0.08051118111275457,0.005022270138215362,0.004377144801582192,0.06668981298859179,0,500
2.4354963423697042,0.17576636474069773,0.6391856026499412,0.1774202213974239,0.07700735128217985,0.004374967103323233,0.003744914340370155,0.06769290612235267,0,500
2.57222932441798,0.24892083360614597,0.5477503718916417,0.11187681900257697,0.08117178558921423,0.003007424728239486,0.002516108801027973,0.07354661626487176,0,500
2.5427890825590267,0.21755696401352576,0.5941004935392761,0.1072152988409848,0.08029179657507968,0.003355945549573594,0.0027859204845936663,0.06471019498829488,0,500
2.6071895767331768,0.20604035945644414,0.5927063082516526,0.11527250451239812,0.08228106306514965,0.0034485050644230517,0.002829460187279455,0.06349864037956308,0,500
2.628265459059241,0.21297296600413243,0.5899049087547934,0.09516911019776284,0.08295945801039183,0.0033214549259147404,0.0027754824807064635,0.07295369806327101,0,500
2.5730709984093716,0.2215382191065186,0.5979731075739915,0.3163326519745184,0.08143000509935314,0.005233656270235723,0.0047895613956243,0.07425290195917986,0,500
2.559930835732877,0.1921337346516577,0.615961965449987,0.21590764657064018,0.08090075633299354,0.004413762259254222,0.0038063893870403415,0.06727409698980455,0,500
2.6601518885003896,0.11738475839642191,0.6848390140401519,0.22449923348095024,0.08407559210953268,0.005493285955283734,0.00468675886361874,0.06518126344862854,0,500
2.482381450552288,0.26800455894800523,0.5448331884899745,0.13714066836510486,0.07835896286512062,0.0030655933411601966,0.0025825692426171298,0.06345205098262494,0,500
2.4652406848671053,0.2970424840323072,0.5119156366811652,0.032135177927583705,0.07774943531031954,0.0022611252830615765,0.0018710742912470197,0.07638919809449203,0,500
2.6146404353369226,0.06223278313884254,0.7336873443213158,0.20051110567096178,0.08262449269346782,0.006490404238665392,0.005509958365420444,0.07071589031452817,0,500
2.474793188289406,0.19557941215400765,0.6222815840431807,0.1310164940819899,0.07822633375187167,0.0037861943478495652,0.003189460232368586,0.06647467361477846,0,500
2.52826504971224,0.31455881689416537,0.4949483134023126,0.046118391818295655,0.07968347822954212,0.002220272991452635,0.001836222376359152,0.06992840380683653,0,500
2.3987877473653603,0.18338357246442982,0.621468697795014,0.1292217400890995,0.07576522733602577,0.0039438398742512445,0.0033764021777909566,0.07638973930994597,0,500
2.528127834161263,0.1191603292662615,0.6998538091316124,0.23149896646976165,0.07999437328417629,0.005776788083490701,0.00504375424244635,0.06737720587371447,0,500
2.497490128519201,0.21661503958631215,0.5935302536062604,0.11759733748342192,0.0788420196825136,0.003376623803077172,0.0027914352911131814,0.062374261114849935,0,500
2.592282580575009,0.03835920821398895,0.7516190406183461,0.24187390446395998,0.08189195307554219,0.0067907146073876365,0.005622568769804376,0.059943048880886085,0,500
2.605575543888811,0.17639365492673817,0.616891612142133,0.10261073351886894,0.08219118259399888,0.003694895170473709,0.0029930666188736107,0.0648121858975163,0,500
2.6780242969734234,0.3007123489334131,0.5165004208341483,0.12209466723472383,0.08457471518144694,0.0027501001672486686,0.0023599880230987975,0.07620710071977738,0,500
2.651946187982144,0.18834732325882667,0.6026009770969748,0.13969353427246597,0.083702046808775,0.0038346540659237507,0.003253481344307336,0.0769505936304668,0,500
2.7064030981996594,0.28347557337446755,0.5208558615127394,0.10040351322379237,0.0853748992810804,0.0026962929820052496,0.0022457985688892172,0.06729685427406858,0,500
2.588505657173364,0.11319946736834645,0.6820864681104364,0.21974768568910757,0.08175683812341521,0.00541737693482452,0.004556176287046141,0.06328747052094319,0,500
2.5549484089418324,0.1621098765515104,0.6364727636423623,0.1158387409979029,0.08064254881970762,0.004012575905416196,0.0032668487921620813,0.06442875966142701,0,500
2.686271040137292,0.18599117924158923,0.6420265758163994,0.1948521376708793,0.08493546397565353,0.0044627192270407234,0.0038626198414748823,0.06482052030655834,0,500
2.4704103369431736,0.12124396730228496,0.6879140298467341,0.1998703436603939,0.07806278287918196,0.005264092888459311,0.004407422058017976,0.06127796961913004,0,500
2.646316626049792,0.1332912586380788,0.6822068755154935,0.20674017070450537,0.08368027181685037,0.00517534608003341,0.004442144330513845,0.06535696047821381,0,500
2.6518052643132375,0.29596495587036353,0.5023646800078079,0.11284518111369919,0.0836144454917197,0.0026747803001902007,0.0022348655785352682,0.07198121945010813,0,500
2.697330219589679,0.23315811754716526,0.5660687893481656,0.14165765326652485,0.08512090000202276,0.0033386331226272796,0.002797951565550188,0.06856127457963386,0,500
2.4946600407330743,0.3173676516512243,0.5169931841677143,0.1773663369087345,0.07887875805188983,0.0030741043429030612,0.002692341573547585,0.06537412165574198,0,500
2.4541053874161447,0.27135585923483163,0.5482207882976041,0.15118432759542696,0.07748870996641588,0.0031582970054307028,0.0027031243809004456,0.0665332451616404,0,500
2.4877389262830922,0.12661468420094646,0.6737187072248709,0.11530835728791823,0.07851219907654157,0.004585478629847352,0.0036885679993111016,0.06288940074430757,0,500
2.546032034090363,0.08610416903774436,0.7160197502794701,0.20625812081738937,0.0804920601558992,0.0058864864352290176,0.004918990014076869,0.06293828166651687,0,500
2.5719805917541896,0.26813387897741775,0.5426721997519669,0.2557534352748487,0.08126650018278087,0.004026269433731401,0.0035562957386200715,0.07271855927641403,0,500
2.4293198776151668,0.11527350935558689,0.7172720099923573,0.16253499506098398,0.07687200462750955,0.0053557730347849695,0.004557693048222847,0.06400412366826205,0,500
2.5166330482671526,0.26092972450209717,0.5592200747768709,0.17840341672927532,0.07956095558818109,0.003444349729896534,0.0029859132239164047,0.06843962290123438,0,500
2.649550288486565,0.21597802648883466,0.5949793969515325,0.13528734008403392,0.08367481686497853,0.003539178340964624,0.0030102107515568954,0.07081498813807625,0,500
2.602855893370242,0.22041025479557017,0.6020733370541624,0.1831839471950186,0.08229756538670667,0.00392064643400076,0.0034351760598506603,0.07223191046717943,0,500
2.4860337406303765,0.08321778639589246,0.7178835939080608,0.2198272352171618,0.078519609648958,0.0062091230371662375,0.005351244791016452,0.07100686988166756,0,500
2.5180259890291046,0.25218474344729386,0.5843331550275845,0.15750624845338057,0.0796554668042749,0.0034729128744112117,0.003061835478304005,0.07286195048981771,0,500
2.5721279581173917,0.14766739689800182,0.6557977498118217,0.14092070373755322,0.08124759300393546,0.004541568272247433,0.003772887396565641,0.06765198371715035,0,500
2.5236476865415853,0.2890103884511037,0.5474862000315014,0.14901735400200875,0.07982584287944046,0.0030819657875561044,0.0026900455076408944,0.06916738859787074,0,500
2.5250710254604685,0.23622225028679647,0.5660306966068384,0.025875964349481338,0.07961725012742202,0.0027250192857286083,0.0022078834189416443,0.07063208163826908,0,500
2.5071153714294465,0.20468447828912945,0.6295283638683382,0.15150109534595735,0.07926104260262049,0.003872993647539986,0.0033159690102331726,0.0629241885456673,0,500
2.55263387655092,0.22134711830123419,0.604477026882267,0.09179773500648945,0.08065085433089493,0.0032743627794932137,0.0027454163584844614,0.06479896986933542,0,500
2.5484344689835132,0.19404528336146573,0.6158094326260622,0.17007040772940488,0.08051272279752753,0.004033543813914561,0.003428810242408904,0.06700494815153372,0,500
2.544603460782277,0.3519533157516676,0.47898340307988363,0.05337857646386959,0.08037592608011149,0.0021370842605082196,0.0018133662414559124,0.07575295463778822,0,500
2.5919843987353284,0.20390807471777977,0.6205223694875941,0.22785459637786393,0.08200019165273552,0.0044703897554313025,0.0039124591855833,0.06534765451130414,0,500
2.5982106254756285,0.20144816805525545,0.6322123383648616,0.10596684507652851,0.08215387483353659,0.003678433946640865,0.003131203381782614,0.06702931211439844,0,500
2.306158521074853,0.1910450682942071,0.6085466159233076,0.0945300912970215,0.0727906639245878,0.003579943069185665,0.0029640747663502026,0.0710582069429297,0,500
2.456012594764051,0.2826966558066656,0.5502613408201429,5.303344240323381e-4,0.07717960752058696,0.002024971404621869,0.001543544633137893,0.014643354290230007,0,500
2.437657403146335,0.1658311445013338,0.6533999879209793,0.20559017940009588,0.0770947518594818,0.004753678881747984,0.004103123673160963,0.06540157297609546,0,500
2.491794460457631,0.1938388651888424,0.6131359286751625,0.14585223511837017,0.07868679158020171,0.0038447757009573117,0.0032548169845528327,0.06981927815712458,0,500
2.588479444621346,0.2054492654009244,0.6045494835619923,0.196009997478528,0.08176887511305712,0.004080360298719684,0.003477578430156538,0.06444264324323948,0,500
2.609651293603971,0.28277766117771025,0.5395837887205565,0.1894748967924102,0.08246917771336022,0.0033940499869840445,0.0029590456812647976,0.07005829739461368,0,500
2.7002936615558863,0.26459278823785815,0.551889525568929,0.12436705175777406,0.0852624935699702,0.0030467389040568327,0.0025937152130967207,0.06837516858491609,0,500
2.5041293491933776,0.3314793383329899,0.49970905971687785,0.1883296000756715,0.07916858241070068,0.0030656581244548884,0.0026990551275961104,0.07068108684036019,0,500
2.5494494904949803,0.23827869886340283,0.58185871742463,0.04586325235189067,0.08046014834486621,0.0028688606930733452,0.002377281941284359,0.06841431277469943,0,500
2.644876363139701,0.18571456870090633,0.6108729567934418,0.13973150115629002,0.08347481051833322,0.0038495813572416724,0.003205960443544671,0.06846600812149567,0,500
2.6820442229106196,0.20828400008775377,0.6003724474687872,0.22177846067550475,0.0848017883801332,0.004339349705418795,0.003873140136898605,0.07966414825106358,0,500
2.534055908791381,0.23391726248000513,0.5889677836821146,0.22285800337764514,0.08018008551768172,0.004228736371453483,0.0037537989714739707,0.0739774562718488,0,500
2.5300953219642905,0.26078733088794853,0.5274959914393155,0.016665200623611896,0.07967910660593144,0.0023911087028633963,0.0019198286074864185,0.0746977363280738,0,500
2.59617108620963,0.1861221349959368,0.6213001833430312,0.07508283631620957,0.08195547196125173,0.0035712298040954833,0.002962286604971231,0.07122703504590279,0,500
2.3704014202675934,0.3306478311897481,0.4931987876494683,1.2587463936717297e-4,0.07459383707938663,0.0019247879244537567,0.0015250469109576407,0.01164320831128889,0,500
2.5554841779569912,0.17349427356479522,0.653006215309302,0.20947629618652236,0.08086911810566277,0.004713813997383727,0.004082564308239887,0.06414800237209531,0,500
2.533600515857314,0.21723609311671788,0.5931140126226765,0.10191508935270717,0.08000105812655271,0.0033585105823679693,0.002854634174152699,0.07549236584651595,0,500
2.5061666302909034,0.23945662693483236,0.5631802784158172,0.09532908654647533,0.0791175766781354,0.003022527974777619,0.0025158852639619216,0.07100349404698456,0,500
2.439068453634791,0.19378430982873143,0.60519996194834,0.03170292688117474,0.07691637272164505,0.0032312658249855717,0.0025771631145688778,0.06748118756513814,0,500
2.573122425611731,0.29848224441639315,0.5185640597868353,0.1297833307114896,0.08125297056824139,0.0028091145000632605,0.0024025277574026113,0.07177011878005204,0,500
2.507140605613811,0.190483957012492,0.6105650415930101,0.10593291080635868,0.07912276580496917,0.0036279040957687804,0.0030216596731729457,0.07102125613370482,0,500
2.5654790482188408,0.2450412310773304,0.5817943142445188,0.22042108153817436,0.08114754888647627,0.003978148324009216,0.003510467561338843,0.06878494943646002,0,500
2.631358865722652,0.23903774584207774,0.5564238747679678,0.05818099163117278,0.08292974713691233,0.002789434748595119,0.0022434222198929074,0.06460296609359176,0,500
2.6011627331044105,0.14372800371088149,0.6481980822748028,0.14393840159580185,0.08212288362622265,0.004492400581491403,0.0037648249411260204,0.07232389372808319,0,500
2.6263439381668015,0.12598007265099856,0.686649912090699,0.19367708153412416,0.08310045466162569,0.00539727006606439,0.0047057451591773075,0.07300042714053247,0,500
2.5828808493635855,0.21059853312247878,0.6159016459573763,0.10831438853018714,0.08162845392901392,0.0035060459300205985,0.002927597941501487,0.06103285054039411,0,500
2.429526491931891,0.24917383515675284,0.5607136186219258,0.034469571093618104,0.0766415493982853,0.0026607093092818257,0.002201780295291472,0.07375720003722903,0,500
2.420242520659517,0.1414656983241664,0.6722792645925846,0.18635292514639148,0.07650413680077432,0.004889630769028256,0.004177079758945252,0.0663276620569491,0,500
2.618170255669415,0.11290960562247551,0.6947144276803846,0.16375534528675398,0.08273828108234306,0.005205662788723405,0.0043724513356290795,0.06746378816718715,0,500
2.557914833052554,0.19728287598205763,0.5936793146235618,0.052106179776989135,0.08062442530082203,0.0032544899208568805,0.0025988056649505157,0.06782219087771132,0,500
2.407463648598288,0.12963560560172938,0.6757094264833695,0.2183744362738131,0.07608148390563753,0.005231670486518483,0.00442881988935825,0.0620521539165584,0,500
2.4241037311507148,0.2301233035176467,0.582113674665895,0.14151918086103302,0.07654776609764703,0.003434771787480705,0.002882563449706309,0.06327756415631175,0,500
2.5209198438097884,0.30592029856859293,0.5247991328666254,0.18545711873624213,0.07968344059142195,0.0031944045171645803,0.002856038703619481,0.08491061226622544,0,500
2.5384443357825055,0.2474975592365257,0.5694968532234754,0.03376199081821068,0.08010902516282908,0.002719594128754763,0.002263779637433916,0.07276164841412769,0,500
2.278283217330591,0.2988298015911671,0.5175499428001141,0.006676307866714124,0.07184754283291438,0.0021601773351118806,0.001769650863487436,0.070161656481393,0,500
2.436094499905286,0.18250252657437108,0.6315732283785503,0.09479800705939737,0.07690866242565525,0.0037640766335546674,0.0031305709760475735,0.06771934576954265,0,500
2.3937350721103474,0.27049942825202394,0.5364877364709916,0.1390935020161915,0.0755520967608303,0.003028328138725248,0.0025823151976775227,0.0734377280750766,0,500
2.4565101726282523,0.2603540347678017,0.5545907352264483,0.12406433111211673,0.07760554707438895,0.0030667334622544724,0.002609106344421983,0.07105233594026059,0,500
2.483113602635839,0.22078460560156732,0.593391670099056,0.1188510450988262,0.07842010866944146,0.003398684299656808,0.0028593596522915113,0.06719571268049106,0,500
2.437920672559468,0.2570179630079489,0.5633999333201892,0.10010684753043389,0.07700927243962727,0.002976941208881814,0.0024916623586841605,0.06360765461766617,0,500
2.5964048034567777,0.19364119247995437,0.6156151703635714,0.08974418303681368,0.08193512031998519,0.003526622173656763,0.0028904092418992676,0.06473931681151093,0,500
2.477595883319692,0.2040871611056189,0.6033105470755389,0.1315532808385014,0.07821761815387594,0.003653433184988954,0.0030889093913580245,0.0707211831701862,0,500
2.582966812033787,0.22107308499228726,0.5907554497195049,0.15517411520257887,0.08158172172030792,0.00363159152434567,0.0030698593423308974,0.0656402115738453,0,500
2.497693216787539,0.20515191122182322,0.6303848747664408,0.1866960676806931,0.07910182626525487,0.004285933784411165,0.003781387869445804,0.07057410177084791,0,500
2.7073722727886684,0.21256919818883466,0.5918087086265097,0.1052555485083448,0.08544760546978061,0.003359992933445622,0.0027837960102347426,0.0678885794190613,0,500
2.6818951041524306,0.15888562462613998,0.6404017797831408,0.15302729474341,0.08465899863692884,0.004293952748250589,0.0036069063491141326,0.06943178549511174,0,500
2.588318838228937,0.2163675808127018,0.5925318865480246,0.12091438078010962,0.08170691171848388,0.0034766615337583386,0.0028986312869992035,0.0646818704490752,0,500
2.5662386659644953,0.24477352688867635,0.5751336390249985,0.1425955215094596,0.08114621486490706,0.00334512939567771,0.002858180490307345,0.06781768778747493,0,500
2.4662278721417477,0.188528403580853,0.6312160040753794,0.21621494102078492,0.07808300433803439,0.004531060372479288,0.003965443314819659,0.06840814486394288,0,500
2.5271130781163316,0.2987035983550923,0.5037377415723607,0.24029613886911574,0.07982308045946429,0.0036616496330121808,0.0032108006995377222,0.07717012055443025,0,500
2.564494809407187,0.1568533771491365,0.6601336287382912,0.13277605311092935,0.08101229111954002,0.004295176213027866,0.0035632861250412045,0.06248717141088319,0,500
2.5280330079126876,0.24523401570626865,0.5862855923839219,0.20540594086399117,0.07994251093273506,0.0038417324127334954,0.0033595365783628214,0.06380546536308306,0,500
2.8062254616203055,0.1519601705242698,0.631845012849716,0.15643292243895815,0.08853298686282143,0.0043329189430262585,0.003586265940380615,0.06925091016012694,0,500
2.5821037789816192,0.13073495306089702,0.6859596368556286,0.1945791656720169,0.08167915209554723,0.00518084974025219,0.0044182512495609255,0.06494158464263945,0,500
2.574045977580299,0.12374513479564737,0.6864355588639438,0.22796861128913298,0.08145510381018291,0.005733468951097248,0.005102662101840927,0.07672645841800567,0,500
2.5936252289168173,0.25471440553384445,0.5669103573678616,0.18929298410665135,0.08202404357252199,0.0036267869104054523,0.0031812631021786637,0.0723072852703134,0,500
2.5646564332515407,0.18408622618747225,0.6242217526564933,0.19491827580491022,0.08102072845400606,0.004347165024318491,0.003728409694076473,0.06774168775097324,0,500
2.472085688763782,0.2908196039730479,0.5316358946237772,0.06402375024126186,0.07802243862766028,0.0025076634800881748,0.002124788102571544,0.0744267113922914,0,500
2.408222281531092,0.10486709014821495,0.7259326098539435,0.24967028152678536,0.07622920980560294,0.006182838648180718,0.005420332176253218,0.06336388685903786,0,500
2.550175310002964,0.16966843842223692,0.6233873579675562,0.08900319968588948,0.08041721948666786,0.0037328151331739593,0.0030034619590193954,0.06573051526427148,0,500
2.6157857577718033,0.10821841224282062,0.7077542901678057,0.22093021431588075,0.08273311165696604,0.005622820981645577,0.004797646590132014,0.062077156246853074,0,500
2.624341298796463,0.28067829356899526,0.5292313549016208,0.05393513385621835,0.08275235758374093,0.0025009126620412206,0.002069276207830577,0.06914695507250081,0,500
2.408510084857958,0.2697208904125283,0.5541551564009419,0.11492862598703221,0.07611668917995487,0.002976381469225803,0.0025888920591191234,0.07877619397108379,0,500
2.6461202544840123,0.3106362752569997,0.5154544126486913,0.20368683205571325,0.08370910046946053,0.0032949207127441183,0.002921992891983031,0.07910285462492893,0,500
2.590853079634081,0.28089514178821534,0.5263830994872741,0.08940964416927573,0.08175800531379482,0.002672615438187309,0.0022441724976822366,0.07496934760111794,0,500
2.6624676612122546,0.28078927029108186,0.5225121532949197,0.04761883941085217,0.0839356258361275,0.0024417765810927426,0.0020057233876446955,0.071320768800613693,0,500
2.572080060768103,0.19603331537338708,0.5983247706606691,0.14714887296493082,0.0811573740914489,0.0037931804491200863,0.003194590947705741,0.0721697307762562,0,500
2.667587948768725,0.168148062977828,0.6426700790464775,0.15864897703132685,0.08428339604527554,0.004251298430601584,0.0035506508153351868,0.062127517713669395,0,500
2.593933002352969,0.3086390609483425,0.49765536668799515,0.03979580158147058,0.08177876241054871,0.0021902970930072914,0.0018004856630403929,0.06871255323331953,0,500
2.522062509962182,0.18487308713890005,0.6218148104955725,0.07966468890442058,0.07962100807479605,0.0036205359850255492,0.003007253900245181,0.07155685863159904,0,500
2.5614090205170017,0.2317568792982348,0.5829026222705234,0.13791608931728377,0.08092241945949286,0.0034581828215057763,0.0029857976215491343,0.07633390091531353,0,500
2.4465997529106205,0.21839911658520283,0.6011142581429165,0.17258524797969127,0.07732909307338116,0.003821302731177565,0.003280480135442055,0.0661477539901626,0,500
2.618708352052124,0.1100166351271379,0.6987447316891758,0.17624962545144873,0.08271591064299845,0.005161985287089715,0.0042605947034321905,0.059605136022594464,0,500
2.5702635123424242,0.23857682320014234,0.584154115980858,0.15734163789902456,0.08123968690186595,0.003521292687266486,0.0030266466222076717,0.06707168681424568,0,500
2.454424641972675,0.26539383607206907,0.5638705341575002,0.17946552043231875,0.07760211343817099,0.003476476552513977,0.0030211794973992808,0.06752877555560696,0,500
2.566871238671872,0.24113553576349706,0.5710854363988667,0.22095541195197488,0.08117335384036019,0.003968099490441435,0.0035317822868590636,0.07928798787369355,0,500
2.5876307775483998,0.1875418424485271,0.616334808350586,0.10022542315387346,0.08168464187338054,0.0036449697366808024,0.0030022786645825983,0.06738095231907716,0,500
2.5040691503832777,0.2397811965024943,0.5592769839039791,0.04937746509136539,0.07892162175491503,0.0027699406816261837,0.0022549645386419205,0.0700734640799031,0,500
2.653606972511324,0.32599999737466323,0.50123321354429,4.744521242368625e-6,0.08321207517318746,0.0020731059449115483,0.0016434784831957838,7.197688943638244e-4,0,500
2.4904565340852884,0.16693725138704382,0.6481292571956444,0.13492521248337103,0.0786802365611802,0.00419732677245715,0.0035636993884934436,0.06960365144792541,0,500
2.586288719952912,0.2035250733075071,0.5832440298648768,0.12320121113135497,0.08153993664521818,0.0034650533021005087,0.002828270882048553,0.06521696683186128,0,500
2.419228481326707,0.28023646219394654,0.5469800386148376,0.023823641923465096,0.07635799461933483,0.0024178278064618417,0.00198594135510787,0.06113416680234086,0,500
2.482751831742039,0.26643373844758583,0.5546591401000731,0.09957239466517852,0.07841205675137569,0.0029239036588485337,0.0024671380988942606,0.0671074744414275,0,500
2.6380456458653856,0.13042278226148526,0.6701333581594533,0.1404892391634799,0.08331400488597555,0.0046734404720103935,0.0038645951572036626,0.06646662472594447,0,500
2.6689032806321067,0.24457812136065873,0.5676414247016595,0.15559506465612968,0.08424432253199565,0.003384077873208995,0.002862608903714089,0.06410786709184092,0,500
2.4318475948487284,0.2523991387763945,0.554615436714513,0.12200209600800475,0.07676700243202257,0.003116557915820818,0.002637432903393696,0.07256555351698472,0,500
2.300693962928741,0.3491888498369336,0.4879444246066624,0.2695543162540132,0.072867328373487,0.0036869490259734405,0.003363032104322845,0.08466050229733166,0,500
2.515994696589299,0.18991874376506954,0.6192188304513648,0.171361142252171,0.07951146918253504,0.004041820656400787,0.003379176955015298,0.060615228938640124,0,500
2.5442733306418384,0.2662072711105035,0.5606458482505975,0.1718350743139338,0.08039857352848881,0.0033841994937453016,0.0029538613085221066,0.07082607268635106,0,500
2.3395362838881413,0.29178708361814737,0.5349834067660676,0.028234810986108513,0.07387252887266078,0.002342321871759429,0.0019504579289912722,0.06717021446974401,0,500
2.2550119010446643,0.2264147789436021,0.5963774465820368,0.10928507622826128,0.07123827467709495,0.0033499997296414863,0.0028476432124657064,0.0695568392037869,0,500
2.5776228632112343,0.2514108993908548,0.556152675133109,0.10829038759413373,0.08134662123824106,0.00301465685005684,0.0025239529419490247,0.06953751306519525,0,500
2.374973553818714,0.284950312220063,0.5558234500748701,0.13332605075396217,0.07509910523930877,0.003001247299347409,0.002616407987776814,0.0672951671697532,0,500
2.51340677761134,0.21564814767867924,0.5837496438674058,0.032173537038812663,0.07926590416274606,0.002954627024121669,0.0023800086665984326,0.06895988417734876,0,500
2.598051683132701,0.09025625709134057,0.6984877359204658,0.183741285352114,0.082053991620592015,0.005563823797001943,0.004569722299351617,0.06484192584726123,0,500
2.5461670719906175,0.22873827690930174,0.593235523843368,0.19784657648720919,0.0804898688962784,0.003906534794854963,0.0034046692079322174,0.06858031353987686,0,500
2.7889821782398374,0.24466558317172477,0.5730963928863374,0.2519975111780597,0.08817249309335853,0.004247491861925351,0.003785137704999832,0.07293268315327746,0,500
2.6129619632493375,0.24798254705183662,0.5683563578466422,0.12170797302156211,0.08251157394004259,0.00317236532503295,0.0026867972667437507,0.06748511944746022,0,500
2.5542083263913944,0.30803696658526125,0.5100263890060325,0.13934481066360968,0.0806770525732943,0.0028332637435700496,0.0024473331594713752,0.07586101795412233,0,500
2.7288416157346016,0.18294497971004378,0.5943909115165197,0.13899481745995015,0.08601616077353798,0.0037110640508765586,0.003012022218627752,0.06611070576054925,0,500
2.2669903748666185,0.10392113356926036,0.7336172717162631,0.24501062680900712,0.07181052455493502,0.006391172308112713,0.005688718999540508,0.06732671051933002,0,500
2.530170135430613,0.187422402977876,0.6339833021587055,0.13280579311593135,0.07992224113699313,0.003871540152170605,0.0032047392292507814,0.058219992597831546,0,500
2.5590334943475908,0.14168418916927147,0.6820969194435185,0.2258206891758332,0.0809635266009498,0.00534429424691764,0.00468055615039166,0.06721422375708325,0,500
2.656091971619641,0.20169142949349636,0.6144931742806848,0.14004919542664288,0.08390870934827546,0.0037519016322442264,0.003148792944196609,0.0635987580797992,0,500
2.3930468878833855,0.3227755018359857,0.5330072739994478,0.2499651323961878,0.07579456785726131,0.0037486025185332374,0.0034196656779225277,0.0690888298386921,0,500
2.454653729159233,0.24153323250655293,0.5669853070009879,0.048932423961875963,0.07743014404146012,0.002780835532569946,0.002249794818845669,0.062312421666010566,0,500
2.5316084065550735,0.23158054841919276,0.5824037174342542,0.17186021452468828,0.08001631776231607,0.0036429422274115554,0.0030978002210772957,0.06381246471632908,0,500
2.64700891622128,0.2591343442427602,0.5679396597973783,0.09386954348053053,0.08362439498859812,0.0029716669377375287,0.0025445035162801437,0.07340753349081189,0,500
2.6076644822736275,0.30968000659289124,0.5045269117634158,0.05543362033262517,0.08222044257680493,0.0023176848999173104,0.001927367240030044,0.06739120849213179,0,500
2.569916709200143,0.2689342739732578,0.5459285509094517,0.08707373934756338,0.08110855060103879,0.0027895465379262794,0.002327116128133366,0.06534290670118034,0,500
2.5004611352704944,0.20181275529175258,0.6110553491980418,0.17018937791188912,0.07902589090903503,0.00396346415991914,0.0033815378260912236,0.06732724381315361,0,500
2.5184027727864926,0.29866180360602823,0.533599841339125,0.016923140249056362,0.07955789139338554,0.00226490048935912,0.0018994742715193373,0.07041242185691475,0,500
2.5426987716154543,0.2825805488826066,0.54748849450646,0.16200397255175633,0.08037576922669379,0.003191152164234747,0.0027739729360711685,0.06775646751579009,0,500
2.5947351633337994,0.20887038185294102,0.5917425894109641,0.09982541229847036,0.081852944456351,0.0033635418514573238,0.0027864243961556426,0.06968281614732363,0,500
2.675234903377563,0.23220166839844122,0.5752715593820312,0.04917198991690992,0.0842935417909244,0.0028855405893668915,0.0023215681489651093,0.061991937057492744,0,500
2.4916304204468567,0.18836068563464858,0.60670815481081,0.15332569896853565,0.07862540447745404,0.0038758018003127405,0.0031973894353191042,0.06359710429373024,0,500
2.372940110032173,0.20943023468241898,0.6050442211493724,0.18972838347898963,0.07501311171011074,0.00413902013167147,0.0036791678699258576,0.08071995439261649,0,500
2.5884559324138356,0.1991547706493331,0.6054544317470157,0.18345395006489576,0.08180644399065498,0.004121670113543785,0.0036079112449166136,0.07854028839437822,0,500
2.4896978259811124,0.17209057685185294,0.6421004732472859,0.08783407212050573,0.07861456690602167,0.0038537121025727624,0.0031262208941974156,0.06217348392398239,0,500
2.678087512032863,0.1944860904852053,0.632019227865906,0.20975944068482455,0.08471980662683218,0.004376501378488124,0.0037849261610314934,0.062168513922075126,0,500
2.544320763472848,0.19895615763545588,0.6123693063965984,0.11120133282376042,0.08032482949321988,0.003577974730062977,0.002941940511192461,0.06186952591834195,0,500
2.327379963705515,0.23462391142428332,0.6128941750595717,0.1479918891160815,0.07369485899587008,0.0036829540442615914,0.0032466416774361187,0.06947232690870657,0,500
2.5402475105203863,0.2603299208409269,0.556761271923436,0.07949720043217007,0.0801810577658989,0.002819882786516869,0.002352264327142646,0.06657643060047105,0,500
2.581579135758125,0.19762135261860003,0.6163130894731356,0.13887761335725612,0.08158579315623564,0.0037982466716868905,0.0032048251080559463,0.06687734115237637,0,500
2.5049469780469975,0.2922981026991758,0.5360299007021285,0.1402847858352288,0.07909912921285826,0.0029296607736001424,0.0025105702229514396,0.06287033887842265,0,500
2.4867139006778203,0.108428467093461,0.6995498514879783,0.18755231245394305,0.07861284189788016,0.005446045188796067,0.004619213941225499,0.06737865260921218,0,500
2.492913382902074,0.21040238356870855,0.6326250004224202,0.22043941525561309,0.07894906211315626,0.004516757555600943,0.004064756089138109,0.07125872112762377,0,500
2.5824963763569238,0.24105178351453635,0.576157007683887,0.10514235957024089,0.08153927170759608,0.003163044350926758,0.002655036913738072,0.06753672009497838,0,500
2.7118185943908375,0.2269484096293525,0.5803570622171379,0.061074412214412496,0.08564833254331343,0.0029819564605535614,0.002420170136356671,0.06335408544421393,0,500
2.5432906438731733,0.34722062081595284,0.4542578840986986,0.15405170891570288,0.08026853455615826,0.0026844155826637357,0.0022932625974990363,0.073034762862366015,0,500
2.51480652629139,0.28107747886482864,0.5330594027412363,0.11419017634138764,0.07931728144588332,0.002826174711995419,0.0023770258967368185,0.06443116552942053,0,500
2.6577850071937603,0.259725335896701,0.557949450136023,0.22550786984058246,0.08402697736313161,0.0038365226664138045,0.0033990961837032083,0.07421553669094826,0,500
2.586091566366759,0.19388384756562208,0.6094327767584689,0.2763310599024365,0.08175901806127364,0.004970265689623539,0.0044324970425783684,0.07336699084014255,0,500
2.5834013957067183,0.20212882324434467,0.6041738021766189,0.23398967315184074,0.08166829250219673,0.004533031888975702,0.004000791153498703,0.0749935547238018,0,500
2.555933319135249,0.22672511966722986,0.5849373691236369,0.05563064058172897,0.08069407193273015,0.0030154366198093543,0.00251527165852706,0.07373672483024418,0,500
2.512230085269007,0.288700116282599,0.5359215214770422,0.12219362613165723,0.07936132756928926,0.002862968914621045,0.002467014862842943,0.07408155897602739,0,500
2.5441122440156856,0.17573476644739278,0.627251611807028,0.1451580871921299,0.08032343827175385,0.004040607789511927,0.003374488638041121,0.06632527151357079,0,500
2.705159503800759,0.18910207454018102,0.5999020928596337,0.18918981415296174,0.08539066756531234,0.004134578004517326,0.0035060087540253328,0.07102729613890231,0,500
2.5562617050069556,0.13286070289441712,0.6776871498688358,0.18001540196435092,0.08078127151479117,0.005032583533372698,0.004277988627547946,0.06775317891836795,1,500
2.550306804780728,0.2944965621267956,0.5305003465797943,0.09331594019372808,0.08049848447102445,0.0026485507738897235,0.002261521819682342,0.07270175046944827,0,500
2.6407127309666127,0.14189667669068867,0.6778341959221986,0.22887250340968612,0.08354335181478939,0.0053720307665981815,0.004731791732566432,0.06975441613406082,0,500
2.5064482748297787,0.058732223602548955,0.7580435487472224,0.2344098599590018,0.07931090179084424,0.006825769198295007,0.005873833243869053,0.06515618834520118,0,500
2.4387773433174056,0.2087512059961082,0.6179173499198528,0.1578168411946994,0.07712674636437751,0.003915329747330997,0.0034391461754743288,0.07469996844947437,0,500
2.7088610791983583,0.13758164452394012,0.6677884962956032,0.24162314323185177,0.08564667894979407,0.005423443026162516,0.004714816457157088,0.06768219136869161,0,500
2.442828087238105,0.23783592561261518,0.5824339976542703,0.152414141806396,0.07718439806109718,0.003466939477444765,0.002945138483486763,0.06428781927454896,0,500
2.5055132578167116,0.16305412172674516,0.6394622274506575,0.08958278655169201,0.07906502248790694,0.0039566841617978245,0.0032523330908749673,0.06966839396555695,0,500
2.507580040819982,0.26226506356565776,0.5521510883536633,0.053313851928825866,0.07913139795820538,0.0026653820359513487,0.002194619700514338,0.06528093686621428,0,500
2.4912567106396466,0.18701333985128765,0.6274922599005375,0.16311509405085226,0.07873012748124206,0.004093658914552312,0.0034904486824023583,0.06719475387050862,0,500
2.5753237832369846,0.2943131892749679,0.5308797934757297,0.1290849950388421,0.0813828837050907,0.0028712650577092107,0.0024742983786298833,0.07143748321533044,0,500
2.6423765903848615,0.1624006484087997,0.6264231465918264,0.16620522642247246,0.08333964171680092,0.004229619601473374,0.0034722930605234383,0.06345266214132926,0,500
2.656766932491192,0.10667494999249542,0.7062784399837055,0.2188634511364707,0.0840508988640682,0.00580942788129027,0.005028561501816877,0.06793033723862511,0,500
2.509152188535117,0.16192784406439414,0.6573061199735932,0.16326600848593392,0.07929933648079776,0.004487433851212718,0.003840703714211374,0.06784844225869932,0,500
2.526514891878683,0.19593634132762133,0.6139754533997368,0.22081907723463323,0.07985114786758427,0.004405359383041086,0.0037958157298517,0.06498149014505523,0,500
2.6046103826244047,0.1696327410815566,0.6349840381446223,0.1734511823158503,0.08227200932385277,0.004291164851321649,0.0035822050628260917,0.0609611816280293,0,500
2.423023046139462,0.22787566150243063,0.6024886300038239,0.12895140617990486,0.07655436855147897,0.003461563586167457,0.002922803793609325,0.060241693177531745,0,500
2.582488828638099,0.11045534121862387,0.6735277900304328,0.1800597546599242,0.0815068231606493,0.0051685807498792645,0.00432326377468376,0.07006600653958203,0,500
2.4447687838973584,0.2260698046611602,0.6021866528424223,0.18647587232754753,0.07729419483034551,0.003902196352973324,0.0033927157169360432,0.0663764513558831,0,500
2.6468561966003863,0.16827171769228047,0.6368343577650897,0.15139288598856318,0.08359828110595975,0.004207992006717314,0.003518683286063651,0.06603350709123597,0,500
2.5764334219800697,0.18327637409112524,0.6424192867012167,0.15209547586947247,0.08147138277572127,0.004136674773339964,0.0035308180470081333,0.06568558904892614,0,500
2.533990838771299,0.2603058145643813,0.5380975709357542,0.0717128658722301,0.07985689751518177,0.0026898810514007676,0.0021779437267448864,0.062492801475949315,0,500
2.5604098993579956,0.11213335804389508,0.6834829444792114,0.22822491414418655,0.08084236560771739,0.005487621369726387,0.004611138838343884,0.06184935928657987,0,500
2.516190519817148,0.20327088290374629,0.6174210096689183,0.15292103228353898,0.07956312581587432,0.003913517946653378,0.003380163490814176,0.0711169322664889,0,500
2.499502660592062,0.18895255769828453,0.6169929504636403,0.17307253075455506,0.07896137499695836,0.004096299019196575,0.0034674098113613577,0.06663077149101822,0,500
2.402289221036763,0.24597223093514028,0.5686986952325197,0.16154444019419556,0.07590288322105816,0.0034498575878262367,0.002982717048940096,0.07319097372310501,0,500
2.494186119865589,0.25522359365247455,0.5432137806056109,0.06686065466426185,0.07867518793442273,0.002717900318359487,0.0022634162110062484,0.07755769293964378,0,500
2.729983113163257,0.2465279249626605,0.5702486237792657,0.09153610005510054,0.08614466263222406,0.0030078505971708443,0.002537409613304117,0.07092354876137204,0,500
2.6460520935769583,0.15663867115780178,0.6487734547400873,0.18017658252507915,0.08365216285462738,0.0046507239276835635,0.004018352448433454,0.07324794722261667,0,500
2.6077267806916047,0.23841323047519591,0.573546330022572,0.06155832688619505,0.08230476276111391,0.00291171428450489,0.002422207286198214,0.07169361178099329,0,500
2.4654728796565957,0.29997362757053325,0.5226750367312832,0.06064299372408831,0.07781943167475297,0.0024257847080431114,0.0020402562420790706,0.07065126453619217,0,500
2.5168331200346845,0.18991621271737916,0.6409000310487344,0.25856503319979773,0.07964831858526855,0.004952919017005255,0.004377279780135486,0.06247918111012079,0,500
2.6241956628338396,0.2030527623366185,0.6152655556055575,0.19622914639899258,0.0829312195553688,0.004148474381123248,0.0035638276947494614,0.06292968175377227,0,500
2.6585336194910822,0.0364824916656481,0.7606453591029393,0.24173441915248245,0.08403583148478107,0.007070837015091186,0.005952054506893772,0.06327490103948699,0,500
2.4523167182338423,0.22019880754173585,0.5838904623661367,0.16797796435963983,0.07743476817342844,0.0037052869062527633,0.003165696713719326,0.07100687779125592,0,500
2.5854037563446766,0.2261286659101659,0.6003585207867068,0.2119169407374037,0.08176542390057236,0.004112443383582907,0.0035987670871633613,0.06635781630972931,0,500
2.65416144124592,0.20449089489526973,0.6142083906741956,0.16422980421579375,0.08385981922326632,0.003943819306425548,0.003398941041799766,0.07000955722888884,0,500
2.657009222286978,0.16395483469012068,0.6280926611727035,3.5869280289136583e-4,0.08348762628761881,0.0016071282039543584,0.0010072396208742334,NA,0,500
2.478122856011277,0.22441206204891803,0.6034484113714117,0.17017511493448595,0.07837487213534551,0.0038097731152072793,0.0033072230819121144,0.06865536395088837,0,500
2.5230720111437535,0.2449527412794967,0.5580060999319778,0.05358471656334382,0.07957506845092811,0.0027595911927582643,0.002247890121711737,0.0668137826653235,0,500
2.659955321300883,0.20525497452245395,0.6089390977375693,0.14828737215597837,0.0840847457938442,0.0038372829821110483,0.0033241465133219666,0.0757482169218031,0,500
2.5091440351498946,0.20815489922755914,0.5991169516074594,0.09909689555270686,0.07921924802895017,0.003403062815432314,0.0028294013754902995,0.06886177736765585,0,500
2.5494576733600693,0.16799268018614322,0.6420836125189312,0.1986640148965725,0.08061857442463707,0.004729491276121222,0.0041896059993324405,0.07827620526754776,0,500
2.539972769718634,0.17293448954649093,0.6349146052824493,0.17677819498686012,0.08025797510602382,0.004363189015223801,0.003725425240599956,0.06932592112054146,0,500
2.704381904387403,0.1271563458651304,0.673427335293449,0.17389516456739523,0.08546773360740584,0.0049187388152714265,0.004089874678337214,0.06438754996012212,0,500
2.6654882699162323,0.11599979132428585,0.6919358299422693,0.2033805597995502,0.08421917921872608,0.005419199505992586,0.004628578781091966,0.06707717682924111,0,500
2.5344987963106043,0.209856116016468,0.6029068434110286,0.13511675722113506,0.08001987074157765,0.0035746092793685355,0.0029533365392897934,0.05831439377983259,0,500
2.4750611027811873,0.16297038523169902,0.645200441787873,0.1657517371925136,0.07818753364644822,0.0043940661506064,0.0036792968624280832,0.06410473877709791,0,500
2.5042729552308844,0.2796409503242193,0.5361025351764619,0.11686136416412156,0.07907183832993706,0.002867628926256482,0.0024263458522458745,0.06806895786030556,0,500
2.4718157449385663,0.20725948403222846,0.627696255472343,0.13063605167810502,0.07818394114708935,0.003820345577678617,0.0033345110018945727,0.07249145051304524,0,500
2.4476929337312265,0.12582745319026162,0.6884640873336466,0.22645324365697647,0.0773906776723219,0.0055718034737874305,0.004874595705414897,0.06994931962616467,0,500
2.462976145500668,0.21169326160124466,0.6094700382189461,0.14757728986282412,0.07786724772541062,0.0037701858676602615,0.0032463125345160134,0.07080026796174581,0,500
2.5149975118766834,0.25695791714577715,0.5455552861650241,0.07206620926797958,0.07932092169466698,0.002740520774030188,0.002289005013957309,0.07576607080850538,0,500
2.4021717881822853,0.25211395854214774,0.5705115696586753,0.20195942931817593,0.07596344668512213,0.003751858652617999,0.00332206428180746,0.07652224017141594,0,500
2.655664429680303,0.24440195438490545,0.539355720585854,0.02687833473590143,0.08357775609091905,0.002561068732966241,0.002021676408395386,0.06730215944531422,0,500
2.412361236754824,0.29377821172161717,0.5406970237009435,0.09660578792111656,0.07622109867504344,0.002703135272463923,0.002323315638558155,0.0696881821621415,0,500
2.4286989158826033,0.19053188463992957,0.6305209155936378,0.11979338721942709,0.07674551390851646,0.003817147348064037,0.003204497852415373,0.0650961186855778,0,500
2.5277989424761307,0.1591707577537434,0.6525413245753002,0.18958841124902764,0.07988128395827378,0.00462204473948993,0.003907509478185482,0.06302985794543231,0,500
2.6726657619519987,0.19614037450101082,0.6263486189253737,0.15757624026261874,0.08448916174941813,0.00403249180871912,0.003494767613920852,0.07128638920661788,0,500
2.7035647227143507,0.18403341140257903,0.6219207973775942,0.2356226429231622,0.08543691811837761,0.004721535578995287,0.004108971913935588,0.06980108769308392,0,500
2.5289036837516914,0.280754232641386,0.5124798903804604,7.885512948775293e-6,0.07942634567965827,0.002042863260270298,0.0015078635197902273,0.0025048963921784507,0,500
2.514235763426538,0.2676847209111392,0.5310320493434671,1.0263064382338666e-4,0.07899599127603486,0.0021018633427595424,0.0015254165586939274,0.00638924060990463,0,500
2.6292235205434613,0.22692796168595306,0.5884734377604252,0.19400097072812275,0.08307514382585582,0.0038657101342752117,0.0033283945887990244,0.06534730646298637,0,500
2.5079773393145697,0.2829627279746603,0.5360643661870697,0.1095480290641221,0.07920487562237324,0.002812723741223645,0.0024021464789221,0.07253618799671639,0,500
2.5236189215066913,0.2846160553695464,0.5434783697874807,0.13754273787371976,0.0797321907205457,0.00299653967845309,0.002587385846944179,0.06970382930924326,0,500
2.4534610112340207,0.2461903849436692,0.5808891238628644,0.08095275493542377,0.07749978475827696,0.0029937846670939094,0.0024959692810430996,0.061429706994095466,0,500
2.504511320940169,0.16606592971265355,0.6510753410608645,0.23686671687364697,0.07924623235786714,0.005092911095186482,0.004486316849023661,0.07050543642167766,0,500
2.7105795807291204,0.28188373954146223,0.5211215689583009,0.10502158695482615,0.08549203824602108,0.0027263981108885975,0.0023021196559593862,0.07824643098785043,0,500
2.744165727733851,0.12060576400631982,0.6653423206569957,0.13013885466221226,0.08653834727043001,0.004606742651207751,0.0036994743731986034,0.06438519908534705,0,500
2.4856338674755123,0.2550226044366899,0.5332460368000921,0.0673650801775803,0.07825620324630728,0.002672999236772771,0.0021555428326284873,0.06689637076793832,0,500
2.5372103686394847,0.2493891142322495,0.5466501292765436,0.19492458659478035,0.08008100473596944,0.003573460407114395,0.0030556411950452313,0.07095026773942616,0,500
2.572490744257391,0.07756084430112666,0.7177582894574785,0.22278880336622164,0.08130338929611945,0.0062659401128006605,0.005398885533854998,0.07140656292188027,0,500
2.5106583154676994,0.23481238826234457,0.5755327298699806,0.07998860326330758,0.0792432987053334,0.003058990580881104,0.0025521926165527793,0.07128899706750408,0,500
2.4993030547806017,0.09070748401294507,0.711191799367071,0.2456844890693687,0.07903462391688629,0.0062660890379651986,0.0054384343971870044,0.06889744673769163,0,500
2.439726481269465,0.33101522029552616,0.4988846034035353,0.1601984379368537,0.0770922840883498,0.002866922101353305,0.002505877779484146,0.07572490634241885,0,500
2.4256809472469643,0.15175736746389357,0.6703263566416023,0.1129953273642697,0.0767033805319707,0.004428020040577726,0.0037797265948532536,0.07279535170970629,0,500
2.4904338659698135,0.21942163383789634,0.5936947202943602,0.09393584099321316,0.07861615773520121,0.003255727946329839,0.00269069194861887,0.06384920556148681,0,500
2.467362427889778,0.12243588443463957,0.6886706947197637,0.09579763678930364,0.07793377838595579,0.004628684871992543,0.0036878740102529264,0.060159827855528425,0,500
2.556699187020765,0.3403167755028193,0.48205551180505085,0.11850922553575194,0.08072514880377457,0.0025109302729239428,0.0021524024042517097,0.07027456060372145,0,500
2.6022460687613256,0.21892399095885967,0.6189956305356444,0.23761056343998785,0.08238459237533577,0.004473027540069902,0.003971081471317776,0.0645430536236065,0,500
2.4485924358335422,0.21826752325187113,0.5849320904760288,1.0222948235402917e-5,0.07658594724400368,0.002094870691839266,0.0014434841880725277,0.0014197659358762753,0,500
2.561243409998778,0.21873230277051872,0.5943620904266498,0.11925754207228363,0.08091294532834224,0.0034488629813323336,0.0029216897630769535,0.07116926804699795,0,500
2.3671356268379293,0.2609414857738465,0.5608117940788563,0.131878221087856,0.07479477396395698,0.0031461651498875787,0.0027166193110228884,0.07381494821993101,0,500
2.416455256556028,0.1669845099191038,0.6347812133245976,0.17096032936480005,0.07633703123532366,0.004397398524196699,0.0037874380697129903,0.0747647373903102,0,500
2.561687575682192,0.16372264137211728,0.6364274974787429,0.14213487854772175,0.08086626947328598,0.004187896118671595,0.003445001369582469,0.0641104094750501,0,500
2.5338467262964177,0.19664051118613818,0.6127402772765086,0.09415829661033528,0.07996067655522372,0.003509605103044522,0.0028830415489931706,0.06443969391798993,0,500
2.395676160415721,0.25271798885501473,0.5712487925477262,0.004275770397405668,0.07563202724066181,0.002601988000188555,0.002123546950024505,0.06639022652448881,0,500
2.654431350760191,0.2104830614053245,0.6017000612138647,0.2668269013684196,0.08393993885954379,0.00471194408184492,0.004164530614210199,0.06766071551236273,0,500
2.4614601810548655,0.17275663579174969,0.6682956078266284,0.29439904590799026,0.0779639710434136,0.005709552075779478,0.005158215603383702,0.063610960556519755,0,500
2.4114082765822418,0.27055439423679395,0.5714770843086845,0.12893460156652453,0.07625911840080005,0.0031290366271590014,0.0027244333613703365,0.06778539434686222,0,500
2.535152104643084,0.23054736815366922,0.5913798174762326,0.19007677819436355,0.080160243103918,0.0038975448923418018,0.0034476621920511647,0.07661801110700527,0,500
2.4932502602688813,0.24691689648313242,0.5794955545834639,0.20690416895412528,0.07889527816146408,0.003838859060620335,0.0033688671537017083,0.06737595343315184,0,500
2.446079160222906,0.28971391705923666,0.5461814151520219,0.10095493023428768,0.07732291265844252,0.002771102358610555,0.0023608479890631076,0.06237591158254997,0,500
2.417321160745847,0.3892555621990073,0.4589059079417263,0.2951771247504871,0.0766226467752587,0.003934618179604381,0.0035948450538080376,0.0719147706133464,0,500
2.4596429973326357,0.21032532675469343,0.6152984919394731,0.20513478609196614,0.07778891049729589,0.00423508377194443,0.003703978431420712,0.06741686413259723,0,500
2.506356591287454,0.22510117727889442,0.6026038037783733,0.22836336459350443,0.07928896441564476,0.004312957602514705,0.0038251553649535663,0.06982082385176437,0,500
2.462837178912731,0.26122580355145,0.5536768624301504,0.12566895742621195,0.07778659056228653,0.003069859154891109,0.00262766227246733,0.07397544718728649,0,500
2.504889422743571,0.2112863361686718,0.602602123842185,0.14092084475979516,0.07914251150467047,0.0036585700912571927,0.003083277173428771,0.06634645189669539,0,500
2.468833007571176,0.2610388297849784,0.5694545068785334,0.16336465936505537,0.07810971985070975,0.0034312119734423636,0.0030389815500160566,0.07886310538646878,0,500
2.6396772476939594,0.281103024681281,0.5302921754830594,0.03223881196417058,0.08323282048980718,0.0023972913725668504,0.001955607292041927,0.06348321923732608,0,500
2.265140048436993,0.29768148755553764,0.5495464054227801,0.15433353752232323,0.07162411479924038,0.0030682268427876785,0.0026959310373578143,0.06526998723002582,0,500
2.5354550211699136,0.22102852250564922,0.5925105671472909,0.06197684018522639,0.08003403972031535,0.003091349055740261,0.002529104055223314,0.06349866011184592,0,500
2.627982921661444,0.2545156254925441,0.5468549921229293,0.1754887646861718,0.08297483771384827,0.003427444879626728,0.00291452665630075,0.06894128033039118,0,500
2.503640709119507,0.2134243157538983,0.5990702083859668,0.1437714594163151,0.07911007164889104,0.003607857405779169,0.0030301126589119655,0.06429699615354134,0,500
2.453445751389895,0.24318992742070417,0.5598756960185627,0.056987294527703465,0.07735869747299594,0.002781762275134463,0.002293594278899339,0.07228749527278733,0,500
2.5945381870582778,0.16145813723449848,0.6443401198311257,0.13623982743549026,0.08190990153446338,0.00424656119572324,0.0034816437735965557,0.06284553085047538,0,500
2.700526730646006,0.23646210191881056,0.5625292642707922,0.12677709958450975,0.0852039188134162,0.0032094307686722483,0.0027043989363894605,0.07271804971469108,0,500
2.6594603981933695,0.2350380311007916,0.5646896176117178,9.367072524793528e-7,0.08323196992330816,0.0020671016866133265,0.0014624450782542756,5.533801628999372e-4,0,500
2.57829344540875,0.21569260089024256,0.5837831221116645,0.08474251809589833,0.08132123745593703,0.0032146617784590235,0.002612986732670495,0.0649920824855112,0,500
2.6841752175175078,0.2927171748779054,0.5026505144791217,0.0274749685914847,0.08452713930981282,0.002236103179002728,0.0018082875281644226,0.07041933533278603,0,500
2.37533991029814,0.14343124076021618,0.6509238020590237,0.22737682421855343,0.07503931792956958,0.004992239807132186,0.004299257123533682,0.0691578892432017,0,500
2.595279294811071,0.1855710438816547,0.6350884934417971,0.23781121871425398,0.08204630821217329,0.004719887196723706,0.004100480413641611,0.06187679900782076,0,500
2.5328811527022954,0.2204078272034003,0.6039249904328221,0.09029778186945861,0.07995387537813078,0.003292277767350238,0.0027123854991512267,0.05933654678408648,0,500
2.5588773032083587,0.2846284328024366,0.5450432276475669,0.06533538335805354,0.0807613051805062,0.0025666786622673765,0.002157798527646833,0.0649332570043833,0,500
2.5073887640070995,0.1573425879784673,0.6596410455823944,0.1284257457666528,0.0792049765411674,0.004336860746560146,0.003635258951601989,0.06692839017056348,0,500
2.554392497438323,0.17103039852191534,0.6356244579220717,0.1823329994787656,0.08073503001362374,0.004462337326013533,0.0038288127304415506,0.07058941070272053,0,500
2.553575875545363,0.18910348391920365,0.6136573445385336,0.11510267028912424,0.08060179493024112,0.0036620907158576277,0.003040661504696817,0.06831893301582634,0,500
2.3587098045815265,0.30268327304022935,0.5458679931087242,0.1777192763007135,0.07463127737487862,0.003227809345776415,0.0028727380659488277,0.06979010661176516,0,500
2.570064951669255,0.20772278044994605,0.6090776115707385,0.11786805454763043,0.08117232397263337,0.003567910040122541,0.0030016937167781444,0.06706048744182143,0,500
2.6289283859973196,0.19822661584248988,0.6025802932776877,0.08082289294091868,0.0829320319976967,0.003440741633320138,0.002836381451625658,0.07095027884008642,0,500
2.5352011858066548,0.3179844069568781,0.5118719643215823,0.12821707356088893,0.08011532474775723,0.0027257347718959435,0.0023507628972748583,0.06747841548960157,0,500
2.3973853131134177,0.2259500159928909,0.5952808408743866,0.17862700068831416,0.07580152201516338,0.0038396940697052796,0.003385513162995723,0.07577231116062014,0,500
2.663322891776492,0.19103754966997227,0.623427122367336,0.18888328632054166,0.08431271577452157,0.004334326434132014,0.003750053063786678,0.070096171120275,1,500
2.5600137778109278,0.21692267409875718,0.5997008326294953,0.18262577283196924,0.08091898625836987,0.0038743602743697867,0.0033141518182676195,0.0635641337224138,0,500
2.7628088802673374,0.2827896120713252,0.5356705568105794,0.06409262752456943,0.08730167194454737,0.0025663252490847996,0.002159776860312724,0.0730274841205013,0,500
2.455675298064084,0.2158565912568699,0.5843838045662526,0.09140313843183943,0.07755660504118468,0.0033327627677561308,0.0028671988419281245,0.08537450704360568,0,500
2.663316890001847,0.20823049601966687,0.5954724632983549,0.10594498573879664,0.0840688112556815,0.00344756056293362,0.0028747915850998607,0.07015403370249387,0,500
2.6418518637637325,0.14478101251997397,0.6580360645733542,0.26411381425322183,0.08355173542732602,0.0054996614363876,0.004794353196598632,0.06692637361018319,0,500
2.4334164749962115,0.1703249013244282,0.647143505397378,0.21126023194272583,0.07688143696472483,0.004733735852565465,0.004122139839979287,0.0686454644597077,0,500
2.596454974026672,0.2767228763935356,0.5278507826724901,0.03114336375216624,0.08186942881993813,0.0024176837839858453,0.0019850874162769677,0.07253766583571912,0,500
2.6332195986487217,0.15672990735610984,0.6447969082608638,0.1494996465108214,0.08312349537944619,0.004315264112842178,0.003611992053737426,0.0676995193225298,0,500
2.537153171363965,0.22867183321929063,0.5828615797919016,0.12301451834794458,0.08015149412835604,0.003360162879592931,0.0028620094013855884,0.07314491560185618,0,500
2.537997153703352,0.2518594951179575,0.5812815471346164,0.19357420700432992,0.08030885426123348,0.0037133305236081997,0.003270608667516121,0.06835478197486455,0,500
2.4868894242999118,0.25947670287997454,0.5653079266470588,0.1954237639017713,0.07860923832120335,0.003631919061164719,0.0031832981648306107,0.06934646582552705,0,500
2.4106519252933194,0.22124682946268723,0.6079085500450119,0.20946880534802506,0.0762350339703424,0.004163723142050124,0.0036436514842566278,0.06656408953113561,0,500
2.4329530216895683,0.2061888524640838,0.6097329173351929,0.13192690088130718,0.07682986951649723,0.0036287560838007453,0.0030288994222270847,0.062073688558757334,0,500
2.5004888037767583,0.19214376546530687,0.6104028117114381,0.12902715768664005,0.0789354531260025,0.0037106757302831994,0.0030738262387102902,0.06587580421044406,0,500
2.710778802352816,0.13525923790597244,0.6591679267717154,0.14371701747100593,0.08555597089635925,0.004459355005463626,0.003604956465288926,0.060541468556832324,0,500
2.5632684594052795,0.30170865660383955,0.523094980242343,0.10271849391532917,0.08095494577999918,0.0026509221886874667,0.0022618278330842,0.06986970550238848,0,500
2.515739458769606,0.23356819008280325,0.5831415960125362,0.09571978768435845,0.07942457370988412,0.003188177563249885,0.002673210891984543,0.06903532732463968,0,500
2.492125919044661,0.21659652431189078,0.6016346039244634,0.21104081191656884,0.0788112493070397,0.004204510779948132,0.003732749205648858,0.07605360635423675,0,500
2.5489691267312953,0.2443668900103268,0.5874270887725029,0.2851922686575544,0.08048206760838286,0.0046545236126836085,0.004197092425101761,0.06909543942476455,0,500
2.6064397275497253,0.27159046149657484,0.54090213650051,0.04800712139461196,0.08220281816298036,0.00251660445398454,0.0020916191007029753,0.07369185134096715,0,500
2.577388685505262,0.23243016641934702,0.5660785695285803,0.08022567235580538,0.08137845621361528,0.0030121897761302757,0.0025219818969503937,0.07654426981784608,0,500
2.475158426218098,0.1746206502263783,0.6424261190307851,0.18861338349731038,0.07825733793422329,0.004560885553598589,0.00398822586431119,0.07315816313181632,0,500
2.4997932924912467,0.24484679435269807,0.5627220923789403,0.08012526176283895,0.07886842487681633,0.002881981511478966,0.0023901430902152805,0.06940905370908404,0,500
2.6141070867256557,0.18547858729838065,0.6354748445706039,0.31268448639166874,0.08267012102014183,0.005819067902454855,0.005406937245957492,0.07942641643921598,0,500
2.534278061731099,0.28000522688970975,0.5517685040702686,0.06013756743846069,0.08003909852232578,0.002610051557790223,0.0022002535867629135,0.06602692647551965,0,500
2.5217025763660477,0.23622889740776773,0.5682494314098239,0.22101197699164712,0.07965962222483541,0.003940834560768969,0.003401159205071927,0.0662189272707513,0,500
2.3031148012762293,0.16131993353652516,0.67053665191674094,0.19682093376710136,0.07288055413879926,0.004770022467582151,0.0041137544334401656,0.06195835364408129,0,500
2.424737622192336,0.24182773813421882,0.5603028961236826,0.048097332249027534,0.07647423411745194,0.0027902916562925753,0.002295764493502123,0.0743684284742734,0,500
2.3916701562209495,0.16059479196251186,0.6412406592497875,0.1615033283902716,0.07551974969146569,0.004324104247919831,0.0036132657552275594,0.06513771863169286,0,500
2.732715241790817,0.09079093515498451,0.719441627960055,0.29955534941091194,0.08650699786204877,0.006888905209690102,0.006118412475543479,0.06700096598601578,0,500
2.491329792316726,0.27074849999486184,0.5357522973191554,0.07341166439579,0.07857881780615751,0.0026673639137422714,0.0022052802503667902,0.068834412614526,0,500
2.5926413580799967,0.23079824399428894,0.56758098355738,0.09617400758752945,0.0817098593525963,0.0030972745768549706,0.002540584095998503,0.06676261871621848,0,500
2.4865357651793487,0.22272675236152809,0.6012141395890584,0.15925257288832725,0.07862248334192809,0.0037489718806365847,0.003257825800883593,0.07149556635180922,0,500
2.5647417491960214,0.24573786311639936,0.5724454781786501,0.12100118774670027,0.08104445971283489,0.0032191836894502842,0.0027627454341594437,0.0749160629401605,0,500
2.600158851579649,0.1239233459096814,0.6675526386739709,0.09712024499577833,0.08211217383573269,0.004508533868516615,0.003631931004208183,0.06818921884278129,1,500
2.6692177058332045,0.29627902698698416,0.529662709263781,0.17918003813569713,0.08439907270909959,0.003219263644031319,0.0028335083315098844,0.07590656216118982,0,500
2.5369259394907004,0.19352353384988769,0.6109548973955689,0.1312115495908268,0.08002924531913636,0.003719394001179618,0.0030677116194680427,0.06298262052528104,0,500
2.520075404401168,0.2474712523832413,0.5732331637153117,0.05987881672544951,0.0795516370939752,0.002844606756412911,0.0023566168498378027,0.06547755417812608,0,500
2.5082711781625195,0.02808240412012972,0.7810388401164337,0.2797078008266588,0.07934185622868595,0.007717622913880239,0.0068118513606115145,0.06763362621032509,0,500
2.6226740536500297,0.15754414747966708,0.6278038234085074,0.15702244768584303,0.08273819631047409,0.004245194693451254,0.003500504143619291,0.06755170178373844,0,500
2.649199542713592,0.2235977796175085,0.5891887408719683,0.17688208773719646,0.08369048929583324,0.0037563167613955412,0.0031884472831592305,0.06384409520106413,0,500
2.473743531798654,0.19084404541759473,0.6118953474625173,0.10626117906975609,0.07805696715583825,0.003616737372380139,0.0029579946195063263,0.06530903927506776,0,500
2.5154126092137457,0.16099967508306587,0.6511799808972555,0.20121758714640905,0.0795211860496917,0.004740264608985646,0.004054387710186793,0.06601103692733731,0,500
2.604637276219984,0.152244186723472,0.6520732725472759,0.18098074102887315,0.08230041117995436,0.004689532296707352,0.004013811805354587,0.07026017711618328,0,500
2.661060758942933,0.19369361721115352,0.6112947868113823,0.17689298329929007,0.08407707002682112,0.003994348683587025,0.0033697843373888597,0.06426253452570334,0,500
2.6108038876017416,0.1797424003192737,0.6497519432266137,0.22505289542510365,0.0826292183768685,0.004874183517088065,0.004318822801659399,0.06957022040718704,0,500
2.636244234642887,0.2689946999233365,0.5652943218776266,0.22887504302416023,0.08343985023334732,0.0038877815984329593,0.0035011348292055635,0.07588690358434218,0,500
2.528144464143871,0.20443599852584302,0.6270532564799512,0.25976832316763065,0.08001845992912311,0.004820177026366074,0.00428052479335685,0.06340845814999325,0,500
2.4698794818751195,0.25718258700943497,0.5680916660794855,0.20976915938178925,0.07809180338752178,0.0037582753464713414,0.003299345250984724,0.06763669141251064,0,500
2.475765874470391,0.2892082844940571,0.5391673564892016,0.025563641512306435,0.07819227212712962,0.002361201513838509,0.001966320061778672,0.06745185309162977,0,500
2.53392968875611,0.24234365154969348,0.5726587259671586,0.16921868087078878,0.08006693406908336,0.0035271925568597677,0.003047851001283559,0.0719682056472726,0,500
2.490756856226718,0.20461499553190693,0.6180301401346883,0.1885694440578431,0.07880652961340161,0.0042294581726785565,0.0037631514282163224,0.07754479872488745,0,500
2.5525389182782727,0.16422771469899256,0.6494532086870363,0.13709805620473273,0.08062547320235547,0.0041766184287658145,0.003454026670527959,0.061620625016087685,0,500
2.436803004281542,0.2819991643309575,0.5707626010717521,0.19254458518909573,0.0771124598459048,0.003529449616558509,0.0031601055517820977,0.06774742619309349,0,500
2.53067964224822,0.1959365269813703,0.6002370846761144,0.20610471659537838,0.07993242074144287,0.004281866676861432,0.003738081466994034,0.07752776405220385,0,500
2.4220686237238733,0.16834188434550987,0.6486380000325815,0.1125853284964097,0.07650101075296935,0.004044275301629918,0.0033553925792731785,0.064574013614776,0,500
2.5415278172662243,0.12232783840724545,0.7133741438715648,0.3310368691262426,0.08055974321500364,0.0072793618645062815,0.006818933450540259,0.07384852340402183,0,500
2.5058017325838584,0.21338165881822832,0.6139104594834448,0.22551820646132548,0.0793035898260819,0.0044458373365992955,0.00400019155043352,0.07588343249590032,0,500
2.5835019693490837,0.24035038891638566,0.588740504802062,0.14585787618468335,0.0816746432010907,0.0034351976222877535,0.0029289570810510277,0.06210646053552841,0,500
2.5566142791047994,0.09584296873761068,0.6970742207424022,0.23579081555533846,0.08080272357632431,0.005700445797634229,0.004764027244813052,0.06014448221566947,0,500
2.4517420358727136,0.28955792972784034,0.5276189058668409,0.13312441119499724,0.07739784186232085,0.0029012258020343126,0.002476129538113149,0.06974009583595153,0,500
2.5218220441071466,0.23652025665143048,0.5825767655067629,0.14918936982811745,0.07969565817073965,0.0034589858374640386,0.0030146828418109485,0.07619651925515275,0,500
2.5607482673231168,0.15006746065409673,0.6603710338935148,0.08823600294656132,0.08086315787571688,0.004156384185534756,0.0033773284335277165,0.06436200670448926,0,500
2.41431045759524,0.21154305452624206,0.6021743889408306,0.21379691373010484,0.07629270802348308,0.0042332628538076416,0.003712381205613083,0.07229595602093392,0,500
2.5120766710402744,0.21930909722397862,0.5839497699469789,0.059539376561734476,0.07926557535317097,0.003067355995494623,0.002550206599040965,0.07522205635183148,0,500
2.6028573071686454,0.22880709765951981,0.593934419881046,0.106718306582016,0.08220188937300817,0.0032740629666646193,0.0027617881808232963,0.06616175840396904,0,500
2.6522195697979307,0.2768825194187658,0.5313768721038507,0.1451476613756155,0.08367862953818431,0.003030192259920743,0.0025658198305731055,0.06705471166972976,0,500
2.5760742450796523,0.2712126348785229,0.5226391491446312,3.420587570729926e-4,0.08078741775684704,0.0020589217713424843,0.0015523547988500735,0.03239556300195836,0,500
2.5100720037295168,0.1538915769697934,0.6649241302705567,0.13122353811822896,0.07931775668523092,0.004335733066559069,0.003598264565272455,0.06240553918314103,0,500
2.3795770784701333,0.30842735913098474,0.5194801609941783,0.0930468797349015,0.07517133218401734,0.0025892826888332878,0.0022115627505021438,0.07068550874575409,0,500
2.461189337218964,0.1340243920403274,0.6845721456668648,0.2978557353295855,0.07788503181956057,0.006230900770385068,0.00560361476146723,0.0685319501448525,0,500
2.5166261012994044,0.275981984228967,0.5342078254726139,0.027533082078166706,0.07931906401101863,0.002401214023077957,0.0019645937178512495,0.06861904056067401,0,500
2.6145882599065406,0.1961493505281022,0.602086475542176,0.11624378512857507,0.08251189784034972,0.0035508670727650176,0.0029356484142963116,0.06766855187245717,0,500
2.405337340705584,0.2863489783941816,0.5386883799963037,0.21520727854258934,0.07609747227353271,0.003575043626687164,0.003165030181894132,0.07344266727865759,0,500
2.533909305223186,0.19376450345287205,0.6166789549220907,0.1232838707793556,0.08003602956208605,0.003778351677970964,0.0031958371051007337,0.07104664918065444,0,500
2.463504485729296,0.27251952917374594,0.5515715434856764,0.06029608229917854,0.07774910795097512,0.002639980638890178,0.002209599098559327,0.06753589655384734,0,500
2.6937707572224414,0.10930089047938649,0.69962128515134,0.21904208130017194,0.0850569954999588,0.005691459654230764,0.004911111765655674,0.0673765790953606,0,500
2.378587939947085,0.20521616228242093,0.5978631948545651,0.0044891949390562305,0.07497191051565155,0.0029681107200468064,0.002334952352232332,0.06378186191014062,0,500
2.5782653189275346,0.21297811779019046,0.6171271334541408,0.21673879014532738,0.0815795524809217,0.004316923012983164,0.0037985443284815046,0.06670323661585768,0,500
2.6321703752121928,0.25475169984710805,0.5536478308731108,0.05828305732126628,0.08302378649729102,0.0027063184971955127,0.002207741656363519,0.06330483716133108,0,500
2.5869264976831987,0.15160226923746906,0.6387444259180343,0.178577836225835,0.08165144715880468,0.00453135844880425,0.0037925731000968033,0.06803032735638498,0,500
2.80187290201785,0.15181310352044225,0.6439231153390126,0.148135273583794,0.08846911450197006,0.0043810776202391965,0.0036426156934821824,0.06801862381065131,0,500
2.6679021640388116,0.2251021961850237,0.5785908145533476,0.10248079972877046,0.08418583778597263,0.0032300794326735487,0.0027038879179927555,0.07209863209887474,0,500
2.4862697981130264,0.12635097332466963,0.6863732694424451,0.23710944804301995,0.07864407298886807,0.005648862435323814,0.004938093602936815,0.06833030150040387,0,500
2.67212855575084,0.2227619003469591,0.5687616123512649,0.13110922731252053,0.08429513509314282,0.003312341221566862,0.002766222748120611,0.07222383268986565,0,500
2.5481366657290274,0.21430569990723175,0.6022280768138475,0.1525468230718382,0.08056929038148115,0.0037985578808709362,0.003352560534140724,0.08198448107464341,0,500
2.5220770357242785,0.1385124735030924,0.6845768304510139,0.15296058236080917,0.07975288153485832,0.004803011033518454,0.004058391810169589,0.06527330461669585,0,500
2.533727313755178,0.3017254169469114,0.5132669272706641,0.1959264027904219,0.0800444315752326,0.0032445194880855654,0.002830565574506803,0.0742707374733305,0,500
2.697831657516013,0.10495395822269485,0.7053751739638269,0.29050517564365913,0.08537914655281151,0.006712134108775211,0.0060609425391718935,0.07297400860447235,0,500
2.4982790978547276,0.08825591626723045,0.7168205427572037,0.2338674474137919,0.07899779483050565,0.006145340471638366,0.005282648769431101,0.06660414733429626,0,500
2.4705829252107643,0.0851772510187616,0.7186099300533608,0.22595548508494082,0.07806892549178385,0.006250318875306261,0.005403102351961434,0.0706942604144291,0,500
2.5786384929177046,0.21791921557750007,0.598725929966517,0.16711168534402857,0.08148039239434786,0.0037582720571603754,0.003193890651360431,0.06392853161340974,0,500
2.5741333218934987,0.26302306340226556,0.5593361041022896,0.1340394875685007,0.08129615544973377,0.003140690181060358,0.002699515389079779,0.07120873531955214,0,500
2.6609924984985334,0.2937658141138456,0.508325607641056,0.11251637974275444,0.08394063704898254,0.0026922343077058846,0.00226844582161881,0.07575124012852136,0,500
2.651155778594064,0.23398830969822562,0.5694546214630863,0.203408313938737,0.08373560007586726,0.0038841016754990344,0.0033177154771941004,0.06593009586161143,0,500
2.501168877137286,0.21472791434003724,0.5888136133951538,0.06239100988212764,0.0789020908350258,0.0031670087268978173,0.002565684448166369,0.0665190488535747,0,500
2.438077195775824,0.1627572064398081,0.6297280795928322,0.1293566767731752,0.07694033572239334,0.004108046033017378,0.003423961614499548,0.07176574554668508,0,500
2.5322886886936353,0.25553592041808165,0.5588173744106865,0.028684961731304744,0.0799025467080736,0.002608263119976128,0.0021304586151587265,0.06668988362332466,0,500
2.5607761375775318,0.22275646058924972,0.5983549183762501,0.16166581605671315,0.08094992793014587,0.003748156603908893,0.0032676126840426325,0.07396475943495127,0,500
2.6338497712917337,0.18727223306362323,0.618352127816807,0.149771566137937,0.0831633986355338,0.003973537445114451,0.0033162760769899066,0.06542114706197687,0,500
2.457372651269842,0.3784282695033108,0.46530862955199953,0.18080870210759997,0.07768491216103764,0.0028304294630342574,0.0025128577952169494,0.0760201145193345,0,500
2.6445183408239683,0.19341886160706437,0.6247991131291293,0.10516311606917284,0.08354642748943181,0.0036991143916877216,0.0031198790269048177,0.0697341485926144,0,500
2.588436257282928,0.19159859789005854,0.5924876515339419,0.13128228245106466,0.08162431169166572,0.0036945668038925856,0.0030456588134944395,0.07018643791589313,0,500
2.4415745077439355,0.26599278070305765,0.5542406556599085,0.1029181735464999,0.0771183741474927,0.0029241635905605605,0.002491308595335179,0.072907653131391,0,500
2.482368415817985,0.20676090056311286,0.6128946704174137,0.17127384666518744,0.0784790896493551,0.003988818990947235,0.003453930487715242,0.07074072408486247,0,500
2.6105257525504815,0.18714895269071577,0.6273149972162883,0.1515267464804577,0.08247550700420497,0.004016532569988785,0.0033941127852003456,0.06553687704314508,0,500
2.499298854128424,0.22929129314860727,0.576678751361901,0.1841187783004815,0.0790098846779618,0.003718135783380141,0.00326002689810815,0.07933694690986505,0,500
2.4477417543464575,0.2869252216899954,0.5452090887307836,0.07389515876996691,0.0773111006643619,0.0026319291915990915,0.0022247780232750782,0.06428442940290578,0,500
2.557645407673208,0.33061410347374603,0.47778589208612393,0.158418131628687,0.08070780863648747,0.002805966070341532,0.002407764231134101,0.07634136656500282,0,500
2.8552364620867485,0.17456678836941955,0.6070687383698149,0.11281905922652204,0.0900085423546314,0.0037380397575193145,0.0030299380872307303,0.06803744231616313,0,500
2.5132445417305638,0.22078576878976613,0.5953043263584176,0.21879943979338687,0.07943655114032028,0.004195961679217165,0.003703996306484411,0.07351602263649082,0,500
2.4954016582872,0.2478341741660277,0.5532701681736322,0.06416464676447826,0.07875636772318884,0.0027867373615452023,0.0023357671315655374,0.07897120790545174,0,500
2.460090552255207,0.24336904095157472,0.5767349204439448,0.12345220323751614,0.07775261861134493,0.0032613467775799623,0.0028060850126433194,0.07472778349642385,0,500
2.453657112453874,0.10556085236307888,0.7320049633296318,0.29527841828509815,0.0777321433386347,0.006756714543832775,0.006093150127081967,0.0639370094193719,0,500
2.5261443233100707,0.14288059692867483,0.6618137152462703,0.18107501810937773,0.07982843815964016,0.00476714194588521,0.004000072375817258,0.06482855055776315,0,500
2.3516046906107357,0.27963238762827036,0.5350588294656353,1.93118075240996e-4,0.07358308349968211,0.0019603973641518233,0.0014908724626695729,0.009197160792789842,0,500
2.4757794733513583,0.24333348480782482,0.575240243539726,0.2275536438851337,0.07826941270512822,0.003996197990307703,0.003486431614644507,0.06585906687292974,0,500
2.3459983257318267,0.19762551399249795,0.6238683985321262,0.09158807512687775,0.0741035095284044,0.003574324624930621,0.0029317635812935324,0.060515539703780076,0,500
2.523583565154142,0.2922204491313623,0.541076903729005,0.18637930110796425,0.07981859896549134,0.003310023167627763,0.0029025529145857328,0.06655438336423602,0,500
2.6475036404196635,0.2719919037551321,0.5297112285077624,0.08745273663837261,0.08355011136501198,0.002690459695510345,0.0022684698460215106,0.07917466953739863,0,500
2.4542477788506005,0.2978258990247731,0.5320071492433448,0.2030834099501816,0.07764826774603424,0.0034086236721138363,0.003032745922838303,0.07889235690158822,0,500
2.4226150646120117,0.2591770092948666,0.5737908932143456,0.2059503030250365,0.07666123470496342,0.0037414340368395237,0.0033248629480157306,0.07292772964616463,0,500
2.4483919297934142,0.24496170052349878,0.5573087469975148,0.10299346350518226,0.07729481479925034,0.0030207604760488184,0.0025642875079527113,0.07741228648508801,0,500
2.4769118053944608,0.1965033564834046,0.6290368359241684,0.23649999424514806,0.078379998877859,0.004644226670170309,0.004077306572414896,0.06555024617911782,0,500
2.476753146717676,0.23728346300584413,0.5712267850501277,0.07895118502785581,0.07825424710172767,0.0030469973223415476,0.0026606256514531005,0.08928415101282497,0,500
2.5408426526445513,0.2425718513763927,0.5791082821910509,0.0589306686661115,0.08020641431090283,0.0029254622867885176,0.0024641686358068023,0.07215213278383267,0,500
2.6987457492664038,0.25521829371890875,0.5626491799473898,0.16452961079723685,0.08526538810884704,0.0033925988854819514,0.0029352890670974155,0.07182907655789908,0,500
2.4326137342235477,0.22265569804586227,0.5940894028764456,0.10954621897217251,0.07687980278346015,0.003416572556362075,0.0029845134924316834,0.08257430513943832,0,500
2.4429803557974497,0.18787055502852856,0.6424883968739213,0.2541135755802087,0.07732730909513633,0.005051012699843456,0.004543722655042503,0.07171109116925359,0,500
2.3703066195085043,0.15033044285133473,0.6685030239599101,0.15218410139246033,0.07492657604316545,0.004531575719392213,0.003789693290761626,0.06202836013886665,0,500
2.6639138046001904,0.18476200141244814,0.627911933919682,0.21680989007263657,0.08421598634705144,0.004527727051120889,0.003895459603312563,0.06432114207125607,0,500
2.436646209469332,0.1802871391372783,0.634752280971856,0.12753969452490363,0.07699412721431109,0.003980829027089649,0.0033440055842955444,0.06757859831276046,0,500
2.5812279163218177,0.14564467496321626,0.6352163071671552,0.24138053529125678,0.08063806882369164,0.00487568019395853,0.004051319001973697,0.0637092388783465,0,500
2.5281882348533253,0.23865685495282246,0.5629945277607746,0.1381045135854459,0.07979878931480083,0.003293882661287652,0.0027905633898971504,0.07283033080011904,0,500
2.485013503204878,0.25984555976344015,0.5638775884349615,0.20214418904460896,0.07860765395432749,0.003680645918220236,0.003218011985250984,0.06789336951659689,0,500
2.5031846933093753,0.2667185243610239,0.5414976321233471,0.11844588979969596,0.07904747378503951,0.0029461387254277457,0.002507693600238271,0.07543395594208191,0,500
2.465356577480968,0.23238181581022208,0.5951425625258159,0.20411271010282758,0.07796332749570382,0.003965467531565868,0.0034635678799521995,0.06543703831575425,0,500
2.4852233810829087,0.2438620557908263,0.5775455723091303,0.1873761903670662,0.07856304533012258,0.003677040991477869,0.003181663549389125,0.06581609215454476,0,500
2.605342166481074,0.22335946674200252,0.5836310359938207,0.11239348083452842,0.082252276649997,0.0033130267078989154,0.00277203702186686,0.06840424528099659,0,500
2.4411996962191975,0.22031603750248335,0.5948770322523386,0.10795695387070531,0.07704591987358922,0.0033372582384067306,0.002759259663289129,0.06127826141520995,0,500
2.5924642350258678,0.21369942159511496,0.6031413245316729,0.23893775841683654,0.082008944494309,0.004371830518019904,0.0038615673526094323,0.07019449129682644,0,500
2.4066510982936737,0.22452898520386075,0.5971538026372473,0.07992817280124219,0.07599854876293884,0.003179874329057363,0.002607619616484463,0.059190218345031326,0,500
2.6560572790560517,0.1716799792439184,0.6170625350171252,0.1427410123247312,0.08382451594817783,0.003955390192625724,0.003315304679796086,0.07101919183767796,0,500
2.6719762297583842,0.1670176844867489,0.6340239902572965,0.16899267872482435,0.08439398897620808,0.0042913079532041366,0.0036315960118714356,0.06758500614795143,0,500
2.5904571038033257,0.23443501021184393,0.5793648034310451,0.14806022741851219,0.08181401069286219,0.0034504690617694934,0.0029238378556364067,0.0661066438723879,0,500
2.388574766952242,0.30821960080584493,0.5187662285967353,7.354335622263447e-4,0.07536437660892631,0.0020885969600730274,0.001727687861826655,0.07015629322678918,0,500
2.5560450336105007,0.1789354885374068,0.6225405800268988,0.1291766784438376,0.08068339250687621,0.0038635997891184925,0.0031789637425689962,0.06459583746556899,0,500
2.464808033053377,0.22812752692874164,0.5850806531566601,0.12545706146746602,0.07789614338983501,0.0034401372841106966,0.0030334124679219873,0.08533846263952939,0,500
2.6869082694956115,0.11327829546017383,0.7201124867312997,0.3101729213641974,0.08508462476751821,0.0065813566076864,0.005840409958226316,0.05734095809646442,0,500
2.510807739816431,0.3135964218923752,0.5274673231986792,0.15969531084269606,0.0794110087866712,0.0030002227821411477,0.0026367855841642595,0.06754993533134418,0,500
2.5092843274588987,0.20756510337634848,0.6074005121186568,0.28099572745512696,0.07938247266488774,0.004958703367769641,0.004456988049899778,0.07201397386894498,0,500
2.610935807806378,0.17112475362911478,0.6299129397057625,0.16825644666036657,0.08243517915500395,0.004251591586998955,0.0035547408089944385,0.06497114458525093,0,500
2.4947345621767507,0.24556009659045283,0.5718784018130557,0.08960403665178494,0.07872817185228592,0.0029972058830379433,0.0024914878322054657,0.06407841551737292,0,500
2.5135189911592857,0.21942316642940868,0.5849844379975797,5.3446696127702516e-5,0.07880511563873596,0.002032497472901914,0.0013991158102212857,0.007700826385539782,1,500
2.740829494522777,0.1685898163504481,0.6333989276303249,0.14028068609790023,0.08652615566295999,0.004109934309254168,0.003432202953500877,0.06811610414347138,0,500
2.6382011601865862,0.18900143992120386,0.6289269066583222,0.20472661025671698,0.08341185727630615,0.004394060704072551,0.0038385407551780448,0.06983598582176824,0,500
2.600965687814978,0.23003782829710837,0.5880383848469993,0.1943131844416084,0.08222146908663598,0.0038835574876310516,0.003377682795368985,0.06943059359268569,0,500
2.4257419241501053,0.11253956289907642,0.6931330933700792,0.24641752535471925,0.07671567410622258,0.005892644008712418,0.005120939012154546,0.06790829917058316,0,500
2.714388419706994,0.27969163088941595,0.5142205644579472,0.11933916195353501,0.08559661456709064,0.002806154183539581,0.002344216949674968,0.07315055225359653,0,500
2.692432305971886,0.27540734108254816,0.5174781267102546,0.15941958223826044,0.0849125913973351,0.003091384593508688,0.002594121420620811,0.0673227969423588,0,500
2.483579407057366,0.27858627033399397,0.5422292911548373,1.8358515132752153e-4,0.0778518611492065,0.0020157437946397706,0.0015217195146175633,0.007229798939193984,1,500
2.725202536001631,0.21308786298330062,0.5880368533030864,0.08042072548518958,0.0859550658312367,0.003199681225391326,0.0026277829021268836,0.06865077021133115,0,500
2.5870113514266735,0.18287837028717815,0.6322581758240063,0.15941411639462555,0.08175580849010158,0.004154075409595273,0.003549352823527403,0.0687813551559647,0,500
2.5486259844029933,0.32690411778778444,0.5012591413270545,0.17351482231707618,0.08053354057521078,0.0029737109982318813,0.0026074426733486184,0.07555417029036555,0,500
2.567319307844921,0.13058292356193835,0.7011156128079598,0.29945743508725414,0.08132666526006808,0.006590470736438282,0.0060800778755172565,0.07307022639371863,0,500
2.5166127755922547,0.1945513147105266,0.6085498173310901,0.15213795015667345,0.079481249535387,0.003928016477758848,0.003409873138579737,0.07901850482358305,0,500
2.5365208647609783,0.14959072855860098,0.676918957912444,0.25165014993083235,0.08031832063152945,0.005618806919078052,0.005028441678420246,0.0706326804107773,0,500
2.5254512277934826,0.20765442536573642,0.6195367958577003,0.17389484484743717,0.07984117380412696,0.0039960684320964395,0.0034496873695778365,0.06552571973110027,0,500
2.4181471559197747,0.1831660738696079,0.6502290009550236,0.20532258720161847,0.07650244001880592,0.004624844233925363,0.004088278904538048,0.06886387467113346,0,500
2.46588767872153,0.13366002409536307,0.6789653264627755,0.2558600358810734,0.07801604539113863,0.00588621624270738,0.0053308711176497684,0.07806617703280179,0,500
2.718602550584365,0.2371665971706117,0.5583343125697011,0.06464180701640543,0.08566838454765988,0.002775967150071969,0.002226392538771472,0.06312007311929732,0,500
2.7008882761992425,0.24833617392916021,0.5551533885902188,0.021382645714463445,0.085141844577751,0.0025817446175574643,0.00207263783203154,0.06513889288570775,0,500
2.5891249614133494,0.1794959879566022,0.643207423429298,0.3013035891929677,0.08189797891547125,0.0055259997635601,0.0049209296949607765,0.0628077050459099,0,500
2.6202228878966194,0.24758916988704438,0.5650595780442869,0.10742432643662025,0.08273117441394011,0.0030829131707728655,0.0025973199543551065,0.07060437771482517,0,500
2.638784153421735,0.1966554088773846,0.6119581337895033,0.11099175219656732,0.08331301047493794,0.003498876943175724,0.002907882353763592,0.06616966645280874,0,500
2.5982421523705272,0.2901463594413811,0.5505046370139904,0.17687965016495744,0.08219118506048967,0.0032604438137044793,0.002864714228727243,0.06463550565263174,0,500
2.538927332900191,0.24473123393639504,0.5465455272278094,0.021200579261654497,0.08004850810316606,0.0025621685223183484,0.002109183650107644,0.0816579360514316,0,500
2.6495054918276137,0.14805606585916326,0.6496004637243149,0.16486159619250923,0.08368296647598421,0.004504801698812887,0.003751174141467533,0.0663253077999876,0,500
2.540494351524947,0.24725864653793253,0.5868721652740974,0.08030902415516386,0.08034978191884176,0.003034425686242662,0.0025929927717580664,0.06998867952150563,0,500
2.4772806161658183,0.3422340480909161,0.4799420119486143,0.10246994205303346,0.07822657756971754,0.0024230291439958926,0.002072568106614223,0.07385648931635887,0,500
2.427448638139416,0.20747377448336235,0.6172925093540278,0.1400309955474523,0.07671621213563495,0.003766258546833647,0.0031982485780551622,0.06431989123915009,0,500
2.5952505103867023,0.30247926975972667,0.5009702380248112,0.1727143268905509,0.08192561824391965,0.003037409461969486,0.0026263004415344594,0.08236276470902092,0,500
2.6552317224995305,0.12643333791805333,0.6829848219878336,0.2228291690942243,0.08393465883576219,0.005330059263445248,0.004521355895463822,0.06145868891856261,0,500
2.474040283619391,0.20452780286061395,0.6157504681203538,0.10969185004396638,0.07812728908691882,0.00362238871906775,0.003061382505297907,0.06984407989034244,0,500
2.621723447443345,0.27426615206981353,0.5377361204108602,0.11542893041674386,0.08280744245773815,0.0028877116351776087,0.002420658167533158,0.0653934269021553,0,500
2.533252482340107,0.36318438756155225,0.44632643161976665,0.13523481423892036,0.07995394864418831,0.0025264490762476584,0.0021491736838094885,0.08463406041686465,0,500
2.5256758214566846,0.21038308810739317,0.6154957178346422,0.127834103789739,0.07979978419394088,0.003662727559986192,0.0031167440811924493,0.06561792495795339,0,500
2.63043397148856,0.2060331002815203,0.6110792526039575,0.31821479196576424,0.0832584286673264,0.005513965241948521,0.005028244150517216,0.07310147783067725,0,500
2.509766339160469,0.1672268521816935,0.6377531481642924,0.12387896992270371,0.07927965807873055,0.004090460355191407,0.003453739318413932,0.07231445210005552,0,500
2.6629840777501066,0.2310045200915256,0.608909556524556,0.25856259838809054,0.08428530455681925,0.004533105891438252,0.004056235250909868,0.06418209213724174,0,500
2.6137536788012623,0.1707011170988816,0.6057199013198332,0.09920057539899207,0.08243927315576105,0.0037804344491717337,0.00312683623027222,0.07800436009727413,0,500
2.5843560174209275,0.22688785683873164,0.5754881818247555,0.12984514316576384,0.08165225370632513,0.0033278125243343623,0.002768878159117754,0.06479109257067396,0,500
2.5637213100731255,0.2819665706119621,0.5168015723151584,0.06854404100368697,0.08081078592948521,0.0025389854655169116,0.002088750749899373,0.07091307217613758,0,500
2.534987153448924,0.16931787652725636,0.6232000798233306,0.10509115257877592,0.08002773243476492,0.003850636073362722,0.003170256093015732,0.07069096484367589,0,500
2.595973052104489,0.26323375444541847,0.5609790476628724,0.10978095540674099,0.08198471540663986,0.00291246331068709,0.0024568822616331835,0.06255005831759965,0,500
2.681823190831961,0.25153531054499173,0.5408464513330223,0.07295872341381206,0.0845404973196958,0.0027676310563281552,0.0022765327585833033,0.07344388600301562,0,500
2.5584657165309848,0.14125067432207555,0.6690357261876019,0.17300755583265223,0.08088726626929757,0.004795381504292799,0.00402270407735117,0.06412249061083355,0,500
2.564949549725124,0.24394204364029076,0.5800875769127899,0.13396466700272444,0.08101295591482331,0.0032841311222722132,0.0027752543986530784,0.061835790367568665,0,500
2.533457697797366,0.2039803251655396,0.6153901373559398,0.20843807425483027,0.08009099175732813,0.0042803952034014174,0.003700626642318666,0.06515441786628559,0,500
2.506245983313616,0.13775853561605392,0.6883574704038281,0.18851759914104463,0.07927996460567,0.005182474831882049,0.004539305520925196,0.07116912078598699,0,500
2.4178287523301787,0.30704301808664225,0.5124514475800674,0.0757534380479935,0.07628803389706831,0.0024496762211127796,0.0020492667910842165,0.06508060365176258,0,500
2.425219753715411,0.18594167793862434,0.6100208773634073,0.16833441098073434,0.0765656105222682,0.004046712781756825,0.0034469306801893887,0.0725720567895675,0,500
2.539708053097799,0.21118202922971022,0.6003311143271123,0.13701991243136677,0.08020871899851058,0.003621264702650355,0.003066785519181686,0.06933753937205606,0,500
2.573001273269511,0.12873783072992,0.6891367927197778,0.3231904760827128,0.08148426686638678,0.006747648010367453,0.006167888188589238,0.07090542515771112,0,500
2.5825672065749963,0.16317338725613775,0.6286708026388828,0.028732176325347154,0.08139025997589229,0.0035513779675214498,0.002752038554753989,0.06329315604026128,0,500
2.42798857487742,0.2576935635618393,0.548490587642974,5.750586276277892e-6,0.07603800941468224,0.0019677062806339736,0.0014383944774715197,0.0037067110887500096,0,500
2.384998544150664,0.24586234922272374,0.564009336875722,0.03451510211591051,0.07495142695100622,0.00270774576872046,0.0021718706650446923,0.06186513158467775,0,500
2.546999922279144,0.16535965831948796,0.643676817489605,0.1849698586311414,0.08051395221908353,0.00452056933458582,0.0038572965324522807,0.06715088750201802,0,500
2.560261893059333,0.12452822738548952,0.6707243601884622,0.06094332307388505,0.08076994472575819,0.004347281795360488,0.003406677089941407,0.06487395691849009,0,500
2.665622295592261,0.25581625597404073,0.5549722405386497,0.16486326942250615,0.08421076172726175,0.003350326832322989,0.002889189527676902,0.07280412495617973,0,500
2.596361921171959,0.249766536048081,0.5746149308113102,0.23803265910753682,0.08213130038589335,0.0041003301177990805,0.003636769861764256,0.0698905621581961,0,500
2.4704538562442666,0.2949979011041482,0.5334515080269264,0.11551377468978478,0.07805859791773177,0.0027807494461046032,0.0023991269129384624,0.07270296988370015,0,500
2.7463820283424423,0.21538316268098182,0.5949502829136601,0.06322421634378443,0.08666384164748435,0.0031320530433314882,0.0025462939201386296,0.06354898311256245,0,500
2.4379720670436185,0.14864772018404668,0.6558716378086152,0.18851983429833702,0.07704152949417258,0.004856632746828035,0.00423224111108539,0.07476003406590295,0,500
2.3607000306165595,0.1979832660017721,0.6177585132765568,0.06866753904986801,0.07451354322873434,0.0034281986628147063,0.0028233420099114254,0.06682963253870208,0,500
2.4360130473316897,0.16980783059267915,0.6547622977100939,0.23719803233923908,0.07704254322360325,0.004916138015258356,0.00426625230258577,0.06076477020901753,0,500
2.677733912507588,0.23419747562624665,0.5705968342192862,0.013714540981014723,0.0844033621390843,0.0026908129637788995,0.002140507794002416,0.06338270306226802,0,500
2.595804422017543,0.1930601437068457,0.6123110138954879,0.1576620625868865,0.08195664770974317,0.003923759209188868,0.0032985463258526576,0.06605928282035636,0,500
2.5763214054931582,0.20468135633048776,0.6237284345287821,0.194017094351834,0.08147096462164556,0.004182749048653532,0.003620585879368705,0.06417776735532679,0,500
2.6005057568318097,0.24626210778810842,0.5399260285354953,0.11521900218281284,0.08201318343470462,0.0030229597272085473,0.0024850626073156063,0.06892011295175335,0,500
2.6074545580073574,0.1829737527277174,0.6376317115282866,0.18457002978478432,0.08244622410761544,0.00438377078729968,0.0037830612042552723,0.06779387926307547,0,500
2.5970343605886237,0.22314176002386474,0.5870915862249273,0.13871378701237672,0.0820235804787475,0.003428224545639057,0.002921926148826651,0.07131532938748114,0,500
2.512668384105184,0.26036457663252316,0.5587987377063178,0.1727633259138027,0.07933716181823554,0.0034286161238611555,0.003002979797364485,0.07682380223819914,0,500
2.444510013414595,0.2369546792995633,0.5739146873295858,0.003904589364319668,0.07711832509184584,0.002648579377971542,0.0021202869812236257,0.0642491453911201,0,500
2.462407866463719,0.24541026393840093,0.5528889611432534,0.08250820720460762,0.07766351273357357,0.002883087231801533,0.002389930684766488,0.07294229769301985,0,500
2.452795689025829,0.20137561239896545,0.6283588384518715,0.1333964290655742,0.0775826064499651,0.003873768215775899,0.003357157191103335,0.07151779914167689,0,500
2.568589660408431,0.15045465902890245,0.625551261413344,0.018541586936256634,0.0809158242235431,0.003651498617290887,0.0028003728393299395,0.06808650675651735,0,500
2.6174336935388713,0.24885892967273276,0.5837567240446969,0.303783019559883,0.08280356459890684,0.004951929482866585,0.004580388207530039,0.0773720659975076,0,500
2.402046664403945,0.14216809371808964,0.6762123032650518,0.2885529949136379,0.07599683289424503,0.005993482780107682,0.005401177592210884,0.06972080527539717,0,500
2.459554960035321,0.20647027416097422,0.5898444706440422,0.13767121338957522,0.07756472928292141,0.0035890558621146386,0.0029655474036189085,0.06584880329368092,0,500
2.4548895500900887,0.16805122927581517,0.6631657233016245,0.1595420282117426,0.07765554506155695,0.004479914767268661,0.0038851374047007975,0.06865078412567759,0,500
