tau,kappa,beta,psi,tau_se,kappa_se,beta_se,psi_se,convergence,length
1.3763000939915817,0.2729695968805018,0.2078451250498136,0.09424122837690398,0.21806623016788415,0.1058308502253878,0.2568441527402338,0.16279368692474486,0,250
1.5391900587816578,0.2818557089039857,0.6406057611196709,0.0646033074059913,0.39106879694601554,0.17889599812847168,0.23031381831360814,0.15954327028259319,0,250
0.7815157311349805,0.5653700756836081,0.35294967262528376,0.5629411340900788,0.19131613636331934,0.0985270872920677,0.11771272405971415,0.3958296791083371,0,250
0.8787291495912556,0.5260258112195726,0.42677398036743724,0.7229933729091167,0.20613041178234887,0.10033896976969908,0.11348016403668022,0.40963981163209356,0,250
0.892996889571003,0.5606108692705503,0.5923635980024017,0.7542397306696645,0.3160224705256235,0.15323544951764836,0.1583138155285057,0.47543091137897464,0,250
0.7668556679911388,0.6474235015256862,0.3895585502073722,0.7852076231057395,0.20325092765646136,0.08872585988362923,0.08886436282587895,0.5119251812256215,0,250
1.144619641650442,0.4625252323435004,0.5503423203130705,0.35614889181460746,0.3133219916243893,0.14264928716875833,0.15385992243774513,0.2858319312563924,0,250
0.41351862023545716,0.7871397118494472,0.4559416703506199,1.5381734053233433,0.14816860620018027,0.06998176269267557,0.07234918884400118,1.105442880710038,0,250
1.1005487635545774,0.44849111366900146,0.06195341266356511,0.3534486697419176,0.2855839842586411,0.13628539376128562,0.2985900047494653,0.26532384093509453,0,250
0.9829132050069374,0.6059831336948966,0.5503206735614777,0.6293134827388881,0.316822569825846,0.12497365929745752,0.11505905476637819,0.4475505647585475,0,250
0.8879791904785703,0.5509765604453007,0.4181103929259237,0.03473232854281004,0.22320065385815205,0.10964370715220931,0.10477956226073545,0.25788093900868314,0,250
1.1466173997835236,0.4613066314710558,0.6498084192573478,0.4833472600815657,0.33593952010479444,0.15256732391270908,0.12687092558082394,0.3233538594403791,0,250
1.124917883258857,0.4739128310369071,0.5975059113823342,0.4579446083498765,0.31707313520575553,0.14320554790665999,0.13463928271584918,0.3195050390254288,0,250
0.7345585960762221,0.6439316665692144,0.6352907755823448,0.9526692216391327,0.27355852127261143,0.12590600862466467,0.106378719096578,0.642323390788022,0,250
1.1227803470209583,0.48078573705910815,0.28726851470218634,0.40107798815390766,0.2677479620172642,0.11596383130003857,0.1877128206984475,0.2952854958780335,0,250
1.1854457227374817,0.4262496520031096,0.493699293182203,0.48062373857041063,0.3513570702175661,0.162958323614702,0.2528914917469534,0.30891443426490905,0,250
1.136109550285741,0.44130140690008585,0.43649837195083724,0.3779437081020749,0.2618911772366801,0.11927866737233964,0.14477440715147427,0.2812250389655551,0,250
1.2298267138838037,0.3459986483279705,0.4830011023489754,0.5761356619405374,0.2515347412160511,0.12456719894684336,0.16905699124501475,0.28217908443221223,0,250
1.2935680289236609,0.3282816084586997,0.050668524109550306,0.37991276156932025,0.2612030716689079,0.125589454282188,0.35428197233320985,0.22923965884328465,0,250
1.5068108770041782,0.36990776463383085,0.31751076770198106,0.4953318861160303,0.26647822962349754,0.10150805222694152,0.15056035092175174,0.25967085645143145,0,250
0.9293036843419528,0.5649156526376824,0.5545498632807644,0.4972945553766952,0.28228736784803593,0.12471163797436861,0.11083433464204498,0.39589529424586006,0,250
1.1012937356372487,0.3725825688204348,0.47401293514398085,1.2040117912834514,0.24220765288344168,0.12680463971972356,0.16756459735000934,0.44842094412713784,0,250
0.663740473206386,0.6706460722033393,0.5165288786328611,0.7608082101793694,0.21156513320882445,0.10179380345140684,0.08526075179082093,0.5696509804880441,0,250
1.4429478720483913,0.31462814227691177,0.22123992338849838,0.4007678064273107,0.2308241656473791,0.09963325328939682,0.20921525129188467,0.22312982407638052,0,250
1.1543556594798288,0.36475821040523376,0.6158054099504874,0.18654157407020996,0.2824247120415692,0.14968811823973519,0.14562084301041753,0.21176301054914806,0,250
1.0904096389592433,0.4396404696979027,0.4978399535523207,0.26186951582836143,0.29241305314726596,0.14272832658134774,0.1814005753604734,0.2591256616992945,0,250
1.3119074655669825,0.47832791297037847,0.35769789568610644,0.2282539384720962,0.2825724023227406,0.10603934860654297,0.12363277005080689,0.251249427748063,0,250
0.7909041079027614,0.5864946483146364,0.4931507504738402,0.4998188053513067,0.2307481860471672,0.11611330666169724,0.11809834964493872,0.4047403153826363,0,250
0.9868884641021313,0.512620186824483,0.6742219091979668,0.14493199568588253,0.3768189615125437,0.18001979940055593,0.14958023400730824,0.27269384947020653,0,250
0.33334914151245515,0.8238857751889074,0.7552780628235615,1.5853534886875438,0.20797222005008698,0.1093362883048374,0.09766881204088829,1.4165966822231906,0,250
1.6611707072353736,0.2555227070068836,0.09619392644235844,0.4295078906893301,0.24515163254118585,0.0988290074477505,0.29373298290970173,0.20875309437780198,0,250
1.0975388622085074,0.48442210178839473,0.41586311775691304,0.24750075890239553,0.2584408180854861,0.11426629422023646,0.14059762984702767,0.2657840306087567,0,250
0.6473878547226107,0.6395861592777089,0.5179034336464273,0.41758854827581443,0.20598115140118875,0.10953801071247024,0.09902771570705049,0.4447327712738552,0,250
0.8060956591455753,0.6280575328347484,0.7088423834823515,0.17529602053606372,0.381042165471002,0.1754382482761272,0.1222869068924373,0.35399344936832927,0,250
1.2728452176969829,0.4066939733637833,0.45538451576428046,0.44064645387305434,0.3131016175357502,0.13802991941752352,0.21014467644101067,0.2790106903824949,0,250
1.1453848626253205,0.47663260532522117,0.2705350231275569,0.7623428524930079,0.22137052741702937,0.09090680244493422,0.12202678259525242,0.36280935962189637,0,250
0.9188976995753122,0.5264035977859284,0.4831676538316051,0.4907712683824966,0.26760121630411815,0.12968968913873344,0.16127551492151707,0.3655875265130513,0,250
1.0568344508938563,0.4425366523459,0.3833139881348735,0.34560880131922295,0.22306578631461985,0.10983083868877355,0.1403271327557344,0.27007757241126507,0,250
0.932392830716014,0.5120304072657819,0.481109879268152,0.8555086524161176,0.24710150756582464,0.1218590006306751,0.14439022686575592,0.44582281150709446,0,250
0.8661514125497389,0.5444077058824524,0.40744612331616664,0.4844866698790894,0.20477720588689996,0.09789325937578147,0.09649912869207955,0.36432879421545045,0,250
0.926972280292458,0.5249724102864748,0.5958531459596439,0.488674308098383,0.27836767304360827,0.13656986282540656,0.12164981895881759,0.36637969527914804,0,250
0.8921047925575631,0.5189572028714456,0.4686556001631742,0.34146552564761523,0.2211926561374515,0.11225181488329161,0.106720935575007,0.31697445240045785,0,250
0.6657956937688708,0.6127080745886633,0.6624995826154976,0.6849518266490162,0.27936281179314326,0.15880383243298427,0.134385440812664,0.5382467392224392,0,250
1.0966312655928312,0.29044735724385823,0.26330685756904837,0.2061466944915265,0.19049718286926323,0.11085242101675877,0.24548541208918256,0.19380688463652546,0,250
1.5297127354423146,0.28240409798851446,0.37534372451024733,0.4264917503224059,0.2545734203370659,0.11018147985977213,0.19097557421029698,0.22047462193256576,0,250
1.2956632896514901,0.3862670557330126,0.4270023510239679,0.6329527006066331,0.3001082399849802,0.13375856908757586,0.22858983415515516,0.31157841760191207,0,250
1.269377452062534,0.4138686364153819,0.548443318706327,0.533256310321402,0.34833521795796274,0.1538573219508719,0.19948296968222654,0.3116682058949394,0,250
0.9080647232379039,0.5160225469094909,0.5320606698498902,0.6358094291843862,0.2374355118836686,0.1188046447631475,0.10954400950586952,0.392816191926144,0,250
1.1370853916446024,0.4670866456037807,0.5383019365471722,0.5487975057193145,0.27576768901387305,0.12173692152686191,0.10535569257004974,0.33295063656495605,0,250
0.9579480962313718,0.578511048706432,0.5320008438809893,0.38956164766231127,0.277030579321962,0.11999012172522126,0.11094824975960907,0.3552719521379309,0,250
1.5806821096186225,0.20894461071391174,0.12666478215409102,0.07426046328290603,0.24209023810705574,0.11312215279780534,0.4155805651481013,0.14408990940343996,0,250
0.8560244010730103,0.6242157399229293,0.48259571825190156,0.9923728888461514,0.2397937227216472,0.1016853079462014,0.09409398116224657,0.5566713616056326,0,250
0.9744624317588355,0.4946311224216278,0.5561049341485387,0.49751620867830165,0.2674076917907475,0.13382665610317607,0.13059480499729642,0.34240755182539045,0,250
0.8842515050069591,0.5638805399125779,0.640527922979968,0.5675624643650344,0.29976693671188837,0.14286054549949884,0.11644630745981417,0.42207591248200343,0,250
0.7037635206123204,0.6715831333247848,0.6120129610049996,0.5833315896273112,0.26656203896449365,0.11923771603175869,0.09509037726142516,0.5423722525296236,0,250
1.6316709135339558,0.2184283279840198,0.3176627947922828,0.2063158938394148,0.26119515165676555,0.11639040954215799,0.31330885175606416,0.16688316507395282,0,250
0.8761108995413287,0.6352983335275059,0.8929708368327811,0.8458120633954109,1.1777584263604246,0.4896048756468874,0.14719979016993878,1.1554919081752886,0,250
1.0055300081488903,0.48918489611713084,0.44761375892727334,0.453117898647747,0.24548625941977562,0.11610090453986409,0.13257316908007893,0.3241814091875176,0,250
0.7784665958588499,0.5762824220760185,0.3636532628268916,0.812525998104383,0.2111012049909287,0.10698013871136167,0.14496490491642858,0.4753371630893321,0,250
1.7392961723424143,0.17225420355475363,0.08968292927379627,0.22433006187206261,0.21306326794544464,0.08995696286456781,0.341581714756567,0.1574065525254135,0,250
1.2307061184760788,0.4046022994477991,0.40834490812850827,0.4418411540997898,0.2513743950996095,0.11515544176536321,0.15159467237015942,0.2692845661705902,0,250
1.2553963176169274,0.3905368026227554,0.3904932933548218,0.3231752913988047,0.24088445586560778,0.10804578889526893,0.13341650647653083,0.24063287676387482,0,250
1.0847273649939768,0.4308956440226618,0.51561255282989,0.23323780867421046,0.2709435943905812,0.13559064073223595,0.15155480308989783,0.24685899076767245,0,250
0.8002445784252203,0.6023663701144126,0.5380550015019642,0.3776376381323597,0.25602797264893773,0.12078884529590111,0.11207340265464667,0.394600357566031,0,250
1.2299470258114866,0.42201343203979536,0.37049982163433165,0.6228903341665816,0.2505390688137133,0.10923454490011125,0.15351915990663753,0.31420366923457327,0,250
0.7485923245557837,0.61519502761185,0.6481911498133582,0.2294740908552432,0.28149975426538143,0.1412604494968662,0.10332244739051498,0.3675170854515493,0,250
1.0693097648460943,0.4603592596040454,0.40242213954018285,0.6332780409966827,0.23693064934342328,0.10944878411695551,0.13670907319785386,0.34575816673442505,0,250
1.1185276741276984,0.4313374541144134,0.20860707705641918,0.188243300558022,0.19265406304858623,0.08819906296285268,0.11577124840342463,0.22767961657440094,0,250
1.3434843976820332,0.30000099321702944,0.33256467352721875,0.5457389735716441,0.2489925612887707,0.11820126697983524,0.25102343106644615,0.2560785123697652,0,250
1.094494441322573,0.4214910443924046,0.4056257020289199,0.4122830675556131,0.24143935424876026,0.12166099576410402,0.17707403404556793,0.27471469783578545,0,250
0.7963372593732575,0.6257296618821956,0.523489982152187,0.9025031211511286,0.23858423223526617,0.10717631600349044,0.10253865562542586,0.5513121375286753,0,250
0.8440965460792567,0.5623835542307287,0.4690995469238874,0.923779883830691,0.21704247852605457,0.1019784061182327,0.09851209231185605,0.500994961731704,0,250
1.0256806549520245,0.4676885990882043,0.6627946511672737,0.4140258361404952,0.3051877288517305,0.15087874784815078,0.1243122181120902,0.31546633171610156,0,250
0.7025118586977075,0.6779180094390558,0.5556419443900309,1.0714842741004735,0.23069693025524993,0.09765097217925871,0.08760126021980535,0.6963434250680942,0,250
0.39951018934203714,0.7655907508367005,0.8022925023583185,0.9932300428397541,0.30538737262819043,0.180237949093706,0.11676193879882439,0.976761970118052,0,250
1.0173687177937984,0.4010840490783511,0.5313283802826546,0.14514213397995573,0.2585583393951401,0.14685232763293402,0.1817096729801794,0.21854083774711552,0,250
1.3136315804778924,0.2573150199520567,5.992780475821722e-6,0.04400448529428273,0.13831981401969404,0.062125641841243376,0.005670833202170971,0.15198240680530054,0,250
1.2442529304144843,0.3878055076527181,0.538708956749354,0.35771764648997034,0.29636044063038386,0.13972449115060345,0.1713946912386824,0.2523262039289435,0,250
1.4636175452629057,0.30532493743825045,0.7270140666042603,0.41120053057957184,0.48566844681577814,0.22689260415809193,0.25757883167748225,0.25320626618715975,0,250
1.1861068014268137,0.4160440723833242,0.45131587091627573,0.8673158530586641,0.26744770384591665,0.12362318371586947,0.1791147104688303,0.37665909350689375,0,250
0.91511240500061,0.5154315677588696,0.500707259603612,0.42145668850191714,0.24161088043118772,0.12244473929611417,0.1262847692957909,0.3333298113560947,0,250
1.1256560502637747,0.4468141302236152,0.41100013736043756,0.11861565803086883,0.27445772489215253,0.12926979851771,0.17691407498569503,0.2225966849607288,0,250
1.395668441925228,0.3642565481080581,0.3794492143249318,0.47980508065918376,0.29772493869638905,0.13018383487562438,0.23945581892992912,0.260428108119798,0,250
1.1837889705212212,0.48580921330944993,0.5147224200835623,0.20487061199279458,0.31488363808342396,0.1308629604621241,0.13676818866239948,0.25934351125032684,0,250
0.9686146870683197,0.5217524218678108,0.4436976491724343,0.5457627752055005,0.2286751218765383,0.10568664407049186,0.10180201141801493,0.3593082210774705,0,250
0.5443053969310152,0.7274297241878208,0.590035923790702,0.7469471168547989,0.24810756021552313,0.1252086701388597,0.11755362296106894,0.6818903612508781,0,250
1.082423062986606,0.47920918901775283,0.2513868470032975,0.4582728099655626,0.20494005626038936,0.08959160685080823,0.11413015464376845,0.29961732887294923,0,250
1.3116369350024473,0.3708235510128137,0.35254016405671645,0.3317378215976281,0.24766431255162577,0.10990702832998615,0.16444784416157732,0.2340277091530225,0,250
1.3138770782290548,0.33330486994733466,0.575128542221825,0.23980592380665264,0.32061251668802787,0.1551945703745913,0.1898571896831777,0.2122725557222615,0,250
1.2347577122870568,0.40479583501089844,0.4250111632764263,3.2958499001258374e-6,0.24593636128155702,0.1190815618712838,0.1499483002731008,0.002716100381081445,0,250
0.9587478049762138,0.5167664753746616,0.5714859139423705,0.45059951190327485,0.2672240316878435,0.13046850131189577,0.11261266708645906,0.34186375803879204,0,250
0.9323439573613752,0.5994570324499455,0.5793357934104042,0.5788132074164858,0.33363650168689063,0.14262136815268375,0.1500182817123406,0.4335756045126585,0,250
1.5744276200064748,0.23299388135744595,0.5150810208890213,0.3353263492867968,0.29087502506350205,0.13406193693631951,0.24302091761235622,0.19449683061679066,0,250
1.1984101116786168,0.2982454540289161,0.5598861310545442,0.34288261056541625,0.24778933701736983,0.1362964336455687,0.16238340239871304,0.222500924272066,0,250
0.473409558065285,0.7517826710537433,0.5620532875391991,1.329655449223987,0.20678297759638434,0.10144504712975967,0.10664787283118637,1.023566523536984,0,250
0.7958478374509605,0.5498246569879783,0.4915830573239664,0.9327151086864387,0.2078537349912978,0.10592102635363322,0.09524053972701597,0.5072972182300872,0,250
0.8919701933402201,0.5511287236191785,0.7122456586308734,0.5171131985545918,0.3394649301174495,0.1692096335996844,0.1298610447873701,0.3967274970392209,0,250
1.104124769151269,0.3923674607167979,0.5066337595554227,0.20531079322094453,0.25598020562080515,0.13447910292907464,0.16006218337903871,0.22560720045481003,0,250
0.8761278396538561,0.5683821278551182,0.5256274733107944,0.33593740033685243,0.25009091955124246,0.11888627613413895,0.10526271190175007,0.3455362082673239,0,250
1.350296228505444,0.38637744945156194,0.44859027164231874,0.5001348380466474,0.2854306280189229,0.12200082701732134,0.16702927342573926,0.27610886982669014,0,250
0.7274761065130925,0.6454992933001783,0.8313127171268617,1.035610605902245,0.5112874670363976,0.2486580907588654,0.13184420888999718,0.8420221738681317,0,250
1.1152424227642925,0.29449086930165846,0.48226229125996456,0.19523277152059657,0.2241352531501813,0.1330738510457746,0.195022896790361,0.1944401384771463,0,250
1.3664633422393788,0.30171643033189965,0.3907984316777998,0.20449555152083054,0.2397079869685826,0.1139631970401728,0.1780049674452849,0.18960769562453286,0,250
1.4249467570533583,0.20947946736660242,4.664312813777039e-5,0.2610615433469924,0.14645590702841726,0.06289494151776838,0.012178789613516596,0.17324027243230253,0,250
0.8555753199642839,0.5971649038224447,0.5771918979810525,0.5166364796256563,0.2611324208502136,0.12175685068858488,0.09531075526421257,0.411861740853464,0,250
0.8657078115925855,0.602724721710101,0.6426365057785022,0.3552201907941233,0.31880805503734794,0.14196740192286444,0.11395747617714613,0.3880031940466308,0,250
0.9437035473723054,0.5348131719940399,0.48521535092984946,0.19638478534013568,0.2576648612167271,0.11929624532761837,0.11447088534829886,0.2924659572664994,0,250
0.8442669956551045,0.5028336923203541,0.4711301841579978,0.3393114513840166,0.2084568626614928,0.11541130679126804,0.11273347787419596,0.31128561343410593,0,250
0.76191244467303,0.6131216041887119,0.5045996361476387,0.6464590871214879,0.22804142606749503,0.10954474803010517,0.10276090249753145,0.47644406107045284,0,250
0.9974391204982889,0.4291571738206594,0.4229021152965974,0.5518321042219969,0.24672491189560897,0.1316682064293682,0.20592064198891455,0.3234681542308756,0,250
1.4460781673479768,0.26093388621462604,0.24387042441962437,0.3348844692370485,0.26238101796790025,0.12538436201288927,0.36456485572256253,0.20133457586238698,0,250
1.1535038277703635,0.46070213249415104,0.49891890043511683,0.5943545477453755,0.3114898677681996,0.14012542988608978,0.1817041355158394,0.3435196312857201,0,250
1.1000528396362472,0.40216343744336075,0.37619572715983945,0.8357268200418541,0.22476088953954557,0.10982043113755273,0.16456438837363363,0.36218410686391,0,250
0.867915946366546,0.523927067618402,0.5626468795947487,0.51802906432837,0.2775494065214247,0.14323261237258567,0.1452473919416734,0.38983673451925804,0,250
1.3516220845525206,0.35532889385236366,0.6499172766950797,0.310067950859898,0.33826376222254506,0.15771586381941508,0.15362061818295278,0.22879780808762276,0,250
1.2838618969174864,0.3987238084871324,0.34636892793800256,0.3251325663153431,0.24593385970167506,0.10789888728609769,0.15463492662296752,0.2402270482878484,0,250
1.1205214275915811,0.4661766175279145,0.4073784621632381,0.7188501764585349,0.24292446994530742,0.10698913429691226,0.12895262063926838,0.3613876713275334,0,250
1.0657334972173613,0.5155933829483951,0.4401399654680851,0.4501688450466431,0.253414669653606,0.10686940991273419,0.10659465129197444,0.3322692434131346,0,250
1.3766430615796614,0.34703017123509405,0.4598474783279594,0.15236040325232506,0.43961381637233327,0.2054171409111623,0.4274688410478101,0.19523980429779353,0,250
1.0678501881011944,0.43105511359767495,0.32754205549781445,0.5729292244681076,0.21331788755252926,0.10350298988954276,0.14829716324112258,0.3111815908161704,0,250
0.40064155963939485,0.8018495423361519,0.6968306445202527,0.2770454991723047,0.2437242035974108,0.12360284373680945,0.09639320807306173,0.6431287412894209,0,250
0.9085374752239784,0.44616183851176683,0.4991444792558553,0.5471329193506193,0.21827742041577022,0.12377378073483596,0.1364330565059941,0.33359436082274485,0,250
1.3093824100640272,0.33114758508077724,0.562295031200821,0.2297833374712559,0.27556341785617494,0.13073571139144988,0.13834379062772567,0.20770756899430795,0,250
0.0021116027791010204,0.9987194724279816,0.9953250470648314,72.7972294727931,0.13905537769592236,0.08432850480754109,0.28445850592774014,4550.720174926058,0,250
0.9441385656285224,0.6113497382377154,0.6238654153562798,0.2447607599732358,0.36232193580599426,0.14676686578623566,0.11723019858329065,0.35559184209073486,0,250
0.3869785414431061,0.7788429708735446,0.6460124014075206,2.0942804962842834,0.2036125826654773,0.10832119810189056,0.11674831732521121,1.6023845742418112,0,250
0.31816267415439897,0.8158052469314188,0.783034573880163,1.864944637875762,0.21837684707931804,0.1262339161867351,0.10777819523018102,1.6016219164687533,0,250
1.0402705529341674,0.4988728314107564,0.5617191465624088,0.6033410053443461,0.3027662990123667,0.13878523392313633,0.14735607814917626,0.37767858395620396,0,250
1.1745747069883983,0.4105167123857314,0.4649957754448302,0.6863164793143094,0.2685608192356537,0.12297631936402505,0.1691490226329258,0.34039625651899175,0,250
1.4544558961899376,0.3558887879189581,0.5665002098748213,0.3632323270112238,0.5417327288108471,0.23351637211693954,0.42493266503920635,0.26270544864753903,0,250
0.9184614661911091,0.4654525889663769,0.6420616608217808,0.024131007342845002,0.2823698967271467,0.16170837082609316,0.1262986734651987,0.2204311002567236,0,250
1.4692465026232753,0.18917316101045126,0.2830566468203281,0.023583969916464838,0.24130210043236702,0.1059478177964874,0.26643578274879365,0.2796218794524992,0,250
0.7348941694825469,0.5961448839216175,0.494552706912613,0.8545884122829849,0.22759695612487227,0.11746854406488938,0.12969076715263553,0.5335303774402985,0,250
1.2092551852033193,0.4003041488863261,0.592429504790305,0.327123371317075,0.3071831029787671,0.14765000939007739,0.1501304585192971,0.2519605865169279,0,250
1.0696812333953132,0.5017563859133382,0.2411487868962931,1.2292370081330612,0.21412864309934587,0.08768265163831039,0.13057155613138488,0.4814022386210426,0,250
1.1618614787306245,0.439834481259604,0.19486510535890955,0.388595592339776,0.2578939632814556,0.11724209505505344,0.22473790668480337,0.26994152616821404,0,250
0.5666686166830099,0.6672984275567033,0.661718530539165,0.17591094870343718,0.2443666088808796,0.13903830638794296,0.10496931809039474,0.4222980153412748,0,250
0.6580030222280603,0.7098730626612567,0.6630573376683845,6.054166111523445e-5,0.2930132600011412,0.13409318515230154,0.09891191571344712,0.010604200959069237,0,250
0.9677842252489636,0.5553802358370342,0.6340933906249817,0.15900425536873228,0.3316297857568396,0.15007592267347042,0.11774097487301043,0.2916879334607464,0,250
0.8501705177616541,0.5996352029642138,0.6814688559865953,0.5947694645268157,0.32156617074254384,0.14873011796119565,0.11218380650715246,0.4597467186559955,0,250
0.9921733744409096,0.5296294139846663,0.4576407359980401,0.3284246783504755,0.2645101838291825,0.11952433497054724,0.13170227365335505,0.3137834077565506,0,250
0.9614489538228036,0.5207525940187746,0.6206550111672656,0.8988916484466274,0.2700251724324029,0.12887404955307769,0.10328066264903697,0.4678457291324355,0,250
1.030111949477773,0.4826620763748343,0.42075240490695853,0.3691276684348182,0.23796837406640714,0.11231520100178968,0.12759443546143312,0.29571100064520006,0,250
0.8426571539393105,0.6031733307443304,0.4990529116867887,0.8722376329859658,0.24524105268046603,0.11081419424674052,0.1140917785181658,0.5157553210521075,0,250
0.9107266908652363,0.5670084154015516,0.6602422998226003,0.9236167809147351,0.314392058201713,0.14672332589183534,0.11889377716416627,0.5312778127129578,0,250
0.48872970544897365,0.7756448222413287,0.7853955786790694,0.5531994749817286,0.38875249728520933,0.17903803333341428,0.11495945693559588,0.7242616285519433,0,250
0.965583328535971,0.5490741869394665,0.5260786463805212,0.753733786096346,0.2897607944332914,0.13092858158630136,0.1458445699359101,0.44481187505203007,0,250
1.2750418931671446,0.3076058852580265,0.1358739863990765,0.42085460111982914,0.20895780618946294,0.09997957655220108,0.25173114159904425,0.22973625038592982,0,250
1.1155909397208768,0.4139645453087289,0.40913426719042295,0.32418388502963524,0.24323373023836184,0.11884560653227884,0.16494230035387566,0.2564064288357238,0,250
1.132096280807477,0.37071771261048336,0.4134554567112102,0.6065204304813424,0.22740258280027856,0.11468057786395937,0.16274169388355772,0.30012940488147555,0,250
0.586388731949135,0.692508174273982,0.48678565074013086,0.6213118873915738,0.19790072300044476,0.10085030412671418,0.09653006223858819,0.5587034822690432,0,250
1.3457174812486725,0.32290229634941164,0.21852487590767664,0.23347592024091465,0.22757644307132208,0.10472559195333879,0.2192982136324946,0.19880245978810057,0,250
0.7013045575892194,0.5774218172991245,0.5377485275621304,0.5769822410178652,0.2306031803985524,0.13065669988392192,0.138406045614123,0.44995269573891944,0,250
1.0967672544292528,0.4888239789211756,0.5327912961916856,0.5202582208297379,0.3036779079228892,0.13480713121172405,0.14296272520891945,0.34467931942393926,0,250
0.9228613248160122,0.48523500865577524,0.3007843217596634,0.12321166014884767,0.19609930560962505,0.10281532750276093,0.13130590925286925,0.24229263204689538,0,250
1.3200837887933687,0.3568404767211777,0.3446810806741192,0.24655752878258858,0.2522347949673985,0.11450699742447466,0.18870520516502465,0.2141011590961931,0,250
1.2305779109926474,0.4023900627651322,0.45665619573044375,0.3657199645155057,0.27004934427695976,0.12201103929135336,0.17957546179623388,0.2572170521546538,0,250
0.860129913989572,0.5763283568739033,0.48480764506073937,0.656137744044284,0.2606499601546496,0.12277125573001316,0.1426047112406796,0.4410719080935739,0,250
1.3005003544581293,0.3391340799631596,0.4118830583442812,0.33705331318376947,0.2472950429338709,0.1161410639897568,0.16448305830286328,0.2278397549985306,0,250
1.1345834067068892,0.48065101944975247,0.3218710250260986,0.4744178636755693,0.25191689092433345,0.10745046680326673,0.155419967882654,0.3093042928838039,0,250
0.9915217165348551,0.48705783125229146,0.5506814284968191,0.23913494069303723,0.3235218907555665,0.16374591808082473,0.18845562791550294,0.2792263289422881,0,250
0.6724102998032669,0.6229030708558642,0.5794722104503089,0.5358378722425416,0.21238375171142843,0.11607086711291431,0.08899078176118393,0.46025642421529095,0,250
1.30461974892251,0.34289504925146613,0.10439192930045182,0.39392235435706596,0.26755647182575737,0.1254889695207464,0.33252555072167495,0.23615371670665675,0,250
0.7211553745300314,0.591077528719618,0.7125900622549113,0.18328201335425426,0.33831383231799644,0.19090678415033657,0.13071838826546897,0.3405449703928016,0,250
0.9635718124298976,0.5792226393683146,0.4681732183469002,0.4168622028328505,0.26354823425456125,0.11455824617815917,0.10751007379720573,0.35623420129261174,0,250
1.2024256487603318,0.40916693314903396,0.23856128151757883,0.5008631031801303,0.21729114808248184,0.09505796977128557,0.14536453744392006,0.2805672084263876,0,250
1.6520902945533742,0.17966912749500968,0.34960827906398384,0.07730630861152882,0.28858182785801195,0.13678552129341726,0.49981485480687754,0.13950379790218662,0,250
0.6171707020873324,0.6932304896454522,0.5745414354518493,1.3944255231799283,0.24429920643774988,0.11123674327204834,0.11863965036434278,0.9070803740802018,0,250
1.1407615031990648,0.42188627237552057,0.3042852270557289,0.32813507300759337,0.2135856253360515,0.09838666882590412,0.13103239929864785,0.25368484574757716,0,250
0.8052505737679354,0.596704579897225,0.4867480205378857,1.1103141021176959,0.2329972941997991,0.10622549622453366,0.10420702781686753,0.6036185219416152,0,250
1.0692336567439564,0.49768004424194145,0.5443334328041805,0.4183490979370453,0.3099085127881791,0.1409162907721336,0.14911424671384954,0.32248084934651994,0,250
0.9071704172241897,0.5565743679915522,0.5064037292361633,0.6229298888338916,0.24942754810881623,0.11574960840887692,0.1166545347301926,0.41125499732069903,0,250
0.7547507949903891,0.6227021001164479,0.5002044016627998,1.0008891338043644,0.21888888504270054,0.10096410542013903,0.0902075960642221,0.5913448565543522,0,250
0.22665042999090435,0.8935781999789115,0.8689564276433063,0.7964203902294387,0.8138547400684378,0.3822926068895302,0.1906307112649956,2.284778015494559,0,250
1.3700414566620198,0.2892137622173839,0.2074005286854739,0.24213224436518876,0.21688122973885096,0.10294760146608342,0.23531722961855536,0.19079125435824001,0,250
0.5043270814058167,0.7631210316803998,0.7146552853593342,0.3905774161551357,0.2941536519215595,0.1398620111269468,0.10387585875540221,0.6053350517128046,0,250
0.6517863619675284,0.6874127119765178,0.6461052270901202,0.6969259820178673,0.2559576554085614,0.12352262489980555,0.09008510840804193,0.581838249084274,0,250
1.1330198583609785,0.45261379893081854,0.6187618934186502,0.542448950588089,0.370823756527213,0.17170337423874915,0.19726446050706012,0.3485362601913427,0,250
1.2604171007291538,0.3955294287950404,0.343887926720275,1.0221258477654345,0.26769503282446055,0.11748455051824287,0.2188354734235222,0.39644931795904986,0,250
0.8573885888451602,0.6078114980440823,0.7516615263071565,0.1365758749966755,0.4376909293692867,0.19987107706820398,0.12167257492866938,0.3236117043463818,0,250
0.942934409190799,0.5100927888130145,0.4401412394927328,0.4761122643581455,0.2235090558554829,0.11037231386767724,0.12002484560320086,0.3347144020163175,0,250
0.9526237358722028,0.49116126605293714,0.6066569907175405,0.3992195902767698,0.27561437993739035,0.14168192051080022,0.12714454893300017,0.32085478618083235,0,250
0.9248585522494118,0.3783319663655347,0.2803422756898315,0.2213853622803427,0.17264061380050763,0.10492118585010557,0.16745032200526036,0.22637373006543526,0,250
1.3311314316068659,0.4126731451490527,0.48923547648894794,0.41233427761909064,0.29662424719437835,0.12506279056276823,0.14320773376065082,0.2673091304532761,0,250
1.311854923257097,0.4201852306721094,0.6334561350291279,0.4047905887568398,0.4466336590444803,0.192193345931313,0.23361738791018705,0.2912652802234707,0,250
0.8483942037067157,0.6110742938026674,0.5325183529072918,0.7856431439072508,0.2816851016764567,0.12411562262386479,0.1295869986948693,0.5163959357857855,0,250
1.4959358676989742,0.36893880285966574,0.7077882379720196,0.36720554507675507,0.572410539575233,0.24172027923945294,0.2835805471351705,0.2598615661670905,0,250
0.8433031599631328,0.5705054546735735,0.4029631317262287,0.942617759543064,0.21318932365010942,0.09964104510201632,0.11441245664657736,0.4990301273016519,0,250
0.6369023000706511,0.6957757696410007,0.7053845668969085,1.7147889956710962,0.30776971890413457,0.142412426394764,0.12156009802924991,1.1045783749543434,0,250
1.006264696154808,0.39554167830886877,0.5640510786928933,0.33599008258804824,0.252131807797292,0.14655085824261585,0.15219131110895234,0.2599107566842831,0,250
1.0020804449506646,0.40230827051041396,0.7136775875765081,0.37073222061151695,0.29678577838663717,0.16873525481817142,0.14869082028326802,0.252868012270367,0,250
0.9428400846680949,0.5797487798443675,0.6790890098320558,0.6522232308527567,0.3338515943167877,0.14356720800970443,0.10504089540701374,0.46092183309555845,0,250
0.9937027980552281,0.4486117890702259,0.4558798259703752,0.3554103742217682,0.21931201024231242,0.1143192683949293,0.11935324545179388,0.2798149506795928,0,250
0.7496689255135038,0.6352854008039105,0.6420141543976312,0.9700885441239393,0.25629530002046674,0.12028808387445097,0.09113488208938866,0.6123757057925837,0,250
1.0258629568678286,0.47989944268848483,0.4660100534915921,0.5298826364251925,0.24807801683372935,0.11860485402244135,0.1332663733197229,0.3346619130453182,0,250
1.244646776778912,0.38333554511446405,0.10335966553228285,0.4679193627850122,0.21843920331444577,0.09819137969962964,0.21088744214697366,0.2579416263580075,0,250
1.0983534329443834,0.4876996340663567,0.4748336687484826,0.5691742558169143,0.2630590202417887,0.11648459754436453,0.12090692625116499,0.3434235330000912,0,250
0.5861832493637275,0.6863376828157635,0.5789717164889167,0.9119865627766609,0.208221109125497,0.10784039372856037,0.09604369511606098,0.6656354512892214,0,250
0.7957912989249852,0.5348519670328398,0.5302853672704746,0.8968653485740368,0.2141303577028986,0.1156323561040545,0.109312332532981,0.48735649105370016,0,250
0.8333485514256668,0.5177496793325996,0.5843787555545115,0.3785191356650104,0.2732185850742587,0.1543694774567836,0.16194966675900702,0.33749934032184203,0,250
1.72754286418423,0.24477505126333607,0.08587218755663568,0.293742434298169,0.2692338591116615,0.10937140665963066,0.36729404161107587,0.18283321635416222,0,250
1.780825927780601,0.27645798547214023,0.1717136489736484,0.27211393801756534,0.4088276150507785,0.16027108934695414,0.5242253942081312,0.19146221267561914,0,250
0.9524747591910142,0.5108411571040217,0.5605280337042985,0.6055816523512048,0.28101386126854866,0.13975070216579788,0.15458285007440362,0.38343477906894585,0,250
0.7486423408652062,0.5449747117273059,0.3717984854003001,0.21781648724936006,0.18625310848827237,0.10472102876092672,0.11552281302466207,0.30662099266660336,0,250
1.5557534090438176,0.19946363411380152,0.4294297068408925,0.3467234467675257,0.29050686329668024,0.1413873457309332,0.42189324383228266,0.19025986966652308,0,250
0.810311731556815,0.6191763448103891,0.27873104131367576,0.9661902537233276,0.1938969558254686,0.08117490752475719,0.09499426036549832,0.5267187016114673,0,250
1.0264328039791326,0.48435155089065574,0.37551369088708503,0.23884048588078166,0.23560564907270207,0.11126020041886128,0.13702682402691888,0.26662183272237205,0,250
1.3033346310818035,0.3780028708096237,0.29199672184660336,0.4186330781460082,0.24434432228058028,0.10635798122414893,0.18008799980060788,0.25309726567497576,0,250
1.0166760561744854,0.5171890899390431,0.4330632336922712,0.641578019224528,0.27853533986979895,0.12493275236960422,0.16976223988588804,0.387571300201608,0,250
0.8369084051480523,0.5745060507157037,0.3211235206459513,1.3893008693390585,0.20574993540380598,0.09325760787965776,0.13098570763110023,0.6121119059325156,0,250
1.269742995975608,0.28297251883590474,0.3609736563342737,0.23747510094516575,0.353923303774541,0.1949801160330372,0.5533479041704532,0.19867873784973805,0,250
0.7865737732867654,0.5958920998651811,0.5223741748286387,0.35590276414995015,0.23874276529478985,0.11967531822205514,0.11183611980894805,0.37282807527930084,0,250
0.9393014812672539,0.6004660051014674,0.3731217664691148,0.5922406678050091,0.2931009760405977,0.11928937947121783,0.16943966522604834,0.4245476763518085,0,250
1.2189306092545336,0.35091706840151016,0.5471963092149477,0.38104780105425257,0.29676501876325057,0.15218770243251747,0.2218000077666963,0.24727897377788766,0,250
0.9255991119568239,0.5527801698053557,0.49266740587728663,0.8510223352749297,0.25426812470597643,0.11405266707982382,0.12217191707341551,0.4756567056721061,0,250
1.712586063820252,0.0754312612221395,0.6845776993432469,0.2105407902306014,0.33000400477257724,0.1667395180233323,0.6381932059971548,0.14557144374786898,0,250
0.9271540761954135,0.6037850364051259,0.6509314382565565,1.8868884482150386e-4,0.3315978010137705,0.1460534280067735,0.10203495302749854,0.052872590111998075,0,250
1.1171553505239207,0.36347230420119647,0.23196099391306468,0.39439170749887,0.19902069851536797,0.10131027310513609,0.1859156051163447,0.24741726686956902,0,250
0.6453539478837803,0.6656635969325286,0.6536378135050362,1.1576210837759509,0.22781997840564558,0.10967269497456544,0.08147915452294983,0.7446346651604364,0,250
1.4681657756207795,0.34936675518654997,0.325962365932418,0.39985346451440884,0.3043275606674184,0.1285757672173566,0.26688062364127596,0.2373707403377951,0,250
0.8070765381929171,0.607304603772625,0.5455903365786139,1.0691097428265354e-4,0.23899889134629207,0.12209602096764267,0.10192544037421467,0.028748331175324264,0,250
0.9846270080619915,0.4947046337330754,0.5511502724858602,0.3797960840917105,0.2649139397891311,0.1295981377588521,0.11922334479191703,0.314103332994571,0,250
1.1807905582576512,0.3688756902151009,0.35903555202697085,0.38835539712589284,0.22366315186255198,0.11071575612569913,0.16235753757146648,0.24743045282135287,0,250
0.7792020997763872,0.6375755271513192,0.6051116710072603,0.889144367949303,0.29722941103440315,0.13351838462182766,0.12206777473165867,0.6061721794738207,0,250
0.4493282824581822,0.7794058854049084,0.8167273808210557,0.5804493458119624,0.44784455373534626,0.22119051002324747,0.12176925617208136,0.7805057943024576,0,250
1.4639623957076746,0.2812510806199261,0.42692245265916545,0.15662654842852852,0.26941725155553425,0.12629511482319777,0.2227259621270061,0.17482865587091231,0,250
1.3490133833943658,0.19416344459523158,7.663273446337065e-5,0.36272660168042287,0.14117435578233645,0.06430360777290382,0.009041910739586082,0.18707448312901237,0,250
1.151683521497348,0.356916628320426,0.3131671036983622,0.3645880225968465,0.21784182950590292,0.11295697046022009,0.20204191096648125,0.23911203025553374,0,250
0.8328951010888022,0.5586353851438837,0.4611119342595016,0.7917889429729236,0.2126466212627459,0.1043647171313496,0.1023889293778512,0.45799774490479456,0,250
1.4130456420314546,0.31350007244793715,0.4526892360829968,0.4943058446518433,0.27391036101274574,0.12687538937376405,0.17973105458877264,0.24803152949386625,0,250
1.189549470455229,0.4078352090036378,0.2531587793610596,0.4746518831578182,0.20876938407108972,0.09406349141469092,0.14205903979804657,0.27176191568551955,0,250
1.3065407488530651,0.3523530115152751,0.4717925945694766,0.207718891512374,0.3082771204084987,0.14686414033848463,0.24018688216320763,0.2078810000711899,0,250
0.9591902042232621,0.4806744649015452,0.4533443623123134,0.3550545445792921,0.2334869134513747,0.1185399679718716,0.1362328530151583,0.2980523403072513,0,250
0.8690616158401289,0.5135075104952002,0.6100108061746395,0.22656987254517735,0.25996669901670977,0.14026254813073138,0.11187218081582899,0.2946926482923043,0,250
0.8980286361797183,0.5616925557523756,0.42172052620584183,0.6352293643215277,0.2276149753528129,0.10232329004585994,0.11131395414190474,0.41276428077464405,0,250
1.1730313393646308,0.43188783920311014,0.5535335311699204,0.3473981378105744,0.27822775116661014,0.12841415990018348,0.11770128012491393,0.2682113828203093,0,250
0.8248798124607023,0.6373467004406825,0.7237977600561375,1.3359542450845143,0.36568884708971083,0.16031564080117897,0.12399768006023637,0.7923225696720154,0,250
1.0184342717488633,0.552046759694183,0.4254452833916895,0.517942953213079,0.25019810686152594,0.10361152491628992,0.10542485242063811,0.3660467708366913,0,250
0.4438225018365087,0.7580115486179574,0.6377710323766533,1.1561841087068283,0.18895339281449244,0.0999569202653349,0.08946834169784462,0.9342354433038399,0,250
1.2344921238457898,0.39111844422288183,0.037994963968902826,0.6627314656673099,0.2228595074661168,0.09661339156872868,0.22178171858856993,0.2993575804372346,0,250
1.727363039357927,0.20241187390204618,0.18310525365212382,0.13616914813413486,0.2799279909090441,0.12313764752987402,0.46263884162870966,0.15053621846895293,0,250
0.8673631893705643,0.5355025180159557,0.4782531793204768,1.021778566239057,0.2242722050196506,0.10837533202337393,0.11248637883866654,0.5138798985772233,0,250
1.0926991500260852,0.393433110819752,0.40381096401764777,0.19529264658704865,0.2401306394970131,0.12528104794879452,0.18942655019064153,0.22259546150634138,0,250
0.8790965926571224,0.5126961186265098,0.1304230724908497,0.5572662804287603,0.16275293516414802,0.07721359344796846,0.10091367680864534,0.34046623944142324,0,250
1.1893129184604074,0.4309171259388094,0.6912752493825763,0.5822817225246169,0.4257608050692174,0.20225300399777635,0.21539271290499604,0.34892302276503095,0,250
1.2784491335666182,0.4214609445226397,0.5167977607699304,0.32330407522290683,0.32674632539519294,0.14070905966598832,0.17368880303664708,0.2589969557260132,0,250
0.956436359122863,0.5389930018510197,0.6358613317921213,0.6804073177226034,0.36104420352180316,0.16864256098116553,0.16387007960481964,0.45507785068337453,0,250
1.4727428466225836,0.34642788867945434,0.014535546504741289,0.5229352784007919,0.2625238493897627,0.10587737086834773,0.2747300671049363,0.25288118799392884,0,250
1.6535378183689116,0.21949300414248515,0.35854622011509757,0.06063517876984434,0.26671228595421725,0.11736860741115122,0.2755557419183867,0.14417047920430578,0,250
0.8254733951121396,0.565125508663388,0.610124461867563,0.8157113206667647,0.2557334959596898,0.12912425887727882,0.10868342663926618,0.4931783476100804,0,250
0.773615867696088,0.6037675496691957,0.6585051584221239,0.4420726028089725,0.2755143004070315,0.137686289979694,0.10083464887835632,0.4181527819795134,0,250
0.9098680443862586,0.5475416053756137,0.6574897762441299,0.010599508929434549,0.37497203261846496,0.18797869904609807,0.15108595552030285,0.16056145910793607,0,250
0.782677441977642,0.584110325996324,0.4715823248892598,0.9579100058794078,0.2151970846181279,0.10600309935546585,0.11067154986045462,0.5338015683438064,0,250
1.1909931581676174,0.4954382531921594,0.5699096917609929,0.9502512268562661,0.38674952673498114,0.16063051564409295,0.18987719394968888,0.48021799649736296,0,250
1.1838991465169328,0.4348914564186498,0.5361020814899743,0.2484877240901762,0.3010172449380464,0.13681259246360328,0.1433883188508865,0.25041400029123234,0,250
1.1518334893984283,0.4335246272287664,0.3855531667110525,0.09669427662238718,0.2492910181818642,0.11433586374158901,0.15043593853189438,0.21545922376836826,0,250
1.0432391422829232,0.4569290969824482,0.5526154065790074,0.6769590435400544,0.3160471252178088,0.1559755435860103,0.20693855256203078,0.38580271309870645,0,250
0.9942849619195651,0.5300924136738485,0.5642921071771223,0.11184373036670557,0.29349287934880813,0.1333735425432226,0.10711479334151049,0.2682089267411596,0,250
0.8909494869391423,0.5810767959210663,0.6438999513024112,0.515334716713278,0.3154586990112901,0.14452459895909603,0.11515868571254459,0.41778995339866715,0,250
1.4448702268554283,0.34173803191818386,0.4312084473079131,0.5623174751441401,0.2959734471382817,0.1259403671100847,0.21125520804477338,0.2722034655482885,0,250
0.7567745799338683,0.6236327145253318,0.6418305677884008,0.20875117028495987,0.283600301258304,0.1377550921011376,0.0992823297046944,0.36773410671255613,0,250
0.9384611433711589,0.6004441072334362,0.8240781060003466,0.2413716522225036,0.7810274124784977,0.33189685488955817,0.16063010945575495,0.3732817175159199,0,250
1.164298644329442,0.35084241950000067,0.6659889879010811,0.28815498419552843,0.33263661927321925,0.18101546564718876,0.19849013873338586,0.23227586867141128,0,250
0.9632950914193833,0.43299340067078884,0.44809718987640645,0.07896754247089666,0.22823591720131275,0.1293985759062997,0.15334629067991878,0.21630455736830498,0,250
1.2214286580008327,0.29863454519785587,2.4085314616098663e-5,0.5398313211058978,0.1435430432241895,0.06133934819781419,0.005273459896043648,0.2422460118146656,0,250
1.1786895009284324,0.3776818317902101,0.16809355257085673,0.43172200892314455,0.20690359846772494,0.0983411594658759,0.19043050028873237,0.2543070869542439,0,250
1.1449209992571514,0.44319685732421615,0.26185595784712157,0.5073355773933125,0.21938338961563172,0.09542340967690763,0.13989421514154726,0.2970378075923595,0,250
1.1820009993116634,0.40758509860664555,0.5030139213077108,0.1756558156740268,0.2757189314543054,0.13049801246305606,0.1420914967938215,0.22390522450436523,0,250
0.5448730076470559,0.763391937241022,0.5435180898952847,1.3130309166682068,0.23298195108195793,0.10485800635229148,0.11396441384381274,0.9095818072779025,0,250
1.0307342155067745,0.49250569059762855,0.6273623734374931,0.43428236834647926,0.3076264518781763,0.1454448694997299,0.12079821087948395,0.33085123082947243,0,250
1.2260222940209133,0.3703273637668334,0.4313176559058043,0.2256064714584507,0.26164633842950696,0.12737575559286612,0.18686636028467643,0.2170949734831572,0,250
1.2787493973675363,0.2913345952897022,0.5760996294311925,0.6251155331683597,0.2728563113057305,0.14324202231210847,0.21356577669134885,0.2773947091365921,0,250
1.088527317509266,0.4957120682514952,0.5813487678663131,0.1830933337624208,0.31804389550366075,0.1457942317160506,0.13974848790263805,0.2586518220501327,0,250
0.9783999532544908,0.5447970663505315,0.47477704034653145,0.19026151773259742,0.306165280684789,0.13839452259668303,0.16484599611141434,0.2902760182477287,0,250
1.0266222417017217,0.4418465880208226,0.6455919489448094,0.07449970877740497,0.29654796800885846,0.15743654837399138,0.12379506535297731,0.21878688950505348,0,250
1.095223987234877,0.4996316672719623,0.45678286491642495,0.5648746998534334,0.28635824109008584,0.12250505233184054,0.1440073804841853,0.3579925229528276,0,250
1.2452188212593522,0.3461273056890047,0.35535934476305264,0.10140213418996383,0.224791125530295,0.1099301231132982,0.15711263901796313,0.18506495430380962,0,250
1.3745227370920052,0.20616183393477372,5.442326959676674e-5,0.19736272378522615,0.14103964484484355,0.06307784056077072,0.0238156866784207,0.16399249638387023,0,250
1.7534897948559713,0.22100036257555405,0.4293674525975643,0.11305091453100612,0.28877361546097713,0.11855806163079052,0.2509727382922889,0.1519997493488527,0,250
0.7436711028372649,0.5533719474007619,0.6756808884455963,0.3549922286118748,0.2783474749208192,0.16477287682452826,0.12344520804208364,0.3637174070460878,0,250
0.8016491649975974,0.5860529176114542,0.37250445166143753,0.608459309214116,0.24045112090571286,0.11636722432952318,0.15750087410690702,0.4346771997633286,0,250
0.7549595338341805,0.6272128988650997,0.7777872377691928,0.8634789631997398,0.3767955236075481,0.1839881668712762,0.11442955788883737,0.6273928189332516,0,250
0.9185120400750422,0.5395071893737666,0.45804862705432464,0.9004842948974674,0.3672390389633457,0.1728846718280821,0.2807417182968482,0.5482983645193096,0,250
1.3839638422275888,0.3553651618133694,0.023431287485513683,0.3523913761031946,0.23005999505855818,0.0970696847354562,0.228463099847442,0.2238309679230537,0,250
1.1852336041692293,0.36485207076063597,0.5130411330307875,0.33602147080467654,0.2873143409562276,0.1463442301570093,0.21136481469390458,0.2441617777249113,0,250
1.2153538954799343,0.3302156485661318,0.5031442835524023,0.387151152071408,0.2496992879107229,0.12875115292860762,0.1691961987029563,0.23927224189226562,0,250
1.7538756578022392,0.2164419464393688,1.7509882820851623e-6,0.38612055235554626,0.17622260040512344,0.06320398779259763,0.0011447703189271232,0.1870923545630432,0,250
0.9149366664652899,0.5513783572938025,0.6725815701209067,0.15405888414492921,0.3592217338652855,0.17215975491125032,0.1355768627395309,0.297418037027978,0,250
0.6855362884291448,0.6328822668453525,0.44121698733201087,0.9417259196716962,0.19400902628913635,0.09400294313919717,0.09459807384871312,0.5838087344174389,0,250
0.9853094652511254,0.4938459795489612,0.3294484204362727,0.25049414391073843,0.22168200810179317,0.10788116599637086,0.14266544287764435,0.2704257804687629,0,250
0.8544559836768606,0.6341707119577669,0.7023856558848183,0.6481756842753924,0.33028213270519197,0.13750790634269353,0.09380720097711205,0.5088753344275011,0,250
0.8288024715397072,0.5447470627251476,0.8435261022432909,0.2073042126384526,0.7346488198213498,0.40409317586673027,0.17946995213709982,0.3327761815972367,0,250
1.3260354159970735,0.40121115074271857,0.373882082185366,0.6636847307217484,0.27001991195642044,0.11271374710592037,0.17283816907759736,0.3137582100064086,0,250
1.0985500051333519,0.43484509419028555,0.5512767915315945,0.6620341158260901,0.34829582655089897,0.17652475869568576,0.25754642065052674,0.36530821486158616,0,250
0.7626159095887458,0.6299732786023983,0.5727322511899174,0.7079675530970483,0.2431996764434836,0.11542724272044039,0.09158471114747962,0.5070807656290626,0,250
1.1197151737671087,0.39380870441203153,0.43335320969997454,0.4937361613500332,0.26211201759704006,0.13153594293156326,0.20241460137285983,0.2918694568178453,0,250
0.40613944883703096,0.8080874617164179,0.7376803904149016,1.1464525920863857,0.23997058431619928,0.11432521503050133,0.09880158795621487,1.0570667390353228,0,250
0.8337040094854532,0.553344393562636,0.6441916801055477,0.5165983147094069,0.2847995052058671,0.1478622479138455,0.1206224253373887,0.4039016186709954,0,250
1.0255822351784043,0.49856818756572363,0.7076818888236869,0.6748900825972531,0.36937937346592464,0.17734892245605477,0.14884363348918564,0.4146019902772887,0,250
1.019413216635206,0.47673223155766875,0.10715932890532504,0.4379271801148544,0.18181896491439523,0.08045320125269326,0.11701876249776429,0.2941911537353746,0,250
0.6977336397170729,0.6566996984674112,0.487559639501237,0.671028422133323,0.2399894700297107,0.11149597715830348,0.12262836371798151,0.5381423611577809,0,250
1.3840194514051687,0.3354604150091071,0.4244209006983681,0.34148342044408636,0.25714379522261954,0.11556761432508768,0.1618460790128355,0.22350337256769345,0,250
1.4431598718615293,0.34629460298070375,0.23408561166102398,0.24675267708960158,0.2344234323150245,0.09649621365713375,0.16049372978702375,0.20569661731652197,0,250
0.943789957357245,0.54200736003789185,0.4340984342332725,0.46068320305719107,0.23336545132460115,0.10721003264005698,0.11293837889366509,0.3497216466902019,0,250
0.7527877584874172,0.6533724606033694,0.7788411962320694,0.34066178776150174,0.4136896419150515,0.19321189345163398,0.11631340496639593,0.41406760046172914,0,250
0.9619079375680971,0.5150647063798148,0.3073411121324635,0.3164391957253398,0.20890822418388022,0.09659671244339559,0.11496940611420318,0.29738372441086774,0,250
1.090607163343166,0.48532080961225416,0.6494929014020833,0.39849695905535043,0.31405852389360983,0.1449446195151057,0.11467036745178487,0.30779204495166684,0,250
0.8680210227672052,0.5127469281978024,0.575436335445889,0.2962496048802668,0.24461123517391226,0.13296238361686377,0.11525250309052223,0.3079099738410193,0,250
1.2235809612312103,0.30886555934601556,0.3130676766880291,0.4019185295108955,0.22135048039556376,0.11482239447962861,0.24271347986960987,0.23086510280650938,0,250
0.46698789454250617,0.7715128422604365,0.6308116169165084,1.0199277179143076,0.21216695978869418,0.10455722043507815,0.0913559388668773,0.8808013879272125,0,250
1.3620431149411543,0.2592438185575843,0.6945304042311293,0.0035880805401525846,0.37172508575334107,0.1960653650860922,0.23665893780629288,0.13968159261961202,0,250
1.098866590870675,0.496065129585446,0.5259971629197436,0.2568934391098357,0.3193215112030443,0.14307027106383596,0.15769407434571472,0.2774008269230201,0,250
1.2693789501065162,0.3741079978803677,0.34430056056375297,0.35406932502348704,0.249862321499536,0.11712526952134063,0.18700559516461118,0.23899841327758523,0,250
1.3234834725061577,0.35656397681877916,0.32260671399324636,0.2574946393877755,0.2802786746837453,0.12920550098811748,0.2600483883920216,0.21572302485590347,0,250
1.6915132494716292,0.22925354713871332,0.48302373362960166,0.13818223491062898,0.32733339480430546,0.1401704772627213,0.3001439823567701,0.15926637147001904,0,250
1.3993140166261222,0.27225626108518464,8.109156637582438e-6,0.52304739601351935,0.1570736760060264,0.06182376087233962,0.0029900787747128635,0.22827760936875732,0,250
1.0243625227480433,0.4526724723458714,0.4930316673348874,0.23105484641398297,0.25552092149549616,0.12897881514237275,0.1398530040447277,0.25722229503966826,0,250
0.7622869061323131,0.5939277887538799,0.606776742845882,0.9783576755575579,0.272546208014363,0.13983605041136085,0.1382077821420794,0.5928601571419757,0,250
0.9161367301720151,0.5448255721144574,0.4619269569652636,0.46574361912635504,0.22825965175234864,0.10957047400302346,0.09921000627165542,0.35364585994800807,0,250
1.2303278069006387,0.4411429415284898,0.44229526523354246,0.26315728068874045,0.27676514937522817,0.11839039450022115,0.13628590061617182,0.25003041745024296,0,250
1.0781363601982494,0.5012717157781577,0.3172323103826989,0.4746993226231768,0.23718951646062483,0.10184987251975945,0.13620891762051338,0.31965966693897585,0,250
1.1260248493296179,0.4718020195389173,0.7295551725760854,0.6492921445102947,0.4427023766409392,0.19931821993942792,0.1517782888124229,0.4202369800619888,0,250
0.999217217661154,0.5350303151952451,0.5458312440091375,0.5040262088978736,0.28817708044899054,0.12845457649657066,0.12624953917591772,0.367639173897861,0,250
1.043789353144267,0.4664679788242445,0.5500588077916121,0.5030500661474543,0.30558636271302847,0.15393319578769404,0.1627873308724018,0.3315420037150972,0,250
0.898890052727218,0.4741469765189603,0.5157123030419773,0.4281249176467281,0.22679423731806553,0.12450883150617349,0.1218461286287626,0.3193639026905128,0,250
0.7123707527960373,0.579165421287268,0.5062698319476653,0.05173650831876506,0.19931211550202424,0.1124749367973636,0.08608533138888175,0.2993913895801288,0,250
1.0200192021424395,0.3384419488125454,0.05321985826126761,0.01075946945932813,0.16683611890824038,0.09555708191039422,0.20992750105485355,0.1771670652865854,0,250
1.0131501986388367,0.49206694821849706,0.5962445194825261,0.5840267681455193,0.3306392511418737,0.15773171483356055,0.16631551650084153,0.38494474505957793,0,250
0.9561957521917351,0.41737712489097867,0.5746432901293189,0.18328286519382925,0.23681388940784637,0.13436373576115992,0.1305883915441168,0.2385466175025886,0,250
0.6702949084880709,0.6750017395096553,0.6644127280811969,0.14265178134151707,0.2931901527580375,0.13919186479022158,0.10569310308404549,0.40193849936933895,0,250
0.9412676492942641,0.5569931055012551,0.6564239076900066,0.7638591724767884,0.3144265746681676,0.14520069639675443,0.11917159931560858,0.46640162811559077,0,250
1.018520989400285,0.43495467384844977,0.3241646139258023,0.22101256975766592,0.21416345283930843,0.10998156929826604,0.15786495043682228,0.2426815303983997,0,250
1.0404106962461763,0.4818823043342086,0.25745325234574,0.11084826662003687,0.2121446920375601,0.09885022557172554,0.1322236711865592,0.23061312270795528,0,250
0.7104531767748736,0.631921133664189,0.41809525313327045,0.7647042724068326,0.21091959619920042,0.10173025904551553,0.11858228741693437,0.5226007408789564,0,250
1.1090150355690735,0.46717955422537816,0.3777825337975797,0.8619659983906184,0.24468631859082654,0.10757356083237316,0.14828765729743176,0.397199267229254,0,250
0.9549152573838505,0.5043516901718994,0.3530802927660898,0.30591616260359417,0.2367776238548957,0.11703534493260073,0.16259639866484066,0.29158744561410527,0,250
0.9183680266351609,0.5867150785879206,0.45910585876347487,0.5084367913448654,0.23992317832713791,0.10220443951939619,0.09067475743825171,0.39489466375494586,0,250
0.6737659053214927,0.6357166102254544,0.7303092678805223,2.657157462389145e-6,0.42182185836379965,0.2301267831225298,0.14444137596381532,0.0011886874761266556,0,250
1.1568667890783082,0.4423899349997549,0.2967981684673262,0.6636988357618142,0.2407313354521313,0.10794207618274489,0.17643564635359732,0.3306053460770089,0,250
1.2350394698561997,0.32224167069464876,0.46172011979033306,0.43514618823691836,0.2518829200265947,0.12842884307289593,0.2035163068379186,0.24613191619188138,0,250
0.8854996405096279,0.5628424951504452,0.5141552995417089,0.7415584286892953,0.24040924108815231,0.11099932418910241,0.0961539161338823,0.4533329444579791,0,250
1.1344547221855006,0.3472111939285253,0.5000225454771126,0.31931291871421796,0.256451649100644,0.1365549983387947,0.20380034370770808,0.23686681610463925,0,250
1.5982404113451554,0.3465750036098118,0.2929224905317769,0.35694775383296873,0.3780319355060085,0.14843548026649864,0.3522586988477447,0.22962181428100575,0,250
0.7660396107588036,0.6396294579683389,0.6921622339966991,0.6636279418484669,0.3389682882970315,0.15625263632460187,0.12009340008213637,0.545611625612672,0,250
1.1281250801893945,0.3962789861618082,0.304303424596349,0.3485952383793529,0.21896721955181297,0.1058308030346192,0.1685104728952469,0.2512732033887124,0,250
0.6835706240823326,0.6868598204749351,0.5851565231748965,0.704949642824921,0.2531947890925597,0.11273165623638642,0.10008911446294957,0.5860714835916486,0,250
1.0895097340115254,0.3754030150161965,0.5229287342207931,0.2970167884449334,0.30831211155863075,0.16887382635843542,0.2721658390463684,0.24635739095446943,0,250
1.0463918560745806,0.4896807308180118,0.1528069064459362,0.44948600808685346,0.1882905818416155,0.08053340696677794,0.10569195427422702,0.3005447181232529,0,250
1.4022927920068398,0.26726984704402706,0.47283677260624807,0.5836432750723733,0.2553788540582064,0.12241390989988403,0.19703272678789882,0.25372191488201895,0,250
0.982090602565198,0.4575509712070398,0.5981424219425291,0.4208759283425164,0.3435172233314781,0.1878869172981918,0.2297182123015169,0.3164246321176846,0,250
1.168959045907498,0.40380630050556576,0.6525499558177208,0.5563395849513699,0.34132286156369246,0.16886386298651426,0.17755428227829984,0.3192536603728884,0,250
0.5698639209832772,0.6832512647535843,0.8960638150241749,0.5034898055540084,1.0865484586240222,0.6039799573295951,0.1676844890223842,0.9851007625536429,0,250
1.1155024187338392,0.5073400567223295,0.2626187872594118,0.6718137496886311,0.22961792073653947,0.09097358030209478,0.12218928768620846,0.36239098900878874,0,250
1.0053942198137975,0.4801815991707837,0.7243714202755233,0.34943261467637593,0.3724286774420982,0.19029875267764063,0.14163214836466853,0.30693632352469113,0,250
1.015391626573884,0.5150615701539942,0.39635734722190613,0.22316026415531914,0.24079185855675847,0.1084155544776889,0.11612132112968415,0.2780354757781848,0,250
0.902363563870083,0.5726152978105958,0.5989814747237531,0.7376201244689614,0.2831266688292475,0.1286030961612804,0.11386160134318965,0.46934858327783735,0,250
1.1170011338303356,0.3897519805010049,0.264330094494281,0.20387979077188056,0.21111253853074247,0.10687841186881145,0.18136255512692928,0.21808775385283768,0,250
1.0604756149309034,0.5654218547321378,0.4119581971818878,0.2795200535876813,0.28978161096641225,0.11430370116581741,0.13177353882161644,0.3137157000434428,0,250
0.7656497798797937,0.6496339180703352,0.5746339998579069,1.0654486774498422,0.2513934475408545,0.11005005672263977,0.09557185691586134,0.6473698740056646,0,250
1.7172707315057052,0.22861464657494776,3.2907336835393177e-6,0.47391438436160366,0.1777877207063193,0.06262629885200521,0.0012063429604549324,0.20396160568252203,0,250
1.3397940718919712,0.22840011560167814,0.3528979793476194,0.5862728541417318,0.25653639355797514,0.13849257047276692,0.4171521627475569,0.24710404014218737,0,250
1.045880235947545,0.5082376182525662,0.624128489247898,0.401995193278331,0.30662128521477505,0.14172971398016898,0.1112340829099326,0.32183346886684816,0,250
0.6537041068656726,0.7117466971674318,0.734027213716794,0.955906277097838,0.33293922968317696,0.14428572106122647,0.10505165031371938,0.7688407957241464,0,250
0.5850855858226183,0.7264586926497599,0.5596058802281654,0.7474526350663019,0.21512000714974744,0.0990015869661907,0.0911211440608834,0.6483711882527861,0,250
1.4477508581090188,0.3037154254481769,0.24126108125192683,0.7005822921283968,0.24644692276693508,0.10693565542923124,0.2501863826716542,0.2786640418888471,0,250
0.728094077496952,0.6276727344165827,0.5056138296511938,0.9614218419725467,0.21928777106557185,0.10295618377358876,0.10122598259269618,0.5925807112735978,0,250
1.1442019603696205,0.41679967393309664,0.4143134764624417,0.30609032965113714,0.2688774523484504,0.13149654578504374,0.2028599408995539,0.25047174178684295,0,250
0.9167009662863022,0.4802372389963646,0.5446434330336384,0.6740506556007555,0.2523170415385301,0.13477360356271953,0.14864137274080597,0.3905544187847661,0,250
1.0204125836035154,0.446718792928015,0.4338542566073268,0.4785794596632533,0.22214747747470737,0.11227175324271943,0.12869855565862037,0.3043217108335036,0,250
0.8013738347564001,0.5671499337294001,0.593757328252734,0.5227527886609691,0.24666963133364175,0.12821452489018265,0.10306199118559659,0.40927656470825036,0,250
1.0865641003139679,0.5572874935243768,0.7561209656388754,0.755017448850867,0.5120219717989721,0.206205561965939,0.14760380661422515,0.5140192818532106,0,250
0.6404182896916304,0.6439972647567329,0.5720588637308672,0.3780176940166172,0.2567946763633533,0.14247889259367172,0.13327281916983805,0.43987465642186374,0,250
1.0976423632534993,0.48350864888817807,0.22886490914034127,1.0557035651590723,0.2084175630147482,0.0852583808073073,0.11890680431704899,0.4299077646991057,0,250
1.5544727860899967,0.27659288024230155,0.328538012581172,0.281452522033482,0.2564526111070623,0.11134748919926735,0.2157131218460427,0.19236463629768774,0,250
0.5237467068525521,0.7347775395351064,0.5970678637621615,1.1686201389495512,0.20486044439570164,0.09855633260644511,0.08412041592200148,0.8742526695876708,0,250
1.3517311091376842,0.2917724985038476,0.48850452421368296,0.17756741772723175,0.2773083448497677,0.13930742599493368,0.23749339302918876,0.18333702939904578,0,250
0.9383520015627813,0.4850839020423889,0.6234548375909974,0.46525635524887354,0.30710099552976416,0.16243983446421775,0.16405871658475984,0.3459859203878939,0,250
0.9870612657175293,0.5002483605371458,0.43210278635604354,0.7014511142777956,0.23161347383617542,0.1061326310268105,0.11984719007387346,0.3901333546561962,0,250
1.2640538919112418,0.26310417395594815,0.17715026408884554,0.2903193318959961,0.19128106976374334,0.09794176020492643,0.2416752426789661,0.19618067173546233,0,250
1.290102546618206,0.4015511177521628,0.5179276861021059,0.4840126169345433,0.3146806120290898,0.14271250643097041,0.17763920563585364,0.28275681299529104,0,250
0.6614824002589453,0.6044099328064918,0.4373432066069491,1.0464935462462173,0.18345892538093816,0.09990477086969342,0.1096797359651465,0.588531280292193,0,250
0.6244838439038212,0.6521273285647484,0.5762867150851544,0.45060610930161304,0.23206849885758893,0.1253061370890087,0.110591682792901,0.47911577896401064,0,250
1.6551577547408471,0.1971966114051832,0.022002265389391373,0.27941924728684386,0.19870924599154016,0.08422891105994988,0.2869418336966638,0.17024997342509118,0,250
1.1361294497080139,0.5373352756142432,0.45245112117359415,0.43782889762802596,0.2791485551986997,0.10866652373672277,0.10399462063801783,0.33366137408231483,0,250
0.4711967136659578,0.7440800747496832,0.6274641020914002,1.1109856968478466,0.19638538744202605,0.10232834333491257,0.08526288170148943,0.8929925849937699,0,250
1.0697978077213577,0.416511291480222,0.3552470699593932,0.3009984420931538,0.20768904361752424,0.10479613187114607,0.13305997771397687,0.24859020635729634,0,250
0.8582637620981626,0.58337012576068,0.5855182894038152,0.4268330008854122,0.27045984654779054,0.1245655824099577,0.10291483738725256,0.3937268578199969,0,250
0.9918860058141004,0.49142811324700375,0.31521405626269833,0.27292778204758206,0.21246132061033857,0.10130072623286147,0.12828184619730468,0.27379658771196447,0,250
1.1924872235634707,0.48043821129590725,0.26841636309115463,0.5459276334892676,0.22720238828205777,0.09203707103667985,0.11936044796804562,0.3125013745292996,0,250
0.9245066614037336,0.5482499360254625,0.7008621915986787,0.06729514602825418,0.38421558602721445,0.18668211246625607,0.12897035521752834,0.2667948688969637,0,250
1.5204796591699208,0.3169027082950758,0.17573643681160134,0.34829567419080526,0.2698174226508376,0.11078414414654102,0.26876470039771455,0.21585923010186614,0,250
0.8351151023021692,0.5144067482476377,0.4343088797335015,0.6501697788091544,0.22320634465434216,0.12183493393303244,0.15960143044971234,0.39783707396363005,0,250
0.6923738671831337,0.6332738943238465,0.4824181836036945,1.0616722532842502,0.2027309357560081,0.09888596467091498,0.09142960625281059,0.6251497024661811,0,250
0.9662851037433942,0.5183849343701078,0.5540378273917493,0.17800428877608873,0.2917501043863244,0.1421634148443863,0.1328698386076843,0.2759092796022955,0,250
0.964328615164524,0.5126080525611157,0.411291993657691,0.7626225664218862,0.23310581812042133,0.11264949559337863,0.13003617583773583,0.4048248854592734,0,250
1.0488755577776332,0.5134156558245825,0.5994735221924828,0.37068497769402503,0.5416892934803459,0.24955810979550422,0.30581830538220056,0.35357107512975505,0,250
0.9744991486234887,0.5254150792742323,0.513448030632774,0.46131324317233574,0.2741903699291214,0.12875071835208637,0.13734507404472684,0.34878591002160714,0,250
1.2543675594581014,0.3373715048139191,0.40806812952707605,0.37665950086358463,0.24231106386645737,0.11674535994704936,0.18346509210396267,0.23732611493802477,0,250
1.3679309689994252,0.388913696111873,0.23549538909387568,0.42392466340552654,0.23785260690018592,0.0974222378725989,0.16474356343937266,0.25069183095680325,0,250
1.2576039347134425,0.44388730495405243,0.5162097727291477,0.675998751290907,0.31343454979961605,0.13024627836178224,0.14712628987680496,0.3535253746379729,0,250
0.7148071637804914,0.647013629861139,0.5362957705520244,0.40067272351414773,0.22236865226072586,0.10351976189163489,0.09851008678696449,0.4364411123259385,0,250
1.1453313901114068,0.36656543515840345,0.5688472014921365,0.2631285834255592,0.28692640366170413,0.15030125093201616,0.19209820452079754,0.23131960245493907,0,250
1.5341815646301953,0.24223203690693815,3.6752725920011417e-6,0.26330296323214086,0.1597637873223721,0.062417322542758634,0.009045166360494936,0.17815072059604506,0,250
0.7777330837657374,0.6499213144227495,0.40637962027520824,0.8331838616371525,0.24360664663103146,0.10046274697332636,0.1273834260576303,0.5583221383516322,0,250
0.5823875533151976,0.684140021091607,0.6520058184626477,0.9102541861630601,0.22788583878378857,0.11821790212079623,0.09417722895893019,0.6950103637092448,0,250
0.9382850950669651,0.4929914570315374,0.5293683758105892,0.4772509108549265,0.24447519641034593,0.12448552134281488,0.12263478804593617,0.3391306245323633,0,250
0.37407868312638953,0.7664770868019873,0.5795611598773664,0.42077950222589366,0.16488829040625239,0.10131413625149183,0.09037012223381065,0.6730538553177012,0,250
0.889678590337185,0.6181420513206616,0.6272365356971549,1.2324907260973736,0.28528106461068947,0.11928882197834954,0.09788731923064847,0.6498592056258049,0,250
0.555103909650982,0.6917498651854367,0.795951815510768,1.0781947177732383,0.3709695596221342,0.2022727872121709,0.1312072543540448,0.9223546803169412,0,250
0.9052017901683826,0.5552832286675726,0.48361542069867397,0.6200274485227647,0.23814150099499232,0.11148950004457865,0.10889335630024459,0.40409693305252264,0,250
0.9387565684972934,0.46942335894059106,0.5631360056311149,0.3533929058568604,0.24053038697762616,0.1293213241658439,0.11202609003040283,0.2967864177211995,0,250
1.003750001954899,0.5057119431729691,0.6957319006480664,0.4876513788788116,0.37878848060076087,0.18090012765925934,0.14510841307848496,0.37203593049543804,0,250
0.838336365761412,0.5427469096747775,0.5380942833711868,0.8001900434717192,0.23566677690475035,0.12028038191913037,0.11503595931278968,0.46535964619282416,0,250
0.9588494393764307,0.5306498290800914,0.40621974899479557,1.2233461964444063,0.23185030694532616,0.10713151769681323,0.1260407622126215,0.5324222946551812,0,250
1.2357789909462582,0.4497792895524128,0.4502866016620382,0.056074396623750813,0.2981268339517047,0.12847210405306286,0.14913258781296396,0.2108692126725792,0,250
1.311528625968796,0.42857354800601166,0.5394147222326783,0.09068680169546449,0.32563881933033595,0.13849075195376187,0.14206029595780667,0.20739064768671256,0,250
1.1065777231104097,0.4199184624374154,0.17134368350876408,0.23766959506442015,0.18216788225566122,0.08524713080728245,0.11757070752210856,0.23131599519379226,0,250
0.8330826996761144,0.5572958192240655,0.5649938712364467,0.6420284138193101,0.23723346027687178,0.12045809529229679,0.10539529564287776,0.42631477865810447,0,250
1.2877892235625348,0.40274336340687494,0.4899667223168482,0.23525814299429187,0.32440136929158003,0.1454756035086789,0.2045759400576853,0.22954811689265012,0,250
1.1200601679978963,0.43132771407710574,0.36500131576612294,1.101258534550822,0.24465146431574547,0.11212618542466489,0.18061126382386983,0.4393938362049039,0,250
0.9834327441523469,0.5320888726601882,0.4723461718740461,0.6582603641619554,0.2560211287979697,0.11347425789597418,0.12110996153394142,0.40189485833761396,0,250
1.5983936422739373,0.18374370510927193,0.27517643815940496,0.37878573596073106,0.24432761851740006,0.11336080110492677,0.39188589040832267,0.1887278930520267,0,250
0.6562529091968305,0.6421894077562468,0.6056860347095918,0.3950304939948965,0.24514512163832428,0.1312865676679066,0.11029155914859175,0.44550133071236475,0,250
0.8052540266753072,0.5919647802231108,0.5133424585121897,1.0542692600018626,0.2276567681755859,0.10709603194662523,0.09773389481532795,0.5725961729469862,0,250
1.4601805070567884,0.2853449797429478,0.5730017751147884,0.21907318101597514,0.32235349591726725,0.15073063938042916,0.2104078543480262,0.19097660034624936,0,250
0.8983877454660405,0.5232227135415298,0.5701327694640629,0.2146153300233773,0.26946060998500054,0.13736702978332538,0.12314469370534582,0.29474380870759737,0,250
0.9552941268393106,0.5245142079801345,0.4974144240999482,0.7067478546331939,0.23460456016945652,0.10974643945025143,0.10116316793512889,0.4037875697711842,0,250
1.015187843507796,0.5195769027767292,0.5323049235970525,0.08269430784610834,0.27024143214109575,0.12511743882108897,0.10300746509310248,0.25103215606723106,0,250
0.9161847684387615,0.5428260502748762,0.40048383879649896,0.5918686668160437,0.27389924602132193,0.12899668458436683,0.18875488616475247,0.3972927846322323,0,250
0.7676695356549071,0.5630889674949344,0.5321596147095455,0.9163792928610096,0.24385375537715645,0.13246888264406573,0.15101404681382585,0.52893377370181,0,250
0.8628886181310206,0.5709513941069818,0.5792845975594418,0.6377559462070536,0.26504780448059917,0.12797337021079105,0.10644418862734562,0.43694006743545644,0,250
0.7010164468135874,0.6143697900943381,0.48421510756735525,0.5146250620917889,0.2191995763308924,0.11676287839778439,0.12101842178567251,0.4399049727187888,0,250
1.267507247028513,0.3454506623203942,0.5911922104673069,0.43477994823033445,0.3369766121743951,0.16892023080436688,0.24113598329375585,0.2605549997904663,0,250
0.8868500618232797,0.5794017913627268,0.3365208408498528,0.7238474112584413,0.21730711865686508,0.09377082213902702,0.10901696219134215,0.4407329940836519,0,250
0.6907744079385272,0.6723278458728023,0.7220488915012055,7.78183312848118e-5,0.4007661427565922,0.19703727159183468,0.11082864392095565,0.016011037939660758,0,250
0.8272901540217258,0.5856321668454101,0.46430106612420285,0.4415599163176777,0.2212587599259729,0.10340693014696749,0.09609943552038593,0.38629594076824986,0,250
1.1233809381557203,0.44116280021561177,0.5732742882426226,0.5092488707850209,0.3136360077452082,0.1509882142998008,0.17921755495246044,0.31744294967907477,0,250
1.0324535951730964,0.4586573365118492,0.5959709249590684,0.7249950336366658,0.28247009826000363,0.13716090601358732,0.14373919436389476,0.3928834899012966,0,250
1.0426920414475909,0.46453137262648836,0.546902444377945,0.2379694204698298,0.2691410016988353,0.1317121487673552,0.11749665964304183,0.26377167393291795,0,250
0.9938193487390116,0.5398851958700602,0.6227736346859803,0.22981524194343048,0.30939273200197426,0.14210916423886363,0.1156483447045217,0.29523938901390656,0,250
0.8994273473164429,0.5421317662404077,0.7063675549431561,0.8225948229112794,0.3126178976086889,0.15299411780873562,0.1124805348407001,0.4939678762429087,0,250
1.1601703847029072,0.45285864073363774,0.4458650246687648,0.5427535348153016,0.2705032347995107,0.1189984854661789,0.1486602674294365,0.32050073626030023,0,250
1.3329794975172942,0.4019461786903537,0.43697240252221103,0.48753080978197977,0.2818729398128901,0.11848098482470386,0.15438258434788601,0.2791731526617489,0,250
0.9120076751746443,0.5697072763621853,0.6434144276907694,0.33741476945962223,0.3364225718928856,0.1568483477640661,0.13268367139039153,0.3519864168229242,0,250
1.1638983503394031,0.39402721360908144,0.4868329997229565,0.2743127638204338,0.2631611854654933,0.1318657338098696,0.1685399943480771,0.2362936901237354,0,250
0.8124158174388106,0.5566959832368951,0.4573397109657585,1.0786203030013093,0.21286705644252574,0.10942677314693378,0.11910552689962885,0.5347149504372121,0,250
0.9355141164445295,0.4615237403503723,0.5349624859688363,0.4175704909968684,0.22738292729548334,0.12334760567431406,0.11370911042969738,0.3065671277627851,0,250
1.1900730840902862,0.3813498722557972,0.5678073375285588,0.42608151791333854,0.3167962800534961,0.15877751757070763,0.21044252251724882,0.2725951374516525,0,250
1.2842078659433158,0.3221856719055385,0.3001063671500351,0.2885918803326614,0.22862497029197776,0.11042711727589408,0.21143156627189216,0.211648850183636,0,250
1.138278924879145,0.48904582754781956,0.6095721658286383,0.30456566333546997,0.3264167258304065,0.14441430625070834,0.12411128409442292,0.2833280350903562,0,250
1.0629078274361778,0.4505813167740441,0.40136835676493715,0.3275096454309775,0.22531321296828807,0.109032072453329,0.12546757560712768,0.2690736764353528,0,250
0.8816946461461043,0.5754986586653207,0.5353975075016436,0.548449111650551,0.26783216383446395,0.12410334121799547,0.11761860082465106,0.41178704598743904,0,250
0.987635940330873,0.5208078470390601,0.511314655388268,0.4558008175026966,0.3134169760167418,0.14499457892685896,0.1772594575615511,0.3540637003028209,0,250
0.8464894180419742,0.6104115806890394,0.6141468452964635,1.0195704448433116,0.27302620015198825,0.11960315807029002,0.0911432874765322,0.5961359920248531,0,250
1.2295082832714592,0.3996105719038596,0.2698537468898145,0.4119424193340675,0.2528309675879489,0.11524006520777928,0.21333498231355835,0.2604681781433515,0,250
1.2822014568447022,0.436379649703616,0.5068233297743253,0.703640379699675,0.3251028179667093,0.136448412590496,0.18198732818356594,0.3531382606780674,0,250
0.8705946323591136,0.5388319154863129,0.570414034512264,0.497924417949734,0.2456702408592124,0.12409062934287929,0.10365980206523084,0.3751618139319501,0,250
1.3481837064674493,0.39517823600243107,0.2179026210714516,0.4558008856335695,0.23171778733639847,0.09365803971682864,0.1502405172986228,0.259897790750361,0,250
1.1780374807450824,0.4010875360364654,0.5461371668500241,4.465889206941863e-6,0.45836498920673713,0.2312579778768064,0.34583030381167545,0.0012845052700101766,0,250
0.8341581082079171,0.5405657091795711,0.4973345081079822,0.1300856855609894,0.24911097740580157,0.13243978916229085,0.13418156789072488,0.28411960787148705,0,250
0.8560859602125779,0.5629493102995304,0.5822707528326859,0.352886076423563,0.29052487239007574,0.1434118779177227,0.1290622513813483,0.36019218489237737,0,250
1.3177871557767147,0.2975411644583068,0.4344708874543369,0.43574223959553204,0.26775665690882977,0.13671870235568556,0.2507892796961553,0.23548330723714495,0,250
0.9605136543362084,0.543941103902773,0.4819126896295957,0.5534502839258104,0.2550301467018358,0.11619331959683638,0.12014331928825632,0.37801593004410805,0,250
0.5657768584210724,0.7243280995323723,0.5636765602663851,1.5525410660550156,0.2023876005773627,0.09535601029489299,0.089693425358841,0.9426924872847514,0,250
1.476617971520543,0.31943367768024866,8.430141236879957e-5,0.08800848094899422,0.16117426414411604,0.060534086332485894,0.009908184218569788,0.1680334248867539,0,250
0.9280869454080125,0.5207334263199607,0.5481797239890666,0.14438810675624478,0.30597666285998854,0.1554070461371464,0.16916077474605834,0.27250463945385245,0,250
1.4669047053251763,0.315145789259176,0.29908071899648336,0.2710680221506967,0.25772136652138433,0.11176446010518862,0.2221195934750839,0.20221686939788405,0,250
1.3253148459470947,0.3839080263001559,0.5451253675305683,0.2774939324697609,0.2965904895039852,0.13123348925833306,0.12825612772449985,0.23151554459162899,0,250
0.8021155768158252,0.5992388079630617,0.5981750904495042,0.47367072521638764,0.271991188788561,0.13005610364836495,0.11171296198930421,0.4247489364928655,0,250
1.0887059874747007,0.3737202659675986,0.11201946385630232,0.4416522402261805,0.1881381242767493,0.09578260473748497,0.1999317415604615,0.2564303060429421,0,250
1.0208792438941725,0.4539322731564712,0.5407217810616787,0.40357255371896733,0.3131579046037159,0.16314655572176925,0.21441056155928429,0.3034528528822377,0,250
0.6824595713138731,0.6774944697684991,0.5263258351093144,1.1535411101959703,0.24774478433689903,0.1086887736121084,0.12042741388057714,0.7462219983122504,0,250
1.0290540034954438,0.37954870598512785,0.528702341636313,0.32011143723903834,0.23517937881435222,0.13278947194026244,0.1483287449660244,0.24999579383380327,0,250
1.142081013653737,0.5243793760042914,0.29839133813241814,0.4630955591322831,0.23928441676857873,0.092377199667238,0.1091232886213491,0.32189420153030557,0,250
0.5916361868701039,0.7365770199822786,0.5575134510990476,1.3338924667830832,0.2363987420558458,0.10061636873160976,0.09900762845842241,0.9211668347226324,0,250
0.8338654385529052,0.5393399135352295,0.21087973177143463,0.3236413907854537,0.1684560334715138,0.08278125615691063,0.0980401324940681,0.3097917221892671,0,250
0.8128802038851494,0.5674377455557266,0.22815996501968905,0.5773131339953544,0.2057346834467089,0.10059982214344056,0.15570590760278158,0.39107487882322894,0,250
0.7940585058833345,0.5572386533884844,0.5444816412015481,0.1279208458695569,0.23820518668562113,0.12774029159669528,0.10799903572019787,0.2966580150583936,0,250
0.9778165744019698,0.39078497534733764,0.20980463014995884,0.3011431433282315,0.18190595097861545,0.10311681881948657,0.18067995594771094,0.24144883952280632,0,250
1.3137255735766533,0.3271421843090438,0.43250630724404154,0.35215829547872585,0.2766867952662822,0.13291684000230364,0.23660981043004725,0.22888415519838046,0,250
0.8817647443400104,0.5463007226164879,0.4729080645261626,0.6176961983951712,0.23067763709127195,0.10972262643258256,0.11235388306830847,0.4062360456649304,0,250
0.9277743934544418,0.5155507817923433,0.5798519273848722,0.2931949075043939,0.2715286507515425,0.1375198403581271,0.12095252801642319,0.3057175364272706,0,250
1.0962307184000053,0.402626584104578,0.4104889393445934,0.5689045421340987,0.23229490761483076,0.11698729515250897,0.16724147177020465,0.304382508027239,0,250
1.4883116579615074,0.32412498882711704,0.25771814517302755,0.404257191523083,0.23345113021075964,0.09657414662723318,0.16612835540241672,0.2249506424940603,0,250
1.1677881608014908,0.42100009525030874,0.5694119467251942,0.3953881643702286,0.3060110765840867,0.14333740480257792,0.15932663122895563,0.28186057788941726,0,250
0.8472444269948004,0.5688396710114927,0.6330268963973175,0.6471210156425548,0.29071070867322024,0.14199721644030508,0.12012270123529474,0.456630159043166,0,250
1.3353630777926397,0.3276994286801812,0.23631737112422574,0.4890599354132289,0.24689303849992145,0.1154652333980737,0.264923872103305,0.2487366539878104,0,250
0.8799247909752771,0.6207551971393638,0.6171629935646539,0.5464314168016167,0.29028305075644234,0.12129414606061527,0.09436147345478335,0.44808631026750917,0,250
0.9396053929555075,0.5265657895565415,0.4462161200907203,0.7459569414758279,0.26989510001316025,0.12813326274421794,0.17114941349617868,0.43103920460289097,0,250
1.5530820828081286,0.2265997491125703,0.4639294405487283,0.036260683989324395,0.29659147319377094,0.14099943454260308,0.31516794579834456,0.14341088575834218,0,250
0.8697447717498594,0.5026096179003771,0.3425524056884874,0.9524119499523809,0.19456095891595307,0.09908704918019653,0.13165729370632845,0.4503754970841225,0,250
0.9678609740817995,0.5514725240361371,0.21362501493691252,0.5276854045045631,0.19577593851146574,0.08197375455480373,0.09997497637940504,0.3508288519819865,0,250
0.6448432811888943,0.6175679762551797,0.558087879268935,0.45580503557900165,0.23108649931971692,0.12977884560784378,0.13693416632097535,0.4510896364885886,0,250
1.3663156046464884,0.36629607233531414,0.5838069515925516,0.12597310633645453,0.3434485180523032,0.1546641959148477,0.17321075342824846,0.19404845922669595,0,250
1.443797120343985,0.3607928797391642,0.39186514921625965,0.5825823036198426,0.31401975433289636,0.13268054140617208,0.24897595921348975,0.2822918873633147,0,250
0.7709094481139659,0.674788876950875,0.6627094738243505,0.7522937649417396,0.29726836639952664,0.1253046386612204,0.09478036570792593,0.5709414291574569,0,250
1.3084970463449992,0.397697898870085,0.24974979822076387,0.25289460558660254,0.24415236878013327,0.10394081327779804,0.1742615265893108,0.22569600824253594,0,250
1.1941726181068038,0.3868747675393088,0.4112107415571078,0.0925393792571008,0.2674865650585344,0.13157698192123726,0.1977903693922847,0.19693572643909554,0,250
0.5889521958091856,0.707395053175367,0.642423667703279,0.001221364468528572,0.2398324021925267,0.12387542724855094,0.08903873884398374,0.15303216795279492,0,250
1.4035252780866918,0.4092907491159486,0.427760406455277,0.804515994611378,0.2877402928257427,0.11234233865938656,0.14814873209551746,0.3460041984079634,0,250
0.4762046822200246,0.7477587886640706,0.7353423681625392,0.06489889200043233,0.29857568268716494,0.15847444570880953,0.10358997575103908,0.4889875058601581,0,250
0.9028136617983601,0.5704336275149211,0.5893122635178776,0.5061963178829981,0.3405456855715186,0.1566821758415516,0.15672886991279925,0.4168682920216623,0,250
1.202821271749307,0.4652440776313939,0.5411038874294097,0.2569722669827276,0.3163238743903292,0.1357347114264175,0.13545103094947847,0.26125315830532636,0,250
0.93854062242022,0.5421650361751075,0.40741854969113594,0.41842335068774655,0.22799161679638058,0.10374533005457169,0.10811437916710241,0.3413965880714884,0,250
0.5543833342790523,0.7214811968197687,0.6053885596948605,0.38482942632792005,0.2957008240856103,0.14562708016277495,0.13656899540261722,0.5669358083081568,0,250
0.7580540380929243,0.6405298183545367,0.6392027789980458,0.6128621866523983,0.26979847604410007,0.12293859149683217,0.09171812419414434,0.5069131616051601,0,250
0.9926079795435608,0.3419432734257366,0.3671296638767622,0.6510172956036784,0.17778209123663544,0.10246509233371769,0.13750182127939226,0.3007845474185053,0,250
0.6005878899039275,0.6734855604509139,0.7996329515280837,0.632635922384191,0.4547051148477541,0.24653671819392617,0.1471682692861241,0.6556446216457495,0,250
0.8987813148678071,0.5315274820796759,0.4903448426999893,0.7475457562428381,0.23884355931871215,0.11744489159114045,0.12623112806581133,0.428999968127608,0,250
1.0006672161278856,0.547317680233372,0.47016250590800396,0.21711926313578417,0.2660045169331077,0.11563027932298522,0.11093964688773887,0.29570731785450344,0,250
1.1748376577745487,0.4443444193786462,0.42486982273604446,0.4288946418091543,0.26583225761826723,0.11497684437477283,0.15768491708381624,0.2907151856290165,0,250
1.243769279025746,0.3489893598348377,0.451712158871725,0.3913849010374087,0.26310437582229756,0.12852205377482326,0.19435503090359466,0.245919426853096,0,250
1.2027913452733938,0.3769997062239763,0.6018149447049935,0.5118031062549813,0.3014134091174084,0.14898961524560111,0.16297330456330514,0.28934672962855446,0,250
0.7333368983144319,0.641458272235244,0.4242562300993474,0.8081198127280519,0.20788592458592642,0.09422403605986743,0.0971198376233547,0.5356253080971596,0,250
0.9524080133718797,0.5898577903102693,0.5650884996617968,0.8269626333232268,0.28823244503858186,0.11983371071849032,0.10588847484119955,0.4953376130680388,0,250
0.9714676939061484,0.45705258116038744,0.5079913936893029,0.457736828681454,0.24353868798139294,0.12811318492370502,0.13853661019166782,0.3145751904092018,0,250
0.9729278706686728,0.4955454450367627,0.559508187988669,0.4890640679467961,0.281699968493975,0.13954566797529705,0.1464215153092794,0.34668018902154096,0,250
1.3521160545252877,0.26576085564412133,0.05840144340214066,0.15589670893424348,0.22360365158930565,0.11105084110201227,0.34475813977042785,0.17126359012251294,0,250
1.3464885073003767,0.34870723226236117,0.2577009324534358,0.41509285255635314,0.24778550959666099,0.1098034017751078,0.22042018294455282,0.2412984590697132,0,250
1.1997201509926299,0.38897339553236265,0.4358175207838009,0.2658265314285491,0.26318249182724435,0.12897621796396772,0.17971504696319898,0.2310000095099109,0,250
0.09881113792103366,0.9448667499952297,0.9528812740155927,5.854336751899444,0.8156179855613828,0.4550624966373916,0.2779653165659001,42.96867447305512,0,250
0.8893607135132309,0.5687980207774735,0.49975360782859357,0.5610503813989606,0.25464380373292417,0.11469808500484416,0.1108409017175382,0.41464301731770403,0,250
0.836492477587344,0.5203492553382901,0.23468077738007465,0.31499505341109685,0.17211847274396047,0.08965221185227769,0.11287158626535876,0.3000815204428319,0,250
0.39936052462215843,0.7733718150287301,0.7470224660373095,0.833029492720108,0.24801380755801797,0.1417325938572223,0.10514060490722937,0.8646069656285208,0,250
1.0677979752546116,0.3786643836188462,0.570028339074568,0.717518945997838,0.3187492762067926,0.17076656619268663,0.2624238787623877,0.37547699928802913,0,250
0.9442361473340354,0.5596686388766337,0.3636833108017279,0.6426804794598739,0.23676135127138473,0.10403701311964085,0.1307023121029079,0.4012425881332451,0,250
0.7765645980825985,0.5867187017274997,0.7299745355668925,0.11829589633516378,0.3686921781710712,0.19452680193745547,0.12656859796117764,0.31330521265739714,0,250
0.9280577532282154,0.5728602726712351,0.6301766668094285,0.6265367559203036,0.320634724126031,0.14165878662431927,0.11752534241635806,0.4499005987854767,0,250
0.909934935030278,0.5828349611185548,0.5731315562015314,0.716221537035439,0.28120856686736534,0.12237453783842756,0.10249350193233933,0.4733392338218563,0,250
1.5596837940664061,0.283054552822666,0.32892135559301416,0.33438388856193846,0.2681491975221109,0.1145002854882522,0.2379262585218461,0.20428920002720863,0,250
0.9289731707583758,0.5136020825860658,0.5392668671388293,0.7431684573721156,0.24956167953160874,0.12120339397246661,0.12196473922239329,0.4243115533112904,0,250
0.9180451010767579,0.42814399099040085,0.3319641582924484,0.27984420796704335,0.2050063603621042,0.11666149143834695,0.1821624007445638,0.25990575414030964,0,250
1.458440754596901,0.35368294336412837,0.31815553929319645,0.5852267844900991,0.2639705444732373,0.10719557263280963,0.18618575576016627,0.27298021551475954,0,250
1.0169076043561687,0.46079449028051805,0.42310742822915204,0.595430851738921,0.2272777129259481,0.11112132337405142,0.13221473894261226,0.3387859231481373,0,250
0.8077831596786328,0.5918643899172547,0.685305497288999,0.7870839759966984,0.3153372674615483,0.1537944175859701,0.11994048479899752,0.5391726621468272,0,250
1.4235144406630267,0.3433943850203431,0.14117979866595798,0.4508838929916203,0.21089442521703303,0.08522435296018364,0.150699178157918,0.2380806341529332,0,250
0.9251851409731421,0.54695699466347,0.48794291703068504,0.9636031325463578,0.26385582746302144,0.11984056566052063,0.13967095863493248,0.5107909065486499,0,250
1.0460735741119156,0.5295629759451759,0.30008687687880314,6.139947488546816e-5,0.19095887603626016,0.08923639313437359,0.09255784929702308,0.0055200591061645475,0,250
0.8767443260168609,0.5053335750082057,0.40863603815131405,0.7018816567297989,0.20142424887031635,0.10596873709395764,0.1122221188153347,0.390949112284552,0,250
0.8706436447974683,0.5393557441338388,0.5045752127160221,0.3967517265465262,0.22705466784299158,0.11423821570709537,0.09862044030815516,0.34375538735421285,0,250
0.8987132714181435,0.6098238412083764,0.7167467919144186,1.0549500668011027,0.34427953339223705,0.1422268721935013,0.10161367942244186,0.6419659261361236,0,250
0.6039870213083989,0.7083971599619573,0.758011708667933,0.6791919511039893,0.3452335743233362,0.164958692466412,0.10994321803848378,0.6637967879778927,0,250
1.1368936092343644,0.3930948497683365,0.29841062598116214,0.2029947184893342,0.2226047814492147,0.11004484172702726,0.17857554835725364,0.21993328204657753,0,250
1.0399795729350345,0.5202908348582361,0.3966056920755566,0.24588917546654593,0.2513926236971719,0.11214731396491459,0.12951504456609925,0.28037954996179437,0,250
0.9604285618234187,0.5485902370410795,0.5620080930258293,0.8700178280506836,0.28867586346229024,0.13007256068895864,0.134193749572352,0.48347428402319137,0,250
1.2564727745259325,0.2543139837163322,0.4779127930544222,0.22507463130115934,0.22786351189555243,0.12504822007816427,0.1946245137435861,0.18595840636533006,0,250
0.6188812428694698,0.6747107071328439,0.56412271409901,1.3441966223803277,0.2128455934713121,0.1048389902302737,0.09682507894198965,0.8071627216599451,0,250
0.8419249918407259,0.5561303482009725,0.3960003219600943,0.3025015561897053,0.21558926838608478,0.10747507143894593,0.12028621097505039,0.3258376297179626,0,250
0.3830552263791285,0.7964356310774023,0.7573132703449615,1.354633664369287,0.23815318411974706,0.127755067328017,0.10702750837539687,1.1629669899111204,0,250
0.6488237039243663,0.6452113302381608,0.5983635281717354,4.643687007195506e-6,0.21986555444238254,0.125583232971981,0.09224124304599178,0.0026652582362157186,0,250
1.19367087553664,0.4568738805582005,0.5600134809185616,0.5986666660031938,0.3222430075754917,0.13956612201296034,0.14849087506962577,0.34624351484978005,0,250
1.2684713464509136,0.3694165973405439,0.6761757217213723,0.48505795097253795,0.3435939528852946,0.16373733269177052,0.14693841395097507,0.28457747996353067,0,250
1.1182668681877583,0.41854626486756596,0.42843634263996855,0.45359008057204725,0.23053737505500616,0.11023771584560305,0.12237471224563981,0.28420864256556905,0,250
1.579721264562732,0.2560247785207298,0.17779671564533067,0.2589657601619558,0.2305410756437467,0.09769185959832126,0.2406364853529956,0.18290539943011447,0,250
0.9330679504605444,0.5414997418700614,0.5361485736076815,0.4340053985824552,0.26983012483088376,0.12721873549056315,0.12351650184882348,0.3555125038261961,0,250
1.2588640991093225,0.4264503398306828,0.18602809942292486,0.34824320121112395,0.21469944896242646,0.08932563239697656,0.13171054612762967,0.24946451706963355,0,250
1.4300440185057646,0.31188908600319254,0.3726550523109608,0.5475232671582076,0.2563352495462271,0.11551355199808687,0.18090701093139985,0.25457665225129195,0,250
1.0250796359380878,0.45192776868297346,0.3626885259560978,0.2912539931259221,0.2104754381864371,0.10363074250471155,0.11857292106543656,0.26376781191367704,0,250
1.6200352314474973,0.19206515678101987,1.559323976664582e-5,0.5153405553662236,0.16562758071830455,0.06324863185593924,0.006169555223688625,0.20420806556469037,0,250
0.8992797456858008,0.5792610824124156,0.3537495349511505,0.708584100517971,0.20662918444206163,0.08846595360776664,0.08805612886142845,0.4293704361048359,0,250
0.9178955274321834,0.5526152907130516,0.4177201915410687,0.6240911019310172,0.2439022931538969,0.11152025135609417,0.1334039058511747,0.40379277324138807,0,250
1.1311423141276262,0.4496157940514151,0.32348964889434667,0.7331530428019646,0.2308780129811756,0.10306476472859813,0.14971549017414312,0.3504187844701835,0,250
0.5731110840271638,0.6701670616990243,0.6519298261448104,0.8782549080386602,0.20373918824377077,0.11454052213906946,0.085684761918869215,0.6379619619039107,0,250
1.5462500382165372,0.3327604975330969,0.1586914310503335,0.4355761579213703,0.2314058634995317,0.08785211541635415,0.16093066952918952,0.2315138051207257,0,250
0.8089235142078608,0.5964006422337801,0.7319846014112121,0.6607472315312654,0.34446296072987964,0.16656243573562174,0.11435675679097619,0.506905563647555,0,250
0.6046514645097673,0.7146751306060176,0.6351758749547999,1.431914533311433,0.23453462524948393,0.10363393958458963,0.0834102500874979,0.9403872041679914,0,250
1.2527592505845673,0.3827337117694895,0.5855354973691561,0.5589300732467141,0.3123291251210804,0.14425897550077227,0.15578695545031923,0.30483214168141215,0,250
0.9525990796881202,0.5476484307640611,0.417587026281937,0.446340561655333,0.24807642774421734,0.11096389243491567,0.12640151567218047,0.3529810562648238,0,250
0.897238758697138,0.5870360681845684,0.48284894417476604,0.5716551972880441,0.3024109064822937,0.1353187248980399,0.1698080216845586,0.42509163653033977,0,250
0.9045858426604905,0.5199682601296662,0.4629136365853389,0.607489694080991,0.22980237598232597,0.11506007440570785,0.12681684387012052,0.3809981127784395,0,250
1.370729938753291,0.28037977727629954,0.592323759926544,0.047927500023923306,0.31629533420390543,0.16127904724460682,0.22104298070529205,0.16081896921004082,0,250
1.07284978383799,0.44219137656922713,0.5794367197416692,0.1737077269795993,0.28081188492001463,0.14227232258439476,0.13517577886516532,0.23679773354192632,0,250
0.7785403087347413,0.5846673361805284,0.570636833982217,0.8595638182500575,0.2574395709051699,0.13192049885979729,0.13424815185252337,0.5305382708562814,0,250
0.5551672710787832,0.7405543048158367,0.7820021259535169,0.8019945354929615,0.3680640181174814,0.17118025264698983,0.11248277457171353,0.7829208029989355,0,250
1.0690432659541598,0.45486499981829215,0.7712092579508308,0.4082552146649903,0.5187607695435527,0.2600343004168804,0.1960418698678493,0.34079102326082816,0,250
1.7964314058023827,0.2016507726371314,8.300761475497583e-5,0.2920244599685844,0.1761288573052728,0.06304292174721259,0.0328656919705845,0.17037132130376267,0,250
0.8306433245094293,0.594676709489784,0.6354187099457624,0.8555262526774764,0.2826294531152398,0.13336322428642108,0.11122171973146823,0.5353353297537541,0,250
1.0025448959112075,0.4196310622371987,0.31561416686036303,0.5717969592448668,0.20190159112912476,0.10575397852414016,0.16387061578271211,0.31100922185746455,0,250
0.6664451607975569,0.6949105265425738,0.6511388693058295,0.6681138047630808,0.26749943758642675,0.11962335241172399,0.09319300747682104,0.5952289445190511,0,250
1.491382905912894,0.20781233518294812,4.879977918602966e-5,0.2858015385626038,0.1532061121346278,0.0645199197341847,0.017131414280416722,0.1752283123232103,0,250
0.8367478461714317,0.5250951323023038,0.3960519344787735,0.5658392461574127,0.19688287893571,0.10312499991027864,0.11169244430013446,0.37319510824527774,0,250
1.435861610637442,0.2710118730352319,9.822062863742842e-7,0.18741128444590494,0.15364242449491033,0.061915476479209516,0.001104681187691122,0.17430859750482913,0,250
0.7226801075733459,0.5543220009137753,0.24063095332436402,0.5405907579707946,0.1563743272705227,0.08344931302674422,0.10974520739569268,0.3785908609140668,0,250
1.3001379675913696,0.28145928701336426,0.4468680534095693,0.06716009724464894,0.2432433119690835,0.12750456103328592,0.21036599266077438,0.16293896489566656,0,250
0.7717972014532388,0.5907858827505694,0.6029618306038074,0.3098756236820946,0.26144719955343637,0.13453585888654718,0.1063291026016011,0.37099824660662445,0,250
1.0880125822584736,0.39680923706669324,0.6664140413667703,0.24704985165053364,0.3482211803822789,0.1858843324462845,0.18568414313080878,0.24595314027835605,0,250
1.0374343233466417,0.40427205590351933,0.30598592865032803,0.43688286107411684,0.20856602576718183,0.10765083813661915,0.18405564530651575,0.27566200502832544,0,250
1.4070339923498623,0.3934137886218238,0.11914805818215309,0.46979502990605493,0.2544485158539779,0.09903071575493488,0.20442616038248948,0.2603934247512634,0,250
0.8588269038174623,0.5196755369291407,0.5355082927651439,0.6213349314513397,0.22634414187958354,0.11988359726763755,0.10989517638553897,0.3929166569512532,0,250
0.9991861366808763,0.4634262182342187,0.5591340838408688,0.18675921283806626,0.26277329810806027,0.13507363080410117,0.12057133240796566,0.25377987277948816,0,250
1.048896245720655,0.45449770823310864,0.4522905276214629,0.59064920500574,0.23763875300406256,0.11175084314327101,0.12767655717382534,0.33927063418835,0,250
1.2811489970075685,0.3510735714026897,0.5087304075143246,0.1898309591063418,0.290574227568304,0.1405792300915823,0.1915023960597645,0.20506929700021992,0,250
0.9800052919716405,0.47610346235095385,0.5924565205686078,0.8222841296435491,0.27724396624369696,0.1397308313369155,0.14279312363640595,0.43015672914356085,0,250
0.7109022518574959,0.6009323424977284,0.4673213721356219,0.6859865903391784,0.20422577808745224,0.1089522140270804,0.1127978229317904,0.4738957077425421,0,250
0.958896529241567,0.48998763862315237,0.5320100918158481,0.6720742272654869,0.30852501906304913,0.15586147415593132,0.1956895409366119,0.41098965416478855,0,250
1.0181777838767516,0.4830311262005581,0.44345317277794477,0.7394007706767052,0.2383095663619454,0.11217981082997144,0.13101184528223433,0.3855629407521701,0,250
1.046554669729374,0.4992037210262883,0.4155917696558058,0.49120248219897145,0.30225569746531517,0.14142986300487073,0.21051153187942603,0.33429600760076944,0,250
1.2987627206655896,0.37681888208779984,0.2386899199853621,0.586370243029125,0.29219467430600676,0.13184790813622618,0.306812913313615,0.2914982902795409,0,250
0.9633794690126316,0.5057304491454218,0.2939965285672563,0.5535713700998285,0.21635043441516497,0.10397731016076224,0.14448610681473595,0.3437184506739345,0,250
0.6933844418463772,0.6175058785411526,0.5295440506751854,1.5114841914047772,0.22104648190424836,0.11288982316854856,0.12852294881373966,0.7744684417918398,0,250
0.9711082162248286,0.48973499437429485,0.3112105568466136,0.4304432268813879,0.20166953217756806,0.09565918319488462,0.1140724793829369,0.31092072256601805,0,250
0.9781855648893834,0.5012302294589197,0.3618105419366423,0.4777514810077134,0.21472449923432418,0.10120310532674591,0.1190351587058721,0.3269226784612468,0,250
0.7888249048395284,0.5705336808985759,0.38277979009130014,0.9276355259516268,0.22049142776885874,0.10941794957591591,0.14615916522546368,0.5156325383538597,0,250
1.3602666037263482,0.2333529609909464,0.08806199648228162,0.2622685310553335,0.1966845150660866,0.09737350057369722,0.3042463411989532,0.18211479669768524,0,250
0.9042606680651412,0.5975193478071011,0.5151736750809762,0.38236932243756316,0.27602707392763004,0.11871380668818374,0.11007874166774535,0.3768242787719546,0,250
1.2336339463863988,0.46054824929084937,0.6748364417350963,5.8471391951706436e-6,0.40005592753556757,0.17592572069674983,0.12989741660265708,0.0019801314109990416,0,250
1.435263130936592,0.2187608442983308,0.35386052616524216,0.35870466678393803,0.22352294124812783,0.11182263292790676,0.24513503106797732,0.19474057313560003,0,250
0.7738685757749303,0.6097319190122905,0.24488196822762573,0.7726982258042755,0.18433364370283142,0.08424041251323594,0.10565104584540924,0.46540871319098076,0,250
0.8945884936890892,0.5337721386602636,0.6654453670473142,0.08228638239949983,0.4078903945569466,0.2135117571160146,0.17567125933259592,0.26583991283984437,0,250
0.8601268344491725,0.6128673359742501,0.5838042159810598,0.4635949777821053,0.28726401856063527,0.12775347243794152,0.1107087548608829,0.4126830565298032,0,250
1.811142080082302,0.2361683592961056,0.15592303985662503,0.1639761412736294,0.25175668075779833,0.09637579922192936,0.25717790376824734,0.16056728246221275,0,250
0.419122353140799,0.81252845174448,0.9301951922823865,0.9936933610840633,1.0227808562732215,0.4574865791757173,0.09727995834072838,2.306381344604925,0,250
0.8803894398084331,0.5823573552271467,0.3969635188964629,0.576808534358506,0.23155102181680626,0.10297719913197051,0.11724059006722107,0.40802248899447807,0,250
1.2107412223214333,0.4308464621021215,0.5200383611161298,0.14092810029369426,0.29805657273528585,0.135113482644923,0.1411578554086706,0.22227502101943794,0,250
0.780084365457412,0.5349436948661678,0.4917600492152181,0.5265399969311904,0.20323022018489556,0.11267958484236192,0.10525855164250929,0.3835369702195503,0,250
1.2001567623947251,0.46344830954020283,0.4417939662153699,0.28088200354469334,0.29265319984505533,0.12561161679706181,0.15838928740726457,0.26221228828167314,0,250
1.0188888217336431,0.5246660619519187,0.42480160702282416,0.5405791230601122,0.26806110305894093,0.11868678251539201,0.15220538450920887,0.36039263876714417,0,250
0.5001212721441763,0.7643425944142275,0.7222360117559937,1.0022668868788296,0.3043377817145717,0.14664776161893955,0.10738706595162632,0.8993493977023116,0,250
1.1745306818033232,0.42229421585093496,0.32052699129200357,0.43366321332077773,0.23288680917412827,0.10402459815845407,0.15250565390964352,0.2765773848406025,0,250
1.8204041359307352,0.20684556342254748,0.5379899039726687,0.10927488597438606,0.3890321364600425,0.16504983636899415,0.405994266914644,0.14757644992946392,0,250
1.5176005615589485,0.2755081576461525,3.4526316875850127e-6,0.4000017176266947,0.16620287091424446,0.061960098281911645,0.0023521459269381013,0.20694229003127662,0,250
1.30009577262089,0.3405962335835697,0.5146087769916988,0.21923089812618765,0.30550973613385063,0.149581871407416,0.22576623001344348,0.20703359342346675,0,250
0.9303990758800456,0.49420487158762294,0.4434598485800104,0.14729582167437577,0.22873898442829024,0.1189949053491551,0.12650469971532424,0.25601945750415817,0,250
1.118832991646327,0.47971180295165033,0.3110432764199935,0.23263448164172415,0.23000861185802465,0.09867908422018291,0.1185193356955371,0.25708812088654004,0,250
0.57773303539753,0.7086651877257122,0.4138199568209688,0.16893054162625065,0.18431310886177213,0.09001849370397173,0.0825289024338915,0.4249698382824014,0,250
0.6810412615965452,0.5652434007279458,0.3892405876811623,0.6377088443995506,0.1668551016113368,0.09497284295514961,0.093876972560028,0.43436127431297283,0,250
0.9753169931932872,0.48738611853493513,0.49248875569806466,0.5358833833215642,0.24760412885551333,0.12336455388123306,0.13511014413744976,0.34540847652887813,0,250
1.1053442867847592,0.502044879063884,0.4867375699350976,0.39922693204121157,0.30202324602239006,0.12887195750442645,0.14921591230180078,0.3177584052109852,0,250
0.7940679931787124,0.6373411328591483,0.7280458423327868,0.7626075368598275,0.44725408260186594,0.20075644557415567,0.15609355623670623,0.6333006004837163,0,250
0.7912340967780609,0.6118494426695676,0.6741126891444718,0.6221529074441472,0.32531570054316533,0.15501099766976784,0.12978918120793775,0.4984731498659093,0,250
1.1283235211023932,0.4379175870317991,0.5576116699379572,0.14376820122708137,0.30786458275934836,0.14757028424795948,0.15765776532767795,0.22944607910966425,0,250
1.049769502004903,0.482224756548719,0.6070093997547525,0.5238114098544593,0.3159255845049579,0.14758365992220726,0.1396667954157007,0.35483005632384745,0,250
0.8764870493388853,0.4628306028028981,0.2455666485359919,0.6787316569714078,0.16811861079694734,0.08933149151744334,0.12268116320205111,0.35384610346861495,0,250
1.8288377233385047,0.2071688232657176,9.664396957768056e-5,0.44054452079145967,0.18550068879609305,0.06380786997818094,0.04793971216873766,0.19319112776085956,0,250
0.6748518847191729,0.6675565523716555,0.5541824463298927,0.6961883999753903,0.24802344171666368,0.11898526472104627,0.11474766261436649,0.5611059121725066,0,250
1.0040235337340464,0.5968958386364975,0.5357076167776996,0.47232279220075696,0.294464947742388,0.11427868306141453,0.1008633407487718,0.39241580762926087,0,250
1.027594735573737,0.5144488834913314,0.6092110420605273,0.5884716944191277,0.3096515254789863,0.1427137196013899,0.12338058380675046,0.38005047834441,0,250
1.2874414504134852,0.3971746394880579,0.1921247006001192,0.268024786067317,0.20843543751561644,0.08803666322643758,0.1278481574734218,0.22525283456105696,0,250
0.8385412704521341,0.5997820479217915,0.5205381988015131,0.7595838253515537,0.25152298785967186,0.1163728609173018,0.11566544612360734,0.48411466459717706,0,250
0.9716150224314376,0.541158837650736,0.649335652180481,0.45107158504814804,0.35884775695956844,0.16363576601010837,0.14507021409085336,0.3776938765546742,0,250
0.8568453979100552,0.5610165818542606,0.35452309211514355,0.5450427751983308,0.2008958971604928,0.09507060757288331,0.10470553929883673,0.38126529569869166,0,250
1.1525172863246682,0.3882342873756838,0.4068061881007733,0.335138720704631,0.26061380241714077,0.13076803206028764,0.21179517430038364,0.24813504575329104,0,250
1.0496746646571253,0.45832290431690753,0.6445813116897289,0.11999214848993608,0.3319028416836109,0.1672169208908488,0.14907859898410275,0.2347558263017443,0,250
1.2487140914560289,0.4212796764955031,0.4623204358080039,0.281801273131423,0.2989716150517832,0.13331429814549012,0.18010015751568811,0.24534411847981263,0,250
1.4055746305092476,0.21889773914779306,0.14668901232543566,0.2121632096258783,0.20859982301626542,0.1040074361763601,0.338934542309824,0.17039381623081662,0,250
0.9201670954020724,0.5899270193810081,0.43280491137795213,1.0276352352229778,0.2648827755453567,0.10901187257764665,0.14198921608462023,0.5489958078571823,0,250
0.6709717891066194,0.6946388878467322,0.6321426863798866,1.045703658958773,0.25392009936967824,0.11422542631897181,0.097066750156229,0.7076997418017272,0,250
1.1401941285952533,0.3476401272627394,0.035318161778095956,0.4577242594944858,0.1722146343614588,0.08325073042637411,0.1746622255267977,0.24687457551859524,0,250
1.003935989828852,0.521455089329621,0.6137761687759462,0.4160760846491687,0.3232763080354012,0.1506216367174986,0.13519701413343285,0.3410413451736411,0,250
1.2887038702559868,0.43277779080291495,0.44076105968377993,0.6502658250234197,0.32350603869510525,0.13440082787954621,0.20479778530962117,0.33868447833837034,0,250
0.8789007004342119,0.48812146369644344,0.56666205294249,0.5504561496344605,0.2431994770287225,0.132453591818773,0.12639960395199093,0.36689373993942137,0,250
0.6584275389465383,0.6646188857485503,0.847261085574145,0.5980743687466513,0.6230137133745743,0.31880558402122045,0.14118564590712707,0.6726050703068028,0,250
1.2784010209689614,0.3661536763782248,0.509536800949958,0.1536438977010404,0.2755364209971875,0.12925024172509764,0.14455223010561583,0.20229572999785891,0,250
0.6920671999453709,0.6498957670747896,0.6594257467268788,0.6046355225427928,0.2647646004105079,0.1316090319874154,0.09953249565808772,0.5173516437826383,0,250
1.3497845140034321,0.2821327686303139,0.24829035328950078,0.2911588998283106,0.23651443716125461,0.11522465382822265,0.288888039719792,0.20030877978176315,0,250
0.9010054375044958,0.5845086198438607,0.4032713046034818,0.2854462458604463,0.26827212644004433,0.12022917754184413,0.14271530032713714,0.33484511904331543,0,250
0.8797436271307719,0.5563384774014848,0.6628234317093724,0.5977915901434507,0.3000009759583994,0.14552231396360424,0.1144437637795767,0.42963033748032975,0,250
0.7840321937214144,0.5888615455370145,0.5300306800786766,0.3882381988754349,0.2317624583892651,0.11671883298652233,0.09998121191298995,0.3811548753838572,0,250
1.1253263413806813,0.42854203158560567,0.533740989875303,0.591720265497859,0.25087070750225504,0.11634918175047654,0.12494315227335887,0.32378570424202147,0,250
1.2082268657832902,0.3984278355157932,0.49568786947168303,0.2581262260087306,0.2595634225919223,0.12367155559061817,0.13508596691156605,0.23237678171095774,0,250
1.2070931126130249,0.4202341737005818,0.21177850153156058,0.693064751024193,0.22564774817111238,0.09752127601260828,0.17086837752011527,0.32154428199787416,0,250
1.6190209422691004,0.2093236394892551,0.23174812134645137,0.14085588964932816,0.2546449513858887,0.11372975197316867,0.3747469133666086,0.15471851516600368,0,250
1.0287395448410321,0.4354079837341907,0.5980369389053288,0.8103600380777755,0.25789878958976464,0.13197318857105714,0.1219671115801999,0.3939224346253601,0,250
0.9341037619082331,0.5067529642033074,0.41714956100843154,0.6124984212943019,0.2336754643999864,0.11301873484994683,0.1355840200560703,0.3767019960586966,0,250
1.298665973012072,0.4725261049362378,0.7446897106764252,0.48833328251336516,0.5970966665791231,0.24391630564419442,0.20532315389175257,0.351950572410429,0,250
1.3560864110833886,0.296841769489275,0.41722606609584073,0.43890758243558303,0.26502867720762885,0.1269632959000783,0.25712233579213456,0.2358252762954049,0,250
1.6526026547982688,0.3370934404526593,0.34601297246979895,0.23639813704587817,0.31557656516043403,0.12033468476619089,0.2203011551541211,0.19927386751911275,0,250
0.9763161698149753,0.5066777706036306,0.34955173030560877,0.9860110573037342,0.25923737774115674,0.12197826808003903,0.20526858435956585,0.4689905997300585,0,250
0.9938658998341491,0.4850185929890483,0.2952125575210654,0.2592140629597822,0.21085448328225068,0.10074510846166349,0.13021518863286835,0.26978162147358864,0,250
1.280666414309807,0.38054489042755135,0.5360626892458155,0.4387664753335134,0.2881628450699344,0.1324392327746363,0.15005845755565977,0.26575036572393124,0,250
0.5511299320766366,0.7517533118970893,0.7057451093899461,0.6252846840072318,0.2922412109592813,0.13106460973732786,0.10373878887018165,0.683361782710479,0,250
0.9227683465545639,0.4903635009975432,0.5531515928276076,0.5084576150962336,0.26178821927498636,0.1426022357852992,0.12717235920293998,0.3474492010452283,0,250
1.0676427887261748,0.47437744388770725,0.6784771043924591,0.4102022104758965,0.36116089327371775,0.17449952530682306,0.15229680164301668,0.3168586658808043,0,250
1.458798648746718,0.41619466490611273,0.3432015127893165,0.42952095903057075,0.29067681603437634,0.10915815569128641,0.1607944555852714,0.26394070870769343,0,250
1.2387214479973796,0.4145806146243734,0.43307699967939833,0.6453347491401504,0.25874253210859993,0.11362757818570697,0.14498970419434887,0.31933733267728354,0,250
1.395945817864745,0.34212674355133454,0.24071732890664985,0.33747197038021454,0.2663599025833417,0.11756029086376715,0.2589549726423767,0.222697940220322,0,250
0.9528783507414357,0.5408482751267559,0.5297818347123443,0.8406742910402663,0.253315077586185,0.11497067602470334,0.10583656481580979,0.4576862878726695,0,250
0.8848721172031421,0.5587463527036043,0.4258366733056365,0.2640265221693254,0.23439167316381448,0.10960046915939993,0.11347589277902458,0.320879571904371,0,250
0.5132841562223467,0.7749063079074556,0.7519809253943404,0.88524658901873,0.30001685936564493,0.13257381911507568,0.10066258813913449,0.8291881961345007,0,250
0.6336348150947118,0.621469642671476,0.5269318747704347,1.1852822278769348,0.2135904803026735,0.11650919156469072,0.1216460337276546,0.7056842537995821,0,250
1.3743702983327182,0.17910577104866596,9.874546503364055e-5,0.023376975701819507,0.13403478846638234,0.06321946055373956,0.010300812139718856,0.13346561006096183,0,250
0.834586974115683,0.5409644483883296,0.5316949303272601,0.5882125012604608,0.23398360887312292,0.12147393953373965,0.11772826919917985,0.4034771596539096,0,250
0.7225461147675234,0.6837110285613498,0.7130639306455328,1.5756590077458,0.31146121520036996,0.1313408047301787,0.10381911243755863,0.9577688262805759,0,250
1.2135736271082465,0.4455383156488072,0.4767464387476041,0.7411461859272974,0.273962768218286,0.11674888026106373,0.1324647883642378,0.36000768283841406,0,250
1.3086435578894002,0.34567014392032813,0.4279802395189666,0.40744152152811436,0.2942137122472172,0.1381375449451724,0.244813288026868,0.24866518137408272,0,250
1.2203687018221472,0.4378087800104591,0.46544049645779056,0.2771566885848775,0.30802585914807273,0.14016902536037656,0.18518512007435264,0.24936479891716545,0,250
1.0253758081228097,0.5059148097643006,0.469176612718378,0.6401527217966678,0.2765170758458302,0.1284995184341197,0.152158459838803,0.37924778451181995,0,250
1.0458474984184698,0.4937033184396971,0.40428578344214966,0.47043208663119823,0.24291731552979678,0.11000995171357825,0.13154229995502167,0.3223528861347427,0,250
1.0805297321222465,0.3755143658340776,0.3864112398094969,0.48253275792407807,0.22075260354397788,0.11685034194145813,0.18163929710886767,0.2762825816633838,0,250
0.9371764975553871,0.452282621249784,0.3811249724709918,0.7189642821760471,0.20181043026618622,0.10613127060855301,0.13759304668158678,0.3665323631389125,0,250
1.0201772445334563,0.4875861432643882,0.4644640250963883,0.8295781409819365,0.23966069103308488,0.10997513851832931,0.11599270343428553,0.41416446461311246,0,250
0.8841756565287906,0.5905047605176176,0.43803958338502313,0.7563946983141536,0.23277195636361012,0.10204641192168017,0.10379065564113263,0.4603408263390285,0,250
0.9068544607444439,0.5295084118358783,0.2573846656401924,0.6784175096071142,0.18614844542745962,0.08656653058252421,0.10722830210031212,0.38201742608079126,0,250
0.7474605580695693,0.645316472378975,0.4503085409470004,0.9993267368435927,0.21850200565138958,0.09616876861661182,0.0981933002429237,0.6035692477904863,0,250
1.1682317178899593,0.35072998418259654,0.46256004046400384,0.17073329081333044,0.24299110340268576,0.12648325576966252,0.16561885656396064,0.20345708148919314,0,250
1.1826969233980948,0.4021619592042993,0.5720944920387202,0.6415369675429511,0.39811426212748696,0.19361799589604378,0.29744201405266474,0.3621965920330657,0,250
0.7406174597286359,0.6408683833207073,0.46530273898597985,0.20393013404276514,0.2129014694491963,0.09966713819596686,0.08314442097835914,0.3622757078771243,0,250
0.874667489567381,0.48954659254615907,0.3564684252572494,0.4862039078298491,0.207266679306618,0.11571784192230927,0.15571824366827944,0.32906097304587245,0,250
1.068741690292277,0.36335369011308366,0.36751263184133764,0.19810840257838933,0.21237525996407508,0.11477792784298023,0.17260243470545386,0.21596140177623727,0,250
0.7780758742308886,0.5987353112389759,0.4937228575346198,0.714184482312454,0.23426247143676618,0.11556926240530765,0.12275092032815094,0.47820212716777544,0,250
1.563343648010077,0.22460610202370315,6.845353975940742e-7,7.905049294408418e-11,0.13150827928466036,0.05982037648861433,NA,NA,0,250
1.1658306435208918,0.4812507787691266,0.4980245280633263,0.8552884925048297,0.2945593790568346,0.12150503283584824,0.13840528785844042,0.41983788391751115,0,250
1.4469672667410713,0.2719889258599524,0.44887477857411867,0.005442091534282988,0.266455226089473,0.12720448263747752,0.20808977474555312,0.147500265392173,0,250
1.2238315490371048,0.3275780363140763,0.23959777482574626,0.1786526753253844,0.22515034399371442,0.11483118727074701,0.24964646108087954,0.1939718946552643,0,250
1.3544535037278171,0.38346261509881874,0.4772294423174164,0.22615440339737441,0.2885269797128663,0.12380386740003856,0.14021827550612825,0.2196719509428441,0,250
0.8855173519138272,0.5366502048676348,0.450104537168238,0.7864583246589524,0.2372448802536926,0.11633663606873047,0.14326012628251447,0.44254614834937145,0,250
1.2731528557300267,0.40452054482211636,0.1429121742661341,0.24187782800503366,0.23529770717902693,0.10112815662384492,0.19174618330114293,0.22376616254265203,0,250
1.390049712531861,0.36208100266171883,0.5690920282091282,0.35120957177208195,0.3572434908404494,0.1566119947136699,0.19374824902457904,0.24517166842415578,0,250
0.7953327922412088,0.6076564203367485,0.4618132030844427,0.6986102282501939,0.21718470378396595,0.10297733115277748,0.10114653951544159,0.46441606226552856,0,250
1.2809753666618857,0.4142129948053638,0.3258669445973589,0.5588791088549804,0.23949308340286568,0.0997773484269182,0.1348003378818495,0.2930175327404635,0,250
1.1575921867937755,0.4137391469967335,0.4137541533741912,0.33885809075829565,0.26020595450416245,0.12510771242319543,0.1805637000191851,0.25702374973401776,0,250
1.6384969105295688,0.25270893631209235,0.24376539596614322,0.3098091191135222,0.2340232888337492,0.09677802486287143,0.20651341455906716,0.18892794708902333,0,250
0.8031207602181945,0.6110533444852018,0.5887970800060602,0.21216854436443672,0.29980357674416813,0.14152916097402352,0.12524658501526345,0.35485624514903524,0,250
0.9628489159958961,0.5184468238906423,0.4025532846815329,0.43019029218756055,0.26451134937139364,0.12366604610933195,0.18098598695949011,0.3356553798192071,0,250
1.1582862891077843,0.4150464102853974,0.358917425198754,0.5304547889072405,0.2659812835278242,0.12571846870493764,0.2191348979122096,0.2995900434584327,0,250
0.5322337756768766,0.6755949395479501,0.7360796370135201,0.4587662121665593,0.2821063535272006,0.16835140849382546,0.12127412511522226,0.5434232022919399,0,250
1.2339642252019587,0.44506804691116364,0.2198844042836256,0.5615657670171798,0.23172219957684367,0.09513585415441814,0.14961843584795523,0.3014979436323136,0,250
0.737750883501561,0.6646036518726993,0.5328508389270031,0.8972477363573725,0.23745676174302133,0.10264250657055675,0.09125543101361185,0.60647417964484,0,250
1.3301466016169599,0.35704489071339385,0.30233485960771117,0.3765453495076523,0.2317817996260484,0.10237445898185733,0.1624916255566162,0.23539680677428046,0,250
0.81326560517064,0.5517781504092747,0.4893414719402693,0.5281366249335333,0.2173631502667025,0.11331809126074978,0.10804846169869195,0.38889124631592503,0,250
0.7591469504252254,0.569021193431588,0.3393046843488561,0.11596653690370055,0.18812482423340054,0.09957763468661528,0.10480392407267392,0.2925609616480361,0,250
0.7230326347749153,0.7041904742098879,0.6136853925463864,0.9276558253695347,0.27869275782558645,0.11406315609343627,0.10118983496353802,0.6639793538709419,0,250
1.003202974559772,0.5450996187485107,0.40092193211984134,1.2186194565618633,0.24076827056591724,0.09798116149739487,0.11190001888049883,0.5441186340528976,0,250
1.1737594083469034,0.4154972217784941,0.6389449576621938,0.10865179030622725,0.3827783055945097,0.1881628362091027,0.19034961626325522,0.21269383674554423,0,250
1.2599530736345066,0.31124358675176617,0.25890863886516013,0.5549420360697103,0.2216196035075957,0.10845933949592636,0.2431921000181085,0.25982197431467974,0,250
1.3747496936293142,0.3602844373318563,0.2853387657733662,0.17502152611517177,0.24160864313973657,0.10520480735373339,0.17462888248524994,0.19772979555864958,0,250
1.4564815455771076,0.3524753072844571,0.1687414721641146,0.36194348163955437,0.2717973151567921,0.1139989091612321,0.26245891566441504,0.22635016386710988,0,250
0.8435300281202739,0.5360954463102382,0.47176096167776027,0.7950077510367468,0.2135644170191847,0.10956096040492047,0.11236404050542025,0.4433285850443723,0,250
0.5876512351141183,0.7490804656864088,0.6278538824049961,0.8627345108227815,0.23589892705182672,0.09956797679895255,0.08269773478105633,0.7380339618594378,0,250
1.187407851412744,0.48047805315282993,0.6373383764514202,0.2977380621045752,0.3816792079337663,0.16402021974015338,0.15191115502582136,0.282090624962748,0,250
1.2513532851644966,0.3445067687788225,0.2400735990063523,0.28445442450400005,0.2590998198117771,0.12721171701431216,0.2937170558034214,0.2184570353407172,0,250
1.304432332657599,0.38950717822351255,0.24664265950197564,0.3768675563286326,0.22223351099579403,0.09413816497544421,0.14089409279691123,0.24452397069204806,0,250
1.1486146286305432,0.3836995648791014,0.21169195402657842,0.3415237302779228,0.24164660399893653,0.12029463484731552,0.25734660420042643,0.24375634590200995,0,250
0.9228023802117198,0.548145553066245,0.5025452962714324,0.823229361120588,0.29709975349596646,0.14138627948792115,0.18093985056850326,0.4742780022178013,0,250
1.1878272589875518,0.4181407755319834,0.4041647263367691,0.36875979865002667,0.2757182517116314,0.1261291607732853,0.19130888415078023,0.2668405775785718,0,250
1.294311030273468,0.3958892575753779,0.4715220931720792,0.4742996945153748,0.32013816759910224,0.1440826201894572,0.2172577498971214,0.2804751332284704,0,250
1.0495570125123976,0.50733786908149,0.33451986389764976,0.567416821027721,0.2268857356725024,0.09813421331774383,0.12046647167297336,0.3452435439329636,0,250
0.745405006413829,0.5620437047834845,0.5712756707950895,0.7080395070403865,0.22380163633430053,0.12369740477096464,0.10926266312498717,0.4674199354358263,0,250
0.7354450807554312,0.5856608145660905,0.4378494252809467,1.2830707897794211,0.1923166241884272,0.09693440628023794,0.10160422934228058,0.6283008376997539,0,250
0.8652071988667108,0.4875022372755846,0.5187765261813547,0.23830368923634396,0.2445478205168274,0.13611091164543312,0.14704382545072794,0.28626129669424905,0,250
1.065954999613735,0.4250914648113321,0.5817557187430507,0.5987237624585106,0.2621693305781805,0.1346524147453894,0.13362218986708752,0.32924547076487803,0,250
1.1182942939373521,0.34572128574219385,0.46804677481906054,0.08966853217138551,0.2424347331745056,0.1328884607515773,0.18682630294653796,0.18930351237840876,0,250
0.013067270413247171,0.9933560957088791,0.9945496105748006,9.497585393148803,0.0974255069765533,0.04968157072149598,0.027775149945918468,58.11195571223702,0,250
0.5657025239186918,0.7218259857665684,0.6988787193823581,1.353364789513097,0.28185340406672355,0.13690121095365196,0.10963659226966736,0.9769296070449505,0,250
1.2165163273145634,0.3588113190447121,0.43587996180092725,0.3738473546318277,0.2609261327461983,0.12779640253325883,0.20121017367998736,0.24635768545890446,0,250
0.9749762890132416,0.5568556817348385,0.5074369714538784,0.4210810979262182,0.274260786198116,0.12059215348703453,0.12004572704235877,0.35219887368635694,0,250
1.4294964114912694,0.27880053767823615,0.3469900482196215,0.4873440270271401,0.24125496683356515,0.11037583001100962,0.21509709289172446,0.23401509740251875,0,250
1.2482242062542885,0.4132914520831341,0.3067955903289013,0.171359057631682,0.2507059480654997,0.11057047994581148,0.16961093382584325,0.21673549229369052,0,250
0.5377176373696229,0.7053586516686218,0.490553614813307,0.7356211750246495,0.18836937865758355,0.09531962102703637,0.09559406072506893,0.6463913322884275,0,250
0.8238272965558926,0.5799015890624564,0.7462212684811401,0.2954992647982859,0.36777906830126444,0.18653413291249898,0.12181343008330979,0.3537834460606106,0,250
0.5229624674504002,0.7564951724463476,0.7610247665131306,0.6405301382723868,0.38497885591000963,0.18149252811106825,0.12586836370640359,0.7253111302820529,0,250
0.6845942098987442,0.6302049667757353,0.615338972589358,0.5732364572519095,0.2547638364161332,0.1321500584747794,0.11151509157399367,0.4996508827434015,0,250
1.4045916086970998,0.25342828660031547,0.21242866166030439,0.49992089454871574,0.2411387937642813,0.11762065700238666,0.3562042461450543,0.2296538594193925,0,250
1.1397402569760333,0.4380003168352496,0.5163006801803428,0.4569998128926258,0.2913818797833606,0.1387085396612716,0.16388437592404456,0.29754974140209084,0,250
1.0249913868779785,0.47782815805329276,0.5123060207687924,0.2539182760324135,0.637147460345048,0.32242364130268825,0.525068012285635,0.3021796993839799,0,250
1.2225819605867259,0.38295393051859367,0.45403713452911854,0.3153238127211464,0.2704911025506924,0.12837470204018317,0.17858496552126502,0.2412363892604,0,250
1.1940576943036463,0.3729285451985962,0.2933182104843468,0.26389128435906706,0.2061742329991184,0.09799733424508726,0.13513929901951938,0.2232210183937071,0,250
0.8063547377991421,0.5752178971418433,0.6815307369003394,0.8460911731034586,0.33333928549434416,0.17521841332856555,0.14266287954818896,0.5474717729259634,0,250
1.1502490489531445,0.37729577205752896,0.2733732443584483,0.17638389655479003,0.21869267467234632,0.1095197932801684,0.1906000352988238,0.20915291903116093,0,250
1.2977152741737878,0.40649124219681393,0.5230682629303981,0.6371420869843014,0.3057570123000153,0.13237714031883094,0.16070758474282185,0.32184256786510174,0,250
0.8375923371397916,0.596603132966433,0.5604882116693434,0.542929530302793,0.26299534478571074,0.12521603415880633,0.10988532332179646,0.4224590909882015,0,250
0.9078141726566342,0.590498837635614,0.5576151574835271,0.6774111764826637,0.2648702509367816,0.11428075009988213,0.09744511672839386,0.45373157424739474,0,250
1.457095249711625,0.2637794484390262,0.3867925664195062,0.4715919548618116,0.24139962147200592,0.11004105438154552,0.19368208391590933,0.22711593714648073,0,250
1.3750335311955633,0.3507120069256031,0.369199261085321,0.24070762859846273,0.26756254525104695,0.11912776891087645,0.19836939559056127,0.20928848555114218,0,250
1.0217031798588774,0.4136622765300442,0.18124730385177804,0.5310793185147791,0.18570811618419547,0.09231054529037987,0.155071491555923,0.2946310291942553,0,250
0.9422246007538259,0.5311495676887923,0.5195772094608504,0.5720288455457297,0.28968530641895573,0.13618859868616523,0.15453920258128043,0.39635362400776414,0,250
1.2707466293905636,0.3124363062760741,0.4284566113531258,0.22589828315089633,0.23690959278202156,0.11821786677697384,0.18025506263764274,0.19986008291759635,0,250
1.0307791005474731,0.46613061293498387,0.4750050821350463,0.37290763300016944,0.2772138439448082,0.13608606853457975,0.17587067989623625,0.29754660069032013,0,250
0.7730950292596077,0.5798920576263568,0.554992212260882,0.32675144642649506,0.27309530314526753,0.14018247230341777,0.12948253322876516,0.3811250852967742,0,250
1.6028702188375639,0.2617324259647825,0.5385292266582975,0.06862619142016708,0.3946401696504315,0.1755005344100559,0.3479643270588506,0.1560488153436761,0,250
1.5641014514604288,0.22878445256271304,0.6580954403715358,0.14585630289310367,0.47239719494751126,0.2282128080453173,0.43159481177951375,0.16533612341644946,0,250
1.2509077012498429,0.4089286749141233,0.39912228094924834,0.20306024561546887,0.26779172324181266,0.12079113287777467,0.1698816491164554,0.2228612804573661,0,250
1.2707016591499023,0.3846508191195417,0.05837162246809293,0.1352405856933503,0.20757331315813127,0.09027117465183251,0.1719549102941134,0.19712827939140354,0,250
1.0466093513291204,0.4809586955687969,0.5012124975254633,0.35566457898395143,0.2710801324609918,0.12671162653159226,0.13937362615376447,0.29786568861690843,0,250
0.6874535184187262,0.6335555736423253,0.6713085061632541,0.8090632969864309,0.25816883627808396,0.13456290130403117,0.10112912275902497,0.5750529960177001,0,250
0.5402477527645426,0.7171913439487712,0.7856219896091087,0.6172755153336074,0.35917076744422294,0.18706059802458994,0.11442723379775113,0.6663172450935069,0,250
0.7095204749661516,0.6268112384103077,0.6755396377444478,0.34836764898799233,0.2788100663671864,0.14913334878881837,0.10879494393662599,0.39996267164493154,0,250
0.9837188362153657,0.4758872894075924,0.520936763443809,0.544613357330342,0.2738524994681742,0.13969515162768878,0.1677532006203549,0.34757122394186124,0,250
1.4458486271111861,0.3415240075520057,0.3202285829077908,0.4545385306767807,0.42277477285241005,0.18637030316212802,0.47723302690743824,0.26415877810044364,0,250
0.8033164050289124,0.612703397771124,0.6455003579802285,0.4954130995995519,0.2894397261138272,0.13558118950287812,0.10359570978243858,0.4421894494905539,0,250
1.0831975178981035,0.4395796088623464,0.4128091044540121,0.4632961398401548,0.2630579552884275,0.12677126848249085,0.1855409447951091,0.3024247340271334,0,250
1.2300778559774947,0.30540832149252994,0.2107668292297349,0.17661281346687752,0.18381528857746976,0.09217770177865879,0.161167569212839,0.1865493316906158,0,250
1.0683063027613828,0.4086983283721798,0.5130054181692054,0.0017351795586895541,0.2443937723187709,0.13524322726472895,0.1564956593299246,0.04387561859169662,0,250
1.2547362853848283,0.32376546055574623,0.08773708768843756,0.30371436431817006,0.19352883422658126,0.09280708457399324,0.20992127476184042,0.21079809572450325,0,250
0.6454930607786239,0.6373450781691018,0.6339985553256359,0.9008592163277347,0.22935649388457086,0.1250299138045257,0.0987540852679641,0.6095961138409297,0,250
1.1996636572185555,0.4370926962934889,0.5605727160178174,0.08061246722652635,0.3072336789543967,0.14110607955280793,0.1370881469706611,0.21088697312809843,0,250
1.233157218709087,0.29857055391312487,0.29327789248690483,0.09264604782025217,0.21807378173344982,0.1147414939208693,0.2405920857407973,0.17206933584218048,0,250
0.8639651008938654,0.5462410417616843,0.43248161432173554,0.8306793853782948,0.21976512627638067,0.10582405747639335,0.11912061018995462,0.45952698724779567,0,250
0.7024662227453257,0.7219741932150797,0.7272598387458606,1.2387310566258287,0.3170276681268651,0.12630231392261848,0.10250038937430045,0.819499298439779,0,250
1.3168700076174154,0.2570453615552602,0.4881515687549666,0.3587932552396448,0.2600170753414548,0.13747758059175647,0.2587378927621462,0.21144463821043463,0,250
1.2821778325566033,0.3402004500173548,0.5212669592407059,0.34645133631360286,0.3013661893959837,0.14836927293985194,0.22926003519263105,0.23452980737492604,0,250
0.5594120213583158,0.71133052692219,0.5979888991791974,0.9446066810752337,0.21381797811310618,0.10545131152393596,0.08978427095639849,0.7368194934684266,0,250
1.1998880858571515,0.3403652163973656,0.3525777368782073,0.40413373908056344,0.2281092795971971,0.11475697479355522,0.20031782114342433,0.24280844309755137,0,250
0.648711154485234,0.73410213016655,0.49973053352820807,1.2616651064525746,0.2453129425049052,0.09997820684267425,0.1002532067190062,0.8300280555779849,0,250
0.014901775285645012,0.9920314606731688,0.9928120836714036,13.545261243232307,0.4228141686321102,0.2260975335073974,0.16770548962318285,361.5038945023612,0,250
0.7317234139381746,0.6026964748309824,0.26185416447086884,0.7905803049952302,0.16973761963424497,0.0832063675237269,0.0961928058285732,0.4700349218758423,0,250
0.7662575385051446,0.6210916015737176,0.6260466213811153,1.1733453426170446,0.2640646474175114,0.12809672196680777,0.10063258729646785,0.6672181829852786,0,250
1.2724569547154108,0.3525010645638008,0.3256916567596259,0.28039136388783326,0.23729282573899912,0.11229198674604769,0.18897210254312377,0.2189011664379139,0,250
1.571519058574573,0.22350229717665662,0.5038473106533227,0.5520267395679699,0.30688316565026424,0.141696535711893,0.31165185720742594,0.2377705856163485,0,250
1.5413841686248546,0.2662072243192621,0.22677704096902238,0.1818701413267523,0.2214671615567594,0.09566184406843405,0.1913410521475346,0.1728148510385735,0,250
0.6638889363419327,0.6812290904698288,0.4736429880169994,1.0815724022844577,0.19927564084893964,0.08874746525953889,0.0819260428098087,0.6782169939231081,0,250
0.824769888103632,0.5517924074478625,0.5717599112642447,1.1517503036456775,0.2413356220045468,0.12026230514678476,0.10752739141311869,0.5903157996452066,0,250
0.6911570029501749,0.6847251219626185,0.8001543883889479,0.5175820232406382,0.5169819699137047,0.2371430936987364,0.12748682122696386,0.5759880547765676,0,250
0.8965458924573056,0.598537829253533,0.4473432507017086,0.5460450156671923,0.2843958363079615,0.12556104707573962,0.15196791145587177,0.41363834488177736,0,250
0.9824581738521103,0.5271814580241493,0.5565109389242867,0.18692872251343323,0.2932503177163002,0.1374098036789921,0.12806048510528711,0.28307123281233076,0,250
1.0662933688844498,0.4133182862532873,0.30718290597851056,0.33273168268852005,0.22609406722513814,0.11435026189989601,0.19056829234386816,0.2569954175037813,0,250
1.141799918820374,0.43776910154506365,0.33347303848672627,0.18209064895913357,0.24355055498982886,0.11425588433931408,0.16930414133824517,0.22933899809417546,0,250
1.2775191095446627,0.3236124955006682,0.34581360248287213,0.35063964071869685,0.2437271712675125,0.12164597546785465,0.22893936028377795,0.2240106616695525,0,250
0.9244134472437503,0.5392293131706357,0.7426660619674768,0.5052116122477512,0.49112159182887577,0.24679257015394843,0.18491478613807089,0.41877674589013253,0,250
1.1905731761100526,0.453493538522196,0.4217332836529844,0.8518765180843417,0.2572335598979153,0.1093670032461237,0.13755823642002712,0.3836740157404223,0,250
0.6965360634768046,0.6510830983070278,0.6676961324576411,0.521562069000349,0.2964615668111826,0.15008057665070274,0.11349553899736221,0.48703104392109486,0,250
1.3710202342432811,0.3428442824257888,0.5429657405529563,0.301332875616026,0.34479640816232904,0.16010921698311678,0.25528227981199164,0.22431740628733915,0,250
1.088634351743904,0.5257209505157251,0.544529573134224,0.43308639459917725,0.3139072356871832,0.1316047281900185,0.12908732568080805,0.3392566403008287,0,250
0.9008681043476251,0.5231650424031193,0.4547774203583487,0.9204656830176764,0.2162627926488444,0.1056976630962157,0.11265308094458111,0.4589099338140019,0,250
1.1381420533194495,0.49614651492938217,0.5815230679088947,0.2968444780795656,0.3453868104650513,0.14945629749075973,0.14721063554594846,0.28924738538587097,0,250
0.7803223747865251,0.6421798897299369,0.5083170885055194,0.5549546999682416,0.23190934967954788,0.1038607568747212,0.09143901277527385,0.45774119841261035,0,250
0.7433147605879414,0.6629272441708347,0.7186797913602936,0.7635272234418307,0.3510963342991147,0.1573577746951518,0.11639876968619649,0.6066803634629062,0,250
1.2149802422798326,0.3396965300699888,0.6020047982784936,0.37536334899211293,0.29834823767024404,0.15410233247036315,0.18037319252370157,0.24612573165376583,0,250
0.9659184650038958,0.5806135334366571,0.4949975900181578,0.4158497828673107,0.2682334010586359,0.11154270064605151,0.1002279099003858,0.3682994125148783,0,250
0.6915467353214411,0.5834851311383326,0.6510835695633296,0.6091080062676515,0.21846729466698728,0.1255477560251686,0.09604198247480239,0.45241240820695705,0,250
0.7555114067856942,0.6241126878426634,0.6818375444983573,1.3394598491304124,0.29581882744174687,0.13670473645467268,0.12035229458131749,0.7917934755376589,0,250
1.1984622827755311,0.48361788860698607,0.4690375619721779,1.1316093619009744,0.30600131262646485,0.12288306399822106,0.16376880519746553,0.48925034555846175,0,250
1.1610482767364838,0.47982832948838033,0.5988517483705036,0.16100509452191045,0.3586946258969928,0.15626813477624796,0.14552378021008608,0.24994076436319557,0,250
0.6943347779940053,0.6212242006886298,0.5695043764980497,0.606244895924692,0.26223316540407177,0.14019429220045662,0.13536674907592158,0.4946677533016873,0,250
1.1628575439920827,0.44398941058664304,0.44641515488020833,0.4006934832193097,0.26260998033382565,0.11729206216114446,0.13418932573238723,0.28377034017455066,0,250
0.7357750482071083,0.6165994508716078,0.5711314835216884,0.7015440321350901,0.22886326016219555,0.11597367112848214,0.1000602811579855,0.49366895062090055,0,250
1.9015072981756067,0.17011737280911146,0.4094171973580624,0.07600322956924777,0.361558198956644,0.15140922158150585,0.5501268673273888,0.13648151869597278,0,250
1.6769831268769875,0.3085114419145933,0.1769304688937083,0.146368045262782,0.289812094300719,0.11201790017895082,0.27256250002422555,0.17492688791753322,0,250
0.8487159133748045,0.44650999206337855,0.5097537502786479,0.14711893514520416,0.21287150838969413,0.13219854313971968,0.13165493352284738,0.2438929085452723,0,250
0.8398241309959009,0.6118171061900033,0.5081403950718624,0.6091182999022008,0.25653560401349573,0.11332169100984268,0.10749319685264953,0.4564207017768308,0,250
1.007863759454909,0.48112230358166264,0.5122855998180662,0.5211566665771122,0.2548908128914369,0.12426623710757577,0.12980442931241312,0.3379226872558523,0,250
1.0351564615660025,0.44714548291441664,0.2536348369996712,0.45433068532365645,0.30467452923371574,0.1541539391759762,0.3203615855834457,0.30692105345891313,0,250
1.529255458415951,0.27132999806456803,0.013300707068801066,0.5573190875253218,0.3287227029391433,0.14738127805931764,0.5239319949489822,0.25035448884841466,0,250
0.6235059198568391,0.6178620862216052,0.6145036859208197,0.7497233360127628,0.25106549221966473,0.14835086022839272,0.1375781938771889,0.5707183853270491,0,250
1.4114723505873117,0.2834265765800997,0.34561374035264986,0.0955695012436501,0.23335600409078425,0.10957607082312483,0.18819240421147468,0.1658649248102931,0,250
1.1408254153568327,0.45171021456740884,0.3000759264741649,0.8431202993887729,0.2254443486854888,0.09768274391465188,0.13970318210571775,0.3736324752704259,0,250
0.8662817324854073,0.5383209431604195,0.5061134662925632,0.47092857307381847,0.24550237632766714,0.12499419872007922,0.1325990176024395,0.3657589077916068,0,250
0.7389488389498475,0.6091228428431866,0.5209284862214721,0.8832987401840887,0.2706274510603053,0.13752150245363784,0.16607493603597293,0.571538375322663,0,250
1.2534060934233102,0.3942267848455599,0.010093962521343695,0.44403244656014224,0.20771544255144492,0.08766108547195833,0.18184574277738996,0.25485050181356783,0,250
1.0436290897315437,0.463127576582292,0.6421981954648949,0.22241099705388243,0.32909298704698875,0.16509800082594928,0.14526975441342743,0.2619003657209167,0,250
0.9096154712419238,0.5353091364714696,0.6438728681437965,0.716146400921218,0.2789280789660767,0.13502667781820105,0.09918226274537069,0.4446755599600291,0,250
1.0659620233604834,0.4969682873172314,0.5197929324886819,0.9295366478357511,0.3007488169653413,0.13736217570317413,0.16522356025657378,0.45719358882776767,0,250
1.1769352526005772,0.367698726130586,0.39017761988947713,0.40427771369073506,0.22697266190934506,0.11270819817746257,0.15758827442953866,0.2519581465034306,0,250
1.136097040789421,0.43247382736376044,0.4095308041204913,0.34431161385905074,0.2527339412126812,0.11909253693102456,0.1601228255262275,0.2647075744072375,0,250
1.2090613138594521,0.4190488028806599,0.4982995756478754,0.21689789990377242,0.3010626481366446,0.13875670190159284,0.17167307914047852,0.2343124663743426,0,250
1.9160975721466043,0.21227008785294216,0.10782956517197216,0.2792908393569565,0.26594762435712743,0.09975909596057407,0.33910397104000567,0.1720896878087907,0,250
1.2916601401143064,0.2817544308692191,0.5023766672085873,0.37502577580979296,0.24582408353897817,0.1259847659036891,0.17166723833198647,0.22114885716462782,0,250
1.0940117507522307,0.4801123539515073,0.6302003335826458,0.5305953440670758,0.3229772982236299,0.14928188205529722,0.13505616950630425,0.34309321117260666,0,250
1.198948000825828,0.3668609193014568,0.25689178674843804,0.2692301866434126,0.21578806654997876,0.1028236458149652,0.18250554477930883,0.22309211170071497,0,250
1.1584246094198263,0.4467561699434586,0.2093489590365258,0.6450897603258909,0.2078801987696775,0.08748663035415853,0.12530138211420225,0.3224264170302975,0,250
0.7065656008235938,0.6946183302097603,0.6839580398580961,1.2827850898013973,0.3681320520095888,0.16160243080643666,0.11556860159508933,0.905756841585825,0,250
0.8910388338786301,0.5240291531011342,0.7618190210693395,0.13170185706824722,0.404848001570726,0.20958730715644436,0.14051288146863017,0.27997240831496845,0,250
0.8351118559362742,0.567891019370529,0.7033846170603798,0.37833732550980037,0.35724752648517455,0.18282483296128985,0.1447752622770371,0.37720803666900565,0,250
1.4271346688068405,0.35043312198628823,0.37417440563667587,0.1356669341986013,0.28433008386685676,0.12151509932683639,0.20280338896023678,0.19033543926523694,0,250
0.9237427103477556,0.5279174120656864,0.420398561308159,0.7143506159945864,0.23932321186763755,0.11448411391653154,0.14567312005947955,0.4118508262117175,0,250
0.8765348740008975,0.482102614179417,0.2554404021029558,0.6864374328134277,0.1896214365634821,0.09918637680910594,0.15405415396331726,0.37118232517523875,0,250
0.9455567064917317,0.5033215076342696,0.48813769454868877,0.41708592221986146,0.4565087560557903,0.23210427756309157,0.38305403481674444,0.36669513644060153,0,250
0.962677251646415,0.45276091722096234,0.7141999738750859,0.3126708006196236,0.3842049224062125,0.21598035460830592,0.18669967938558948,0.29230258443951773,0,250
0.6688431789871653,0.5977906324911779,0.682433900746486,0.9391904972688179,0.2564244206155891,0.14735742185620299,0.11816129612224267,0.6123875620038003,0,250
1.4834364571631053,0.256786925066639,0.4503680577808496,0.3837844090332839,0.34887610175783584,0.16783756261567026,0.43657947608325876,0.21769736366064807,0,250
1.2247209147076294,0.36632921579963107,0.4236617330392504,0.4585449714408056,0.2362269320868721,0.11160618972224799,0.141183730031363,0.26265773709773843,0,250
1.4350301528201757,0.308802033820706,6.978582329673247e-7,0.1936141937014177,0.15800920157712223,0.0611931961708888,4.4555136734505344e-4,0.1831971805436993,0,250
1.0341884807368305,0.5413425557971894,0.6264278335719246,0.8226126781541062,0.39715625303885116,0.16969539532595956,0.17000637978686095,0.5099893659337812,0,250
1.172267573197651,0.38437279813761477,0.48183335659583537,0.09461112451709061,0.26645763510222803,0.1323855176336384,0.16392390939952697,0.20093391158318757,0,250
1.120382782140204,0.444331949062687,0.2670779091230103,0.1279409941282072,0.23096823713166012,0.1062606470383922,0.158911706796485,0.22284091995630964,0,250
1.1424557805861733,0.4025629318922725,0.5041655755113615,0.853162423395085,0.29255730052891343,0.14370738469574795,0.21718066612137352,0.38856037667210414,0,250
0.9775184778092479,0.4634251997523918,0.3919274801217121,0.6329125222286569,0.21128489761530006,0.10496075887301502,0.1232482686850461,0.34999653279149184,0,250
1.962983143112748,0.1832177040815365,0.4011696158571576,0.051154807235685426,0.33288209470888214,0.13176149757279954,0.3981420054514538,0.13330863577309857,0,250
1.4831844270875998,0.2948705629997493,0.18800338926696894,0.31181023348687453,0.245201908293407,0.1059105198743113,0.2602968266222153,0.2034101894911159,0,250
1.5482320677041352,0.17995667971818344,0.13378372967227256,0.013218053815302076,0.23452856049427773,0.11471564536747204,0.4825528667979778,0.13178806839360013,0,250
1.05814267934076,0.51334801975625,0.4471204488339992,0.7851171874498887,0.25257996584206877,0.10862784134230337,0.11803605376654784,0.4092823606870819,0,250
0.8734067110146242,0.5474568119882447,0.3986460781612094,0.0836387472682545,0.21577853725445625,0.10596811345759265,0.10433185711829701,0.2687818034400751,0,250
0.759837513673246,0.5844768135901992,0.6144030429120163,0.37654579828481693,0.26583857554399737,0.14419253540154303,0.11570763800535008,0.38192081784399257,0,250
0.9534693323652441,0.4976034088955604,0.6343111410486179,0.32317808133770565,0.2802181011639112,0.14208330829041024,0.11215837956073384,0.30569346259548624,0,250
1.7358319643349944,0.13192313608513503,0.02444619378945977,0.3135601037349968,0.21595466134836172,0.09494666162614576,0.5395105537834821,0.16409423780581425,0,250
1.32931563391925,0.22547413231341384,0.10155288668165972,0.1751676910207365,0.20361622296269583,0.10501084210615655,0.3611939947896759,0.16758026497250683,0,250
1.0250467584145486,0.5186057338934307,0.3603749534229852,0.3938613989269812,0.2320879083972376,0.10072776286207191,0.11299663820952348,0.31659617065494633,0,250
0.7170794373035654,0.6860259345943048,0.38016042922484133,0.5619172922907982,0.2008591607447975,0.08435845871585057,0.0840225072685441,0.4910481943796906,0,250
1.0744200030720494,0.5297076205396333,0.5054819969467158,0.9616251425421509,0.27350014880017287,0.11277135180632143,0.1112494583069579,0.47033849538049566,0,250
0.7686072634376909,0.6001935970295007,0.46071581469987644,0.7724156275140053,0.22891447584471805,0.11160057279666717,0.12906341768941176,0.4992239912804733,0,250
0.9612354563591728,0.48529294565207026,0.3349710007356706,0.09865588324822638,0.21957128390486672,0.11203342242429416,0.14917395455728866,0.23607000422576987,0,250
1.0349180983111206,0.46965662517962625,0.6214577194391456,0.6229982841527839,0.3225688174722612,0.16222399422995254,0.1551864319811423,0.372694472919468,0,250
1.1103330890240604,0.3667473411593048,0.5070891969284548,0.30826542126281065,0.26023239662888586,0.13758028100457784,0.2053158776923595,0.24190858439593496,0,250
0.9352037749730974,0.5064882578292432,0.39695946437143853,0.39123375292636203,0.24555356503783954,0.12115600549248942,0.16091476631944893,0.3213298852392666,0,250
1.2172245215495447,0.39966256340464945,0.29552849691403466,0.3672042260516613,0.23797594988366594,0.1088190373595203,0.1817244000345383,0.2512640041735244,0,250
0.7342438794703381,0.5553956297059266,0.6184672990329019,0.5190102489314544,0.2716304352688181,0.15920568839628274,0.15310741103873585,0.421819163941938,0,250
0.878061079631378,0.5794988005391849,0.5628987205789183,0.3039451207224866,0.2960194336323451,0.1371856844643265,0.1288399770440278,0.3545347744583331,0,250
0.9595506221349258,0.5480267364638659,0.4747673318303122,0.5774785809909176,0.2528056585260608,0.11252448218999737,0.11323570807214874,0.38864624868805364,0,250
1.0368126112663967,0.45276538984600934,0.37987741968585154,0.2829324647004609,0.21674147028804477,0.10711884559640408,0.12829843467806554,0.2604383151270612,0,250
1.1923536589981198,0.48191285064275285,0.4061406722808773,0.43809343921860755,0.2829605262494239,0.11632871975785486,0.14903305954057497,0.3047685360955207,0,250
1.3588242611446988,0.3269157928079214,0.5268317773781221,0.22232598868769748,0.3527833286707524,0.17191564014439506,0.29492923358399215,0.20315292977705376,0,250
1.069510157976034,0.4400442879424888,0.5195870232469063,0.03785348292278833,0.2676024038447465,0.1358727371451554,0.1337327755565062,0.20866466810753528,0,250
1.351941249481454,0.3360310216166535,0.33227887596526273,0.11109714238979897,0.27637320994360703,0.1280197395365661,0.2533944266862295,0.18148249133222208,0,250
0.7523836570965704,0.6532281921352203,0.5280630040810776,0.9560994457004257,0.24471065695544222,0.10822341070153499,0.10931126034687494,0.6074983298724453,0,250
1.0615091931678236,0.4124158220052307,0.37725993478056125,0.46900029224326834,0.2247945197609575,0.11380516849838444,0.16467171109280113,0.28843268469211686,0,250
0.9681923158700376,0.5879432920028566,0.37884658574254165,0.6596001048473744,0.2407449402539131,0.09609731141209861,0.10572859673236672,0.42169980371723725,0,250
0.8880581715128688,0.5689753418779404,0.7237940624063367,0.3218712441608462,0.35681047000744537,0.17250169355774025,0.11453962083912428,0.3483857468275597,0,250
1.0093625763465774,0.48585242728344386,0.3895443724586222,0.46573582209633163,0.2189863904925301,0.10407303578227804,0.11841090156879927,0.3151872096395757,0,250
0.8722829491317873,0.6060509868746284,0.563942332828072,0.7163806598723403,0.2634123966846846,0.11236624291606848,0.0981076543203754,0.4858737602520198,0,250
0.8244055566992867,0.6112521477512864,0.6746863400544604,1.7242312110460782,0.30451203033045754,0.1357701486374548,0.11309512955981578,0.890476300023589,0,250
0.6961543321661668,0.6393300848856959,0.37313458312089537,0.6929839440536305,0.18325463701609201,0.08793672894560826,0.08934536855649672,0.4926765178836006,0,250
1.4144146690437567,0.3110615122498507,0.49015296180766865,0.2674030577167722,0.27255386407172694,0.12471677039742105,0.15999580798030855,0.2041606610922128,0,250
1.0923088069672457,0.4520023134545942,0.24120831884714475,0.4331091425932999,0.19840359330263171,0.08908426277411306,0.11574736685133512,0.28447783760238277,0,250
0.7123889191195306,0.523759241969996,0.7195589216147059,0.6128975196245503,0.25026601290810824,0.15721553802917065,0.10796133299027752,0.43990161836741026,0,250
0.9990210692278918,0.45586978657047134,0.6569803339020731,0.5922762054770365,0.3193025672083798,0.16771860034419245,0.17156882831236472,0.36465952135288293,0,250
1.4198231987474887,0.3299195927495339,0.38003281964731445,0.06465372546327418,0.2578120857401051,0.11509785224634439,0.1776935830950356,0.1707747967197518,0,250
1.053084691717235,0.4082871441971667,0.3572208736586855,0.4730101943623565,0.21173056197729345,0.11009414017225846,0.15697765673906564,0.2833087264064125,0,250
1.439117951951354,0.31807420928396324,0.463705719763642,0.17233815561455854,0.26945528746442154,0.12246248505175683,0.1543619978661257,0.1867178663323897,0,250
0.8609462865594469,0.5425472926122699,0.4200385370017528,0.20528389705517183,0.24103937629399597,0.11980661131380942,0.14785650502314637,0.29888028909024233,0,250
0.7708729321860616,0.6022886398727787,0.5939449897744524,0.3719727113423692,0.2703113360646451,0.13473786824702427,0.11326668810042438,0.4006458121325444,0,250
1.056791490536939,0.4731386209081023,0.4577190991393475,0.5134567664658305,0.311233532786326,0.14954682335937233,0.22745487063129838,0.33509263465353417,0,250
1.3736060929091471,0.34910728610683855,0.5488168581845291,0.480387128284168,0.3260271238242193,0.14725447533629923,0.20441806955867572,0.2659253798647889,0,250
1.0717524734160082,0.5035348673936102,0.20300288205334882,0.3226648395312599,0.21508973033148823,0.09013015101805277,0.12280040738167125,0.2836636965450278,0,250
1.4767997862963573,0.33430110283015596,0.3570889608988288,0.24296068372626226,0.3228168433584125,0.13855897343734253,0.29097331320910175,0.2053009446773252,0,250
0.9647238764544688,0.4529049931687824,0.41523074593669584,0.2999395370853057,0.21980991943920405,0.11737214105898239,0.1482322465892935,0.2702793587067034,0,250
0.0012421574185861443,0.9994016894435073,0.9898995484431024,48.530173593296716,0.09413028755153953,0.045346557409633205,0.543768140679706,2719.896482834928,0,250
1.2343415788962189,0.3658494206738969,0.07768007624417883,0.2571065435822029,0.20268099121086364,0.09353875292388618,0.19446183639475317,0.21419754962547422,0,250
0.9847070000751459,0.5062059082275019,0.4659919818525181,0.45362710636430675,0.2615085047273878,0.12377374491120054,0.14649579148294095,0.3354831851697479,0,250
1.0163364454221588,0.4818527912721423,0.41548165481255905,0.3446203679506504,0.23914091536185159,0.11366989353832348,0.1356867821396022,0.2923495468482973,0,250
1.554459259852559,0.2962156396523399,0.13203844293731426,2.172307098205805e-6,0.21220406749938356,0.09233700938620071,0.176938106811651,5.687298649687669e-4,0,250
1.0988625246085029,0.4148406690907659,0.3195694258065349,0.9360157579252606,0.21011455983436303,0.09892107108300588,0.14443734643791778,0.38151827237840974,0,250
1.1725506778344739,0.40867820880715905,0.104004938762427,0.5618223915085192,0.19054390726114043,0.08419982342716366,0.1467449567921126,0.2839169798774197,0,250
0.8405311686730009,0.5350684387096079,0.574044522380167,0.5251260377720876,0.2302644120891712,0.12013553511059183,0.09184835072701363,0.38337750320480035,0,250
1.1942995965306693,0.39524780008671656,0.4055792526176352,0.44313483737103465,0.24235047520884775,0.11331711176437574,0.15467340784835673,0.26961177288434307,0,250
1.2060996202045549,0.3154457255539448,0.5159023540946512,0.23341525968461943,0.2477275726780936,0.1316293470416621,0.17014062249931694,0.20506409381256221,0,250
1.0045925432115483,0.48969663453511103,0.5974252116545277,0.38061631067917406,0.3429112460687,0.1666678456316952,0.16838399473577603,0.32871223950371364,0,250
0.9692764753536199,0.4168558588078189,0.6827575856296738,0.5330460150783058,0.3342579084040243,0.19334247512347838,0.19292891428454037,0.3452656924868054,0,250
0.8915458845037821,0.587964430986221,0.6221137643124998,0.8834538786711699,0.3208666815922507,0.14256906123740606,0.13072126640185402,0.5499670252947397,0,250
0.8071847962629362,0.5529024902408057,0.5322522795569699,0.810949504294581,0.2539351508656699,0.13307790666316135,0.15909515274440825,0.48821622943916737,0,250
0.7230495674474882,0.6504503780183797,0.41783899439387606,0.8270070780504014,0.19495966799867884,0.08758382086633874,0.08164117225959895,0.5424637629398403,0,250
0.7546855556864182,0.6425732334532783,0.8622611649844267,0.48484147332275884,0.7625779001597166,0.3597536662543575,0.13949112094328317,0.6063560380065691,0,250
0.9047985787030483,0.5003150243840648,0.5552772186806916,0.32488189252284333,0.27493606687843397,0.14857676941178388,0.14544246796044744,0.3089182722295943,0,250
1.411259286039471,0.315484065321967,0.36515849481420054,0.6024399388713171,0.2399480900976786,0.10587347930955804,0.17104160326647205,0.2644722987818963,0,250
0.850165454987785,0.5608613821987134,0.6053416980914814,0.3159157013654894,0.28790896988209785,0.142922031969734,0.1113717676551527,0.3529955234791859,0,250
0.7820073439163725,0.5937093071626742,0.6192446485277527,1.0209313279714667,0.28332051813323617,0.1400973668311836,0.13013277751308427,0.6169888768139119,0,250
1.3234216296218357,0.28826793833461994,9.796045667733064e-5,0.41833799460498244,0.15035118141162504,0.061425147647600604,0.01537555229649375,0.21720756541728994,0,250
0.811988416159926,0.6163072185165211,0.7161523037713704,0.19676087787199883,0.39069068078106545,0.1869475196040836,0.12012449087877136,0.34570617538973925,0,250
1.314779975759921,0.2894288091108489,0.10083467919783755,0.21793442097982685,0.1953340157833708,0.0933929038765456,0.22780273149580496,0.18748538519478605,0,250
0.7236747039845555,0.6370135463493951,0.5059940106936262,0.4228026586980119,0.24979603739008122,0.12071903037878816,0.12352372579945665,0.4390859111347143,0,250
0.8676480012747707,0.518535512520997,0.5407509305617993,0.6784302539082213,0.23477600352123107,0.12475014693507556,0.1166291747620466,0.4074763787391579,0,250
1.1167723262212415,0.5262719244281948,0.6833895699687842,0.7107132419772826,0.41895311858202633,0.17356082572939907,0.1467695779230528,0.44764460250561877,0,250
1.2559831304826605,0.40340590043097585,0.4834465852477595,0.7047066877744484,0.28352371470332177,0.12562256488034795,0.16325593197956248,0.33538940427786257,0,250
1.0093697130255626,0.48594928851805197,0.3933357650401346,0.6444400838249876,0.24062635740221397,0.1166330467875305,0.15264885469960998,0.36046663817920177,0,250
1.0779752514284355,0.4397129906143322,0.40602785304625855,0.3933838712483107,0.24086940325538023,0.11697252167982451,0.15565857413796316,0.2813655404795835,0,250
0.6309432937056925,0.649454772167428,0.611931232162173,0.8877342272794284,0.24289086685670838,0.12945499999300789,0.11721210659076398,0.6373857635103305,0,250
0.5400305938151392,0.7112432563385963,0.5116854282969567,0.7054888609917359,0.17672146248990672,0.09227440326415669,0.0807654815927138,0.611105682748898,0,250
1.16534096146093,0.41298115862162044,0.4973753894774098,0.27605632136619096,0.30518678365914226,0.14501045162197726,0.19938865533448888,0.2500962378210676,0,250
0.6410328896947022,0.6624149791821367,0.5715140425499117,0.7463775712230102,0.22988622735927974,0.11405474138172253,0.10536053762263202,0.5917049400580336,0,250
1.2823215686843406,0.3257007907473744,0.17882848800991683,0.2019517637932812,0.22252996296720398,0.10852317593976661,0.24873852603550278,0.19409458227932608,0,250
0.9991846233644162,0.5035836604373518,0.44079466484122265,0.5525681156631228,0.2453612044752954,0.11445390903297809,0.13307750352409023,0.35251652958973845,0,250
0.982156905699648,0.5169518561304743,0.4979362259500361,0.5878769770228233,0.2552188104611582,0.1175938271710165,0.11831241480648652,0.3766738077288728,0,250
1.1968291882359494,0.4599565320439017,0.39261896433537075,0.2042868983237173,0.2621069508890785,0.11318466191942976,0.13756188634223138,0.24066725637595798,0,250
1.0875355818982786,0.4018983552055604,0.010083285723961504,0.5749407996929441,0.19314394861227532,0.09261306357968539,0.19999381659256693,0.2887719083608897,0,250
1.0201684016165282,0.5358271477295079,0.6970684115845919,0.09156538526944037,0.3948355227779905,0.17564764315590642,0.12001681718032021,0.2668554777081984,0,250
1.1854414154055575,0.38725833342894145,0.3950051447738033,0.10644668840155183,0.27704888562563024,0.13811080775199042,0.2310207062826057,0.19948232094291152,0,250
1.3529825778554354,0.259965131904218,0.41403847090858475,0.17230990012902578,0.2513457531453185,0.12914066644146568,0.2680160024688347,0.17525518692068098,0,250
1.130691385023098,0.4666858734723436,0.5476019433752949,0.7602404373568902,0.29378693354330127,0.12809764063401913,0.13631916015967863,0.3958836717252619,0,250
1.5747381474547353,0.2907571376612535,0.28965974879376716,0.33931290415569304,0.25086323153714724,0.10229622192526125,0.19781833472504126,0.20590521823220784,0,250
1.1852168918789432,0.47620956542334464,0.6484800328819142,0.2598778160973955,0.3969490554778222,0.1729965709663412,0.15966826015522848,0.27047850354045594,0,250
0.7943700247082208,0.5791558795833479,0.617044997668372,0.34702676823115347,0.2794965249052234,0.14284852524468092,0.11903704195509503,0.3749944824134009,0,250
0.8238650629729837,0.5802789648781601,0.42159517195396,0.5304166065311896,0.21870813861698774,0.10629427205519974,0.11805877139940141,0.39744827017726636,0,250
0.9709885858698102,0.4974858466739732,0.6038394259598842,0.6561104551222702,0.26565425793772435,0.133955333169125,0.11410290164965405,0.3826282358536026,0,250
0.9302268662697974,0.4672467467633032,0.6431167954279755,0.5927737421134801,0.31893931071816106,0.17608818787697608,0.18664654921009552,0.3821873887976818,0,250
1.270482755657852,0.4130695683205684,0.41639967441530684,0.2593564918355367,0.25984326775738137,0.11384217748686319,0.138572020933387,0.2340164772701757,0,250
1.2590354159350026,0.4336602094568486,0.4783025924699581,0.6760764764744894,0.27274699795704094,0.11383123742689277,0.11378688649289274,0.3373231158213439,0,250
1.1808201125440734,0.4540756125789167,0.4253612356735137,0.15312396545250528,0.2627448987909809,0.11580772896408627,0.12897063899011088,0.23094483920600817,0,250
0.674510645595113,0.6735795926124998,0.6209810915519903,0.614315226731836,0.2564398090142374,0.1219471032454395,0.0965807094841651,0.5447557762266712,0,250
0.6928066807002846,0.624976731607912,0.6298025772370017,0.4685919588747588,0.2666422770333508,0.14170043424608922,0.114726942055526,0.45470778767271897,0,250
0.6796787453375588,0.576935698022918,0.48241471307575545,0.306916265210855,0.19308188607283897,0.11559949591849243,0.11568361363026192,0.35566798966984975,0,250
1.5619889538224043,0.16186554976419243,2.2900474517720506e-6,0.02450201777626034,0.14705756329448727,0.06342029492532168,0.001359629461020821,0.12938873474603318,0,250
0.92978943674828,0.5248616206742917,0.5270773509847763,0.2758571224538257,0.24920249882386145,0.12166422289359675,0.10473167610191536,0.30462982205876143,0,250
0.9826214820525264,0.44334369675187346,0.5158324054350727,0.6764217812711235,0.2646910463303803,0.145294682442063,0.1943296231203059,0.36306559411450273,0,250
0.14356512648611214,0.9158350354489627,0.8652954128548367,0.20026487955859187,0.8818365712526055,0.5174280780915272,0.1786347312532205,1.152367983241493,0,250
1.0560464211772171,0.45697650418378005,0.3429890647108404,0.7777438540527583,0.22410621792182178,0.10625196796222396,0.15886200571761322,0.3687306534087675,0,250
0.8973903683545283,0.5647245497138723,0.5340234509227189,0.8791936681382975,0.2570004361129107,0.12015257406894435,0.12448469528945838,0.48722756644373266,0,250
1.5871755411822668,0.1644582338873487,0.05892697360289394,0.3355066970262548,0.19141479296669853,0.08463192832770912,0.3370917731025119,0.17508858728403348,0,250
0.8450790028824938,0.5832888849840895,0.42494184184175554,0.7021456581078631,0.2190853755768312,0.10075091290702234,0.10493695458987552,0.4462134324004173,0,250
1.0775906563679352,0.4740308453453284,0.8370378193155673,0.36253756842375506,0.971113898096256,0.47415064270157703,0.2727553744216421,0.40840337339628646,0,250
0.8550744803544162,0.5768916811447724,0.4716718081496593,0.6058642795979003,0.2398550841757521,0.11138904848567756,0.11104784779978007,0.42709488049383365,0,250
0.9553719065456621,0.4516990552424003,0.3459332156559719,4.620879079539225e-5,0.20237305176487214,0.11523854709189857,0.1361407413175177,0.002683523755357054,0,250
0.4899316544842694,0.7466628806338195,0.523358751442267,1.4362047257845845,0.16992962949098125,0.08749683532727218,0.07665646633820959,0.9274642069265954,0,250
1.2384331452365729,0.4272268733612805,0.42176038712356645,0.2830135168220371,0.2665047575257407,0.11577882793080221,0.14078453223746887,0.2472913704694052,0,250
1.1505232195565451,0.22129152650173212,0.10150158030452341,0.195596394642512,0.14848477197395987,0.0834960806043567,0.21032822670294202,0.17274382630793167,0,250
0.9564107228523305,0.5005825497020832,0.512238886385638,0.5043154967674824,0.2560622558818896,0.1291537639171813,0.1457662648168491,0.3434623046381739,0,250
1.1079961790220552,0.41206222210297294,0.4173029133730197,0.39290031505235323,0.24465360563188382,0.12117740438079953,0.1698681847679869,0.27070047682190557,0,250
0.7915300079156479,0.5658364671846737,0.6372335628531121,0.23908103818341214,0.2730263530361004,0.14821701692304612,0.11101054922591527,0.32887976427827087,0,250
1.0494508400152118,0.4481820037628106,0.6690642597755171,0.4823904179023504,0.33998738528133843,0.17510120093658316,0.16728283481168266,0.32469615593352724,0,250
0.9306158284847528,0.5613384620398659,0.524668187620447,0.7391424879881833,0.25972728867788974,0.11432478849078562,0.10899978504059245,0.45160182864097187,0,250
0.7257782417307483,0.6198020197824068,0.5480501647159718,0.5417428244786947,0.21717518044015768,0.10900703096087004,0.08830494342309908,0.4522929804204283,0,250
0.4981497987561755,0.7614736087474614,0.7662975496631365,0.1828785745803394,0.3732622425455798,0.17846228693237864,0.11090952879798231,0.5230131897143733,0,250
1.20101705727018,0.40429760978827456,0.1275571738185011,0.2248300001402332,0.25094668702530615,0.11752327269996023,0.24831894466498766,0.2213596543150447,0,250
0.8834607477262542,0.5140064705546311,0.23470646349909563,0.5919639792361824,0.1851449117891128,0.08936513243255798,0.12293198644801692,0.3604942959463206,0,250
0.6999429847763765,0.6616089110216649,0.6539286368258795,0.03844289292424585,0.31600430818149056,0.15133449989775288,0.10925432708036209,0.346284988334587,0,250
1.0457871952326947,0.484282985002446,0.41323576822215985,0.789771259078109,0.23298963638178344,0.10588062354457205,0.1230895343150493,0.39170435276198173,0,250
0.5383515621564572,0.7676080317156186,0.6462782271613587,0.8775516989073512,0.27022753661171844,0.11562571541411273,0.1033714849052271,0.8213934620136774,0,250
0.7968118586452014,0.58399503808208,0.6656673266141696,0.8885605312835521,0.2711200268048552,0.13417584997354684,0.10511679742415145,0.5421692238787312,0,250
1.2560421997990054,0.3325346179129664,0.5030802120603106,0.43728615485260186,0.2698487235251427,0.13440763490329685,0.19371486237638535,0.25114985347393387,0,250
1.0043301984904007,0.4916933059517211,0.26363820385846215,0.26477658891411476,0.22017466828091434,0.1042568088978249,0.1538169650734375,0.27060743206526516,0,250
1.4379300481642645,0.21582679105087338,0.3465697868703496,0.17857366215612694,0.2377632839252285,0.1197209626867264,0.31632681575895,0.1648373442977248,0,250
1.5105637352640104,0.254564699960171,0.5421053266428238,0.05218921650019544,0.3077445696281834,0.14681391733068708,0.2519318485004984,0.12225484663020414,0,250
