tau,kappa,beta,tau_se,kappa_se,beta_se,convergence,length
1.4350171119116415,0.2937896743838318,0.29265026510105596,0.050443293541319496,0.03710318687480942,0.14595588860347264,0,500
1.439952531209868,0.28358904489710424,0.21780861184985792,0.04654543939019331,0.0342489933524633,0.12285587484567657,0,500
1.3415732906414246,0.3215342483633232,0.18700856339055685,0.051461825463848046,0.03719742426558428,0.15481592728178048,0,500
1.3850965171940397,0.3150877762789398,0.400324679672662,0.050867862496768806,0.038157128544324875,0.13477397349163112,0,500
1.3229006197531366,0.313118610088681,0.3874116750979227,0.0514173145590294,0.03982473245621914,0.16001790068608895,0,500
1.3428024353025836,0.3899122090943149,0.4680249858373066,0.05654777718468046,0.03750386305195988,0.11587083733594344,0,500
1.3621904271128071,0.3387492330265359,0.3666093726068371,0.04791937057222253,0.035054528590452036,0.10909564114402287,0,500
1.3490490875627092,0.344371206455988,0.31998299706349415,0.0519420247485136,0.03692433945007992,0.1382690177433987,0,500
1.3376813330309179,0.35641369349486346,0.4070890854489643,0.05252501833348715,0.037527647370832404,0.1283908416878624,0,500
1.3183224692738982,0.4070497005503207,0.37701094989821204,0.047899494482047285,0.03236505161311384,0.08618561896996138,0,500
1.3387608724673477,0.32313162849240684,0.3833513292845797,0.047316271858964414,0.03651236201798229,0.11767413892003697,0,500
1.2274762030985926,0.40383311490722695,0.5774552160205573,0.06911685850793597,0.04628956861947615,0.1296464507798094,0,500
1.3752721639545638,0.3368639496651082,0.5678466751238791,0.060254880085031555,0.04275360880452454,0.12085619104197931,0,500
1.3510859637583699,0.34250735984739483,0.3702161506373528,0.05188926056438929,0.037425913593503654,0.13512795184155638,0,500
1.2166290488049332,0.4170472734352874,0.4253680651627308,0.05035151128640317,0.03498270309457935,0.1051533293099191,0,500
1.3983126531548913,0.31079646187091525,0.1742617882009602,0.0540356480851165,0.037807535553672444,0.16522371545181413,0,500
1.3943260330516831,0.34901029436294106,0.3029307390461615,0.05956948646346674,0.040014462814582014,0.1661602123941039,0,500
1.255864471519697,0.37402802853964373,0.6791593393127096,0.093848988237841,0.058439464199453374,0.1281420978141997,0,500
1.3262311379533354,0.38826498795582187,0.5366575657230075,0.0601158600824288,0.04000494482929202,0.11344430495370683,0,500
1.3641967979435912,0.36596229966148164,0.4670618146757528,0.05521894828379542,0.038473906413255425,0.11917382966032072,0,500
1.270203831728911,0.35415449882054395,0.4210178697295792,0.04830487712475031,0.03646451858265865,0.1173004813136487,0,500
1.3986247934232425,0.2864850655976279,0.38595291468746606,0.049383382694088374,0.03860324630565928,0.1429146637332811,0,500
1.2770748148196338,0.33515178663338346,0.3883983092632226,0.043845093498479086,0.03486248110367547,0.10028250173027883,0,500
1.3139013692839578,0.35586123630297406,0.393958361622695,0.04930968745119873,0.03610243212827891,0.11671273137111256,0,500
1.314407886737563,0.30763358439155336,0.5559271110787494,0.05488153939447656,0.04346969433952135,0.13302631780388394,0,500
1.3932209116141223,0.34845666997971897,0.38885912959103097,0.055946528608215064,0.0385000965990476,0.14281682321961833,0,500
1.369911253042628,0.39167578708286005,0.4391155238119949,0.056227538967625015,0.03682593566223867,0.11431416047968021,0,500
1.2967742422655997,0.39259278763916045,0.4809152188852243,0.05215669797245273,0.03620325641517046,0.09976458437242605,0,500
1.3535441724899824,0.326611929593922,0.3797500180638359,0.05131786754439775,0.03840267778686293,0.14144629555971247,0,500
1.380291656764622,0.26619897409560006,0.06684334758546576,0.046306473348042554,0.034432075883427754,0.15174808149886077,0,500
1.4309626090544234,0.33804914299870414,0.2689667480221131,0.052778109600796964,0.03554508372325319,0.13142180337362636,0,500
1.2602442514850765,0.36372847321010776,0.5571093901374382,0.057048901187019815,0.041559624092619596,0.1180795898793734,0,500
1.2864578387307024,0.35877222703576833,0.6140370393906638,0.06909015255632404,0.047353233500134234,0.12736422703082972,0,500
1.4007860889853936,0.3954642114459653,0.4022940939714623,0.06761809183212923,0.04138262060915501,0.15839914986570808,0,500
1.3732117585139867,0.355335922318544,0.48603107190222317,0.058470079130944985,0.04027027495554193,0.13558919875745715,0,500
1.4260005019464845,0.34296276642642853,0.30559181153703807,0.05362718955839098,0.03628933434297221,0.13291736936599766,0,500
1.3395650502588372,0.3597715636840641,0.4279415032842424,0.04998787247651768,0.03626773149430008,0.1069923745718307,0,500
1.2733622927364892,0.3680206289571146,0.477661914651805,0.05542357151939285,0.04014293225350343,0.13521636489527897,0,500
1.2605354201245738,0.3543047948592694,0.36879729625792634,0.05078501730494533,0.0380342391527429,0.14108394440423896,0,500
1.3018473203379355,0.35229218592947936,0.455766672061866,0.05068053775072502,0.037784353608770846,0.11880204001279934,0,500
1.3094224481187764,0.3796807013334388,0.4917267120614129,0.056081927777631324,0.038737545011422264,0.1196221180604478,0,500
1.2057486844735679,0.36244179168167817,0.5613837295620614,0.061936762176746096,0.04533416709247083,0.14788970981157723,0,500
1.3423141083216328,0.36236641954742493,0.3842687416933712,0.05106434016288829,0.036135912336140226,0.1181347993473463,0,500
1.334705847741312,0.3515477036069406,0.6548139781537934,0.08773319583375724,0.05579049976666154,0.14109352953462262,0,500
1.3097497264890718,0.3507610690088824,0.38712301341677074,0.046795188341052056,0.03510999300897707,0.10540128474334777,0,500
1.3797054098339128,0.3111816834310015,0.3359944800725215,0.05341219235316099,0.03937206352926164,0.1655882843717015,0,500
1.317273994034861,0.4105833974854116,0.6025433158700547,0.07457120236276346,0.04512078089909105,0.11453819348161531,0,500
1.2104627722262478,0.39555238381758095,0.6773199878666407,0.08703005051793572,0.054500827734389565,0.11140135923995616,0,500
1.3435410707379822,0.3785581729719315,0.4576226561038499,0.05001161040471915,0.03545176470970371,0.09134182561341145,0,500
1.375558675861617,0.3039738950490302,0.06227182396667755,0.045676473157619,0.031910474712216905,0.12041811168386242,0,500
1.2852184131743325,0.3117482645820856,0.47602341337893356,0.04726246215247469,0.03882154897419715,0.11937444513939889,0,500
1.275946522397724,0.34384504199591864,0.5777398703793669,0.059008144699193174,0.044086844443033124,0.12468182922614185,0,500
1.4248281566539327,0.3441574993954051,0.37464685174094337,0.05338515004855619,0.03684910538738018,0.1258845944346455,0,500
1.2379647206124533,0.3787647980692664,0.5038362484069707,0.05273884114353191,0.03884511174023517,0.11500211063547175,0,500
1.4087875936469072,0.3794476396911611,0.4033264352000425,0.05569680527460363,0.03663561379254562,0.11700674601209016,0,500
1.2198115603865196,0.387469491562619,0.47188135740635334,0.04812560759566456,0.036226687505998785,0.10022969966038081,0,500
1.397538575479554,0.41051631697896207,0.503764682762506,0.06239045200234179,0.03826257389904779,0.10934039201292761,0,500
1.2152065819224096,0.31339956497245797,0.30273061401771917,0.04281637593566438,0.03594627100788083,0.132265682561691,0,500
1.3721302324465745,0.32155297403136107,0.4339165202905673,0.05563369229169571,0.04058140431809543,0.16075540479009612,0,500
1.298860362986716,0.4078884286258943,0.3896436927414843,0.05100685715628514,0.03415044717621184,0.10222568205313325,0,500
1.4596467481198334,0.33544217107404534,0.2755699917562703,0.049431538632578764,0.0336646165384058,0.10648762272433383,0,500
1.2941197633502075,0.32601228161856477,0.34880401827447866,0.05012722245143949,0.03824125685901695,0.15145853048022268,0,500
1.3627121674092524,0.2932078249519403,0.4306907493890814,0.05325936023640902,0.041930859509812006,0.17373560248886474,0,500
1.3489112756682795,0.3883716809984859,0.36434672765408394,0.05015591127983265,0.03364772494999897,0.10047177725207267,0,500
1.4125212704456838,0.3246787468449264,0.11208144735326388,0.049674496228969064,0.033314449363907025,0.1255405160450514,0,500
1.2197628071764663,0.36218229904940363,0.4613504992302438,0.05181406985304623,0.03938583898178076,0.13655569619456467,0,500
1.3620982557566301,0.3431847502370992,0.15002140602960998,0.04753922214115449,0.032254368901451724,0.11316490493832772,0,500
1.362957578707828,0.3432917927994637,0.43813001977812477,0.05431317197504341,0.03901073680509002,0.13616037696838368,0,500
1.3150229854887006,0.4089345729666708,0.49532282566355795,0.05528215645866402,0.03705198012625488,0.09813700875589015,0,500
1.3114246601051391,0.28660526122092567,0.4244425304174271,0.05317662849036332,0.04352081302822582,0.19796442776990872,0,500
1.3684322950481942,0.34010236647670805,0.2630930171970306,0.04712729861960213,0.03338978083813046,0.1099725100586123,0,500
1.3537495655027836,0.37838120642759465,0.3921465597558098,0.051077940080263305,0.034874855059209384,0.10641244514211269,0,500
1.2607038141130265,0.39021149224944,0.5182386304602095,0.059114289836809226,0.04069885372019462,0.1265627153004133,0,500
1.4053989120834711,0.3547430278166914,0.48741668045566033,0.05440316958621787,0.03815094426562597,0.10644853581134421,0,500
1.2024960854168745,0.41116426098272996,0.6283213563774714,0.07104608284411747,0.04648683991345036,0.10556249637591873,0,500
1.413004533626966,0.33969778045598625,0.2300131075035616,0.05887994084017257,0.039063422079828436,0.16539410524348616,0,500
1.2606444703759825,0.32238698613158867,0.492468136089292,0.04955626606320003,0.03974581707721435,0.13151551357439026,0,500
1.2363642233383452,0.33954131671586807,0.5587783990408618,0.06017946524451139,0.045664700303870195,0.1530023398419738,0,500
1.3500006105854438,0.355474022235284,0.505928404672738,0.054533034768028926,0.03914266986960054,0.11324820161087677,0,500
1.3250883783536938,0.3134477956783707,0.5039924139886256,0.052199247360248106,0.04147205551756305,0.13371492114324252,0,500
1.2947367498000724,0.35417072501076885,0.31304348031785567,0.043178953576831006,0.03229785872130282,0.09102502600597552,0,500
1.360964758708475,0.3640713841869924,0.5674232915632913,0.07334871956291086,0.04828106434195459,0.15565155883233503,0,500
1.31001816819281,0.3919053909438576,0.5196943751941444,0.05591503502036335,0.03822791159931259,0.10318102401943874,0,500
1.329974293380455,0.36678810677197055,0.20190631634357814,0.053994571367457216,0.03552292420768879,0.13615782701504295,0,500
1.2876911054947704,0.355490170118178,0.45560209039620553,0.048996738365583506,0.037246732344633646,0.11011396592393444,0,500
1.303223726888698,0.3574084092525604,0.3922141878977442,0.051846732317902836,0.03755277169983997,0.1329317258922943,0,500
1.3963514593238986,0.3288714016242858,0.22146104916986864,0.05342521474888923,0.03692484936810453,0.14920354805766822,0,500
1.2667470517554866,0.36779397085100024,0.4354175228016069,0.04685443132259183,0.03538142119569114,0.09965981759283793,0,500
1.3242112246265991,0.3669697965985791,0.298459687958159,0.04730346516707473,0.03317765583995168,0.10507648489960054,0,500
1.2720785114898758,0.3344761920258454,0.3246799991798869,0.04780016427074959,0.03682705073174062,0.13722234519455323,0,500
1.2820299670878341,0.33912210691598715,0.6007308896593976,0.0593139520675527,0.04414161276583258,0.11432219383872282,0,500
1.2494574392568274,0.37878433349276536,0.3892260712762258,0.054318299779368154,0.038715075072671544,0.14270352969468517,0,500
1.3638075616457803,0.3812528398411482,0.5284973523267645,0.060700591242536794,0.04044046767913275,0.11589470967990784,0,500
1.311729145732832,0.36209152429583713,0.42231694345449267,0.05403641326291204,0.03822279730724833,0.13594268145519667,0,500
1.348533003749175,0.3663379382676589,0.4461304853094651,0.052001742563504656,0.0367289313632117,0.10970334125055468,0,500
1.393106530069224,0.2954286917493767,0.42062747126268363,0.05300407593297464,0.04061202321163162,0.1614153472389739,0,500
1.362708935517085,0.3017471972187629,0.31718643776558675,0.0462391332497808,0.03576945669892712,0.12390307244656279,0,500
1.3039917419293212,0.347399179105514,0.40726728756892333,0.05324961316972876,0.039291048871740154,0.14630406113951938,0,500
1.3035793874818207,0.38031973374281575,0.3451663196359482,0.046325680546565,0.03298710584110865,0.09461678388142834,0,500
1.3335012035342468,0.37548348509670104,0.4394961222095285,0.05363615418143812,0.037187094608482775,0.11786922354692275,0,500
1.3635400349320494,0.3678970338257775,0.31476000860374165,0.05276752208940224,0.03571446067818008,0.12502422737217503,0,500
1.3392046229318175,0.3412688600650676,0.4174260851995746,0.05291729954438665,0.038489089348764015,0.13892593737760434,0,500
1.412602199494331,0.28965912840343166,0.27233073908144095,0.05102813451417425,0.03801559850081026,0.16185157342886025,0,500
1.309541114348076,0.33571525475790304,0.6091393091003493,0.06020686670852245,0.04420431073466043,0.10929336362527398,0,500
1.3136922612685558,0.38236249912457093,0.5093746984042881,0.056736253384037386,0.03950307888693006,0.11415258272095791,0,500
1.4065468348491952,0.2773039886533885,0.21863977563215772,0.048388488328838936,0.03678331382485933,0.15474223223128597,0,500
1.3903225986818362,0.3407343207173894,0.43991166902707673,0.0582434031459974,0.041019689815513107,0.15455025810000173,0,500
1.3077907657138177,0.3279326944235037,0.5693084763906415,0.060764933992618515,0.045255939082863586,0.1429995366106251,0,500
1.3273626552529547,0.3763299379162129,0.515459826312423,0.06299757778173821,0.042074176715746,0.14075328296894213,0,500
1.3089363943451524,0.329925155915278,0.2594359932077264,0.04465090842263996,0.03352971519272972,0.11325746576524327,0,500
1.2881231260753452,0.4068450316858017,0.6046054162422975,0.06623890182408443,0.042554699536609564,0.09780681815251879,0,500
1.2464596380322688,0.3398660764368214,0.2397145968209608,0.043711589311530644,0.033279629019834306,0.11615142023093356,0,500
1.271837097009091,0.32640126831806326,0.5481484844716842,0.05747479508861401,0.04441620749111142,0.14855013077926887,0,500
1.3651018383864375,0.36500360198903914,0.3899308855884241,0.0510735277012983,0.035260616851492455,0.11115848244622803,0,500
1.3727744959586428,0.3921029856515744,0.35197312401340375,0.057054960737979755,0.03649425970006202,0.12699130545145,0,500
1.4421334641736012,0.29649892842852704,0.20733168794696963,0.048732483164197524,0.0347393765016488,0.1323121947190125,0,500
1.3095706164953989,0.3502116177082565,0.47890183005997866,0.04950756191800077,0.03730403577849129,0.10466986496380125,0,500
1.267633370656947,0.35863698763936847,0.4646843499795315,0.048466285045166306,0.03714755822327562,0.10772459180209565,0,500
1.34622490579145,0.34242577335266644,0.40623378345782507,0.04857159572402341,0.03679172123519872,0.10922947711989979,0,500
1.3298172428356207,0.3416710841013879,0.3952048972117661,0.0491456468064369,0.036591515829728055,0.12033605382319346,0,500
1.2044260827481985,0.34886474215727986,0.5151879140129658,0.059847606934070735,0.04550746503565562,0.1740086722114344,0,500
1.3437946534330538,0.38026627126147905,0.49371697967790246,0.0597943488740133,0.04009609211002966,0.12853272645139072,0,500
1.3024927210058925,0.3301687405833122,0.38986792429927947,0.049849498560331607,0.03830176739377637,0.1404965509730712,0,500
1.317861751803964,0.35814823277856034,0.49943774632598187,0.06768323399468476,0.046607516339533556,0.18304604120866141,0,500
1.313578117392289,0.37942632079981614,0.5768348169081071,0.0640363210514845,0.04289302473112145,0.11621156736727634,0,500
1.2579398136341653,0.35260272656268227,0.5634335351035863,0.05184722353919492,0.03974227782505619,0.09740934685450046,0,500
1.2711902544035396,0.3842595360315851,0.5626115418184172,0.05911868725753365,0.041456831409173535,0.10963137166168281,0,500
1.3558123571549343,0.38644300437878154,0.5748702832214455,0.0726224043161863,0.0454622767462448,0.13389783211776954,0,500
1.3767525566316137,0.34119014788666524,0.25307461766730543,0.05543934690278207,0.03778464843937636,0.1545765423641975,0,500
1.4118937302311647,0.34703424931968724,0.333988009106831,0.050259580305176126,0.03497525880191862,0.11191871748976294,0,500
1.2898825366928544,0.3124631343220018,0.3300972806508379,0.0467544273745163,0.037378483887788694,0.1410615386507557,0,500
1.351889836001922,0.33545495410477466,0.3133282302821627,0.04647758615511581,0.03420817578458525,0.10896211216755856,0,500
1.2801583379266612,0.3885690776138384,0.48758927305914995,0.05541388441746163,0.03843164137490552,0.11823576980403122,0,500
1.3184532561242053,0.32911825293896435,0.3245434331672898,0.04871993080091826,0.03673586168830426,0.13575247443395724,0,500
1.2600974292559797,0.34268205990972805,0.4134884238893111,0.04513643481420488,0.035771743266259405,0.10674338058896428,0,500
1.257443677972651,0.28871889788909827,0.4561508250479583,0.04598492917260766,0.039808188555592865,0.14109481437476595,0,500
1.3698223108752645,0.3164089793873952,0.311013745784497,0.04723904506911558,0.03520375759315227,0.12091374542469682,0,500
1.3612584576235498,0.40985899232277656,0.49373251603703294,0.06741614748722181,0.04105628718835065,0.1360612496250349,0,500
1.2931650161263457,0.37729311168661483,0.48079912997514507,0.05103271092094787,0.036977552414033894,0.10263510859074941,0,500
1.3903282372953891,0.38671282858306283,0.35744232063735504,0.05602031965711574,0.03597513869406918,0.12196192889649246,0,500
1.3594660251023165,0.3658553053621016,0.39277220159833165,0.059215780229610354,0.039842085065030924,0.15374412995072145,0,500
1.3458915984309354,0.30569193135725947,0.29459870260525756,0.046906760635554656,0.036122595362073136,0.13365081477938398,0,500
1.3214749459871138,0.36191553774188684,0.37400558810490997,0.04755188253655605,0.0343598882808646,0.10348682132468791,0,500
1.2820741687590336,0.37328301667318103,0.4845047050105417,0.05213715020589462,0.038017237449207666,0.11204222141941125,0,500
1.3858617047197503,0.3582699234093319,0.5142583312476671,0.0646791588186382,0.04276508176745484,0.15134985785824406,0,500
1.3001494646454588,0.37082816232176286,0.5681782525328479,0.05627579330686899,0.040299262819445555,0.097666483553317,0,500
1.3838007898649176,0.3522961560652656,0.3797903260348294,0.05349152882736959,0.03745902835817664,0.12960431555285357,0,500
1.3063654237516387,0.32157428009758027,0.5980693607293878,0.06198243566797072,0.045817231928421964,0.1349309284705055,0,500
1.3469758753149244,0.3197896084733191,0.3442095694476277,0.05170354467149712,0.03906196457291237,0.15493160603084247,0,500
1.3279347735257034,0.3436302328212232,0.43402555776003554,0.05452435384344408,0.03995444190608885,0.14639124157498004,0,500
1.2578616828109048,0.40260326299433036,0.48243581920875483,0.05259017541668125,0.036761695282311185,0.10373726537773678,0,500
1.2612930921649197,0.3468052349784978,0.48682191218972876,0.0471376760230425,0.03741584773207837,0.10095305814017473,0,500
1.308488153074146,0.35619236404383187,0.3944980419418203,0.04960878010380841,0.03672612229621919,0.11972158937908726,0,500
1.3831264919060968,0.3551664477351039,0.2683390583033135,0.04927449787310965,0.033398919589040996,0.11122481452611155,0,500
1.3243589814477406,0.32146189282405135,0.38876100511498834,0.050825753687497435,0.03896462805627527,0.14834002233266075,0,500
1.3375065712530203,0.30805344909110915,0.5184603741439692,0.05169860887526363,0.040846588096638485,0.12459426732587232,0,500
1.3196047099884636,0.2977855918449456,0.42051925587015476,0.04746411294365571,0.03863989221715225,0.13538724135636535,0,500
1.360372317068243,0.3741561484292813,0.4344191776924829,0.05269901253130862,0.03661447300646236,0.10913408960455728,0,500
1.3142385751554464,0.3464871927962668,0.3853658395936383,0.04576117767324307,0.034695129834540706,0.09950872648306809,0,500
1.3838242863755073,0.37077017780413335,0.3624047050392932,0.05233057679780561,0.035323219895673275,0.1140088403946942,0,500
1.275013008439041,0.3480155335365097,0.3225261160176919,0.04567677021534093,0.034471182373248366,0.11443081813627143,0,500
1.3448093889291373,0.3034573384297768,0.39263181128560765,0.054479759790424735,0.04238906153246398,0.18534778205407612,0,500
1.2990820662377889,0.32638466829431245,0.32196558376561857,0.04896762204877287,0.037444796936691324,0.14446862109450945,0,500
1.4469302919460876,0.34342575791870755,0.3368058613525084,0.055625009095697765,0.03772871700973657,0.13772701440372448,0,500
1.2488729690096878,0.39437539575569025,0.48821072630398604,0.05557418184475832,0.03885643474756671,0.12122629717264867,0,500
1.3882299169606462,0.2970774655230476,0.36663286263410133,0.06333412667232884,0.04657953245355976,0.24352682946676196,0,500
1.2828922090881694,0.3483075374639085,0.4838875591091388,0.05444520052172279,0.041243683060532305,0.1402197268855857,0,500
1.2889395571108622,0.3654257941351516,0.35984547484987944,0.047873490106537596,0.03493098940330979,0.11228964696926703,0,500
1.3309723153565578,0.2902621906616475,0.209984511651286,0.04659120069669106,0.0361522034166774,0.15026731559467355,0,500
1.449893201458674,0.32134569612739705,0.4826358751573144,0.05741062179063669,0.040709157849248646,0.13787462834193998,0,500
1.3419605316320498,0.3884166637434864,0.48178722326332046,0.054064104477019925,0.037146447213987195,0.10194055725731524,0,500
1.2609714187272005,0.3063446429568974,0.25321977706767784,0.04818102648910156,0.038469017087135515,0.16721406804306888,0,500
1.3388156722777156,0.3783213881524491,0.4607542101252605,0.0553748840500162,0.037811391700787095,0.11934302372971281,0,500
1.0723565705004434,0.5403205801538279,0.8067058317289986,0.31641706136781494,0.13982175004330716,0.10282007865203409,0,500
1.2989751602069113,0.39505928347872094,0.49112534305201455,0.050794571940287823,0.035929148515850357,0.08901608367629264,0,500
1.251026780470121,0.36141656427407415,0.6002259697024749,0.06230572631456174,0.04516072433550394,0.11745191558900062,0,500
1.2964584284196452,0.38737964020896476,0.5285861170503352,0.05912749772034014,0.04034181128717023,0.11854430117370399,0,500
1.4146299134280955,0.3454454812545016,0.39325661978340254,0.05346589130760511,0.03725365365763494,0.1253616533402421,0,500
1.4248240110071246,0.3481377828777855,0.3982840194448354,0.052684766344828736,0.03651798940429951,0.11585434340106956,0,500
1.244830103036598,0.39796165426921165,0.5401498275879784,0.06981455983541171,0.04611987643700236,0.15323309030220716,0,500
1.331672765720647,0.3516862763480848,0.3784745011511646,0.049141566906982605,0.03571515014470885,0.11609013127876945,0,500
1.2822637340447642,0.3905405647254628,0.49634583558592005,0.04983982694444863,0.03572510416989422,0.08804683711010293,0,500
1.3162620868522434,0.3056326084548231,0.4429217680428142,0.049878967192819854,0.03981502843898359,0.1455975033291189,0,500
1.1930149699844446,0.41498929293235404,0.6408417121765861,0.08793330938322853,0.054171637061044456,0.13164134421964996,0,500
1.3250768870594136,0.3550761834295041,0.36824379845567523,0.05085813400896106,0.03669216521037199,0.12684249328606034,0,500
1.2645689454171278,0.3421470330994578,0.6141181470599758,0.06141335735446875,0.04564809724075269,0.1148479462412512,0,500
1.3923459286978648,0.3093385236782507,0.16746016133110292,0.04709162382822825,0.03347151912145689,0.12446614729062482,0,500
1.3813354288029511,0.359173805680085,0.45031739943811383,0.06621937134461553,0.04374485286190772,0.17833389821333084,0,500
1.39321638284224,0.3639875209465337,0.24984598493757137,0.053267041217556266,0.03482972300994356,0.12528845156889235,0,500
1.2636434656150322,0.34431000620614716,0.3582227928143956,0.04858894415581805,0.03707073085589149,0.13525112863973202,0,500
1.2948229005763696,0.341599099477116,0.36487054807919933,0.047002502524310645,0.03600683456629801,0.11859483274116753,0,500
1.346505174698009,0.3665388587083273,0.3330627393155425,0.04799305905394861,0.033778955826327325,0.10268885294203785,0,500
1.2912685868079223,0.35077013049482053,0.3369372857584315,0.04974964418490672,0.03649765670251488,0.13294389380934715,0,500
1.351364149128912,0.3920373178637883,0.430457499693136,0.05038221227771883,0.034439096254193766,0.09109900370149085,0,500
1.3592490671494475,0.3570134624632305,0.4795437745147154,0.05818218050535068,0.04058431346892112,0.13788965199046807,0,500
1.397355694610041,0.35679778272557633,0.41112102154872854,0.05238806697443967,0.03636226274748086,0.11283622394219883,0,500
1.2456441603897983,0.3572360154657532,0.5541737918507126,0.05758401034684415,0.04268900803358565,0.12906290876030954,0,500
1.2725187793201893,0.3158972209091214,0.5782674067714089,0.053582984423863785,0.042930417681676,0.11722668049898713,0,500
1.2711046417735057,0.3564828318778389,0.44173088846699954,0.04856180213522555,0.037072242164288415,0.1139866854989504,0,500
1.1750872820977079,0.38698350000003945,0.6982453362927176,0.10400712762955533,0.06496689107749083,0.12994784145465013,0,500
1.3070617864128558,0.36299106946245363,0.48129938094764235,0.055408674529409126,0.04031848493427813,0.13003284836454418,0,500
1.4554747511991755,0.3577958033161368,0.3643178263611014,0.053766631357965944,0.03570457709649956,0.11434679969667844,0,500
1.4028057569223185,0.3685245914779224,0.26484068528474014,0.04844535621765093,0.032080255105850844,0.09697729091820355,0,500
1.3055628532325079,0.35964803819436386,0.43748316031547047,0.06591005777916924,0.04554676637062805,0.1950029875837553,0,500
1.255385725602005,0.3271296458897024,0.5937152536305655,0.06567562178555686,0.049148870032995735,0.16004331225732585,0,500
1.2463832280313727,0.37086154758165524,0.45392876319606634,0.045163663749776144,0.03487167145721346,0.08845592680724453,0,500
1.288268384413089,0.3808270198989396,0.3438105443354847,0.04707849341395152,0.033565432887455574,0.10178030621779467,0,500
1.3191769869378358,0.3892646447583034,0.4379119184925002,0.05626011712566039,0.03756417447936924,0.12563784520962776,0,500
1.312565220767006,0.4103272566284084,0.4349480607707931,0.05447880347062613,0.03611371912164415,0.10758662769555119,0,500
1.3178470953235115,0.30384508388555254,0.060240298889193515,0.04674188199219931,0.03380941587188924,0.13858283859071477,0,500
1.2630526610398525,0.30796961301101655,0.40956001939359127,0.04934633593404249,0.0403720864270854,0.16298785809094235,0,500
1.3008131586028504,0.39746454113630303,0.5254475338142265,0.05263685781102054,0.03659516424703828,0.08616330352493405,0,500
1.277554232411488,0.41344207995422194,0.612218855625464,0.07235627293453632,0.04507840270184113,0.10690930150998522,0,500
1.3244973956407216,0.3429451519631692,0.3670953484993884,0.04863603262127151,0.036184151281138464,0.12101789594754823,0,500
1.296876025191604,0.3564861657760473,0.5752826367233901,0.05863277574599343,0.042185427609733255,0.11360990272423047,0,500
1.446360765726049,0.3853318426958418,0.5620867580524588,0.07383320234043832,0.04411981388339714,0.131520757976169,0,500
1.318560563582661,0.2997134945549227,0.18773310871469562,0.04901027936270706,0.0371414078258098,0.1624719696165002,0,500
1.3914401173378934,0.3477793807488198,0.5085915062840836,0.056198565508117325,0.03969686899387477,0.11699622940870459,0,500
1.3034184935191826,0.3844279605743913,0.5586538578429392,0.06565485772883611,0.04402844305510338,0.1288056783166205,0,500
1.232007456094038,0.34112058521385236,0.43976203490605964,0.043090049907371274,0.03553050915851319,0.09408295387018976,0,500
1.3020705557287005,0.3460251627796616,0.41324524599416784,0.050509089024089945,0.03823437616655364,0.13072626813027075,0,500
1.3249143395014051,0.32102240101554796,0.42077696838111367,0.04945563656403512,0.038433085960065436,0.13307677843598087,0,500
1.3219816898409031,0.3212147968170844,0.4595805034011989,0.049243381000802784,0.03844435401951156,0.12264339808653378,0,500
1.2791595814758527,0.3488526838545877,0.5497328283803555,0.05976655804461128,0.04407773226834326,0.13974257799343032,0,500
1.3956396898871204,0.3577082642289607,0.24160109154059875,0.051896916487006006,0.03443220396221637,0.12204981895993505,0,500
1.4096183180246276,0.35634320707800404,0.27349045533722516,0.0505993453694347,0.03404722599885223,0.11310132047915043,0,500
1.2550328384524332,0.3286040379511505,0.5410402461419768,0.05440666969161817,0.043258513977478236,0.13782145310942798,0,500
1.2503228461791378,0.34743710188295707,0.3568679615103169,0.0502517791559321,0.038485542432644265,0.14642904879114788,0,500
1.2811011800737355,0.30590807661776037,0.4647942496560372,0.04529087140239675,0.03814744706790213,0.11012245748428998,0,500
1.1985059268721803,0.376818404459045,0.5109932406268473,0.04960267694509274,0.03824850747222909,0.10667139367259855,0,500
1.3292780443866807,0.33953798608704067,0.4036547568376327,0.0488984920331684,0.03677237989979975,0.11894978245487502,0,500
1.3402771439239607,0.2722714879459907,0.13634528204511726,0.048591247263561864,0.03768042278445036,0.17854502148027523,0,500
1.2327897303633157,0.3627037809959778,0.5203610386834173,0.06093567756888121,0.04458348556820988,0.15816979217672092,0,500
1.2860068526327801,0.29635200659074007,0.4281497366806565,0.04976345121405988,0.04088925591911905,0.16632543451232146,0,500
1.2595708364004996,0.39296579814780597,0.5912429403680047,0.0617578783787356,0.04219314380863387,0.10228363395734906,0,500
1.2444176589360634,0.3973538530121404,0.5364789043905637,0.057013486793669105,0.03960165231252596,0.11033709617749886,0,500
1.3573319959725823,0.3446728277104292,0.582898047724639,0.06538622077413889,0.04517078635038502,0.13213873547487606,0,500
1.359585125255736,0.3463421648232111,0.22277378940980677,0.05009143166853055,0.03464813766533309,0.12652669022809884,0,500
1.3185911728455226,0.2630074632885602,0.4588004575658949,0.05061181849393119,0.04374877146408266,0.18918898063834558,0,500
1.3238429283055624,0.3027151823094432,0.3356849043174162,0.04632229261433984,0.03681766841637203,0.1339647071862353,0,500
1.4101152668050494,0.3034424886853263,0.4188354941794554,0.05331781226719523,0.040088431857915684,0.1524467482006147,0,500
1.2668885628032818,0.39151331887004986,0.2880372043820129,0.056976779593037416,0.03777884730199442,0.14529643379556534,0,500
1.3276018158987355,0.3566574000127389,0.3324496368200662,0.04512260384824034,0.03292412538541971,0.09346289394569575,0,500
1.3242037284167172,0.3216809021960658,0.44325137686713567,0.04683454165740492,0.0370866089109801,0.10660752939773772,0,500
1.2425856685254322,0.37631249013307405,0.5631158083755949,0.06279063093773926,0.044386358374960966,0.13275709917006986,0,500
1.2968121970006177,0.3661081757907248,0.33142861317019495,0.047522572487125894,0.034464756292913686,0.11068407485748263,0,500
1.3027552252529024,0.3876891314579893,0.4178073019180062,0.053453203599330854,0.03703918229385185,0.11977392139786763,0,500
1.2701501067576637,0.33966117898646114,0.38352272528079184,0.04584063263690183,0.03571241164717337,0.11538661927955607,0,500
1.4295641433653528,0.32142915782502524,0.48083282651228526,0.056962901331462985,0.04112178002133129,0.1407977899678862,0,500
1.3484145370050822,0.34095399330302834,0.2963215860906616,0.04917829443105539,0.035226314697800236,0.12524170008421462,0,500
1.198772628501021,0.39290758133035303,0.7176832419439535,0.14028057813164735,0.08077631911316206,0.1521131474664247,0,500
1.2735231275664542,0.3676864218954179,0.4769106952724926,0.056755922049148054,0.040730781343679,0.14250283547996248,0,500
1.3395942786384967,0.28603330722206316,0.3412502059653784,0.04777813937197016,0.038425319028946185,0.15503632360474776,0,500
1.2886627833138624,0.366470340744091,0.5740015299852964,0.05740945384963704,0.04153691864478066,0.10404809766981966,0,500
1.26941657501893,0.38357328667421153,0.578061900680958,0.0630914171082354,0.04337442071171314,0.11691496295400855,0,500
1.3165455118438898,0.328005004837182,0.49566814131331594,0.05661094011073973,0.04286585407944509,0.15687763140322894,0,500
1.3252266609042067,0.3082290544243377,0.4469485534014986,0.053480272304423,0.04164729636806921,0.16753778910526698,0,500
1.2432477243293067,0.36986424048050687,0.44311388372461646,0.05117663143959348,0.03795356183711077,0.12675035638902768,0,500
1.2888864811702727,0.3867020080777337,0.5828497415148813,0.06314816759001374,0.04265935165761558,0.10995521219923697,0,500
1.3817796993861133,0.33275894508550463,0.42742213701732085,0.05357980067497129,0.03918091819065424,0.1370777345261475,0,500
1.4446615234755193,0.32090349907214083,0.09157952715782795,0.054336359844094476,0.03539135828321221,0.14486106812944785,0,500
1.3935609099402906,0.33737898469878597,0.4855963211444142,0.059957915172058014,0.04222222254769551,0.15344539760336148,0,500
1.2593588355994878,0.3969993119394978,0.28729527070780614,0.0502185627811798,0.03423738316124938,0.1155148022772501,0,500
1.3599592326248766,0.3271683443290162,0.4395941271621088,0.04853937534219925,0.0372368299286235,0.10754913411223561,0,500
1.236377829704144,0.3483136987467799,0.38231478497805504,0.046173268093385914,0.03632192382201462,0.12158699541561914,0,500
1.3861234291272926,0.3569953383048453,0.5216475946838024,0.054770005193839774,0.038821632021044744,0.0998673904609722,0,500
1.2970561749219325,0.37841230922468533,0.4363440392929464,0.05488921342827615,0.03813971557463553,0.12994233077245085,0,500
1.2801869497089147,0.40492929511101644,0.4597440088338962,0.05143004769678192,0.035575946419226664,0.0986398142548086,0,500
1.298431794120652,0.3526481814393908,0.4165784854424757,0.059950633855547976,0.04380474108121055,0.17772481330782375,0,500
1.362251919703012,0.359783029290847,0.32628753264051885,0.049811317730736784,0.03459606720424187,0.11366570975488649,0,500
1.2630686979699766,0.39672173635308006,0.5364189066746996,0.05555475782242099,0.03854635741801271,0.10179499913810176,0,500
1.358443581835181,0.38744682935199865,0.37727673829464425,0.05420583409263095,0.036093633961636784,0.1171342863347874,0,500
1.2581019651760894,0.32682647352477673,0.41984915062508404,0.04657962797034217,0.037764146758854054,0.12643023092804903,0,500
1.2861051691301941,0.40792202918673887,0.5722321711948002,0.063170785138878,0.041353906293312086,0.10424871368534308,0,500
1.354335007295663,0.3295817550561591,0.2174891559608822,0.0473375530863872,0.03372105924926842,0.12159255455061171,0,500
1.3642772496104008,0.37201242595300943,0.3799495481483116,0.05940924579334617,0.039462772649429385,0.1502476045590926,0,500
1.2802991761335143,0.2922818581917419,0.2896844201117474,0.045101324889862286,0.03703912186724342,0.14849581806926176,0,500
1.2578805649858957,0.315061812642319,0.34525150310561753,0.045755900915883656,0.03715865950935723,0.13882015272919832,0,500
1.3945532763703434,0.36214338911650423,0.38273130540291395,0.05155014940003467,0.03535469273089591,0.10990746880704585,0,500
1.307840014500275,0.3088840285764782,0.476751380918862,0.04939596381055579,0.04004567679188122,0.1314970252842799,0,500
1.3968809727012326,0.3631073512755538,0.31018384277814304,0.050952924555396135,0.03444051317399691,0.1119228234824454,0,500
1.3934244119522206,0.3409027494993069,0.40399424667335104,0.04932406160642123,0.0357794111936565,0.10413029239159258,0,500
1.2078432640008496,0.3847881254988706,0.5203956718272257,0.05254862917094649,0.039182227515742504,0.11119327030930277,0,500
1.3059071274251453,0.39424867264654617,0.41173512604127516,0.05020983047392364,0.034534895780479566,0.10094907784061909,0,500
1.3392365775789348,0.32206680007230054,0.38842155039185644,0.05251902556615633,0.03944028607576096,0.15553393865770573,0,500
1.3518934761507162,0.3635490936621842,0.49132604485228853,0.05599644313744244,0.03946936208195263,0.12039176615717362,0,500
1.3970391402598203,0.32628455705783965,0.32481215142269587,0.05171478715367878,0.037248108002431064,0.13869974547509512,0,500
1.374745035725619,0.3182782645824547,0.3486979199187404,0.04982046523456118,0.037271336117982716,0.13498706661343304,0,500
1.3810715889927747,0.4030516018677694,0.3761932754122256,0.05366260552439213,0.034336321738866304,0.10343398284085527,0,500
1.347915663524124,0.359433435833265,0.635446562514717,0.08148688834133659,0.051456812671037855,0.1354972322669064,0,500
1.2861284437178888,0.36104685357926986,0.6706594307261949,0.09473948222701851,0.05851627344118011,0.14284628836897767,0,500
1.3735045087499418,0.32226700001160724,0.3929635654983853,0.05022966864550477,0.037526727960850964,0.1294303861378483,0,500
1.318304229006433,0.3389077112360276,0.32583116156399483,0.04839197942270317,0.03578177849114059,0.12692676516586718,0,500
1.3493858825714855,0.3039525449636881,0.5322382246247243,0.052055157549451725,0.04113303775064601,0.11978445998640005,0,500
1.257935752068999,0.3473798373662042,0.5911770759766684,0.05860748990481009,0.04369378404915876,0.11712777638486473,0,500
1.3802750021897108,0.381244838515852,0.40885233894341555,0.05180573795970772,0.034857162887599345,0.10118761476249467,0,500
1.4675790362137504,0.28083253195106683,0.35371069539912664,0.06316819413261753,0.045863491276527155,0.24445298940361462,0,500
1.3856311713296798,0.330473002925229,0.4342169539159789,0.06501990998330746,0.04537758831676372,0.20370579372425227,0,500
1.2782549219692032,0.32801392521497347,0.37569780780408696,0.04771765897261438,0.037222175735303925,0.1353796371078028,0,500
1.4278618902088365,0.35055113207755517,0.400290561483875,0.05660809085106112,0.03862307190485133,0.13614296309914334,0,500
1.4361144550749794,0.3003774674528814,0.1261064841810023,0.05155080726800464,0.03561375146011848,0.1495152901891417,0,500
1.2924747701386807,0.3547229513671534,0.4725996008580458,0.05336185537274591,0.03938268206861707,0.13093844132965116,0,500
1.2468737556595035,0.3456248140334271,0.3328660229520686,0.043818958955346154,0.034051671246407796,0.10923602712317014,0,500
1.403761988250944,0.2791081180080459,0.40748897826419045,0.048789569012706736,0.03880195440111035,0.13611550413195977,0,500
1.4098049090138354,0.31072669416590526,0.23944663989323783,0.04803804093444101,0.03457740719230316,0.12478276223750266,0,500
1.2738562854330562,0.35773855638519675,0.4701532504116904,0.048521943467761675,0.03668240753518599,0.10578114117620156,0,500
1.273202258483658,0.34808114108862476,0.16684945547015026,0.04287160788948528,0.030775980046743395,0.10185318352679046,0,500
1.340430348420384,0.3598389276512157,0.5874335629481771,0.06360071852255253,0.04381592226618368,0.11556737292768475,0,500
1.3176884733353782,0.2913715001215273,0.4463685619832348,0.04888913850933156,0.040175016116242177,0.14718586483734045,0,500
1.3364395014315091,0.3828218467152268,0.5752536601365403,0.06548776412483608,0.042894545619949355,0.11603244692566288,0,500
1.3371659782444059,0.35205860039822995,0.3739745176877132,0.052062217987254474,0.03719491375612476,0.13238965162994196,0,500
1.3603677019785039,0.33504076949078787,0.4108086679884603,0.05299523083281542,0.03880810252999814,0.1397843804858037,0,500
1.3215554902211284,0.35219212581083087,0.3192686781848411,0.046837712833051603,0.03384647010383175,0.10893902961810599,0,500
1.341236717783914,0.38408866097367383,0.38665880720759493,0.05368017626215265,0.03620975984315587,0.11945874987144442,0,500
1.271622122368011,0.29995588729536005,0.4669512157667574,0.048206889744405956,0.04071874599061916,0.14343026536970155,0,500
1.2255037442218355,0.34797681838959665,0.26855988011939336,0.04420172850448264,0.03392017976775034,0.11871030791897602,0,500
1.4527144952282156,0.34449946188594205,0.14631498136805002,0.05662062692051727,0.03548974010711824,0.1399656366248502,0,500
1.34316520907966,0.298191948729977,0.26757345868049986,0.04566101896384064,0.03549795097815924,0.1316209452556252,0,500
1.296496526046543,0.37252851251684177,0.3998923903039256,0.05009015637993654,0.03577791152722847,0.11488868075079428,0,500
1.3607798396734927,0.3313308417218172,0.6170912483776967,0.06422202683259028,0.04560238495067048,0.11314042685008525,0,500
1.3681640178824637,0.35634300563753735,0.3534178370585173,0.048082933889661464,0.03424389515770957,0.10136506703709218,0,500
1.3036771285658917,0.36614508037764454,0.5521819702403228,0.05687230284907493,0.0406170974007515,0.10946256174185916,0,500
1.406367303370379,0.34845532429025977,0.3953664118065817,0.05102759368814622,0.03571240858306815,0.10981961308414202,0,500
1.4108190637164109,0.3193333134692456,0.26481996709582434,0.05153702678056843,0.0363687419979135,0.14153190462316173,0,500
1.3314406510760453,0.3146621859903263,5.124955299540141e-6,0.03261687465859651,0.022541433965673548,0.0010957133083869398,0,500
1.2595894052681793,0.38618282731892783,0.423094858161333,0.060245997088296886,0.041246102419808396,0.15861089494874775,0,500
1.321396706486982,0.33717329523276257,0.3814698195417147,0.04567315432248462,0.03503712840537605,0.10227463330636458,0,500
1.4046881130040363,0.3192323883412114,0.258359084279538,0.05647540245820883,0.039295366606102576,0.17279219825670195,0,500
1.3197041755024905,0.30654105591377284,0.3835991098735846,0.046241372927011984,0.03720888286729072,0.12553867142339292,0,500
1.3078777152720633,0.33579486675101083,0.3785346097574001,0.04740192297031598,0.036105594862793064,0.11963079180248105,0,500
1.2740163222096133,0.3721476591442751,0.45533426293087453,0.052072437166238675,0.03773718112498265,0.1209063277896843,0,500
1.1842132537654384,0.42000323889785635,0.6128477101685847,0.07662526312952841,0.048299048543354664,0.12613981658307052,0,500
1.2918947303169315,0.3671426881615479,0.3181979143655287,0.05147815178597702,0.03652576459834769,0.13256645681390167,0,500
1.3502449037746538,0.34596861918254646,0.19335550683514294,0.049169263504785725,0.033728038063553165,0.12296343972402378,0,500
1.3334079713657678,0.3293895365495752,0.2526493218937923,0.04680509369687732,0.034514856702807836,0.12273292508570267,0,500
1.2237244077890514,0.40391454031267043,0.7260366231281437,0.13542985734839189,0.0758023433101181,0.12726478418628306,0,500
1.3900862400773824,0.2983996812813552,0.3112696609897005,0.04854674595793859,0.03681212793453481,0.13843173234089692,0,500
1.3398601741539289,0.311130316770322,0.2301004933643698,0.05261557549189882,0.03889051021857816,0.17181229499551426,0,500
1.3605402935549462,0.33036879172030914,0.3622685905553972,0.04716111660987879,0.035394381020125314,0.10914602665400906,0,500
1.3255647051269634,0.304506531961277,0.45985593809657704,0.05004350194458432,0.039934807386769404,0.14016635176188463,0,500
1.356447891770095,0.33452067980549527,0.33479478579505223,0.05108187875785881,0.03686124815578174,0.13739559578796848,0,500
1.3265290019527374,0.3758379269742759,0.4961575781269836,0.054331234579732296,0.038074000709290824,0.10869245918897193,0,500
1.2774392193590844,0.4044465036029526,0.6264735813432182,0.09138290617535984,0.05456900363273978,0.14471381895308857,0,500
1.3915973481802622,0.2661785580913162,0.22175850118011856,0.047422590399750955,0.03685749918957315,0.16044883268729246,0,500
1.3752691906519332,0.306802235221165,0.5039650614602488,0.05287088036652225,0.04062699821197443,0.13178776080222238,0,500
1.3712184152481555,0.3704890572601069,0.3961798222223084,0.052497672833051845,0.03629707648740428,0.1139044944270707,0,500
1.3114798559191432,0.34290904890184126,0.27990898362323524,0.04701430477117314,0.03451438241882163,0.11983536665781912,0,500
1.3663570559480827,0.29270054325994577,0.34432989234134337,0.04789526695405529,0.0375587300599341,0.14092468436264197,0,500
1.3313627120329021,0.37874310562746644,0.5289889224446874,0.055978591986352536,0.0387328191284167,0.10300587291522885,0,500
1.2784357725566198,0.339704552568801,0.4515631711129054,0.04867371801723824,0.03790166481277879,0.12046256970848876,0,500
1.3246111255943003,0.3604122408524238,0.39831895073016976,0.05564302378639694,0.03915451621664218,0.14622021179270192,0,500
1.3601198486374437,0.3220624712761258,0.5522896480011616,0.05920399732544663,0.04415104869901272,0.13814242985105618,0,500
1.2274008875539189,0.4058874377175722,0.5607216661923308,0.05897167895830847,0.040927932587950216,0.10555927711872808,0,500
1.3989586711272206,0.345354529523182,0.324291321622397,0.05580922220364881,0.0380781949516396,0.1481074800655682,0,500
1.4243494353104584,0.36647311629925133,0.4824089783529367,0.061647123447459214,0.04008653486916388,0.1343160646791593,0,500
1.4080746931916923,0.35960388500820356,0.5320029809859101,0.06704215438145653,0.04359847672185271,0.14690380020197175,0,500
1.1961187135193607,0.33767126929625824,0.6366690583938404,0.06220672899404005,0.04801889259121498,0.11679013251952886,0,500
1.39495641298427,0.3442065875289555,0.3393194098707157,0.05555221033248317,0.03838914480859489,0.1478383974682569,0,500
1.442057081924237,0.3194116272049786,0.3455007974741295,0.05141902371746087,0.03664044829657643,0.12786863231862472,0,500
1.3641931115987318,0.3536826848726072,0.26166404052501413,0.04709992027246344,0.03275745413018552,0.1040247484756872,0,500
1.3114369476364829,0.32000569900614767,0.2742053038336234,0.04652427372690463,0.03561417087518037,0.13125943005774166,0,500
1.3896429581225938,0.3336591286366643,0.2560453727638514,0.048122595176297404,0.033929548933146134,0.11567333934456153,0,500
1.402360809875793,0.33937619587685824,0.24621329659457797,0.0486749822381623,0.03378528283513752,0.11372920404806147,0,500
1.3562517480205727,0.3843477781090012,0.38328434695272084,0.054099084700968345,0.03596116430309117,0.11838187686010634,0,500
1.3068002509174346,0.3964626126268379,0.41007400320132714,0.05417179974714632,0.036427687614543514,0.1182432997111492,0,500
1.3697397064802979,0.29991640966293787,0.30350363505390676,0.04734531933412215,0.03631628760088409,0.13399136681322532,0,500
1.3260233712741285,0.2920531748685261,0.5242145989699777,0.049841204587694074,0.0410011360599497,0.12207253189244903,0,500
1.259650087174105,0.29003735731780506,0.5459885980087381,0.05689985132512083,0.04696590293678809,0.18437074752279806,0,500
1.2787292899426372,0.37985820990901076,0.5791276971643289,0.09071510221343877,0.056861074349404184,0.20250612300207632,0,500
1.4175683406403923,0.3496278513354776,0.330577152124938,0.0520519043405131,0.03554901596958826,0.12009821371143821,0,500
1.3436821166786574,0.4065892286818741,0.3827652914419904,0.05273740277862378,0.0342010168021568,0.10335181732723422,0,500
1.2986915885878805,0.3424421519845539,0.4986834876606404,0.05349590401664998,0.04034272930133921,0.1303203855476766,0,500
1.3377284632133557,0.3167373386626302,0.39635165091255314,0.05203541833902279,0.03979882924336988,0.15626287206200068,0,500
1.2710237810622027,0.30380452852099654,0.6311659589107145,0.059941901614778116,0.04703233221954708,0.12069536756405032,0,500
1.3448025456805373,0.360107746751613,0.34672481260266974,0.04841503420515621,0.03444976800318336,0.10722378620584659,0,500
1.1861266929086027,0.3687394485648974,0.6085457884902444,0.05977695727219181,0.04369933941313504,0.1119595123685621,0,500
1.2854837265042982,0.34296527762764106,0.4615671719187567,0.04859701688873902,0.037571137208912184,0.11366479100508894,0,500
1.3134889385326822,0.3763699150169417,0.4883757966875359,0.05117776413954495,0.03671042714351617,0.09723100727351067,0,500
1.335186608016932,0.3118025944636272,0.30943118651485674,0.04909451730244704,0.037692098351941934,0.14810975172725258,0,500
1.4282206703798994,0.31103220897443096,0.23435153159293495,0.04726719630296354,0.033897375406785904,0.11449649890550703,0,500
1.31016066588194,0.3008529449230741,0.2773034647369209,0.04757014764236053,0.037388374902398144,0.1537225816605834,0,500
1.36765335017398,0.3042686164836111,0.312068227078585,0.04846247371317062,0.036642514178379965,0.13940801779669157,0,500
1.3898467474305634,0.3611205118275193,0.3491239884881233,0.05142503613466851,0.03529328938422209,0.114410612969159,0,500
1.247555037298256,0.3850826190653034,0.45433702359433853,0.0486333465307007,0.036513039929632,0.10117179811776653,0,500
1.2793022474158673,0.32054578590270866,0.3633051898102938,0.04632321358145025,0.036707934019678014,0.131293053489029,0,500
1.2238313418428046,0.410836775351401,0.7112319546424529,0.13480384939707482,0.07435210125253325,0.13770128382853022,0,500
1.3684515418854732,0.3789834145635368,0.49578098299345386,0.058064021875043746,0.03858617631432634,0.11673250554653015,0,500
1.3044208883088326,0.3921299346589477,0.5524907216523903,0.05782419246855794,0.039461051244948586,0.09962881180391216,0,500
1.2993541352337252,0.3591579895821602,0.4506942635901318,0.05174061200818419,0.03800295931733946,0.12273694178724297,0,500
1.2765532639146975,0.3602988995124393,0.439170497299535,0.0547966260412147,0.04011941530492334,0.14601350741797284,0,500
1.2362670069315278,0.3510521121534199,0.4688153688089621,0.05337902755404466,0.041040127057460185,0.14791754494424939,0,500
1.3488290406706305,0.3073039062351861,0.5221920671239686,0.05645474214586753,0.04383524262502486,0.15310929061201314,0,500
1.2765849049813562,0.3676542209269787,0.40901999798938676,0.046682920743314066,0.03501055534813374,0.10084116849610136,0,500
1.2248463731827997,0.3855073442031814,0.5818024755333117,0.05798795168400438,0.041577637943400414,0.10364813435412387,0,500
1.332772544261082,0.3171385662831712,0.3201907434531369,0.0443231065812904,0.03459062585628777,0.10702886929093909,0,500
1.299475151355715,0.38742708844579116,0.406912654086599,0.05027944122748171,0.035114040469150364,0.1062949839566889,0,500
1.2653831764189876,0.32122279890266536,0.44400326479616214,0.04641132168251304,0.0379842131060335,0.12150636353885448,0,500
1.338862242269369,0.33308163481111075,0.20160013008410752,0.04547842030530287,0.03260679299591964,0.11176411806071261,0,500
1.2623330027639272,0.36608684856424983,0.5670601345974018,0.05827024860704391,0.04262690143454966,0.11597016446046751,0,500
1.3353263714454977,0.36052966324523034,0.44738056021225514,0.04778632857196056,0.03542421716903929,0.08969666975969294,0,500
1.261852811281631,0.34338397839611967,0.3208496005059253,0.04691794639754729,0.0358988459713779,0.12826501466378165,0,500
1.322167172489051,0.30780584733224303,0.33482043214508483,0.05145481229093215,0.03943277658359591,0.17047701673652788,0,500
1.3301846684783818,0.3634378507471671,0.5593514208933996,0.060642175170987064,0.04218372546671143,0.11908749280510222,0,500
1.219228965329819,0.35872566688037133,0.5949115023544119,0.05972808629278531,0.044550021507356485,0.11869324935848467,0,500
1.3027147958877752,0.3208957419153767,0.085384065420972,0.048556917536908044,0.03452512644506358,0.14089620552007107,0,500
1.3383288018240274,0.29683917077611194,0.20228344982638904,0.04903528966437732,0.03685132152012208,0.1607451125393039,0,500
1.3677903761203378,0.2986628255077063,0.38118831505416284,0.049376580276448395,0.0384420168687913,0.1437495408586427,0,500
1.3168609718563857,0.3956283482326187,0.5565875073732782,0.05903599547748902,0.03944777419681016,0.09864760986159747,0,500
1.2439744758758524,0.40528769400963216,0.5888202892706792,0.062047342222641556,0.04158034401679811,0.10087679163840017,0,500
1.2916656027481213,0.34769072685804897,0.4477375306029919,0.04950357989804206,0.037352365224717375,0.1187929676710012,0,500
1.3758873730890462,0.32370415238329303,0.4749726366467593,0.05822016448227159,0.04269540301856234,0.16250197937343755,0,500
1.3643797163592257,0.3974241605522836,0.3687102537841455,0.05047923897194151,0.033051318193495896,0.09478248091505855,0,500
1.3263744477558368,0.36355541728463375,0.46393553919940983,0.04904091191667172,0.03604618001848218,0.09477281807615934,0,500
1.3441383846207284,0.369626423025227,0.33258891761938064,0.04983592487275541,0.03426330165197525,0.11154180181145673,0,500
1.315222081958667,0.3432373674019653,0.27021692620750565,0.047917569922216255,0.0345230908048887,0.12390758466018885,0,500
1.3765474694231399,0.3642325169532863,0.39781779297081243,0.05830403424364223,0.03943440444907261,0.1464887772996556,0,500
1.2874307389135538,0.3360505887736348,0.3029394035340343,0.04689583241235782,0.035522831303747227,0.12762993174964377,0,500
1.2421511650488655,0.3565094614078541,0.2981994262948927,0.044001582166254966,0.03348156183138997,0.10833182633685062,0,500
1.328836536593789,0.36541466690380464,0.4970308529185153,0.05466168838224006,0.039009131909441504,0.11542458359795349,0,500
1.306939251915458,0.3838221290330656,0.3535297004278377,0.04945388327539977,0.03485291587879687,0.10797128351837469,0,500
1.2496577820414232,0.4142497196255162,0.5202236236335187,0.05476065245867547,0.037479370268461216,0.09813903836629889,0,500
1.3193951228829346,0.3849835145779156,0.5127759400927397,0.05468490316610199,0.03805111856050349,0.1019888999262596,0,500
1.3276989969559903,0.27799114283377896,0.06421095090142157,0.05195326729811422,0.0390267613987954,0.1924102956466159,0,500
1.3176107869840126,0.36010609979816144,0.48416271527951615,0.05514042098154268,0.03955914900611071,0.1283226295396203,0,500
1.419665671587966,0.3521584434118848,0.25765939158894385,0.0525179082478319,0.03494937216158627,0.12377845896436947,0,500
1.2551271865335725,0.4263257126410797,0.7051490374917712,0.14327318506986716,0.07413269149680964,0.14066688540388583,0,500
1.455485268202024,0.3831152315519683,0.4198669202669354,0.05517719048186056,0.03546492340148575,0.10102444925032968,0,500
1.3374157853451372,0.3226518123706527,0.2646684908743886,0.05450508880194847,0.0393585011739041,0.1732829613339292,0,500
1.313382102002251,0.3700641371195713,0.44679088687445684,0.04945283953152226,0.03601034139370242,0.10094816422414943,0,500
1.3372576803309981,0.32703980457947457,0.2094741665357613,0.049674030184768965,0.035596782601931096,0.1410364773992596,0,500
1.3038277674721803,0.33479323788447485,0.36144398895093377,0.046123168044845966,0.03525283923659905,0.11412495395818259,0,500
1.2576782680669467,0.3462288434595839,0.5779884848623359,0.05573516480721902,0.04244198807298732,0.11232866032987103,0,500
1.2347120397273612,0.3369118441422573,0.3356224666077545,0.04734095119679458,0.03713034500557103,0.140790528191425,0,500
1.379373592450656,0.3315864220286884,0.6017252661108905,0.06775998334496351,0.047075975889098946,0.13315350260624678,0,500
1.2921494043220605,0.3287514579957769,0.4082563124753576,0.04812478737624234,0.03760897048640702,0.12937530404461822,0,500
1.3250814378729208,0.35172010367027234,0.47499629882488514,0.06833100347301309,0.04680792959682171,0.200352013655233,0,500
1.2471926398469402,0.40192617438844225,0.6444567689683878,0.07609458032511597,0.047931922690902976,0.1060020910390173,0,500
1.3351392567996148,0.34498546618203774,0.5420574316196878,0.05991979982506668,0.04297957686553612,0.13572582557805346,0,500
1.3169171964747342,0.3321078568369287,0.4351828033767003,0.048571728048477585,0.037455473893963274,0.11840014474143964,0,500
1.2837383275274095,0.38230271402818405,0.4992932440747934,0.05660195582345508,0.03961178853427366,0.12307646097938942,0,500
1.3709974911780856,0.3440010169898145,0.40360834291867403,0.05111474863308252,0.03741020290302374,0.12010266961955386,0,500
1.351992510624929,0.37342047219028096,0.35798676706564053,0.05590690455107254,0.03754435105555466,0.1367831884796665,0,500
1.2579173531484424,0.3647507587158994,0.488246123653945,0.050332344207105265,0.03804834301987947,0.1110419029606024,0,500
1.359203194183748,0.3201415091196171,0.5074818280388895,0.054512243587894846,0.04117995361412668,0.13756965241575794,0,500
1.2875107205531353,0.35293237437438735,0.39922387024892725,0.050321054778878264,0.03741063882181336,0.13001718272743787,0,500
1.2492535384935612,0.33373893032484864,0.4525353967721861,0.04494241233600753,0.036899921201127055,0.10486116240554028,0,500
1.2016842396940364,0.37302236068232436,0.5654454027234176,0.05561686737980255,0.04183664269997226,0.11366676758280028,0,500
1.2575631832390046,0.34409531427017986,0.4781283402668622,0.051504273772145975,0.039971954561091184,0.13386795090488238,0,500
1.2832376046470764,0.3925518192281613,0.43813625978754067,0.05223233521426317,0.0364076544391073,0.11184475083786191,0,500
1.1541656848657171,0.4027113310593356,0.5683231733242589,0.05499186849569772,0.04022016340006519,0.10253033013438215,0,500
1.2337358242733882,0.35452037364954897,0.650982861079464,0.08039233850416161,0.053727841110143844,0.14178423069328522,0,500
1.415721594751114,0.39337571449482456,0.3959926997368568,0.05658050519808757,0.035724602769980546,0.1131773815415297,0,500
1.3146508389251297,0.3663867258024157,0.38080331959191654,0.049238342627861,0.035505534167949736,0.11211870607668088,0,500
1.2796461244055597,0.4308745763444936,0.6054168991153546,0.07810267761028045,0.046346505913975,0.11424228194425216,0,500
1.4002759750118843,0.3621760806998703,0.30778397679252506,0.05439231226952332,0.03602026955853743,0.12965774798441235,0,500
1.3242318263158204,0.35738153474196566,0.2985365112824501,0.054338162005182725,0.037697714677702936,0.14763129185609267,0,500
1.3224785774955587,0.3779245231327375,0.3527463830992388,0.04658179908955675,0.03295458900535283,0.09253723971820856,0,500
1.414459762335472,0.3829931181135085,0.3554107822083368,0.056726928720489525,0.03606818064194436,0.12337206083081799,0,500
1.3542047095127974,0.38161443613535573,0.4136326058827489,0.056858121621821626,0.037965404448182166,0.13007624286413816,0,500
1.2643251858342335,0.399101391688041,0.5161534866769569,0.05406781322861716,0.03777220302875405,0.10106438636998155,0,500
1.3019731551776481,0.3814052123971404,0.5272058070083869,0.05677183442052318,0.03956539617661881,0.1114417757326897,0,500
1.4434438814309787,0.2915955798468015,0.1354679931573674,0.05539375033251316,0.038841752909385616,0.18017986923212712,0,500
1.3624305522929876,0.32543025414091503,0.3080663890840132,0.048727169584512245,0.0360481528901517,0.1291010619997112,0,500
1.3312445376256923,0.29282571197484236,0.29885026776769785,0.04965391274056721,0.03910327773110029,0.17002648288333927,0,500
1.3356940230234662,0.33373608967405377,0.3283334026224124,0.05071329533129175,0.037055693792281595,0.14107055961914383,0,500
1.3492729048037901,0.3420409229764126,0.44356621216320713,0.053009055928716596,0.03859612930296444,0.1313033190790844,0,500
1.2643591437931412,0.39729863188118125,0.5921159895903947,0.062406055299764444,0.042043495840133054,0.1010251463944367,0,500
1.323551611740538,0.34406775508200926,0.5219543837988039,0.05483914879379742,0.0412616653789937,0.12086449646542963,0,500
1.3907638805148435,0.31275904790830383,0.3079568655065684,0.05605777800030297,0.04050123445796089,0.1799077108220141,0,500
1.2536092953980003,0.3879165074385025,0.4557115040234849,0.04967283095249477,0.03616049710315353,0.10444758484775535,0,500
1.2491461768081833,0.3815481460069297,0.39983359522461026,0.05039093442040398,0.03643497553966309,0.12100522608164928,0,500
1.2996154268092521,0.3383064687482817,0.47778314513276365,0.0538727351151604,0.04081707308254695,0.14217303077418877,0,500
1.315789706710206,0.31654031299566215,0.36284582506079827,0.048041278227195505,0.0377708806669544,0.13758771364640493,0,500
1.32155034390489,0.3313318654305789,0.3076044846843134,0.045333781072295916,0.03429598683686739,0.11130319026979385,0,500
1.345146367344912,0.3064540986248119,0.16080773068095328,0.04700020115063064,0.03449143883245896,0.13684445778083412,0,500
1.3713789023561043,0.3485151826613203,0.37269571508731314,0.05071372433075439,0.036117887043988314,0.119232396743203,0,500
1.3094666530849544,0.32735912555865965,0.5322247004254781,0.056571404538324606,0.04293824581646367,0.14222102775220263,0,500
1.2885273044309835,0.3414297725258075,0.35670377093240896,0.04565074203417838,0.034874850792382846,0.11155987622652921,0,500
1.4353508890447981,0.34645915750399203,0.4342593524103283,0.05643274444757848,0.038762657392627346,0.13031757175533412,0,500
1.375677088467193,0.3517659588629835,0.36508234552273544,0.04912645533067183,0.03506142196623993,0.10733507916641075,0,500
1.4372745663256021,0.3355092785803466,0.32403427155593906,0.0541211249759404,0.036584735845655414,0.13761015417242534,0,500
1.3193450465339813,0.3092697054862906,0.44322958165389703,0.04846827331219438,0.038783781878781065,0.13005895527818054,0,500
1.3540584465496317,0.37433557744385115,0.28137205346052163,0.04583029259549453,0.03137842914780601,0.08872516870202705,0,500
1.4431494188554037,0.3708325511516205,0.4706168177544471,0.05647469564648589,0.03704778317842949,0.10546995230579233,0,500
1.2855969445782658,0.3516556514146285,0.3452265309153635,0.04608168188591787,0.03504340110096874,0.11127075624865107,0,500
1.5296351294694526,0.3318438640381075,0.11413529249024042,0.05123415989424455,0.03160137297451787,0.10812616116449587,0,500
1.3474098910495627,0.29949266067313973,0.45412707574201255,0.05005907526067497,0.03985484606358526,0.13942989502754966,0,500
1.425882304701202,0.32740830619299277,0.21496451208478354,0.054426263202474685,0.036950748981481395,0.14974566362737424,0,500
1.2725591756093526,0.3764771352484065,0.4386284471508923,0.05265852980887574,0.03772503815775796,0.12500142553592047,0,500
1.372411919148967,0.32253512518068145,0.22399040825541622,0.04843603465767847,0.03479340729992295,0.12935729850978425,0,500
1.273970709665164,0.3071071583451588,0.4903156881730118,0.04793682393927265,0.03981050505090561,0.12708815798799744,0,500
1.355765933899828,0.3080485984002323,0.3237962872878184,0.05249614730551112,0.039582647425351045,0.16950125720202092,0,500
1.3369454183007878,0.36615964425354247,0.39683718394106965,0.053303377207525995,0.03686147520714553,0.12762499172830627,0,500
1.3559989099828573,0.34323186490746943,0.5045009296506917,0.05535949226406086,0.04021204800035586,0.12526944217205202,0,500
1.2719892589836057,0.3613018732749225,0.5270605715991432,0.061370260820983374,0.04349273938964523,0.15027625029537856,0,500
1.3004196245497834,0.39790160826415394,0.44682594987097063,0.04985693454001541,0.03460803845555029,0.09291985340916387,0,500
1.3778174758830775,0.32657410576628276,0.47073284571712926,0.050466451694606056,0.037721780465328245,0.10900755549826442,0,500
1.4008131503299603,0.3224885611439822,0.3656111725250682,0.05079691871541056,0.037353941127017516,0.13000752547272873,0,500
1.322789513880383,0.30785931438420855,0.36312952705085966,0.05387317088057059,0.041990318747482665,0.18517586754739393,0,500
1.4258312159270699,0.30044467815604764,0.25612015967461443,0.04916008172282844,0.03558479640833207,0.1354305588350539,0,500
1.330117190626425,0.31988640073787183,0.4425488920190348,0.04754493516982187,0.03736466424540036,0.11212074636004093,0,500
1.3210345298377253,0.3386373634876654,0.31003471191513937,0.04830160571280462,0.03577770369784102,0.1270181263960506,0,500
1.4224229770642256,0.35391590708823156,0.3034296304054675,0.05299905289678961,0.03538813011224798,0.12358260758483103,0,500
1.4231491508203227,0.36652811482422026,0.35395939092146234,0.052291390292058405,0.03509885982064453,0.1089267818162636,0,500
1.2505816733279655,0.3622782763601186,0.4787397203747466,0.06348104623522444,0.04605829597447836,0.18212070606452585,0,500
1.471995826389792,0.33556649435758396,8.441022307811834e-6,0.03608084091190867,0.02220900507418044,0.004561597192229918,0,500
1.328872485812619,0.381147538128551,0.536804514172622,0.05777563744294022,0.03972321203761491,0.1068239972846184,0,500
1.297316964272554,0.39594004864272137,0.4319623918169277,0.05282971106911937,0.03605575436827044,0.11112182811172258,0,500
1.302871056917122,0.33543053097233905,0.4109996337148258,0.04742293279903696,0.03690631370219316,0.11666130860457154,0,500
1.350714714534066,0.3328644470931671,0.2550893417917224,0.05280454544486972,0.0376848536747899,0.15267289202803036,0,500
1.1986193459671248,0.39714728332728755,0.5318426715464983,0.06999116024203207,0.04727718979338297,0.1672121800841192,0,500
1.3871374912138674,0.30363031635970145,0.459350900478029,0.05137784482649154,0.03949901699820115,0.1327634199675907,0,500
1.345902236706196,0.37933225121579506,0.23438750284004178,0.05027225933194557,0.03309840900792356,0.11121318735547046,0,500
1.4025959661339844,0.3562973760932594,0.48860279311770066,0.0551695728983775,0.03795962525194014,0.1098260704433887,0,500
1.3398046299189408,0.37768588110381424,0.43316103991389204,0.04840839178629872,0.03456045660638139,0.08792222501538924,0,500
1.2878892232612784,0.3680892533940632,0.4048274447492541,0.053082421868397116,0.03797677582729583,0.13459441897432928,0,500
1.3192922101568159,0.31643280830660553,0.2963975624500533,0.0476033712959235,0.036626332840310485,0.1386766965637078,0,500
1.2816070881839543,0.28026356081394355,0.2556301563703527,0.04474972505334867,0.037053009718454676,0.15651408196799402,0,500
1.4314444347934947,0.3403504102674571,0.232196204355007,0.05192443173347443,0.034686180859470665,0.1258841553188184,0,500
1.3714272220652681,0.3106812922616894,0.4930701979857686,0.055478086624657745,0.04218892503241534,0.15081169503883024,0,500
1.3620347283316931,0.3564035694727063,0.41336748105707444,0.05286483320307264,0.037448691319024584,0.12375076818611148,0,500
1.3179136683099661,0.3790728287661878,0.5631591801801659,0.0650603965957476,0.0432110354775764,0.12644436419653152,0,500
1.2117535398335788,0.4276137694946388,0.5904235867500672,0.06802529584009254,0.043215443424732325,0.10981460346073108,0,500
1.4060953024290153,0.34809762970598485,0.42178547506853015,0.06521579182277493,0.043939938913525954,0.18450736260248912,0,500
1.4482579754432086,0.303305089363633,0.2622979813991594,0.048307120544114686,0.03471536863530647,0.12027359971574693,0,500
1.3110601537869384,0.4111109897727339,0.3986268220208788,0.047761480126795874,0.0319931626168912,0.0823645243806264,0,500
1.3528322265332653,0.3634730590698324,0.477027324392976,0.05371371692235015,0.03828055719850029,0.1126606436184285,0,500
1.2443622410334185,0.31501743485089295,0.5313317341230915,0.04685627454527256,0.03958672377974106,0.10483423073575936,0,500
1.2865242631247538,0.3934118548694624,0.42939615821085186,0.051016432214402774,0.03559958988797861,0.10651434234603226,0,500
1.2647721170038582,0.3613956072766639,0.5306535002317221,0.054321241365182064,0.040335338903556825,0.11803212633274984,0,500
1.200394281375701,0.3893799275545471,0.6457985656122064,0.07972451043898829,0.05221503121509778,0.1256099755828269,0,500
1.3651705184666942,0.32250528477521107,0.296210224402584,0.050458578924833616,0.036955492995231806,0.14220983597715772,0,500
1.4083124189044138,0.35509747028855015,0.24956874189269573,0.054667100495269925,0.035732367189000955,0.13442224843355105,0,500
1.4300089918941343,0.32070315198210864,0.32791546521952825,0.057885025373759454,0.04029018293328237,0.1736011676831698,0,500
1.3221574270109608,0.36529428930809416,0.587573384885567,0.07244264907198561,0.04784719665643007,0.1454057341546885,0,500
1.260932984229863,0.3363160623081905,0.4920013911468668,0.05075868010806872,0.04003332194805559,0.1296020604210962,0,500
1.4023473269345288,0.36398352649449145,0.36400976373880406,0.05597397232310592,0.03744940966482797,0.1329692476972643,0,500
1.3480242777005602,0.321543566410986,0.28544115216110455,0.04912525456130824,0.03651037286554998,0.13848356618814006,0,500
1.2777188010093452,0.3422846269699461,0.37544305407046247,0.04849880731346668,0.037003651181461594,0.13088246625381875,0,500
1.321933273309851,0.33940039458788224,0.4814359260648078,0.04979715514076491,0.037851330028747396,0.10876727969840465,0,500
1.4647924791620397,0.3247872012083547,0.5024647856052661,0.06039907114966065,0.04203313911573837,0.14211339752925253,0,500
1.3477252723111137,0.3438373459250037,0.4281001506658384,0.04878725872155639,0.036170569584407855,0.10586925587031035,0,500
1.2700692360076709,0.31201492182603,0.47594829285829,0.05125641274428278,0.04159006723234136,0.1552416145152313,0,500
1.352493369798833,0.3514144170234896,0.425025093840131,0.05225431723460948,0.037836579700746796,0.12346062776707828,0,500
1.3714738592143292,0.34859527350602704,0.4179346723458606,0.05730814393895054,0.040521206387508724,0.15122546139454124,0,500
1.1953107863851247,0.3977097170202535,0.6742104588731953,0.07878018837644678,0.051091050467957116,0.09957548893901824,0,500
1.2711316660072145,0.3437051995668345,0.41969498799444865,0.04939622074351896,0.037863137515720964,0.13138180713780803,0,500
1.2822713472167988,0.346415940239859,0.6089661846723095,0.06935474157539712,0.04904641637430248,0.1404147165363366,0,500
1.3470864341680042,0.35446745837629967,0.531812523094608,0.05636534719625193,0.04018395683669521,0.11371434697245744,0,500
1.2570057510123065,0.40009819194006235,0.4480159590613774,0.04935044354579222,0.03513160844655326,0.097662790127731,0,500
1.4940494259227954,0.318871652435705,0.2758957780925238,0.053084562099194675,0.03589391403139175,0.13213779667655867,0,500
1.4024854409920167,0.34005925151462413,0.41102525709674126,0.05297516083003778,0.037585048847261646,0.12578711370090365,0,500
1.2835016236007657,0.37452917207457576,0.5132106615842366,0.05098945253173642,0.03743277849907169,0.09585843911815374,0,500
1.5159063198125102,0.325704696395369,0.29220747644397393,0.054186407447677686,0.03604689611672984,0.1288188823249766,0,500
1.2578354271447552,0.388012316877629,0.589731475205826,0.06526157442983004,0.0441384826568252,0.11713406353537564,0,500
1.3364579474121991,0.3541621903200565,0.4791610424216547,0.05368335710853055,0.038900364310333974,0.1213460664663476,0,500
1.4006072763105202,0.33657691305184045,0.28079358864522297,0.06138615766820559,0.04144837061548127,0.1844702342479756,0,500
1.2644076062098677,0.2970537170079699,0.4408067154665025,0.04952085690807627,0.041537682443252115,0.16757555763520665,0,500
1.2911508706368988,0.39460779995722606,0.5223972608528537,0.052984052557070456,0.036852790190660165,0.09211765301919492,0,500
1.2865300077601216,0.36555428635497755,0.23776049471524713,0.0492427234621877,0.034347449044399535,0.12396098796741754,0,500
1.2728598524746026,0.36919859407723676,0.42419053712661625,0.04781346545257281,0.03563273113487643,0.1051392049450016,0,500
1.2504735699388014,0.42170253746512054,0.5555280021568075,0.06705512630689175,0.04263824051174994,0.12127051062534064,0,500
1.284127472306691,0.31335981426178944,0.538603622405742,0.05163567138025978,0.041743883532916456,0.1257947885244502,0,500
1.3900507439882606,0.3687707363663231,0.48676929914727196,0.06653552824597193,0.04374779906389919,0.1588267898751086,0,500
1.2988327413433278,0.36637179100657064,0.5090512368474631,0.053454626669015695,0.03916219881240174,0.11150875437702192,0,500
1.3246309646320327,0.3597287870622202,0.3890004084421424,0.05683499777882122,0.039787090465536516,0.1539145425854239,0,500
1.2486206270233542,0.29439370857751496,0.4977334407724845,0.04996273394896758,0.04267022370405811,0.15899006574953667,0,500
1.308590180208039,0.37644897102838526,0.6261978750869692,0.08050963729621502,0.050958239610925174,0.13469426096755927,0,500
1.3895819258723392,0.33398639142356346,0.3404019465422902,0.051027662754928385,0.0364426234058344,0.12924350196893156,0,500
1.4288980837494907,0.29778500176194156,0.33929056371780125,0.05305683508811247,0.03915964445519252,0.16145837843930153,0,500
1.3955466827320642,0.3372713013892157,0.19805371545553654,0.04690383021768312,0.03227021737378999,0.10658328711962967,0,500
1.4471907438657474,0.3251926160860745,0.3169994861681019,0.054764849064641255,0.03788400196609678,0.14733256488330065,0,500
1.4425855039970739,0.3170771857044419,0.3941523173784057,0.05016767803119151,0.03672061426963798,0.11213448524212703,0,500
1.3187288233529273,0.3408484649043818,0.42375158182277467,0.05082644244134023,0.03841488681594957,0.12897230755542682,0,500
1.3432142921529997,0.3378264027277155,0.2706767874251089,0.047432527595892324,0.03441945603346561,0.11884656666940903,0,500
1.2253879692820915,0.36536525213058496,0.511054160584234,0.04977554069111323,0.03768227905184751,0.10870914794884305,0,500
1.2957234817747971,0.348359427967569,0.44020980202761123,0.0500414805066463,0.03776646808887031,0.12213284266443547,0,500
1.387470289927833,0.29444295795311287,0.20179219056740297,0.04846134872553849,0.03586968242724751,0.14654470192080346,0,500
1.4750416806425608,0.3242996170037648,0.4300954313924421,0.05325579605928838,0.03789735179514056,0.11507838203622107,0,500
1.2660047165672488,0.3431554059673929,0.45738943164510704,0.05390394351571202,0.041346728371581286,0.15269439152861297,0,500
1.350252057519035,0.3448687533093933,0.4352095829015404,0.051970803683731054,0.038011418082840295,0.1243719114653659,0,500
1.3542454039870944,0.3880522754217456,0.5397113965843828,0.06203707472517701,0.040597980996396735,0.11449068563644765,0,500
1.4043078631080612,0.3047872079526602,0.3999067011054053,0.06353470392943028,0.046530648733687695,0.22639131368546833,0,500
1.3465946841011127,0.3603886311962938,0.3330410798772927,0.051471782543602,0.035811391542610635,0.12490303685319211,0,500
1.346465151411025,0.32657143001606187,0.40390820880545064,0.048445588129747176,0.03680567982618457,0.11862641126497059,0,500
1.269356972406602,0.3385535247598834,0.24666982911229507,0.04927473796141598,0.03637527335528095,0.1449232694709021,0,500
1.3662612605068667,0.3536861286929216,0.383147019189361,0.04950716577415161,0.035294486990782976,0.10846545250381617,0,500
1.383069361850765,0.367578108181904,0.47253212197547956,0.05788534246732881,0.038964281821487604,0.1265702064449663,0,500
1.2059181175724871,0.3850589737799485,0.4716253188031488,0.04614297160651431,0.03554677187796111,0.09346383908380286,0,500
1.2802461069520839,0.38325920820501286,0.515888519158708,0.05817155802280358,0.04070402333817017,0.12441886465738836,0,500
1.3582556671093258,0.3004075065948985,0.29884755284434134,0.050656958545834026,0.03835837124036004,0.16299628416597703,0,500
1.3726505483936964,0.344281214284985,0.5566284258511764,0.06354158342137653,0.04375991107118243,0.13749730457010997,0,500
1.3245762949738307,0.33146260638746167,0.3132484593504726,0.04773882007798276,0.035664177845430495,0.12644144630845577,0,500
1.3542856142262714,0.3248445436833842,0.3616742204173858,0.053922908247158126,0.039837239820970455,0.16148328202873152,0,500
1.2846835650691242,0.3328780670666467,0.442669434991345,0.04826338422115655,0.038104122308578285,0.1224488763208459,0,500
1.2591570636500882,0.3676315442389567,0.4150971556076779,0.04607795367160727,0.03485679671510057,0.10003416969860864,0,500
1.3015993265868466,0.3637745466554093,0.6175225744968345,0.07021571864319713,0.0472873026624989,0.12232244427872306,0,500
1.3444894322520913,0.37320011236199685,0.314360621687161,0.052559785332294474,0.03542852571664439,0.12432245786666339,0,500
1.3501101175602648,0.3060340903156798,0.243356781432744,0.04752167910590022,0.035434349754208644,0.1389879160387576,0,500
1.3460611682396866,0.35498144678105087,0.39880901810987573,0.05097599484831444,0.03640918082933113,0.11919085156318278,0,500
1.285580266831453,0.3811719715310591,0.4674894865804075,0.053390536891477124,0.0381598135295229,0.1174050885064538,0,500
1.2442194195646024,0.34627142400919786,0.5069826009679037,0.04772318762586092,0.038350532986571706,0.10317064049397615,0,500
1.3647213563499339,0.3541546275522401,0.3054516721529849,0.054152727566181696,0.03696959298156139,0.14063154706242253,0,500
1.2434244075824363,0.3842682584546113,0.6602212263422026,0.1346132861839533,0.07796557951527701,0.21667843435662681,0,500
1.34938025091841,0.3063314317847972,0.48448107572810845,0.05270764860870427,0.04105399722960053,0.14410938263615591,0,500
1.4184027899244387,0.36752753107940317,0.5165053620723835,0.06081486650445849,0.0398734971514391,0.11906317113831039,0,500
1.4102308726614559,0.3510704480334514,0.22083659664474475,0.05786687376774789,0.0375703804139801,0.15180860964600906,0,500
1.2744520784275766,0.34820754629370315,0.39917204368451387,0.04652032419255719,0.03615853378845135,0.11216253348479184,0,500
1.1560104173136068,0.37804057843785477,0.5293975895642027,0.04908210544360463,0.03860815934177431,0.1059557646598357,0,500
1.2578656182785073,0.4072996887700531,0.590570479361221,0.06002444817896939,0.04034663993115909,0.09105987241194219,0,500
1.267265556245309,0.4271253353115763,0.4721485081081975,0.06344389466093925,0.03984902612503913,0.13231119796791557,0,500
1.4197153154720554,0.3528136682591143,0.2930992317812908,0.052305680092119625,0.0347631764511743,0.12090021663167409,0,500
1.391328029800845,0.33344627462832643,0.18342951872643015,0.0550351332180974,0.036705208183435,0.15283238121846157,0,500
1.2247217765979304,0.32064988491459107,0.6058007303820881,0.06455451543721166,0.04988906238510205,0.1571767513575036,0,500
1.3097025199223025,0.3069089893634659,0.29137475221539977,0.06192581133705231,0.04731030368936945,0.24325976804166383,0,500
1.3820636365234036,0.3755591086939636,0.6203465685677645,0.07237328306716831,0.044994239215696605,0.10907635675629171,0,500
1.3122971021860146,0.36039387554614094,0.4020131855693533,0.052990909058768715,0.038116219138238115,0.13454036450330067,0,500
1.3831281919991127,0.3249198448927603,0.4400472657948447,0.05554528600963131,0.04058300747314092,0.15244879236349995,0,500
1.3922872509816642,0.32884956839559043,0.26084145629731814,0.05135586411539158,0.036141396679940034,0.13804891101161162,0,500
1.2713102590193446,0.4510185482611017,0.5601693124626468,0.059552471743153854,0.03677133392742512,0.0820829133383713,0,500
1.3412586365592434,0.37990404343290474,0.4970091131259465,0.05314275012057734,0.03700494102692746,0.09749230840196535,0,500
1.3606626034390572,0.35161852657778137,0.4070895709152171,0.051290479788625123,0.0372482233432838,0.11877661772032129,0,500
1.3238509417301503,0.3288248613429963,0.42508251383838197,0.049250639863932896,0.03798583383784026,0.12561073099099293,0,500
1.304410928280343,0.34995974092438703,0.54964249214862,0.05594435009974833,0.04128971572227897,0.11586865235651446,0,500
1.2810542526719233,0.35639291642294535,0.4749566624173179,0.04905904287715737,0.03726223226194398,0.10654352198797097,0,500
1.3960794703533572,0.33512873539407606,0.3921006453474641,0.05426816441767243,0.038744596643446594,0.142002527881352,0,500
1.3295814347792678,0.3808752856517944,0.5575392937214918,0.06097960244803557,0.04122597726174543,0.11064369743185111,0,500
1.4234143252632725,0.3608256540707688,0.4293596103164108,0.05825414682220713,0.03909256732649141,0.1342136392040287,0,500
1.4182236302047708,0.34918571920341845,0.4228136104908534,0.05533654435064897,0.03784291619071786,0.128225216788808,0,500
1.3305853687842562,0.38430813362326915,0.5261798042666397,0.057117107476566016,0.038603454630095686,0.10618922149817756,0,500
1.4228674783525856,0.302127944015303,0.39433569787021,0.050839109227729135,0.03812325067757136,0.13416482832057808,0,500
1.3620085694013162,0.3691629836040655,0.44694237291951505,0.05458070697634017,0.03760608241653527,0.11909442345009671,0,500
1.3192883551958414,0.3821170320933883,0.5408807754741338,0.05644531901447059,0.038972275798215106,0.10103780443463971,0,500
1.3278823875280485,0.35022091580048426,0.4672456864663416,0.05140714365386099,0.038068466897391906,0.11540641141130643,0,500
1.3314400891674592,0.44131922780788907,0.6380928548808957,0.09071735849446336,0.04886987968348076,0.10740184363049896,0,500
1.3710018183297583,0.3328534874876869,0.4280739634906831,0.05033460384774805,0.03753476666593029,0.11716789675169778,0,500
1.3418203860983726,0.3665847870241772,0.5877126535564572,0.062155754791828485,0.04211764878915019,0.10620093846542919,0,500
1.3479156222153756,0.32443525990515104,0.3464515004856428,0.04934151607008827,0.036784848632935414,0.13379823405751037,0,500
1.292475753096284,0.4052785349843875,0.48471147878331916,0.05264595448663116,0.03580320767978401,0.0959086541603439,0,500
1.5061315488594016,0.30974437860914344,0.4809339312504138,0.06342094871719677,0.043546596451259266,0.17228788485530883,0,500
1.2908493303200514,0.3087711998064086,0.3615266053513775,0.04851505227641452,0.03876989794478451,0.1542118713155484,0,500
1.3288369912305737,0.3604351488864564,0.36982238262702577,0.05101044843713161,0.03624760144273958,0.12347804502178274,0,500
1.3857880992787417,0.32702721525845946,0.29559144256500025,0.05167569035544329,0.03699465352494908,0.1419004396920979,0,500
1.3202056908073911,0.35779516240592474,0.25176978911077497,0.05012832207053906,0.03499056593738404,0.12711240730927056,0,500
1.3376466250415322,0.30729697409897605,0.27924205372344435,0.048352067287426276,0.03696707022751272,0.1469328234258007,0,500
1.3088769948116892,0.39053082746094553,0.43695877981385317,0.04972801091299097,0.034865479727686464,0.09566484309707517,0,500
1.4016144990258081,0.30642430802626097,0.2783921019594416,0.058388612642740846,0.04210375664762442,0.19864415093062496,0,500
1.3184977782949732,0.36455457671569635,0.5947210907289864,0.06343513758012741,0.043821616665725795,0.11176869363289317,0,500
1.351172915987133,0.3533242668117587,0.4282335048438927,0.05379775491837878,0.03850480011896152,0.13101645856182154,0,500
1.3544105594349725,0.3528103910582256,0.5330644955701447,0.05875068473472274,0.04127815767481916,0.12471514561396681,0,500
1.3159797134327795,0.3857231272905407,0.4811487708217341,0.0519340724345174,0.036483005191244505,0.09827305864047914,0,500
1.3045260654434112,0.4213026541771604,0.7289923378341513,0.16223982495293784,0.08026222514210044,0.13332323560935397,0,500
1.2691934969655265,0.2942681381453101,0.3362947533687397,0.04240122888116125,0.035765442392180616,0.12056945271558663,0,500
1.3595653607035367,0.3124235142358131,0.36308912638011975,0.0461205578707685,0.03614578994188929,0.11096968523822054,0,500
1.2837423223801034,0.3588100039422351,0.3867543399876257,0.051264341536071116,0.03740784472556768,0.133728172229228,0,500
1.1919605881649404,0.4302778830689413,0.6457613364987906,0.08350874754879603,0.05062320648250892,0.11165970260802613,0,500
1.280864941884835,0.394138621725357,0.4152108226147236,0.04871094009801679,0.0342966147070066,0.0978373568039658,0,500
1.3573223137667643,0.37104948694101275,0.3911535485704457,0.05026398173934703,0.03473644013088182,0.10471898755761117,0,500
1.3439454336813352,0.37662395939785315,0.4062710071286271,0.05343229286360654,0.03665099785710714,0.11941904956363276,0,500
1.0068129119353426,0.5003351162615972,0.8166505370008108,0.3399800860138122,0.17305406739827983,0.12645410259563578,0,500
1.2619688681179286,0.38379524039333274,0.529459932628211,0.05196548267525512,0.03725314746251219,0.09651135096250832,0,500
1.3403615809921938,0.3256305609231709,0.37700619634845833,0.04594185190778868,0.03553643660471347,0.10589954872577852,0,500
1.2684041805160813,0.40666165571096324,0.4919002364898471,0.050022042041456605,0.035161007776373474,0.08613994201791941,0,500
1.3825030126340216,0.36443652360578577,0.5187151825101052,0.057480307625863335,0.039868778077688224,0.11111461289603955,0,500
1.346804836577961,0.3574716531066284,0.5174494227201942,0.06151188709467914,0.04271394080220561,0.14267737301395175,0,500
1.3901921121137362,0.3542851437810832,0.3678734551823682,0.05818912728388142,0.03915106982072711,0.15301172300977844,0,500
1.3307803557543505,0.3780581215038159,0.5462090683809507,0.05946192687092679,0.040523111525597684,0.11187014682711682,0,500
1.318250993524686,0.34432015738316135,0.4005581332425071,0.04896608300988585,0.03702071401346835,0.11940628459025006,0,500
1.2266395391881428,0.31161335459015094,0.3108632004449046,0.04169014853946669,0.03510436791169996,0.11994985980101146,0,500
1.3053607779653584,0.36075784486625234,0.4765726211292114,0.04957715975204234,0.03683199880851521,0.10123875845472805,0,500
1.2444248322012788,0.32537095469958716,0.5313071212851445,0.048131803990830835,0.04015678768804397,0.107919496718722,0,500
1.311332538744901,0.2975850286603276,0.34076012081355317,0.04926334842060675,0.03856683982071789,0.16603503799263072,0,500
1.2242971746659517,0.3732414742232092,0.5407153558573613,0.05607275094422689,0.04151409949448836,0.12225664228695285,0,500
1.4171141273659118,0.39500699325874494,0.49523548646241616,0.055729284425655175,0.03616113995495725,0.08866114981142446,0,500
1.3879631450103218,0.3486431983470913,0.385921680758388,0.050441486977667364,0.035990761504834504,0.11200659570446744,0,500
1.3478148240678562,0.3237240063455266,0.34828788783185743,0.04875842007369094,0.03667258790375179,0.1304727703566593,0,500
1.2372033822340744,0.3812655404644199,0.5755574389926523,0.05823718646574965,0.04188263262724951,0.10789787094957824,0,500
1.1110914769849383,0.3993120886710701,0.7377508952091295,0.14456458162390623,0.0868585030640618,0.14204256796082748,0,500
1.2948114586691393,0.3814233750250415,0.4958105753162479,0.050040315025887294,0.03639603862686881,0.09081430865957937,0,500
1.3720975605318104,0.3471337496442891,0.5519346960371987,0.0576988111217287,0.040932819411039975,0.11072341854468262,0,500
1.3726650306409454,0.2890792629854104,0.4766672843630287,0.05382072995870683,0.04223370697115515,0.16454942122546293,0,500
1.343526104839722,0.4553550327331346,0.571876077049333,0.07127876526123707,0.040018563795668254,0.09598778918976657,0,500
1.2745612626175675,0.4035445040629584,0.6140901597584169,0.076690642734575,0.04749566532472967,0.12236009484270652,0,500
1.3284000094750135,0.336871599702589,0.5338917050133559,0.05584319799178772,0.04146683141122117,0.12574305558847082,0,500
1.2933172383179323,0.4138201228579218,0.5244983766851834,0.056527421297029146,0.0370333215288028,0.09663614322826168,0,500
1.300594280330636,0.3442414688779088,0.4388109026764477,0.05162394050785957,0.03863355882689208,0.13387238962330303,0,500
1.407760392832928,0.35057278533100406,0.41801398881388685,0.05419098320234665,0.03745993056831834,0.12400615663537955,0,500
1.3272458085398031,0.3344261725613742,0.32649174326760766,0.05333053713302458,0.03889443270924311,0.15835927256111546,0,500
1.4092763697947193,0.338692962472991,0.42457347637955756,0.056115185613824906,0.03938351651684546,0.14212442750964793,0,500
1.3112562673860355,0.35941469561449857,0.40549374429571294,0.05056759214231265,0.03665961048564521,0.1212226409882774,0,500
1.4344917704515177,0.3731746957948737,0.5296295586466049,0.0607600794444942,0.039756989838882165,0.1074223567481162,0,500
1.387362433124815,0.30263499023332147,0.17215669280019774,0.045382121863372406,0.033046402601721224,0.11800202369924992,0,500
1.3830926701778972,0.28876352424148477,0.21163682532691402,0.049524577909674905,0.03697149657063382,0.1598864880023442,0,500
1.2973942092490665,0.2813004009759312,0.1648002875376248,0.04730393760904347,0.0376748148370975,0.17270581585205075,0,500
1.334745826008494,0.33201555412734635,0.5774797131684328,0.06652680227157613,0.04703004563064245,0.15464043253498902,0,500
1.2393369092612887,0.40512753650411254,0.446428061033158,0.05689111300110846,0.03882354353455867,0.1313386145633628,0,500
1.2196978502441214,0.3532068807331346,0.42736679955994566,0.04702055033242922,0.0371318761545699,0.12120079426532719,0,500
1.3245134987424088,0.31322185171940226,0.24977204040161383,0.057029924218325354,0.04192321385505157,0.2003713198932267,0,500
1.3163043836611357,0.30416095015304956,0.27346972144312043,0.051140857303865285,0.03925426396648958,0.17493973600330345,0,500
1.1578494028862947,0.40679828737607904,0.6103959141676406,0.060601070820608095,0.042752672052544044,0.09765896482051939,0,500
1.5418453921566757,0.30632734857330973,0.026333248003916735,0.057937369770343444,0.035807285410177823,0.15173104313170435,0,500
1.3601157315083983,0.3883445618475061,0.4129550620204699,0.05269018422115932,0.03562631191543589,0.10523301106804761,0,500
1.3610741724738493,0.34405227373682573,0.3086144911315478,0.04820165487106517,0.03476970147233231,0.1140924921590558,0,500
1.2818811881353078,0.37954135627052377,0.5408008903935824,0.05748205886572583,0.04036364437533219,0.11370416992297,0,500
1.4052718239110191,0.35206916966438956,0.38794175912660683,0.055660271237176935,0.037613728471589516,0.1364677053206976,0,500
1.3467035707557242,0.362264234339868,0.43193246748440317,0.048816242077016604,0.03528027133846787,0.09593326516544956,0,500
1.3084232120773822,0.3319034500687925,0.31287039825685503,0.044361857693392744,0.033989448992280236,0.10670384974324286,0,500
1.3763908598741053,0.2663027172330958,0.4122387725312617,0.048454292703643556,0.03954846695793836,0.15409234625507118,0,500
1.3078866524795036,0.35291588013299613,0.5292347498033918,0.05482580592848805,0.040358933710845105,0.11671634754748225,0,500
1.3676285964196333,0.37206265851148035,0.4245011370114414,0.05284354835405203,0.0364296424723702,0.11156959684243545,0,500
1.3705443988519839,0.31622713726385965,0.2690290405405619,0.049403062420855334,0.03660666193904449,0.13980273911621452,0,500
1.2983834302319897,0.38390128204987567,0.43110804554574556,0.051014317543226474,0.035914158094771616,0.10865273549149346,0,500
1.4137401502067029,0.31741812808102005,0.4153123744217044,0.05684742684779671,0.041444971082128655,0.1649116862512497,0,500
1.4457268244207844,0.32835156106779406,0.3701352184571547,0.04901078428285407,0.034931156866138666,0.09962148891094766,0,500
1.4179400223438468,0.2990668043130189,0.2681961786410973,0.04776958772307846,0.0352371951133147,0.12642704066520563,0,500
1.1665218262357633,0.3745207969489949,0.5965889867284451,0.05652442323320719,0.04324789287147412,0.10620005932314329,0,500
1.2123422570988553,0.33432520687344536,0.6461521213989437,0.06925807909909541,0.050971155312502243,0.13191819093729448,0,500
1.3590864414163675,0.30948153691289787,0.32917492423707023,0.04695420767403888,0.03614443004972098,0.12516560716925473,0,500
1.3503829532015459,0.3550478047956326,0.4770839615624721,0.05575671527916329,0.03995189620128835,0.12903449260883576,0,500
1.272299738878505,0.36865270959330143,0.4740279219509119,0.05137214903113465,0.03801028780300985,0.11522000306448268,0,500
1.2395303024713415,0.40690184411775804,0.458067346170179,0.052786093303421065,0.03681992822421635,0.11086481206415151,0,500
1.3485290471284053,0.3591305758426394,0.3301988341943976,0.05167929656132987,0.03608016533999918,0.1268966371856172,0,500
1.3779503242063147,0.400214754224577,0.6751964749624709,0.1203310741610799,0.06342405322194025,0.14251866027717686,0,500
1.304895289923352,0.3152867256232489,0.3205292622213127,0.05481038605403184,0.04161237401715164,0.19057947384740948,0,500
1.334275839177348,0.3216252276009101,0.052972296095035426,0.04781394585298597,0.033250809294268435,0.1289189273726153,0,500
1.3504865988109447,0.29019083741933016,0.4862515718265988,0.049971504820204384,0.04035981909193997,0.1335458314550697,0,500
1.164983013873443,0.4415981678657802,0.7274188084304006,0.15833300133503955,0.08388692616180456,0.1344903885932456,0,500
1.3888592698585767,0.3186683640552533,0.19245026251468883,0.049106215062947225,0.03465510508444663,0.13249440847892185,0,500
1.2670927820730173,0.326461181797606,0.4313211843064567,0.045206189995424355,0.03650058961976752,0.11151385890242937,0,500
1.273963268134007,0.3315237560689037,0.4371181337594447,0.047422459320717016,0.037421449510088634,0.12143239469081887,0,500
1.3853691772835623,0.35787738463455704,0.4693257417665971,0.055377549223653955,0.038495758589420795,0.12023776180188786,0,500
1.3021756699048295,0.4227544809209211,0.5424997284766978,0.0563677612162488,0.03683475609725308,0.08469825871656446,0,500
1.201452823783145,0.34285264206127947,0.6827430497958886,0.0851451693406505,0.05958237992186437,0.1341917002826985,0,500
1.3312515136597667,0.31006421681259627,0.49152078678819067,0.04978421791113332,0.039582590707211235,0.1214789054159909,0,500
1.3595550353056598,0.3495601884223454,0.4277969903573263,0.051169343965032595,0.03698552284600007,0.11570753660500564,0,500
1.3228323285039356,0.3630822554818367,0.5331230745292165,0.056102018465905734,0.04001540217700644,0.11200859947813209,0,500
1.3100519911980366,0.34244562430990877,0.3322178153186762,0.048145443630627324,0.035952530127572345,0.12476361101196336,0,500
1.2674202097571996,0.35726800688334515,0.3767290915943857,0.04874043920123677,0.03657213880672292,0.12517197203897637,0,500
1.3202416435286055,0.33901982808355624,0.5402661471543247,0.055247071751849196,0.04114235837019367,0.12044663238082749,0,500
1.3237922433649851,0.408317719825435,0.4358446878556948,0.05925956189859326,0.037573855842231996,0.12636267946505467,0,500
1.3490705110461272,0.30384864720360244,0.06485816494555373,0.05810982852805193,0.040789158266663204,0.19433060825668147,0,500
1.4275064098860262,0.29933731992542184,0.05984186175688117,0.05114818625723718,0.0348225578123396,0.14596510316832434,0,500
1.313815081976634,0.330864856573803,0.5079394477319771,0.05520270993174811,0.04210851529744764,0.1415481937244982,0,500
1.2628974252076222,0.36245524787739936,0.4530457545505342,0.06613871271001365,0.04704811358273112,0.19861917936383872,0,500
1.2794437395194271,0.39921358638985505,0.4103428311109933,0.05045792179617265,0.03475684663771828,0.10497983013188827,0,500
1.4096352540942885,0.3986150536893503,0.3552388413238359,0.05680524396783517,0.03503854224994742,0.11567376734515948,0,500
1.3802769132917005,0.36490151388497216,0.32870073045710807,0.054462638780844494,0.03653551045383234,0.13136992221460345,0,500
1.3299398771202042,0.3869602341340724,0.4605542394791806,0.054498994237656244,0.03695478125980212,0.11226427522900599,0,500
1.3023630482772104,0.31617872180208945,0.407656742237855,0.04603685078661696,0.036963639265581626,0.11810797110182224,0,500
1.2735186551285218,0.33194381056079963,0.4813813366981735,0.04935765467142212,0.039059401157586764,0.12343669025335802,0,500
1.321803023817922,0.32911950059567496,0.5254071813068313,0.06039138358448606,0.04454080554436672,0.1619847952717945,0,500
1.2690147515246937,0.3456528697340202,0.5265351867606016,0.05316370295619297,0.040781678935733826,0.12243389492636754,0,500
1.3626476849301694,0.38247398570064206,0.4618861110292003,0.053669879823739934,0.037048386546480384,0.10364500071796329,0,500
1.3761293036109379,0.36627443519226743,0.5913511258984413,0.06568240832117496,0.043532684319123126,0.11073327409815208,0,500
1.2888944325323677,0.3716682320539292,0.45934013428911985,0.05094497306290875,0.03665836283046581,0.11124432989155303,0,500
1.498952846820291,0.31122343198483715,0.23347389781841588,0.0549139218785134,0.03688226322613885,0.14955197712607568,0,500
1.288089801271892,0.3459504359295996,0.4304005232866552,0.047723488603390936,0.0365999666738199,0.11275345326357787,0,500
1.327536248128153,0.37429894866270463,0.5986932721799766,0.06551479257807148,0.04324284430005416,0.11019311719132216,0,500
1.307282134224625,0.33025863156972085,0.30559230133306936,0.04805492880306268,0.03627468016502409,0.13441472814990013,0,500
1.25619196419479,0.40402123718154564,0.5375144115302611,0.05381244501434914,0.03789369448931027,0.09191958102828507,0,500
1.2746401166898764,0.3666123998646518,0.5541328133844643,0.05559316062594259,0.04067535204093361,0.10838349790034574,0,500
1.4426101323543286,0.3527988278542214,0.3519816817859382,0.05210812030255555,0.035429851443184404,0.11142448550842678,0,500
1.3597368881010095,0.33310108845594827,0.31624452404879166,0.04896201402117057,0.035893569620578616,0.12551669924518746,0,500
1.3060475647406597,0.3831085431726429,0.5765178062408977,0.06219012036877648,0.04204295427456883,0.1090481066012008,0,500
1.3092564353094287,0.3450552719144613,0.561216860144035,0.056888136085179786,0.04203213046176136,0.11648984482022189,0,500
1.313250450067201,0.3758826020039944,0.4437192821500052,0.05318081872284024,0.03768596199856045,0.11900605086787842,0,500
1.3734170931471117,0.346935642528179,0.2522223348333413,0.05263234601566761,0.03604085272700274,0.13683021329622028,0,500
1.2924165329257085,0.33051035807757206,0.4867796240562134,0.05321400170282983,0.040836687672795184,0.1432659128400275,0,500
1.2721901077552729,0.36679906068247753,0.48890332900693895,0.049435203096145824,0.03718504429917713,0.10139828619547529,0,500
1.3470977087941887,0.3483460639396392,0.31892341096416094,0.048827861020819194,0.03479582950797374,0.11764034171648405,0,500
1.2740800894625188,0.39461921842271735,0.5594374631048609,0.0668048400168712,0.044362280226334955,0.13154241169685163,0,500
1.2596388728007875,0.36497105045317524,0.40231487567535545,0.04660217437259891,0.03510560057297752,0.10659224290377381,0,500
1.3771475488747726,0.32266000861647753,0.1253444067464492,0.04853644394210444,0.03347462259896088,0.1276184188560886,0,500
1.3725204912309397,0.35528539136195914,0.5120534031502592,0.0620261441310603,0.04239808826572274,0.1437191186363062,0,500
1.3840088041029808,0.29122079592575945,0.43913462314232315,0.049905887609560634,0.039667657077159475,0.1364818373413377,0,500
1.2903778631158587,0.3478382101419457,0.5916428210521932,0.06323166186120951,0.04548769324041837,0.12844045960252315,0,500
1.3863308620627386,0.340126021719114,0.459913933704428,0.051681486450398016,0.03753333608758604,0.11046572526431854,0,500
1.3190978981824608,0.3468054972064443,0.4893766803457732,0.056298986716241055,0.040728596408016425,0.14155724247391038,0,500
1.3333111187902196,0.3740735975965,0.5537852078615789,0.057183563789010614,0.03963319556613126,0.10030407205336109,0,500
1.3308354086523044,0.3988783702440972,0.46442649331985886,0.05655495431562031,0.03737508848877648,0.11400632964425433,0,500
1.4076924383564564,0.32991435577623995,0.3750590633829837,0.04988409553134375,0.03610148181590793,0.11552132808396663,0,500
1.266902814583744,0.34176294441107374,0.4021806388765267,0.04541959376288805,0.03566754944492104,0.10925488765983077,0,500
1.2551824897545114,0.3528873563885874,0.44000965797659314,0.04857574777737088,0.03799856575388892,0.12033190082876265,0,500
1.3915066882587812,0.3609489625200282,0.45157201163837307,0.055918315202817356,0.038562288107925995,0.12417898591069883,0,500
1.308183081941108,0.3802980437150818,0.5038552041904522,0.056479394138593576,0.039060982982522675,0.11770344165036566,0,500
1.3661783184849565,0.34143925031167116,0.39743699655810666,0.05056645213609175,0.03667301408516031,0.12024220042898097,0,500
1.3789830253676145,0.3129628251143487,0.27944737474338,0.05335569297868483,0.03882979652218211,0.1657825497633762,0,500
1.3938690801570628,0.37096207803179243,0.357716363939226,0.06538420436138108,0.041908431343485854,0.17329507621147316,0,500
1.3002072403247293,0.3849268542938776,0.40819152956123494,0.05145255666609702,0.035886864670548226,0.11338557326125179,0,500
1.3712249222516022,0.3532066017459763,0.29914371978446835,0.049052900552177356,0.03409510740680726,0.11243701007132409,0,500
1.3783231899076418,0.34181652207305757,0.26692182071562975,0.053560835927209595,0.03687803406341701,0.1439470995108644,0,500
1.3364677076853337,0.3491060474485195,0.4182699456421389,0.05202496889223204,0.037797789102675436,0.12830814301320798,0,500
1.303528567362067,0.3451064197979006,0.5744600155629571,0.06500381823029938,0.04614452577087265,0.14625171992496344,0,500
1.207149254714249,0.38592108713803186,0.44087102239081255,0.05301312767103944,0.038947488492756525,0.13361840212020812,0,500
1.3437962228169742,0.29554078297225456,0.539422055123142,0.052996659877713063,0.0422704263126918,0.13108854878555953,0,500
1.3276275344712622,0.4024733808755977,0.37177796609542485,0.05442162764264933,0.03564823025991169,0.11656584502151886,0,500
1.3446242318951092,0.33253469570074967,0.35486560855293664,0.04957824813397575,0.03689442208634849,0.13021541023046915,0,500
1.2828484393430561,0.30259398612552857,0.2849056273758639,0.04600493006617257,0.03695945478481723,0.1475713411997282,0,500
1.2951477170525894,0.3348025828900863,0.4415376569344974,0.048970959726436863,0.0381580838480444,0.12366058254020054,0,500
1.2634056148930002,0.3255185124027228,0.41658241769432097,0.051347302549904,0.040462540114484864,0.16014685289488717,0,500
1.317308108319069,0.3587077524871445,0.4327159368607866,0.05015808501629212,0.036702392719603426,0.11325327556523085,0,500
1.2512336327408755,0.3954965589060291,0.5767690337501702,0.0644131273771257,0.04326376063419525,0.11833240953884458,0,500
1.1221587971133515,0.45863742201355084,0.7946978939070639,0.2409774921528104,0.12133598542230581,0.11651347194521298,0,500
1.4695089511949848,0.33229978317684283,0.22325811394286962,0.0505469845287254,0.03357535200569784,0.11516826472834252,0,500
1.4423610188091773,0.36658464856718176,0.4191284739077207,0.054455066592658044,0.03620155606181607,0.10853846407200209,0,500
1.270266927656431,0.3475311673373122,0.5398584236545199,0.06417468921150779,0.0465892059267337,0.16839639811291576,0,500
1.2696286561650445,0.4178470134773721,0.39462103296732265,0.05023410051851343,0.03365691557628075,0.0988224508369829,0,500
1.2497275650082298,0.3806784217697246,0.47987591944177915,0.05304957154123224,0.03796433530265378,0.12009062694290887,0,500
1.256052759921739,0.3032266198899361,0.2667972740245166,0.042640207140303706,0.03503733432721449,0.1281339570337696,0,500
1.2534583753105526,0.32884434895761944,0.34967238659165456,0.04945133621141,0.039117101589678266,0.15529940998599612,0,500
1.4325182832891254,0.3695873847017839,0.3255858482715763,0.05580311127135907,0.03589040003349682,0.12521837308329573,0,500
1.3390424872172555,0.3434680504466274,0.5399284472379933,0.3043425366446944,0.19759154343276072,0.8680532175549918,0,500
1.3855583212004214,0.3340270436978467,0.367688981858395,0.05165177527364068,0.0370044876831929,0.13131967511229475,0,500
1.4632845276762303,0.33444237961324674,0.1711121900548902,0.053430961429227375,0.034607781995602445,0.13121688168237455,0,500
1.2729781114397383,0.36036383488567547,0.6485985198614087,0.07841616502581147,0.05181692509800383,0.1283961110776702,0,500
1.336273167435514,0.38304105018771756,0.38778643948325836,0.05157935846750043,0.035301111389227764,0.11033562769943205,0,500
1.3414898681568062,0.3370210940422297,0.28064363252932645,0.05424167633076306,0.03839122863233531,0.15881119672908073,0,500
1.3914837934310018,0.29717877614934657,0.33847763195559505,0.04815613491336074,0.036731218884267426,0.13258544174672027,0,500
1.3767982932492995,0.35731815740310396,0.2352717421559794,0.054251604332679004,0.03586032811748763,0.13706272740691988,0,500
1.2880121300278633,0.36848177409189753,0.3887908797339061,0.05058099822498556,0.03708508621227404,0.12298778670759886,0,500
1.4634393025186263,0.3400281703397812,0.36676569984219237,0.051297461809636465,0.03513275912979832,0.10624084953026136,0,500
1.3556045456407135,0.3696351805589678,0.566319264699283,0.057470687723535904,0.040062622603609384,0.09409308266920355,0,500
1.4231993878956686,0.3442699279530676,0.37110132842989224,0.0640354237914907,0.04279880108767403,0.1840678284868852,0,500
1.2931021554122322,0.3663675960847826,0.43344401288764145,0.04878641633295587,0.0361708443373147,0.10638708108780821,0,500
1.3018281193989116,0.35451720519847074,0.3879588003965203,0.04463907829782163,0.03386844540400882,0.09039632486985091,0,500
1.267224197051002,0.3962252679945776,0.5576204352975322,0.05995343046163741,0.04071825213855353,0.10949571279024911,0,500
1.3178927420930897,0.3187582626815638,0.24650086154296388,0.04705358761446061,0.035380179854323915,0.1349586294291845,0,500
1.36770460328439,0.370573820864922,0.4986389082684823,0.05779126922049388,0.039370720595500446,0.11960299258486033,0,500
1.3124752217339861,0.32494177616525954,0.6196112905894613,0.06563373423844994,0.047516433649447506,0.12961504683532787,0,500
1.3341400917584734,0.3657642078913158,0.3902880930809125,0.051577476885241724,0.03630163439807937,0.1201654922022436,0,500
1.376218848797509,0.31019332723976123,0.38351349968567244,0.047418529048436506,0.03623945828175352,0.11512348648542979,0,500
1.3298754794955416,0.3776217120557866,0.4678867180534758,0.05572333535650615,0.03837018029654112,0.12115381969901176,0,500
1.3719204970564582,0.3747338424019241,0.3692165944176569,0.050168213943684224,0.03418775833720165,0.10199591029520205,0,500
1.301850249141062,0.4099918943725696,0.5280474983815091,0.05937337406455291,0.038820317170075586,0.10594857410723592,0,500
1.3672829836276363,0.3546800291620576,0.45845230917337026,0.05054916434496345,0.03669085126599589,0.10011039610473994,0,500
1.3012357971114128,0.3371689089160097,0.36202630776009215,0.049208544951095744,0.03698773261760841,0.13447370477918852,0,500
1.358682101758748,0.30777768927380367,0.4498048595373495,0.05887552963526179,0.044266995811432806,0.194621908292681,0,500
1.3378041863966799,0.3452576223192138,0.3590869748555091,0.052031020287837196,0.03767500552978194,0.13817937418348142,0,500
1.2874960365044597,0.34605015349267215,0.4211711219974788,0.04778332863957057,0.03666117710736652,0.1147813850095132,0,500
1.3524765879218534,0.321097046736446,0.31470495946596677,0.05263006215680518,0.03855501843353126,0.15920682092697228,0,500
1.2392064197955417,0.3535340303539081,0.5330614951858169,0.04969275821688823,0.038996636012736216,0.10258397051230107,0,500
1.4001836057788226,0.3587099975544943,0.48102767027201343,0.05939470879371984,0.04044853507285436,0.13362946642395204,0,500
1.3006267955948831,0.37816386846256633,0.5326853762711942,0.055098261938238774,0.03918013252153487,0.10400200068466,0,500
1.2709344056105834,0.3370793924176151,0.39886205466307106,0.045609099448794654,0.03604369231682805,0.11305825297931091,0,500
1.3544641579835313,0.3568782034337744,0.4451563238342108,0.05100257412263499,0.0370175509431379,0.10790978230014507,0,500
1.3619061277575806,0.36028862663629385,0.5499492995298898,0.06515619013162292,0.043585121060189753,0.13862013923702474,0,500
1.279090168144302,0.3421546195890863,0.18324680106667654,0.049712798977544416,0.03578157123748554,0.14157955579971088,0,500
1.4196349351525008,0.3911385383708,0.5302174820322794,0.06505048916437355,0.040536453718410116,0.11697575463775794,0,500
1.27044486340871,0.38538272644769855,0.32529570950070613,0.04628471817832313,0.03325854174610318,0.09982352486857167,0,500
1.3612588341153407,0.33781325322565,0.24213391447359517,0.04649949830926857,0.0332340747113628,0.11000247143249131,0,500
1.4226279936010524,0.3240567814975136,0.20325770120874453,0.049882946895471285,0.03443696474341311,0.1266784818301754,0,500
1.3619272760767942,0.35512237235605854,0.4219752776748898,0.05124697361388676,0.036667755009572915,0.11354417644315996,0,500
1.2102424585048313,0.3323822828678116,0.2979356662478782,0.04499309506254697,0.03600543018482116,0.13628814099845232,0,500
1.354658529881126,0.37378965370083955,0.3588203050620004,0.04963456751989547,0.034048101566928154,0.10410391024933734,0,500
1.2223108853609121,0.3442712772475425,0.5401768882757444,0.05294074336092367,0.04180148863486867,0.12685569691047752,0,500
1.2378792725188064,0.3698546840587623,0.636147978421948,0.07442658594427569,0.050411886641465425,0.12689269456443986,0,500
1.3392794133823946,0.3210797964536298,0.34424180257829456,0.0493562544856764,0.03744206439677426,0.13926795377816528,0,500
1.399128957284272,0.3282748713345903,0.37238168140951433,0.051436431346950244,0.03725216145284831,0.13009589169976268,0,500
1.3061422669010672,0.32238222952610485,0.5410414090509615,0.05362979469209555,0.041591902088935255,0.12544450846943975,0,500
1.3790739481798355,0.35497811814036545,0.4715861087590358,0.05373714872439875,0.03829603379007087,0.11298386684242527,0,500
1.328106333164817,0.39078836737676054,0.41308844073646117,0.052848037887375805,0.03597653344688504,0.11107446032364054,0,500
1.3334127622766476,0.3653318236882951,0.36892714445073094,0.04971808767268956,0.035132691106863165,0.11256277878356573,0,500
1.2936520705437635,0.37056201341997536,0.5470218362900215,0.05829309806743288,0.04109843859609442,0.1177939371647698,0,500
1.295098729221215,0.37896878515115445,0.5413485374589185,0.0598035354905821,0.04104045031767223,0.12115620751461303,0,500
1.3021725130159598,0.2870373019594937,0.40327805009012646,0.04965556231964527,0.041054734204553134,0.1746837164072641,0,500
1.2703430063740884,0.3882055242820156,0.6602786697395081,0.07571559262431733,0.048175640020213385,0.0989233536778455,0,500
1.349959557135021,0.3294096183504903,0.3777367047656094,0.0626317740225044,0.044294704105263934,0.2079741049562018,0,500
1.4402425546177928,0.3534177545435311,0.31606113282798093,0.052656762470384,0.035108883231293755,0.11773650107145232,0,500
1.3277932507317576,0.33438619655146534,0.4779600890042991,0.050094872106372805,0.03841837118014889,0.1132255457400422,0,500
1.381460439031735,0.3362500973270252,0.4801937390856288,0.05371070265050669,0.039313375321599085,0.12163693351693326,0,500
1.3928307976616456,0.34049025862293286,0.28617575447090704,0.04953644841176492,0.03457101356666884,0.11843271655311788,0,500
1.3259376759189523,0.3857792558349729,0.37012406208547116,0.04832433981874899,0.033317259063699076,0.09617365096770181,0,500
1.4071316434787344,0.25334829068554243,0.33519177945055273,0.04641233573003895,0.03767373896772973,0.14273288618524818,0,500
1.3786977282876285,0.3617010983424055,0.4285645409989687,0.05522321611550765,0.03839347224651541,0.12714647604479073,0,500
1.4285422898071705,0.33583194111640813,0.3322320478731266,0.04910727859299325,0.03470878030645225,0.10647523733935818,0,500
1.394916781639245,0.33669921460349905,0.4011983794034436,0.05123040294805973,0.03706923273245607,0.12022389652623855,0,500
1.4208542790474092,0.39122347590916196,0.49234717500112746,0.056652676123650055,0.03627106796079596,0.0949008799194589,0,500
1.3822515804937,0.33614728000755395,0.3769391767353373,0.05478747369151814,0.039191577163855414,0.14968900572197164,0,500
1.4370271687389844,0.348051943478331,0.3250117715061966,0.05049986657180077,0.03475441502642755,0.10811689731874506,0,500
1.2168301150246672,0.3563118035021975,0.3430632722016048,0.04963558713677367,0.03784382493811473,0.1444154405153468,0,500
1.3068738849089023,0.3503588909621115,0.26405360286208185,0.04502188362926791,0.03268197959918239,0.10516678450288335,0,500
1.2826708664200166,0.3694009255870466,0.44837378389798704,0.054124367556176764,0.03900038081995169,0.13295948590853532,0,500
1.3048647142756737,0.3181448282674279,0.43870859008727014,0.05180276483806284,0.040737896299663685,0.1543105375445771,0,500
1.3730873277173443,0.35349726655033104,0.258262905426382,0.04826476611832829,0.03328599383614487,0.10926550944391443,0,500
1.3379857519165543,0.3652077810488202,0.5444377643618195,0.05787427268607419,0.040671651767343955,0.11133288564517609,0,500
1.1666569562359292,0.36392308375008425,0.4058147071582195,0.0421889159330649,0.0344312820713913,0.10058426839817669,0,500
1.3424230406830018,0.29860215871600576,0.21145914884824396,0.044651233522215616,0.03379044309412594,0.1254890762075248,0,500
1.46132611784605,0.33400984400710876,0.20672786725071607,0.054984570399304315,0.036080227095016786,0.1407388474019783,0,500
1.3569434678483492,0.367928734763299,0.3872443334179292,0.06119158575904883,0.040524665849031,0.16181565298667436,0,500
1.324764345596655,0.38073276039825293,0.6284725459549293,0.07969401870320322,0.04979143890582096,0.12622114750696095,0,500
1.3192516143976962,0.3785111071295923,0.3723389708504874,0.04888441933890146,0.033997175226303494,0.10377304151321627,0,500
1.3443341350311875,0.31704489557537036,0.14210873350487882,0.047205130519393824,0.0337353240594353,0.1305273933847855,0,500
1.3601994601400063,0.3386217411150295,0.30830839240311164,0.052847610973352235,0.03770205467169638,0.14576056170798382,0,500
1.2285721859330976,0.34004109997942117,0.3868443815388114,0.0430511835310537,0.03507797277204091,0.10529458726957028,0,500
1.3351499547713945,0.35042755468948733,0.4953635683791572,0.052555052919055455,0.038760343515789,0.11184966911410668,0,500
1.3270805467163482,0.3894815006565541,0.6012212157899558,0.06793618473070381,0.04371423371547127,0.10760619735360613,0,500
1.3096638940153866,0.2786656567612451,0.0532305689500009,0.04419159556225618,0.033657677088137467,0.14276740420057707,0,500
1.2681365152294086,0.36458171477950135,0.49369268651895476,0.05195852096065423,0.03863868531204101,0.11618594784978811,0,500
1.4445538853998325,0.30238889162220506,0.33513537403198174,0.050106139592055544,0.036951109259656306,0.13024149850593603,0,500
1.365643865553903,0.3752302233048061,0.5064385321978584,0.056905339475129005,0.03890100983023285,0.11048307855608439,0,500
1.3317889669077985,0.3572964608198999,0.4526377831923573,0.04964729203967873,0.03623380507196804,0.10315950684342477,0,500
1.4251869596084996,0.2952551268889277,0.10854855443659178,0.05173398185888233,0.03614405391178607,0.1566202608124881,0,500
1.2860799274611965,0.37768696053813494,0.5098352851231316,0.05144027397652963,0.03738366748427322,0.09745907186619328,0,500
1.393130645294656,0.365480581539172,0.4632574916229809,0.05730843163684344,0.03882828356631237,0.12524173598179789,0,500
1.369841215765042,0.2749782702092084,0.22733052490837957,0.047751052824975417,0.03698451534233643,0.16168378972535372,0,500
1.2251328681270404,0.3887931265154537,0.5859108712120283,0.06217147250375372,0.04332184891061381,0.11412540372844025,0,500
1.339926141408706,0.2858193802099369,0.28739107753991966,0.04690852391514432,0.03716563032257419,0.1514199883969951,0,500
1.2631380485034815,0.3460314209557449,0.5991732857645022,0.073070603966137,0.051198820387750664,0.16491424145311095,0,500
1.0954751232256348,0.4427078573946921,0.6541570818181413,0.07597512955259839,0.04919049665227389,0.0982883496823963,0,500
1.4082602999412657,0.29888799570984836,0.2350264762779946,0.04725598673331531,0.03466344179278642,0.12733609275805716,0,500
1.2503458098262008,0.3294795332896245,0.4507012078400702,0.04735775285877023,0.038277103889591435,0.12591692660529166,0,500
1.3200203206344254,0.3440765087444494,0.4407416497128511,0.05442623084645561,0.03993768829880966,0.14565591817433057,0,500
1.2478493338168881,0.38931473226652324,0.6043354133641577,0.06042102828777952,0.04175742005743165,0.09514851961636274,0,500
1.402671320729656,0.3366645374625447,0.4068101730443499,0.05165985349671642,0.036920318761033244,0.11953054087800502,0,500
1.3174939348218586,0.31178588283268793,0.3806092201654996,0.046253368551046024,0.03702716842296312,0.12315751481433654,0,500
1.354757682763381,0.3596847466331371,0.47271663096491384,0.05709682251752051,0.03996916517927055,0.13361627437886925,0,500
1.269303501871441,0.37293554665272866,0.2614726448724547,0.054943795735024344,0.037891109016794156,0.14915638064485975,0,500
1.3493548144678051,0.3584430166020729,0.5521180927155663,0.07030604544189345,0.04686713583236646,0.1607634258775331,0,500
1.3931094454069615,0.3817643848102251,0.44967609365732547,0.0548807930352729,0.036595909044026466,0.10679934576097971,0,500
1.2803065305184833,0.35530467945211675,0.41306086495727656,0.05319245736363933,0.03918471055687473,0.14443216265229503,0,500
1.322401195805498,0.30656794769634754,0.21332497152941066,0.048382260942944344,0.03632891594029355,0.15157055177679152,0,500
1.3304529937876164,0.35572912296968806,0.42635486834532393,0.04940110172420126,0.036223917475343,0.10834219957990188,0,500
1.2808826786951004,0.3771755524643842,0.45952407212553537,0.05357637192964539,0.0383425866932943,0.12334235731797165,0,500
1.3470130860801053,0.3601011260092127,0.436346365254881,0.052564921934124334,0.037660024716206046,0.11891405973270917,0,500
1.3465083226850958,0.3382498902317886,0.552250021561924,0.06064787292156402,0.04382104922406424,0.13617269157834552,0,500
1.4099082702493875,0.3361312057418788,0.47402089019601373,0.058434714900675054,0.04118152200426002,0.14544155269092424,0,500
1.3469381331547645,0.28335113720395666,0.5003817953656217,0.058871686998740264,0.046857052738905815,0.2070392681665138,0,500
1.393813846382614,0.3516244734246982,0.28881524721236473,0.048161936120016104,0.03319372300751951,0.10369756645249119,0,500
1.381000753207464,0.36280313678329656,0.31857139475551927,0.053821382142558695,0.03634296749826532,0.1298864434998607,0,500
1.2616480167954742,0.34910157027545485,0.4298764994886766,0.04700435648938253,0.03679066367361431,0.11278785972147479,0,500
1.4111538898284006,0.3591985673631544,0.4369228607736603,0.053197912868629016,0.03671224568959235,0.1088102405259982,0,500
1.3563280486448468,0.36493660631155656,0.47284726178872544,0.055249932286552436,0.03859435467109916,0.12032503979724729,0,500
1.341765732958444,0.34700641472891275,0.2664673215882242,0.04950637446066407,0.03491227880799104,0.12582942916428186,0,500
1.2466084190197106,0.38180220243783597,0.5590880312393329,0.05460317976843632,0.039601584620716085,0.09953773848911023,0,500
1.4464362580693968,0.3584586117081104,0.39274246632193616,0.053676730730552916,0.03631803235608723,0.1116824935604371,0,500
1.332486923327952,0.3091766199104988,0.327641753998592,0.0477717428558339,0.03704572478225719,0.13946971176750947,0,500
1.298972491755589,0.2925479778526436,0.3290979610519421,0.04496860019655529,0.037065490664665246,0.1382430503396662,0,500
1.1941646585599726,0.3867778456021534,0.4942626727185205,0.053558586587548654,0.039126630593708196,0.12585882245612304,0,500
1.3193585459559387,0.31135994257003413,0.5172447671695716,0.05219939899642051,0.04139345167284322,0.13139768898939028,0,500
1.2944549948163897,0.36358433823821384,0.6030387016807529,0.062228598683641625,0.044031032826057616,0.10728324414429741,0,500
1.4207596647453344,0.3643773768464219,0.40589334545086436,0.05298454528001257,0.03592584661899006,0.10805734542567848,0,500
1.2501305034591716,0.38120431673830646,0.562847498223345,0.05514416721041235,0.03989326328313501,0.0997200998505014,0,500
1.3520413368884228,0.333922143210815,0.28305888997450485,0.049976555789914875,0.03595260810129527,0.13439354312868623,0,500
1.3349120336128628,0.349581230318719,0.5657989496084537,0.0634638263779755,0.04427431465114506,0.13563951737838742,0,500
1.3231784281502732,0.3666876374844675,0.4093291786989028,0.05164349858951675,0.036683155072472384,0.12009243233217681,0,500
1.3115304439522049,0.3520775551803288,0.38883786826859174,0.04732828804302089,0.03524741168619117,0.10760994878163431,0,500
1.3252069646815854,0.341694781527832,0.6626145614956798,0.0870320448788624,0.05561314209235179,0.1416867477696843,0,500
1.4250860151929865,0.3400481038063065,0.274664778895163,0.05280306086863895,0.035759678516246673,0.13155140757063022,0,500
1.2722560535869678,0.33147335786891674,0.4637986294155616,0.050426480016083845,0.039677908160553256,0.13659225147696255,0,500
1.3229610098989275,0.35920194125935867,0.45006220397493063,0.057582843998637896,0.040960716767900994,0.1488932444391636,0,500
1.3583182706341066,0.322021265693799,0.2954800725091726,0.05035114588651348,0.03701765156671561,0.1437234933907166,0,500
1.326557740438758,0.3757526712282417,0.5196761791753457,0.05291773251437915,0.037494985535979276,0.09411324081361387,0,500
1.323349267462962,0.31002251377173334,0.1926067634940147,0.0452124561649971,0.034055080780070156,0.1276225688653685,0,500
1.3575724837957273,0.3962291597834527,0.4326712664218386,0.05162450863589998,0.034626246709438147,0.09386543617700664,0,500
1.1717442393656323,0.41861144608129597,0.6127649973224071,0.06710115836037683,0.04459176676004784,0.10572038839803638,0,500
1.3683689331024391,0.2830554565647345,0.2759559581845474,0.04970519705165999,0.038317532841204864,0.1697619979883999,0,500
1.3301767150914592,0.3671914176071469,0.596981165123673,0.0697756383714964,0.046525586679318394,0.12790817271971525,0,500
1.2736559025540315,0.38107585274025824,0.5229933307171664,0.05296715649133929,0.03822259880875881,0.10133739141572923,0,500
1.2343379557896572,0.4789034648353115,0.6462551534492768,0.09331905474957192,0.048937275491675,0.09910111268519917,0,500
1.38697470319516,0.2870288462691645,0.4166612912864971,0.052231257175083895,0.04130127555061763,0.1665870782065917,0,500
1.3266043589333356,0.3336342155977503,0.1540544857807113,0.04662066742184894,0.03329294185142727,0.12106270028205252,0,500
1.3016284327995713,0.3823138143634803,0.575001246364921,0.06594317190782628,0.04416602273998579,0.12352196419516694,0,500
1.3745859928532427,0.28421734429005047,0.37719578969988077,0.04971467848118635,0.03930473909607907,0.15808488022793443,0,500
1.3807628365417532,0.3645074373957874,0.28959116886331154,0.053203270711387314,0.0355543891666122,0.12668933502034863,0,500
1.2935488899741814,0.3291501015215333,0.5552715985517475,0.05936732374751588,0.04470713883222874,0.1471831716749882,0,500
1.301425354705558,0.39129419941475957,0.5191521179836015,0.06233219227392063,0.04196378145191304,0.13113793303142784,0,500
1.382683379929611,0.35447733837965223,0.3620666153691461,0.051736879171130866,0.03601042220192254,0.12038108822504054,0,500
1.3379254443595683,0.31253600836597095,0.46785904234495373,0.05135292974078431,0.03989415784284932,0.13819239519378326,0,500
1.3454800735422223,0.3511545649665609,0.2801792518366217,0.05601422277125799,0.038593682314264875,0.15651201477545554,0,500
1.3017108833098814,0.3774775116289161,0.41097855815996637,0.04826736806671481,0.03445909569449632,0.09974928292226204,0,500
1.2922978084908816,0.3264450756020216,0.30795371835178237,0.048418345066538214,0.03701982929716169,0.14303144452071806,0,500
1.3271191070756727,0.33708330837890055,0.3571661809191114,0.04987344144521594,0.036771621561809964,0.13313065165062274,0,500
1.2310015416385447,0.39228099766550234,0.6216067134171948,0.07033047169616913,0.04647840079452149,0.11443493607701571,0,500
1.2879360310433514,0.41004193536193573,0.47736097872457517,0.052925339061796826,0.036117928053565444,0.0974314716976564,0,500
1.2938697335009521,0.3462183868412454,0.27318630866004184,0.044291440826293826,0.032991998586369205,0.10519695556411134,0,500
1.433730146110373,0.33205960505989074,0.27394272384874974,0.05149865027986628,0.0352121461654099,0.12703191310976458,0,500
1.347108350647538,0.3547069475023625,0.5586743332710438,0.068395983623544,0.04592884077232061,0.1534500572556797,0,500
1.2885429943628885,0.3766792668423915,0.5214840208260575,0.055657569882867644,0.03956446668572767,0.11390993194217533,0,500
1.332703888381445,0.2813467912048068,0.41739140924772383,0.05331049944563589,0.04328963262691028,0.2001110658039734,0,500
1.2964550317066623,0.34280884839638764,0.5433826712279133,0.058003689287137845,0.042630676668497756,0.13598464822732545,0,500
1.2297240052263594,0.32968356848493074,0.4141805536139656,0.0478454092395021,0.038629542355746796,0.1418911757065049,0,500
1.4436897543445883,0.3534832578752888,0.46046232931655956,0.05907944691247626,0.03968595603967083,0.132190992812498,0,500
1.274239818328451,0.3194800807557159,0.5134823795618321,0.05347564347329488,0.04213906458835281,0.14818253586342997,0,500
1.2540074217184738,0.41762332136665753,0.5068350896025653,0.05723438723957723,0.037867709688270745,0.10909969998813723,0,500
1.2698023039256898,0.33715392203118705,0.3444595707240983,0.04692802994234519,0.03574944540038488,0.12867514523699244,0,500
1.4214106765519428,0.3021446411175054,0.3671296063258847,0.05346792606709733,0.03980465581128303,0.15999238777372957,0,500
1.314961236515241,0.3614539264536157,0.4172943810724708,0.05090427054048322,0.03675698330702987,0.11901435093128494,0,500
1.3473201394123484,0.36915761383425844,0.3687380762212372,0.04975920565735103,0.034619607388354734,0.1075873632318894,0,500
1.2755501978220403,0.35062801764169654,0.40146783266883757,0.04599152973369187,0.03558962034849716,0.10665670639852762,0,500
1.4053725521763687,0.38657800965110983,0.4111415250383058,0.05435195879344703,0.035358554295362436,0.10619453120624292,0,500
1.2724575245927898,0.3917559366296358,0.6503097113787517,0.076544852185402,0.04839710973908276,0.10471668131178803,0,500
1.3457322486872108,0.3489107627852806,0.3285991084004734,0.052040212077420905,0.036839416727556196,0.13575638094768774,0,500
1.3728168071199862,0.3161139526702428,0.2690990006856382,0.05031368017352071,0.03661992101144165,0.1450210157139811,0,500
1.3432018139288544,0.31674027261708504,0.5272476254531204,0.053646875014973144,0.041400015107399296,0.1263139813262693,0,500
1.267458674743502,0.41775643878823787,0.669580600998817,0.10952701564070087,0.06077534220632324,0.13418209882191434,0,500
1.391873646168864,0.3017344234131389,0.3394629914820948,0.04907903108224606,0.03728293447735509,0.13684424192832437,0,500
1.3896989832493531,0.3295736654041852,0.2026340038191372,0.048053518627153326,0.03344732453860308,0.11881213437170723,0,500
1.4379671118427106,0.3177119791078909,0.26163912658145855,0.05434776578442093,0.03784754533448908,0.1545887855117487,0,500
1.2813782722355833,0.3754830186712709,0.4753000495665486,0.05054031957757379,0.03682631857939513,0.10493076425452384,0,500
1.2264451789274793,0.39157337385891466,0.5495715202751876,0.05427935562870673,0.03910838114074203,0.1008161679358044,0,500
