tau,kappa,beta,psi,tau_se,kappa_se,beta_se,psi_se,convergence,length
0.7367123787151019,0.6053851389137404,0.65876284174187,0.76030010800056,0.2005762544599527,0.10550076586932548,0.0920189592707616,0.3741226932642047,0,500
1.2916216596211603,0.3883539174837513,0.42447426501331814,0.38683447750781563,0.19612505797217986,0.08740216097652237,0.12925608879636585,0.17867551034161705,0,500
0.6789854912097832,0.6367373348641223,0.5752038124568873,0.9203053743044023,0.15381461548126033,0.07917314595919119,0.06789635860825727,0.4171236619415193,0,500
0.8203475865746022,0.5921089032359506,0.588225241377606,0.3505317554717246,0.18821714866266084,0.08936905376881454,0.07765164375238155,0.2659297881651462,0,500
0.9569539466203297,0.49588894259829236,0.4563269718031176,0.3482092214304456,0.1717601266532756,0.0864659347809901,0.10129678210849188,0.21184580090532462,0,500
1.160479802617282,0.41900315765907664,0.4190279609898586,0.34905878115164907,0.17497785588165599,0.08201747851595995,0.10505649304005446,0.18289994685037894,0,500
1.1421807598513827,0.43891401017178444,0.4294747727621138,0.3004520055231922,0.18737849634290082,0.08725600159419859,0.11589711492982077,0.18181756866876983,0,500
0.7589527552518722,0.5894987326406687,0.5268367120281059,0.6641800167839662,0.1565932017924416,0.08032455180031373,0.07425598880144038,0.3247541451982083,0,500
0.7346998640083521,0.6350497318498938,0.5652340357306002,0.47808224879643074,0.1684722771778584,0.08048062536562581,0.06346684853506031,0.31775004945879204,0,500
1.0552865401303881,0.4793364752449568,0.5041995270834029,0.6197437389615689,0.18377228979909133,0.0850304541751331,0.09085673189366342,0.2519260681141764,0,500
0.8660722806880822,0.575353720944278,0.5159661336133788,0.37488831782148035,0.18315290458853678,0.08729150893773928,0.08745651132368305,0.25280438113033504,0,500
0.872130846967772,0.5449919037115116,0.5316893107033313,0.9153249138693031,0.17387958847249915,0.08442891652636392,0.08389106483675018,0.35156754319578315,0,500
1.1927923511320897,0.4619700505217105,0.5019530732288731,0.5341885091126539,0.21237551844753014,0.09164366752998478,0.10850091414260536,0.22684625447098303,0,500
0.8480280267512686,0.587267513916209,0.4880653961275042,0.8481330339889585,0.16501872316082286,0.07526823029536568,0.07529127842063683,0.3498525962928603,0,500
0.8031288167225337,0.6340251677837541,0.5394733618052375,0.7156194179288092,0.18803351871514418,0.08168999718347993,0.07735748624015283,0.3659784787334992,0,500
1.0285295967513057,0.49495279880239756,0.4507711630865325,0.380719407335296,0.17472700384807796,0.0809697992964071,0.0877909144002088,0.21443443909773338,0,500
1.0616796521678058,0.4830891133345473,0.583732281484342,0.5386417504708304,0.20477074885870608,0.09522469100069046,0.08736114029709106,0.24340597156798993,0,500
0.9877085618462205,0.4808333757011375,0.3701083717130963,0.40482988736755654,0.15818034009413617,0.07811002750432586,0.10348409743395388,0.21139474780972792,0,500
1.5748985122809591,0.2198814515509145,0.07261143370789182,0.27700731475216916,0.15484509822755316,0.06829079567103016,0.2313697898757694,0.12445573733943638,0,500
1.41086609979888,0.3853966581979506,0.24645007093563526,0.4760154040993269,0.17948612653936724,0.07148723618166031,0.12728746967247886,0.1828995166765404,0,500
1.099487291748286,0.4857830175570084,0.5849583438286976,0.2466867815423188,0.22768293763939307,0.10281782356537776,0.0971864368498855,0.192996280509515,0,500
1.0515811668148625,0.4319396957381026,0.48369717341436524,0.775935435857733,0.1677344917795923,0.08304162499532164,0.0962227698099448,0.2616546807725892,0,500
0.7888587681771944,0.6282651114498513,0.5477349135615318,0.598198242717442,0.18188609714148596,0.0829263106901625,0.07663092347152461,0.3327756196722498,0,500
1.3248556541727412,0.3449599802923888,0.3461538865840689,0.3395158225400121,0.175433967278239,0.08073094424287709,0.14260927344250376,0.15919236579108428,0,500
0.912358362227315,0.505810950576821,0.696391048151149,0.349869840835058,0.2457506799370401,0.1297034408994351,0.10202628004495087,0.23294150673785963,0,500
1.194775274986364,0.4125935069327543,0.36533213752033894,0.22556177712882905,0.1709622112691343,0.07858668941586448,0.10889947718450964,0.16124960164449692,0,500
1.1149253630375113,0.49359041800712433,0.5286399735062788,0.3673216535181459,0.20689763855663834,0.09026314402814942,0.09001534705425736,0.21190880940586485,0,500
1.0628785549608328,0.42782906800437315,0.4666470426075945,0.45896712525695765,0.18294643784836614,0.09281363018491041,0.12602086812163185,0.20867125101947348,0,500
0.5899610023331103,0.7204270054082563,0.6254957292984129,0.573661202846188,0.17507261852166986,0.08129167927804429,0.06873804906932779,0.42469999839198463,0,500
0.7038251359650858,0.6247793185640902,0.6060914428864926,0.615144389326425,0.17429807888296184,0.09044510904069382,0.07672302753555121,0.3465958166321923,0,500
0.8384770458156253,0.5829403238119286,0.6655984103321709,0.709063880937672,0.23684884598840097,0.11570553901404587,0.1015336292172825,0.3501562260599522,0,500
1.41330541340086,0.3623619894541465,0.36529065649110054,0.391730542637887,0.20580063900577253,0.08683399186336423,0.1600007840708424,0.1704808836696218,0,500
0.9800452907838547,0.493087454339716,0.33992740952725226,0.6042612035177215,0.16480255250764425,0.08020838779284606,0.12176383133723727,0.24788644856628672,0,500
1.048106240297274,0.4614950584819009,0.4374884922029096,0.12284574568881952,0.2074849719153438,0.10281502795583454,0.14666056541253722,0.16431706365375645,0,500
1.3172694235572406,0.3596127801509353,0.3851890323303434,0.4898674235371806,0.18906625247835904,0.08592054311862944,0.14846652227114412,0.18553871290047869,0,500
0.8484693206398569,0.5960549808068846,0.46788943183583764,0.5362746269593057,0.16623664760652088,0.07551281118871324,0.07540658305203082,0.2907533044774296,0,500
1.2398880125024252,0.3509839985973619,0.5853485647517795,0.22188206853371972,0.23013587640160263,0.11591545118259054,0.14942692467527335,0.1511373966753794,0,500
1.0791310193215489,0.48508293349010234,0.28820110632746276,0.2345786859394046,0.15959257704178276,0.07178193696854647,0.09865222594505037,0.18053536656178998,0,500
0.9041458540335809,0.49840238663586506,0.4245946618347838,0.7228551659172815,0.1489710613151416,0.076226916613499,0.08743121869302937,0.2772473468875443,0,500
0.9751196249109486,0.49296059538074555,0.34472507219837595,0.4927104688136977,0.15534327340875023,0.07430758292749712,0.10258413042589395,0.23010719456695963,0,500
0.8559494313346362,0.5744431943485763,0.581027489504228,0.655658586304634,0.19024762535322418,0.09071402236390012,0.08136575708484789,0.31660753081885024,0,500
0.907743161547832,0.5231832260857181,0.5475120758664805,0.6345909541718032,0.1837534183430724,0.09206857995746136,0.09543941935862509,0.28217434199913577,0,500
0.706924400808244,0.613031773749848,0.5343825075014744,0.6676947810598246,0.16092370317337812,0.08356657382044395,0.07932404615718357,0.3513937105159627,0,500
0.7248508962377995,0.6047244527981925,0.6362396548419746,0.9705884144368166,0.1759133782965279,0.09315917413814595,0.07717947949294685,0.41551046919117157,0,500
0.9300094386649289,0.5628332679899146,0.4010895435920535,0.8583828487406636,0.1546210641048291,0.06680425254623043,0.06827414429624976,0.32246005293555646,0,500
0.9737453929608428,0.5379079025835708,0.47737386671253346,0.597599778670315,0.21134213021470002,0.09664463774469187,0.1269583988102577,0.2775852428525948,0,500
1.5716280774615476,0.28021769909847055,0.36889323397395535,0.3789822246271436,0.20942950601059668,0.0899078314864542,0.2033891697845876,0.15009386725843799,0,500
0.7392111463281889,0.5968366639679192,0.5049560457790717,0.7912565807782708,0.1469251695839241,0.07485616767476083,0.06751573305981465,0.35389515254585013,0,500
1.138260726822678,0.4309224382750993,0.3102959279054492,0.5379016785566331,0.1683061072561359,0.07750011257348868,0.12646392728349787,0.2127038568282916,0,500
0.8153764740503953,0.6233064674385441,0.6792673070621629,0.3248965511208308,0.23964212492992296,0.11050093648256686,0.0838952348905115,0.27432891517052055,0,500
0.9807792745603844,0.48939800226462954,0.5949731240516275,0.32098203040190854,0.2144853122830602,0.10795199651705471,0.10804082340994237,0.21195400067333225,0,500
0.9940509587206693,0.556614742808833,0.45911958758266674,0.5588265946566394,0.18471823251330013,0.07844403309707719,0.08338157360340488,0.2693971399194682,0,500
1.1081341318130564,0.4380890003212472,0.43273033209716666,0.6097358745880607,0.18187492410502876,0.08631404535106035,0.12157177605249898,0.2325183989231715,0,500
1.2195095030314427,0.4199502417728921,0.5092954258497044,0.14535886960893882,0.20810238637744832,0.09519145510841512,0.10753822790377238,0.15346968876082115,0,500
1.0776000568237611,0.4877212703423319,0.3878815787077662,0.7293528059138834,0.1785940500889372,0.0788178643300342,0.10997806230250799,0.2667304404939993,0,500
1.1287066037207676,0.447164497249937,0.8077454981335169,0.31364565860961435,0.43643512069970747,0.21272865707633357,0.13681789636182948,0.21148945598609134,0,500
1.0890451416494258,0.5265700911262604,0.46180522350299524,0.41533259005260004,0.23009765783509478,0.09731338136988005,0.12036240814865065,0.23332011305538544,0,500
0.9053758014056679,0.5540197033074015,0.6462479311916707,0.5355071973310442,0.2450980623821152,0.11852314311810208,0.10760997330350408,0.2902563269979355,0,500
1.2842287140148787,0.3654411926401679,0.25429325561845006,0.20720720721695712,0.15933688200195986,0.07235970346117107,0.12428855641473929,0.14529356675016195,0,500
1.0310298988614262,0.499552056505849,0.43520520745264746,0.34901995799162616,0.17541264315231372,0.08128186831851839,0.09286743451634401,0.20893070257805374,0,500
1.0493334660998423,0.49756394660780645,0.5343082113113966,0.5444752744930266,0.19585984046737984,0.09002279175479261,0.09187787793060881,0.24567303033795337,0,500
1.37210758834265,0.3516348886485678,0.35135658799902514,0.3398006717244118,0.19066066101810528,0.08460188906009819,0.15366098454992505,0.16029352003286929,0,500
1.2550642245818915,0.40581630182504763,0.27459213234200797,0.3197392449688179,0.1959252559816924,0.08748685878609284,0.1686171976480689,0.17149971595404415,0,500
0.9419751025574844,0.5491395784752711,0.507601117533892,0.4742240711531266,0.19176940930932823,0.0876755837123916,0.09166536618335573,0.2599659112786917,0,500
0.9589721153269227,0.5633780341275679,0.5305584528533235,0.45405325436278127,0.19173873933982266,0.0838775756593836,0.07517508859183565,0.25953612725370134,0,500
1.0590849841827699,0.45577525543389197,0.6506757062209798,0.3393887401771236,0.23248013823067765,0.11555785472698082,0.10277787956656434,0.20354436988051144,0,500
1.2387188876294548,0.35570854062025375,0.4172429138439448,0.5078474938596044,0.200232637749396,0.09823545454794444,0.18452476533058182,0.19289269416240684,0,500
1.2101376415448446,0.4294975766484151,0.3094014163918054,0.4552399816313139,0.16646551971149257,0.07227331883065209,0.1054655479787241,0.19585161732589065,0,500
1.0217796857288728,0.4736293335097744,0.5234036669442905,0.19803737018621798,0.18969525677584054,0.0943293800328863,0.0940609388300338,0.18081727954838367,0,500
0.8627575053503264,0.5372639375154633,0.6324434519383703,0.18240554593885483,0.23918698054954937,0.12720644110303891,0.11957066139615838,0.2072242804666623,0,500
1.0475541281095004,0.4891955246405242,0.491870019906104,1.0451741336545277,0.18222011080929873,0.08369112815917253,0.09717867095109524,0.3284256538434155,0,500
0.9751387078769097,0.5411889912460043,0.5336055138099233,0.46541941677084275,0.18722783367805615,0.083725648270255,0.07382183242778059,0.2528439642885609,0,500
0.7961808841543779,0.5913947392048796,0.5594642211397164,0.5535743000895683,0.17078685984838798,0.08320421623962843,0.07588105728767089,0.30432552428466075,0,500
1.1986552500167875,0.4588525224707599,0.3436211215208903,0.5210497245576741,0.17743686407882706,0.07347909642220983,0.10109020842227331,0.2172268614479453,0,500
1.025866865718962,0.49096183316353725,0.5089323619740552,0.5700592006062843,0.20091616957240588,0.09596429853959293,0.11436971790962437,0.2509847609293168,0,500
1.0553521363071778,0.4537327438276878,0.2957263528894887,0.320924024118549,0.15996380365879376,0.07707128217447876,0.11894002841890053,0.18752139179682,0,500
1.0632819512184681,0.41415516617085285,0.3522671924091915,0.4630141582062468,0.16727352433188644,0.08533458949120212,0.1438639018482532,0.20187841602210427,0,500
1.428946428132811,0.3123182508057478,0.3268670799860636,0.2299814216289017,0.2268630270448647,0.10477098732852969,0.25712677106066734,0.13830175332059264,0,500
1.1308480437226627,0.4591647102369123,0.5582353185152112,0.6012880078549007,0.21652619207091964,0.0991741901830151,0.110188639089069,0.24468398145780926,0,500
1.07653179183074,0.41017100425524644,0.5195026269339493,0.2857614272059306,0.17735578198961846,0.09257799749134131,0.1037988487990237,0.17481584744217546,0,500
1.2423338028821818,0.3316163618023611,0.4768460297560825,0.2450246680157852,0.19308190891501556,0.09890168430126187,0.15994664676551956,0.1478180909729604,0,500
0.9149682427897571,0.5535343900834525,0.666319236091233,0.3664281729477745,0.23516581893127433,0.11328078632045516,0.08940029362214746,0.24684436115972772,0,500
0.8449124082975948,0.62523221879695845,0.5766742519885752,0.520236190006526,0.2172012370512362,0.09421114507877233,0.08670170897490388,0.318008385080684,0,500
1.261377801630827,0.4127765808462153,0.3054678248642341,0.4001506458310521,0.1748739434144998,0.07523570781421844,0.11920616339175645,0.1835676596570079,0,500
1.2820268454720165,0.2749986990096385,0.5408475065792315,0.47312007274853046,0.20769316184059863,0.11088707771996421,0.20771596558678396,0.17327336159006493,0,500
1.101615612025371,0.48053197527143066,0.45139439028234035,0.6783121865105589,0.19838774709500442,0.09020376448535126,0.11515379938745646,0.25899196864175983,0,500
1.1333779233780554,0.447097375530983,0.4119241868162199,0.5500180163813307,0.1925365396155922,0.08817321952199468,0.13040346579211692,0.22591756570267613,0,500
1.4193576411595408,0.2705306558180594,0.6027974203842085,0.29153789388088697,0.24176762227422566,0.11971597009934637,0.19207469602684607,0.14282192139199382,0,500
1.0589881156147658,0.48688284775859336,0.5464996712438513,0.06510426344340295,0.20618563695213693,0.09725924975612078,0.09113907770788561,0.1633205001927532,0,500
1.109660687704247,0.46715203916617604,0.5470024296711624,0.32235509825037584,0.2072734054058452,0.09561247937073057,0.09814226337618898,0.19764000172174145,0,500
0.9859310424507415,0.5125435215563391,0.5221541565448483,0.47186242963074543,0.17911897465252744,0.0843539597341726,0.07738432144721481,0.2397775364893102,0,500
1.1713721106906354,0.4774553094978056,0.4995906048268614,0.42726872082921874,0.20610469789812555,0.08849190476124698,0.09897438646364222,0.21259802824398455,0,500
0.8224810600973743,0.6271913182678296,0.6199875238866875,1.1994636172567488,0.19701903439466284,0.08594585357114534,0.0736388973003253,0.4737377309486383,0,500
1.263325101481263,0.3016045504988119,0.5001608587208495,0.2074286955411046,0.17574515775985067,0.0923642705857205,0.12520322241993853,0.1358722989724069,0,500
0.9757718631045502,0.4808508778440707,0.3941229267786368,0.6819499328515296,0.15812468963958232,0.07770120903162732,0.09980661366859787,0.2602614349214166,0,500
1.2666335439728993,0.37682800064392397,0.49640660172375073,0.40972075730865215,0.20959097776965704,0.09747267082623394,0.14298246980637347,0.18302531210485412,0,500
1.1150131504138308,0.42792718263046997,0.5624511291090272,0.31015249424054225,0.21771747338316705,0.10824578213181213,0.13124760670684624,0.1848419339783663,0,500
1.2259480189475753,0.3260705779028726,0.3913473679172695,0.38049369019510976,0.17505093774332814,0.08942974004867374,0.16698964453889387,0.1654637275233421,0,500
1.3339904693379931,0.34844346686547073,0.588782301830064,0.4595973055240752,0.21521861555981675,0.1007042353687485,0.10895793958442837,0.1821363468395546,0,500
1.254971929575108,0.42568949265282646,0.5662148362470426,0.5354545949647059,0.2409159092810295,0.10574151536349327,0.12643128056740158,0.22167057219359418,0,500
1.0592847622487753,0.49222994010687665,0.6339527708654783,0.5130451266239867,0.2231144025996386,0.10381716308330068,0.08955275908080107,0.24397652081826043,0,500
1.1444921106682528,0.4009568396234351,0.46940543668825196,0.26209017073488394,0.17386760263199294,0.08493509047003368,0.10033252969808376,0.16719858757878167,0,500
0.7841824603914337,0.586832726564319,0.5295248779291218,0.6269968585107155,0.19854347944754897,0.10095809571490533,0.11567786820024804,0.3264212727260063,0,500
1.1680187504148067,0.4189836234062663,0.3610490497335996,0.2101524036844632,0.17846474068843848,0.08428779297510276,0.12864019457164244,0.16101253713370575,0,500
1.1855963571832024,0.3719409694105087,0.3115981964603821,0.30977298100079154,0.15029401501237227,0.07296703511153926,0.11098444420741509,0.16238875416330353,0,500
0.9430383226570052,0.5192389636677279,0.6641233039055765,0.5953027211812856,0.23480567339142847,0.11481403277969945,0.10670105042114915,0.28680850499795446,0,500
0.9876956154196048,0.4894992808632637,0.42275323263686615,0.1478577319525734,0.17588352911325264,0.08615617226640214,0.10196338987364062,0.18181157362353137,0,500
0.9537717396405759,0.4937506402813593,0.4371588487955309,0.30356717799249366,0.18154462106094887,0.09202037211344515,0.12111309947569705,0.20558067603207628,0,500
1.0470013207193658,0.4858633488573736,0.39614174585224626,0.5173776968148199,0.17902129587950236,0.0828268705724131,0.11391588038436885,0.23222710585045145,0,500
0.7417421731793518,0.6121701537727177,0.6370458886655264,0.8384617930482823,0.19325474996585945,0.09708081754054396,0.08098511742409857,0.4009002297997156,0,500
0.9547869771896801,0.5311096023502418,0.5186004085910189,0.36979492630095134,0.19277621099015166,0.09116936611306029,0.09456871995443797,0.23173930409718804,0,500
1.0100076649271332,0.4975691537243499,0.4794404306131063,0.3880435929247243,0.18839559144869034,0.08923879331134113,0.10169682224498772,0.22019493111357905,0,500
0.743127721290154,0.6427553759876942,0.5080155746095077,1.1854345386527525,0.15879432939041457,0.0709323658566858,0.06763815821448307,0.4712158714538749,0,500
0.7370739118638499,0.6299196105349674,0.5325944545297894,0.7654936427681766,0.1593688099830601,0.07658917499609333,0.06899088691810011,0.36919481462139336,0,500
1.0889607605927873,0.4884142635725517,0.5520541202899154,0.5015101404155294,0.20177173751408167,0.09086417846662584,0.08767901660461096,0.23444922285461123,0,500
1.3159889035250758,0.34073137836638506,0.2509075626423537,0.419956575444566,0.17338901161202291,0.08005356992066012,0.17299639782296522,0.16880536258130183,0,500
1.1814171859036005,0.42977583337253855,0.4920928731348387,0.6428825024917072,0.18706795209357285,0.0842515493792722,0.09362485465727771,0.23371365273998013,0,500
1.1554039545516646,0.47054575683139793,0.4413670595432895,0.3389545790931254,0.1965930282246906,0.08530929338900736,0.10352472301163052,0.19721985251794216,0,500
1.0487703825853987,0.48407607862736607,0.5928834895291397,0.42460161802550844,0.20599594520065698,0.09796419151972137,0.09039006721672509,0.22253367989315498,0,500
0.7624010231515254,0.6099369799480009,0.5224662180104348,0.9481997057423178,0.16177784284485774,0.07798425744907755,0.07645518300415514,0.39654625345799127,0,500
1.0812512966236143,0.43036993951746894,0.4453302139984882,0.4571869091917997,0.1713848150833455,0.0851388457605406,0.10987390970781316,0.2045104685072568,0,500
0.9989931232895659,0.4882793144943832,0.40906717902537576,0.4544751973170361,0.17689752194885858,0.08547498808613323,0.11622490039848751,0.22589247566474893,0,500
1.2815210762929612,0.3387423717283014,0.37345715675305313,0.08755995666208474,0.1634963298821844,0.07827596914690754,0.11462081808969471,0.12669439861312437,0,500
0.9150265605702043,0.5068577396107331,0.6670427793369695,0.5183966607878251,0.23873103746801352,0.12455336687502933,0.1153330002522637,0.27030999075228646,0,500
0.8737418118498717,0.5525599804352506,0.468105049418115,0.5893998460204706,0.1678338819958598,0.08148184729219081,0.09062888434567523,0.2809846423412587,0,500
0.6651970207002206,0.6175243900201445,0.5847122780709593,1.1136773482839029,0.17449832448116298,0.09726890282058227,0.09994619815667181,0.47360107158315,0,500
0.7208658011326897,0.638438470598398,0.6558936395739915,1.15728589361021,0.1851380338040287,0.09004304953060635,0.07300740900005612,0.48768294210107616,0,500
1.1283613845754328,0.420402939596421,0.3756490226706743,0.30855443301451996,0.19432844263822174,0.09481317744951775,0.16110567786913788,0.17848486108440287,0,500
1.1191702716255842,0.4618501182859153,0.39621503148015313,0.4419846356848593,0.18230829814063834,0.08198438188181198,0.11423928381472434,0.21020807134756075,0,500
1.0515514826194483,0.48519810927538964,0.4974608944472267,0.47867692120116145,0.22629889399934316,0.1062557922435753,0.14738239324631205,0.2363427476474909,0,500
1.0973498015838374,0.45557582793030316,0.5488819547526209,0.47456242180668917,0.1968487271681764,0.09278831690923407,0.0926200730472182,0.21913771285017875,0,500
0.9367857608743905,0.4982537050481906,0.4418454318383393,0.10412567504818858,0.18209929657654234,0.093304801221317707,0.11147877266811237,0.1760470748060439,0,500
0.8790944369099595,0.49409388804506627,0.30710944132346635,0.4525276028909036,0.14826698269728725,0.07945674231154576,0.12400027593503454,0.22682692921353909,0,500
1.1783495554714034,0.4343977303317425,0.4049725228927034,0.6833628366637369,0.17604002145592776,0.07824154022169214,0.10423708020151704,0.23679614835445897,0,500
0.9984739368702751,0.49223320087810374,0.41043737872621705,0.565281817930571,0.16922447707520355,0.08108057615787811,0.10517220306872065,0.24352993083709623,0,500
0.6342147980055978,0.6780639858107791,0.6857602257963927,0.8052383757664465,0.18087851736331303,0.08827108890240469,0.0688204433488446,0.44884552959487045,0,500
0.8727595106981547,0.5174184270396301,0.6624256161163986,0.4848284263603854,0.26626932691242855,0.14278534440822818,0.13985381671989786,0.28110350455060457,0,500
0.8140070066933247,0.5973672805672706,0.6764807495325615,0.25838930588242476,0.24309872879759392,0.11862490642063399,0.08836598398693261,0.25360940253403336,0,500
1.1426686688378425,0.41247869339044624,0.4008410576211431,0.22110819038109475,0.17190153887418702,0.08312290777880102,0.11345423204787365,0.16429465331692897,0,500
0.6257542246517356,0.6700814158312164,0.6558137792007802,0.42472840287945185,0.17471291811250697,0.09043213575953336,0.06581335360035623,0.34373635476324677,0,500
1.4367459153272104,0.25027227575301264,0.4725455411708375,0.37713642040966167,0.19563468537600578,0.09540122850435724,0.19568386911570324,0.1477342268088865,0,500
0.8883103395525122,0.5490757582515771,0.4980428783280732,0.788066118740554,0.16265007156610814,0.07699247641064699,0.0716107629941752,0.31718157116377355,0,500
1.1542597619234256,0.4122947663895895,0.48679070856109025,1.5062597415520042e-4,0.206088872172362,0.10605698881059933,0.1464756757074906,0.02824480639304304,0,500
0.9055513886145671,0.5390218687859066,0.5616874427190497,0.5240911981599599,0.19227109993073097,0.09480710188951245,0.09469551209711734,0.2668299354834435,0,500
1.4905315936630965,0.32050135871937485,0.3993412371991548,0.3498923425474348,0.18983217348228965,0.08084806230997249,0.1267467109383062,0.1532676528201709,0,500
0.9795212775902349,0.4893613282492795,0.49836636065270973,0.41413099249989377,0.1828988988599441,0.0912409748549147,0.10392200805667744,0.2221757934143868,0,500
1.0461738809509191,0.46984240826764134,0.477361094088817,0.4069084485658701,0.1865694415620497,0.08928625245913527,0.10504620446433156,0.21355403213059312,0,500
1.2422053040919587,0.3500170624579856,0.2095792818026652,0.20991836191875055,0.1530905510848449,0.07321128692844224,0.14489392045088675,0.1432231032239088,0,500
1.2603186080831477,0.4058773056801898,0.463748415595318,0.31238911421134175,0.19330360530367918,0.08591371223635336,0.10432353750327962,0.17285149572097938,0,500
0.9028066609254288,0.5231062186608129,0.6363864247023766,0.6622415304483363,0.20873431191993302,0.10543237534950865,0.09523847830937639,0.30059825834026127,0,500
0.9584864171677285,0.5131195975301825,0.6067367217881054,0.3081154179635863,0.20148740309721413,0.09864001691668871,0.07844944266433716,0.21778854358467717,0,500
1.016896908199081,0.4565085539424034,0.36856974295930556,0.3653334547195648,0.1581607895677979,0.07917674791466671,0.10689555112962099,0.1978118817126283,0,500
0.800284057879939,0.5549530755099139,0.4666320679208085,0.44896821906526124,0.14932202283656956,0.0789350860327107,0.07978780594376841,0.2580771661193741,0,500
1.2313750749238175,0.4041067128772419,0.6089743835934168,0.5928403339562295,0.2332428940438051,0.10891008293080955,0.12119684595522649,0.22542965351258848,0,500
0.7851942908231707,0.610964973239059,0.5481443567685731,0.6370444048761338,0.1905585957499881,0.09219705938789499,0.09596949670360111,0.33326743744860476,0,500
1.0679053853589557,0.4095666557577726,0.4305671378604259,0.3230633068481425,0.16657457723404,0.08651698702632722,0.11895406399450488,0.17935514374490993,0,500
1.0751037319387713,0.47033646712562965,0.5331771609937688,0.2881409014596047,0.18629802306113508,0.08605151470586668,0.08422933951546743,0.1934398014413486,0,500
0.613699792554527,0.6517209826612018,0.44781799370337205,0.7164024273341006,0.1299704913279306,0.06944284541689714,0.07095823580553937,0.3782427143204962,0,500
1.298135369222343,0.4125209392821566,0.42366296099100287,0.31505579546880175,0.19095125345994232,0.08204691297487111,0.10197056830777453,0.17213081749470652,0,500
1.350663530936322,0.3784315221244393,0.4572646378515404,0.3683274266649452,0.19702745823563897,0.08501143607636621,0.10425822487910098,0.17293668540163898,0,500
1.0526396677653174,0.4751984191581599,0.43846829188541997,0.4987807058575383,0.17966266704355333,0.0844518738244282,0.1070427400008516,0.22692787635035033,0,500
0.6559802564266699,0.6721008768804396,0.5626764072984888,0.5444604316886447,0.15351134745511552,0.07463717062852544,0.06000287602306805,0.3583821783146897,0,500
1.1965764519914122,0.3744194868563416,0.37538099137841824,0.20351970831988178,0.1864343620126705,0.09233652787280514,0.16188024737927628,0.1505913813141174,0,500
1.3925453686295166,0.27589275429340804,0.21466938004829295,0.15322041922241852,0.15369257105606707,0.07304272304649773,0.17104006462361565,0.12126938221661254,0,500
0.7833853180880436,0.6097464778834393,0.4032625749833079,0.7828484841031235,0.14710593438855016,0.06845251020443176,0.07733420082603246,0.3432668942236753,0,500
1.1132008446116621,0.4200106371026321,0.38253267385919965,0.6616898192804761,0.17381161436254386,0.08337001737119402,0.13076211626271092,0.23421090664440092,0,500
1.2327519779920548,0.3664310125869233,0.45902899407853626,0.2037268554045784,0.188909519701279,0.09219731609913684,0.13115526328363283,0.14888182488103377,0,500
0.8514434665359424,0.5899689453360996,0.5576842654344344,1.0190376322121677,0.18665736679172218,0.08425264785534459,0.07919325993305687,0.4052369397293113,0,500
0.9568336666981627,0.5231601699267926,0.37908416805919026,0.30509704151399075,0.16057726197202363,0.07546936945273976,0.08880235667823363,0.21100447042912385,0,500
0.5966749543667949,0.7137339678125363,0.5811032119868204,0.7813939612984174,0.15676429919606386,0.07352564734690002,0.06330470644587939,0.4594866266250724,0,500
0.8541780243362956,0.5451815488600855,0.3825025550290716,0.6523222174001543,0.14004119833526638,0.06791798472120515,0.07237461383632884,0.28312856329527747,0,500
0.9946749864564005,0.5155929353882751,0.41662285965277296,0.34116837896670893,0.1723598354123102,0.07964035498066668,0.0938959167658475,0.21432333050651345,0,500
1.1606181277744922,0.42916154553611735,0.40329563548583475,0.47047052109406795,0.19048034451617377,0.08814212850321429,0.1363254603103187,0.20523209186305047,0,500
1.0259292121770553,0.4916805342301868,0.5690660884837955,0.3388027227925402,0.19926755921314884,0.09384122237779034,0.08886376855710001,0.21212764543339038,0,500
1.3427049012947725,0.2963589030957179,0.36089070608593937,0.3557481535563554,0.19623021692373255,0.09761613651823932,0.22583741115085484,0.1538116704772223,0,500
1.3280987251700602,0.36173714614068864,0.46040491158179325,0.34767697432274686,0.2015185867863056,0.09120714922792951,0.13335716096387618,0.16713872341182606,0,500
0.598994046382255,0.66258943161117545,0.6684734251957002,0.6489132933460444,0.16541131696503697,0.09058396185999104,0.06661347033911638,0.3972728449972025,0,500
1.004683040313061,0.5055364047185645,0.6084971316528887,0.5625016624377778,0.20728573624439164,0.09845573411120248,0.08685381255718508,0.25926124366393033,0,500
1.1151568584425138,0.4591470095759373,0.2850355512571389,0.8741020005564233,0.15450457707803314,0.0664295852073254,0.09592548615779385,0.270428756640894,0,500
1.3159165570815614,0.4071008455523203,0.32628514418388793,0.27348952581787545,0.19739277226953114,0.08432789819291181,0.14338567172196287,0.16377709873646534,0,500
0.6328160538684506,0.6669373051883338,0.5785901550737415,0.6833138128366155,0.15907213884652618,0.08112011761159017,0.072128667880169,0.39518247135833134,0,500
0.9352667892390228,0.49078376073603625,0.42467049958030034,0.5065050255861947,0.15952146524716768,0.08146110651193132,0.10182099970491619,0.2365904320588204,0,500
1.145539563932273,0.42607535015674175,0.4520922141137909,0.2522528379997384,0.19564135293808552,0.09285778583879645,0.12555496326048793,0.17281781704099364,0,500
1.214830156547035,0.38714210031173235,0.5366957089113735,0.21860575224750187,0.2372242527808686,0.11586497282889667,0.16671858054566321,0.15858455000989158,0,500
1.4350880025924535,0.3494241519554199,0.41341986734790864,0.32658835528251284,0.22156604659735007,0.09496470847719096,0.17187225648751936,0.1598169567694253,0,500
1.160465919936357,0.4061303645965715,0.46899246506823405,0.692616037955917,0.18577366164456754,0.08884123977475651,0.12361870273132974,0.23624454895006472,0,500
1.3307175595030087,0.37441243690150494,0.438957363474644,0.318617398364303,0.20742353111162962,0.09259446320991162,0.14198057309251882,0.16548792887553027,0,500
1.1844653582120883,0.3704765937804052,0.6125437578500913,0.39399762328818955,0.22487197054691582,0.11458331832763516,0.1382497404463383,0.18504886199534137,0,500
0.9955350090947932,0.5105065229000646,0.5865811130270768,0.5166983198899685,0.1993876073254461,0.09374944690170603,0.0819800839423033,0.2524944873505926,0,500
1.0444928238958713,0.4581050132403249,0.5592227257771274,0.67210841883461,0.1857799588652749,0.09105075143269362,0.08806910645788055,0.25666109964500666,0,500
0.9465386433897522,0.5012182103843694,0.48840078858662517,0.5869363840008799,0.18328293045507224,0.09196639966948193,0.11391005533308489,0.2598677113015302,0,500
0.932825815406116,0.5265167063539327,0.5663434417470851,0.4174978110958779,0.1908496469710439,0.09237888074115497,0.0855958882975686,0.24268300556510214,0,500
1.1906978092268201,0.33339206649039654,0.5103552789013939,0.45817653296828076,0.17577363902041224,0.09180543728700322,0.12160612438844293,0.18030049328021233,0,500
0.7980200331537006,0.5938673906645298,0.579081955896458,0.787903537738365,0.1809346285998058,0.08738452173907399,0.07724166773101261,0.36173637878592385,0,500
1.1504050399826116,0.46215907017485086,0.5487544001989608,0.38392981483184185,0.20983173436306865,0.0949842551467478,0.09021058914290436,0.20379961876107475,0,500
0.6835461626582179,0.6800983065419954,0.5721460801489896,1.0360547873597516,0.1625851125249393,0.07319904823779981,0.06350922223587278,0.47633278254388267,0,500
1.004777891759186,0.4982071013946674,0.45003187242068465,0.665480084653961,0.16699196779326536,0.07816283664375963,0.08455596186044438,0.2630916239632914,0,500
0.9558063386608237,0.5192937288158016,0.5282993804613157,0.7134039048918399,0.17257360355288434,0.08229582718875152,0.0773651276885412,0.28559638216718936,0,500
0.9353824961828977,0.5256165747514454,0.4792368023334697,0.6947654801630772,0.1760771716757667,0.08415177404515461,0.09733144359552344,0.287924765131073,0,500
0.8249299411103976,0.5897176798468604,0.6029684652772312,0.4308871854825678,0.22883294357706316,0.11162288009685807,0.10975751825395748,0.285200127796281,0,500
1.1365191930105292,0.4874195019974477,0.38100641150280745,0.4164193398856625,0.18278012230018997,0.07726400085796278,0.09722618784977684,0.21241611572336935,0,500
1.4047093624039375,0.3949564041196264,0.4356853612624115,0.45388461898635196,0.2217231001630259,0.09069887185220481,0.13848729730474577,0.1888066642410769,0,500
0.9458804163080804,0.526317566038523,0.4625134042933562,0.7749641250590102,0.17892839350330494,0.08445696357574121,0.10488002054278692,0.3020642682452553,0,500
0.9712407904590518,0.4982089350830597,0.43842507834020683,0.4631599384986628,0.17547707824242634,0.08609709636801459,0.10744224320918268,0.23230719052993248,0,500
1.0786825790802677,0.4102915252077843,0.5213262136645437,0.6346508599017593,0.202512142321194,0.10521727703169015,0.1514531057390905,0.23871090359716043,0,500
0.98189013718113,0.5191273937677916,0.45103957832222746,0.7979086480387593,0.17513528217150137,0.07992155650446411,0.09321723942423088,0.29955575876563734,0,500
1.0957144050888714,0.465258460498187,0.5610040983194744,0.45652830187818355,0.20455228304552792,0.09525134953609063,0.0943716298025758,0.2212083859781886,0,500
1.057857936153523,0.4689508614103423,0.425404310144336,0.5850774780104561,0.17831292339806704,0.08392443197932681,0.11203666672073445,0.2388388976799147,0,500
1.0374974670556434,0.5146512643269366,0.4354511219256959,0.44308947215191125,0.17997533946910596,0.07964589687894763,0.09013535553192384,0.23070780102401875,0,500
1.0285755195414925,0.451097132380735,0.31195360492899626,0.37920115734924564,0.15896255528955197,0.07892593488785493,0.12218584877866072,0.19742135239854758,0,500
0.9484393136727738,0.47486221065752354,0.40450745918805725,0.5679586018342625,0.16013810756528443,0.082867943395269,0.11451052623802127,0.2409403305349901,0,500
0.7499378081776993,0.620642136340302,0.6907224642554766,0.4166357979199565,0.21779007679137793,0.10889278975843196,0.07941626794520712,0.30087138487434073,0,500
0.8889885976523965,0.5685362836580817,0.4680714713740975,0.5868533425273628,0.1656303782548201,0.07612003121373662,0.07564320511832333,0.2847197530804423,0,500
1.139930965357639,0.42753063896271115,0.49697488143761154,0.5402895936272095,0.19582681893960951,0.09400133597006002,0.12441082818811541,0.21818058277394836,0,500
0.9398595696376622,0.4911143638565606,0.40892827243955027,0.7537057604311974,0.15088123359244732,0.0742439016651987,0.08827293134082728,0.2781159781840784,0,500
1.1802047250607237,0.36238295665176545,0.4068314971594491,0.3344854972084064,0.16791637886183744,0.08396151535557068,0.12798236334715277,0.16695467004779035,0,500
0.9449429107232433,0.589800397270864,0.5517859848940775,0.40560768473602243,0.20014591372133003,0.08430331809090455,0.07378323235098129,0.2627249691220363,0,500
1.1756144223101173,0.38287881979830274,0.42527033940322717,0.5192521301133277,0.16838204975615817,0.08230110807331566,0.11257584720310734,0.19784850764413783,0,500
0.9084019506852092,0.5159492450214634,0.6128942450946419,0.4284581071680142,0.198894216836893,0.10230191599473396,0.09110075797267071,0.24394745074749186,0,500
0.9817547870078359,0.5351672695620115,0.49438490953056913,0.510179787026596,0.18473956722788232,0.08377990242829932,0.0849299193206512,0.2547822945158554,0,500
1.1721834562379008,0.3917571552009952,0.3856278918760971,0.5308892143706199,0.18027467364281322,0.08789335115187735,0.1476262383219201,0.20307602690175355,0,500
0.9337721161700598,0.5216014577196075,0.3753631296094056,0.746329705434269,0.1612242984588223,0.0773441513433565,0.10257293010832934,0.28691585969535593,0,500
0.904730686020911,0.5145594902104522,0.5013247984577621,0.35843868878419294,0.17802700532532467,0.09071657297643951,0.10139890363087944,0.22603017986970828,0,500
0.9762898014626419,0.5177137644841004,0.5015999717587986,0.43803232002658027,0.19786811634436505,0.09377379676471315,0.10758820449935431,0.23802321903002446,0,500
1.0869298987914282,0.45087378230930986,0.48221829736055755,0.31908267675327007,0.18362277356752038,0.08856407677099065,0.10041906909748712,0.19012418243961712,0,500
1.0440826632577878,0.5386135983857274,0.5494462060997513,0.31725159185077306,0.22160288447933824,0.09549354572948991,0.09366306634998492,0.22210245959219668,0,500
0.8876885114028561,0.5553780031520082,0.5651443404155504,0.7077468579087585,0.18677889034325218,0.0898589335568926,0.08470983408983147,0.31180422003465236,0,500
0.9452582589199304,0.5028830445905962,0.48331570242597927,0.3678890487348803,0.17105461809203187,0.0855256189552271,0.08991579452031577,0.21962606805188514,0,500
0.9269809924090837,0.5051271129943574,0.448068387652977,0.5573085252794112,0.15800045045670127,0.07885898864085435,0.08641476223997502,0.25126415019550136,0,500
1.18474288395076,0.4283863862619527,0.5342514473828499,0.34757046303040573,0.20059336924691681,0.09191682235403346,0.09420483771812528,0.18754915732392374,0,500
1.0464888213533847,0.5430482451689616,0.4781879477710984,0.3183223470003062,0.21457383791468287,0.09122077378059551,0.10579913820572294,0.2207459398245397,0,500
1.5957138153399828,0.25712677480095086,7.554388455205628e-6,0.34602045287727157,0.11787632143874344,0.043550860130216626,0.0019041940866582657,0.13483533614908116,0,500
1.1192057391547152,0.4488161073088087,0.25059759421547373,0.7422059042003893,0.1570481569596265,0.06986966642274751,0.11449765674710978,0.24571399574519076,0,500
0.783768876677387,0.6031109124006084,0.6219640340963906,0.7667717319464593,0.18213077902167998,0.08818379039740502,0.07061997659931786,0.36309422827545,0,500
0.7484782699313864,0.6094569805333738,0.628656299836714,0.8378953711813694,0.18521186194082825,0.09330284440558682,0.0786290366421942,0.38961350648760107,0,500
0.9537493209152249,0.5656974309769198,0.483370005924377,0.6602568468438939,0.17617928983913897,0.07615052262139486,0.07161895814792377,0.2943536609628241,0,500
0.942385847236176,0.5415909290766644,0.5019283076687878,0.7309177418209534,0.1997724421593941,0.09295980710850858,0.1133058399245391,0.307655750992434,0,500
0.7809343444335565,0.6243850364209005,0.5092195248302791,0.7280464787653288,0.16673829340306015,0.07628943371733489,0.07164346191913573,0.3551291420659877,0,500
0.6559649036260691,0.664640268942123,0.6384919752831211,0.5566398914206828,0.19112243297550413,0.09613012653333161,0.07963823219218395,0.3701877814260221,0,500
0.735562789131251,0.593178015058151,0.7624956200274077,0.8496754207563594,0.24951984203367406,0.1340478934338953,0.09608785291501848,0.42730938965678794,0,500
1.0214888402688855,0.5302166899160156,0.5382048195495962,0.26126401605601784,0.2055114085713975,0.09281205598343105,0.08365083771151997,0.2085756858549388,0,500
1.2728400496394332,0.4351292019625244,0.5348484617049782,0.7185982798687103,0.21216731685270485,0.08875638318428014,0.09517753334976892,0.24781734511764647,0,500
0.9971615140611627,0.4801696391914374,0.5450125033952784,0.24509265702046207,0.20086560105184476,0.10108176731239131,0.10622499673763533,0.19234601662102874,0,500
1.2233318727460645,0.32253085591813957,0.4949494734290935,0.379657298197814,0.19272622307167162,0.10129133923175367,0.16997704596321547,0.16639315861654813,0,500
0.9015082884879637,0.5712888897685269,0.5679645163127625,1.093983956454396,0.18885225114503665,0.08497318314244837,0.0798735214307798,0.40040458302289955,0,500
1.2006492232076549,0.4542725371246824,0.3706597963859742,0.5597493589606457,0.2265120558969607,0.09800206015787898,0.1707286872342705,0.22988143639974978,0,500
1.1218496688572717,0.4280050742197582,0.549855604550567,0.4562427941432896,0.20465069909094713,0.09935233100483344,0.11282298338860411,0.20929244371319172,0,500
0.8620175676832373,0.550608169170475,0.5843959368096375,0.7993245059182927,0.1880282475072258,0.09396973454340632,0.0914674334053196,0.33401724646174397,0,500
1.2500381823117426,0.3759380985697064,0.35984563034976075,0.40570714124926177,0.18957115431356963,0.08873575954308908,0.1629905251661524,0.1787111018799672,0,500
0.7716016953810234,0.6336186457247314,0.564798515267199,1.0886793951402045,0.16985138949796202,0.07688872398583194,0.06745109938231512,0.4425800607623248,0,500
0.6117502364404176,0.6844971008188258,0.6292916024278462,1.2850459632060502,0.16169074651021184,0.08039233098036601,0.06838163758238085,0.5704468916784935,0,500
0.7425914236891836,0.601069198669199,0.6765316334120002,0.19945548127916096,0.2402641531785127,0.1272140747618191,0.09698503500280595,0.25174148525131745,0,500
1.0023642055360287,0.4846851127612699,0.3347542599935988,0.4339076683918836,0.15474247455781254,0.07349818865081897,0.09836968341901338,0.2163617371213427,0,500
0.9336757383553255,0.5911235282290694,0.5888665365459648,1.0731568118120836,0.20349402272450645,0.0839487412738388,0.0728613604162894,0.4115294394253507,0,500
0.9888467433761116,0.5053760850376452,0.565992315589765,0.4926850043371926,0.2150092090134853,0.10352470612906206,0.11136355536699301,0.2493186136375135,0,500
1.2079263156603186,0.4296580424135093,0.29252173784691987,0.4443509111347329,0.16828430302275899,0.072747517783524,0.11342846502550315,0.19515066196529687,0,500
0.9365297974725622,0.553487659738139,0.5523920133831538,0.889986283036254,0.19389028848802106,0.0875175163982861,0.08880083323428775,0.34711077552959546,0,500
1.393327238371605,0.27267648567149827,0.49660475156592476,0.23606223842218502,0.20695717316410375,0.10265501183766106,0.19425080545772322,0.13385096217071743,0,500
1.178936195159811,0.4150910856069101,0.5181467184465071,0.23507761746235317,0.20317721319454618,0.09633981987276112,0.11088204309377223,0.16705179012662125,0,500
0.8568334275602811,0.5412106805684591,0.5455371648811521,0.9279502090981673,0.1649363560851808,0.08292579386932207,0.07662287988989226,0.34676279558641143,0,500
1.1558916105933015,0.38542840068766293,0.4812656454913933,0.27578223458123874,0.20109817825380144,0.10145916017857406,0.1492841169936612,0.16748529111563995,0,500
1.0137849397296324,0.44586321995615646,0.4598549200842749,0.39208483579017905,0.18022088689263746,0.09317183657820685,0.1241040253853363,0.20438644477649645,0,500
0.918675152916839,0.507330686620524,0.56289702705309,0.3186856046429791,0.20161001395413108,0.10484960911016698,0.11211639649757431,0.21796614952625518,0,500
0.7531434599658765,0.6049755603502184,0.47089800287311245,0.6657692646655993,0.153617366874333,0.07524254657013373,0.07506427637176263,0.33315063554825203,0,500
0.8268804106526109,0.5692459738139206,0.4209298794869748,0.45888083119551004,0.1517813700196081,0.07476570866615274,0.08113749730850457,0.262112455215557,0,500
1.1060418892034702,0.42027813720199647,0.4481609978906917,0.391560728151049,0.18168391603142636,0.08985752377631784,0.12312913230462506,0.19286713090017302,0,500
1.1564939584744278,0.4040661176724775,0.2637710036249631,0.5109778753679934,0.14649610390078818,0.06751861741245528,0.1028285580040836,0.1976881566578211,0,500
0.6794288764913154,0.6130605239720489,0.44802282565313645,0.5997238160445643,0.14373574788135493,0.07705824179114916,0.08562702183795608,0.327382365119759,0,500
0.8708860112500484,0.5777948008671226,0.3416795832908269,1.1153777244716552,0.16256036753492883,0.073255499981023,0.10983551705294813,0.3816533702995528,0,500
0.9190871215653611,0.5419566127662885,0.5519337791903197,0.4994106801623696,0.19096776018521733,0.09101703584756458,0.08688526720884733,0.26450733719952974,0,500
1.1881844682168305,0.4262751052930804,0.36421299141231656,0.058456292388957255,0.1901381715626351,0.08741091767035186,0.1293418276212522,0.14209689916656482,0,500
0.9780585414406334,0.4898008698363841,0.5461497540725873,0.6818388631126807,0.18401982308276316,0.09139675076600588,0.09585233830199827,0.27209668126583586,0,500
0.7357001772179248,0.637065895063636,0.7126749734387816,0.3981563434290183,0.22352172044565696,0.10962878677727088,0.07432939795189522,0.30488050933112365,0,500
1.1654858437094877,0.40241107433830564,0.46689758201364506,0.4041981165210831,0.18663675705180474,0.09010138378165981,0.12070775309911316,0.18897473901152317,0,500
0.9960368112562376,0.5293637110993273,0.5908533684625904,0.6517190152911952,0.20236803714188883,0.091744439199311,0.08003210565993482,0.28459443003466844,0,500
1.2196953006606135,0.4167859491559379,0.3424276344266931,0.5795516855238995,0.18258883034383452,0.08137102617176822,0.13600188077946396,0.21393425895495818,0,500
0.9816308120587504,0.5281436962954255,0.41063751974415225,0.6522604070428296,0.16899522863611235,0.07545227756919892,0.09028570448171656,0.273250931675522,0,500
1.2285054525102543,0.39570549129450633,0.5172281334797593,0.30894552934024305,0.21297790458010107,0.10024298208008743,0.12864239045840706,0.17303838770986713,0,500
1.2564519655071438,0.39906239581078606,0.5155014030261548,0.41809136118332013,0.22057850035814433,0.1000450836154911,0.13635952081171154,0.1916859318753463,0,500
0.9257757569565102,0.5110468217009574,0.5489324662788672,0.5544162290418276,0.17482876360141733,0.0870869468775332,0.07701411917541603,0.2606939463858342,0,500
1.1796169016063145,0.44443152475879505,0.4221138884864382,0.37004880217770697,0.20626941788484035,0.0926259858509008,0.13688596083273466,0.19392177188410373,0,500
1.166724965589761,0.40968118551855326,0.5065980513899054,0.532608152339624,0.19187105391910206,0.09169544752514926,0.11203101216136602,0.21194255206481583,0,500
0.8896566717921944,0.5361085283426715,0.6558813424661123,0.36059495185258894,0.22121399403469408,0.11173256590961803,0.09463664357218324,0.24356463238028406,0,500
1.3131223886358085,0.34819010546591794,0.4405549009803632,0.15355692239420504,0.20945175580213482,0.09955881604040535,0.1685735386116076,0.13735655646892878,0,500
0.9503876059650619,0.5173463671633067,0.5723168865763233,0.30928961058010856,0.20707947963069154,0.10275550257232198,0.10088848374842083,0.2175989937276833,0,500
1.264144260723952,0.29427693161832913,0.384244831276547,0.22669667364444407,0.191988444823895,0.10196734498058435,0.233366899765994,0.1377304060071076,0,500
0.666420186696758,0.6602325412976229,0.6276772251825552,0.6760994316850922,0.1628474298181373,0.08064364243153142,0.06138529270345136,0.3839153517667848,0,500
1.248832973495547,0.3925558375728407,0.2783608667830004,0.5779707248778458,0.16174618742467692,0.07116551984126361,0.11774467755846879,0.20293426177431978,0,500
0.8704647712332146,0.5507409791534653,0.5270670952443525,0.6354183857757647,0.18290246268933064,0.09032967930544068,0.0969103845302077,0.29575267685044404,0,500
1.048927053436664,0.4924158276976002,0.4570419205720523,0.46056337130241776,0.19939475669613788,0.09211881067687716,0.1203281469040732,0.22953901220598744,0,500
0.8110355088605413,0.6006210585810883,0.5668724713283382,0.7278798170261551,0.17970446395365094,0.08438649369335065,0.07657544564886758,0.3460570313559765,0,500
1.130622427025364,0.4540687639283794,0.5836955017950769,0.30322658006062186,0.20924411002396726,0.09708499467796117,0.08793509454670773,0.1902398626105417,0,500
0.8714707569709104,0.570717719304615,0.4927839727559403,0.7594180628102454,0.1643372067952733,0.07544860283089568,0.071926927412944,0.3229341642510449,0,500
1.0696996307157518,0.4504159103552378,0.48690651247782385,0.47654995460622795,0.17866265857970468,0.08664260938347591,0.09837903612740737,0.2160468790165966,0,500
0.7725131877842326,0.5739824544685974,0.42845541552744315,0.4280013348686612,0.13919289045684916,0.07246089955945144,0.06951647837283992,0.2619456369144057,0,500
1.1689632652767337,0.38815990328737504,0.39461968159158956,0.4324728830666982,0.1673840102102454,0.08099210149382792,0.11745768950034896,0.18680244876503485,0,500
0.77672605573096265,0.6055031668408382,0.6057038226595823,0.8077242513153738,0.17642673827880462,0.08580616926409715,0.07134968215842259,0.3703597426546237,0,500
1.2736555532950868,0.3472448240530267,0.34937359334768114,0.5087295669609724,0.17324048543555393,0.08234734577968049,0.15086587946190502,0.18449891220667006,0,500
0.7477167996045703,0.6157734315937192,0.5849408523420103,0.5115380154930023,0.17520239210370983,0.08744108981632408,0.07493547606199605,0.3117577855552033,0,500
0.75010283872551,0.6206690688340916,0.5510586108473291,0.599188397363053,0.18249972016664953,0.08967573803869033,0.08789472877346625,0.3347910946945163,0,500
1.0062377852239808,0.46674133449971034,0.44647260902607416,0.5775641650485527,0.1724445270467309,0.0858727244050701,0.10879822099674022,0.2402043127559498,0,500
0.871581532875151,0.5697518290473507,0.5157076829702825,0.5596851680879327,0.17193722045517407,0.08112703009566599,0.0760363040124394,0.2846228944677086,0,500
1.0190101740458297,0.5023357800447079,0.5091942892070561,0.4867313762547046,0.23371444625921067,0.1109408971626125,0.1482779492581063,0.24551200264086012,0,500
1.1530772113977084,0.4444353514960866,0.48739854401178173,0.3711043981479422,0.18812280496706488,0.08593031501517721,0.09360858988064834,0.19449610471898668,0,500
0.6946198167024725,0.6581751235811532,0.7747379894181652,0.8265069082424308,0.23779047920520688,0.11662454434062407,0.07294523123686766,0.4365693763561229,0,500
1.0305049437989444,0.4378923856648528,0.35115814055341815,0.4923989071341166,0.15653484267467713,0.07867230691243558,0.11729183250374975,0.21215488782199654,0,500
0.9139587380198897,0.5444572661671974,0.5380132754752031,0.6274243075838974,0.17395138354558193,0.08229249374505444,0.07451879381260151,0.2847184754537143,0,500
1.2835714451210272,0.35917125743009437,0.39451467350918507,0.29384118790853964,0.18178875548302223,0.08527284256174693,0.13648017252308178,0.15773215184056222,0,500
1.1643973938971932,0.4032832590873026,0.4472437330488954,0.4106384298251499,0.1809887288732993,0.08767220816624205,0.1205877760848943,0.1882829430720122,0,500
0.8335177294406272,0.5251767130383581,0.5436298127339511,0.6706478408074413,0.16850279682441577,0.09126145712963286,0.09155284494844414,0.29487485275524383,0,500
0.8724444607089178,0.5225058902791978,0.6847851911723007,0.5472871772176907,0.22050543642092224,0.11712225598118804,0.09726833035998143,0.27946503610258794,0,500
1.0057726670495257,0.5256073884099199,0.5390497035996575,0.5841844430285791,0.20151343195954222,0.09095504959707669,0.0928421759978124,0.26851823403268543,0,500
0.9058393438959241,0.5373404124794265,0.708117728602675,0.45482055278187267,0.26646694842741053,0.13508146492085968,0.10614202292693546,0.2669007428287696,0,500
0.9923678196645468,0.4698517661773778,0.5352700384598423,0.27647615102641143,0.18330169484256187,0.09410242384007886,0.0975032627648597,0.19336023798301047,0,500
1.1570583793634244,0.44392133457721006,0.5403896789642703,0.44257282917478125,0.2017877396462609,0.09220508082305484,0.0960818917584114,0.20849875116509944,0,500
0.8533654508799332,0.6121041027359949,0.5676310747819152,0.7904897661777371,0.2152303813910038,0.0940161044984195,0.09833078784620695,0.374187155427311,0,500
1.1724690529855886,0.3959479831396375,0.4058072768488392,0.3206228598765486,0.1690279246658785,0.0812256724910901,0.1090877737196108,0.1722044629666656,0,500
1.007197456673262,0.5174093911135518,0.5582035152112272,0.5312229368437071,0.20105783548653286,0.09223370760863839,0.08855353659385783,0.25633989620203,0,500
0.988319726979998,0.44822403748507533,0.3468579445128811,0.45551641380749663,0.14326669194911787,0.07290450415442426,0.09506654905946631,0.20978900877412218,0,500
0.94767080339971,0.5372869053381334,0.4667003089590217,0.5222862552637015,0.16600104851471134,0.07573058706361752,0.07184992107186151,0.25797551978764754,0,500
0.9825918661004572,0.5712161640353659,0.47375466196596483,0.6955126476054827,0.19437300350813036,0.08107726599298859,0.08995811379807464,0.3039996843055954,0,500
1.2266683873208604,0.4360540501209426,0.6110698806621929,0.5732408577812678,0.25887892730323864,0.11467286810150919,0.12540839894507325,0.23789033234050272,0,500
0.8814989091827349,0.5856739567302902,0.5670065805910633,0.319242500623643,0.20299323746062364,0.09242390269224905,0.08149205616931726,0.2521820301057555,0,500
0.9546089985289723,0.5244065452733812,0.44865405674882747,0.554577488969682,0.1671080950308779,0.07824106550868865,0.0846897243497319,0.257136875726023,0,500
0.8986660425168432,0.5475880933951796,0.5061425813996487,0.3998005838165574,0.18120877190199577,0.08780426323333448,0.08756995196045242,0.24546657990399284,0,500
0.9155457447245209,0.5548359903138476,0.5497259927116791,0.5362061218813787,0.20528502312432034,0.09636488167004395,0.10078866278929188,0.2790745078740469,0,500
0.8559294422779115,0.5334155062758742,0.5804420532749257,0.4251366769436244,0.18783940680244243,0.0985861341245196,0.09208145318933855,0.2522936179946596,0,500
1.097163270591915,0.4967986542991819,0.4503731021792846,0.5406643433458597,0.1870409087261463,0.08045347080736959,0.08931273374721728,0.240763318470631,0,500
0.9482682115322582,0.48572781964153605,0.5546103352036008,0.39962008852508035,0.1807742069062716,0.09303077400672081,0.09095523256861758,0.22321209336726583,0,500
0.8462719169824597,0.5869713771879825,0.7439458108453192,0.3737929989654297,0.2776280653127619,0.1330811294790651,0.09400405337911151,0.27505322422157874,0,500
0.992692134209912,0.5113748261442775,0.5045803058277709,0.6330448366751447,0.19371408983088323,0.09143623471307556,0.10258171038177963,0.2707090170625669,0,500
1.1801593140506192,0.38223317997042033,0.3114492618948583,0.48416051921747405,0.16586794283231526,0.07967102838780454,0.1422973141689523,0.19130477948298666,0,500
1.1914904995305422,0.3251365327175257,0.3474405532232399,0.34763524879660185,0.17456554050178877,0.09208231763794386,0.1951913890205663,0.16127514317439945,0,500
0.8414836329626822,0.5293980105855423,0.49018624082863793,0.38486579821957123,0.17027402838686856,0.09014307158828773,0.09991633132820078,0.24044185445303584,0,500
1.0475685585773773,0.502503419279468,0.5690285670248684,0.8101468898126065,0.21914784308116594,0.09975140646918983,0.1100011366098887,0.3074408456072609,0,500
0.8504072630325705,0.5583652766364625,0.5041699443592997,0.45049478461320047,0.17270236669938765,0.08587856687600708,0.08671841026192603,0.2613788912766415,0,500
1.138233428112095,0.4660978470947204,0.46964154314422585,0.2792368266554743,0.1975574065186687,0.08906609321523776,0.10627264546082549,0.18601036898369797,0,500
0.8472747313220532,0.543123717913055,0.618824138329872,0.5853055770308923,0.18121157283233774,0.09420047880605152,0.07622664095173037,0.28574949420896284,0,500
1.0853943542701705,0.4372635046467046,0.4001848227215258,0.4307620061432967,0.17466438500065828,0.08453974594354266,0.12326143442174102,0.2028410295965815,0,500
0.7683382273282496,0.5738540998091813,0.6357516886610286,0.3974478264129587,0.20217368033984787,0.10894360713970926,0.09318057390905601,0.2747221683919962,0,500
0.9158233885377305,0.5296589953254353,0.4190799446162345,0.6143569059178906,0.1588433053944241,0.07551039880956444,0.08526876383447203,0.27140257141223706,0,500
0.8923340431705039,0.5160767434954059,0.5257248562636544,0.2575256665474123,0.17578699569261508,0.09118670759649744,0.0916920630910254,0.2096325184709416,0,500
0.8904984364263177,0.5720900325346947,0.4844442838414912,0.5700932008463871,0.17829918699261738,0.0821988735431208,0.08687101301834492,0.28556343290522357,0,500
1.1767060938194709,0.43690067277337885,0.593275085843962,0.2983637681527315,0.2401054665336658,0.11024575348283894,0.11812995469182899,0.18696291031779716,0,500
1.2726231486418396,0.2981709094517508,0.2509916568075913,0.20144418500182415,0.1622830832022495,0.08239343865500988,0.19577089138565007,0.1331806572816331,0,500
1.112187375484977,0.44319600309384205,0.6093411276256415,0.5155593773523484,0.2511761348685338,0.12239746282788909,0.14078700998632615,0.233340943764855,0,500
0.9149274407869888,0.536621621504879,0.6101857345125375,0.4301253518318311,0.20337165765420023,0.09976270255136818,0.08709920264382076,0.2510254018370605,0,500
0.8666706277646066,0.5702967487601406,0.556382731023293,0.4332905534671547,0.18161285357090667,0.08684048128361799,0.07453954369519965,0.26453025940587005,0,500
1.173189480593541,0.40874107864048914,0.4718991228430802,0.7399655909387698,0.20458170684450766,0.09694215136583685,0.15064131069352296,0.2496097142627563,0,500
1.2335569887679416,0.35301603386126357,0.3524424237730269,0.2299040165341044,0.16940332792460447,0.08318547751796654,0.14388341024671994,0.1479438833385515,0,500
0.8443228414150244,0.5639704266724052,0.6247420185529768,0.6285804596119358,0.19680094671760068,0.09729522025096372,0.08658225766455913,0.30837277227778537,0,500
0.9009188968037564,0.5561789013958756,0.6660713452970105,0.5628054352954125,0.20913968319365447,0.10075121841927917,0.07569714902608192,0.2858340197946425,0,500
1.1270119143177992,0.4270570573599227,0.5484207861936035,0.442775841735146,0.19171484795022178,0.09215778846661722,0.09283573468924357,0.2047318430965425,0,500
1.2610461484223268,0.31443387692516717,0.07747803952958322,0.371942115904142,0.16033473415884306,0.0795680111943264,0.2197909073066977,0.1565088007735654,0,500
1.0349467282879619,0.49775559497281646,0.3881311266578174,0.45850318298114395,0.16982737958937583,0.0770685606519395,0.09589164291920921,0.22621603945396282,0,500
1.2119561785661526,0.4082822856548398,0.3695975619103794,0.5320986629447539,0.172466607194379,0.077360303299821645,0.11225718055591521,0.20474987055737215,0,500
1.3423584616925055,0.3152173269898839,0.1822928832132067,0.2359153044773138,0.15885818430249254,0.07434619893279387,0.17117663682871842,0.13812206989413206,0,500
1.0257201030256136,0.5116534228061795,0.4664125607734943,0.4356142092669046,0.17644319956937096,0.07983036291272927,0.08115483329011515,0.22883572856569978,0,500
0.8096111491012561,0.5989061950628098,0.5837180105277205,0.692143606823853,0.1910460812237739,0.09133507567492527,0.08386351237352335,0.34148869877166776,0,500
1.3044267001268097,0.4066086638267561,0.4347460254339765,0.49903992634339933,0.19719908119363333,0.08370109957515283,0.11216697051116309,0.1999607524995925,0,500
0.7835023038093475,0.5806066569934109,0.7110826314254117,0.5951246518346606,0.22989166366036454,0.12016485815626607,0.08901698253318498,0.32946899993984907,0,500
0.8566268992919639,0.6011782494068745,0.6101504771510825,0.45483186465722575,0.20005626085937475,0.09077865606649636,0.07369652772093649,0.2867008621982537,0,500
0.7779763476949602,0.6191484229653424,0.5849446468524834,1.0985092924728992,0.17915916452518008,0.08351022881332003,0.07641407346372656,0.444732430277292,0,500
0.9347841902188231,0.5860545412650694,0.5855713491507603,0.4697945567363798,0.22841320468259038,0.09934021812339068,0.0949379924046015,0.2787727541736881,0,500
1.0721481786248144,0.4269259488819462,0.5030449100760663,0.5650947827008282,0.19075543747575482,0.09728600131744969,0.12895740355908086,0.22635931264379916,0,500
0.8445484390311423,0.5764544189070833,0.48600006652895894,0.7191306934905551,0.17231200372545388,0.08200141564217309,0.08989602027704295,0.3215666032260793,0,500
1.2696919597083183,0.3433462560639975,0.2763004606792099,0.45685485047876484,0.1966550014210784,0.09617200963158506,0.22917640644376844,0.17850045299779504,0,500
0.9698235187483455,0.5122137818926451,0.39024280307623893,0.42711363789012796,0.15832309694062172,0.07504662353861336,0.08760316894118436,0.22624726676711382,0,500
1.2819983848496794,0.33475438477713226,0.5902599422307576,0.3989576960982414,0.21776721658145412,0.10829927437929898,0.1370352666420358,0.17293577445589256,0,500
1.0156696200749011,0.5222313726480909,0.4192242735665402,0.367296844422062,0.17138010521770072,0.07594202732230841,0.08133610155726756,0.2204748792193026,0,500
1.173602098965615,0.4153208865255088,0.5138017093136711,0.5716595032080324,0.21113320805066554,0.10068209064704443,0.1386335575239177,0.222570320572802,0,500
0.8858601079796118,0.5209281589629844,0.5867796397449914,0.6398033270069405,0.1880826447417761,0.0977050433680819,0.09475540661735499,0.2864163448279749,0,500
1.2949495683707206,0.3855699764031332,0.3674664097397261,0.5319268646571677,0.1798302439049646,0.07903642758477278,0.12327845345353376,0.1963336891648736,0,500
1.2818730498624689,0.3824811772955861,0.5108479361908832,0.6140406215033363,0.1982412874644729,0.0898688323264043,0.11129569158048935,0.2134540351875211,0,500
0.8873948205973476,0.5558455968485753,0.5744483339255119,0.4718291863621327,0.20238990215096672,0.0978177234869803,0.09230652840113741,0.2700234532853325,0,500
1.3107825090616407,0.3649859166778697,0.5446803639402809,0.10254396149910919,0.22023852187910928,0.10365448069994852,0.12457633130285746,0.13373608220155372,0,500
0.8535155333176355,0.5624216168310671,0.5535182934992953,0.5218871538145236,0.17319889621845116,0.08552627047307862,0.07249301802507135,0.27704327160425796,0,500
1.0480910880377097,0.4978249583746576,0.4447893669618273,0.5642365337629525,0.17662097210313338,0.07821569481463186,0.08807521666907438,0.24686582818889224,0,500
1.0732555622613782,0.4474707891821859,0.34239503628983103,0.5023816018856118,0.16455893455278686,0.0782233841231911,0.11690725143569289,0.2152605990665316,0,500
1.26933292131782,0.37013254662056083,0.46470952055294584,0.3432886042341335,0.2212877534177034,0.10548865149329532,0.17795385778452208,0.1711005135550918,0,500
0.9805441346051829,0.5000103934470571,0.4070638888915908,0.5100048921161612,0.15567011139741202,0.07395841591895509,0.08166345959044626,0.23577264751079002,0,500
1.0696094998682104,0.4722479386526061,0.4282832226245951,0.47563208937218665,0.180813747166121,0.08344043225010243,0.1082241000231722,0.22197509032115942,0,500
0.8874976209300834,0.571064895974664,0.5450511872753299,0.6119971657324279,0.19196813621538533,0.08928718303674243,0.0882517127183389,0.30015860740865763,0,500
1.18277254184292,0.45880602102380613,0.4258991070671337,0.42890314787826767,0.18951644146140062,0.08189373917933232,0.10091038757654222,0.2055738168536132,0,500
0.6806303662188502,0.6689594802759469,0.5408021384000001,0.5183890143685133,0.1610221264547549,0.0763593128463492,0.06605610685888115,0.3471159533833418,0,500
1.2125873743321334,0.3836575014167453,0.37311296001433103,0.4642044324546253,0.16612332098819887,0.07786042144299882,0.11489993164783985,0.18754735532068603,0,500
0.8071178556740652,0.5494206217237688,0.6364736179804029,0.5006765718331904,0.19324972352906394,0.10398194461098718,0.08956478843025467,0.2805953460210099,0,500
0.7778916510000433,0.5822839127103067,0.45574011281750176,0.8458247438129429,0.1530809436387622,0.07702927279635151,0.08781573744646425,0.35009821271037955,0,500
1.3609406766885523,0.33684498331425694,0.4295657218397087,0.4327044524463269,0.21177078266033125,0.09805400362444658,0.18669631193500663,0.17376142087848506,0,500
1.2292871778681542,0.3576405283166115,0.379590245218846,0.3573927434840434,0.17249697762768187,0.08384082465597527,0.13878207368609516,0.167454483403925,0,500
1.3815100216243952,0.3458768226099877,0.44091599374107804,0.21653313263406918,0.21064140361418465,0.09474672681046305,0.1553379195808768,0.1442073181254045,0,500
1.4410201650858698,0.27833573527045086,0.04150884460068844,0.3823493994484318,0.13593145367384613,0.05836149829033685,0.1418152180291264,0.1459115949144793,0,500
0.8758839691098788,0.5515826892968002,0.4363668080167816,0.2360647186927291,0.16138687713422809,0.07827845596724822,0.07780973547132972,0.2166727422328407,0,500
1.1284116781057778,0.4750710974237718,0.5129107005668377,0.25066142678769865,0.21054764057190928,0.09347784588121827,0.09978659358526032,0.18818159547933952,0,500
1.2402875512640235,0.4293831353698667,0.47872857201508534,0.32277660808586967,0.21113206020168118,0.09283857137985502,0.11906570952489973,0.18177321347470707,0,500
0.9418531214882759,0.4823078367645784,0.6253156970970382,0.7701023985294575,0.23953564959464707,0.1270613880110598,0.14333728478549485,0.3188566055256087,0,500
0.7471656347304025,0.6062661737884308,0.6234878642103876,0.8550093272869106,0.18372847344655824,0.09363171169711682,0.07852134617846525,0.3910234106592054,0,500
1.1664036902069936,0.4350160319179556,0.5899773702601459,0.3682021904764177,0.24771206010751692,0.11595344536323687,0.13758074751691088,0.19921961666849627,0,500
1.2998838659357428,0.3606290645179077,0.5845738387285312,0.4304176275575725,0.24536290301988986,0.11616823301237866,0.15456920461042944,0.18677873715785476,0,500
1.0038970863489751,0.5072520785999781,0.5227068856080515,0.7583044254805894,0.1984317183607936,0.09280976016794257,0.11021293540369477,0.29408304164253146,0,500
0.7506247126218981,0.608181417247538,0.3931291657532528,0.803919659602832,0.13471633843897282,0.06346981360371051,0.06844887566600484,0.34917235425465415,0,500
1.0839287948679064,0.4472486609491524,0.4840676756683275,0.4344530208838329,0.1824434913997617,0.0880234934973387,0.10320357106868537,0.2077847394385418,0,500
0.9358085863754776,0.5285840137274959,0.6173190148050808,0.3780852508437977,0.3081135540120643,0.15303490960756383,0.17063558300802817,0.2541492395996328,0,500
0.8621947608410367,0.5815854917006683,0.5005199985392044,0.5536654907107389,0.17208977576221435,0.07900379765555891,0.0740119553388421,0.2921664375859537,0,500
0.9118021435265063,0.5515378050646118,0.6614209219349451,0.521195198464216,0.2306135172469025,0.11045622858098059,0.09090168375420482,0.28283007496530893,0,500
1.0572762172287589,0.47152406344372544,0.5112132552516354,0.22421718437227584,0.207419531635616,0.10008377138862135,0.11630157566635199,0.18405037805414176,0,500
0.6225323950798581,0.619728395127949,0.5986448572872917,0.30583099788446183,0.1639260845016836,0.09749417894381379,0.08264844517091544,0.28772187266521376,0,500
0.9977852180829339,0.5544297568674269,0.5532234134358273,0.7570087624557305,0.207239508591814,0.09005424399681426,0.09045356200537688,0.31175568876294624,0,500
1.046413294363302,0.438917235461093,0.5421393908861324,0.5311716619322046,0.19568487236742432,0.10007365127414604,0.11913396638287355,0.22790161536093131,0,500
0.7860621700258841,0.5682612544824767,0.42376296923046775,0.5736319649681083,0.14341681241071133,0.0733064778036026,0.07846951114948203,0.286699263453078,0,500
1.2643510684400723,0.36511930620300276,0.4006347296342892,0.18841742751348434,0.1712928534819049,0.08047843982308733,0.10855981246412655,0.14475047334177268,0,500
1.0487004070525392,0.5158716426818674,0.6323853444369699,0.6294082111962525,0.2365108143755,0.1066509621934475,0.09492533696423934,0.27855383666085926,0,500
0.7316015546340066,0.6109685183517398,0.5095071107795587,0.8776287879475415,0.15439054455828086,0.07680162778411193,0.0764190148717582,0.38475056045373535,0,500
1.050924537477201,0.509852888969991,0.501328895714163,0.6164313233024108,0.2118846239223168,0.09521564051750606,0.11629739152061584,0.26582985589762653,0,500
1.0973849983421182,0.48457340327700255,0.4959509848582671,0.4033972808140015,0.19544465919105597,0.08788900056884248,0.0939841521486126,0.21425848531036457,0,500
1.0358933122387635,0.4816150797035074,0.43862810897800886,0.6240788494474611,0.17862715138465998,0.08352089004211809,0.10608147309929233,0.2522609437569884,0,500
0.997071257838292,0.48100406696843145,0.21394363990171655,0.2523887739022106,0.13744643430581507,0.06462866647234157,0.08984457648214836,0.18449280475772134,0,500
0.7775521590121393,0.5617115207462521,0.4343907162580059,0.5935336024009519,0.15250900706560075,0.08107729947766655,0.0985643770768971,0.2901012698809033,0,500
0.9149742250026203,0.547492583730114,0.5939534762008838,0.4752952731442711,0.20546429137419056,0.09822445207757463,0.09128729638481972,0.2644025341814592,0,500
0.8796352442727045,0.52641829930702,0.43791520400993034,0.9062056372739946,0.1552956584756504,0.07723041466387374,0.09239150330773448,0.32554015133033504,0,500
1.0514147469644692,0.495035827870432,0.4463659971443283,0.5162270703403393,0.1790187340817832,0.08054774370899871,0.09288446962936683,0.2368879520003636,0,500
1.6571009217227226,0.23649210593468867,0.3742747769644858,0.21903788017369608,0.2152895910582234,0.09393476661462274,0.24902106483824862,0.12157672352363626,0,500
0.9827067324991433,0.480510199063406,0.37180943170018843,0.6045831874953009,0.1605449108358937,0.07908839466776339,0.11193947342902034,0.2451537358689011,0,500
0.6591644635738945,0.6628235268769117,0.38400411323653977,0.7654153452394845,0.1284145980959605,0.06107055013925846,0.06284563833150636,0.37992014312037364,0,500
0.7218613910914533,0.632623639264661,0.5386192539971021,0.43129118855737053,0.16446526664064273,0.08096024258041772,0.07182779228749887,0.30477207930867584,0,500
0.8273464942225437,0.5411051303052113,0.5888485070308671,0.5621178914178379,0.17912798138235192,0.09581241495967746,0.08872395082801224,0.2813644228597682,0,500
1.01842987137598,0.46030576296548587,0.4575674159159278,0.522385219077943,0.16660784401482392,0.08247364553792276,0.0960771214864167,0.22735120376947734,0,500
1.0811591234803648,0.4205926818000511,0.5247209722921262,0.24417083454520488,0.22262813149103075,0.11591292025103625,0.1615955686067321,0.1731246112424402,0,500
1.0439485342270267,0.4862719985079006,0.5232070823114615,0.5380159986754033,0.2038330259502047,0.0960962621066917,0.11182599687499582,0.24329867942731886,0,500
1.0917016796490433,0.409594791513491,0.4310641620114211,0.3877533035825092,0.16723084547302142,0.08419674514795927,0.11056584409410412,0.18900697065309904,0,500
1.3072946520166258,0.35063318648521774,0.5374767426830533,0.3710398054481082,0.19999717322764626,0.093643483150553,0.11078080714719969,0.16934297858672032,0,500
0.8089363361236225,0.5435574573445555,0.7177158683581594,0.21103374038049344,0.2486834497359208,0.13839815313208492,0.10017920622572359,0.22108716426917155,0,500
1.1203738115255322,0.4160252205176579,0.3210243326787837,0.31521057638462663,0.16821382835901172,0.08188596960849444,0.1359513036419186,0.17582194594444434,0,500
0.9291019493306705,0.5484309356831775,0.4696276083316275,0.436183874306675,0.17131724633343884,0.0789342553169743,0.07724160705288051,0.24832775726500375,0,500
0.5531491396137374,0.7258712185185605,0.6455972842936448,0.6916635872788874,0.15772739906745845,0.07655909163653184,0.06053563320305362,0.4614643041663025,0,500
1.1439509939010746,0.45334346189255204,0.35412279882754794,0.413301938446486,0.1685729670460524,0.07489398743398003,0.09936499353874421,0.19968711644228468,0,500
0.7900542823648277,0.6305721821133237,0.5696789058608449,0.5152286852561484,0.1999435231999318,0.0914586975828266,0.08554865175683062,0.3207990537470959,0,500
1.0349974600690102,0.501690480794512,0.6564884074390019,0.594926211439573,0.21758474829586158,0.10092420403263028,0.0785438056243131,0.2647632609336258,0,500
0.8947881710723408,0.5536410210572229,0.3376914650007178,0.563156534040107,0.14821374036793108,0.06841343877438501,0.08335014126087996,0.2651806513176568,0,500
1.0249866378581294,0.4972149958616506,0.7870835170793623,0.5402116882960427,0.31761207181996226,0.154645076979683,0.09943546467579939,0.2714514840709756,0,500
0.7884006274206301,0.570711881469044,0.5829672673339719,0.8896941545757467,0.1640068336003313,0.08521708328651802,0.07165868234981874,0.36164205020921064,0,500
1.0315330548458885,0.45908422984992,0.6050620347294571,0.6537375386568871,0.20848301633747188,0.10418722846807701,0.10881564219625776,0.26212972187752986,0,500
0.9732323818665284,0.4933564136441919,0.4418891731286894,0.5851962353919988,0.16093843764022966,0.07791316171253863,0.08650398123740338,0.2496924487099097,0,500
1.2695026747027827,0.42553668737152883,0.5054539528355914,0.4666823024479205,0.21398540002730473,0.09226369626929369,0.11121283572704545,0.20326482015360642,0,500
0.8874666858870668,0.5187884455999182,0.5238977054239794,0.3690933801135909,0.1805905633382337,0.09381524175212243,0.09832133662134838,0.2313020007840787,0,500
1.1110084328500254,0.4373866260962999,0.4883114313136344,0.4907083844319616,0.18701633716943528,0.08984653256331819,0.110119682601038,0.21368304144547898,0,500
0.7459633477277889,0.6131707223608871,0.5279306304810983,0.9058506875516287,0.16692080051921165,0.08246812793132412,0.08707061058003072,0.3931589155643725,0,500
1.1730659939628116,0.4364053394418652,0.33567477272352125,0.43262936640154065,0.1713909268582629,0.0767138936377803,0.11352382054551594,0.19661597834954167,0,500
1.103800001862862,0.4123150298510933,0.2565335681696675,0.20463509248963713,0.1487712729757562,0.07330771776640647,0.1181856756379198,0.15833847875077678,0,500
1.0859273246556977,0.5006124156331775,0.5019296335884443,0.515179054133793,0.1897738894862927,0.08307279740678983,0.08281440012682964,0.23780496529048184,0,500
1.3148409372965988,0.3207779814125623,0.4015881305609135,0.2440498449336758,0.1800425216280869,0.08753358268501231,0.14877078270912938,0.14329914583763326,0,500
0.6110385983441524,0.6952587704614205,0.6585029707903958,0.6533704550139541,0.17937586831027275,0.08801175169421664,0.06695692409274681,0.42127691392038563,0,500
1.1856935896211371,0.4796995348668351,0.44660036143294835,0.7187526560655375,0.20567580946912953,0.084794536930347,0.10864164552057291,0.2634307956161473,0,500
0.7971722688716042,0.6350791937095259,0.5069940694761893,0.5885551264401232,0.17268973489175818,0.07565268633080446,0.06857783445529349,0.33105695204482466,0,500
1.1160015767817395,0.45505476942833684,0.491210772194017,0.34072413303672733,0.21872402131764587,0.10194719896729133,0.13753643930482223,0.19839059727477526,0,500
0.8473157700706287,0.5593088692003138,0.4173840334889376,0.6027030116794286,0.14672437883591216,0.07078022380650169,0.07227800811020829,0.2825673489328912,0,500
1.0385747045722307,0.5217886473563529,0.5039445722534875,0.7586778471886938,0.18295863993625114,0.07941749849262941,0.07629608832693814,0.29031792613132734,0,500
1.2689303215589323,0.40627232747399644,0.34656297433901434,0.288920217415974,0.17946738003965526,0.07877703159891764,0.11744664918696125,0.16630595798019868,0,500
1.064135111976545,0.43451338009082213,0.24151409314975564,0.25534539158903913,0.15380403912612847,0.07509767600375729,0.12501993406407996,0.17239670072360774,0,500
0.9900297355156199,0.4648110368778509,0.45646730375877853,0.21728056720013314,0.1787163696645521,0.09183959958156084,0.11491468419134487,0.1818545297148929,0,500
0.9848077427032468,0.4255218044650509,0.5061188919246414,0.29880868224646584,0.17288472787750325,0.09500225628670446,0.11235861236009666,0.185906562009369,0,500
0.7866968876341324,0.573269305371304,0.6227471508722071,0.6689425113438703,0.18440503962617635,0.09655994224465428,0.08122976026902969,0.3262013955437888,0,500
1.0732435413673918,0.4402880421088494,0.5919611473903553,0.16532127021163462,0.23274606070794093,0.1181685481207145,0.12892687274050668,0.16712660863391976,0,500
0.7818576774338388,0.6289150977533121,0.3559970324814292,0.8499983612774648,0.13883367775970182,0.0607545715042435,0.06468837500001556,0.3595208554435183,0,500
1.0789262914962379,0.4612499699457054,0.4251619401868332,0.4089759605009291,0.17982616729386613,0.08422156307510971,0.10992412051897155,0.20732710003598268,0,500
1.1470584687733156,0.3643302084658051,0.1675382845133972,0.2604184206938902,0.1453639401062063,0.07296426502434011,0.15099621948930944,0.15409427275339244,0,500
0.773216100639305,0.6004036068453333,0.5896318188029434,0.3386731077444378,0.20812822862604144,0.1057998679464999,0.10159876667952704,0.26987172215835564,0,500
1.1050541395655689,0.4666111095465337,0.5974124816930361,0.34453886348654955,0.21644218937461365,0.10089463558360875,0.09221376450521729,0.20243749365987387,0,500
0.7146668693587,0.6346051624652815,0.5452153893926791,0.6648152830998193,0.1643547360194504,0.08011940328177625,0.07397678514421895,0.35991676354635044,0,500
1.0661264767769645,0.44358495786652047,0.41394592483327436,0.3283601450718357,0.16642375062970557,0.08169185435249847,0.10354724416428249,0.1883080580835695,0,500
0.984619864907218,0.4946223798183536,0.48451184600520364,0.6956282917364175,0.1733655345323917,0.08351146871631882,0.09431937529163854,0.2720228634267805,0,500
1.5880528538240317,0.2869264855423494,0.3205555016091929,0.3034922096956111,0.18335598465926556,0.07564639149512169,0.1428813159959703,0.13961982603850678,0,500
1.20399133603656,0.3679872735357398,0.4949098008330868,0.4485984434040822,0.1879292424319911,0.09298881859909994,0.12819953770206044,0.18657264836619,0,500
1.1595655951610375,0.4653725378821303,0.484215752226462,0.36050276543146503,0.19437279859477882,0.08473317643862867,0.08693976049417848,0.1999026968830643,0,500
0.8425639558142023,0.6282979989414419,0.39559402559319345,0.9791564211183852,0.15677964724941382,0.06430182213651853,0.07044493339174603,0.38559149794256176,0,500
1.1505168899948721,0.4313959935308154,0.33437099745352716,0.3580841111837892,0.17253171571011822,0.07914894942114621,0.12144328711257033,0.1860520392620859,0,500
1.4311766514363597,0.27171280659895186,0.4632919233400702,0.11907089250314269,0.23507811066364262,0.11561284488617576,0.26281343649762795,0.11776839232052866,0,500
0.8890908459602859,0.5302084975466339,0.4129847097709019,0.20890001661286153,0.15739401988289245,0.07928490764507516,0.08725566064949138,0.20188422622106542,0,500
1.0286403339169865,0.4130835181821825,0.36439540467157133,0.39938042251794337,0.15476177931323967,0.08109991133676736,0.12126176944197596,0.19258184133729406,0,500
0.9829968212330524,0.4967180087570792,0.6381290314164387,0.6313176935353219,0.21464913002175767,0.10517874753095176,0.09392435643703174,0.27659228894139665,0,500
1.0608843889870019,0.47379801928623183,0.501743334037596,0.23356995360469437,0.18932150752221033,0.08961125010291085,0.09278721946615456,0.1857769105314111,0,500
0.9768714110231345,0.5171047400028581,0.46000972199546675,0.22948815821787277,0.18090573492726483,0.08527440702969229,0.09260000155191966,0.20016142152838917,0,500
1.1192473990011975,0.4268363954275922,0.4564542864059299,0.48962717396788136,0.18716137840131664,0.09021585883508876,0.12542281518789247,0.21045982031631486,0,500
1.0175532752110512,0.4752497227208111,0.4211073899560991,0.600680101669815,0.16349094875969206,0.07801895351730816,0.0936209771144078,0.24393739550241636,0,500
1.0293593136428065,0.5181553202430474,0.4397951900433447,0.5006915640689885,0.1770408065839368,0.0776874016003037,0.08428086229029959,0.24283505739531885,0,500
0.8529691879151178,0.5922381316855765,0.4963329279943094,0.7133832964968917,0.16998261581562224,0.07730336101234768,0.07497575793665992,0.3254137218052759,0,500
1.1135237222822651,0.4197204226114505,0.4000719746356633,0.38828679375417796,0.21974599842691808,0.11035360811488501,0.2024772640600449,0.19474096974311986,0,500
1.0702458119999336,0.5302568831507246,0.5417666108042908,0.37334488405096095,0.21541181146168906,0.09121681356328602,0.08741598060546858,0.22865551069966278,0,500
0.9307599093715012,0.5312167853712382,0.5835473731270582,0.7172680371727264,0.1930389853335879,0.09326451907788409,0.08862903999935876,0.3017895679980298,0,500
1.2915759538999056,0.3783497505902047,0.4447012675658535,0.3089770592819074,0.19135515016830457,0.08720876276891283,0.12158866343974278,0.16436406756221866,0,500
0.9160554151609273,0.5282020479304538,0.46025382272951665,0.5254462479525326,0.16511988453953672,0.08047127607771926,0.08592928818826182,0.25588197625932557,0,500
0.8438295885288635,0.5401620589953737,0.4494779591355749,0.8685373747643316,0.15908320760921743,0.0811032353093819,0.10066003505559099,0.3293496342759352,0,500
0.9311655409143006,0.5005051610898917,0.642457249827307,0.30813584976045855,0.23922371733871883,0.12479610276064093,0.12180170718623946,0.21949244210148922,0,500
1.1202124394073705,0.44242437485378733,0.3439638044595555,0.4197300649589871,0.16281281095306221,0.07529460521627954,0.10479383065737413,0.1977831273638499,0,500
0.910154204892572,0.5387460268663203,0.5546844292748575,1.01735381403555,0.21214072864515476,0.10327082449770064,0.1242944271716747,0.3816593872377517,0,500
1.4107327502839115,0.35333253587385616,0.08896857799896607,0.41390650224833725,0.18328998018382084,0.07762642973336646,0.19175908216254017,0.16631174863520784,0,500
0.9347880526820402,0.5811381027226521,0.513899928819032,0.6024639655679345,0.20025002860141985,0.0867502706077555,0.08963590083871223,0.29786774407005145,0,500
0.4128889309391739,0.7987539279813329,0.6891914510103121,0.5915459699640156,0.15325205199811315,0.07466123645862609,0.06381781006109077,0.5495683242275275,0,500
0.7623936023420465,0.6091062987173628,0.5068378018812112,0.3058168033193165,0.16487524393191536,0.08162045765168977,0.07475295869081683,0.26138901363196004,0,500
1.0691303310607423,0.4621537550158919,0.5703774297073666,0.5586404445868355,0.198058202098576,0.09571500006223457,0.09583832538492014,0.23686438783672398,0,500
1.0175705390804217,0.5620173088039002,0.524819694715628,0.4777322064909278,0.218172657712283,0.09037213951718626,0.09477504503274314,0.2635409415158924,0,500
0.9624675863103742,0.5357461305610459,0.5343845122909459,0.7564349987281421,0.24230692183805072,0.11289531819105676,0.14981567452450711,0.32577167296762616,0,500
0.9954699357581068,0.5071124575474788,0.4595315064395042,0.5231399651616081,0.16922972591287222,0.07852601098473498,0.08197567857974075,0.24362739537818018,0,500
1.0522996468033161,0.48447711018581585,0.5930623881611832,0.31887804646392026,0.2030194220791018,0.0962340415674765,0.08140878243023521,0.20384201619434086,0,500
1.2787777834391745,0.3572785340364736,0.45999750066225675,0.4246371929836589,0.2584485616066083,0.12382946208851525,0.24666306139153507,0.18805696160350302,0,500
1.0310893215355939,0.5317410943705095,0.6250346193423693,0.6463131074590075,0.22957597175104766,0.10024282342489116,0.08905874185747244,0.2903105403264283,0,500
0.8971708033649666,0.5300721801705401,0.512242405465311,0.3018567695316881,0.17380326398816398,0.08768537832612851,0.08224806109927567,0.2204505739034257,0,500
0.8785261498061296,0.5469583596169671,0.6647963337159764,0.4272893304862644,0.21707584833259166,0.10974037712137402,0.08844038293231467,0.2581770054949855,0,500
1.1497458356207115,0.4234500107578762,0.3849663713403698,0.6474777886038358,0.17709306110280332,0.08285800218716134,0.126414836384952,0.22973941902522285,0,500
1.044420235002786,0.5222785649261503,0.46962811547618755,0.4977331576135091,0.18496691751018637,0.08032861202067822,0.08453463092991473,0.24316340568739542,0,500
1.0988981497159123,0.48743209252280933,0.4016100482828745,0.5815174496158482,0.17957783741579875,0.07767644382665848,0.10217788345984878,0.24127011154067887,0,500
0.9519274642878884,0.5231256007746665,0.5056781675821161,0.7129722371051586,0.18532223565085218,0.08802453735704045,0.09936332089027398,0.2923916906585196,0,500
1.1514174316166434,0.4243954980478082,0.5767456229925463,0.3629642146734936,0.19834540155323463,0.09495841429012837,0.08993400025562599,0.18968553454951326,0,500
0.9011046665811226,0.5493572626366979,0.5106822588573972,0.5852141076765605,0.1745550019111839,0.08274727328313188,0.08048927975405638,0.2804262872900131,0,500
1.1415045888335698,0.4327958663065439,0.3638614032000084,0.7290616941556622,0.17239262991411528,0.0788511576335017,0.12077670042442944,0.244695262680741,0,500
1.1877933421507325,0.34965266619311425,0.2629974475160503,0.33176523303609873,0.14993088494697857,0.07508031538012948,0.14122486017543276,0.16039031089252692,0,500
0.622184180510201,0.669920541786728,0.5173507719350607,0.38558245162448823,0.13874883776734553,0.07145235541287043,0.058818077348766026,0.32171830526182194,0,500
0.925206642221739,0.5266648743427836,0.6085862508043226,0.3587894577833224,0.20461591608970336,0.10139040709901855,0.08647670725686266,0.23342805457076632,0,500
1.2341704206870896,0.3603368088640146,0.45976268345033866,0.2354300492575535,0.2771917809535466,0.14103823797776432,0.28169500920531904,0.1557232832285366,0,500
1.1863897685058866,0.413100382440762,0.5655760529267225,0.4730750831836442,0.21350035476718415,0.10063820068389931,0.1107301062244332,0.20672108086908902,0,500
0.7980982708113088,0.6195912991415651,0.6335215475030349,0.5562184550480204,0.19577079500966588,0.08967076978887478,0.07054618320062442,0.32734107755977454,0,500
0.9193434468085098,0.5404450467067687,0.4712439372631647,0.4314242599798972,0.16697649815656657,0.07862035802387225,0.08013685762519308,0.24479404103586364,0,500
1.1826944747859602,0.37251919645215165,0.3990125486793814,0.479123120661451,0.19017356406297048,0.09521490819307155,0.17536121447906453,0.19213528036366173,0,500
0.6141392939494142,0.6766981195686755,0.6872222360562967,0.9014635371969358,0.1763560771781275,0.08945659795879214,0.06985305757915322,0.4757517343252375,0,500
0.9651300888792385,0.5084814866926467,0.6593281695494472,0.5662758519719312,0.23097718096957015,0.11302602669943379,0.09565739216428969,0.27588012522889965,0,500
1.2145081493133711,0.4029045400571868,0.38077817750989834,0.3948133350589226,0.17513892368652703,0.08062991990304798,0.11633080478491989,0.18267565686257492,0,500
1.0944344995473494,0.4487465368587265,0.4724814061838889,0.3411695144289825,0.1990155105042694,0.09577663358586415,0.12600112658698162,0.1944559816833794,0,500
0.8443333249480944,0.5523953444756935,0.6940267464308414,0.41242431616588904,0.2546338522121473,0.13333549335599904,0.11106994312177403,0.2678960681941071,0,500
1.188716261315802,0.4763894393956288,0.6216451597650795,0.29423365587214756,0.2569198199211455,0.11042548896702847,0.10164761512801865,0.19612503197956968,0,500
1.005827790351686,0.49856199078397906,0.4496989973219656,0.5446208908792253,0.26195624160194747,0.1269247744362275,0.20605830074526202,0.26378260483700583,0,500
1.0116324106330703,0.4748451193918699,0.5063134003140007,0.44123843240464045,0.18777552166075553,0.09263519650775684,0.10662974380144691,0.22327846025473433,0,500
0.8865688260724165,0.5385831695991599,0.4776168272630577,0.3644774593700093,0.2827624274881426,0.14468411907711817,0.2112784328644229,0.25032230966355107,0,500
1.0624139763477052,0.5388696233069658,0.5662724818731213,0.6592531115951611,0.2151178296946773,0.08949495634787046,0.08199554980275849,0.2869104168766475,0,500
1.1792377916908008,0.43549926950650253,0.2173932920159912,0.3708064798558354,0.1533497333527623,0.06696576522430919,0.10517584114434429,0.1831844219895332,0,500
1.0673000944583655,0.47533819180234627,0.3239553351768588,0.28711898403439334,0.1665739639030359,0.0764232016049272,0.10561051499897835,0.18919853635490633,0,500
0.9783931083055868,0.5037049444491429,0.4253656338397584,0.46058368229137514,0.1703068831067968,0.08141372598243762,0.09878439571330085,0.2320717587578922,0,500
0.7892946879364835,0.5831448805838703,0.6225089546234739,0.9170291181385987,0.1855258185833953,0.09338392638961293,0.08217964085806265,0.3889049922618483,0,500
1.0318004762549398,0.5526848645808371,0.515472023573154,0.4113608054248585,0.21780936653267002,0.09140079047340459,0.09506688388731417,0.2460302314257576,0,500
1.0933451086127353,0.4351550612196416,0.4644694141364211,0.365753918370209,0.18444404296505124,0.0902119202746208,0.11689263040139238,0.1934773311456535,0,500
0.9363833316960641,0.5229425106497347,0.39778368222088717,0.579037519798736,0.16746555394740306,0.08091042450417697,0.10439603916073036,0.2592847334331108,0,500
0.8741016954695209,0.56978753869312,0.7046417019249755,0.6607276064100998,0.26531858756578125,0.1284734976450273,0.10446419325338573,0.33819290187015877,0,500
0.9301458617311439,0.5274172800973277,0.5568021376583057,0.6567347934584196,0.1904905996161157,0.09282642219234559,0.09109132958432127,0.28782812423813003,0,500
1.0612071238643404,0.4623566229505656,0.4673858076089575,0.30738377496111247,0.17502294710866026,0.08352911805421818,0.0914010694799971,0.19230247960884175,0,500
0.9491295458108765,0.5028963025607855,0.4952416965508101,0.34519027828684673,0.1919150932319608,0.09719376898781346,0.1170609100005521,0.21660868080752277,0,500
0.774665824323359,0.5748731864888704,0.5728973786219721,0.5570493406342811,0.18380095051482956,0.09718440164065847,0.09523851395208809,0.30377068564336257,0,500
1.2789783879999026,0.33818816635901466,0.40489163422928315,0.46071735233862227,0.19288497562045623,0.09399044470572258,0.1799990557051448,0.17891003515649764,0,500
0.9642158124185195,0.4949446704326102,0.6277668508326726,0.558685420356049,0.21073469800642483,0.10572142204366461,0.09890061515422076,0.26186864005481675,0,500
0.7689244791679408,0.6075921706760267,0.39311648199032734,0.6583402113410647,0.14652704885690815,0.06961872687102659,0.07959095459313754,0.3209574412775459,0,500
0.8524144816852772,0.5761952000407794,0.600457770108365,0.42988676294494044,0.2023842353065464,0.0981148027057656,0.0873537851022774,0.27107846283840487,0,500
0.7676892907638069,0.5903270735486118,0.5609236657929042,0.32118635816173874,0.18118667480297812,0.09377840033593507,0.08718075866958741,0.25994163228566824,0,500
1.2069620730211834,0.4535051923054097,0.2806579247563078,0.6660847929897189,0.1619360315957164,0.06640265711966621,0.09276935922201243,0.23186361141341563,0,500
0.8254881857995433,0.5690163017495751,0.6042618823069694,0.5332198859979929,0.1822611499592095,0.09222131755784982,0.0773616894637467,0.2874328007644486,0,500
1.014414195828914,0.4794987898704505,0.44276754977651184,0.5989972541112446,0.17874830827569813,0.08641704124990454,0.11397515104451407,0.2478991505579087,0,500
1.2996580998999017,0.4034299907100144,0.5597585151526068,0.2637586108267866,0.23353079670316754,0.10322175462792774,0.12109947944330808,0.16659024296865677,0,500
1.121819040923042,0.3795078059343999,0.37995339289390384,0.33106526001521275,0.16084799373294625,0.08269185181152294,0.12841608858000364,0.1707366996555286,0,500
1.5326597202398928,0.30028393148871646,0.14385020405506932,0.27034157079741333,0.16472914411119732,0.06839807021194155,0.15965900781937822,0.13640835843555116,0,500
1.1726574018254532,0.3987264710215062,0.33770755599970564,0.32674146818500654,0.1619674495719587,0.07642211255272381,0.11482379885731687,0.17254881988418289,0,500
1.0386585694707173,0.4898094426489824,0.4109749892796061,0.3932545652338405,0.1672541528608533,0.0775389454762194,0.0907936444138499,0.21149197263795427,0,500
0.9666610288879963,0.5415551262735028,0.48885154605822995,0.7192185502469216,0.19005614483228275,0.08498390341347604,0.0950899627737625,0.3013522922027791,0,500
0.7840760869964186,0.6362480447512584,0.561941266047243,0.6880785194751925,0.18978809737749944,0.08564226943542858,0.08130957002444929,0.35975570062056267,0,500
1.0275076425588927,0.5249245252026384,0.5080038072554026,0.9043712272485709,0.20082234867953214,0.08762158763068775,0.1001435490740328,0.3283915823208518,0,500
0.9247758995231653,0.5247513899548037,0.3690054480638614,0.5576374174472098,0.15180416299855343,0.07230397843928878,0.08743510189664783,0.2542176742225735,0,500
0.6466551710853818,0.6850214855557276,0.51343623604433275,1.063346134593619,0.14614274742316335,0.06681106896505734,0.060757686971195934,0.48786920681016627,0,500
1.1249785432413708,0.4571350019635562,0.44295503989500123,0.6191519589180392,0.1958783117133727,0.08867806320977037,0.12246359781289531,0.2422111987397152,0,500
0.870730320318496,0.589129263859582,0.5515223504566612,0.7702763000319769,0.17827175388883285,0.07955337277015857,0.06942216516969477,0.3402729184819057,0,500
1.1214610558839773,0.4350870044005842,0.5528669481723842,0.4347637828990975,0.22493483484161506,0.10938675849086998,0.13601113886926702,0.20989098309681936,0,500
1.1820530552383128,0.43385922893582457,0.4538868899049248,0.6055159825009279,0.21017308943159588,0.09487440313065203,0.1422607113139071,0.23318220862190694,0,500
1.1557945799173421,0.43190898662483734,0.39297961823717786,0.5381735704125249,0.17194692230927408,0.07816156745540907,0.10339098949668216,0.2143359544530419,0,500
0.9259468642405728,0.5493031698054386,0.46344591211906905,0.33069548818941524,0.17366637358741288,0.08029032261736228,0.07970823651059682,0.2307095677332366,0,500
1.1545370687525711,0.4244989743238778,0.5160830295018248,0.44403506965435,0.19410633789645151,0.091734930737146,0.10380988147124275,0.20234036927730248,0,500
1.0781517927216893,0.5013085519936765,0.6370241153071515,0.4256932931524751,0.23751068803335226,0.10689522614641224,0.09186156218786151,0.2315621174297943,0,500
1.1189937152298222,0.44261441011102665,0.48658374461872544,0.2876346854606924,0.20057826143391666,0.0964065876593963,0.12279371477186447,0.18237156190542805,0,500
1.1973914103491465,0.4383928027772,0.1283153326703611,0.6092263733995901,0.1510404278705047,0.0629355722173775,0.11124588767285483,0.21488135705262892,0,500
0.5861426304021472,0.6782026353126919,0.5786516754759274,1.028584024206009,0.14429364566768046,0.07596251815524714,0.06614978725222619,0.49216376013251484,0,500
0.8050372239058083,0.58560570173694515,0.4828581357673756,0.7093829040341444,0.15935130713813192,0.07745524666723681,0.07819211376675425,0.32496553477853624,0,500
1.310021147104006,0.4119417558080793,0.5790228291482762,0.3401435774687653,0.2378072576963693,0.10264796204940924,0.10986822729090158,0.18119675115925318,0,500
0.8464737405119707,0.5885265410589574,0.5456464157040354,0.8580737146832871,0.17883533855920825,0.08237157424713282,0.07763281442902668,0.36166238878876467,0,500
0.8894933179465893,0.521200523107829,0.5762663146668228,0.8314339530188035,0.37512801322141875,0.19703717527584544,0.27796857152329224,0.4452447470446709,0,500
0.8665103869005011,0.5639196297051821,0.5348486947873344,0.3196976425187689,0.18268179754977898,0.08866669243336028,0.08116069625247334,0.24077353720442118,0,500
1.583014582886747,0.2118443686844715,0.10884295245633818,0.19921184973668984,0.2631850707205612,0.12649584502973332,0.5743086095208683,0.11760586373909443,0,500
0.8112561594733515,0.6100427093978708,0.41553272679355713,0.547876537707233,0.15556902407560447,0.07036763199450073,0.07406986555873907,0.29955806686097913,0,500
1.1631406807231106,0.3835967618823955,0.5173763560941733,0.08329695633823635,0.20896417742643164,0.10688823032442143,0.14446344847910075,0.1384985502718564,0,500
1.2322956597264907,0.30373950959971585,0.247254786610048,0.29421191685027864,0.16305922735449999,0.08403696169249314,0.20906437755220378,0.14728150518272695,0,500
1.2017095403901112,0.39836867521962444,0.2538671873732703,0.39781690548602283,0.15924902022374254,0.07308998142868464,0.12725569032811865,0.1794421324766681,0,500
1.1002547150817774,0.433211136942864,0.41877684484322353,0.456886698381744,0.18670530136094374,0.08999705495417985,0.13515957945481502,0.20789157623731325,0,500
0.8513643904506439,0.5595732070768594,0.5857288932030811,0.3601317018176945,0.1903746492383417,0.09578606187930679,0.08294229822373003,0.24863484638729585,0,500
0.8444119697225074,0.5447691381794815,0.5315591656025921,0.5709434200192192,0.1812395903521713,0.0921790834497327,0.09642234658436231,0.28732829603392224,0,500
1.5581691543689373,0.28282023381021276,3.940518301052752e-5,0.481813809346281,0.12044104456027786,0.043194049861011746,0.003622937337829706,0.15450096379207298,0,500
0.9442146150013021,0.5018075956968612,0.5262407426961302,0.2934288558877743,0.17654159281122375,0.08896646846046107,0.08434035628609499,0.20835488416649534,0,500
1.1490675037273963,0.42368444266730204,0.5120986364801382,0.3581671012566981,0.1930025879249043,0.09224467008494734,0.10680851647440498,0.18785110643412187,0,500
1.0031175555916774,0.49786973662918593,0.414076040459006,0.8239471610953073,0.165849516440624,0.07595819750975813,0.0955262788934835,0.2908292523989765,0,500
1.1344960924585519,0.4675713333643319,0.3928345982234837,0.40228984285755803,0.18232362782084136,0.08026564658598342,0.10577272897248365,0.20479797866812452,0,500
1.0994878655862124,0.40018441314028996,0.2311509037834855,0.3582136070038811,0.16244046077122545,0.08244059562277835,0.16341442257600663,0.1778248941352716,0,500
0.8292147439067266,0.5358535197233518,0.4962945701221817,0.8656979085738912,0.16334219698879063,0.08549937550679557,0.0978760635351141,0.3350757349812958,0,500
1.2584080451405548,0.40791613846497093,0.31173991107710575,0.2526156449078382,0.17733990866049743,0.07834351338163287,0.12487560436333217,0.1617329806934495,0,500
1.1408504348736326,0.4579940722229111,0.32057524363882595,0.3613586093610422,0.15730086182330671,0.06915787372404586,0.08479860276870939,0.19132569748291825,0,500
0.8107998708084652,0.5817407406017023,0.5506141438356726,0.7246499937064342,0.1695399602895789,0.08394495015665067,0.07572884493390739,0.32944480858820996,0,500
0.7548428354020582,0.6662542899288033,0.3561226605632497,0.872377126209287,0.1478875192172779,0.06023074439687026,0.06841423017232529,0.3951996687703756,0,500
1.0096272058013658,0.5192668742180828,0.6210870743494937,0.5431802270254616,0.22258050832399315,0.10249144099261863,0.09099631125160426,0.26395105272933467,0,500
0.9781976503283096,0.5364916830296347,0.50350243426052,0.9108749574214691,0.20105496817246005,0.09040593981801179,0.11028468579643345,0.33935008793297033,0,500
0.9800287127861934,0.5075422295962237,0.3973260701404659,0.3616111671013982,0.16645079570680446,0.07857925970711624,0.09514663709973545,0.21576682189909344,0,500
1.0006153346096545,0.45600771338643664,0.352324049510947,0.21082286235410083,0.15788266945812252,0.08070434632616968,0.1128261740499703,0.1746117318778618,0,500
0.8160484141099873,0.5589696604287151,0.6196506278537411,0.4361429167635352,0.19312807742766977,0.10138528081760838,0.085912115221084,0.26797770769225016,0,500
1.063487995882377,0.46626893432812233,0.356745106091374,0.3890860321649589,0.17258577584352933,0.0813688019834901,0.11880531748271274,0.20307186400731875,0,500
1.1158837728751134,0.4987819001004908,0.39339564929750276,0.5505650218295083,0.19597250202874533,0.08380075735230944,0.11974405082272173,0.23888175017488988,0,500
1.123753263923368,0.47543962204619866,0.5582066739606533,0.38518695341913933,0.21360470380198968,0.09633270754617128,0.09629888979617636,0.2099348430105238,0,500
1.0890815585738118,0.3962454394310896,0.36852365642807533,0.3856244079311217,0.15588784003001394,0.07964565074241109,0.11853937404140584,0.18347025958123325,0,500
1.0013255777734966,0.46366760231438237,0.38656416131362553,0.5270043093260797,0.15888419295702952,0.0781153452203216,0.10368703659776425,0.22851176374767063,0,500
1.1360329368806013,0.4409722681036277,0.6070347417161592,0.32766377278215875,0.26029903576983027,0.1257815570296777,0.14645273676358875,0.19414222787740598,0,500
0.9863935371098386,0.5124474878550357,0.501654494504323,0.6751425638122887,0.2021717739097573,0.09537924635031213,0.11874402009810432,0.2832310241594293,0,500
1.2185803153579162,0.43107885487829267,0.680310324335522,0.38272763073712546,0.48129976669936114,0.2221026923088443,0.2687180448216855,0.23672795060020213,0,500
1.1438847567918715,0.48212284507992953,0.6724612409440303,0.5577305127921337,0.26222756971348765,0.11648475002880863,0.09926920766151899,0.25072443540399286,0,500
0.8893093292104702,0.5769510817647328,0.4418079899227266,0.5030918656011386,0.16594170215175372,0.07429582372777277,0.07705798715082872,0.27327524308074563,0,500
1.120079349938027,0.4968754541122277,0.46970188686682013,0.28223349192534747,0.19335670944208416,0.08290612308873957,0.08512470937115342,0.19673705589700038,0,500
1.0357056079828928,0.43907333812959265,0.38683927114690364,0.5494322104643591,0.1645595529672136,0.08270869516854296,0.12246776927146245,0.22315216100898286,0,500
0.871562638447891,0.570009741160507,0.5105362057195441,0.20936840798594075,0.19258881764182623,0.09350383454571846,0.0921582077599549,0.22040155660204316,0,500
0.7401113199102521,0.6090833074768588,0.4919058872676471,0.42530849343978194,0.16021514888954339,0.08065833060785954,0.08062650644854327,0.28745304408640027,0,500
0.6996953610842671,0.6462915852464711,0.7311722407191978,0.8444881414361597,0.2273028308624016,0.11351520312481167,0.08055230628969029,0.4401157620871281,0,500
1.320142834217576,0.3690225596622151,0.2912781800695397,0.30961795332992725,0.1659957797335375,0.07255097601728533,0.11736446412095736,0.15963759857875223,0,500
0.9760314851691823,0.5179454703843541,0.48423040845850973,0.5688366677873361,0.1923163523949025,0.09148050745858277,0.10838394594301358,0.26003770330236436,0,500
1.0048504132579374,0.5209435665511246,0.4260666611869326,0.5043835203161916,0.20137047319171972,0.09270376729712596,0.1269652018452076,0.24726732564264675,0,500
1.0527626736697446,0.501559221714837,0.40420609940995117,0.6010882011525389,0.17431236213784948,0.07693182995619723,0.09466330320806274,0.25086729922154216,0,500
0.7497828617635073,0.6340185822265613,0.5292474693104883,0.5416470597628477,0.17313005855311192,0.08172055621203654,0.07628153479034656,0.32632683209749125,0,500
1.135729211969724,0.4431400509736656,0.48772590332565435,0.3570244726742968,0.1969227292605433,0.0924226249723187,0.11204419359811561,0.1932099814106954,0,500
0.8965914379673778,0.5261639982748847,0.34133453849659584,0.5413853541463495,0.15341562191871252,0.07539813588097435,0.103957967950806,0.25297059051816734,0,500
0.9478693249148002,0.5255691369057041,0.4205071820183797,0.4659300035096707,0.16234189834900437,0.07633880953417728,0.08475688570908951,0.24082987972677905,0,500
0.6674784171994644,0.6769339770082865,0.5907423824391206,0.6951087908341939,0.16230785961566804,0.07628093200846074,0.06192879175277848,0.397772529026165,0,500
1.0491887285345558,0.49921486605331006,0.41622526693141687,0.5893012393461383,0.17225434948095936,0.0762157125781643,0.08611791736430686,0.24955442065909028,0,500
0.8463347108696198,0.5947064020656267,0.6561798618161679,0.9284857076547647,0.24200858422521915,0.11370040001992726,0.10300347946092774,0.4146822717954076,0,500
0.8911276315729912,0.5141229151176357,0.6813150284999112,0.29766075576498036,0.2124572926281139,0.11203515653488644,0.08845903803692007,0.22079618867171621,0,500
1.2757753744473312,0.29163001502169905,0.23134446451186647,0.23214293042536843,0.15353858129359882,0.07733532062728331,0.1867391653298787,0.13549447804740683,0,500
1.2061506575758338,0.45468953655608657,0.5326374894337802,0.2987604876917264,0.2070907193335852,0.0900628417593283,0.08744874227401178,0.18535191556859745,0,500
0.907487326820386,0.5214695226871339,0.4389460805390552,0.5202038449053575,0.19694419385130651,0.09963807683554335,0.1433620465086848,0.25860983837472545,0,500
1.1223881664556838,0.4816699467892508,0.48775859806976196,0.34443350619673496,0.21348165075858086,0.09460808978460329,0.1128062496448095,0.2045934712094339,0,500
0.7304575008669043,0.6629613787883354,0.5291743921044384,0.525274031711352,0.1713537611220148,0.07609703458531242,0.06747985133968087,0.34411322557363894,0,500
1.0272568228421468,0.5183653442729672,0.5541946633706023,0.5235028074232497,0.20548811474958234,0.09231693923941846,0.09042797757023525,0.2541250951387899,0,500
0.8070518871888838,0.589911427055497,0.5386888313824955,0.6745722982255649,0.17842391494016668,0.08639442621756158,0.08502754853723224,0.3294493023486669,0,500
1.483207215455833,0.30429798820359333,0.3507662545853799,0.09556271376937228,0.18831385741499185,0.08370416249693412,0.15525032920238355,0.11917636287594452,0,500
1.1015523278463701,0.4393425237697488,0.28148493731291446,0.6932153098121924,0.15900110796313702,0.07354313206186215,0.12243763878952627,0.2382984755751503,0,500
1.0581147263704365,0.46525233011465017,0.43436853930762737,0.5212023457175586,0.17656273091885846,0.08346701646485499,0.1091650261168069,0.22721483617098648,0,500
1.0298232286010738,0.5095680570358092,0.5438363703071769,0.4965541890000527,0.18760168568498511,0.08546735917367324,0.07606963700320905,0.2413434156698129,0,500
1.1151540743905817,0.4873851078725008,0.526009680038253,0.37653340495328774,0.21449086895644723,0.09522550398738183,0.10170390286357468,0.21207507026850714,0,500
0.9102288797402923,0.5571279082173803,0.47948919807873447,0.7216635416550643,0.18823905348267606,0.08658987944429865,0.1027789588678878,0.31291396577682123,0,500
1.2189151001280645,0.4064508138288221,0.5452158935631279,0.2596943142466891,0.21882312123117842,0.10294647789332731,0.12356148051048108,0.1678997587969863,0,500
0.9991173001273833,0.4908888687893354,0.6873971413163904,0.41927634560171995,0.2769562343677897,0.13836165871147374,0.12345184179372792,0.24083758588508974,0,500
0.96540511615701885,0.5360685519617648,0.4175016242335409,0.6077794702652717,0.17578918985451655,0.07922490402771987,0.09889440349115088,0.2708998565510017,0,500
1.0057569173375602,0.5760512654622892,0.4616784983441186,0.5787141292852421,0.22419166297136614,0.09236809326091841,0.11087550036095592,0.287013675070407,0,500
0.9967110793946754,0.5326970635777357,0.4269998414194733,0.7070235456736464,0.17487344786770373,0.07636978118793662,0.08872584967785532,0.28560212063152046,0,500
0.7889980413812641,0.6141999642607789,0.5010941746327566,0.7563653509571066,0.15658350527915066,0.07223581378610726,0.06345620093427981,0.34984187205887896,0,500
1.0464725269253097,0.45939621969135314,0.48442222342795926,0.5774565052480907,0.2562454679694255,0.12923465647905402,0.21018792995787883,0.2546182689376856,0,500
0.871265740068583,0.5518724312309368,0.4736593135154981,0.556934374336907,0.1649868406869656,0.07982486650229616,0.0830089631430642,0.2762319945753579,0,500
0.9607747058915989,0.5323248869201911,0.553649495607205,0.6502666934015418,0.1991335025278603,0.0933695840507809,0.09485605162918946,0.28684660313803734,0,500
1.4090046609477018,0.2940653798247997,0.22025053620078697,0.3810108940824378,0.15410015319283785,0.06851845106003218,0.14770744918872206,0.15143511150970904,0,500
0.6817956502053579,0.6319691819688281,0.6803519285322842,0.9373394576437358,0.18812286207684611,0.0988698817925117,0.07752451555975151,0.44127129918924407,0,500
1.174698123201661,0.3741749458905428,0.45236867814730297,0.27392261292806713,0.20006398473027814,0.1014459171589006,0.16561443005568513,0.16311961835515892,0,500
0.8689117782825021,0.5899322497918376,0.4322939921216871,0.2559971201007921,0.17352647187271986,0.07869124936903357,0.0834494499330032,0.23452299912467503,0,500
0.8686838018495842,0.5637320773463116,0.41773169516039116,0.5867345817745847,0.16598945344188826,0.07858648783965677,0.09595706404815772,0.283094871775017,0,500
0.8203188194599095,0.5950959969051359,0.5355572809829431,0.42336183064023775,0.1812132888797479,0.08594620112849673,0.08044765740037686,0.27779885694222417,0,500
1.1981999665763023,0.3938116108215205,0.3062236021852546,0.48288026228285974,0.17299322798382097,0.08026173518256396,0.14761843199393745,0.19385328804050053,0,500
0.9971261264454699,0.49132488214286496,0.4622562938212419,0.3530144968365057,0.17228026113086603,0.08421082795219274,0.09434216422660281,0.20880245835453284,0,500
0.9564006097153332,0.5215172161087634,0.5131563420424006,0.7442944827894515,0.18056764034162975,0.08492341976755081,0.09460407958296478,0.2959179093017216,0,500
1.2172321611188677,0.44549185318743156,0.5604815142035564,0.48850539923806885,0.22350470151672125,0.09723560379114676,0.10091602573882437,0.21741079488911094,0,500
0.9655366063766136,0.5258536031333777,0.5610541257626827,0.6675392286911316,0.19347258045391388,0.09105689107667528,0.08979860998952136,0.28566666984642913,0,500
1.0317185549922838,0.49164059296050716,0.37456698382862114,0.5931981354800898,0.16426964084012763,0.07428326803327054,0.09310771350208967,0.24647959575841233,0,500
1.0683691849145605,0.4958482403412073,0.510246823909329,0.5160177975823831,0.20288428414305404,0.09143636591033787,0.10367108207736198,0.24045383880396604,0,500
1.1597647873026293,0.3891829504448543,0.21532557908971145,0.35523712839834337,0.14396845681376655,0.06774751088931548,0.11514429132114494,0.17205295684391975,0,500
1.2247352393050006,0.3868076065020348,0.4783118440556738,0.37591468970168657,0.20623494510708704,0.09772416603260901,0.14420787515086064,0.1810988343587999,0,500
0.6896260875439132,0.6579012045632662,0.5856846923857922,0.8484892823898669,0.1677045153185537,0.08057792452630617,0.07147691575025,0.41846916865609496,0,500
1.0013582858620513,0.5297914908988592,0.6210820465355934,0.2595474795397063,0.2183268170620009,0.10057136859142253,0.08205875677077,0.21077566415660626,0,500
1.0456467925372308,0.5040720560174428,0.649395936614481,0.2644071058996492,0.24656459846767903,0.11451572828945583,0.09748710271955238,0.20424748761675934,0,500
0.6318321205475574,0.6687280350661468,0.7405705194714732,0.6786401027577542,0.20648076735125678,0.10624886905970812,0.07123553982160567,0.4142183397103287,0,500
1.1886200080295615,0.382533299946888,0.6410171340389534,0.1663706023795204,0.27453783767363227,0.14020113981986806,0.1668547125777884,0.15128567925901037,0,500
0.7436014130216339,0.6564182518303263,0.6230935054705112,0.8787552701795847,0.19667178046987346,0.08847402044627134,0.07631432661033198,0.43045501616258286,0,500
1.0839709584931938,0.48068421765614455,0.42456821444029824,0.552790215592755,0.20236666051082236,0.0922238069107554,0.1354195694054122,0.2393241410767512,0,500
0.8714190947951552,0.5457965338260936,0.5243100369050756,0.9471875227685141,0.17042777747385404,0.08364693865043052,0.08863284851162379,0.35132857881000623,0,500
0.9854011850633863,0.5244969038530793,0.6724216240879699,0.32415555454591827,0.2729595874236174,0.12903828619177415,0.10960376145219466,0.23112704477083737,0,500
1.0584603267716612,0.5129836134012777,0.552641340041529,0.45085069328712313,0.22267545915957987,0.09900104163602312,0.10307540888087284,0.23941008629209706,0,500
0.8250796338450509,0.5772912191483748,0.4552583476004791,0.522432163870041,0.16984453677332226,0.08215972748135174,0.09583263224067586,0.2843645672750348,0,500
1.0339368143751568,0.5377548025227926,0.550241552412688,0.642813751367034,0.24368536665380408,0.10633769273662634,0.1274081669302013,0.2902968197630332,0,500
0.8984934556282813,0.4925342245143884,0.5848236376346242,0.6058483525005036,0.20801133887663215,0.11374458394895239,0.13054539576035515,0.2748928775772718,0,500
0.9528345151837018,0.5166258120689511,0.5596683769006668,0.340328280585646,0.21021086479826398,0.10322929242340396,0.10965149239664453,0.2247332492721229,0,500
0.8206741276806532,0.5742789359656689,0.6912111578864775,0.3960554856874072,0.21640641378042616,0.11025576116682911,0.078327381424096093,0.26806624777324084,0,500
0.6913303080010562,0.6692860581911617,0.5991100687439482,1.8854691805713102,0.1666810731174492,0.07462956147455183,0.06712285724122062,0.6890523917176188,0,500
0.6991448292930084,0.6392928068231083,0.6198013074106183,0.6987486615524876,0.17561849769020058,0.08882239159167571,0.06770977289267216,0.3754808692641705,0,500
0.99428461786223,0.4787659574607037,0.3853174721298342,0.5048770084411187,0.20042658962364743,0.10011164136703436,0.16585315429426012,0.23542881138660404,0,500
0.8761723259277916,0.543863217463988,0.6103010047975456,0.5138177237688284,0.19730636848080077,0.09951666795969283,0.08655104283984826,0.2728609807513706,0,500
1.1971750050038634,0.4227786225641814,0.5871906570733378,0.6188707546230305,0.21786361565038448,0.09961510788220082,0.10533940330727073,0.2350617861773945,0,500
1.0985158360874,0.4686844273447404,0.39673035998983225,0.36699908192132685,0.1683224223549088,0.07651493676036132,0.0903498702003063,0.19874524822447434,0,500
1.1196594623815483,0.4414886020963577,0.6448302032472237,0.6259831876281063,0.23417957605303652,0.11308485747255702,0.11316434186733988,0.2495135807222571,0,500
0.8909186706984253,0.5454862210263399,0.49419528759792913,0.3460145025366333,0.17538662318012646,0.08597833428925611,0.08736971328685367,0.23373195566373212,0,500
0.8640615490755346,0.5250781634927437,0.44770646810287,0.5125779437486963,0.1618990648162986,0.0833843799110628,0.09655554227342844,0.25763421358766814,0,500
1.0910604566212578,0.45867262743276027,0.27323281836558927,0.6894274378191448,0.15354036020209655,0.06850755457263431,0.10197131405249121,0.2422434291412204,0,500
1.0880781623800593,0.48496002376553626,0.5623200141724296,0.5709093038242384,0.20970118753308703,0.09542266898184816,0.09871714480876959,0.24732151164913585,0,500
0.8770190117655942,0.5578037714081522,0.5145728042032494,0.47948345227047967,0.16977635833847385,0.08135323895226673,0.07322993472034642,0.2656709639836002,0,500
1.0777658714204323,0.39991271785165355,0.4191992948999835,0.4720177134398513,0.16055575327977678,0.08237512505646748,0.1121775576432795,0.19949406596137048,0,500
1.1217231842379056,0.4909342411851625,0.5232184847403983,0.40943307679818763,0.21495237452784996,0.09273083471612281,0.10318088092040259,0.2202544212234502,0,500
0.9454605964520792,0.5666500198295835,0.6379381462443806,0.569295001109934,0.21231865904003924,0.09463380335613394,0.07253978551155214,0.28904492265090787,0,500
0.8519640988398318,0.5563184213805228,0.46220169903672964,0.37056571304221403,0.16361510027376736,0.08076251989941967,0.08313753852724556,0.24461125217442578,0,500
1.1834197191836315,0.4040920231201552,0.48127905924481196,0.16281220525286794,0.19075000665283862,0.09099755605760762,0.10982917542996558,0.15314385385826607,0,500
0.751900545445142,0.6259928553886689,0.5193321686059829,0.5034222192880232,0.16683835478450462,0.08017264028213211,0.07554615356442165,0.31122555269771845,0,500
1.1311150073908196,0.44423505489019655,0.2856291266861774,0.4613063325659311,0.1575261533637191,0.07088005659807038,0.10525545050454649,0.20232222047775772,0,500
0.9854883951036415,0.4978337056445501,0.38849845807322003,1.055254004259123,0.16121856385931732,0.07417109223535372,0.09841493347427048,0.3316532576425324,0,500
0.9871326931788731,0.4916491248692453,0.6052410740014261,0.4103108309432221,0.20927526262723403,0.10460827588258458,0.10115492563174065,0.22677120154475613,0,500
0.8100570688603829,0.61775217949924,0.5320590765508909,0.765505348223476,0.17039991864644194,0.0764220506805226,0.06776716799179658,0.35737885065894115,0,500
1.283480525550874,0.4146833166911941,0.445461423216625,0.303746483505487,0.232646913619418,0.10241459348309075,0.16088371019721678,0.1743131143998751,0,500
1.1346719519319297,0.3654705255437409,0.3680460440232393,0.2154426671843203,0.15457185185912073,0.08003099728928648,0.1206287197957612,0.15092986578850562,0,500
1.1401484537788078,0.47718929474640864,0.4198829215798357,0.5013104682592732,0.20180423077883367,0.08859849042040276,0.12553400472555087,0.22455099204352738,0,500
1.108283727932998,0.5084697593986751,0.5846127233408763,0.4194914330329831,0.23316170143651477,0.10060567703966773,0.09790441511768842,0.22901108283727895,0,500
0.7874391229879487,0.6267527020928323,0.47482723957955736,0.5191092533164016,0.16212340841560494,0.0737481702796762,0.07243528381442159,0.30649635782346807,0,500
1.1049206905056146,0.5428154022586946,0.37952932487681185,0.6522737723766104,0.1824568305958367,0.07053548567621307,0.08019394842603769,0.27043531319409675,0,500
0.879725938279896,0.5306879905252104,0.5239308869101689,0.6155966704112187,0.1772906191657911,0.08920650289688238,0.09503953013502932,0.2839205971590666,0,500
1.2195555153531676,0.41451480805087093,0.6110941238783366,0.2314387528063682,0.25727737451668986,0.12041995429376491,0.1367842084747102,0.1676346587010407,0,500
1.0410872703641922,0.4508910163859765,0.6162863217942954,0.2857054554000263,0.22878733855409775,0.11654269513814287,0.12024146777688896,0.19302964553679983,0,500
1.2102018466904263,0.417923315142411,0.43828917038499743,0.37361657619959365,0.22932314252994698,0.10525914521634133,0.17418966480770387,0.19054843763991164,0,500
0.9354866864594736,0.5538499851915888,0.3838260599682042,0.48075925274206355,0.16078570849863597,0.07235016173510993,0.08125844110881157,0.2518695959076538,0,500
1.0771553618692986,0.46668183006622616,0.5498322122958916,0.27462755553857066,0.2139380973278185,0.10268427123926098,0.11089040008215767,0.19058728167443215,0,500
1.2598139976371072,0.3624709051427557,0.11803821869509665,0.4946792962340569,0.14739102058075446,0.06626559118081136,0.13944120497663756,0.18049095464539044,0,500
1.0820302673889592,0.48970523396048116,0.5900683085100035,0.6793196241549113,0.21525344793241183,0.09785489568286028,0.09745865523327088,0.2709428155294296,0,500
1.580862410171897,0.23181991415871453,0.2860486293836945,0.1767705721028001,0.17823100111152979,0.0805657019011036,0.22039692576410047,0.11551776946939227,0,500
0.8746385031260198,0.5239501750657941,0.6203992202321378,0.35151490128965507,0.1962978798719462,0.10377645062716755,0.08737201297497384,0.23321534004497754,0,500
0.7753333372344057,0.5674739645470349,0.4115254431748042,0.5295059946413466,0.13785362552763808,0.07132946483894542,0.07425999287228979,0.27798773493160306,0,500
0.999070481999915,0.5437869728427901,0.5866728642414195,0.5287572395815386,0.24831414061232718,0.1106341546757914,0.11814772182841751,0.27532533837398615,0,500
0.8943616205989657,0.5557520047234306,0.5515782719319612,0.8962816841327553,0.17442086000251972,0.0811862577726055,0.07291665654018796,0.3463473876670711,0,500
1.1190035206147526,0.36336347004987873,0.41129999644266857,0.2973065736456919,0.2079669742307415,0.11491520527886058,0.2212792656808752,0.16566889141480534,0,500
1.3709709094848834,0.36140244325060716,0.2239273120988347,0.28683254018853943,0.1852088816321471,0.08013264587155006,0.16969578517047929,0.15378451331685739,0,500
0.7927567687453694,0.6096262723887833,0.599164827433225,0.7187203565088017,0.19592288451970713,0.09315795231571043,0.08428760555885337,0.3587549483190369,0,500
1.053428154975902,0.4813715610464778,0.5444147449472684,0.6933285215121533,0.20862418571425853,0.09852612625119726,0.11286366034439706,0.27233607269988763,0,500
0.7734943042802398,0.6213002966969287,0.3845691081932313,1.030428409954877,0.13697609597309307,0.06115735155460634,0.061300733790427595,0.39425019407038,0,500
0.6941819439062965,0.6798508086369299,0.5560360058597628,0.7650236554646568,0.18114760492566287,0.08089977495815198,0.07614357348121321,0.421009709271882,0,500
0.852749069308978,0.5996988012269157,0.5020235915422606,0.656499049913471,0.18732259166397527,0.08420240390998407,0.08857752696341119,0.32416431424680225,0,500
0.8177129976243963,0.58972235047309,0.7822866216808938,0.6748426417794149,0.2988144733230852,0.14809778883620076,0.09323419915130751,0.37092765599533767,0,500
1.066292937682272,0.4766552958008101,0.350936424898144,0.5138551155813401,0.16551648044601144,0.07514940908669597,0.10114325128909289,0.22563179317114485,0,500
0.9371831884006137,0.5703926400407533,0.455358747184833,0.2607099696415417,0.18360020116266015,0.08128874081160077,0.0845756132373248,0.22442045830866222,0,500
1.0775838026443272,0.47165869460413107,0.3850518931324441,0.6292549139553656,0.1774290692278629,0.0812379193878127,0.11647273854137591,0.24451491241846096,0,500
1.143255519984576,0.40661888592919104,0.26070151685161924,0.4088173164094501,0.1526345546859871,0.07186940203711745,0.11947957314447363,0.18500926652021324,0,500
1.0878687608213655,0.471600231381954,0.41263233372436764,0.43464738222668237,0.18969563805776282,0.0868077184405844,0.12004405481861263,0.2149084994082746,0,500
1.1480853106120832,0.46158907808282873,0.5399184299973869,0.6526525712237333,0.20385357636375978,0.0908013529453247,0.09501332617134448,0.250134541091882,0,500
0.8010960820745132,0.592530886410982,0.7249617659606611,0.550711334224736,0.24231305448162946,0.12129240148569291,0.08508920797941501,0.3213241413219351,0,500
0.8470330982129867,0.5768448800600299,0.6154990208869678,0.8537798749226378,0.19186360625423843,0.09227856901027236,0.07880712258102769,0.36177519659842694,0,500
0.7108412808226914,0.5982419126868418,0.6395099414340903,0.441340425907561,0.18541054838146476,0.10200167248058427,0.08418613590990108,0.29763101874724945,0,500
0.7549726898346368,0.6187166063864693,0.6307087900552516,0.9029880126737949,0.17547629314442734,0.08544775476820787,0.06587179817960098,0.40066513584833846,0,500
1.0311601435377946,0.49541784843429887,0.613376422837081,0.24841617046974354,0.22295400327100656,0.10555728647462734,0.09103699258046746,0.19941788849717315,0,500
0.7664133303911368,0.6274591512537828,0.5906077610126212,0.92323506756621,0.1912320303204794,0.08942814723471085,0.08485975585515271,0.4181657941190177,0,500
0.8173438777806755,0.5887766805785799,0.6312485976970582,0.4149955100689546,0.20438979601343338,0.09986993497659027,0.08102166426494342,0.2796966390728358,0,500
1.2320062402389396,0.3503663566558663,0.49874631080984966,0.1100833025164937,0.21366764780176808,0.10909219014826768,0.16939851892776328,0.13379107695790823,0,500
1.0591981337187077,0.4430147170750991,0.5482110923746307,0.3623369626319434,0.19879257173298093,0.10003352431942142,0.11278345208202804,0.19921123300964325,0,500
1.3163307714776245,0.32534008222280747,0.3150671745842365,0.31667358859433414,0.16732759834396516,0.07903705440740955,0.15089735998005546,0.1520591992910232,0,500
0.7927357886338181,0.5892705584833701,0.48318154277595254,0.7192493969347915,0.16624570427308427,0.0815470810251377,0.09004450439693383,0.3330006716340979,0,500
0.6656029058860241,0.6708691607948851,0.6187494390875367,0.8335757084373299,0.1719238473158184,0.08082960413675855,0.06784240574060971,0.4413299765255522,0,500
1.0999863398099579,0.40323464146285715,0.5094702160462367,0.629877720125759,0.18021033935025713,0.09052746640022417,0.11471842639385184,0.22963458387949168,0,500
1.063629347348496,0.46026229668931223,0.5858665941854566,0.409843332528628,0.20292821632852825,0.09980532470482713,0.09113003826793886,0.21167868686578548,0,500
1.0565490236781725,0.4323983959451405,0.4316377430581147,0.09511938169249937,0.17297307861528324,0.08888057356209732,0.11042636469499215,0.15147619827712258,0,500
1.078597806233807,0.4796842671142103,0.46114895147294116,0.595965490314099,0.20405899434521313,0.09319920684618013,0.12505688960092304,0.2502076716851635,0,500
0.9854567589272486,0.47934979976597275,0.42889816017548626,0.3540298068772271,0.1576927454851891,0.07777809720243066,0.08456580441655615,0.2056022896006943,0,500
1.2019709845002335,0.39561286931946693,0.21530656765271303,0.44070238800809064,0.15347394609772216,0.0694669478274012,0.12369907321432855,0.1843217416946969,0,500
0.8555138468759484,0.5528514634266994,0.6832260721074391,0.756880693439753,0.2098902344899985,0.10682720310348404,0.08263616807784993,0.33510958464844454,0,500
1.2164181106467584,0.40348891120697383,0.4475784427465998,0.29235977760568593,0.1896842713016965,0.08776092321836804,0.11655802110317764,0.1704305949822362,0,500
1.0758578098457712,0.48624925004321856,0.4737146377719281,0.7312311887887369,0.21407901348046698,0.09850224305568724,0.13709816458997767,0.2779460994994993,0,500
1.2542299190109385,0.39075816480916076,0.2709368437936054,0.408655761073155,0.1629525056620618,0.0729260342868868,0.12440727553953056,0.1777826038985628,0,500
1.186876220294527,0.46848941586589465,0.5304998069249781,0.6772354824948783,0.20292286561362555,0.08616169114696672,0.08591020824944118,0.25267950703167164,0,500
0.7347576180126228,0.6285308834476409,0.5532069067230803,1.4036085915641694,0.17848471169614824,0.08565348483647289,0.09295680036506757,0.5343377768872588,0,500
1.0608073310414985,0.4802702938515154,0.6262456973216262,0.496187179385584,0.22696185222229562,0.10710472954632456,0.09955119612326534,0.2396284578681683,0,500
0.9733422420539943,0.5311512336593104,0.46121178976751115,0.5444023804191477,0.17959708532587754,0.08200345634260976,0.09211057202693733,0.2588878989408417,0,500
1.2016160993187215,0.41113006604831176,0.5529878705197789,0.19808635016348,0.20971173297074025,0.09913053228293299,0.10696150330508097,0.15966554429685217,0,500
0.9639343416225614,0.4869465505172745,0.39168967780420777,0.6454875734422184,0.16515950271310234,0.08220487709917401,0.11799532676373342,0.2569116495244332,0,500
0.9384052097220006,0.5456040561189086,0.5314329089350133,0.94752767989791,0.19217334342434855,0.08794366855148261,0.09553422045422426,0.3536386940125144,0,500
1.3841178153994382,0.3166362782818559,0.39904466728699634,0.26732555852032597,0.1923271859187754,0.08923797446641722,0.1650901936185236,0.14448750186903883,0,500
0.8819390613318091,0.509872729298115,0.2837359518315579,0.4675435516881537,0.1383448244993963,0.06993605259185663,0.09844268161995108,0.23316997339787124,0,500
0.9651466424182185,0.538112430679983,0.46699675972691757,0.45392761747367166,0.18214313504805757,0.08224711516074715,0.0881125401707771,0.24789176407956762,0,500
1.0225588948184379,0.5206857254245197,0.6526682012118018,0.2650148112006312,0.25690776025762857,0.11799999776823095,0.09919544542491886,0.21262377798211413,0,500
1.0829990724776248,0.4823431217620075,0.5513813616128524,0.48246413129000726,0.2247971641014627,0.10325726634118701,0.11635961643396292,0.23505817674978075,0,500
1.020221470756278,0.5344110472836459,0.6007195148333435,0.44642387176318893,0.23223728424986761,0.10320256038171813,0.09821992715876708,0.24963609512659612,0,500
1.0056180801007515,0.49451028569116584,0.4285342595656799,0.39679083793509096,0.16619829212939508,0.07855237672935748,0.08748089763994843,0.2168046546745742,0,500
1.3840736147284731,0.2909622686184494,0.3934007413771744,0.26073174921879183,0.1743926223314229,0.08288709951176529,0.14566082591852414,0.13846873051555036,0,500
0.98889857129851,0.48302989442226796,0.5074553210775977,0.5656467119096695,0.17505519687315105,0.08657887008068625,0.0934305877080893,0.24553906999876407,0,500
0.897641324138182,0.5259988932404397,0.4479596168763634,0.497050584230986,0.15483490780136194,0.07630161463464172,0.07715623504691056,0.250325470253892,0,500
0.7456538438555956,0.6100460877541592,0.5934802656085515,0.40493450213411647,0.17217621890335033,0.08823807148598924,0.0696809302127682,0.2852788877567198,0,500
1.193506466195706,0.4377084195170463,0.40198085965281694,0.515264904104977,0.19474993728168402,0.08652701585204367,0.12943804335705994,0.21313835188540295,0,500
1.109550821385175,0.4075316677610876,0.19558490611222526,0.6112208920133819,0.14210238034051106,0.06689517940909336,0.1184299018119074,0.21356819944166305,0,500
0.9372439401855198,0.5752974347351251,0.6467602259006536,0.5455528969483726,0.2615510402969136,0.11819140462871537,0.09740760269389988,0.2992850227677704,0,500
0.9707905338715475,0.4590160940065215,0.5234343178533336,0.4878856743648581,0.1795962462648193,0.09353709546932357,0.10895025290313672,0.23000267311721048,0,500
1.2330675329785932,0.40608581669105,0.4390949162694488,0.36116962930312213,0.19156384230261947,0.08687630240166247,0.11903342947833598,0.18052306200823087,0,500
0.965685210322353,0.448445072582153,0.4164647136177917,0.32139684987582745,0.16093497303858628,0.08579989631836132,0.11383467081093517,0.19383616974508003,0,500
1.1485772788049662,0.4403263044475552,0.39215617159938904,0.30116229305940473,0.18029373223649794,0.0830266466917858,0.11371215424933412,0.1808513255624917,0,500
0.8783997842742777,0.5479789839651107,0.5542619810044386,0.5769496329227404,0.17823514224143946,0.08782460528125292,0.08033056229034596,0.28170503990068974,0,500
0.7140921142495015,0.6495583339471305,0.48292877015720553,0.7996135767213718,0.14700875417685813,0.06879263673741792,0.0621612065189274,0.3823993019988319,0,500
0.7838880837427441,0.6112624769733377,0.6690429394366779,0.5361309458759531,0.21370514685594685,0.10377606280755942,0.08074853039329884,0.32205028431805693,0,500
0.821961855753353,0.5328868176704511,0.3949293481440872,0.6951747650546813,0.14482730815479997,0.07664021300956228,0.09432322793870052,0.2900463697700022,0,500
0.946632298731412,0.6077884106761564,0.6096335522240718,0.7576090686466301,0.2362287586798686,0.09668274752405914,0.09116841624127153,0.35030541414952,0,500
0.899927024732064,0.5005105453030104,0.672938246852205,0.6890323795107257,0.2129349772772396,0.11361329812620329,0.09641094829278134,0.29979366428134413,0,500
1.0068633206325759,0.49248816161641573,0.5025359277517684,0.5198756725072872,0.18969479005142928,0.09248317523422918,0.10386111625123158,0.24026819484299733,0,500
1.0735973668081404,0.40062302783330467,0.35704938054638546,0.5743791394663148,0.1693135392113621,0.08736901236446958,0.15612749723724131,0.21608677248256322,0,500
1.2852220570493107,0.3510184440498677,0.4929353893593581,0.3254094860040964,0.1972991515840997,0.09365877179087641,0.13536862672167604,0.1629586370789615,0,500
1.1167022095600927,0.4567919990740577,0.4540859357654696,0.33050500560350365,0.19903753482086559,0.09257027926037514,0.12211585123024525,0.19331714960774202,0,500
1.076078352380249,0.4474613273970199,0.5164274378626731,0.4661231708443821,0.19144173909697695,0.0940565051471824,0.1049362171215583,0.21540519403273456,0,500
0.8802854530083932,0.5004149335881977,0.4245435959591722,0.4085530684460861,0.1488135134194258,0.07901096266090167,0.09044386793572055,0.2257619224389411,0,500
0.9918596123295194,0.48091484854359656,0.5041469469886207,0.7268260950798945,0.17805880288162748,0.08686219516766296,0.09821406221655257,0.27641092141866336,0,500
1.1937483476619808,0.40882402167864984,0.44181925680370987,0.4538744892509277,0.1855400573385244,0.0859163512313133,0.11537365925244426,0.19670886168241328,0,500
1.2948858639366567,0.3264384421159615,0.4974458708843453,0.36242189773051464,0.19685561793412992,0.09685004126043517,0.14738472715195436,0.16283592817705037,0,500
1.2433546126978825,0.38254240229611197,0.24827043633304754,0.27138678834877994,0.1641995341615824,0.07516326935998364,0.1357039426563407,0.15826370458159042,0,500
1.133075222561255,0.4406713534191113,0.4364393979555256,0.0630857822581541,0.1865126621380594,0.08739570051268188,0.10254360526860799,0.14900743896800772,0,500
0.8996170898991211,0.5484257162928202,0.507871048789059,0.651927642866642,0.18317126489295454,0.0870627402287942,0.09389772036408325,0.2961474255506187,0,500
1.0450121546029962,0.5159497176338668,0.5541000451391115,0.4376551558146833,0.2144069862329508,0.09569140598009501,0.09650587018236877,0.237271527950651,0,500
1.12657048460073,0.485425612728413,0.3814245370250666,0.8456487192817729,0.18294677118360592,0.07763948616491588,0.10928488529996931,0.28250059269187144,0,500
1.054021172487435,0.4489277639901629,0.4282616305449221,0.28728240129845173,0.16341099103614498,0.08088469141708972,0.09390570616239412,0.18311117838752758,0,500
0.9308477934835374,0.5259537209338646,0.431855412765565,0.4459675959589044,0.15901164487000968,0.07600910818832829,0.07958767775468362,0.23908864726751136,0,500
1.0892632346209328,0.4732028818034451,0.5598296119494868,0.1429855679130768,0.21087988889470605,0.09927974664407879,0.09398091210118031,0.17014381002554166,0,500
1.064915167995682,0.4525942577549233,0.46185966318240435,0.5623456288067947,0.17709226977854078,0.08467094666102855,0.10276593451136305,0.23206721129145405,0,500
1.2342454648150476,0.39758003803726777,0.5803258754637001,0.21665575607940335,0.24285067825500448,0.11524631781231898,0.13693759766115524,0.16026603295386074,0,500
1.0233316130487398,0.5109245324542763,0.45926184856899244,0.6181862967610888,0.18351862648753,0.08293584850959224,0.09857125014720862,0.26171297178366065,0,500
0.836663616791414,0.5843743206051263,0.6539792796832515,0.9777676583562334,0.19830865200235323,0.09575062607030052,0.07553536141935525,0.3968657264766948,0,500
1.3083232149002746,0.39677802922844424,0.29777195084368774,0.44916944970818484,0.18749778948906642,0.08094525075222057,0.14883956842723664,0.18562602684767818,0,500
1.075217617534966,0.5101918947418218,0.5458903699020116,0.49378366873687884,0.21035187461878774,0.09160066016677107,0.08859185040223694,0.2440822035567184,0,500
1.0205620289696393,0.4484374245489208,0.38002935104621127,0.3179103185263985,0.15298092577673592,0.07744654769244706,0.09951711357470552,0.188036793662145,0,500
0.9571318484596036,0.538887172355975,0.4629174417703627,0.4430709011856352,0.1883603838956384,0.08694083304416332,0.10221907357258556,0.24539995010045618,0,500
0.9993128531268477,0.5138259389227773,0.4448977262009645,0.6498542366753115,0.16890801256137555,0.07647360564873021,0.08105283977560446,0.26778617083053136,0,500
1.0584371262280445,0.4938482625546984,0.5138932285786271,0.43055003052902846,0.1951791606205541,0.0889214289198157,0.09277448969824698,0.22528648353714978,0,500
1.10307635113582,0.4147110246191828,0.45378398110058427,0.6291404280765841,0.1919712453942397,0.09587959358825138,0.14991644116428596,0.23320585313581596,0,500
1.085036683661384,0.5024092376568424,0.45060386929399576,0.46092719073612315,0.18299723447730445,0.07932112764681375,0.08489349903687879,0.22787356803356537,0,500
1.0863277879765003,0.3764061066045575,0.335633129423295,0.4546116884413262,0.15627596194477772,0.08294982280086995,0.149043977851016,0.18824493328286587,0,500
0.7343055282380686,0.6539291743156189,0.5758670377731927,0.7471307442538924,0.17797832687003828,0.07930524537208443,0.06931841198316993,0.3967029495088424,0,500
0.8900673834686305,0.5819711595152903,0.44364973331515195,0.7083195892421974,0.17181241592699087,0.07591265367972383,0.08393715165031135,0.315000109064424,0,500
0.9642894684211704,0.48392613149651126,0.6154205112822063,0.45776858084178296,0.20428773285261861,0.10456749237687805,0.09667917532395899,0.2372326132892893,0,500
0.870526938732844,0.5218818919518138,0.5651164875338452,0.39646742333691976,0.1756626659154732,0.09258980276661706,0.08359615387879923,0.23824129881945086,0,500
0.9436982064545386,0.5201917588992703,0.48076355366097373,0.9683784742462787,0.1680207295922784,0.07898102790942316,0.08703668402469016,0.33443565112988616,0,500
1.3096887544678397,0.3394426525493198,0.5342029021415698,0.2890490001005962,0.23128160193371747,0.1124377779355997,0.17424722926747946,0.1567949063918285,0,500
1.182111514273413,0.43329928014126057,0.5216032244970407,0.40348540936391103,0.21565808477501403,0.09963850688041564,0.1245285437987869,0.19822581674087533,0,500
1.0658948477773775,0.45059746228178194,0.38780443692136435,0.3971046642818041,0.16548899698825745,0.0795028418309922,0.10534539215863468,0.20055806823519587,0,500
0.8097523878589894,0.5356283892771668,0.5697636657224204,0.8500121259248756,0.16211301227848915,0.08729588593990237,0.08025860202864503,0.33666166085284793,0,500
1.0376305176278933,0.5156624112291819,0.5213771890424329,0.8575526276378036,0.19524212370319963,0.08628653616920928,0.09280474461346998,0.31159534863318616,0,500
1.0376255802129135,0.487583769636184,0.5134278433131643,0.3602762336725957,0.19095373353035383,0.08986105145713777,0.09157630722721807,0.211770410008333,0,500
0.7317040342452451,0.5989628711229623,0.5875299890675473,0.5483268576609813,0.1878136718786001,0.10001959819017016,0.09560347626510297,0.31936424497469884,0,500
0.8773345858576272,0.5583384466430905,0.4896659501212205,0.6918021663737393,0.1841856171708127,0.08799109949975216,0.10278251606657891,0.30987795724822087,0,500
1.1034867803211135,0.40825823107108083,0.42861078684019077,0.38213141583027777,0.194646095593221,0.09907194069248425,0.16132740524465156,0.18990932824886425,0,500
1.3898571692561013,0.32342193811606645,0.4292510594866369,0.25977744691187266,0.1947117144770203,0.09060113798766938,0.14417811835845687,0.1443351222593629,0,500
0.9485418834852801,0.5388784634752526,0.5884858804398524,0.4918389326871084,0.21543449088067962,0.10228705078187963,0.0994291591508013,0.2622199529023417,0,500
0.8315055367609747,0.5732919891938691,0.5685977817355525,0.36739024779985,0.17540539844348027,0.08682917499082876,0.0711604182412966,0.2555684460059968,0,500
0.8964658750385659,0.5414589638607697,0.5056551972763882,0.6300147084626975,0.166331800118021,0.07970314681412904,0.07752983702651915,0.284503530492601,0,500
1.113206415536869,0.4507745126453321,0.4161330170579729,0.4595034622525111,0.17491013906845101,0.08085754954090502,0.10325923034596318,0.2089948332053254,0,500
1.2328494416355726,0.4554115036800273,0.3581778441599776,0.5992698185775198,0.18543402898736805,0.07633668828890347,0.10830162619316237,0.22652988781287522,0,500
1.2221982548105688,0.3609234189251967,0.38750416273250937,0.24942265062593338,0.17291939314349905,0.08442705687987258,0.13211589715913719,0.1537446883472299,0,500
1.037740974239269,0.4858820001917713,0.5586587787165375,0.6518010410732494,0.19104403863328875,0.08970115409917358,0.08635579736935921,0.2631693112939119,0,500
0.7981139183404754,0.6105142093297579,0.5456852665136679,0.7579261774347984,0.17477858668726357,0.08108058326307505,0.07502985507000981,0.3572953537505126,0,500
1.128103776005531,0.40878357465904475,0.4735799860704972,0.44394763517969327,0.20377006471144468,0.10172307317607837,0.15555451187125677,0.20070518966934994,0,500
1.0829405404111456,0.45453980441384656,0.6378761894795025,0.4434661681011391,0.22160709276391435,0.1074727441430051,0.09728991318193234,0.21800974347016416,0,500
1.0852586268485098,0.4805403715490695,0.47352798693549186,0.3840424932177061,0.20987849785588797,0.09603082342319712,0.12370473892853333,0.21262615812749242,0,500
1.3779905391250855,0.25094977710342103,0.4843172452462797,0.3954109607839192,0.1815532586908656,0.09185964666844307,0.16472952532902743,0.15047370487009712,0,500
1.0522499569306507,0.5034288048340767,0.4183290707364232,0.28580320568625633,0.1760540935836677,0.07919261342243412,0.08857568868853959,0.19913202372609978,0,500
0.8298772025056851,0.5952445375198148,0.701080135967331,0.5513277787515175,0.24281897228907232,0.11616099632361593,0.08480464072543749,0.32140040906195083,0,500
0.9670312491530505,0.4773153361019499,0.5341940348415496,0.6761528528283792,0.17854137422977676,0.09171380026874484,0.09857412221713908,0.26695572131204237,0,500
1.1617554426990175,0.44539745409526116,0.3192457317877262,0.8085233529008248,0.1683803034452933,0.0729213721320242,0.1116684126653722,0.25743924016053826,0,500
1.0086541380353033,0.45235735313839737,0.4162244357950866,0.4265059994618898,0.16480265665335683,0.08339283425416315,0.11143217684255936,0.20924111602681095,0,500
1.031889866520158,0.5112002701971149,0.5374411709365094,0.53157721118688,0.1891601873827512,0.08576430107148542,0.08104309759941604,0.2476439715657845,0,500
1.3044194409791983,0.36578106265957455,0.4009036691773015,0.35226833816808706,0.1864541794377247,0.08450569445268477,0.13191707699907365,0.16762661102646753,0,500
0.9767420226080555,0.5389067025503171,0.5269668118265073,0.5812499253703173,0.22210428970895396,0.10111261385718792,0.12091686114861491,0.27993797752987,0,500
1.3455544492224032,0.23121195642912173,0.3516079851592698,0.27253413840567936,0.1514360762115541,0.07841293776524812,0.1680995175619312,0.12983534743932842,0,500
0.8666368556969815,0.5311496075298565,0.6752157707800145,0.44875322357337194,0.25335578493762606,0.13365729266996063,0.1269292832331362,0.26871734398525526,0,500
0.7940615199878935,0.5855066057268046,0.685106302969708,0.9171320610121396,0.21682657840753966,0.11033808452230694,0.08972722099941927,0.4052048768820882,0,500
0.9861487681763741,0.4791639846235755,0.4978334077315403,0.7037160611088356,0.19093428630874684,0.09506259523818733,0.123069778758065,0.2754924800423361,0,500
0.9822674437066218,0.46848905766353516,0.4600414388805664,0.38339982597351074,0.17288141844503224,0.08806217418909244,0.10775643478243808,0.21007662978532832,0,500
1.170069887026755,0.4785461359431706,0.43659668802171075,0.6141231693045517,0.19901599806086934,0.08313155445037483,0.10594344302022189,0.24497498390510358,0,500
0.9596399240769377,0.5224751059408608,0.49319285159346443,0.3489683589002923,0.1883152663909778,0.0903251368384433,0.09922002943382731,0.22298649965587036,0,500
1.032517699182341,0.4954747691461351,0.5054329875403765,0.6417819271363364,0.19561610709208013,0.09030334448044107,0.10258650808715084,0.26640471988744574,0,500
0.7972780487934028,0.5971803237207749,0.6125429821912327,0.6797476516571055,0.19366427302298356,0.09335485610640538,0.08524945306937355,0.34363143447948025,0,500
1.0835961590883887,0.4612084226844972,0.5551717606296971,0.2757331910988924,0.3535077250198275,0.17152426436665422,0.2518417609885615,0.2047746009871585,0,500
0.8718707707567666,0.5192140476796779,0.3707538661724657,0.6887172498116828,0.15691157847771603,0.07982754175758311,0.11362210866143142,0.2829452386198192,0,500
1.1541700775272594,0.36218515306504995,0.42586219879999304,0.15512986926861877,0.18353174411996587,0.09614961329855855,0.1580065459754864,0.1431490073348532,0,500
1.0230456213035641,0.4937186244743364,0.5017614401666125,0.6079606243550888,0.2105474076957938,0.09859273253470716,0.12559131763800427,0.2652246058366156,0,500
1.328327310554228,0.37416966846719635,0.6984396403636384,0.3567986332186326,0.3068393412791624,0.1424633098482941,0.1459045455704211,0.1805688049566817,0,500
0.64759737995833,0.6682347646898201,0.6441046290345436,0.7825470765873727,0.1822211387273223,0.09063265715455905,0.07311321542493474,0.4335450046295321,0,500
1.4119535726442058,0.34035533618683816,0.4322954665491655,0.24421854745030197,0.2027210563112066,0.08955118725520157,0.14000905834985133,0.14586196643384167,0,500
0.736141810964246,0.6239317535681784,0.6364890728788211,0.2377334265696512,0.19932353091943503,0.10004336041256377,0.0762562742565756,0.2650182935638322,0,500
0.7811878910921619,0.6010293046383234,0.5097167135110336,0.5427874296279087,0.16609087545725731,0.08148345472413134,0.07901988415840014,0.30371470972296327,0,500
0.9103423059663384,0.5454850814125587,0.5234682831162816,0.4078288658626315,0.18070656355643802,0.08521351110089145,0.08029903367697303,0.2486711133810643,0,500
1.0912078046045974,0.4742564011456364,0.6205702488098543,0.5737057546033772,0.25819292848694037,0.12030537715023755,0.1332977199498984,0.25865499042902845,0,500
1.1562459029000094,0.3802927964394318,0.45912381012394393,0.32089351616874723,0.17605641108608983,0.0884363515703876,0.11995214415118237,0.17040208396811232,0,500
0.6954846447346236,0.6350505679040398,0.6781612507490682,0.7432042034950814,0.2113301682774097,0.10821211542830522,0.08880596105797534,0.4060551590561226,0,500
1.027916112261867,0.4774777874765848,0.44117696236668236,0.4593469515804234,0.17153946587775218,0.08232875153585423,0.09800140292154244,0.22089054398366068,0,500
1.1184545733243392,0.4588732818730357,0.571126393235246,0.7190197886562393,0.21081350994238596,0.09739484384219604,0.10247171762247606,0.2660597473416523,0,500
0.6591375122429904,0.6711555038662009,0.5674022855214463,0.5510393492856629,0.17288853460465042,0.08261448108452871,0.07199254489373869,0.3735601151403613,0,500
1.0710840840905191,0.482726491590099,0.2749297642414602,0.558530951668369,0.1559000017159388,0.06879307808517784,0.09964463639801233,0.22981264786818412,0,500
0.7385435632299356,0.611737145261314,0.6738028188376708,1.1417654870900082,0.20648607112394524,0.10582683119706356,0.09062043784717848,0.48381523397118775,0,500
1.1463169389023693,0.4183230605776015,0.3017812734693255,0.3189704157220812,0.15585407661936065,0.07247268454945806,0.10500513724093327,0.17597749009855285,0,500
1.1082326810523666,0.4178824460138136,0.42434655230309487,0.33605010778503464,0.16795468101452068,0.08246826108660031,0.10659255741557352,0.181459290501622,0,500
1.0261519135824486,0.5171602384069531,0.5335235764199038,0.7689987080050797,0.19124333973604438,0.08546516514408706,0.08361267967835448,0.2950262544476924,0,500
1.3564713669722417,0.28816895158765543,0.20077479576443313,0.3886538401738262,0.15639300588363922,0.07404617214980629,0.1823414728954366,0.15263362104298434,0,500
1.0749694159537255,0.45976010250129745,0.4766594888135564,0.3939143941495079,0.1846505551706203,0.08778920385109427,0.1029961547920517,0.20592037406298552,0,500
1.1853329123360334,0.3633766148380072,0.14434572946892768,0.19770966233480636,0.16694156181848405,0.08372885694683986,0.19341703572311678,0.1446805722928086,0,500
1.225503641259167,0.42701571422324,0.5130317828101203,0.28486958821731256,0.20971117990546756,0.09425555570336268,0.11035333368192911,0.17569348121938078,0,500
0.9915767219195142,0.5090925698711349,0.5769342067108644,0.5213453157102276,0.20897266651254595,0.09961388687023426,0.09833344979911163,0.25464752174514316,0,500
1.1906535798506332,0.3692916739641904,0.35935635801841975,0.42121478877264196,0.16220946553701113,0.07911008587661723,0.12518481225136127,0.17902935265876255,0,500
0.976338057469458,0.4460725125782404,0.5585632798984943,0.23750215020184254,0.19788061211554697,0.10823624808224598,0.1211800510161596,0.18267846403127133,0,500
1.0862988398164923,0.480666800783366,0.46486582275922084,0.3948810305386698,0.19197102372799896,0.08690398687268132,0.10085670908556336,0.21280975233781638,0,500
1.243311453308263,0.45980559689556577,0.34066970329105123,0.574332443472189,0.17886645180561594,0.0725368474364449,0.09971932265817642,0.22089952886185008,0,500
0.8628091458583754,0.5347335477437798,0.48201955251895057,0.6164750044607338,0.16062868414598402,0.08145357158099084,0.08607339263105197,0.27992243878512263,0,500
1.0219052736009842,0.519099979083453,0.5255639762520129,0.6124544357633096,0.20391096334407313,0.09198924882425905,0.1016483844876101,0.2694711803561863,0,500
1.074733182913008,0.5109587013131823,0.5784512070304897,0.3924541960934004,0.21614905035706566,0.09527394867626036,0.08168934542029312,0.2266365760203607,0,500
1.0802601293363603,0.4527067184764291,0.347741092384093,0.3396360156219103,0.15829345482787388,0.07441162447375686,0.09741350567975754,0.19020550761862443,0,500
1.1490780455686198,0.4339257658842139,0.3890944321399055,0.42164749678810826,0.18405358054614143,0.08527335000717498,0.12774871847803673,0.1981350297511402,0,500
0.8596134735720984,0.5957452458782875,0.6289030110449477,0.623302236577242,0.20541975559599965,0.0938844594982345,0.07389132526175865,0.32248545875026674,0,500
0.8197743223913936,0.5674384174443948,0.43774053154371784,0.7218322132900824,0.15176221925658787,0.07444430924876225,0.08120890677167196,0.31391905446326013,0,500
1.2857896938608735,0.3621485410378196,0.3529489045588766,0.62232914044023,0.17172929895851355,0.07805922438596741,0.1295226368554318,0.20366336584152017,0,500
1.109102692613245,0.4426224302880807,0.3190908972791273,0.4782746708082723,0.15199299420563359,0.06955965692598257,0.09109944517254316,0.20590540927246728,0,500
0.8830657757086355,0.46867874752831196,0.4407305950241382,0.4494759048868928,0.14574659561045525,0.0808689532354571,0.09469156383067547,0.22362948666922866,0,500
1.0611528228757885,0.47378354701873193,0.4299457591354544,0.5996563680163128,0.18931990750798558,0.08824453076920415,0.127411630965917,0.24518955558003416,0,500
1.3088745307361316,0.3789720867306548,0.2392485309947563,0.5109223831020788,0.16979296595582064,0.07412454267834305,0.14215505197692652,0.18783657932783995,0,500
1.1136525882575945,0.45491375258132477,0.4220081526337367,0.6154923779824194,0.19170902000336382,0.08816687675407588,0.12638049369591958,0.23971981157805614,0,500
1.1248912185086333,0.4557578966293628,0.43818294858444895,0.41525451995459495,0.18563642771990638,0.08525930810895137,0.10696847420553351,0.2044967838991581,0,500
0.8716118955278964,0.5880912837070973,0.45811512875587107,0.36956869186474484,0.17822619595223094,0.07981124599889058,0.08313032021471861,0.2587561607212143,0,500
0.9672304178627467,0.5602096164259733,0.4897697050474868,0.873523626204211,0.1845385925264008,0.07894150689713404,0.08332036933763597,0.3350627586310817,0,500
0.9527206105196219,0.5824083455569146,0.5861701495391457,0.6214731139327814,0.21498555618164553,0.09117063551390371,0.08252679279244014,0.30701676847229814,0,500
1.0930841911935136,0.4836233363322319,0.5778025466601736,0.5396677034630716,0.20548233061968685,0.09206302451999177,0.0833893675899696,0.24258881206227928,0,500
0.7163091880677661,0.6689415119106665,0.5078437810951304,0.3508194349049738,0.183537901351893,0.0827586508331228,0.08110630021641564,0.3097815052996775,0,500
1.100012920322251,0.47436506736715434,0.4352817290990927,0.5332078142900011,0.1767782347219782,0.07911761125524379,0.09093998564653337,0.22939346053017357,0,500
1.051746647660806,0.44435381281428765,0.4241149438713622,0.526697305408764,0.1613894156586631,0.07908246823870886,0.09658246201096125,0.21997701825767665,0,500
0.8476812691939509,0.5403995046920786,0.5048788407549969,0.6867696939969873,0.1736283690058724,0.08974074131774985,0.102911807615215,0.3006413760240049,0,500
1.0156830911697272,0.5185793641183417,0.3874246312269986,0.3766700588134558,0.17616782406895143,0.07855486462306871,0.09910238624264812,0.220425091852694,0,500
0.6877310904891374,0.6674497739227723,0.6606704988812155,0.6122973138559495,0.20838542346866187,0.09942332713980691,0.07840125815346034,0.3855287822645995,0,500
1.2595071720692037,0.3411542125428558,0.38719904388685605,0.19893809736853635,0.1734192230736673,0.0839874408944685,0.13689736496237948,0.14244580206720794,0,500
1.0500731029082664,0.5077953437348028,0.3422492618578525,0.3361960397018218,0.16606393343455905,0.07320346378223634,0.0912146933107827,0.20608423916121113,0,500
1.1760546806848597,0.45821738379232163,0.3289531298490367,0.712372125646861,0.17851427903151892,0.07616936952583939,0.11797456315947437,0.24642243249268445,0,500
0.8605919927914664,0.5920610603681036,0.5379630706126186,0.49699781708715163,0.18958837560455877,0.08712098876101462,0.08403992448394747,0.2863315850386008,0,500
1.2931732164873002,0.3646896749110604,0.40085376170045517,0.3562338394335594,0.18738804649242197,0.08601194728037515,0.13649072785275057,0.1687108042850966,0,500
1.1523953638647948,0.35718331129907654,0.4034731247684175,0.22844405584631453,0.17138693533734825,0.08959946623991918,0.1481344020286633,0.15151824268003425,0,500
0.8684776240350971,0.5106686036931385,0.4281738325356703,0.46820252650903094,0.14767294839471393,0.07789712891720987,0.08515651059060231,0.23971552050384268,0,500
0.9967113190419019,0.4636761768919757,0.5729760268022501,0.5087864971440458,0.21293024245596154,0.11067571538145796,0.13139483381141534,0.2378278244737775,0,500
1.0453716362849435,0.4488830548667467,0.37650257711545726,0.40034747015151717,0.18242824823876264,0.0914900145631358,0.14417781959408757,0.2026734558941363,0,500
1.162640199629191,0.37633320857376695,0.3104955329689929,0.2529978018690562,0.15914075384733445,0.07898972567282582,0.1360303728659254,0.15696745988219293,0,500
0.6987481843848549,0.6529840071792288,0.5507130079463111,0.674450795527399,0.16873392625156872,0.08063761841129503,0.07403299594040222,0.375911063700585,0,500
0.9726307923551593,0.4985251637333417,0.387271632616137,0.7071780234784404,0.15096224731815616,0.07169433317815037,0.08467940112941559,0.26660953814233646,0,500
1.2323047110774998,0.40557062144254147,0.3088428623208189,0.3086271347758017,0.18749571452759867,0.08573323939515275,0.15437131542037913,0.16974613475866418,0,500
0.9426703000570843,0.5058013763055795,0.5309796331321484,0.37305494526368793,0.18993415792085122,0.09532474477619199,0.10059157251462923,0.22556958039849473,0,500
1.3734315162600992,0.3005739993022215,0.34017095494536254,0.37829146066546504,0.168475552089609,0.07921184022876374,0.1545209227957885,0.15433638926493634,0,500
1.0393500426259155,0.4987998235169003,0.5008947830493495,0.5416727247905117,0.1883649163012466,0.0866724807195584,0.09313012758749162,0.24415163137621293,0,500
0.9958197456697376,0.4823163032912828,0.5326001749800586,0.6849588247636702,0.18856516485694982,0.09311661224028411,0.10288771645357246,0.27083273700878613,0,500
1.235218194968255,0.43871333939258245,0.4093818934494579,0.15292601078563894,0.19434909264132155,0.0841344816661529,0.10674601476951168,0.15765989971929611,0,500
1.250035655326265,0.39731609185743483,0.538508969768367,0.27760240039610035,0.21094345993110503,0.09756267734401884,0.11273554644834423,0.16714845109905516,0,500
1.028101305750934,0.42987013736513613,0.5034971154484151,0.3393633176768875,0.1796404213081617,0.09366930743302139,0.11259006710014413,0.192106355428481,0,500
0.9227572644033746,0.5251733001710456,0.5507054876396925,0.5139970956401907,0.2053440816380244,0.10185188427823383,0.11255000928991662,0.26344861473230913,0,500
0.7824779245148568,0.580983094772278,0.46291740769662176,0.688593733457623,0.15276201065315587,0.07674147204741057,0.08052269541340736,0.31908333230081315,0,500
0.7488218315556019,0.645361824757992,0.6041248084115824,0.8512445837338515,0.18664227856785787,0.08571901389205143,0.07513384860228811,0.41026268660506343,0,500
1.201215918621875,0.4335384854503515,0.4339646626819103,0.5883281965127151,0.19121729624181616,0.08449967787919233,0.11522795185685739,0.22390532449018352,0,500
0.8206024235355303,0.5837281279161497,0.5211012974952711,0.3193231649611,0.16915665261742674,0.08305585631519825,0.07369050684511388,0.2489074934689061,0,500
1.1664587930997738,0.3968459630622819,0.48029367469670947,0.41986758881043884,0.18377700673459688,0.08940131512720352,0.11437808825097755,0.18981042299904763,0,500
0.8600329932488306,0.5346627443469717,0.41219769584093824,0.4925430626419196,0.14880031563395968,0.07520515946971484,0.08446978913909542,0.25259300763363396,0,500
0.8948288198616465,0.5179332167907392,0.6246161160209154,0.36087005613841255,0.2081062613839481,0.10874312290903784,0.0985365012530611,0.2333896133691425,0,500
0.9026274249744459,0.4961664937894973,0.7266798782149924,0.6023532481910621,0.22377736356249797,0.11993299794982609,0.08470261183420631,0.28289808661307886,0,500
1.003148165241905,0.4810681156710846,0.37053281826960355,0.7196261665688422,0.16069376021066992,0.0763639708061846,0.1058584415662537,0.2642103373619867,0,500
1.05641793849752,0.44957305927181596,0.4365647628656906,0.4355720555352889,0.18939256682745473,0.09507971114155803,0.1320285081874825,0.20981997228938562,0,500
0.9885043719824717,0.5249805404506305,0.48654524107867364,0.3938838412518621,0.2004732354849718,0.0933557253637931,0.10700274289292887,0.23118186217667652,0,500
1.2014295113074351,0.40086431177045334,0.44921519873769505,0.45245651506141127,0.1806905878342097,0.08382460422099679,0.10482853222538525,0.1939981156061162,0,500
0.9721611476213735,0.5011793543272808,0.5254342226177351,0.4117719972032715,0.1855962834664224,0.09173535787427,0.09426434994637797,0.22670213508325265,0,500
1.125368479650821,0.388708365438772,0.3469863368327365,0.3681345696376182,0.1869537155957419,0.09589550420560329,0.1847546432010738,0.1798609772006492,0,500
1.3234174037075594,0.3581141422374602,0.4097252648030549,0.31187348672287374,0.19092201867077457,0.08661710159774384,0.13806303782494497,0.15996101840436308,0,500
0.7543312661261815,0.5524251349675301,0.5610707291288858,0.7991367548715265,0.16072761009859146,0.09059868215050713,0.09117994347328581,0.3395350426430377,0,500
1.6310087683154755,0.30327480071794727,0.1962594657995772,0.22423109906844657,0.1774472005249691,0.0696251632367629,0.14883461720045527,0.13088571084954445,0,500
1.1075652145329158,0.43025236424886987,0.3497438918749753,0.20320621322339186,0.1658747731695495,0.07962977422710345,0.11630838662490267,0.1641667703737312,0,500
1.4369243573954302,0.25109568375398245,2.5322194895338443e-5,0.17036618638260148,0.10561716207382392,0.043588076105185024,0.0027129053318012877,0.11750357259271985,0,500
0.8407072342381491,0.5882293326970416,0.6166857719987935,0.2518920152282905,0.2211520973620106,0.10748753925618956,0.09002564680375434,0.2412596552443753,0,500
1.0507701156962423,0.49371218060118344,0.48840985286791117,0.28117575782318643,0.18412781623744642,0.0842183832597455,0.08328397494498026,0.19896543052252275,0,500
1.0796811678299472,0.500101045058355,0.30374056997887466,0.852530706307003,0.16836845156399494,0.0711492509269247,0.10630718049513414,0.2856046169497045,0,500
0.9856814679222554,0.5436034364813433,0.5084045329558,0.28599314490175387,0.19023747391251444,0.08542379810205995,0.08259967735728443,0.21747453404698355,0,500
0.8587746128812335,0.5575988884615284,0.6177486708597236,0.5839816799034292,0.24101145219042452,0.12364443616604011,0.11520675701355684,0.3066151545075652,0,500
1.187577058699816,0.4091134372467698,0.6427783715241223,0.4004334827182244,0.26838364823747723,0.13048479693393772,0.15062796923848315,0.1993327692924384,0,500
1.276897653627848,0.34623715292185997,0.4141648622358945,0.3575605724641704,0.16978402686712726,0.08050897270644336,0.11134201225635755,0.16370086035698764,0,500
1.1281834168729978,0.44967555545816784,0.4249328033570288,0.30634345554848147,0.17307821168679624,0.08014430017102114,0.08944651789334958,0.18439534735395413,0,500
0.9345978547091894,0.5038197323878306,0.535625838865316,0.22659220929927895,0.1964514413363415,0.1010419474109206,0.10927118761366447,0.19884087950074408,0,500
0.9626915658976329,0.5263379739696932,0.46561039828175127,0.8085215435430937,0.17637326423214067,0.08094558751155935,0.09315112624862415,0.30746071584455964,0,500
0.8670689559190949,0.5555016486339076,0.553990109583462,0.4862026253143655,0.18281697184555745,0.09001398551168023,0.08303727330035332,0.269702080380693,0,500
0.8739374136505987,0.5563633699761953,0.753923023381077,0.2403256824271555,0.2961678995577672,0.14948623135647615,0.09841401327163904,0.2272850125741684,0,500
0.9488303855240918,0.5257498275208977,0.298389385934788,0.3796607984899585,0.15302207125995,0.07072439596279943,0.09426543859718588,0.22194110586301466,0,500
0.7684840504440069,0.6085166176251959,0.7079210336005062,0.6292001864839238,0.21493046544099156,0.10843855103331228,0.07828612256683472,0.3391077649154579,0,500
0.9990668140512042,0.4704190437537221,0.491387611199963,0.2543078401187508,0.18695512125846514,0.09630975648359255,0.11330881836658652,0.18809865883479762,0,500
1.112125577499369,0.47352340112842606,0.5293979716734531,0.6529216428806749,0.21209164693507288,0.09599912240300192,0.11554184052389914,0.25765358933818255,0,500
1.1544594149714502,0.4952548573781115,0.44911035401151433,0.5551183662877578,0.19169029781058675,0.07988148889157266,0.09027672434766747,0.23691532795113013,0,500
0.9802432541884536,0.5150577937138424,0.6648151653447516,0.45246859742004425,0.2242032521795869,0.10672915653258642,0.09047369428230913,0.2466900834937583,0,500
0.9790995415696098,0.49841378830942373,0.44096144376429564,0.8817329996408821,0.16814676848586332,0.0791707156046675,0.0979298412390747,0.305961271563186,0,500
0.9027126591659331,0.5762886994647429,0.5971398169441022,0.3178520088176935,0.19764494062743462,0.09127968598257473,0.07216711302792987,0.2418480867346496,0,500
1.111434514317875,0.44897748626059447,0.2516562358063005,0.49886290780675685,0.16164900896781045,0.07342057186781648,0.1226196350947927,0.21027960716501337,0,500
1.0613750177709915,0.44266830974068433,0.4642428712132312,0.3252624700883529,0.19852004650791388,0.1008058492681981,0.14067627973193775,0.19053816254271336,0,500
0.928187957516863,0.5492774056353592,0.5858051131278014,0.7228751010770404,0.19738501425467858,0.09244791842230755,0.08440138104099144,0.311109717810021,0,500
0.597569013212255,0.696153204333916,0.6376150078925981,0.3355709926737658,0.17776147681265037,0.08939576747704242,0.06907086997439042,0.3438271816788885,0,500
0.43824396494353446,0.7712009222152512,0.7121255162067056,0.4190767129539163,0.17857333991125526,0.09372792964291007,0.07014383425176438,0.46100690095601293,0,500
0.7167410364602409,0.6451449269580091,0.5264807204202081,0.6429965319650482,0.1640182237678151,0.07802174222681063,0.0725050890119441,0.35677991300252027,0,500
1.0893866762922182,0.47014431672044305,0.5474252100435618,0.5114150328796709,0.19764484632251686,0.09173181013503127,0.09274077443127862,0.23018516554082333,0,500
0.9166991208289356,0.5282507673132256,0.6233073658449683,0.4530200316274272,0.22535753591275748,0.11309758933079092,0.1062545001290148,0.25696827492366386,0,500
1.2230883892393427,0.38404600376521225,0.3101114251935655,0.27374428102650933,0.18409623522058297,0.08741397968404124,0.16513327060449753,0.16082741079015458,0,500
1.0562116665539754,0.5059254419506506,0.4853775397365958,0.29835184339717113,0.19085543145899822,0.08497739411455407,0.08669613943645356,0.20555587883528018,0,500
1.0544360482777864,0.4900914256022024,0.42214034244874776,0.41880358921808136,0.18364315144539706,0.08342031900120929,0.10651604857431393,0.21913755538186994,0,500
1.3040058203698583,0.3904768450884013,0.6578120727420297,0.4681820134628161,0.2856485815043219,0.12985034160117462,0.1453477361112116,0.2057734224426998,0,500
1.021530445016069,0.5051974104067627,0.6359464965547866,0.5781749734396989,0.2695071667321227,0.12836607648501064,0.13370005184156966,0.2763628965468158,0,500
1.0707972903504224,0.4496677271532302,0.4061473570641802,0.33920966776919853,0.15849101465117996,0.07540319748576374,0.08377309689193317,0.19103246868692886,0,500
0.8645831156524496,0.5920889435160617,0.5723585454518026,0.3413068559135701,0.21529319394104723,0.09873659796439946,0.0914619470169322,0.2623935226298666,0,500
1.1198014327160428,0.5003940507582517,0.4122554871242915,0.707220124214323,0.18291573051113166,0.07635714182550779,0.09295777845712307,0.26493641612884017,0,500
0.8899388681250548,0.5331481011308551,0.4893752892005741,0.6530579249429227,0.16118131472071692,0.07880661243571023,0.07831340773939195,0.2846079319218877,0,500
1.0694053434762127,0.4913650667423996,0.5289547328136915,0.2980369523657104,0.2021260268986205,0.0919274672199704,0.09095107645311816,0.20255137748926025,0,500
1.113002250474222,0.47345783865614305,0.4804073061328325,0.46142113113718475,0.19164654084645968,0.0856929436036684,0.09528502596466161,0.2202117210343607,0,500
1.095717047695497,0.4694149619349229,0.34730447059731456,0.31440268681600425,0.18025937146265522,0.08292691149935984,0.12412862255132597,0.1903927059035525,0,500
1.2333713320665818,0.31905262353754815,0.4907922020251153,0.1803491254724311,0.18924060733442782,0.09937738490806783,0.15680560022149653,0.13666567666877258,0,500
1.3828967898531817,0.3517759687718439,0.19494478896251743,0.1654168013880652,0.1583897842197223,0.06807794579573247,0.12463137159772407,0.13520735405494275,0,500
