tau,kappa,beta,tau_se,kappa_se,beta_se,convergence,length
1.0618639032781085,0.7831214736969488,0.06261460906118019,0.1732910510933674,0.03218379394413448,0.06851004310476788,0,500
0.9174205621013662,0.8481281314944721,0.08801884703128332,0.15978399712406474,0.025872700073226583,0.05782028679857476,0,500
1.0638160619513852,0.79834882112052,0.0060467850977709145,0.170902516357488,0.029835981086138868,0.06108782545147449,0,500
0.969301633031833,0.7903828117784997,0.10686590750603074,0.14904636469130758,0.030744192747295163,0.05511278057064227,0,500
0.9332322858727464,0.8205823677123623,0.023208222888560528,0.15308928085013548,0.027591870624486935,0.056619071590804496,0,500
1.0199117646110984,0.8052836253110154,0.10513532939878217,0.16330930402316404,0.0302130547261507,0.06106242698981496,0,500
0.715809517010727,0.8531141225207509,0.14086827787848696,0.14412041698141187,0.027214488425625728,0.05230289164201007,0,500
1.075885401351727,0.787723987181985,0.08634003013795448,0.1653478962647236,0.030934574646552998,0.058409781163158106,0,500
1.110053055102785,0.7611944775578268,0.06832596087642408,0.16541576768487737,0.03270433555309031,0.05820300671674906,0,500
0.9702343890029362,0.8437560882387172,7.899281986397676e-7,0.15186903675041644,0.024012628691141243,3.694867981673566e-4,0,500
0.7055336620754523,0.858950891836967,0.21619102407942214,0.1491502628317761,0.02806472919591796,0.05513739970526581,0,500
0.9024636375757946,0.8011559876701605,0.18550920796986578,0.15864057907949886,0.03228318888022917,0.05484646291060274,0,500
1.0125709507330611,0.8241202883579037,0.15320573005651367,0.16945375112768368,0.029127454355458098,0.05330303251038096,0,500
1.225449297915541,0.7101922619405904,0.05043425112971895,0.16651670978318167,0.036001418030781905,0.06764889586657344,0,500
0.6887215189705985,0.8535088538407842,0.11582898518485239,0.12928777053324272,0.025597302555431974,0.052251074769656077,0,500
1.0180582203154651,0.7933076926767858,0.10277984273452474,0.15841065000672477,0.030390724465065126,0.05751991634266908,0,500
1.1025930837906237,0.7839618491093411,0.14979505159398995,0.17271472315701258,0.03250633031004922,0.061939944240114425,0,500
1.0163832596437945,0.7877371102702311,0.1071406731058415,0.15833256595253425,0.031192045488063685,0.057711913822681905,0,500
0.8810975001705148,0.8290115809690495,0.195217860606824,0.1574674439154393,0.02922227082677322,0.05173964401892499,0,500
1.0684560811949657,0.8298044386631248,0.07008590993819165,0.17545068534504776,0.027392261131439086,0.05831039419042126,0,500
1.1611903402574935,0.773296445534791,0.08822660076151924,0.17270510693289776,0.03161842400912773,0.05772968492159265,0,500
1.0520568089069857,0.7562909686219114,0.18417574987588595,0.15178071822947853,0.03501397435227395,0.056243547608306466,0,500
0.8644887713497198,0.8158993151935389,0.06835786838123759,0.14631406947017164,0.028965547875047973,0.05901751492393253,0,500
0.9270627535889423,0.8079345022777356,0.1353511439955513,0.15779564201184915,0.030694656212401594,0.05571079320490692,0,500
0.8231160637388446,0.8617072202347372,0.2450173018236277,0.16876827699620675,0.02770041767384148,0.053273946785696795,0,500
1.226010554110092,0.767322928571625,0.11564140043421454,0.1848897574883217,0.03340061033460155,0.0635596373906901,0,500
1.0262795901547654,0.8020769192330355,0.1363359237383584,0.17352481285758228,0.03138046583836985,0.05848519484282865,0,500
0.8733694781588216,0.823367295658077,0.1883248378727282,0.1619263959728299,0.030525239878524988,0.055864455373548554,0,500
1.083635168721891,0.8009786308745338,0.11615571203464785,0.1655911669349011,0.030174627867474605,0.05343675247270338,0,500
1.23846967387543,0.7267910977441884,0.08752315664392855,0.16341120692711372,0.03506244884318553,0.06449548898978608,0,500
0.9795149119712256,0.8233386883775285,0.19922045368633648,0.17633533983805003,0.030237531979396298,0.049999766729232745,0,500
0.7795823711829983,0.8437377306692568,0.12112829398328012,0.14120192321505953,0.027009857871279578,0.056815742214707934,0,500
1.285580791641769,0.748624262399895,0.14856340284739597,0.18951401806828735,0.03510362543155222,0.059635936425146224,0,500
1.1843664332763204,0.789787387647108,0.06332604703816792,0.18171865899666684,0.030510402917524725,0.061577621201897026,0,500
1.5357450707343367,0.7285788124146217,0.05791679449728137,0.21463640486694358,0.03515086367019129,0.0677535100393149,0,500
1.1148578151904103,0.784104634948763,0.03327189225470663,0.17413510786703412,0.030492408743380058,0.05046505074284676,0,500
1.172280159452772,0.757222233011837,0.10905621498636543,0.16065341975566064,0.033783666006896945,0.0642350543559079,0,500
1.0819843493874477,0.7706139942874946,0.05171962820267399,0.16032304392659708,0.03169661838624159,0.058738214585773024,0,500
1.0335429342694116,0.7775737084818094,0.05022432739094535,0.15466540386421973,0.030994705330063006,0.057919364790936796,0,500
1.1139241849383572,0.784493200092372,0.05666149527623752,0.17267674739864436,0.03109820413480619,0.05848602296680675,0,500
0.9840628224512151,0.8148804901030416,0.14806485837836672,0.17442116853887993,0.030696798652978845,0.059198517917785125,0,500
0.9582530129406017,0.7874086350909733,0.029728887497781378,0.1460050641959137,0.030298039131064998,0.06360535396196063,0,500
1.1409703449709243,0.8090389610191216,0.05481676907167368,0.17075818897952397,0.028514466463479285,0.05455991254007976,0,500
0.8702798932087321,0.8298708332818844,0.259373068159478,0.16453520022716392,0.03138907441364081,0.05611346632457136,0,500
0.9841395081774679,0.788563577887827,0.033831096717489594,0.1431171712822237,0.029719013984493753,0.05658897213270213,0,500
0.8347603919464872,0.8499581009820357,0.010352156473622219,0.1474698500599757,0.02500895152246509,0.0569159638014098,0,500
0.9296153874063242,0.8464787743019635,0.12171568727755115,0.17376483135505064,0.026931341019564212,0.053875500458875895,0,500
1.0469320911162696,0.783061836477747,1.641599253550108e-7,0.15090355211723533,0.028361232531062625,1.699815639115127e-4,0,500
1.1487465349243247,0.7637494901714589,0.02777874734198136,0.15942838459167516,0.031215857541566267,0.06572892756403001,0,500
1.1908514963365493,0.7558576523147881,0.0556436729826919,0.168474307621236,0.032697189326473086,0.060928135783943335,0,500
0.8008255871558239,0.8457863030189356,0.16703039641749545,0.15506554207276646,0.0279853711027364,0.0547570391152338,0,500
0.9134596597486304,0.7860828010419746,0.15870836805075275,0.16069876616443332,0.033683931546090805,0.058272647336622914,0,500
0.769524617415419,0.8750208285182366,0.2136950909744206,0.169673307751963,0.026436617965353196,0.0626848696529686,0,500
1.1000352235148159,0.7532930466901878,0.07427970399724663,0.15815797833109754,0.03289827075421485,0.05262422658247774,0,500
1.0418884469506726,0.798712662408817,0.12249670150960523,0.16950545897507047,0.031229684084760193,0.06170772360574139,0,500
0.8867347609441985,0.7976596286527187,0.07349699772306685,0.14798524387548084,0.030687034558744223,0.05686994058217332,0,500
1.2341584455951744,0.801657271056076,2.564123644974721e-4,0.16919884071197192,0.02678959943206702,0.013553747560108761,0,500
0.8408586535165348,0.7898925586389722,0.08975934189991233,0.1455334466316144,0.032363743107573166,0.06225965401787279,0,500
1.2892493586462859,0.7242823779758318,0.05541527564050218,0.17319933324182604,0.03489960535099401,0.0673023694007129,0,500
0.9507624868063319,0.8175908527202784,0.1306812467388642,0.1660816807342351,0.029610715118121248,0.051386964829156064,0,500
1.1981639889691345,0.7917271851896959,0.1049963180448526,0.18819839985910364,0.03116406111115765,0.06000816090509905,0,500
1.1734165109554573,0.7379562372136715,0.06645544494629715,0.17912123849427833,0.03544038846046917,0.0625625184535804,0,500
1.2300588475359246,0.7275493754090329,0.026452950165172767,0.16872495133921306,0.03443069380655611,0.06775402490393997,0,500
1.2537438613030818,0.7679628809799017,0.03800227856477436,0.17916371066670783,0.03168709952704076,0.06355108581378877,0,500
0.7239517816007444,0.8774833818388079,4.6212681905754866e-7,0.13670896685418443,0.0217244451048136,1.333092971289522e-4,0,500
0.8591872689882502,0.8222618093063326,0.084684783220583107,0.15704882514196675,0.029139623526066895,0.04967550513635189,0,500
0.9186293901667949,0.809072728579248,0.08426887207674158,0.15919419623869882,0.030023480126966384,0.05645010786885457,0,500
1.2707027885657178,0.7631489360551941,4.657072162534541e-6,0.1645174167461204,0.02898485411069996,4.6189054558246333e-4,0,500
1.1802028310236619,0.7936710594243787,0.16488059215846548,0.18803665567450412,0.031924093312486905,0.05422001542656088,0,500
1.1332766736593687,0.7095073164556551,0.12884862670338504,0.1635010704955233,0.03788148038640879,0.06535075476341577,0,500
0.8286904651265602,0.8241074492360766,0.09017559030962774,0.1469749295518878,0.028558297026065774,0.05285116556641453,0,500
0.9098088583414314,0.8068769433756212,0.032543984683629124,0.1506852849949237,0.02913307149443674,0.054185989624615086,0,500
0.8121362445163026,0.8260983185019226,0.06442336145333086,0.1342648391376722,0.027644501992960896,0.05405251036173841,0,500
0.9616144205923531,0.8262303525433058,0.11679792363668394,0.16430727886443977,0.028283701784329547,0.04877200480330171,0,500
0.7663592717069648,0.8444049016656483,0.05990671964263235,0.1361561938466528,0.0258827922131592,0.0496955826242279,0,500
1.3559444959353961,0.7238839183476472,2.651948534480529e-6,0.17500572580555188,0.0317398185817459,7.977595100777982e-4,0,500
0.9950896631046414,0.7994807936871604,0.08499024665058406,0.16005225995071673,0.02996764061070544,0.05139185162184044,0,500
0.692784225512615,0.859341732211401,0.2193670461831552,0.1487581763246706,0.027916216910748765,0.05121696632281902,0,500
1.340856644898812,0.7781811433517156,0.09001191934345495,0.1954325027508646,0.03133487611975731,0.05355049806882347,0,500
0.8992276033403663,0.8034448771813764,0.14390669843800288,0.14889912998647128,0.030772076308502993,0.052114730252588073,0,500
0.7234352337069019,0.8806055131339829,0.1418935926651664,0.14860493452511986,0.02429867157441196,0.047666389373057116,0,500
1.341722206744355,0.7630573649553799,0.0986871518865888,0.1956675119759813,0.03288147491805032,0.059126750287010525,0,500
1.348100594330251,0.7393766056676107,0.09780053268607752,0.19314233206281758,0.034556335949946025,0.05845977076887003,0,500
0.6762184218981795,0.8672829907330515,0.10653063032009213,0.14527310836151205,0.025930371518837796,0.05651538231280734,0,500
0.9726331542611584,0.7630678889040486,0.08510281000411388,0.14597127625276426,0.03243567014380559,0.05770612161802111,0,500
0.8217480588580123,0.8123561072590068,0.07185150767420684,0.13640861802937856,0.02890579971897625,0.0540969917812033,0,500
0.8269523016411597,0.8481590089123141,0.14825576218880465,0.1570178728640312,0.02753589206730728,0.05629461107331718,0,500
1.2183110070885022,0.7361051563365699,0.053634924173133224,0.1720568423630862,0.03415118513943961,0.061292221252841846,0,500
1.2180412399164475,0.7561730421191515,0.07359999454066134,0.17878212214099057,0.032933420273808633,0.055123173223790525,0,500
0.9953647056254379,0.7474353943356192,0.12248309612512145,0.15179100137407128,0.03483188339336042,0.06232684049263604,0,500
0.9287051556991411,0.818933928476543,0.11101841681471998,0.15568134109607337,0.028988055212998607,0.056172898293019205,0,500
0.833857065750267,0.8232393971747414,0.08670940830411435,0.1482891129888704,0.0290341442431139,0.05602704106512745,0,500
1.098677289048785,0.8045032397632241,0.12038624806335316,0.17682832508439716,0.03031260069710936,0.057793757563289236,0,500
1.0660247426593512,0.7766095077927304,0.16730777685611956,0.17968148313548785,0.034357607678422636,0.061470048667116195,0,500
0.9640526799890583,0.7886671653029022,0.07003354324578849,0.15535286229956283,0.031087369802653777,0.057730786141113925,0,500
1.1858015792166703,0.7540365867953519,0.11240987060295708,0.17177933601927337,0.03430434765478301,0.06703363485445091,0,500
0.9217356884858486,0.8156338443924751,0.04459060109762668,0.14623397610923106,0.027918647637705806,0.05215174762085513,0,500
1.0038368463671747,0.7434039441377993,0.07846291095761723,0.14424418152897556,0.033832719258216556,0.056670796825468946,0,500
1.3006841754735003,0.742697043284068,0.11987241889313237,0.18099594468389582,0.034131885067445654,0.05572488000991013,0,500
1.3697432991722198,0.7403891535459278,0.10636956143467595,0.20316520350800174,0.035597664351369365,0.06723351012998684,0,500
1.050050630334492,0.8018617406248619,0.12578375585760818,0.1689187531537313,0.030727748797045,0.056459009452604986,0,500
1.2448509959808483,0.7386292646259962,0.03871009238231265,0.17201568700423256,0.03358088314688099,0.06275835773707643,0,500
1.118049407231635,0.7701033240915518,7.832246765921225e-6,0.1607530306578538,0.029483061681338702,0.0010284039038283334,0,500
1.3011174338542206,0.7395414277887118,0.0925118744642813,0.17746260182728407,0.03416192693124627,0.05833286526615921,0,500
1.2160930699278802,0.7733718875153229,0.0748115807184999,0.18403469540831816,0.0321204278173951,0.06195616008090147,0,500
1.2948426667404924,0.7256932829298293,0.02246972333295036,0.17209198540443085,0.03381009893227981,0.06108720476324297,0,500
1.1661154734651917,0.7882594656427777,0.07257911894630713,0.17769884046915937,0.030544854015181738,0.05765878035106692,0,500
0.7889040049016726,0.8311280865496353,0.15151426525843845,0.14742536863372652,0.029203284581452056,0.0564392669282865,0,500
0.6732450316788979,0.8832856201378398,0.1763624104916196,0.14931367733716047,0.02465600368269447,0.04836821338141781,0,500
1.069812440983099,0.723187997162627,0.039944067209087455,0.14308508718597338,0.034238643670020275,0.05976843456255072,0,500
0.6392020114545037,0.873408531187386,0.23403105726930373,0.13980828336927184,0.026363345936151313,0.050614239296578725,0,500
0.8563027306230218,0.7942311055739771,0.12166250496430026,0.14883655602540677,0.03189582712565448,0.051145970992879104,0,500
1.1560511769266961,0.7583958237479568,0.05096721967997673,0.1740246323216338,0.03340142919647061,0.06678355247394233,0,500
0.9716584688927954,0.787956819638473,0.0679437155810317,0.15745607289641,0.031233434863268447,0.057430220231837574,0,500
1.05352040199679,0.829817358914366,0.1954657262793045,0.19367169579328916,0.029874200779688786,0.05707082291822012,0,500
1.195072582544689,0.7528108669074968,0.034779249860325136,0.16104476571057455,0.03175247844746264,0.058099866066134695,0,500
1.0006821569236368,0.8185271674746629,0.16411942685028047,0.1666838143933793,0.02964292298650586,0.04903591497096951,0,500
0.9993652171146516,0.7714072738536729,0.15993125946422534,0.1519927307864874,0.033147311923092615,0.05331461794403117,0,500
0.9523092864735268,0.7967049510954496,0.042077009384385605,0.15288975225800955,0.030269793163966028,0.05747294499899009,0,500
1.3596336101076092,0.7378029254526041,0.024921466260899184,0.1803334948929877,0.03291498583360091,0.05926826143317825,0,500
1.1368436615759334,0.7393363757665298,0.15028122902085572,0.18788838548311554,0.0393663288336809,0.0693120461066505,0,500
1.3381822571660473,0.7458660349106028,0.06152868561296516,0.20049195523370403,0.034292811358911435,0.06041948393501195,0,500
1.3842672133460594,0.6866319368984471,0.06254050651351738,0.18592857548887023,0.038117352099568895,0.0691738634577115,0,500
0.9311710529943731,0.8082939983606606,0.10882532320683523,0.1530059570738704,0.02965220088626369,0.052173416258226434,0,500
1.0286387285862566,0.8021851849066017,0.1312490181239521,0.1700704293505273,0.030825554599258755,0.05799210698169603,0,500
1.0632958222707185,0.7459206370638121,0.10302203507511042,0.15232353789466122,0.034637034047475916,0.06754078564754269,0,500
0.9902077996615571,0.7916686589856179,0.11285292989080435,0.15740046968630836,0.031129093596117752,0.055630850430819945,0,500
1.071149619560862,0.8309846978368519,0.1507887910407793,0.18240567090987767,0.028494824185229185,0.05210186386517553,0,500
0.9134370078141163,0.8217277655974908,0.07374782125528768,0.15407608812380272,0.02842689879821923,0.060225591644023954,0,500
1.0942841013273108,0.8151745883386622,0.13388663513483262,0.18205238418231393,0.029711174860269442,0.05717742358131922,0,500
0.8759946126580276,0.7917361994866292,0.15763279064643107,0.14739156502345976,0.03264792206520689,0.05750272626263545,0,500
0.9871710524231903,0.830203226937554,0.13506082253380708,0.1682809032364187,0.028678780333561946,0.053651917720226316,0,500
0.8359872277033045,0.790335079625773,0.07840925352458984,0.1414966852521315,0.03158660869427757,0.05588236238076006,0,500
1.2045483775337502,0.723287858313195,0.06132531798968105,0.16577539933955265,0.03491162336452444,0.06136873202253527,0,500
0.7773440608722944,0.8064093204178678,0.21270424669421584,0.1429120443828132,0.03304103482833559,0.0561042838132772,0,500
1.1677226229599444,0.7436050888395322,0.12125089379205208,0.17229479059789188,0.035642122757886724,0.065343413593094,0,500
1.1068705842007573,0.7729633468443139,3.4879959817548164e-7,0.1482025789996012,0.028459633817999968,1.505677347032876e-4,0,500
1.0465565559407726,0.8235668244212817,0.08157797338993701,0.17560624313762543,0.02801747101608663,0.052429827526182825,0,500
0.7363816326903667,0.8370359254478562,0.19902391236912562,0.14760722340285656,0.030900578363074204,0.05206175742640259,0,500
1.0671536509431443,0.7840510080559123,0.17360264718804275,0.1751456122488619,0.03328168725184171,0.05920175087159908,0,500
1.4157313622126761,0.7583190861899531,0.14675524781171082,0.2212879965473335,0.03549124354874565,0.07349980594537711,0,500
1.0572058956004864,0.7652293359822899,0.11614153457225927,0.16097029456105796,0.033737573593962476,0.06627830985462098,0,500
1.1182093202901497,0.7674751560819044,0.02208175732337375,0.17432218366448943,0.03228203059161899,0.0603134588147335,0,500
1.172241005870975,0.7487584770634469,0.07749887710755045,0.16005230185779243,0.033140730531006656,0.05820600415194893,0,500
1.276230769650265,0.788813670555142,0.07160430362702186,0.19191191662446966,0.030511230871481932,0.058831357697225625,0,500
1.0762509956032797,0.7478196443299584,0.07271156925177268,0.16160872032300266,0.03421072342349741,0.06230772176992601,0,500
1.2217671821485014,0.7998166673666985,0.07638842748264507,0.19228566857180868,0.029706359549885583,0.05520480478092792,0,500
1.1967189213354925,0.7545089908966378,0.11581238940346558,0.1718184293096967,0.03394534588496299,0.0620896910461011,0,500
1.0574871411070925,0.7917840563554537,0.05083013217816539,0.1603799729682148,0.029739430567661325,0.053871285542136764,0,500
0.8904448501925796,0.8355804418108383,0.02272298898293214,0.15441709044627938,0.026254634116785726,0.05569948610615867,0,500
0.9730063192080839,0.7818629396130429,0.03684136937658724,0.16067126942223905,0.03183437423915129,0.058681976590254835,0,500
0.8759434489950793,0.8509395132232067,0.14437543122207258,0.15891056055777084,0.026584430444329534,0.049729350828401915,0,500
1.120304202653827,0.7589520809650804,0.1660168143070147,0.16838217576376333,0.03476371368620249,0.06059089305345436,0,500
1.0151158484602505,0.8391041142458436,0.13716851071649178,0.18320648995138547,0.02802055046983087,0.05815603697854173,0,500
0.9815200561048644,0.8036117410386183,0.1879374382257409,0.16621092259535253,0.03174571462586411,0.05713827994706646,0,500
1.2038043370952596,0.7700787045428972,0.11809531852878227,0.18672014924414304,0.032997556449056456,0.0587679868985652,0,500
0.8404170184373423,0.8216057020712573,0.1652321914502388,0.15492816020242914,0.03039657328972095,0.056125059436203426,0,500
0.9143014998693205,0.805767703928614,0.05883106999751467,0.14924713753045094,0.029319495128337508,0.0554993416014915,0,500
0.9263957061626721,0.8159744317378361,0.06446548445160706,0.15393984291373397,0.02865661275177689,0.05470331529130907,0,500
1.0441119438918232,0.8216368144735217,0.032969694395121193,0.17161039787213506,0.027462779594448504,0.054263893484365215,0,500
0.7719367252204147,0.8373809652853069,0.09251494007676317,0.14764923848008155,0.028091055890258818,0.05452980451803642,0,500
1.2970887490404925,0.7493787336073806,0.06859618931885264,0.17246831465504028,0.03275672357352171,0.05793791969861873,0,500
1.1163447439786942,0.769816079831861,0.045167363043860424,0.15534313365189623,0.03049507933225604,0.0551342469563996,0,500
1.190578307372034,0.7555857439180513,0.052698050977653114,0.17151123893886935,0.032308927416719764,0.05875281407350887,0,500
1.1462978867368538,0.8083850695076773,0.11542363862640297,0.18843481605347626,0.0317555639329706,0.058634606294550966,0,500
0.9829201955289305,0.8224103886387428,0.2145657266679339,0.1689144927531162,0.030303055621616313,0.05990528552868305,0,500
0.9194915915768808,0.8147171895148708,0.07206354398911244,0.15447014568413225,0.028775146267434763,0.052260925216398905,0,500
0.8229856705212802,0.810385367362362,0.09320613748904523,0.1442565098933496,0.02999563130051984,0.05353270060598792,0,500
0.8189125402789402,0.8387050081510146,0.18697774131584124,0.16657818411976,0.03206693903538688,0.06624440467520379,0,500
1.000542197878807,0.8232535904794687,0.019085282571281434,0.15951362553722181,0.027070595120621956,0.055036096652783556,0,500
0.9652303543218724,0.7896355865467322,0.17869550303992168,0.1649497543362499,0.033919633836446944,0.06709581672109101,0,500
0.5684491189250984,0.8810227295207679,0.1462975203456492,0.11920348437078315,0.024172268826476755,0.05075598478876721,0,500
1.1998908745447754,0.7688029871473852,0.10212615936585229,0.18232234265299105,0.03274440643158647,0.057237196033627154,0,500
1.0706508535022357,0.8033855081210047,0.25075505660098557,0.19773098541286324,0.034181606021246404,0.06361708035053913,0,500
0.8451304304051774,0.816791696399353,0.07890001801213517,0.14197343935458487,0.02871793030449053,0.05488470873635896,0,500
1.1360830898817624,0.7899317865567775,0.16633734943864917,0.19111195731068809,0.03306176921804454,0.0580314110096997,0,500
0.9007588986952982,0.8180074373570999,0.08024545844923218,0.16216505768508327,0.029659729965684493,0.06204578272188701,0,500
0.9814705153318217,0.8018101121781019,0.1901979212173794,0.16182662015965987,0.03181260368761751,0.058653110272761856,0,500
1.420338318247595,0.7623806003747049,0.01412649459910536,0.18744439692410814,0.03105251441631356,0.06181227912554829,0,500
1.4221783848732608,0.7123347375990975,0.011562923042398345,0.18342256143452204,0.03498451868980723,0.07186720639389078,0,500
1.1795750728166925,0.7507995399647138,0.075397098453914,0.16936942677007702,0.03335056830822335,0.059137832317448194,0,500
1.0698270788094915,0.8056748766157621,0.07331581231965924,0.17876490259280323,0.03024127318212598,0.0667934525353242,0,500
0.9004796688918583,0.7643434097649382,0.1982093857981348,0.1538273843781379,0.0361492639974042,0.06144153464911751,0,500
1.227482128130992,0.7345655006979686,0.010278469582526631,0.16014446695997972,0.03258945119561307,0.05693221879672414,0,500
0.8596991056342784,0.8162291381347863,0.125813463405384,0.1444109500075162,0.029462253843966273,0.056605752991553,0,500
0.9908760630465211,0.7925057289329893,0.06385815406447527,0.1533327722189536,0.030741382164561244,0.06791303751891076,0,500
1.2662830427283485,0.7495142546967553,0.060074188888160095,0.18523705460599874,0.03425044442324748,0.05857255093436383,0,500
1.5738266582489175,0.7210511789961456,0.1165600554146123,0.20981169201445696,0.036061621184117564,0.06384138836570609,0,500
1.1379412080897082,0.7955863277849358,0.06244696814924103,0.17427174878323146,0.029876762592882647,0.05804430781026217,0,500
0.945258285956854,0.8061522266467935,0.10891064798804194,0.15549814981373725,0.030119928986077186,0.05954206864911295,0,500
0.9152787615642971,0.8074981683377406,0.15448580064980702,0.1554304095323914,0.030690437534354614,0.05496912013338107,0,500
1.003000834920244,0.8141018971188853,0.06002483529053644,0.16259192048374185,0.028458813004305382,0.05701419005268488,0,500
1.1389168017583802,0.7756995300812695,0.11016002391900125,0.1694807130985549,0.031682593262368774,0.0561489705829443,0,500
1.08401928651927,0.7569008572672946,0.1741794740152079,0.16498757248022478,0.03506380446998058,0.05858112046067973,0,500
1.0877084811579376,0.7753157573175218,0.03508128620159253,0.16168496904267096,0.0308573538641802,0.055782677032527615,0,500
1.0023737720938435,0.8048100159652138,0.0550851404064407,0.1584463396989455,0.0289936157499066,0.05426040191989433,0,500
0.904138059357848,0.814673647919354,0.23110195463059452,0.1616689999989401,0.031695481952742084,0.05734712063432203,0,500
1.0793298045144717,0.7446112058298852,0.11415024577504629,0.15768158624465695,0.034446104984528665,0.05508805041023693,0,500
0.871686881231681,0.8023486067800836,0.16322293525337697,0.14609675648703124,0.031732242359346956,0.06363311951513317,0,500
1.0793302200040207,0.7578933304124461,0.10044673042671615,0.1668752484938149,0.03403867429929111,0.060304380358490596,0,500
0.7794404499373725,0.845755940861987,0.0339976794066002,0.13748191857869105,0.02549075178660743,0.04968483608016534,0,500
1.1561103599401394,0.7954338674023724,0.03240474462172184,0.176095781316612,0.02944166810685401,0.05866778889798333,0,500
1.136460998335847,0.7869394561817548,0.07697622759336246,0.1782781259623988,0.030852198732521662,0.051985381720285474,0,500
1.0264771707165792,0.8219293425320219,0.017856944907938165,0.17630957540804665,0.028051012626451512,0.06381471444223649,0,500
1.1916213869792431,0.7259910862904457,0.14209940039484784,0.1628041873460888,0.03607896743128331,0.05930099155210447,0,500
1.0182258118234846,0.7617497610807532,0.09245789308000853,0.15042861267777888,0.032923097933170026,0.058739350191737066,0,500
1.1588986957088905,0.7925922103486603,0.0997174652033272,0.17926976422971175,0.030702710974134573,0.05660627962473861,0,500
1.4051853656725886,0.7267461289722407,0.20785305783075597,0.19213885472752235,0.03793979142340224,0.05899213055314111,0,500
0.8082113479156545,0.8247891038251723,0.1872419992901401,0.15062681710982959,0.030345774566850794,0.0544578130247914,0,500
1.179361508727225,0.7443547589974923,0.08627402368792067,0.16787647646756176,0.034800088041505556,0.06827393602119103,0,500
0.8069866117077317,0.7875154177688245,0.05567632880490868,0.13522824263577563,0.03217531646513479,0.05811097104045492,0,500
1.1129830248618413,0.8053558701202971,0.1804649975811,0.19123439335548012,0.03151889525321797,0.05600098857233496,0,500
0.9513311934694069,0.8295660348185733,0.07720086122048993,0.16655458599032746,0.027822263245371626,0.05424725790988111,0,500
1.0504480497167963,0.7755863962263163,0.0445620229265279,0.16444445608545832,0.03173728194933653,0.057337765798405646,0,500
0.7381745060175908,0.8318042234842457,0.14787632878834148,0.13696938371294468,0.029075942868837416,0.05978263910211711,0,500
0.8816793960486877,0.8291648103580789,0.19312496881727279,0.15718725814983972,0.02964419608671225,0.054296289202629834,0,500
1.0056642623764784,0.7794275262500291,0.12122622587166873,0.15548171950289527,0.03209751498854279,0.057498981678603324,0,500
1.035377878602019,0.7917827103630943,0.1150137596626478,0.17307021488781874,0.0321422763629623,0.0661514432704523,0,500
1.0979483075252041,0.7442717734023941,0.16880533536931924,0.1694625476467111,0.03616989677889084,0.055783456012490296,0,500
0.7723858036863981,0.8387103222239847,0.04177155490791735,0.14228199606505382,0.02697424375138343,0.05632612140433351,0,500
0.9492851418342999,0.7653898524016832,0.17055661872111336,0.15282278907337685,0.034858404702489514,0.05972281643464062,0,500
0.94712992452157585,0.7656029826925072,0.06605374874453877,0.14522294189554455,0.03246245074106474,0.056095874376751884,0,500
1.017942063622186,0.7757124097088548,0.2595121806586208,0.17283199613556413,0.036267999825854914,0.057191601239066504,0,500
1.2385402530574359,0.7303953554374231,0.05875184916668871,0.16323205808842306,0.03429192320862442,0.06499325595862328,0,500
1.200826922576701,0.7546922302321071,0.0624811601377621,0.1642587479076195,0.03164494464832606,0.05682550449957734,0,500
0.8650895881739672,0.847814150905958,0.14365594788065994,0.1599983355517133,0.02731156700969872,0.059714762230547315,0,500
0.8237589041411685,0.7734786616170639,0.14191911211425126,0.1394874397054368,0.034552361666329884,0.06505332939177967,0,500
1.1899910664932627,0.7688450801621926,0.02742249972590781,0.16912956000682935,0.030542006840412143,0.05786939092811506,0,500
0.745023043300119,0.8116239295541416,0.059194904209007644,0.12578196966152583,0.02910606436798765,0.05285915314586434,0,500
0.9633331638342217,0.7909629943528734,0.05725916156585398,0.1501101445245243,0.030098885493792936,0.052987782730211735,0,500
1.2465883070458739,0.7681663815803879,2.9820745805154644e-4,0.16986249927570649,0.029682597183856036,0.042395481106836365,0,500
1.1481977744729668,0.8147923052279266,0.1479137714525287,0.19051722217644465,0.030206043660702266,0.062013769506555606,0,500
1.1504541513021969,0.7591917443644757,0.07965220645678371,0.17733356651737575,0.03369072410308517,0.06246412547443122,0,500
0.9262217708086085,0.7951752771227537,0.07528643098992238,0.14291232535541698,0.02993151973954304,0.05349535510831149,0,500
0.9230263358792882,0.8002186308012421,0.23543555678476455,0.1760341427461794,0.03483298454348937,0.06504441950825274,0,500
1.0940235975130215,0.7949764906907733,0.10286978966688663,0.17550737024268317,0.030726044072115224,0.0539214010530104,0,500
0.8109081219457752,0.8487932952624494,0.1295470851289374,0.14932903873191827,0.026581139416983743,0.050368077118939925,0,500
0.9316868937784073,0.8050655992421121,0.05665628526439899,0.1532221236327941,0.02983878280193408,0.057010283649649315,0,500
1.0543198827718645,0.7687836449348137,0.1721095572705761,0.1641870468302731,0.034158551127488494,0.05895122952430881,0,500
1.0347063828509915,0.7478270371712853,0.08570084444406799,0.14842596216071002,0.03343665734942694,0.056093508150192546,0,500
1.1601116715253428,0.7596715673775037,0.11784639222464782,0.1741471096008371,0.03423859429585228,0.06091841951442917,0,500
0.7815825406084391,0.866177714406539,0.04705752614547855,0.1565260471910895,0.025082769042557386,0.05735920008261899,0,500
1.0871758724633513,0.7915197827867732,4.264826715007656e-6,0.15745813075276574,0.027672738973507506,0.0011085148602690907,0,500
1.319455647212675,0.7605785866520463,0.0635334710079606,0.18298140606556756,0.03233876575419021,0.06170854844667741,0,500
0.9412706784730317,0.7876531447728883,0.23534109396204073,0.1691958373359797,0.035034165562876175,0.05767587377255976,0,500
0.7605623871982279,0.8560640648530952,0.124368761684029,0.14357438331915226,0.025758094911384963,0.0482868360434382,0,500
0.9445059802446026,0.7877404076831064,0.021359896619432123,0.15243093468920282,0.030974416512663045,0.06736934794712282,0,500
0.9133431988449022,0.7944961794973759,0.009723706270684349,0.1426463256637204,0.029477534711234467,0.056669205299838654,0,500
1.0659785928562768,0.7678746997158321,0.1858349164366669,0.1628539096227984,0.034178118886913286,0.05809539498240202,0,500
0.9374234413152079,0.7955535447327394,0.031605574142686346,0.14467523814931874,0.029500542972461418,0.055061102929320684,0,500
1.0346527326533521,0.7695438771416624,0.05457653288398543,0.16259330132789876,0.03252207444425734,0.059174970976468226,0,500
1.120459280603181,0.7909777243875508,0.05099991493183259,0.17850740869410817,0.03062093918259088,0.06065733584216337,0,500
1.2428054860864772,0.7473389850818131,0.00547749335029877,0.16194130588830935,0.031522489098821466,0.05394113090820035,0,500
1.0626400327867291,0.797958417863222,0.12526592093345676,0.16655574690530794,0.030423923310836057,0.04967474824901604,0,500
1.1561703473545784,0.7867268504919308,0.09211562652214654,0.1716180463185687,0.030724615136411296,0.054673929417867834,0,500
1.2273610864635425,0.78495575615165325,0.16096467650701038,0.1892432382162048,0.032168543212868043,0.058575699241192825,0,500
1.0036158908874995,0.765261450248176,0.05579554659849729,0.15264101814250364,0.032772881900881894,0.06622546152484741,0,500
0.9071529119202011,0.7820780212729765,0.032011783046101874,0.15010033297942366,0.03167716702804269,0.057289118758352686,0,500
1.0297056859748952,0.8130176069070288,0.1803392531492593,0.17674371969843916,0.031138062070560142,0.05778161439567404,0,500
1.1032043049626428,0.8164539195121142,0.1471966271454757,0.19123410790248707,0.02999433128909825,0.05517860449193709,0,500
0.6835539138516551,0.8541143388720366,0.07476632565507135,0.12933266829894371,0.02567076080757119,0.05503098603654439,0,500
1.2694189746164786,0.7733318772918583,0.3019453660110729,0.2136330721940595,0.037727329434687255,0.059725163409018775,0,500
0.9398927403698497,0.8231961993681521,9.725936202577544e-6,0.1528271897923053,0.026072522395307947,0.0018236724799700784,0,500
0.9248220457043685,0.7890784493250557,0.14855176043868476,0.15052580707427982,0.03276432354278761,0.06483220702924138,0,500
0.6974798387835333,0.8628770398362243,0.03864322269959697,0.1281249315825976,0.024124891243593582,0.0528799212281796,0,500
1.1324507025683634,0.8039500769614616,0.15214125923847097,0.1801395419572458,0.030941812975241904,0.05469599166407888,0,500
1.169555838598418,0.741131076195119,0.11647802538268037,0.17631672737273954,0.03541040603733964,0.05941843567260039,0,500
0.9823891132128956,0.7992550939297248,0.09307990168896985,0.15937090293490366,0.03042097414781025,0.05453995442745704,0,500
0.8840902729364568,0.797935194152297,0.04154073759396445,0.14089968656963142,0.029521444145421724,0.053219705750504234,0,500
0.923451894240808,0.8026955544064768,0.0762304979426893,0.15446108905131,0.030153396241205138,0.058231972566138476,0,500
1.2309375919726238,0.7534317014319312,0.041811882697893425,0.18046286988183702,0.03298633862781225,0.0613432188498615,0,500
1.0161712515371677,0.8251587565371954,0.016765134051932345,0.16500837973485744,0.026930347340377928,0.051276716211398635,0,500
0.8284271286045807,0.8245817771188393,0.1579702332546069,0.15648251375327563,0.03021830483506653,0.05414164671698128,0,500
1.1711250674424678,0.7615228325707588,0.08574972519363488,0.18080968301772013,0.03343989817828879,0.05961962730094313,0,500
1.1949236501813991,0.7709218994585378,0.02513749245990831,0.1668538707181335,0.030500927346126024,0.05260205365442668,0,500
1.1864392819232488,0.8115287849499648,0.061628576255070955,0.1920727505767642,0.02872737520363329,0.05538481365387937,0,500
0.7900833565769002,0.8279268493141922,0.10965644406992871,0.1339003018721596,0.02805911145874316,0.053897844898249385,0,500
0.9020849753359544,0.777581614448447,0.17139701421320389,0.1474433072701706,0.03344957345147925,0.05288384811947096,0,500
1.2117934200545903,0.7922455871796688,0.059230388107272054,0.18516637647281206,0.030246362782578744,0.05733767056245185,0,500
1.1408446231710203,0.7143148980220856,0.08527018319064623,0.15491762457570385,0.03616109038160826,0.06561097279567742,0,500
0.8552379250889331,0.8418050263700332,0.03795045714178729,0.14894231738041966,0.025589380314310933,0.05099783611670321,0,500
1.1670892730754387,0.7773243797053241,0.11410535014617361,0.18437115905884333,0.032763576982850415,0.059551641087650084,0,500
1.1714818683612476,0.7438167300745784,0.0742836203665063,0.17423329647731234,0.03467389092186815,0.062314594491049966,0,500
1.0879350508430057,0.8073021400064506,0.07945359127300983,0.17704091404699934,0.029722494394053785,0.05575270652376703,0,500
1.235949981212519,0.7240564584771187,2.4479431203227014e-6,0.16113417112042666,0.031908956021558875,0.0012324492168459776,0,500
1.1114603321219891,0.7316241357943635,0.12152199167046406,0.1635942612782683,0.036117757577630756,0.06527843681510113,0,500
1.3060094664670887,0.7253651688317738,0.08092573494358789,0.17708569157157303,0.035609618489889854,0.07082292143364508,0,500
0.9264169653843907,0.8359915408020082,0.03858505494235054,0.16764235761679253,0.027593662709826643,0.052210256760651885,0,500
0.8628389286822054,0.8219217800643324,0.11208806877600762,0.15860500422550972,0.029601013169941827,0.05196392270869818,0,500
0.9548943111054327,0.8550015831925611,0.13909750243284225,0.18185273906972813,0.026364832620289727,0.05139104961356946,0,500
0.9432587282593674,0.8301340524035876,0.11779384408611282,0.16206924590339522,0.028697848535978305,0.055866595864275954,0,500
1.1090423107043554,0.7590433560927027,0.05616548104440437,0.16189699286290907,0.03241247786788577,0.055840310001925325,0,500
1.119015589051227,0.7547141502415345,0.03475054348010333,0.16483509163429177,0.03250233693175403,0.05895720389894188,0,500
1.1239957018967657,0.7799087347409304,0.05137778538780912,0.16059298768781433,0.030514003562444457,0.05504518824149477,0,500
1.1319151711444342,0.7764822886327092,0.12996917588531154,0.1755479525956536,0.032868353630410935,0.05938153396116636,0,500
0.9386498935005783,0.8040676682745728,0.06122217167150932,0.155745511949318,0.029766375057214266,0.05799282682911742,0,500
1.1501653732712185,0.786397895031491,0.05988848525787931,0.17313336252854855,0.030953293200344668,0.06504211432736672,0,500
1.0283442712528204,0.7731577801690238,0.1555995013671396,0.1694800416582473,0.033968069858642334,0.05366403468609964,0,500
1.0820836536279888,0.7877443060161688,0.10679064810906455,0.17331631402003986,0.03163703771849899,0.05815448018315817,0,500
0.7463083213728007,0.8744415116598099,0.06418370418530654,0.14509047066561845,0.023440455016910024,0.05109354845566356,0,500
1.161955230627013,0.7629684303448975,0.04997515924464823,0.16825754861279396,0.032284470241089984,0.06415965135295738,0,500
1.126861091783715,0.764838784707338,0.04548913057150476,0.1674487756851101,0.03221398775317956,0.0628257888596559,0,500
0.8185193173376024,0.8692285355004575,0.058302987532837164,0.15519056372873125,0.02383324790795828,0.05438198011729762,0,500
0.7241546349511976,0.8572581999638169,0.1474477460225334,0.14021907798236757,0.026484854916326735,0.054217572534652106,0,500
0.8323568801444663,0.8391934741047855,0.019054777107396063,0.1412681330570861,0.025833072690094643,0.05575014413701243,0,500
1.0837262497810638,0.760112580336533,0.025938218491488804,0.1570739763424511,0.0317573954599444,0.05531807021513583,0,500
0.8635280623742875,0.8283021886447184,1.5380704322487575e-7,0.13849491253127805,0.025429487050139817,8.589471962078519e-5,0,500
1.0179729829913315,0.7966486473670147,0.10263854978521876,0.1641982230489223,0.030891892376549615,0.06249510777115401,0,500
0.9791803187619669,0.7637532636337774,0.20861527973935864,0.1636327578535911,0.0379995925645519,0.06567286885157349,0,500
0.6924731058865885,0.8528900948417811,0.2111098660408589,0.1398103699929296,0.02811452510729443,0.05564562402750472,0,500
1.0535546900754909,0.7762575745106809,2.5790726825104275e-5,0.14581834471205285,0.028527861184037256,0.006114467550650011,0,500
1.0872390542139205,0.770972098541423,0.17370870738601368,0.18912957372733988,0.0360722815782042,0.06113879564086067,0,500
1.10015276158905,0.7872312746340013,0.061216369451638615,0.17243862502875693,0.030535632514772038,0.05452091751649836,0,500
1.1204570367709201,0.7790019105912436,0.11439867660759791,0.17260110084411015,0.03214562245430813,0.056268653335327434,0,500
1.0290700294130093,0.776389219398899,0.06997505761818375,0.1539030872474907,0.031465215981981806,0.059548556170620416,0,500
1.1371201720040083,0.7471968239750884,1.4952793038724557e-7,0.1454034593491455,0.029882314556134566,1.6522787528003993e-4,0,500
1.0366541169405676,0.8179424503448065,0.09082865708565599,0.1643970719585884,0.02870052175150206,0.06059941651785319,0,500
1.3930225132115859,0.7139615418962239,0.06411608132654864,0.18637801070510565,0.035269508503247914,0.0583429447838664,0,500
1.3901571832781592,0.7373918451423548,0.08657858051298137,0.18389771993229304,0.034187006161194196,0.06153808228495895,0,500
1.4576722646090012,0.7421178574823116,0.07011408914058882,0.19888884396288886,0.03342444671314157,0.0607962958620571,0,500
1.2420525537038198,0.7538799831812565,0.03253283509610328,0.17432356404981975,0.03212027834253553,0.05636659885457113,0,500
1.1527133569960832,0.7727053102071126,0.14249877588195192,0.16993854638522096,0.03265816732312232,0.05350516552789862,0,500
1.4269241135089363,0.7604173744562424,0.004297928825066422,0.18557843908338306,0.030882515373816064,0.0559593055016434,0,500
0.9975321400221138,0.784780608426899,0.06863216515901642,0.16915159739085375,0.03225306982667932,0.059958036718858514,0,500
1.0263802483953,0.7589066400070232,0.0036468044089565874,0.15762108429294688,0.032741528957866244,0.06375140974352474,0,500
1.0651648979501074,0.7547860869982908,0.1459298852476142,0.17002724435532726,0.03530662599427517,0.05922576901285776,0,500
0.8835189864215044,0.8007539222737573,0.04945028099612841,0.140616004938905,0.029339749513013953,0.05680185057296975,0,500
1.2325971405410594,0.779719542852212,0.003495671942037326,0.17345360898660755,0.02990516066301648,0.06085731883934247,0,500
0.8961885573947105,0.7925749567124085,0.12093381640578268,0.14443962155848836,0.031335806980208,0.06289595216582498,0,500
1.0694761739607093,0.7742998425912646,0.040511339523741335,0.17056174581290012,0.032429747331303334,0.06316866117639985,0,500
1.1272257777147336,0.808141434349761,0.06519495448333971,0.1732260688051993,0.029087913083143218,0.06004418825508954,0,500
0.7008040360301153,0.8441335357886053,0.10133862746706665,0.1399953916506379,0.028019378204254746,0.0594694965048704,0,500
1.0114713060999978,0.8043161822381475,0.08253015226314242,0.1606273153321118,0.02960424901172597,0.056422051219822196,0,500
1.0004464030113767,0.8065463689535065,0.09427918472085813,0.1654089321557052,0.029818399339170753,0.056429113526086296,0,500
0.83123263304408,0.8076642106526875,0.08716097183049266,0.1366628476685211,0.029429922524215883,0.05221964837053802,0,500
1.1130826723445046,0.7687747689475671,0.060076346790935285,0.15789656012261769,0.03142301977948533,0.05760215070831822,0,500
1.3310951305966507,0.7271020565669996,0.09417796420190525,0.17445050807723655,0.03493098062535561,0.06064948924667169,0,500
0.9734023390638215,0.8316380939098845,0.10281632837141473,0.17390534705474886,0.027983119280310505,0.05138977291624156,0,500
0.8566122983226907,0.8119775729419917,0.047412113593288674,0.13438376227938378,0.027965206385602875,0.055683465964108766,0,500
1.2672070367668913,0.6997948975747837,0.07665355591941574,0.16910266880202934,0.03701216964066673,0.06571481950507978,0,500
1.1997081521662456,0.7800253025142254,5.868866472773942e-6,0.15901754112073951,0.02782671755749835,0.001252278685924979,0,500
0.7347933915128193,0.8707512727980953,0.14379101535703204,0.14702151612904207,0.02486307662374918,0.053355843735450395,0,500
0.7180520395382313,0.8703233610598615,0.11009417642151556,0.15085270184433422,0.025461713895939292,0.05254548325323076,0,500
0.8317956812956997,0.8344337977527244,0.10649126856310526,0.14843181188706042,0.027797768287037856,0.053810782938588285,0,500
1.1067547462113112,0.774950623082083,0.08248009472772083,0.16301466625187716,0.03182661485046965,0.061660984721381415,0,500
1.1365880773865846,0.7980078692728871,0.05279385381149954,0.17182849825550822,0.029027455857825884,0.05172206041239832,0,500
1.0221539908797321,0.7598484592377244,0.12015707203733819,0.16460542068411793,0.03475047150315969,0.06286243503400188,0,500
1.0524156996524403,0.768025669885522,0.05569131506682808,0.15623499333141558,0.031894991426165774,0.05809385325133453,0,500
0.9023956503171745,0.8252048211701306,0.06741788426284995,0.15272909060014456,0.02755575756360387,0.047722835348915554,0,500
1.013875664752817,0.7551871628941048,0.08551902666119125,0.1591265058787251,0.03469521103004991,0.06902553552898695,0,500
1.130935967383965,0.7670013463912001,0.045744272449985274,0.16207257216812415,0.031112712383341522,0.05587447013827853,0,500
1.2819479013679302,0.7451395774801216,0.12043086883792833,0.17859832280680416,0.03507459166753997,0.06611599587074801,0,500
0.8725532538584803,0.834047656679379,0.1879416117258862,0.15728759663676153,0.029049401110896114,0.05425739261436832,0,500
1.26893752458297,0.7379871699851882,7.153285971918239e-6,0.17507986132880746,0.03167769116160344,0.001275418091479486,0,500
1.162958192520148,0.8261358773603654,0.0667449464990632,0.18584223467389444,0.027632629372347884,0.06060602709978192,0,500
1.092756498854382,0.7990166348477372,0.19633038638390188,0.18264359285315346,0.03221237288317912,0.05344834807743564,0,500
0.7999423551194002,0.8492689243704514,0.10387951227918506,0.14698535662491213,0.026487307212409356,0.05751515774356805,0,500
1.1892431689039735,0.7573508004065835,0.03312426092728488,0.1783511133833145,0.032823553778637445,0.06123214573155077,0,500
1.1606677778589594,0.8167061473314602,0.02896015846048736,0.18386901677573078,0.027617519353149624,0.05414763771056775,0,500
1.0062438163733216,0.7749428060070667,6.310393505534469e-4,0.14252752279385328,0.02956735876127632,0.050875162581600845,0,500
1.094591542992792,0.77504391924993,6.732606376658616e-7,0.14270332531350785,0.028279645096425002,2.1082518634324724e-4,0,500
0.9382689526524853,0.8162833261229342,0.09699751257637003,0.1607323870878967,0.029299853241112526,0.05621635036070919,0,500
1.1454560791500865,0.7633705109387408,0.006052495438963763,0.1537037239769019,0.030764465741214365,0.05763714261399279,0,500
1.1219749947034205,0.804326461083887,7.930225214268086e-6,0.1715258414714265,0.027148497522846704,0.0013485196856833418,0,500
0.8093398364202342,0.8029020666260795,0.006562494203620923,0.13474990128245704,0.029321584357363543,0.056849335765010285,0,500
0.9296678540309835,0.8196816698483491,0.08622433880256708,0.15426886277955318,0.028303559795544372,0.049761505466755965,0,500
1.1013363229929813,0.7700507538890703,0.06741327178881185,0.17127903950521814,0.03248651403785116,0.060190791406075514,0,500
1.098493674659992,0.7304471802996274,0.018283852032634017,0.1440508343748913,0.03336477136902925,0.0636216035124818,0,500
1.0115780626475734,0.8047523422692254,0.12371342445302827,0.16733277556869422,0.03039681397332573,0.05629784547106763,0,500
1.1735880240434606,0.8120773756496199,0.1418591616822794,0.1920164196734372,0.02982908183224527,0.055009993313956895,0,500
1.091594572024185,0.8127644075056583,0.18027604980060713,0.1866335577267817,0.03062189051754989,0.0521836781327684,0,500
1.0216890335525681,0.783365030494463,2.7539343276433526e-7,0.15080803816650817,0.02867210503051993,2.2477473074362987e-4,0,500
1.120935322982782,0.8078142716158587,0.09451436095240057,0.17141802895672803,0.029539934972389992,0.058386499831298434,0,500
0.8112289219653321,0.8429791765269363,0.0633931580869996,0.15324776722733413,0.027527484108167955,0.05709512820831649,0,500
0.9086271190703267,0.8456831748624366,0.09145685321355096,0.15975600123602401,0.02628226558449725,0.05410472061494423,0,500
1.0350497209723304,0.793811100654071,0.16573418788372257,0.1703280078243538,0.03249404277539398,0.054270014438820936,0,500
1.2445830437360148,0.7559531418384331,0.03108404732132469,0.17643566034913616,0.032064382946922786,0.05904220762602635,0,500
0.9494862879822628,0.7996025515576967,0.008342706740486096,0.1541168755997174,0.029411247945655552,0.05436973114500544,0,500
0.9727674455256122,0.7449307847695882,0.10400489702684007,0.13759531301495942,0.034628689681265715,0.0663635768456483,0,500
1.0158315799626392,0.7750607484486681,0.1182256332646422,0.15636335859972247,0.0324917380628872,0.056459014947249704,0,500
0.9150156954243037,0.7580722798808215,1.9915779019171854e-6,0.125016904091543,0.029741315192473146,4.7072389939240776e-4,0,500
1.0042280773877046,0.7623974447286956,0.06367286497571724,0.14521295250778124,0.032267470688958196,0.055562438550032116,0,500
1.0876527091479526,0.8134101792123143,0.11003116311803078,0.19207877121650532,0.030500635654268256,0.06650357129672912,0,500
0.7968284579655068,0.8426126079928029,0.137884086457364,0.14278212040476343,0.02737561728545257,0.05282764330959004,0,500
0.811756290223782,0.7922044342916107,0.12193025401337221,0.1384340785008217,0.032149888670701,0.059544746136239175,0,500
0.9224849769479464,0.8095520891212976,0.23632715213662434,0.16376427115768183,0.03259447676482639,0.05991176016264775,0,500
1.3094691165385517,0.7737876786733127,0.09303472678368828,0.19426189981444014,0.03189835771543531,0.057634620244820196,0,500
1.2803050474610596,0.7717790156161073,0.10885295942573558,0.18642919227956276,0.032361226981135055,0.05905404382376406,0,500
1.1847577129244375,0.7603230502018719,0.02457240968251047,0.1813400273633689,0.032856713614425694,0.0622586431800639,0,500
1.0112126446124545,0.8095477587794684,0.21409134057078685,0.1776288550489935,0.031942814759227556,0.0554871068183692,0,500
0.8408876579644894,0.8266109237759827,0.12955540576285543,0.14599898771099798,0.028472088989899565,0.05258170853987465,0,500
0.8320523833150146,0.8158101147020982,8.768812741991825e-7,0.12493448771789004,0.026000278485112487,2.270451627567739e-4,0,500
1.0578760574557498,0.7791494641095141,0.06276959353615288,0.17812317455988194,0.03282272198716738,0.06121293405351761,0,500
1.0101743198272581,0.7936648191656462,0.15597414165561888,0.16952127847687765,0.03198596708975514,0.05428335716907506,0,500
0.7917828120539707,0.8505410549534949,2.777051046337091e-6,0.1374024356136212,0.024168934843008423,3.2730779416078904e-4,0,500
0.7526455237603867,0.8281604712659695,0.2110381230029486,0.14141267385275008,0.030360029977335314,0.053576226889471924,0,500
0.7599429704638881,0.8351959241190962,0.12451151801044973,0.13488987698788688,0.028071828333393625,0.058761308216923304,0,500
0.9019834540072087,0.8253155661826426,0.09161480969533611,0.15431677049020792,0.027468957950877473,0.053624075040615095,0,500
0.800936605521391,0.8406782633999521,0.1583556851297648,0.14652875918389904,0.028148204764081225,0.05596505208540686,0,500
1.3230926620547994,0.7698512530560893,0.09849032326977518,0.18554143528280534,0.03230711802653927,0.057903574703846564,0,500
0.9297937188877028,0.7863950987007072,0.1017044209914681,0.14460371437239977,0.03116852398043966,0.053362999385180715,0,500
0.7804512873697901,0.8264416805201554,0.08912446790664831,0.1454050567744096,0.029031855037174172,0.05567660939876813,0,500
1.1951116540436395,0.7703096182187339,0.07885366959157034,0.1815982421925228,0.032386267162698996,0.06069644469764654,0,500
0.9503640914179481,0.7755148778001985,0.14900770143848796,0.15429226576467628,0.03349009505042701,0.06479143647136447,0,500
1.1471276870961806,0.7398105842388464,0.05681523664673151,0.16110390494503044,0.03369514098652064,0.05884840198597372,0,500
0.8464752565644822,0.8163701515065779,6.769926408981305e-6,0.13158454912220363,0.026248837516159817,7.65091416381528e-4,0,500
0.9548013029880168,0.7834779250289046,0.05541526368052839,0.1486300534052063,0.03126101554985684,0.06402289707261576,0,500
0.5548126841567633,0.8785195739667312,0.1598442753249127,0.12067413360211839,0.024682332677035363,0.04888789212694823,0,500
0.9971519489937302,0.7649990295404212,0.0995287496850616,0.15445096564341362,0.0333565613231155,0.06068955266962707,0,500
0.7978667186695039,0.8406094816724455,0.06749514123245297,0.1401666094307571,0.02650349143288888,0.053283789383685894,0,500
0.8711186203181026,0.8250283158470336,0.15606010104543108,0.15174263893084206,0.02947911843012594,0.05627522303693425,0,500
1.2649147394538405,0.7474572587568674,0.11189200660346695,0.18004135200805813,0.033893378109241735,0.05673818580913388,0,500
1.0562312692793316,0.7928981130713997,0.08522132020187088,0.17572057184430967,0.031223072829119472,0.05631731471815303,0,500
1.0373488797444887,0.8199107274144746,1.6759809153061256e-6,0.17055817261296127,0.02659383694998815,2.537555024659566e-4,0,500
1.0423515705249893,0.808776334363702,0.0664180396661585,0.15806509276919792,0.028411846310756564,0.04889967091356808,0,500
1.0414051918488039,0.8368869665901362,0.20888677878753592,0.1857913232316171,0.02983529887467929,0.05897027127651826,0,500
1.182602997394801,0.7802046273018741,0.10342690384326896,0.17652803424601374,0.03175360465461497,0.0590213424944221,0,500
1.0809075374733792,0.7650835509883247,0.10442812186236619,0.16800720009977985,0.03355482628229786,0.06194145676709788,0,500
1.3068751933666167,0.7445975044692515,0.08138640090710154,0.19525094289543504,0.03469293708277281,0.06314023610295431,0,500
0.9998229391916144,0.8102116571225779,0.053823397672951453,0.15560972527317865,0.028488779268253706,0.05599679002902371,0,500
1.1925903349286657,0.7700723686581974,0.10857025112149953,0.17340200227972746,0.03241005769503215,0.058019156808111,0,500
0.9871908452533831,0.7828195657524522,0.11620253789770775,0.15553266142256894,0.03201126131467166,0.05783374102770886,0,500
0.9814674808170737,0.7775841269350412,9.589064942778422e-6,0.14107836822198017,0.028870038205448693,0.004486881547864536,0,500
1.0364816173101208,0.7847458250155349,0.10141622521746682,0.16815344051035405,0.03218022951440611,0.06280579002347392,0,500
1.0321697582298819,0.8012151253029615,0.036559215493910724,0.16727129774934815,0.02954492848392472,0.05988654849631659,0,500
1.4620777500465334,0.7302652899366472,0.16663173218017002,0.22560703511482524,0.038075017423572534,0.06535709468470166,0,500
1.0919670085377864,0.7644409452846135,0.11569704883348392,0.17030174336837708,0.03367746654727086,0.05925303750053815,0,500
1.0879248635436813,0.7741839469488991,0.06831938127128069,0.16899316360168312,0.032202255849912195,0.06606518169178979,0,500
0.9599917313211054,0.8391827985766234,0.11875310444137471,0.17451849090873686,0.027633087937259448,0.05606818632613375,0,500
1.0053124487920562,0.8320138211026458,0.14001109518994403,0.1730228879123507,0.028257980887907333,0.05240663513692325,0,500
1.2141066547995922,0.7308238542075743,0.1348559601503382,0.18745992368196898,0.037502061305744155,0.06689682953010193,0,500
0.7635919948056423,0.8418863363898741,0.20677014858908058,0.14487840207908168,0.028633675010767603,0.05858891514852634,0,500
1.0827911218702853,0.7852897190459375,0.07457407670271095,0.1675749917507961,0.030902693718185242,0.055147332768625414,0,500
1.054605072427247,0.7984161793304487,0.17041321953005972,0.17192995414255285,0.031914659524792284,0.057637121095370475,0,500
0.8202671073480533,0.7978392589026557,0.10173179251090396,0.14554834593656615,0.03205750130449729,0.060754823208673016,0,500
1.1534856251855354,0.8086319308712413,4.927031975327832e-6,0.16613009584898378,0.026341782780669856,0.00226296522815816,0,500
1.10367371141247,0.7682471028767753,0.1611646851849583,0.1751873143936349,0.03418223875005167,0.05837492347821811,0,500
0.8604914550260808,0.8365923711120697,0.13758487150738213,0.1524622767040893,0.027836401518032388,0.05379101956700617,0,500
0.8910183849834608,0.8224052796884453,0.16929647618083443,0.15880821265041306,0.02978630305204436,0.04993468732347737,0,500
1.085427954535786,0.7797056224973563,1.6674676589601873e-5,0.15083310254006316,0.028684588876086898,0.0013922927103712332,0,500
0.8435133491550701,0.826029065158795,0.16468214275666504,0.15809004952799444,0.030058257450735433,0.05661640283184348,0,500
0.986831150014833,0.8147055220018842,0.12445060266099528,0.16255964792997965,0.029351605773403972,0.05409925282558518,0,500
0.9701744433155847,0.7817671412866668,0.09197414370541183,0.1476898506987394,0.03162371049137615,0.05897013672250613,0,500
0.9194890167121837,0.8115657775731125,0.12724631033918296,0.1628665531393657,0.03168002159017164,0.053748116979409226,0,500
0.950977529118769,0.7640914449010688,0.05292916411701612,0.1501993665218961,0.033259562950248775,0.0637142374071727,0,500
1.0472124486640115,0.789071997250866,0.06743911989682357,0.15350566048536154,0.030240526783596504,0.04995409597054255,0,500
0.8865605387861645,0.7959980295389653,0.09328183853801285,0.15031238961246984,0.0316516341350857,0.06011149535530705,0,500
1.147068830592612,0.7526505082150236,0.14613432006619964,0.18424428257336448,0.03588367998798553,0.06176626502605993,0,500
1.1662178867188866,0.7602186695766778,0.10821178884600739,0.1947812315719101,0.03566201642654313,0.06767741173389569,0,500
0.8669743782581064,0.8108895702097311,0.14130495074849972,0.14396670586867455,0.030144476764679403,0.05535149434552366,0,500
1.2074299900261092,0.7404400808219016,0.1388865516688501,0.1778491313092038,0.03571166910506188,0.0620113175465777,0,500
0.8559612246700222,0.8565460706288109,0.2366503895893394,0.17327880712055732,0.02800145368811511,0.05656693896795586,0,500
1.252420165749621,0.7694464568203098,0.12172601903049628,0.1841185653822482,0.03262769063839805,0.05538950393851732,0,500
1.009753738012784,0.8156294395167278,0.03378708624730526,0.16141808629191923,0.0277459360799165,0.05324364761718164,0,500
0.9087329364529603,0.8589528535164996,0.05456516289065877,0.1578545629046391,0.02407072431439347,0.049022952566880704,0,500
0.9465741823352157,0.8368345882437921,0.16102121451278667,0.17327405222652997,0.028444026467892625,0.05771430162848565,0,500
1.0336107020448284,0.7872264153519856,0.14292871715579192,0.15915353499965598,0.031430386861381006,0.05056117678008466,0,500
1.3148292404965338,0.760569893696506,0.07976779266347667,0.1849471325475015,0.03235109848841778,0.05660971945949667,0,500
1.681476096274556,0.7292824353078131,0.024450829822413995,0.2194443536624652,0.03383054778647604,0.06870109614257523,0,500
1.056216231011057,0.8026628095592278,0.13518802049666595,0.18831581315980925,0.03199270022078581,0.058923602636224384,0,500
0.8957662978918238,0.7983755356874588,0.11223072187836443,0.14860161633571764,0.03084264520888407,0.05326909504811742,0,500
1.1837578129113808,0.757968049447652,0.08442393614494853,0.16507486987096429,0.03268454458633632,0.055235424674143684,0,500
1.1218615256900122,0.7930472567695287,0.1467961216551015,0.18297727106362982,0.03196710242864081,0.05987194741943078,0,500
1.1295801385436328,0.7749851547595619,0.06382053515163161,0.16954190926286658,0.03145158656086498,0.06295616590630171,0,500
1.0779435414297254,0.8036490568923798,0.09297970413962921,0.16598155050956293,0.029706865416542043,0.05610516369300883,0,500
1.3188083304824259,0.7144055738940973,0.17600678957780524,0.18972851557844886,0.03846600358624292,0.06441461593458789,0,500
1.1380889928060614,0.7696378881220262,0.06393114315168587,0.16495029369625708,0.03084045706652638,0.0576504832336283,0,500
1.3615878342294092,0.7159334239784041,0.15041638963373305,0.19431166837375013,0.03797332519725069,0.0672618639178827,0,500
1.3936322223840274,0.7112332169534022,4.530042616688088e-6,0.17250333781400629,0.03211785570827611,0.005191771771434181,0,500
1.018872881544026,0.7834658444348958,5.881389539922068e-7,0.14513409949318296,0.0281678301673617,3.7017823964377724e-4,0,500
0.98786220207515,0.7900365954864038,7.189867537771342e-6,0.1363466492034448,0.027420422215195524,0.0013816655946537926,0,500
0.8547172933636524,0.8169441369688908,0.13279339103868582,0.15456973180559372,0.030216221501949147,0.055123003658024826,0,500
1.0180748999236298,0.7881254154304145,0.05992746497443618,0.15547222323133789,0.03048800700429152,0.05998121790419765,0,500
0.9455684705581034,0.8129601462854087,0.03404540538174482,0.15518429528928646,0.028354630808575986,0.056237814259010976,0,500
0.907300672623378,0.8117442092086004,0.1216308247507157,0.15645842648454797,0.02976576848540906,0.05749803418386247,0,500
1.1991291218040632,0.7559142881084403,0.07604156832094823,0.16968211055983795,0.03278395261427827,0.05719365585639151,0,500
0.8643649457446976,0.8215492710155731,0.16484518330521333,0.15326098714219824,0.029873575514212148,0.05376844364140509,0,500
1.0374124067548744,0.7630536571292004,1.1363164918374484e-6,0.14263770886510316,0.029420781132904594,2.9255158727424193e-4,0,500
1.1282893998095789,0.779982628728429,0.1031057131085841,0.17214221097832097,0.0315971777733671,0.05416231974825347,0,500
1.0180891707703048,0.800266912710927,0.040681490686595254,0.15937622575594473,0.029285678463270976,0.05659672668773197,0,500
1.4079092047840853,0.7473028532934903,0.07605118838513528,0.18770706387302027,0.03332375690417869,0.060239954395517756,0,500
1.0804968170465894,0.8093588678967111,0.03406911871923417,0.1655373897411752,0.028167446895240863,0.054916125231173674,0,500
0.887894170992893,0.8451668884162731,0.11286788871639179,0.1639407936560627,0.02784450689345063,0.05629206501553106,0,500
0.7376583634550448,0.8739850840914348,0.13427451383364084,0.15213575754744502,0.024535418876164002,0.048312038841121986,0,500
0.873445755912804,0.7870048488601838,0.042882900787539785,0.13326092139953838,0.030244965764464365,0.05674110800016878,0,500
0.9236387220498073,0.8397000280493153,0.10959700715262576,0.16089583152466,0.027388114930145972,0.056353205926869855,0,500
1.2028431920963192,0.7743419493605764,0.004704299854592242,0.16095627531970283,0.02955141921657307,0.05522307599642486,0,500
0.9678835662517224,0.8388340210478258,0.0910914754039853,0.16817741650277315,0.026983771596057898,0.054457301074747035,0,500
0.9539015329225584,0.803182592045045,0.06051801117399888,0.15241678607737705,0.029417326327199712,0.057799639545496544,0,500
0.9705018715871424,0.7919563593426477,0.16581018292440647,0.16507501034414024,0.03241852406705711,0.05410919935962628,0,500
0.836194565795591,0.7977504256896861,0.16689249659101293,0.1371224430036437,0.031913238151330556,0.05934038497010923,0,500
1.0117133754818508,0.7930573212950665,0.08746315496968202,0.15153182959307693,0.030083031491985917,0.05677890753854706,0,500
1.3796789447262896,0.6749029878624794,0.03059180397663217,0.18245017824962742,0.03805745163892765,0.06301075174817217,0,500
1.0902723281842783,0.7922115634144795,0.08069416063745385,0.18546480917807315,0.031849074620520494,0.05853494309420952,0,500
1.105860311195584,0.7780289218212291,0.08255694121150872,0.17484933737594727,0.03227494062219859,0.06203693621577613,0,500
1.1901355419747839,0.7736519089635208,0.12897155827515314,0.18708356801061987,0.03331962600806689,0.0616630868085684,0,500
1.1346295502207882,0.7789073744952445,0.059521611846446894,0.17025514602788322,0.03086456714526884,0.05117059700424767,0,500
1.1359028285360704,0.7692888701217435,0.03280857485111426,0.17025294588107293,0.03127046229954966,0.05648026190410386,0,500
0.8442848377238032,0.805778575531219,0.137939553435471,0.1636818477147934,0.0330814555144481,0.05549630185399336,0,500
1.157801123825558,0.763735791357074,0.06458254696640024,0.16366373183376134,0.031992738126467204,0.056933622212293256,0,500
1.3103977662605015,0.7510934164395323,0.055907469131189325,0.1858283906294084,0.03281220983266205,0.056868212048387726,0,500
0.6867572199510052,0.8663968419508743,0.1322943401786278,0.13433124574469943,0.02516041544221789,0.05181633028250498,0,500
1.2911529697444026,0.7660098971760108,0.056406065239223695,0.18534374289208122,0.03196488163764791,0.06137455454195527,0,500
0.979756491789863,0.8059917941516965,0.14752273060087218,0.16265720175418377,0.030353034691758155,0.05712538503258603,0,500
0.9006409942361238,0.8140956064160707,0.10663041398695698,0.1561689008223843,0.03034706955392655,0.06250813642261267,0,500
0.8706768652718467,0.8314165402381101,0.1780309438997166,0.16100651096246218,0.0295128789122166,0.05951704574529448,0,500
1.0003718376745896,0.7979597210910895,0.11044791263804792,0.1646363758509529,0.030865601564692483,0.061285702846881035,0,500
1.1369644238781393,0.7995719666590149,0.09583620863705448,0.18978805030683596,0.030736867516262062,0.05730926144124468,0,500
1.0725624870659582,0.7653157031671052,0.12404337368776377,0.15853325291791825,0.03374039996191709,0.06176057841319759,0,500
1.17999128511468,0.7860092632710495,0.15012330858666906,0.18421308160029087,0.03187211924470582,0.060252551256177206,0,500
0.7582042620233319,0.8381567516461655,0.10451618089374677,0.1430319520109737,0.027891128140293965,0.053067900817172386,0,500
1.2697796940258952,0.7135706000783499,0.20747249974841286,0.1747828719750044,0.03871405577320321,0.060430412381839174,0,500
0.787723743649568,0.810993850851387,0.06216625590022797,0.12915017428960418,0.028879795470964302,0.057107268750558576,0,500
1.5922554283875452,0.7406757607717853,3.5007115072998813e-7,0.18256972375609612,0.029827797263095163,2.754849479006095e-4,0,500
1.3229898204211372,0.7672855436054058,0.08329027630715169,0.19361392954831763,0.03217192363597701,0.05549821093700288,0,500
0.9949794621350584,0.7615273572339408,3.204055847955858e-7,0.13716501639056186,0.029651045470820366,1.5579400340963486e-4,0,500
1.0116459811850478,0.7939416957757062,0.01219049055127295,0.15395779992919975,0.02907903295470458,0.05480998744647747,0,500
0.942482713006732,0.7695594905583434,1.0738414307853706e-6,0.14140959185873234,0.030182051256108747,3.8146707987878373e-4,0,500
1.1582015306851452,0.7898859179784843,0.02453830125829788,0.16731418039630627,0.029486302760644113,0.05905568531943095,0,500
1.0931958941015631,0.777560643575286,0.04443931527518459,0.1623527462723461,0.03075045752479812,0.05794939040840831,0,500
1.1036242650968537,0.7514394418478161,0.11219785419334044,0.14899463950747435,0.032086623732621104,0.06026508446241699,0,500
1.5170049918733959,0.7302736597016898,0.062186152146102264,0.21623505328268983,0.03498190401778353,0.06016382730350224,0,500
0.7585172277034182,0.8309732147106342,0.07889210623082345,0.13900700656610687,0.028254478284061142,0.060179932139353035,0,500
1.1320954668381562,0.7536993971311478,0.03992384413602632,0.15902746622165526,0.03254223737429382,0.06306925604845232,0,500
1.2885019735551129,0.7760476887040166,0.027140367550496487,0.1842016508737347,0.030859458492820836,0.06430891705613585,0,500
0.8060192233840225,0.828599622011288,0.13094572874394503,0.13912456098792067,0.028406656070683833,0.04860055606607004,0,500
1.0394058777209567,0.8181457878777924,1.080759716762202e-6,0.15402581781583666,0.025829633605260326,0.00018484353231060693,0,500
0.8231551197063312,0.8139102720897986,0.09495732778698404,0.13983487303823547,0.029330217134783135,0.05046264064251884,0,500
1.1970712948842452,0.7522508539003572,0.1375773542635696,0.19480930201421623,0.03607753673099575,0.05928072336279383,0,500
1.292957494414357,0.7144343886423661,0.09139254523211715,0.1737681576935271,0.036517730891629845,0.070283340200151,0,500
0.7853561711738802,0.8119039023256177,0.11561220904484872,0.13338254039548816,0.0299920066890101,0.06006954388094286,0,500
1.1098125607565337,0.7738507892738726,0.1481100428693912,0.16355067881429272,0.03198930614396604,0.05914661858217409,0,500
1.0946270515329573,0.8086868898180043,0.1408628537975012,0.17869559911798855,0.030635416744396394,0.05599430711662623,0,500
1.004539692792794,0.8288041919646071,0.16675453425357376,0.1786616937308393,0.02902841260174874,0.05071554315726137,0,500
1.3508831452150551,0.7293746507898815,8.286070046345974e-7,0.16777686517107784,0.03087080922631877,6.302587650329113e-4,0,500
1.034076744421847,0.778238877847993,0.13031026441794138,0.170390782174916,0.033193856262121346,0.05432007002749749,0,500
1.1126448493259724,0.7825988742426635,1.503132544237807e-6,0.15874500172779302,0.02828893340820831,6.523310911512087e-4,0,500
1.1062923991212457,0.795004137118042,0.08934948218588137,0.17473040233305148,0.030816593719110306,0.06271384021194676,0,500
0.9302321148432231,0.8099898036892801,0.15229906347563588,0.15846814175586152,0.03070126374009267,0.05541882116426743,0,500
1.0211337628680839,0.7682612327125149,0.13377552201987178,0.15850805465958595,0.033710842927339946,0.06082750037978917,0,500
1.3653109646795136,0.7416601676399531,0.04265020837827084,0.19433265439995087,0.03382452843324515,0.06431498253876997,0,500
1.06110716056522,0.8123947256683175,0.0516468829788907,0.1673311232970585,0.028298219853950833,0.05438236547828734,0,500
0.8137991567059756,0.7956911482543447,0.20536152965629567,0.1470432186935554,0.03455650811816981,0.06587680210567554,0,500
1.2253723876899565,0.768587526362108,1.5293567962341478e-6,0.16397826906602375,0.028790465446381426,4.5654906674606885e-4,0,500
0.9420395410240822,0.7813496704626692,0.059404892682298614,0.14556873588614377,0.031133086947690243,0.058448651567125316,0,500
0.7948318057799919,0.8072144845006956,0.16397530051594805,0.14516737242843142,0.03183102593520962,0.06184652772331919,0,500
1.1763197325468273,0.779674156778916,0.09285942801055339,0.1789760505707586,0.03175018483847712,0.05639025525121534,0,500
0.746363704114261,0.8222432847541525,0.10850498386716152,0.13436172512371358,0.029198623132158867,0.05257928164415945,0,500
0.9597268967106375,0.8107542647715649,0.07217679679829053,0.15440583801275584,0.028763218937191692,0.052429698830643315,0,500
0.669779371006901,0.8472490679648909,0.18089702057845533,0.13260200289442398,0.028123876552621052,0.05120330477338406,0,500
0.8526246940591878,0.8450803373099132,0.0754928104755387,0.14844387144160429,0.025930362172598018,0.048473562660004355,0,500
1.1720984887760901,0.7777394651615928,0.05682186445401818,0.17589025195173782,0.031154415967231498,0.05767887920712563,0,500
0.9450296173712608,0.8285320504394391,0.16582974358268013,0.17211422456685077,0.029603284422347168,0.058159905564807976,0,500
1.0317469092749647,0.7988660927101837,0.11266917485318714,0.15946106983779657,0.030607116381796588,0.058049866240961145,0,500
0.9842090540010193,0.7986915115202092,0.09105675395375204,0.15221568091250848,0.02993634678337053,0.05316635404331014,0,500
1.0539448652337886,0.7936742657711708,0.03955990756206382,0.16317151418110348,0.02975167021942926,0.057524253897863274,0,500
0.9049217173015243,0.8099434713754318,0.1368265981932166,0.16626348094341023,0.0314563514002238,0.05722732344595349,0,500
1.0306503183875129,0.7428576618202908,0.05392611875942679,0.14489134931444647,0.03368120308682569,0.06120488959789301,0,500
0.5656178154922579,0.8806254251660438,0.12110884208985737,0.11204115695784221,0.022244364122570262,0.04876425763779739,0,500
0.8345476051464641,0.8262838930979376,0.09868652711471587,0.14966840382286256,0.028809037516392615,0.057618579356504836,0,500
0.8586682299653925,0.8293664977423401,0.1587565948562853,0.15532151995483326,0.029017481765847893,0.050389343975029956,0,500
0.8275875188518311,0.8448315516773185,0.13270213274655726,0.1577156788520701,0.027676983614327428,0.05860053635766798,0,500
1.066466931601001,0.7774033035115595,0.26091211877990145,0.17936312838494917,0.03597160593012806,0.0625534295394718,0,500
1.1915283158840613,0.8051551197672315,0.13678097483935378,0.19274008223326433,0.03042900136212857,0.05473474026963115,0,500
0.7523382287539994,0.8481919726357994,0.12644966786039497,0.13967973234394915,0.02669126017203072,0.04967201322558712,0,500
0.6632047883817149,0.858383179301884,0.16946532724711746,0.13533121506638723,0.027089978198958715,0.05576349880768527,0,500
0.8818552187446834,0.7761243383810743,0.21304756735906352,0.1583061530208075,0.03649722566070788,0.06755133359948935,0,500
1.0348156692216846,0.7840920642846322,0.25329727660429346,0.17137438361403742,0.03486321297388883,0.0566373421913007,0,500
1.0943547623075742,0.8084308202626929,0.13909311882923178,0.17900211482749057,0.030261057420807556,0.05498405698209737,0,500
0.9473044848756985,0.8046247271993192,0.15453091005366842,0.1654893569198625,0.03153164505141201,0.05766645882350173,0,500
1.1046682639340522,0.7827442801703646,0.03737635016191339,0.16307564369025213,0.030465087205127576,0.057949805315180916,0,500
1.5563965081915856,0.7432434024445532,0.043032596605950976,0.20842445900603354,0.03379442070666963,0.0708158774080342,0,500
1.1562741364439961,0.74365663045811,0.011878980599245999,0.16043879187641802,0.032933116864915964,0.06586820858807871,0,500
0.9731610833060671,0.8330356579496988,0.20841177448089887,0.17404764605562464,0.0296529377084941,0.05593524597156998,0,500
1.221630027559037,0.7241894750945501,0.02430341992909853,0.1628606646172219,0.034311732660185966,0.0664256901262697,0,500
1.1785558570348804,0.7932108883549225,0.13295218589092672,0.19003017703139377,0.03335920576134419,0.05519546567812594,0,500
1.0663364790399745,0.7874034335340957,0.12279868523186908,0.16742787569648493,0.03149227507565429,0.05273837938593917,0,500
1.1118610560746576,0.7943396374958043,0.10455279752356104,0.16678120907425753,0.030524325353850818,0.058109300634793644,0,500
1.4221717825657556,0.7334373371436764,0.05605569989073908,0.18695605396911222,0.03360510471486802,0.0576975921304008,0,500
0.8782334419208905,0.8150664887974826,9.03039102654379e-7,0.13757257248020283,0.026326239372113504,6.365305457600105e-4,0,500
1.2577947435987669,0.7712264436119279,0.10218278447773159,0.19161677843296376,0.03298946430405313,0.06504482363955356,0,500
1.1752704848208644,0.7791272818222961,0.14477459153658767,0.19360609976304705,0.03352704358822142,0.05712522128322062,0,500
0.8173923732200071,0.8209697560582029,0.11187320056276848,0.1394362724885135,0.028756892625224698,0.05354401611496493,0,500
1.4426746722111163,0.7018983159873923,0.02707367813638101,0.18159333291083604,0.034929029232774536,0.059675940321214746,0,500
1.5058250752381617,0.6982461698360505,0.056345876258815264,0.19252435807302232,0.0365163006605897,0.06934063277133898,0,500
0.7479208339366926,0.8330465381379166,0.07957253817406122,0.1327521269944717,0.02784700291199781,0.05636657720700686,0,500
0.7980457161004734,0.8732206373589209,0.20803961088232314,0.16789661174395412,0.026042241460756607,0.058878785600112483,0,500
1.1244850390768453,0.7860137267224326,0.14169948820873834,0.17831921670001993,0.032298140910640094,0.05923435577852075,0,500
0.8879466609289913,0.7978302983667755,0.04842684635182943,0.14338428147204801,0.029653840860157755,0.05032282302972466,0,500
0.957006678508847,0.7803956137930628,0.09342179301320074,0.1625060096010078,0.03324260682246639,0.06071387971892526,0,500
1.0408526549295727,0.7832849159935608,0.16263489320598282,0.16657420885727645,0.03231975717099497,0.05530246255403854,0,500
1.1136790936584031,0.7934570860502099,0.10090325648168572,0.17045012775139873,0.030269125103830008,0.059803144361110894,0,500
0.6794861443103147,0.871766344149806,0.11177482079325242,0.13634380921064113,0.024331657313922984,0.05032902504691815,0,500
1.074846542386924,0.7677470846710589,0.03738786841916246,0.15532430961395222,0.030974593759300607,0.057880570953351876,0,500
1.337340838146994,0.677646307287961,0.07175539874674998,0.17023981650440798,0.03785516714085287,0.06394536285285152,0,500
0.812427276476308,0.8215306802866867,0.2571879556204692,0.15834671189425392,0.03236026887288867,0.05466697882554701,0,500
0.997015658643505,0.7978045939554456,0.13218356839754242,0.17377221091881023,0.03195238789205732,0.058869178127219986,0,500
0.7087302665491382,0.8482989590375923,0.1620107221429001,0.13446505283704835,0.02744184229121156,0.05357831716278851,0,500
1.1810760470292145,0.7555741313978257,0.03635036363628696,0.16665405718430973,0.031681817176008056,0.05614136624655964,0,500
0.9300539405786257,0.8046177539584454,0.043756888589200515,0.14358035146479203,0.028584947364668704,0.0506851942458583,0,500
1.0869610911269185,0.8212896651584936,0.04481259173536887,0.1731501055111715,0.0274980007574859,0.05708462018807983,0,500
0.8955221544465121,0.7784751228906536,0.1348528723756281,0.14441013225026908,0.032832472452843126,0.055522472364426693,0,500
1.0114609753649086,0.7758257735771643,0.15271878370718528,0.1613781648670508,0.0333981429891623,0.06082849138270489,0,500
1.1402865754360885,0.7744960340776834,0.07925755904937516,0.16921981622516377,0.03162962761991632,0.05504725854939029,0,500
1.3442467561880787,0.7551193310638729,0.18870884315979952,0.19175716081494398,0.036068001924079204,0.06332314455226568,0,500
1.0547061162024787,0.8053974435145074,0.11654397435537452,0.16801293452656618,0.030102270433830864,0.05715898393931738,0,500
1.260636217421031,0.7137482038301377,0.13941559532213718,0.17024307937426206,0.03728508219609457,0.06726499219346091,0,500
0.8929882854161049,0.81109336702009,0.07591290704778512,0.1435333278815237,0.02871161026561567,0.051010446426515046,0,500
0.903655132895231,0.7628558555038778,0.09986884537132058,0.1512003779944864,0.03494954139026108,0.06406935182356197,0,500
0.7504280615680853,0.8368625241198885,0.18134374739984327,0.14459094230525585,0.029297161340451815,0.05135313359254048,0,500
1.1921839946608939,0.7980855451728924,0.08849307561715967,0.19212765269203952,0.030362690500019746,0.05785220503772649,0,500
1.240199544101151,0.8054434889272204,5.121513070179925e-7,0.17853940051384568,0.026574667649987515,1.8956688645385892e-4,0,500
1.5349438900061176,0.7153957090076175,0.03676622042762313,0.1962703509728783,0.034342187409929614,0.059298705583381274,0,500
0.7718882599658483,0.8092412992971271,0.09930198056452337,0.1331272286948946,0.029956101995946605,0.05428531393074249,0,500
0.5271233426464585,0.8742197908976118,0.18769859451363294,0.11671019731474441,0.02591715842514785,0.054240392101953284,0,500
1.2328349562639296,0.7864311937926476,0.19693598902239512,0.192727628394088,0.03280648529424636,0.05072196512193494,0,500
1.2466244991238837,0.7794332285531947,0.022997510206152632,0.1836574523149348,0.03036381604686516,0.056812846103371305,0,500
0.765675906090524,0.8724445120376184,0.12042999608289603,0.17879057154316477,0.029011076718224844,0.06265891941480914,0,500
0.7863821323212126,0.8526524987891321,0.10442757367126088,0.14693679723187916,0.026316856139533492,0.052816619139514166,0,500
1.1715678985258415,0.7819456909938994,0.021473895050564865,0.17494711705863575,0.03029465503832204,0.05770231023577145,0,500
1.2277437224422743,0.7290336429500879,0.09577477694994951,0.16976751070070828,0.035112740508812794,0.0634071531197276,0,500
1.138200537125162,0.8132350961684279,6.57724969713577e-6,0.1679997467676624,0.0262314623727245,0.0011530777933291805,0,500
0.858620215514584,0.8371145919403254,0.032495336307591195,0.14990848187728742,0.02666319600387176,0.056667695409764234,0,500
0.6708087669892515,0.8386295074148714,0.19341320783829077,0.12750885703691478,0.02900520570248176,0.0549293757064169,0,500
1.0726967716553606,0.7179236532569153,0.0686078293801465,0.15863078942764933,0.03671208121467927,0.0592891250768934,0,500
1.2604153267081162,0.7490300211017751,6.907693701984147e-6,0.15735678523115237,0.029599991301632322,0.00129651242689464,0,500
0.8934018907074338,0.8125745593661752,0.16820813335274956,0.1515738612812253,0.030526150848351495,0.05574055433367878,0,500
0.9282406873032407,0.8285135798750988,0.14073988814728247,0.16710338440010483,0.028748080900173494,0.05246075466526968,0,500
0.9847401498404657,0.8195779418295275,0.16582127010206468,0.17217709480459753,0.0300664365988066,0.05776847648497321,0,500
1.0358398529414952,0.7918362234058195,0.1766127178187193,0.17194871884146115,0.032676107090626086,0.05682862092057089,0,500
1.1071403891555918,0.7636434732703176,0.02693171695428079,0.15549435132500453,0.03131666465827933,0.057229669614682656,0,500
0.8947242521179308,0.8053427019955661,0.06809233467442011,0.14860665441682053,0.029520050168904615,0.054969445174309774,0,500
0.8766823417265759,0.8309415757782169,0.15013789640621364,0.15643081267223408,0.028678333482641944,0.05640576933426751,0,500
1.0893613202369856,0.7468702428216206,0.04957501375669631,0.16100708761484178,0.03359407837411428,0.05951099031340215,0,500
1.1593697914711216,0.800559823438398,0.1664827740177724,0.19170623066038817,0.03193874636654713,0.0638460249199657,0,500
0.9431448486249479,0.824515889873819,0.13662956469507423,0.16032107762929357,0.02900030093735583,0.05245052730602308,0,500
1.4589996246094645,0.7548492651557062,6.069129649435962e-7,0.19233431718238508,0.02973851559947624,7.890624484711799e-4,0,500
0.91790594530006,0.7987220800509842,0.04289052153749637,0.14756180248523135,0.029668868094801865,0.06408610649008445,0,500
1.2588918650029697,0.7738228840060731,0.09458597814397798,0.19036788385735512,0.03240252273715299,0.055681469758185574,0,500
1.3070691790112667,0.8049417285900244,0.19305991187158744,0.21028079728136118,0.031727633352575696,0.05695913098110234,0,500
1.1082091833418029,0.7733196774400787,0.05813714813637975,0.1631280789039979,0.031428481116419556,0.058733580163218155,0,500
1.1731166530023374,0.7493883381951919,0.007777444623905854,0.16107332359168255,0.03210644890845173,0.06077605951986751,0,500
1.1984792712308605,0.7818338525995759,0.03662706949597905,0.17905027041621968,0.030251926294597782,0.05322003402487448,0,500
0.7115962564118116,0.8503810392989012,0.06372897831624,0.13519578240834507,0.026031795572013156,0.052426121695189204,0,500
1.215004343821321,0.7635630427426722,0.040307944583761225,0.17228345913332993,0.03170052087895743,0.060075053493582053,0,500
1.1903832667538823,0.7892436579702717,0.009722068164558492,0.16251647496737598,0.02861679454682686,0.055416672971930946,0,500
1.2941806684647925,0.7649622042747939,3.974211937862543e-7,0.16731060948121632,0.028808875729083694,1.7340300772169007e-4,0,500
1.0307017669722958,0.803528814613701,0.05737493647476972,0.1614566765307832,0.029194261756396687,0.058445423075890846,0,500
1.0464937837579318,0.8144570939291985,0.10662072629597795,0.17875055349990676,0.029664877720630915,0.058787070393524994,0,500
1.134266566542453,0.7751725234515044,0.19425111769739134,0.17619423689350006,0.03449281518953643,0.0598261892869683,0,500
1.3047906970698961,0.7144348772237128,0.1338696321028744,0.18961334561589704,0.03755223497257607,0.05948463619259479,0,500
1.2745158997626247,0.7651730794864443,0.1799266433908074,0.20573214467596124,0.03544411971551327,0.06486158990412043,0,500
0.8455461463266198,0.8050143642951437,0.14746257007281005,0.14920818703460792,0.03166927463257041,0.055830794671368145,0,500
0.7816076515104966,0.8183267742314267,0.134190080775807,0.13553189705533178,0.030011860199337784,0.056053768980752684,0,500
0.999217012843111,0.7924839907786074,0.04368236803621588,0.15814498094375784,0.030112050521506072,0.05698948305586766,0,500
1.05008765669632,0.7591053473206515,0.012649079460200939,0.14819843087374548,0.03127918018736156,0.05804694955779002,0,500
1.0223241713445146,0.7977813072955526,0.16307337814214898,0.17419229218183838,0.032199259722735137,0.05956901968454453,0,500
0.729606647104545,0.8765199834422732,0.13642192578322823,0.15460316437546856,0.02460133742616993,0.054384845505126865,0,500
1.3290955772937885,0.7931193219894197,0.10932615775269003,0.20548951934002432,0.03061073461537688,0.05536537256513505,0,500
1.1778813590703472,0.7476248167461006,0.09499977213969003,0.1799627346736126,0.03489009897963486,0.060992168924006274,0,500
0.7385295809937518,0.8254820049573848,0.11653232489092803,0.1384583687249756,0.029534281092656142,0.056022117494425254,0,500
0.8240656508392434,0.8149937374932935,0.18442324969160884,0.1461549818521759,0.030897633609717014,0.05465010287252639,0,500
1.1520843221140684,0.7710031073166801,0.04703079405342747,0.16697855465833247,0.031245920158978195,0.056964228935164056,0,500
1.0558367349966264,0.8018292644962832,0.1146449401729524,0.1602680224371278,0.03026884004865005,0.05404939609001586,0,500
1.2453265192036354,0.749211123047044,0.07491798438290474,0.17896025727247747,0.0334233661444543,0.05749916773612868,0,500
0.8889649671882901,0.828480100427645,0.1586647050268464,0.1579719304825428,0.02899574356159543,0.05134683725641335,0,500
1.3889800927531744,0.7430758473734953,0.1272512220629792,0.19336255222121682,0.034586862927290594,0.055933014598911306,0,500
1.2303220120176634,0.6899428891135299,0.040914291909457196,0.14986449210204467,0.03590807148796946,0.06309769422228921,0,500
0.813354484242815,0.8106491907646294,0.12009378858053668,0.13620523838178597,0.02967559995140235,0.05163620252230392,0,500
1.2090795522113553,0.7962770365116943,0.009594884034422553,0.17861179546583472,0.028647585513194216,0.05351381435684422,0,500
1.1652200175173217,0.7734358715719619,0.0579601642331751,0.16469234034814767,0.031013919456710934,0.055550235130988515,0,500
1.185618934151594,0.722180612369958,0.02683235385445412,0.1509356799676652,0.033755187389428565,0.06049669004829922,0,500
0.9575552291750329,0.7844326896114739,0.10990847561523634,0.165651073389166,0.033139250296667574,0.059101140307575205,0,500
1.2599596017688697,0.7999194056943663,0.08395983495671239,0.19667358881400177,0.029759116301415738,0.05534596769118593,0,500
1.0928008571605758,0.7718267537091624,0.057776179829317535,0.16487460238343427,0.03158102516298638,0.05467512806078323,0,500
0.7761944307567137,0.849135848065358,0.1313501719014457,0.1537724382528133,0.02737740889392474,0.054760366252814524,0,500
0.7990544562779074,0.8322406212527836,0.0868428727215022,0.14468635127981713,0.02781531221147599,0.05220204192753472,0,500
0.9474484725911838,0.7800019937124736,0.12264343102630983,0.15311696476895645,0.032566336375832824,0.056921481131307794,0,500
1.0539818877901697,0.7902293274565698,0.13278616927025336,0.17221653864659633,0.03204435938301442,0.05972635780873147,0,500
1.0585563920606305,0.7837076469934516,0.21130052028899063,0.1738301535906498,0.0336386749350168,0.051827183282504685,0,500
1.149190631968087,0.7655569600193377,0.08306133230190905,0.16669058711631096,0.03246161663621469,0.060365450259391856,0,500
1.044195258107534,0.8065171408918667,0.17871153893865366,0.17663817187212577,0.031615484119806005,0.05906450345989353,0,500
0.8893527456937539,0.8188981892488273,0.13918049712748343,0.1592126530819654,0.029986563933119617,0.05658103264102552,0,500
0.6642671102747624,0.8736711571800139,0.1375181095647617,0.1366917393185661,0.02474155129659916,0.05450298151133638,0,500
0.8246330759722444,0.8379186478668547,0.15637810584831763,0.15445110612725937,0.02854995785535022,0.0510584980127612,0,500
1.2698913999134647,0.7582097043383609,0.10749820851306954,0.18513730680977697,0.033555355456681174,0.058474420005291246,0,500
1.2971336269890068,0.7734794870467331,0.07727278039987848,0.19077517726305512,0.03178031790035589,0.05884021772149382,0,500
1.0907316244030887,0.79656738652406,0.04893520486729521,0.1685528879184113,0.02947911331825391,0.0540199043851245,0,500
1.454212428093009,0.7075855426578308,7.487731529303002e-7,0.1720254195135602,0.031738178798038974,2.391838187321895e-4,0,500
0.8648078506802697,0.8065729564911024,0.07726757294158272,0.14528504079512947,0.03002274231467818,0.06338037984453647,0,500
1.2658377462378074,0.7732069749582531,0.1458525707348382,0.195390964379263,0.03334367304924192,0.06103777930906766,0,500
1.3422446708765496,0.7517687995661733,0.008942941832863885,0.17419631195291896,0.03134050471154849,0.0559019234816929,0,500
1.0641443684003555,0.780976636448199,0.12012446385244295,0.15923683307009726,0.031466721985717344,0.05355266470189502,0,500
0.9659714746955449,0.8071200210898765,0.10964788031855897,0.15268405943973123,0.02969851156714082,0.05734646949243727,0,500
1.0819455232064745,0.7666909281051573,0.04270530883692455,0.16151285962984285,0.031765797533355934,0.05899755811517141,0,500
0.7447631583341696,0.8555417710495672,0.12436615391190911,0.14940598153406565,0.02666659668629071,0.05024002265611553,0,500
0.8752577583783894,0.7735612074217021,0.1406552682808495,0.14550663124055657,0.03408517755121106,0.060703913640310976,0,500
1.0618763441945773,0.7691269778200166,0.10360005757096793,0.16384331282604314,0.03296095800292094,0.059469261457371254,0,500
1.1111882930107704,0.7307866133042792,0.0514781332198809,0.14671913880617588,0.03357589089992739,0.05668051715878194,0,500
1.3323334516558827,0.6594112790755594,0.10362640800514228,0.1649413026882101,0.03932594416667898,0.06332948627681073,0,500
0.9643251964397556,0.8153431067185148,0.0017600673458674668,0.1554033690732652,0.027512485288383712,0.05194483843904883,0,500
1.188795061312107,0.7558167899782742,0.13843578495513778,0.17815973858095305,0.03437301300591132,0.05879869010786667,0,500
1.1493000269570306,0.7687071192025792,0.03394012649318748,0.16256066989594287,0.030982271844654675,0.056108187357226794,0,500
0.9753231651930045,0.7883057329137019,0.22753373345566916,0.16554879515207263,0.033764844184240986,0.051375427236593364,0,500
1.4175970922066177,0.7384623799895768,0.09893989854802637,0.20574147766331954,0.03494197776518588,0.058733167717144166,0,500
0.8470928515101379,0.8277465773071324,0.22225642660543757,0.1578862235832737,0.030382892824844035,0.05210579712342715,0,500
1.1098090331360224,0.746782081313552,0.010694847803018957,0.14964614897076325,0.031778929500252594,0.05546753310788608,0,500
1.319444661651219,0.7238387119725839,0.04855429981203368,0.18166716822417242,0.03502938047378735,0.06290035714208392,0,500
0.7825056324848,0.8265005103287946,0.14621728176443644,0.14367452261623456,0.029390633130217007,0.052265832401982584,0,500
0.9774854389579098,0.8309151520844963,0.06395836470518672,0.16383934511008497,0.027007254400305467,0.050352777375403036,0,500
1.0397266290869234,0.7812776595290342,0.045834558243780715,0.15609003683977166,0.030558434788597724,0.05654338861617267,0,500
1.1575850835285548,0.7713959088714103,0.08856613945797484,0.17390308385724085,0.03222883429288056,0.05341376181146123,0,500
0.7320983891802976,0.8404035736599295,0.07930484764252788,0.13179557038245504,0.02711175732767957,0.05915505913442466,0,500
1.280218532945594,0.8146076001060516,0.06726558811389734,0.20108177047652745,0.028247876499756085,0.05179343761962769,0,500
0.821175605202327,0.8393605125169459,0.12560438917310848,0.15227234671515252,0.0272709635953433,0.05956281451987358,0,500
0.8978381234104579,0.7805661806318835,0.09355826632580172,0.14211800807560251,0.03228364063917351,0.06324858866417553,0,500
0.7734440266848259,0.852787215043472,0.1549981350279098,0.14505345171118236,0.02676388135127866,0.0520970290665016,0,500
0.8337774318987113,0.8376803696515515,0.1599171849783267,0.15187633238216972,0.028252705296973043,0.051866083816002516,0,500
1.0815898405503153,0.7965145219049816,3.015841531860632e-4,0.17121870968166178,0.02936648194225266,0.056339357820653364,0,500
0.9025048851457197,0.7941000563269516,0.18918412076766808,0.14622984505901945,0.030574319763427393,0.05684431383422563,0,500
0.6615525946463467,0.8636679694508129,0.10751521954016038,0.13081817068071336,0.025271787270793093,0.052601459744814824,0,500
1.0839232065724684,0.7979596678166482,0.13924718678921724,0.18279287374897316,0.031483563678715104,0.05514436054666926,0,500
1.0683332226603437,0.8055209152760227,0.20751653512308008,0.17654638282910276,0.03197989858573115,0.055235911268899714,0,500
1.4020248636322459,0.6913286589916868,0.006032724959181667,0.17738374652680786,0.036125006259716236,0.0707037619610865,0,500
0.9318348935523821,0.8028628326989974,2.4292376720009735e-6,0.1474038259853279,0.027699765234490716,4.682874571686857e-4,0,500
0.7932381805152791,0.8489893035040783,0.1389386015732564,0.1443328498008485,0.026593463898083005,0.04825199906946057,0,500
1.0171585971735257,0.7994788521351242,0.014898859529633064,0.16474491559882318,0.029422302154638116,0.05393627113808985,0,500
1.1656070873578985,0.7676021677851912,5.932276415535089e-11,0.16479812711232586,0.03036436577937369,NA,0,500
0.970537172395958,0.7969314291625424,0.007981267822502604,0.1532660675215961,0.03135367735006689,0.058022255093360564,0,500
0.9175825316761396,0.7748848595278152,0.19135867849651503,0.15014470690334017,0.03452630810914443,0.05859895639395066,0,500
1.0334816442010215,0.7666273976323423,0.14715879105878035,0.15929449901940912,0.03345879927680977,0.055100689895048786,0,500
0.9438183407285037,0.8115690064268277,0.09047300674154767,0.1670594417733602,0.03022367881494285,0.060283640506138374,0,500
0.6990074131062548,0.8289386432344968,0.21674342112524958,0.13416910499976895,0.03074710123300182,0.05934162034475001,0,500
1.186716855824431,0.766047834233733,0.08150946980691978,0.16591011104916178,0.03206127575451025,0.05623510581567565,0,500
1.2209814249880966,0.7659477187859074,0.01716206768243463,0.17496567945882613,0.03136019360526282,0.06255406636204096,0,500
1.149507553917615,0.7898273986838669,0.1715972610696117,0.18432552460336332,0.03245072849393029,0.058751871950552106,0,500
0.7480846330549653,0.8465685193780432,0.05284906596514158,0.13086250824589807,0.02572267153295249,0.0541012193194144,0,500
0.7271315510164008,0.8337603158385504,0.13270546602654104,0.12886970545616197,0.028119805471557992,0.05274895245739251,0,500
0.7042375648616483,0.8551409237748977,0.1728641500168795,0.14041627028633663,0.02705183517956979,0.05032239184872562,0,500
1.0199882148773682,0.8003022478406256,0.12397105893007478,0.16758558375192192,0.031093230918377172,0.059527472243042834,0,500
0.9792415149815988,0.7899727678117937,0.07487344086427444,0.15842229742421332,0.03129027614667787,0.06256792990558185,0,500
1.1810265889589344,0.7795948734742368,0.07437314107123014,0.1721581759343702,0.03115701094106817,0.058498797147453194,0,500
1.1998992345234236,0.7650361013958689,0.07805527717084082,0.17013523761200114,0.03201591943169474,0.06667807245367798,0,500
0.9464847109725725,0.7927452194239095,0.10803835341719895,0.14473074258873828,0.030598532946914826,0.05453428997914581,0,500
1.037170198396492,0.8154905598483964,0.0981870516091001,0.16929656568255422,0.028744622516385182,0.052931382410369904,0,500
1.3079285082050294,0.7594452417364234,0.10657135960061112,0.1857704144313949,0.032872081953627376,0.05533550228237839,0,500
1.164430527166778,0.7988289659284885,0.0050315563640001655,0.1758698365271141,0.028783025828826678,0.06040877635542959,0,500
0.9362744231859123,0.8183493998715355,0.162671755323411,0.15853422993813085,0.0289441581278289,0.04894776519037927,0,500
0.9645238193487855,0.7937476114809927,0.18561759553295656,0.15464800324029992,0.03222439146187071,0.055650531983600114,0,500
1.289974791820713,0.7127289586272877,0.0956930716418709,0.17289078678284375,0.036094773277866754,0.06057328180224633,0,500
1.1135641211175507,0.7638124756270698,0.11213138646286165,0.1702358986011628,0.03351493416369281,0.061644092556346904,0,500
0.81070380954721,0.8244427513360182,0.132404479815939,0.138144257551881,0.028395453027157777,0.05177621960756165,0,500
1.2243082521736721,0.7849178766094002,2.2471754436293464e-7,0.1651302772980965,0.027625667801401983,1.6556636546202866e-4,0,500
1.2854756598010058,0.7676060666142375,8.327693844660305e-5,0.1653081736400904,0.02864615761749172,0.006342134124225664,0,500
1.1455783201251546,0.7580109289781396,0.1272176123425126,0.17351474168573716,0.03372005152648996,0.053500394899527993,0,500
1.1756837746070958,0.7900926444901435,0.06618900537418565,0.17401708650895154,0.029928835032187916,0.055661717302689984,0,500
1.293980346385752,0.6738658777539978,0.1246199536977887,0.1694016708285111,0.039295337191265114,0.062059564761933646,0,500
1.2201847021033791,0.7323025916076562,0.21069744780339053,0.18882617226162948,0.03880555561002432,0.0686432332711775,0,500
1.088295217424613,0.7989157612397648,0.17676205960464372,0.19285738910156242,0.03284178530869731,0.06054063256872046,0,500
0.9718412349513029,0.8160900915981761,0.12241206814941469,0.1624941663897169,0.02929304495020766,0.0526011941273185,0,500
0.9480048102364325,0.7914550956615467,0.10168506766162778,0.15027364443232008,0.031210582498848147,0.056489985698891985,0,500
1.164978363552199,0.765327049566648,0.014247857512866257,0.16343307287590292,0.031216190984105014,0.0636185393309613,0,500
1.2310348671646016,0.7722593755840188,0.041997145004188066,0.17402091498445973,0.030836428489748095,0.05638387655579844,0,500
0.891904091894699,0.7915700078388751,0.2483816059387068,0.1671074249777322,0.035684926714054266,0.06258651076788767,0,500
0.9936725453163813,0.8230066006098704,2.4136120776629218e-5,0.15143919078612017,0.025568485743095073,0.00270256473490982,0,500
0.9306446208979998,0.8184150975602608,0.13793397491932066,0.16540086121453143,0.030383264533854443,0.06372233498913528,0,500
1.3316844609706462,0.7204895743911393,0.06583376126547687,0.18434082000866422,0.03577327716897543,0.06833027790356562,0,500
1.0843492758329316,0.7795641662019419,0.06376974547290824,0.16189465035455763,0.031087245319083332,0.057210585546803035,0,500
1.0493108471201882,0.7769915592467018,0.026063429659523532,0.1690980179692208,0.03155923504522751,0.05942765669684424,0,500
1.1374037056364474,0.7879280774351138,0.07184854176839348,0.18013116135233234,0.030705272300315948,0.053122525603762696,0,500
1.350111397462553,0.7703999637893545,9.025028821112003e-7,0.18055016859552533,0.02865800086506636,3.5545740541002683e-4,0,500
0.9725352111352206,0.7863777071226857,0.17368618207384387,0.15295417304004383,0.03186153007826295,0.05626954686914684,0,500
0.9915555598117449,0.7808042320437258,0.15933550838018393,0.177406885750372,0.03537432164358319,0.06260961418300859,0,500
0.9969077540049863,0.8045853900468293,0.1888618645731961,0.17138308292511056,0.03197025181438375,0.055601853277706045,0,500
1.0859427189452764,0.7409030348488868,0.04869589964652504,0.1513316388731658,0.03359753344037619,0.06301140014138135,0,500
0.919130329441147,0.8198136559337503,0.09618477692502622,0.15938819973086346,0.029222189997829752,0.06305767543091036,0,500
0.9039438216856401,0.8173300933212809,0.12604799732090474,0.1519458499516283,0.029177930231675586,0.052139425207182594,0,500
1.230697511331486,0.7577303822125165,0.11679547804699,0.18898125596404655,0.03447556537450347,0.06523599178527378,0,500
0.9946386203461729,0.8250777747072174,0.13071641472734805,0.17147453383967678,0.029097575083092804,0.059640871481795005,0,500
1.1054821542831001,0.8102921164816238,0.017523003208536725,0.1708107803615609,0.027918900153445097,0.05704605168134457,0,500
1.1357874049680785,0.8013624513928995,0.21339803214295994,0.18568004904886343,0.03290456110796837,0.05987460321326874,0,500
0.8217127409847049,0.8394335094926186,0.10573619996792161,0.15355367620065688,0.027851475874614822,0.0616352469468387,0,500
0.7903513100040821,0.8205123021912719,0.05256289573271636,0.1357206632457087,0.028156183689718485,0.05411013703681999,0,500
1.109208233577528,0.8193977534397872,0.14636386762265233,0.18347448911850558,0.029347460410860796,0.04851794239699096,0,500
1.3335449868431934,0.7551578725711288,0.08641150017469833,0.18727007973944487,0.032918568515491985,0.057124754952753085,0,500
0.8160092042502883,0.8651511017589962,0.0864027203219367,0.1563993727218065,0.02469075483105859,0.05417328360473146,0,500
0.8403312139556974,0.8345321541236689,0.015717196927093453,0.14842003336053933,0.02667501528141057,0.05358455041088584,0,500
0.9919470930531906,0.8359079402890427,0.14570985409921822,0.17879744744576037,0.02856651994927695,0.052782198468098694,0,500
1.1022349889335106,0.8020416748794764,0.07104544292193318,0.1754949195611415,0.029779928713241383,0.05879022173596788,0,500
1.326900716836051,0.7083194352961601,0.07624159644310868,0.17375676170397514,0.03577436930312737,0.060870220834264244,0,500
1.2655615835549687,0.7476173879277431,0.13317514372498743,0.17959262364661205,0.03471255002330215,0.0632606171931045,0,500
0.8128041339716853,0.8371597038055272,0.15348649762286035,0.1488387984611449,0.02838675204249634,0.05292370427154652,0,500
1.0009771010654362,0.8050430531405254,0.13586402476755252,0.1701373057265352,0.03098644114669951,0.05949174328315327,0,500
0.941423148610179,0.8080100928031503,0.0311377617626311,0.1635464310387786,0.02954646991459114,0.05269977781344042,0,500
1.0599515241295323,0.760124434585017,0.22170721941874508,0.16647639425233157,0.03613104086387214,0.05838016580055922,0,500
0.7825745455998261,0.8011998768832028,0.14030404617378828,0.13461614775392328,0.031345405227924596,0.05424676710184611,0,500
0.8294200831686982,0.8315017339935187,0.13092506642759388,0.14506943559929172,0.028358232513886698,0.05519377992169089,0,500
0.9943518267175171,0.7528354278762875,0.043297892768999105,0.14900820619105695,0.03328032651134812,0.06171492537195353,0,500
1.0560698747615636,0.7775283686877237,0.16669708983022621,0.1694884759805453,0.03365947014893387,0.059642807259281685,0,500
0.81220265608386355,0.813843800327172,0.039051216862064635,0.13569073899154654,0.028521132267068997,0.057232505298077226,0,500
0.8405260903981429,0.8145077272215336,0.10849817640097416,0.13823395839557895,0.029297897126294447,0.05695641763829043,0,500
0.9932666343813179,0.7703939790023671,0.11777494632315932,0.15771489133358915,0.0327561217427924,0.06308981591848659,0,500
1.6272074362965967,0.7155892523648011,0.14876586442483494,0.22108181191603238,0.0377006421651542,0.0686646749274734,0,500
1.263387672458772,0.7509463415246547,6.068809213642596e-6,0.1628377200306004,0.029710898666871637,8.849261063484069e-4,0,500
1.0488466325088492,0.8006516312730548,0.007066437614437527,0.15225444584726927,0.028191357585434836,0.05315763111061644,0,500
0.6890397231606924,0.8487225390780894,0.1578313583877075,0.1337828142269586,0.02760911044764863,0.05582975006876742,0,500
1.0947757578817379,0.7865596670947518,0.033113473335736845,0.17429578106265925,0.03055876797502434,0.05548390958582633,0,500
1.0444892320860455,0.7688394169945545,0.11998688096809505,0.16100117156018084,0.032999694647148164,0.05689537593689553,0,500
0.8897656477941331,0.77459059599087,0.041264303102406856,0.13944782632271238,0.03175993227932006,0.05955110571877918,0,500
0.8253251490942637,0.8212904383141629,0.08410459410447789,0.13695536494476934,0.027915329555689178,0.053000637612358376,0,500
1.1285609783445487,0.7995291792490925,4.241628094554713e-6,0.16138351568082795,0.026980282502700903,0.0011110513507801773,0,500
0.7045023358578062,0.8487541554247796,0.20969890004658093,0.14469001944857257,0.029046132524366455,0.05976704528342379,0,500
0.8261740977615094,0.8313240601279961,0.08696922946566321,0.14268410221232072,0.02742860399139939,0.0552195665059651,0,500
1.0080919206071335,0.8273345461256131,0.15465122281003954,0.17124247598470202,0.02896980711316506,0.05091407449364006,0,500
1.3826090303045695,0.7491363394582838,0.058656197926315455,0.2017556500062646,0.033593315258068676,0.06225510338054636,0,500
1.0727780709067987,0.809780104116906,0.13100677842931263,0.18021040621042436,0.030113744969490507,0.0572574414924119,0,500
1.3086847469539689,0.7587349733458778,0.12138090978660462,0.2022771388520691,0.034606702130464816,0.06445250597646227,0,500
0.9560585448399337,0.7931854977106096,0.11442131786523842,0.15162869872619214,0.030949668602893363,0.054091308271507835,0,500
1.0353460633856846,0.8284268726482077,0.03969874620518975,0.1739037074097549,0.027069317880455857,0.052981249638019284,0,500
1.043391547912306,0.7630700280384503,0.0770814495187148,0.15880127756356702,0.03301672315255242,0.07021504098025994,0,500
1.2727560213245774,0.7575184656505197,0.11570151870037908,0.1878452761519207,0.03380339663333999,0.06143871244594543,0,500
1.1942711018118652,0.7702598419070172,0.11490935650941163,0.17419803225069347,0.032270942815775625,0.054216691870202185,0,500
0.7626980074184972,0.8422307346348099,0.19094631721346117,0.15175217564221552,0.029006544398861165,0.0529456307547781,0,500
0.9804072777698518,0.7462797487863776,0.12757280780649247,0.15161384919820647,0.0355723396106982,0.061814834812593304,0,500
1.21253148309302,0.7692712123358468,5.722413807995966e-6,0.17342993302293852,0.029549037032455826,0.0012116552031050235,0,500
0.9862611380823891,0.8051003650744638,0.18013304714204845,0.17013714829126958,0.03210494857962725,0.06359041785572167,0,500
1.1858900468140563,0.7585035551424094,0.15230765645020986,0.18579317133707512,0.03559813963807275,0.060497687726320824,0,500
0.9339385701162141,0.8243368956936563,0.13214028089995844,0.1634457052218876,0.028919430681303426,0.051717086778309176,0,500
1.0196114735466706,0.7833028165824865,0.23547923690066777,0.16635895461205885,0.03436470017919845,0.057609949426667154,0,500
0.9018025551906191,0.8142704832800172,0.08169725664460838,0.14804694150244954,0.029009648896459555,0.05647087520269479,0,500
1.2130343612532115,0.7576957668583347,0.1583987325131644,0.183484876455707,0.03463379208427783,0.059092003838174506,0,500
1.3428856171847687,0.7395409583691488,0.07595306890486687,0.18610587121177805,0.034278204682066604,0.06561715861110101,0,500
0.8228181012563703,0.8660321845464228,0.05369723182031654,0.1524425121515764,0.024018187490135682,0.05048586981682527,0,500
0.9709764477305076,0.8109749198936493,0.14907317327479433,0.16885891115884663,0.030495826573655193,0.0525559316744983,0,500
0.7207551688290399,0.8708915529915773,0.2478233441710953,0.15708889762455,0.02665759210625128,0.04612780906884047,0,500
1.153848297209527,0.7709063721960062,0.07434183642039165,0.1623569159880431,0.03150220940549116,0.05640656410962028,0,500
1.1797317330423218,0.7640359641473065,0.10022794607763397,0.16750438726470038,0.032463372097463285,0.05452677303168475,0,500
1.0223992199040282,0.802834790130041,0.19792605603439123,0.18067171394204679,0.032440217448330234,0.057269282090881266,0,500
0.9337075528035855,0.8106462133085087,0.08873463105158087,0.16363044670792426,0.030244801438782977,0.05288047375616679,0,500
0.9431857139065435,0.7917826325030535,0.13957879371926252,0.15506843382522992,0.03175443615839779,0.05211509491189768,0,500
0.9245262650594852,0.7839678303832301,0.14293233327487892,0.15043856184321017,0.0323664119305752,0.0509339445314901,0,500
1.1301495574610403,0.7870405695462844,0.18942291506966868,0.181008521029786,0.03308267366161065,0.05482646761411459,0,500
1.0583264031794624,0.7599805831130998,0.024974979879452422,0.1524187682622408,0.031983580995344076,0.06311375055487928,0,500
1.0536473539767803,0.7846041245491242,0.015215806344402592,0.15797680298835737,0.029834771424542023,0.05314694404202839,0,500
0.8884792925542148,0.8267174689275092,0.10282635836472112,0.15295206530362235,0.028253934867662207,0.05692745861242325,0,500
1.5349336437876966,0.7025086490564612,0.07530389911510327,0.20536616273247182,0.036688233246675396,0.06647293331577654,0,500
0.7896670023928949,0.8079074894374675,0.04147249934939031,0.1245363048747455,0.028600743472163646,0.05566099182114513,0,500
1.1598265981440647,0.7786238997911308,0.10601596516039391,0.18532741812004444,0.03223979225791196,0.055297107585379715,0,500
1.3524280993151134,0.7791409703012707,0.05506617897293919,0.19034322618309707,0.029850767114988238,0.05138134756534684,0,500
0.7794493128029304,0.8650738760592787,0.015401306571637133,0.13695638258974221,0.02346978172956545,0.052902275699159985,0,500
1.1470983291436045,0.802592436099998,0.0467054969096119,0.17075461496857655,0.029045444912539648,0.05732926422640073,0,500
0.9430052341281902,0.8235457767699743,0.10697405653375891,0.15948752264588018,0.02841988320000311,0.05152350476287676,0,500
0.9140488909947979,0.797378856024732,0.12331074405458088,0.16926390105894107,0.03444600782530892,0.06131276823289714,0,500
1.2857342886722636,0.7515085278142242,0.046387917840616175,0.17977974720055234,0.032486366664475706,0.056127430977745876,0,500
1.0028119110599925,0.7782901891522941,0.13315351718390395,0.15711727586799712,0.0327308887874773,0.05971630694667071,0,500
0.9820598413286469,0.7961123812874772,0.09431454784437601,0.15590728171167212,0.03064369253823143,0.05931218461423936,0,500
0.8048640000524165,0.7967653232066804,0.04419069744927345,0.1236417612320697,0.029364063073845478,0.05499102238690286,0,500
0.9393616927512505,0.8139109929549022,0.07825324839194862,0.160486870852522,0.029185448541256376,0.05398843220744181,0,500
1.1438337751816572,0.7787771272258984,0.09922102066600666,0.16775217946566232,0.03156163895213025,0.05779655072077824,0,500
0.7609653808268826,0.8674042615456147,0.1554439121619504,0.14821965055812533,0.025543186382162502,0.05198687818509443,0,500
0.9239110536580143,0.8338028201300339,0.10047214130351033,0.1619018005695967,0.02754219454976269,0.052812522596665766,0,500
1.1353637957953757,0.7826848390644218,0.15906201543868626,0.17333476676403636,0.03194172056082918,0.05734277200437875,0,500
0.8622000510189823,0.820678294636519,0.11161022839320242,0.14348841770324305,0.028572633954276165,0.05269610334021357,0,500
1.2225826914349325,0.7749196742627797,0.05706432697844024,0.1743241238109554,0.031055520937094645,0.058635101073113066,0,500
0.9791641771556738,0.8072066659613425,0.20636776657305356,0.16886093253395276,0.03169965736897588,0.05816775815072831,0,500
0.958402916310314,0.7474212547441306,0.12437279119937088,0.14980538553246794,0.035866591794093426,0.06362979693910523,0,500
0.7571406847966329,0.8755698521131715,0.020096088939172006,0.14605467460239763,0.023169286908738304,0.06322173064966019,0,500
1.03092841963131,0.854687028438922,0.03366402334864298,0.17817619094415763,0.024712071286871046,0.05385179503073088,0,500
1.129103654146655,0.8004945853445168,0.11353792789874159,0.17185475784990187,0.02985471345717976,0.051697862091577625,0,500
0.9814389012576878,0.8092010382505224,0.09464344793433582,0.16420918418972477,0.029905913796933414,0.06024061189799345,0,500
0.7927918453733451,0.8585906617909131,0.04204936424042964,0.14599811605673454,0.024811242750214055,0.05908837393440674,0,500
0.9610498027006364,0.7920960246666099,0.05969909678381144,0.14670392197108978,0.029976953891113184,0.05506420171972251,0,500
1.0647876471980544,0.7903725887180696,0.18678351566534407,0.1700734324173922,0.033193089988392745,0.05542796901387695,0,500
0.9317727057895142,0.8228223397785929,0.09098516541575322,0.1574705549826286,0.02816191487905138,0.05290335348785105,0,500
1.3656767210558323,0.7719230017281687,0.08689298351366616,0.2019660110556731,0.032214764363069845,0.060412515855370726,0,500
1.141377403220094,0.7431938107283799,0.14137345312194965,0.17032676491398138,0.03538199625934199,0.056999541883882836,0,500
1.045082245735282,0.8209361364759761,0.152921328578006,0.17911892856453548,0.029825161031688325,0.05532557301333441,0,500
1.2479022544993092,0.7774573079170751,0.03466685488005865,0.18239021941439673,0.030489945574712844,0.05562055859614642,0,500
0.9745667987405671,0.8521884882117401,0.13261466854046622,0.1759830239701392,0.026325672416543894,0.049168842633985,0,500
0.9394898522998034,0.7769913936225519,0.1012591220129118,0.15542328038042869,0.03350554347157259,0.06903696077833857,0,500
1.0692155535747538,0.78668179756658,0.0421352715750918,0.17179842655975863,0.030881161939513558,0.056545740503646726,0,500
1.1079462891184801,0.7917953285880046,0.10274915021260476,0.18151802034871636,0.03163897697508891,0.06076586962737794,0,500
1.1764621340015486,0.7504329100566135,0.05273653043967778,0.15752486837709997,0.03221000660751007,0.0531812685580442,0,500
1.0256131792305838,0.7749909189487438,0.011062780862223405,0.14977145840579187,0.030481516100743608,0.05319702840059246,0,500
0.5972269940974875,0.8674418307423928,0.10056040495633133,0.11937648466303565,0.02480764450718672,0.0507374694303075,0,500
1.106071981178106,0.7666882034842349,0.19817171956956778,0.17414018816559962,0.03504481193164593,0.05788636123055696,0,500
0.9170951937017521,0.7765235579129592,0.03933954978935559,0.13561676170638862,0.03066589007942393,0.054134117960674584,0,500
0.9691098921330092,0.8160537260177297,3.1476939745180944e-6,0.15087563101527757,0.026278164506427826,0.0011063499961895549,0,500
1.2789797073522327,0.7656866211181514,0.11712405324503714,0.18366221397866195,0.032576232413781964,0.054772556596192866,0,500
1.0038345948718546,0.8161998427323106,6.69203630019643e-6,0.15298174667612255,0.026138069166816363,0.0011856952336963995,0,500
0.9921770958890309,0.7967920050958454,0.04295011659298293,0.15304421245280442,0.029080362787911092,0.050214810345630884,0,500
0.8436897689769642,0.829447427885028,0.06790129413756327,0.1439756253608847,0.027793113382361876,0.058841804447197534,0,500
1.068981840978098,0.8001211479680029,0.03747379968645631,0.17372998751830562,0.029511931448253117,0.05244920056350225,0,500
1.1950563321200105,0.733187980803107,0.12344744725527342,0.17101771286703318,0.0362277717443048,0.07047619313640235,0,500
1.2551188385558083,0.7746656406003102,0.04114379560522284,0.1878586595555538,0.03143981711518496,0.06120984547268875,0,500
0.8143322832647086,0.8272519281754903,0.11700859832142425,0.1541693777820804,0.02943997230141297,0.05467440045645829,0,500
1.0652730057187163,0.7413574693473087,0.025682324067565532,0.15289642470087156,0.033697243302220944,0.06536845563906829,0,500
0.7329735714941058,0.8182838240336766,0.23578381750085742,0.14133469240407237,0.032282534890829426,0.05588894295694877,0,500
0.8637911455649431,0.8473746935501599,0.17013567571868005,0.16010515024842434,0.027556721062147037,0.05186790263376151,0,500
1.0313690484150604,0.7766944463657217,0.15168656603028477,0.16605737826552347,0.03327541837334027,0.055543478599292255,0,500
0.8369490804404136,0.8356287104277009,0.23089031437547786,0.15798158953169175,0.029858551631364205,0.05204808762233326,0,500
1.0416698263877957,0.7273833111043124,0.01725229173733925,0.1389272924139893,0.03328408469135621,0.0582827977250462,0,500
1.1188558172152683,0.7798138455077549,0.19685090547039313,0.17915663555845865,0.033977302304503375,0.059574006027466576,0,500
1.1790166804480016,0.7467318194555073,0.20143368480123325,0.18444867672676646,0.038374076570590124,0.07907433325435217,0,500
1.264837651421345,0.7335845643240314,0.015185921439482775,0.1677734018181183,0.03431004888609562,0.06923210387912318,0,500
1.1791283518958329,0.7663338708139116,0.16071351717486457,0.1948143450557486,0.03502858974991378,0.058314464115186274,0,500
1.2049488736566842,0.7176822322291582,0.05340789660102085,0.16897561524632954,0.0354791491026855,0.059222942545223214,0,500
0.9706914732731691,0.8120387954603797,0.14916562506530362,0.17239978787189955,0.031001082664412632,0.06188879605971077,0,500
0.8162395061520471,0.8144173730968769,0.09358478382614634,0.14120690803093955,0.0293166892488049,0.052013178330108,0,500
1.5861345702913732,0.6913442544439901,0.07396050418119977,0.20376300650541035,0.03695584053190508,0.06304597577333843,0,500
1.13264559331543,0.750777227748465,0.07827009685268017,0.16186253331739406,0.03321863519518436,0.057633571667147464,0,500
0.8218970933351328,0.8386865277853827,0.13801513094070658,0.15011541413895615,0.028049639877816678,0.05782903403478308,0,500
0.6196322542412532,0.8663985627255819,0.11202693195337479,0.13217333986056126,0.02649726850003822,0.05371011262512198,0,500
1.2490637595748064,0.7893515394904509,0.08254445420926573,0.1872127031282225,0.03076609789002992,0.06036282507111895,0,500
1.0119161755746038,0.777762774507331,0.004983571106858212,0.14615537561686967,0.030226345956468795,0.0588425016831839,0,500
1.0479788227786646,0.7665276844067894,0.16357792834842055,0.16864302287707497,0.03485079654771617,0.0629891208239425,0,500
0.6027508612598116,0.8590562722413403,0.10891556699937405,0.12234365140135305,0.026787439282048138,0.05405945969846161,0,500
1.256629262596543,0.7703266784505666,0.019560608173651864,0.19421541984093527,0.03229913623184735,0.06777597024095651,0,500
1.0903908616327351,0.7970427010340712,0.07995089750228526,0.18546009041705136,0.03137474560610495,0.05698575782354376,0,500
1.3160804075103358,0.7232531445396929,0.012434544780638058,0.1726604885854825,0.0336806831427736,0.061953257718630535,0,500
0.9159250836120714,0.7974868680601942,0.2038851625485441,0.15704202987821594,0.03293765701198777,0.05570418113639979,0,500
0.8167849968869303,0.865990759826122,0.11092097322150438,0.15164937810007945,0.024965796728055656,0.05318435763685658,0,500
1.048993623619682,0.7619757763980478,0.043838526164926686,0.15704200969671686,0.03258252033605966,0.06326466771178428,0,500
0.9900623089744093,0.7830529445241796,0.12358453437307002,0.1545734566788398,0.031066447008373584,0.06137794921702925,0,500
1.1583658971019901,0.7491067501960826,0.1316742071519492,0.173173067053462,0.03485904666922201,0.0598181509545804,0,500
1.1904943915573887,0.7852817382535078,0.15527884911462062,0.1926584261144394,0.03279254118203141,0.05945456904746705,0,500
0.9616347092937103,0.7804730281226447,0.1323299419261947,0.15431352013599167,0.03279378057445636,0.06079072894274504,0,500
1.13447611803674,0.7916441537812172,0.1281901146393383,0.17484775686384962,0.031063389772680472,0.052929908249908245,0,500
0.9205053902992307,0.7918905876043184,8.443665333097486e-7,0.1309264281872801,0.02746388191115563,2.4831739419261314e-4,0,500
0.7540900018396355,0.8609499148570311,0.1261820552136233,0.1484971807529885,0.025883008783864354,0.0547812114937429,0,500
1.412166056354426,0.753818150440278,0.09590287017469903,0.1864298338165192,0.03243877206684925,0.06104536990883214,0,500
0.9016578387381199,0.8093443407493447,0.10634420511940991,0.15606378861799375,0.030200581846409544,0.05701226162107791,0,500
0.9499195748431549,0.800275658635079,3.6540689494297483e-6,0.13463078984167082,0.02686969304031695,8.6435856614061e-4,0,500
1.1662446601306515,0.7551505661763281,0.2042290719503374,0.17711417012924366,0.036813446612536486,0.06323443136549936,0,500
1.0485776948332746,0.8063178622493825,0.08413453004470386,0.16574784986658966,0.02934074715917081,0.05601561641249652,0,500
0.9683627656804685,0.7892605044050439,0.2295448267081429,0.17726510931023925,0.035596419593748416,0.06766487698463755,0,500
1.274274177472497,0.7516909527766821,0.027111118134464186,0.17109665732219562,0.032066262806345606,0.057949768056697104,0,500
1.2653842998885392,0.7456520963409897,0.007739417702506155,0.18317671784287104,0.03323937744972107,0.06449430172210978,0,500
0.8760028048009607,0.8087311329493193,0.12071246562136777,0.1497734709498513,0.030435758233556993,0.059349338322073876,0,500
1.1917449094226666,0.7655920436888788,0.13413893127824303,0.1773462048341826,0.03347414105923618,0.05989236108761759,0,500
1.0782797138002935,0.8009537829907373,4.5058354097467274e-6,0.15702168639180525,0.02705239324225262,0.0020571846662387275,0,500
0.8368614675250717,0.8222384918384384,0.15502868881286314,0.14933133266693374,0.029553074304779558,0.04984916379492375,0,500
0.9676842288786407,0.8222443487514131,0.15664172389997483,0.1655846319846322,0.029421561529867597,0.05439276705499428,0,500
1.5948202046928452,0.6871242538264537,0.03941329509651323,0.20083450451891802,0.037458107232101794,0.06219589687418288,0,500
1.4225905573616684,0.7161532317013364,0.03435818736263077,0.18522901988878226,0.03498762827520411,0.0689260908228808,0,500
1.0147642078897783,0.7652554641486898,0.07205812664172566,0.16478631063074903,0.03372936047870995,0.06053516277827648,0,500
1.1659015681008469,0.7843685270477245,0.13112841765277386,0.1789833032310637,0.031811989463280475,0.053065492837953955,0,500
1.0867559613788036,0.8048311149112335,0.025694310717744476,0.16190239339530768,0.02836416564709758,0.056921437385017024,0,500
1.0008048702789594,0.763105746323928,0.058415469924270935,0.15229963864544624,0.03240473638269029,0.05978819693177663,0,500
1.094413791034251,0.8059545756658462,0.10950397551361402,0.1842750858793132,0.03021891536627275,0.054555979985129746,0,500
1.0000848064471137,0.7857756985408476,0.021102137716168756,0.15310227227792378,0.030354078497987703,0.06178403268904993,0,500
0.8537519547227083,0.8111008004460859,0.11648384199705517,0.1503967593565615,0.030205517979784567,0.052288301693916274,0,500
0.9154286985963918,0.8333551555601021,0.061234112146541675,0.15707876090577344,0.02670637605549781,0.05516682823133764,0,500
0.8772448167822363,0.8366975348724118,0.012482147682378266,0.14776474658541408,0.025934579824693636,0.05337180205909419,0,500
0.9050925980076127,0.7985837421011458,0.13022821448870187,0.14920403998629936,0.031063442974364787,0.055656568643299244,0,500
1.340406315659609,0.7305270506656363,0.11248374192677606,0.19254791328797155,0.0357459792405811,0.06313232570056852,0,500
1.062817642958752,0.7687662538006994,0.1812962467742369,0.1690363299589059,0.03493408540117162,0.06422173363143875,0,500
0.89742265036958,0.8174267503456243,0.22797628981964835,0.1653094591426006,0.0323997771893425,0.059501937003009826,0,500
1.1178075355742445,0.8287758544312377,0.13129191994181436,0.19298670260482642,0.02865452002328137,0.05856830182937933,0,500
0.9995625699096842,0.7734622292881355,0.08383036556538531,0.13923339015155572,0.031511310789220315,0.054234294923642436,0,500
0.8249540007619885,0.8212698283651088,0.06032825226011303,0.13544958812257135,0.027794796937442422,0.05129016222930767,0,500
1.0435598336582261,0.8111820186095885,6.344531110880498e-6,0.15818265233342876,0.026608633125126926,0.0014017603244075693,0,500
1.115120225804016,0.7342774448083262,0.13343091614595973,0.14756871211827577,0.035017268087817834,0.0541326275478955,0,500
1.1872501067621362,0.7648991853472239,3.22273323004405e-4,0.17285296286556084,0.030432190052286662,0.031038485654298478,0,500
1.0250717773289637,0.7693852538777303,0.052588911377408086,0.14989120550483193,0.03159685495084312,0.059146178196500684,0,500
0.7469347286533025,0.838302781918869,0.10743736873382537,0.13266152726278152,0.027163270595112487,0.051678069776944134,0,500
0.8195414875981416,0.8262687649880922,0.02642256697311125,0.13998367428100106,0.027302470808231002,0.05633553028739053,0,500
0.9410400353500185,0.784535606715102,0.153635027633687,0.15573734289641714,0.032918392874553316,0.05975952129993328,0,500
1.1808707256184179,0.7443330282696244,0.04211195518460945,0.16866694993897277,0.03371569033223762,0.06658996988903425,0,500
1.1707681769143539,0.7310975968204563,0.05823255435554716,0.1534422389788286,0.03349980834391289,0.0546198702999588,0,500
0.9290879542503857,0.760425338781936,0.038424144575302084,0.13396353071616818,0.03216405859022707,0.06220785191178404,0,500
0.9576424023883681,0.7867993547185314,0.21196856452241686,0.1597022948516783,0.033493681480649934,0.0573118159487951,0,500
1.1299244544812281,0.7537207293306091,0.2838148960229621,0.2009467860095834,0.040089344075784565,0.06805370285063148,0,500
1.2978054716142808,0.7681027763074435,0.015560019529793606,0.18094697387805808,0.031117297702086027,0.05977623073468501,0,500
0.948339057816851,0.8209324764980221,8.273127983205345e-6,0.1454650859860283,0.025859025115770203,0.0024575230015715798,0,500
1.111337123877889,0.7716600278616539,0.01779568586939484,0.16226761152653835,0.030926115597214556,0.06129258194797778,0,500
1.2902115415225028,0.786734667634703,0.10870417285262526,0.1998432175296521,0.03123267157231418,0.05297087296350501,0,500
1.217392656639463,0.7616356194317546,0.053167049772630405,0.18471090736232587,0.032734328409625035,0.05652639498091072,0,500
0.8514707518605317,0.8313972900838187,0.031523514272784534,0.14638208742898717,0.027224845452151165,0.05513131935772443,0,500
1.0533171914729658,0.7785477521828706,0.12972176030433152,0.172253989680094,0.033077221997198245,0.05733739442088498,0,500
1.1515861174366422,0.7608684501143097,0.09515013265468254,0.1772694195456811,0.03429824215251348,0.05846582661181414,0,500
1.6014957049519225,0.7702690990591323,0.13255317979438336,0.24266113367194855,0.03317484767771489,0.055665030229121344,0,500
1.1565193287314126,0.68899131578134,2.672964823190421e-4,0.14401384847572152,0.03489112473776236,0.05238875981969627,0,500
1.0517192586236068,0.7688580593480526,0.07160002968955818,0.1624926525907671,0.03259551507978219,0.060293127468805295,0,500
1.1476788396710176,0.7665585063738514,0.06346234706277504,0.16022193022168355,0.031639516212751156,0.05900671298808683,0,500
0.8776629109589137,0.8426351620050571,0.07076962232768821,0.15331247053525324,0.02646639360321171,0.05729529803709614,0,500
1.0323022714198438,0.8041495945420724,0.0378437966168184,0.1563937101186961,0.02843721200685163,0.051036188101636445,0,500
0.9187914835855885,0.8052063428588524,0.10516551000798809,0.15902493015259075,0.03065166230083306,0.05691042975569742,0,500
0.9443879720447544,0.814742634938309,1.4261885913936293e-4,0.1339496340174236,0.026035537244619163,0.013150211314153906,0,500
1.0701160499338798,0.8180417333567503,0.08389786471576863,0.1777593047834222,0.02850216308744224,0.053410032766538336,0,500
0.9540188671146221,0.8080968645618263,0.09415563085711519,0.15633631244987883,0.02969952195330852,0.055964423247805546,0,500
0.833062875710297,0.8330894936981487,0.0616265113789118,0.14383736232996647,0.026938315205820067,0.053346358161092435,0,500
0.7848803957713542,0.8347297082108821,0.06486966740997398,0.14193970042290513,0.02799082051884096,0.05623432198404478,0,500
0.9138319298734175,0.824942287995906,0.06157378341549396,0.14722027230348253,0.0272375212239314,0.05197493037580615,0,500
1.486120040291105,0.7082815890275694,0.1157217242994973,0.21406504854768157,0.03822550154426655,0.06810840579799361,0,500
0.880565902349982,0.8106341427505294,0.07299524565065808,0.13691030094069573,0.02852480183670086,0.052243171005224694,0,500
1.3202177398384527,0.7424539386559438,0.12835186208197158,0.1979852473054679,0.03545424089711425,0.06113462867097692,0,500
0.8638496959770265,0.8255335586483554,0.06131648785257824,0.14482913162933325,0.0276410062433332,0.05516716019286259,0,500
0.7467580279700208,0.839132214336445,0.17689884137930853,0.14416592836846928,0.02908025405251799,0.0602870299084936,0,500
0.9452908172463056,0.8102857216147323,0.13275846900215688,0.16476674077573739,0.030458127177014113,0.05770124645280587,0,500
