tau,kappa,beta,tau_se,kappa_se,beta_se,convergence,length
1.413916103941804,0.4985086036668214,0.14153938365392912,0.030459557768009748,0.02125279738848698,0.047885132528968324,0,1000
1.3714961526414815,0.48110285649477813,0.08059748105097188,0.02941512622866889,0.021090583449303407,0.04758313975299506,0,1000
1.3887973424657452,0.48369817643159746,0.07543730470028041,0.029792922807538848,0.020952245518992045,0.04688919962182429,0,1000
1.2812497991319474,0.48442579868597024,0.11098483029330349,0.027526613317280024,0.02117431623092682,0.047229556509288985,0,1000
1.322399237193764,0.4838915032665977,0.14573110500355493,0.02845591899646144,0.021498891192765483,0.04863852638751025,0,1000
1.3578728972551575,0.5026733325339947,0.20581392470800222,0.029403817410535885,0.02219092190012882,0.05498161546004893,0,1000
1.4155988466041178,0.5230700074333111,0.1661471626709756,0.030551761319452295,0.020339378596676602,0.04352297874698283,0,1000
1.329558639002891,0.4880686540086846,0.11102735452562695,0.028586581939850822,0.021211688960505137,0.048945834789633005,0,1000
1.3528306675426096,0.48648563105756965,0.06509934645166336,0.0290294957485812,0.021018902375544296,0.048429109481220575,0,1000
1.4159991069721487,0.5030385830297883,0.11218704576759024,0.03044347400941091,0.020802707843892113,0.04499482639154805,0,1000
1.3446224673227554,0.4800446499729029,0.09461342308363531,0.028890171333114306,0.02160375360587056,0.04979354113134447,0,1000
1.3090223269642458,0.5053531530350313,0.22982263711304027,0.028405117641135853,0.02262679250333514,0.05704749786423658,0,1000
1.3941948872964347,0.4945428925934994,0.16777887869703959,0.03009152234230441,0.021794284594937693,0.05209145608461393,0,1000
1.336222223230886,0.4917543272005137,0.10678160045644838,0.028753754054910364,0.02127384381327356,0.049692516758275115,0,1000
1.3422615404898477,0.5098475889342995,0.17822505808389202,0.029002544380257435,0.021391393313810212,0.049078497061986304,0,1000
1.3208231396243604,0.49049403459850166,0.07275662421339021,0.02840058017748292,0.021489856409321554,0.05101727390765862,0,1000
1.3777967875729529,0.4900828339605024,0.15620986303907544,0.029749160669545693,0.022393901651379333,0.05563850270074722,0,1000
1.3678107414534875,0.4941991366090836,0.13334896735619053,0.029485079532933767,0.021860769319363513,0.05245989393065885,0,1000
1.3622127344895099,0.505988044272521,0.14107414950059735,0.029396869323497332,0.021238803953091204,0.049880618917794835,0,1000
1.4280542062729848,0.4980813709671467,0.13318943895365132,0.030782943874558863,0.021494834394185418,0.05042929700844533,0,1000
1.3351575463768126,0.5080859594375173,0.1707435831490822,0.028834732988993323,0.021419187417099122,0.04921272556955864,0,1000
1.3528244618668632,0.4878570991913961,0.21488953920729303,0.029232490635528362,0.022357930953593022,0.052105713817479055,0,1000
1.3813322568305038,0.5008826457458349,0.13381700675771227,0.02974301278966605,0.02090700070746545,0.04637954280107362,0,1000
1.3162237381799995,0.49388559374446356,0.1327597203559233,0.028366866035895447,0.021506233176170994,0.051059309756010085,0,1000
1.3788854723711923,0.47549520943523654,0.09524309429697378,0.02956031873274087,0.021279984156628535,0.047461782156258674,0,1000
1.3967628689609088,0.48685606774453927,0.11782522579446439,0.030029949363322733,0.021379211684756615,0.049090493669937535,0,1000
1.3668932707789259,0.5281767214988285,0.13647805207937824,0.029482829050106317,0.020353694705164176,0.044232597318068646,0,1000
1.320521159073751,0.4941259877966065,0.18992253954612845,0.02849623693540301,0.02182216527576225,0.0495209151921357,0,1000
1.423440343534455,0.49249156537684496,0.17404355164776908,0.030729096863461165,0.022172191063662906,0.05379185099097974,0,1000
1.358986706292507,0.4935505635639248,0.0910772707413559,0.029239990350986022,0.021408531285748284,0.050431152072752304,0,1000
1.3997526516643273,0.5254422837633507,0.17268705770997786,0.030249083370024125,0.020604753566999107,0.04536061210941794,0,1000
1.3404615246571479,0.5184143559134119,0.13659143112584743,0.028973810074607073,0.021342125305619887,0.05103551235702286,0,1000
1.3260087940121437,0.4923119366878902,0.148075860614657,0.0285921253724791,0.021947832423106692,0.05236139954742494,0,1000
1.3348845734261263,0.5035446289235197,0.12113009958210486,0.028786543226639892,0.021277139516639072,0.05067429297179068,0,1000
1.3753345842723632,0.49090971191359417,0.1333351997588526,0.029567981471482076,0.02093905779202658,0.045341755892731865,0,1000
1.3230058297221698,0.5203802787572334,0.1779386460360933,0.028605268353849488,0.02103252639376521,0.048744644658584954,0,1000
1.3049548430435356,0.5044786023135138,0.10026132242760817,0.02805559907853189,0.020570320888946864,0.04470457723813924,0,1000
1.3360077763908318,0.4852293413293373,0.1080740353312992,0.028752923646413797,0.02178546696623593,0.052479945479601824,0,1000
1.3064586932062208,0.5332556511416022,0.1907481569033306,0.02828809883214475,0.020878533048805988,0.047323121483510776,0,1000
1.3494653819274725,0.5006620419056135,0.20497318389593405,0.029213445863920873,0.022346764565876556,0.05587503474093065,0,1000
1.3691301100235413,0.47552065958493556,0.08950885623660448,0.029352582930018415,0.021168142380198415,0.04782326159096167,0,1000
1.3310503542965006,0.49153644559163423,0.08443668947638731,0.028566026527634496,0.020727844941079612,0.045254977272961586,0,1000
1.3147604148700958,0.4888172625306387,0.08245334076444723,0.02821154453184138,0.02087294435385491,0.04655179787783839,0,1000
1.3612444724490107,0.4937077954339768,0.12472322970407677,0.02937994120931999,0.022370526995248306,0.05615155369985112,0,1000
1.366499347703525,0.46087549499267844,0.12913272877217885,0.029388052151515884,0.02277448151094005,0.057360684766279965,0,1000
1.376383388062169,0.4725426989946016,0.1795752102296611,0.029693278306736157,0.022662869462735456,0.056261260259895536,0,1000
1.3572579314628832,0.5339810339514272,0.20091069255130212,0.029392183548370792,0.020786050510805138,0.04652731291676678,0,1000
1.3592776967938562,0.4541888391149235,0.08652117340366725,0.029172747565496003,0.022380014091671552,0.05655044443226164,0,1000
1.3798976966227368,0.5042414777153601,0.2007687501966748,0.029808256860598528,0.021564041304269033,0.04917682760584735,0,1000
1.371292646515395,0.5077392764393275,0.1493903047532715,0.0295467788469288,0.020778266932934546,0.044235680060438924,0,1000
1.3658830744634716,0.4847888150284766,0.2607071428027938,0.029675568051938373,0.023791417675568208,0.06494592088611889,0,1000
1.3507692613278655,0.48329055336874843,0.2221867616503257,0.02917585060874124,0.022391037876020373,0.05238573335441126,0,1000
1.3864216775495026,0.5079214746640367,0.09813200438996297,0.029865765772216304,0.02102933805255622,0.04874589171204486,0,1000
1.3597784212468622,0.47768816749907506,0.16271914004685079,0.029259156824866964,0.02175562405348365,0.04930931265876604,0,1000
1.381108959457227,0.49581974950630775,0.09981596362790475,0.029683509992685757,0.02089908565329819,0.04632022066561274,0,1000
1.3138340553166847,0.5005995431453283,0.12863478769084016,0.028335268497090872,0.021708529393957843,0.05200330551581532,0,1000
1.395556784908198,0.5114510479840935,0.13328794392854953,0.03009768902790594,0.0210149953397374,0.0479505440097306,0,1000
1.3099230085825562,0.49081151651313154,0.1577761853148496,0.028251303148560128,0.022055188508694812,0.05249988753494899,0,1000
1.3344056252860186,0.5011097197774957,0.1642810944094618,0.02882077512681906,0.021807946110358484,0.052072014505695347,0,1000
1.3410848075671473,0.518871486946785,0.13140334222728228,0.028919205823172884,0.020597531976511856,0.04499738043328914,0,1000
1.3685827360157,0.48155996015636215,0.13958559245653038,0.029484491875154794,0.022115394532409557,0.05410521007590227,0,1000
1.3972504786085012,0.48429466376604535,0.16949604387859699,0.03015143645037429,0.02230178144742511,0.05460234578978735,0,1000
1.3613285342423114,0.4574157907342581,0.08082457060500763,0.0291581208891846,0.021762580563071485,0.0515465762564029,0,1000
1.3468098376459785,0.5157168711758877,0.10678636554111892,0.028990610398538792,0.020394893468644208,0.043837039201898034,0,1000
1.3656926400535494,0.4854617056521242,0.10454308419658427,0.029342261617908545,0.02119590214778268,0.04784136624231143,0,1000
1.32471871331981,0.4765917641479718,0.08114481902106972,0.028440992022467484,0.021551280892010097,0.051568203696319315,0,1000
1.3670691865178874,0.523405247601668,0.1773229673989265,0.02963290047933581,0.021579572279216582,0.05336770865150777,0,1000
1.3005109458914634,0.47998364075359523,0.08448598829127,0.027928486834631457,0.021429313500822514,0.050421612709172836,0,1000
1.3508134379218335,0.5335861536135387,0.1763024918432508,0.02923118495487406,0.020773759633461602,0.04672649621214288,0,1000
1.2566029584866973,0.5104847501586284,0.23646513139295725,0.02726821401293523,0.022246417974581923,0.055818562599671995,0,1000
1.342953347103664,0.5038728037524677,0.1335059432095179,0.02893459622922596,0.021080258117223798,0.04762217140001643,0,1000
1.3910204943813034,0.5326845925616526,0.16408903007273382,0.030093719956251357,0.020638052762605094,0.04713008882235238,0,1000
1.305535689486758,0.4940650067000994,0.1588659899374206,0.028157584111616212,0.02179244180888713,0.05115219473765957,0,1000
1.355651359816951,0.5213763514480598,0.1721055787291172,0.02936636240023611,0.02168826942175221,0.05305527468659676,0,1000
1.338412579195137,0.5235947742305838,0.16000294544994578,0.02891289682210498,0.020593155328927703,0.04489431958456745,0,1000
1.3899927027038446,0.504971305719169,0.20230427199796508,0.030070396954884174,0.021863473772506227,0.05180136174590847,0,1000
1.3711335269280482,0.49732474026499773,0.18673210469096774,0.02959384589272303,0.02157759046039129,0.050331977310768015,0,1000
1.4265724244555882,0.4749393610024179,0.16399229963542195,0.03070895065027525,0.022110414626390386,0.051784129715811415,0,1000
1.3771769720231906,0.5143800349587944,0.19409793843478468,0.029776619150400866,0.02147384747131384,0.04913167011893429,0,1000
1.3312112738585917,0.5240582498626306,0.1739317889615951,0.02886431305852384,0.02179746896609831,0.05446496000536412,0,1000
1.351250569025656,0.4855940723995193,0.11907632402651463,0.029054863480602846,0.021396167297095158,0.04952530222901954,0,1000
1.460396438652958,0.4971848747581723,0.16062288320302603,0.03163688181203414,0.022876540065145147,0.060739789993401766,0,1000
1.3912251491255452,0.5101449004244742,0.21155698170966536,0.03007797997367098,0.02151664147954988,0.04866478602818649,0,1000
1.3852437762003416,0.5072630652610739,0.1294852541940165,0.029828043590058688,0.020760543992050053,0.04541119337747103,0,1000
1.3210733181703114,0.49345363267564557,0.09726061866582983,0.028507327393734773,0.022336928792881367,0.056596181627193674,0,1000
1.2545795903984522,0.5102153982063601,0.09602836741552616,0.026971652215227782,0.020211629870990216,0.043318097046132376,0,1000
1.3286168412050174,0.5221274465314003,0.21482023621729343,0.028761959395750145,0.021249650007599787,0.04785637048948988,0,1000
1.3067777215564493,0.5012044228818255,0.09071684130405065,0.028052247484703852,0.020265260580131575,0.042630529514686696,0,1000
1.3810956895900104,0.4845522205804366,0.1503913816090123,0.02973996942408082,0.021728696013988424,0.050304617954271325,0,1000
1.3076623016114013,0.48870888342784596,0.22564179616036295,0.028349774243899947,0.022965450669069676,0.05959458553246979,0,1000
1.3758967673629052,0.4982125539304806,0.19088621595530453,0.029730875858265216,0.0218737449154569,0.05135917210539239,0,1000
1.3692090761361881,0.5201955829377364,0.11569007947910033,0.029580363651460103,0.021038993217320504,0.050078720918182294,0,1000
1.3783001998850724,0.4747778062306709,0.13135446682404966,0.029676080597831812,0.02227195107652449,0.055350490645138216,0,1000
1.3421206597850686,0.477638335215637,0.2166255447618937,0.028984281909134182,0.022662164095175134,0.053833896590603995,0,1000
1.3110424273306907,0.5103602198943702,0.16833679632251075,0.028353142107095313,0.021603298153713354,0.05164879069831484,0,1000
1.4017102586596408,0.4828021693937783,0.19356900316452585,0.030318255460552654,0.022873063071709228,0.058356982401808734,0,1000
1.3547625272443082,0.48088483143531424,0.05792512851092202,0.029035064199959913,0.020921695334744417,0.04718081137673081,0,1000
1.324408141892039,0.4881813254037102,0.14163705008052244,0.028546067296640523,0.021972121276757586,0.05249459176885806,0,1000
1.3299885858190017,0.5353087421031589,0.1978133991505058,0.02877848530240491,0.020377105581759612,0.043231925029830136,0,1000
1.4260502336635303,0.49275967643056967,0.158298054030993,0.03085448822107057,0.022548858887308024,0.05892361783083152,0,1000
1.4075752157649417,0.483422836282676,0.14959123331340132,0.030359347603790082,0.022272774295672322,0.05380170998913094,0,1000
1.3226698165936157,0.5198485228912533,0.1614263758350784,0.028586242626284484,0.020954361220044973,0.04819754459744286,0,1000
1.3541034602008792,0.5046019642859226,0.08796225260275262,0.02910195208268036,0.02068475107841852,0.045754735705652756,0,1000
1.366364194164544,0.4639051726539277,0.18364406084374302,0.02943965165752655,0.022617408423289274,0.055246855941124544,0,1000
1.3521922817936216,0.4792400251962407,0.130232798142497,0.029090553901839032,0.021735670821187884,0.051914953639559676,0,1000
1.3679201507901366,0.49635285158997067,0.1454493831158858,0.029504126102242283,0.021678976656795024,0.050668170934752614,0,1000
1.363937065148589,0.4828610527989969,0.19253673508983316,0.029464435869147935,0.0225714226864826,0.05630378182840732,0,1000
1.3265199458827088,0.4732578498153814,0.07784527907395389,0.028520131713433226,0.022160756799119916,0.05597942730511048,0,1000
1.4337320155110167,0.4908256230782845,0.17787480191400512,0.03099411879618286,0.022368917604207162,0.05704954680414888,0,1000
1.276844661016471,0.486612439003128,0.1775490945675789,0.027522771290757107,0.021680567668343927,0.04938134170848515,0,1000
1.3593984811681845,0.5305741024150691,0.2614993206488427,0.029532267092318668,0.021675756751617776,0.05065788201796665,0,1000
1.3586460760250438,0.49775380019656873,0.16092345484030943,0.02929539594551914,0.02162728635403059,0.05018856379128817,0,1000
1.3807160119754798,0.4734882996539506,0.11976138587281795,0.029663615245149128,0.021782750280910725,0.051337691982528855,0,1000
1.327215248715134,0.4699562386376365,0.19955626449403654,0.028678290596738,0.023163721405764493,0.059890423750766406,0,1000
1.4019632258355237,0.5078519885180828,0.17051325500049871,0.03027845017040471,0.021319899998318768,0.04936386276106753,0,1000
1.3698114025280905,0.4481414164985073,0.02350621591441369,0.029231547298017167,0.021419086434216132,0.04983644167397812,0,1000
1.4028337474946913,0.4959103624223298,0.13123609260111946,0.030307791393285217,0.022201404253923952,0.05681654963892927,0,1000
1.2781184181615166,0.5251832352448144,0.08479314110615291,0.027516174399096878,0.019931326215976177,0.04320620932400932,0,1000
1.3597938340183455,0.5205206852382015,0.187174855409341,0.02945491394366582,0.02160469661212012,0.05291890762770299,0,1000
1.3572460619902502,0.46574526369129854,0.07724162421592007,0.029140392141939864,0.02212363261898634,0.05529787179456513,0,1000
1.3575481303749732,0.5004230358107281,0.14241383254576612,0.0292916105516892,0.021633941340170496,0.051682884556130904,0,1000
1.3509399043645862,0.48778233945969235,0.17969214970050543,0.029154217245788372,0.022166423292394908,0.054253633804218854,0,1000
1.3529531370504926,0.49730192706139503,0.17548564702365435,0.02924976865044472,0.02207096966014242,0.05433834600454006,0,1000
1.3031138841123,0.504111549721071,0.14423169424717722,0.028077307757403542,0.02081646196564568,0.04542210196473889,0,1000
1.3185883969088623,0.5391534507616497,0.18844542178071566,0.028569703739000068,0.020844935371795176,0.04740350812843981,0,1000
1.3580479750862355,0.507437372524924,0.2444980925589273,0.02946867913424505,0.022411564230216497,0.05590507731935043,0,1000
1.3330156165333054,0.5015999087900854,0.14934683194239579,0.02873925373695567,0.02136107632295238,0.04886696603454682,0,1000
1.372954566506336,0.5275354969856686,0.1836795760113715,0.02968390833769528,0.02055544096138182,0.04434188957075794,0,1000
1.3896543644630182,0.4799748396227238,0.11782395230788272,0.029929629093422474,0.022116642214539455,0.05437418297195883,0,1000
1.4000400183037083,0.5219134235074256,0.20650498672551068,0.03030634021271008,0.02143552142327789,0.049244494127252854,0,1000
1.3274579730883367,0.5114010912882727,0.24725213003597749,0.028821984302528227,0.022622500207568973,0.05644789161175689,0,1000
1.3920094675838839,0.48970412157830034,0.05608112570842987,0.029907774458399684,0.021370575761073877,0.05068875607445262,0,1000
1.3790326737269847,0.4910396363596535,0.17262931080231683,0.029734653864999874,0.021729140614444847,0.05026503012205294,0,1000
1.356356376614834,0.4913689819280199,0.22817816111444705,0.02938067443493685,0.022877982726615762,0.05760264117080218,0,1000
1.364920829780177,0.4790722675048873,0.10329664449716748,0.02934358845617325,0.021808213786180596,0.05154514236786678,0,1000
1.3495190030949158,0.47490465049449,0.12209465728810416,0.02900614494400458,0.021913660370128842,0.05138146398414935,0,1000
1.3378940963085852,0.469379541901458,0.06820381525955836,0.02869268595170028,0.021609054380066578,0.05201311355749812,0,1000
1.3262993688488842,0.5122069514428156,0.07571695660695607,0.02850906173250225,0.02021956234435691,0.043590154213664224,0,1000
1.2938071317501931,0.5237548328870534,0.20759960858849008,0.02800233312065094,0.02114930655884859,0.047527507132488996,0,1000
1.4160891099739472,0.5233912023256606,0.16019091375079775,0.030597099298499787,0.02066710123647245,0.04733941344061001,0,1000
1.3678058518115046,0.517181089534983,0.1217939952102276,0.029533781759636824,0.021128881698308,0.05032154395462955,0,1000
1.3390283572861663,0.4864605542532295,0.09040937336882428,0.028760570574673266,0.02100761715913261,0.047070382545483326,0,1000
1.3771641322996175,0.4912473842549239,0.19228795535050427,0.029760749017029128,0.022328985727302637,0.05482068460635709,0,1000
1.3143034073120805,0.4873940292278328,0.1977786540191144,0.028421049811398688,0.022643161395867507,0.05665347232381253,0,1000
1.3743370774400163,0.5119801689390132,0.14441081477531822,0.02965682318043766,0.02107809260888442,0.04859768159908109,0,1000
1.4132268503268302,0.5223372493562972,0.24924879838590044,0.030604127300482026,0.021173719819899954,0.044114432903633455,0,1000
1.430214948686944,0.5077684510239403,0.13755856699865934,0.030844903574275672,0.021050616901387063,0.048293352050326775,0,1000
1.4201798773797694,0.46038534873351716,0.165640869402561,0.030574766617947377,0.022721288087443357,0.05665920830251112,0,1000
1.3173961081221743,0.4909140237502467,0.10702526338875724,0.02831197233646796,0.02135588968892938,0.048141869805102266,0,1000
1.345916067654316,0.4684144904157811,0.026829432246432153,0.02894322973612424,0.022604345776257896,0.05902058430573044,0,1000
1.290405347710844,0.5075650305364668,0.12947983908439417,0.027816423717131784,0.021093587923974318,0.048331652886528895,0,1000
1.3767697019445875,0.505528683819028,0.20762698728063272,0.029820015469481615,0.022387352604345753,0.05535411575605701,0,1000
1.305172927752861,0.5151580829508814,0.1693864465071917,0.02820384865556846,0.021297819934052557,0.04892426576297466,0,1000
1.32980644377485,0.5344566814877155,0.22211575385213184,0.028808815163428123,0.02081023425894725,0.045730227736338475,0,1000
1.2522609742001611,0.5226803955410532,0.14113899292160137,0.02702051641591517,0.020469705442092468,0.04522925386724886,0,1000
1.3321292834232326,0.5507383760745014,0.2783735330320114,0.02897078917562047,0.021110604948048423,0.04745643792273382,0,1000
1.3797051556016506,0.5146147641536581,0.19854855452346135,0.0298274698464504,0.0212881700548364,0.0475504251088468,0,1000
1.3073749658336435,0.5381655908870534,0.10442185709461517,0.028190220787742838,0.019651265073969616,0.04147558637608473,0,1000
1.377583291564247,0.5040204641698935,0.15144056824055416,0.02971895699142341,0.02141008515150842,0.04977473675528274,0,1000
1.3590156359878394,0.5355450771093367,0.20179080366490376,0.029455312505005795,0.021123461791801083,0.048629703099047114,0,1000
1.3318539375051015,0.5294401436369776,0.13576112262370177,0.028789737440114982,0.020732656358395274,0.048216375105213274,0,1000
1.4029016933044753,0.443889211063915,0.08669621077062158,0.030029143245344975,0.022246244123183868,0.05429163004251619,0,1000
1.356287930943272,0.4757809394591258,0.15196479316957653,0.02922324987498825,0.02239282667250897,0.05491386950694043,0,1000
1.3440530606041645,0.5004743865806603,0.20264487890462912,0.02909116553924493,0.022257392982257058,0.05435890141255603,0,1000
1.338343021969629,0.5046695605813507,0.16915900828288025,0.02893255036300605,0.021641297640843837,0.05164627191525885,0,1000
1.3616162998362085,0.5145402015211349,0.19197899125129597,0.02943229131026077,0.02118389006984846,0.048201499648842135,0,1000
1.3359600849493996,0.5294025058396347,0.13421490729023808,0.02888440941457441,0.020708062666712324,0.04804055173338319,0,1000
1.3317302869146228,0.5198414339051277,0.0969584390962701,0.028668890133571955,0.020052271682379868,0.04346819820469668,0,1000
1.3344886510201488,0.47799607779999753,0.06199980321496993,0.028635767123105064,0.02137752457701619,0.05081561295219528,0,1000
1.3671444332246416,0.4654929510035592,0.10150860429110077,0.02937127373064311,0.02232299066430457,0.05451714103800937,0,1000
1.3332610867318255,0.5245037238566903,0.16642055743720155,0.028838075651933765,0.021129649005518242,0.04931008927770458,0,1000
1.3292754165702398,0.5187793745335112,0.20131297707578938,0.028771476054538933,0.0213637588799567,0.04863006495451693,0,1000
1.3194894527876417,0.5041741923705536,0.16227934716279183,0.028536105066141407,0.022141724734267825,0.05498712013606895,0,1000
1.4578666639725162,0.46683803859661854,0.08624509349749367,0.031383716047289026,0.02275660012209583,0.059916733589983846,0,1000
1.3694607696741306,0.5003451577798457,0.16478712547816654,0.02955770769281554,0.02152192645211653,0.04963973516172847,0,1000
1.3406583485794292,0.4937681555379948,0.13968055699756568,0.028893026380145907,0.021607998063499778,0.05137653407451186,0,1000
1.3925655146777585,0.524980475316,0.15230103121019117,0.03010848603624341,0.02089020163213675,0.04872899041212492,0,1000
1.3471884040094124,0.4966543171495965,0.20690805543798332,0.029162308169522925,0.022408108407232927,0.0552174185615851,0,1000
1.3998668333076874,0.4747295426903945,0.13576802835428936,0.030101140720734713,0.0218528900467554,0.051359809890631186,0,1000
1.383350505977844,0.487427222792775,0.14095164775037505,0.029821387584610063,0.022040059340860948,0.053752967707256884,0,1000
1.2912520157529253,0.4873301059089487,0.10035105831023755,0.02775512957029501,0.02135227681362779,0.04922418768480749,0,1000
1.3759606824867767,0.4911731739459721,0.11259511651851926,0.02966704018196864,0.02195421500714312,0.05351409891688119,0,1000
1.3445932523176112,0.49062339906954283,0.2647592068160657,0.02916797692328781,0.023142678601020723,0.05833253296284289,0,1000
1.3660514440138525,0.4929952771048332,0.23744025239002164,0.02961283644934862,0.022908891067536186,0.05788612570877942,0,1000
1.4054727404018355,0.5031364646237951,0.23565398729980755,0.030477542214335535,0.022637261605373358,0.05570187385673999,0,1000
1.3735694631399435,0.48086699331190663,0.10110164448613808,0.029512460682134492,0.021482867820919512,0.049849660202232235,0,1000
1.311718851252951,0.5402989531680807,0.14804511288264893,0.028345244218299998,0.020017520946403574,0.043572149459513106,0,1000
1.3798054526289711,0.4790405592463661,0.07230768202158863,0.029563325524382886,0.020825572590733105,0.046317577535948444,0,1000
1.3837965354620974,0.5269329553813353,0.114513031845056,0.029847796944336126,0.020376349355255476,0.04535502837385078,0,1000
1.3412117957758505,0.46004827630025236,0.08218593493879964,0.028707468427950193,0.02146774700741348,0.04946303938359264,0,1000
1.3474108289169056,0.5105953847393624,0.18995547563992243,0.029142892105726084,0.021728606679420778,0.05025469141700625,0,1000
1.359731345378825,0.5131865474601488,0.18260717978172084,0.02938166339580242,0.02124740785194295,0.04915581796053553,0,1000
1.316252589904969,0.46269261487209545,0.13024803388334372,0.028290859135394024,0.02230974121763089,0.05458534045287101,0,1000
1.3305328409237875,0.48803301861447507,0.13954337239785145,0.028708447770207604,0.02228661301706858,0.05442144519465633,0,1000
1.3293823255555937,0.5389466327428725,0.21983703405098243,0.02891876555953412,0.021991034427098995,0.05674362114635161,0,1000
1.360294194704437,0.5148617603538641,0.10386340929504151,0.02932292858851301,0.020634885752582197,0.04695772669380167,0,1000
1.3514007729348785,0.5251265183683264,0.19175270940803468,0.029236559114211105,0.020829450849964657,0.046173828757399484,0,1000
1.3410550267844292,0.5060595387096283,0.13702399528384823,0.028914512772837145,0.021105340155824787,0.04829455682404267,0,1000
1.3293362282218633,0.4865247634000543,0.11669863107290396,0.02861393516683244,0.021808621882755303,0.05223366250370879,0,1000
1.3946707981031765,0.4908669038524008,0.18906122572211626,0.030131380406243757,0.02224056539442206,0.053550732134334034,0,1000
1.3033789203526356,0.531851413630551,0.159218736080434,0.02824759223116404,0.021463148904591924,0.05306417601969658,0,1000
1.2985895286923468,0.5270384064950949,0.15572810519811658,0.02805637017669338,0.020558926232912285,0.04600367126507606,0,1000
1.354071425048508,0.5172033810164002,0.18899310738585562,0.02929768202374023,0.021403195183289273,0.04921838362101361,0,1000
1.341370061160867,0.493136627886324,0.12996712900630086,0.028955225174690288,0.02222023698158987,0.056151142821106156,0,1000
1.3517380512798918,0.47503054062474537,0.13776673422805152,0.029116480600161178,0.022326302063126885,0.05522492505203306,0,1000
1.2986414501908963,0.5107588209703051,0.17035479961597283,0.028033531422534154,0.02115196630777588,0.04757117137229955,0,1000
1.3265482104326856,0.49844974559648636,0.040370742805535736,0.028541198118736975,0.021492624941996906,0.05171937291104172,0,1000
1.3721223183313715,0.5196516985533358,0.23413334200773617,0.0297533531363629,0.021856583657983566,0.05183872608137685,0,1000
1.2760116874749974,0.5340838924656119,0.14007747675251056,0.02759409934907532,0.020815858708282953,0.04955217336086046,0,1000
1.378642210881528,0.4949606133944468,0.16979299079195004,0.029754550678485096,0.021899215176760668,0.05187843306233683,0,1000
1.3481204399022775,0.49090614733209337,0.12478002317912361,0.029025967762155293,0.021509213120417973,0.049300693284493075,0,1000
1.3317794966603278,0.48019270834444494,0.13819711971433873,0.02868467694512214,0.021997406212675347,0.05384427972746634,0,1000
1.3140575938776409,0.5442393929102047,0.22037153466165163,0.02853037630777313,0.020934396385218924,0.04889419203191712,0,1000
1.3389392142303906,0.4704528699743301,0.1217282968060275,0.028817595661450826,0.022327026321998577,0.05566618513670853,0,1000
1.4081096104210384,0.5120469347322386,0.2246344871762324,0.03051462447255228,0.021992359926622122,0.05247593024668221,0,1000
1.4432846639299346,0.4727776703645526,0.19922455913930903,0.03127078458246139,0.02395316602198529,0.0657390039698436,0,1000
1.3750776605665118,0.4813493693857512,0.2229207003079684,0.029731937652233573,0.022770084986412562,0.055966656532977103,0,1000
1.3321632730028172,0.4847646115753906,0.12768849656890333,0.02868571594735805,0.021833700149024967,0.051612337426543885,0,1000
1.3848088435414718,0.4951384706360534,0.208118728409323,0.029907180761143057,0.02185579913447857,0.048877652795848665,0,1000
1.3480991542334133,0.5112329459685802,0.1443794916001787,0.029038855982503744,0.020558131148606367,0.04427173601638456,0,1000
1.3103675345323205,0.5144912904997831,0.09250533610494588,0.028185890801386053,0.02012944499910088,0.04281132577195737,0,1000
1.3216846191244613,0.4998456393756317,0.1776012023739348,0.02855951222392128,0.022018356369797248,0.05305500953079604,0,1000
1.3348038060396408,0.48967358986655823,0.10677736366339646,0.02873881550630151,0.021553763834089985,0.05214165632818686,0,1000
1.3711154230161657,0.4878328107806589,0.18280635862615158,0.02960213888770423,0.02236544619265048,0.054558925108941544,0,1000
1.336350771694115,0.47019415533582487,0.09140143281982938,0.028657196350134858,0.02151148369233175,0.050075188469176336,0,1000
1.3771833294073648,0.5343985022578925,0.15514360271193284,0.02980137786497303,0.020630381306274256,0.04769367576361762,0,1000
1.3390790969129538,0.4716375034403388,0.12445861704935526,0.028813077807390473,0.022303772869649536,0.05552363848823933,0,1000
1.325616047220951,0.4990847917229121,0.21228077047946428,0.02865116188527289,0.02200226301039104,0.05160948986742162,0,1000
1.309327175639426,0.4874132262817293,0.18953392209873154,0.028248432230938796,0.022017650368999126,0.051250733580100544,0,1000
1.389800039166262,0.495071066985357,0.21162108412735178,0.030026961252879666,0.02206366784154262,0.05073668782125033,0,1000
1.399232086973963,0.4956346779584066,0.13172264053054808,0.030150736889509068,0.021611267696768428,0.05097772514442457,0,1000
1.3420475177577171,0.5019664947522595,0.10684749898054434,0.028892201994368545,0.021100997753947515,0.04838456251823986,0,1000
1.3273673185342,0.528396137662629,0.17967855439587382,0.028723913401740034,0.020962403420938032,0.04823353899763566,0,1000
1.3406743606517575,0.49701681989037794,0.20577816306298535,0.02897612543828682,0.021813399503026326,0.049543105439584206,0,1000
1.3318710221441272,0.4846570147042175,0.17684368424841834,0.02878554735468137,0.022779462174420385,0.05802756679583074,0,1000
1.3658488511104696,0.5427533232922552,0.20400113378462584,0.02967617587373857,0.02121298511023135,0.051649033802254135,0,1000
1.3685471506518547,0.4702558190082955,0.15989107902715713,0.029480165175084002,0.022650281110941747,0.055214896423597754,0,1000
1.3559587706518517,0.49979700976012215,0.09102732691847304,0.029161512414109195,0.02080093766413683,0.04678882128913756,0,1000
1.3256780741950078,0.5038700593748929,0.16618190856251341,0.028595675113445105,0.02126094123879575,0.04793497913530824,0,1000
1.3160912538300202,0.4894981098454192,0.1084600119919727,0.028314769732378085,0.02155952332402854,0.05027549450658508,0,1000
1.4046788151763316,0.5056431623024524,0.16120041987976266,0.030329831130022602,0.021444691218626938,0.0499507291675964,0,1000
1.3623333863598086,0.5380646419096287,0.08879700958191093,0.029369346151403516,0.019620487371083815,0.041471138020702535,0,1000
1.3206525364055017,0.5333168808644143,0.09177336240833917,0.028523925939320488,0.020479899714563155,0.047797518970195046,0,1000
1.3347559451885445,0.49384990049880284,0.16676360647534547,0.028778574631760038,0.021672662638986935,0.05003623210295117,0,1000
1.3861220995578754,0.49717260327325463,0.22983682566358135,0.02997586858056301,0.021893107336549065,0.050331637623872535,0,1000
1.3417495784689573,0.496488926925919,0.13886406959313655,0.0289190926220722,0.021769915397488078,0.05053549106264537,0,1000
1.3021422494916621,0.497079592083694,0.12019230954976266,0.028020519900962704,0.020879947799462624,0.0471116863295777,0,1000
1.3176532507861514,0.5334907453638347,0.10137664318698075,0.028438206775935483,0.020314436769247508,0.045263726859360934,0,1000
1.4540675877194094,0.4616835937854666,0.2165898383152637,0.031403815905707184,0.023295139989660395,0.058596530115939016,0,1000
1.3214222500735489,0.5095927673177205,0.19613315931239048,0.028590013917578736,0.02164901661220666,0.051027804354999526,0,1000
1.3312731787414014,0.4837203202910811,0.20830837538738173,0.0287770234258219,0.022567158800542966,0.05632296482786863,0,1000
1.3371013580059714,0.4748480357315282,0.06700843825842061,0.02869807747478872,0.021506297851245693,0.051917069839766704,0,1000
1.398101422661788,0.4823959108226508,0.15976225466835145,0.030132792815342622,0.022064266895413718,0.052752591698567615,0,1000
1.3864995784578562,0.5115274561691481,0.16722778888000517,0.029945903789926592,0.02118165671575968,0.047888433786546274,0,1000
1.4251621437104325,0.5131497628313151,0.17397102288084013,0.030807919993930597,0.021468166281296185,0.05036321117220044,0,1000
1.3555980492687452,0.4833318664936109,0.13634952779737547,0.029177569884071514,0.021758148781531123,0.0511146137119227,0,1000
1.3460965603174773,0.4947165419901092,0.15018603353376136,0.029051074804800063,0.021934118759617514,0.053328429271394154,0,1000
1.3185898495189858,0.4952780365110446,0.12148964900441217,0.028383556476662637,0.02126581029633853,0.04898346210199826,0,1000
1.4037351918887175,0.47657718931972465,0.13180226875873852,0.03016776973047233,0.021631310695008354,0.05026233067723209,0,1000
1.4116561014111118,0.5165497035680908,0.21612833524680533,0.03058552394688754,0.02173703196430043,0.052308403373047416,0,1000
1.3919694944362648,0.4978899344937084,0.23451910030912007,0.03018232512116239,0.022681932103055573,0.057537665546996956,0,1000
1.3840024121880952,0.5282411329986619,0.17630481513190338,0.02996666589750085,0.021198981349348434,0.05021870545545895,0,1000
1.3205696175508188,0.4879580571102214,0.15152451473903855,0.028432922695437266,0.021547072194833945,0.04902730283075002,0,1000
1.289971352652589,0.5075148086780257,0.1453681507381084,0.027852802285329863,0.021508161806679884,0.05101960004660448,0,1000
1.2722477187082735,0.49365224515001055,0.12351569096280403,0.027419440372595874,0.02193570610671526,0.05249701663785326,0,1000
1.3997016107040983,0.5017484466509331,0.21700744942633682,0.030334909173531523,0.022522555449731547,0.056081304713587105,0,1000
1.3712339535141838,0.5249460269104008,0.25737210454630716,0.029822071956990746,0.022330963152927215,0.05638487191384118,0,1000
1.2990405739458808,0.51525215019568,0.22891943964413172,0.028201538013712408,0.022450700904532845,0.05633658834336682,0,1000
1.2834392312843688,0.4946689270719917,0.13702063050402238,0.027626511537787286,0.02127952508935391,0.04765598512089157,0,1000
1.3353162366909253,0.5187736514153956,0.20863624659412183,0.028926934462519475,0.0214419336495363,0.05079926293788778,0,1000
1.3005271704274541,0.5237843794189501,0.16328678628425444,0.02812240732137939,0.020957971500568065,0.049112291592668784,0,1000
1.3632235958357375,0.5024354726838572,0.13655973031419047,0.029363860394178886,0.021098400127470735,0.04707209481637786,0,1000
1.3245041256097034,0.5037103957259199,0.14431159963762757,0.028563224881694806,0.021259905372040644,0.049660678908025585,0,1000
1.3648643191390453,0.5454794297325312,0.24423361118735598,0.029613166119455588,0.020679372831746635,0.044627336950503756,0,1000
1.3366345416306782,0.5027028125981022,0.16272985461747083,0.028842843957283034,0.021492750125617025,0.05059029191500585,0,1000
1.4211164305416237,0.5104676921047256,0.15552405534553554,0.03066638545156194,0.021091217337248672,0.0481792565186946,0,1000
1.3245015414322294,0.4582208262327426,0.0671572600361788,0.02843454762371604,0.02257791328040526,0.057809086492782324,0,1000
1.2999261551794223,0.5082662547650755,0.17696175168280281,0.028072712919209052,0.02146089212918696,0.048518714161423684,0,1000
1.3440930130243625,0.5029431826350773,0.12769457430942474,0.029022557464896945,0.021603450892987583,0.05344058344081434,0,1000
1.3005280831197263,0.48543899938235935,0.11132513158063526,0.027969927471339032,0.021580696359191628,0.05033129733140976,0,1000
1.3200712034264073,0.4985969062034022,0.16984943952383522,0.02850882918470141,0.021882996378305063,0.05174901826392441,0,1000
1.358839231033525,0.5229068063657443,0.108520699413395,0.029326264590229956,0.020812061572996168,0.04842983608180562,0,1000
1.3131232611418866,0.509988633147927,0.13196882348060945,0.02835449429082997,0.021431792053859085,0.051407003077639166,0,1000
1.3504227298459022,0.5305593010082643,0.21723397276201972,0.0292746158643581,0.021301542874277647,0.05001091190646842,0,1000
1.3305123027597303,0.48857272990131884,0.23467640593957603,0.028879917012727997,0.02341730952659001,0.06289454003111042,0,1000
1.2635108693663943,0.48755268110287886,0.1578144050265348,0.027307024070176173,0.022612996313563002,0.0583487266468954,0,1000
1.379662267034346,0.49665687925454166,0.09737866641550467,0.029786699823294936,0.022339802441574283,0.05690674982704582,0,1000
1.4006246129248205,0.47185637792162843,0.12004105167322685,0.03015583511826678,0.022591770243399183,0.05667423780689978,0,1000
1.2433248372705308,0.5438204450597027,0.2550002137882895,0.027011045173690903,0.02104581289025334,0.04645354994062435,0,1000
1.3829187952720456,0.5108303320374149,0.21366447387603144,0.029924258187276804,0.021528837261661403,0.05022557963063666,0,1000
1.394539947150367,0.4963020903673427,0.2497975370427601,0.030222341245809664,0.022635056731298914,0.054972618050639264,0,1000
1.3729260989087997,0.48275919252027194,0.1989271896768488,0.029627520203445692,0.022199200280748784,0.05224999694999482,0,1000
1.3800391776911765,0.5040528067020131,0.14764863719091564,0.029737402752612573,0.020885949972008353,0.04694162549585506,0,1000
1.3469719710541166,0.4860569078353346,0.1905682014772825,0.029067164776214252,0.022178484539711822,0.052280043614203374,0,1000
1.2957640760890436,0.5197142723541744,0.10521117019656799,0.027944151130382996,0.02068925350959373,0.04716168278888168,0,1000
1.3585823926755844,0.47830510139329924,0.10607475224956883,0.029251693679669812,0.022206343294116762,0.055863951182457315,0,1000
1.3579548940316226,0.4784285483992696,0.18919651645422197,0.029280815292500185,0.022123713844119663,0.051038954807002455,0,1000
1.3383971530119512,0.4618296478145064,0.05309362116695016,0.028698220759832343,0.022018241427544553,0.054424292578246485,0,1000
1.3798637098247462,0.48904523820735335,0.07951372934870954,0.029614929549319456,0.020842703574677154,0.04639356135765471,0,1000
1.3881779072755474,0.4918391736473743,0.1816927583418045,0.0300156659873185,0.02245444616659517,0.055687440913505595,0,1000
1.4064228408189792,0.47938477566658266,0.1748408898426375,0.030326586226950582,0.02222733593583522,0.05312846117794034,0,1000
1.3578742640232129,0.5237031611224365,0.1631702943731065,0.029355726880425686,0.0209312866976747,0.049014240013261746,0,1000
1.3686566656517511,0.5045152387671719,0.08979006800470517,0.029424755990953438,0.020509620613045083,0.04506126709054381,0,1000
1.3498541110877091,0.4705176836921602,0.10156398134224136,0.029019186979038582,0.022200370529723134,0.05502904340622373,0,1000
1.3813544279037346,0.5135406249205716,0.17271588396982068,0.0298261025115225,0.021012965707864373,0.04679582192075372,0,1000
1.2935969613703024,0.5013585396204037,0.14069993289551552,0.027836076362417823,0.02072622682026772,0.043967132325263475,0,1000
1.310787497166673,0.4747200029820854,0.17094363389269648,0.028267814700327507,0.0225258821798878,0.05617287719594333,0,1000
1.3754038349041129,0.4875685571776821,0.11131203897259,0.029603254685804162,0.021687039884611632,0.05101419966921346,0,1000
1.349557129912156,0.46153645835898705,0.18169565078954797,0.029134955604467883,0.023356714501802302,0.06077514423303714,0,1000
1.3820233453987174,0.49444754390619683,0.2373945512927916,0.02992794942130991,0.022591667381242016,0.05490023666814687,0,1000
1.338337318217835,0.4891500844486431,0.2190038660269427,0.02900683891437636,0.023036168568009285,0.06056753099654479,0,1000
1.376976137989235,0.4772505550071483,0.15185765438602006,0.029723384496133886,0.022761863815966975,0.05857935906276364,0,1000
1.3502523389850827,0.4978454890971555,0.10560309804500027,0.029029255141936258,0.02084040796921339,0.045976346978587025,0,1000
1.3321332420539138,0.5136725435147447,0.13714212703688586,0.028712905699154037,0.020834860345466784,0.04650610471690831,0,1000
1.3256371047303488,0.5155918414087733,0.2558983138313977,0.02887226006882516,0.022979955620679837,0.06143838473097814,0,1000
1.324993270537956,0.49736664760472954,0.12164833822049786,0.028483171985095455,0.020751558212272314,0.044528536193946665,0,1000
1.3663792602228575,0.5071184734850942,0.13224821495588093,0.02945935488903907,0.020967000252196416,0.04793293398464105,0,1000
1.349857415441803,0.47984943960773446,0.18482603817644117,0.029086700895466323,0.022023091850898815,0.05073876498994515,0,1000
1.37211143446287,0.47739201138590237,0.14699946179219886,0.029524874562013935,0.021808593103818115,0.05160240734904579,0,1000
1.4239906335359926,0.5056356681757681,0.1782053155571924,0.030827224971400946,0.022261245191504575,0.056985606697651334,0,1000
1.3882457443220364,0.474206989969859,0.11095437678854612,0.029803459853410774,0.02164788191983645,0.049646058472458704,0,1000
1.3731305226729935,0.5003656796638126,0.2514463700875005,0.029775159259237325,0.02250194896316126,0.05514164969870463,0,1000
1.4029139098440102,0.5022751749285107,0.14952958279303658,0.030236076653431126,0.021113063110204156,0.047511444530121155,0,1000
1.295033949826705,0.5063100888756934,0.1988432711038452,0.028027926594020407,0.022214894759430125,0.05458641840918203,0,1000
1.2302447556250644,0.507151677339199,0.1767711780455708,0.02656455749894759,0.021333885600076256,0.04867278408988202,0,1000
1.33034427939896,0.5012471969418206,0.149624131198596,0.028765061576878612,0.02213944435930139,0.05568973809037111,0,1000
1.3471960258641642,0.535903447676106,0.13517012531938866,0.029122567162163784,0.020683527837550626,0.046454362009691226,0,1000
1.3816341755890253,0.4785028661356304,0.11104581176706879,0.029764394344619145,0.022274914313975044,0.05606118360615428,0,1000
1.3488937811417177,0.47033294876901444,0.0729778561642955,0.028886968138165027,0.021258233917489728,0.04819343159979586,0,1000
1.4104380835890944,0.45940353280699753,0.13752254610980963,0.03031711383898051,0.022534483016263727,0.05552008448356727,0,1000
1.383570634441633,0.5189123363203629,0.15535731352048926,0.0299097964360031,0.021082112767171646,0.04961810469405212,0,1000
1.3043060179348143,0.5199765594125627,0.12055713824598964,0.02814412061312239,0.0206895924213819,0.04715813420345942,0,1000
1.3260249712020096,0.49520211015663096,0.13932247844325157,0.028579499543624844,0.02157800263890806,0.05063212222925795,0,1000
1.378178888228349,0.4977078622947691,0.07723913942110418,0.029591362801715683,0.020662977275702113,0.045547439164995304,0,1000
1.3810276511762971,0.49999141813519793,0.14733253090884751,0.02975256662300183,0.021280885522260783,0.046742586366467165,0,1000
1.395542718286277,0.4976333910338322,0.15684724225564303,0.03013656049854354,0.021957414788431582,0.05322092466183127,0,1000
1.3577083551167528,0.51297202874278,0.17954730680439246,0.029374690469252382,0.02160591737131963,0.052288587998439925,0,1000
1.3816360290641154,0.47852050274736385,0.15736231751194,0.029734387384852234,0.021754061896343043,0.050229761539846,0,1000
1.3572199122215922,0.529308328701072,0.22940422779505085,0.029404077323375646,0.021133571796694072,0.04652801520081535,0,1000
1.2868484597822833,0.49818170600385686,0.17183120380983866,0.02775087829243073,0.021460531259928764,0.048758356300892765,0,1000
1.3650919226417144,0.45754184505369605,0.048302332584606575,0.029292826398466306,0.022304704315094757,0.05707332376127281,0,1000
1.26154173572299,0.5407518598982961,0.2213293526867303,0.02737459931483041,0.021013749983452887,0.0496962394313389,0,1000
1.3180402249496173,0.5477308003672987,0.1917028522939007,0.028609889194975948,0.020987539839419256,0.05055908484112306,0,1000
1.3643936260778815,0.4991368224965796,0.11560032871613998,0.029356030595727573,0.020941870699279233,0.04672155780468421,0,1000
1.3295637550881951,0.4612519583695164,0.20056707656885173,0.028713362005406605,0.023190429854953735,0.05991361613997835,0,1000
1.374815025674283,0.4971029392340729,0.09454337573300889,0.02954255684076656,0.02083804372755498,0.04651169855058334,0,1000
1.2919575419560774,0.5055243110642251,0.07821233513473644,0.027749627927780983,0.02035400365078423,0.04383437977235552,0,1000
1.358817241075232,0.4637736399121151,0.11536400161039699,0.029127721447542426,0.021745844652299923,0.048890970530875995,0,1000
1.3285383630399803,0.48820842322078917,0.1932093315973034,0.028749715221554933,0.022912685901471493,0.058488668208400645,0,1000
1.3023028249285509,0.46512115230468537,0.06379298576767033,0.027890101037302575,0.021476880374696795,0.04976873113318797,0,1000
1.3562852990404564,0.4936189484833559,0.12477830245798913,0.029203376518554577,0.021457021023352715,0.04991608962390919,0,1000
1.4038387406291417,0.46629055190704966,0.09496679293163329,0.030130646657339884,0.021993658578621605,0.0524725445347843,0,1000
1.3619181514444798,0.5493440392854926,0.2245027616700141,0.029560890708444944,0.020719019270965953,0.04758268285112389,0,1000
1.3374734829621187,0.5125363031486743,0.1494312300917386,0.02886166372984077,0.021078156305649125,0.048365393373075265,0,1000
1.3849114680592889,0.5147589072358564,0.09830781842252778,0.029847982270526804,0.020722655148416275,0.047640846680323014,0,1000
1.4160044917055767,0.5207064808258282,0.19999298788492573,0.030695022568992803,0.02174308057553289,0.054083550145873564,0,1000
1.3258417472995463,0.49744076115853153,0.1494016248843023,0.02861039704016116,0.0216426789778593,0.0516724565832143,0,1000
1.3957097157496314,0.5196790366774149,0.1296595738579403,0.03012978811025956,0.020782359013694532,0.048085328138350585,0,1000
1.4100838231798654,0.5227104471670863,0.12109811696355088,0.030399676053770853,0.020323693912823897,0.044533641759183416,0,1000
1.3375369724715545,0.5205789787046233,0.17005212387364244,0.028934109243294242,0.021371380264298617,0.0496860221052879,0,1000
1.311531868731155,0.4751726618412261,0.15618880804425508,0.028269822902603093,0.022471083862603967,0.05545296331861028,0,1000
1.3029258106428858,0.5001935952070439,0.07237415740077609,0.028021326569775646,0.02089799131305821,0.04864613908224235,0,1000
1.3374453227543743,0.5037241871845031,0.0794022009504205,0.028719151246102692,0.02043815462737221,0.04350081531806561,0,1000
1.3413574463790263,0.5179230631882625,0.14234494954407237,0.028921518143622788,0.020490771509157034,0.04496783749325283,0,1000
1.3615164645570372,0.511481376190123,0.10789480992008897,0.029335975280761383,0.020703046252887103,0.04627364509233501,0,1000
1.3982142540830225,0.5039038629855901,0.2220358307818381,0.03028717242728039,0.02225347937424417,0.05406818688880941,0,1000
1.306824984649606,0.49864189007840615,0.16321600922117396,0.028172252395508773,0.02128248490403297,0.04760392373630515,0,1000
1.3660355722128412,0.4812194265910791,0.19161279593462466,0.02951593741478501,0.022897448358928617,0.05689786646266551,0,1000
1.4318535211745214,0.4982958390687629,0.1507957065017391,0.030876178300819904,0.02157672879166508,0.05027838924785878,0,1000
1.4041962001016326,0.487047294953083,0.08974357521545363,0.030160998278656613,0.021252667069205998,0.04916734619111354,0,1000
1.4049278971727037,0.4930277769287065,0.1477755435024457,0.03026632133323912,0.02154002820755718,0.049321817825455756,0,1000
1.332747486148411,0.4743560956379994,0.09149055202674969,0.028648981976691166,0.021862363659812607,0.05379099405930613,0,1000
1.3406514901945923,0.5192841082776549,0.16457389574550677,0.028986291193750683,0.02134515854266045,0.049310487430901634,0,1000
1.336072955349195,0.526692875321407,0.10884817482074877,0.028814998743158925,0.020295661738515075,0.04515418311657621,0,1000
1.3719789132089562,0.5043283930831326,0.13313773870331508,0.029559094535972035,0.021123215273902318,0.048092751390770905,0,1000
1.3209334252328553,0.4866540111237503,0.1670786891698885,0.028535692242852576,0.02242616556234892,0.05713080297647663,0,1000
1.3063280797749863,0.4909191435377934,0.17801898612423228,0.028226181290175997,0.022397360568333757,0.05509285483634158,0,1000
1.3644292614439577,0.5029867152444387,0.1347500334463569,0.02943661206209761,0.0214082780453455,0.05067452913861619,0,1000
1.3041125954566402,0.47049707022933074,0.07947561277097887,0.027981212623645214,0.0217145817017835,0.05153861154148236,0,1000
1.3714738355253262,0.5056701572451466,0.1701298078267152,0.02962111152873664,0.02160029381000902,0.05033586610389027,0,1000
1.2956024121245147,0.48749745993813653,0.1359090056386873,0.027866432201822448,0.021583147980034658,0.0478007584925471,0,1000
1.3663840243873835,0.49226460141783834,0.15195057606034723,0.029427019098528472,0.021301714811001633,0.047437495251164766,0,1000
1.379336954910141,0.5117040561930981,0.20469243841926824,0.029862817323125533,0.02168251535169655,0.05116243417993666,0,1000
1.3359471275391508,0.5021624026059165,0.0859225378656844,0.02871856594716911,0.020891496646298573,0.046498299495689004,0,1000
1.304308589936298,0.4839571575041045,0.106256720461858,0.028045381988485964,0.021602097136828334,0.05060749912286668,0,1000
1.2878608870435728,0.49757347052183776,0.27120154148869186,0.02791354346471491,0.022698992395094673,0.05328824962603372,0,1000
1.399951751670419,0.5196780990945218,0.25249233645625263,0.030399316701952207,0.021980192213369307,0.05368267450229464,0,1000
1.3052663294043105,0.5212007628572634,0.13820055036167161,0.028143657983366797,0.02029616386920331,0.04377035375475424,0,1000
1.343495563794034,0.5087494508349522,0.23228520520808618,0.02916497093723056,0.022744469080618644,0.05865285546538003,0,1000
1.343738713529446,0.5188109492468008,0.1940846477939001,0.02911924084776172,0.02177138548946161,0.05363874332224579,0,1000
1.3594256654661994,0.5217184019293634,0.1969025683328571,0.029482105746262064,0.0219198316466471,0.05490039756249903,0,1000
1.3079101190514155,0.4903061243476146,0.14071786109199877,0.02820082486499531,0.021874871835514984,0.052121687641943165,0,1000
1.3595321002341352,0.49211770338334904,0.18112778386023629,0.029346439180617634,0.02194462936702712,0.05191914766903593,0,1000
1.3443093985642636,0.5127893181907753,0.29040659391180035,0.02926568693053794,0.022910617152425514,0.05857175562714433,0,1000
1.3567294045702465,0.49357852043232725,0.07773847974543793,0.029105147937918897,0.020689080917892004,0.04475608152910178,0,1000
1.3561533455490837,0.49700904860169143,0.18067852441918986,0.029270022185657767,0.02180824006237021,0.0502713230188259,0,1000
1.3472035125519704,0.46339130571001086,0.08037494021609928,0.02894388405310479,0.02258029748643543,0.0572202990618327,0,1000
1.3223619939241578,0.49023764634560396,0.2081994587877519,0.028571209102185822,0.022076393892317556,0.05274878057778499,0,1000
1.3250196566146908,0.49504251585421394,0.11970577395550316,0.028578480620746527,0.02196742251216624,0.05389520414541062,0,1000
1.3753684366754282,0.49405764049629486,0.11625453606254278,0.02962450177239712,0.02174581150215467,0.052379335628355846,0,1000
1.322576009610091,0.49739969811937373,0.23413901600941794,0.0286491388051631,0.022505687178810903,0.05500024457980862,0,1000
1.305432401724442,0.5075963785560167,0.13744992734841588,0.02816872129682442,0.02115423306123087,0.049618659503353396,0,1000
1.3530968390220723,0.49417329733829496,0.14956972931365342,0.029302944157668327,0.02301112446575253,0.06226274475837865,0,1000
1.3911914540087427,0.49350512907141997,0.17045019203663567,0.03000992683260372,0.021935679021485386,0.05175033427103965,0,1000
1.261911174703681,0.5058718680196788,0.1302606537696277,0.02717393832453691,0.020785730466818846,0.04626618350685867,0,1000
1.3447299889079924,0.4837705459937975,0.13104857360239106,0.02892149201657354,0.021595142369851904,0.049304009132406124,0,1000
1.2865577288695902,0.49526565282157786,0.11981190886416666,0.027735790225825063,0.02176629566311329,0.052986455508393135,0,1000
1.3105943866581136,0.5352946404470924,0.20587402028599674,0.028436715745515557,0.021524121753460686,0.05089404371101262,0,1000
1.339463916607458,0.5199087642884437,0.18125965988468667,0.02899420128946901,0.021346807196529295,0.050229966312493324,0,1000
1.3439434832032031,0.49773551738109967,0.23795233624531745,0.029151559400587477,0.02294074824643194,0.05826173441398429,0,1000
1.3691334184389634,0.4862935507885279,0.2589547360090411,0.029681120548375788,0.02321704976960459,0.05831248470933108,0,1000
1.3905014698474982,0.4860260975047489,0.12863989984260843,0.029890769033417326,0.021276516044539277,0.04807996587044847,0,1000
1.3959481037567194,0.491020290746157,0.10485358980276785,0.03004402586380566,0.021561536257291892,0.05053167440044351,0,1000
1.3864438471037885,0.5000530710278398,0.04174851801538715,0.02972810418602837,0.020252559589889647,0.04394434693120547,0,1000
1.3415330347378778,0.4904130583129712,0.08121969094888419,0.028828297565959893,0.020983978173893556,0.047737696607086974,0,1000
1.3536044523664323,0.5014440812010907,0.19330724648174868,0.029328572027812687,0.022516190416173934,0.05783013687943658,0,1000
1.349466637453041,0.5155057964577421,0.25008785466185146,0.02926493408775676,0.02195249801299094,0.050670300506262776,0,1000
1.2813753486843948,0.5172780012396189,0.2390072578369576,0.027797087223726927,0.02183557122309153,0.05216645596431957,0,1000
1.3438339856948396,0.5061535369364246,0.2476660282638851,0.029169721781906587,0.0224691371198715,0.056188362413664254,0,1000
1.319161354747707,0.5363337393194442,0.22445500506192526,0.02857955726941883,0.020665850670545213,0.04402354993969697,0,1000
1.3627424951911773,0.5027818503207577,0.18493540682579296,0.02947894857918944,0.022134664216327503,0.05414567978694888,0,1000
1.3996557474156996,0.5088467612761024,0.2197997847447697,0.030356410298893195,0.02227443307591561,0.05568332499680743,0,1000
1.2798116188291824,0.4759059656339053,0.08695435407268655,0.02748856720329744,0.021783517419683728,0.05140231578453285,0,1000
1.3390457766013901,0.5247061858408021,0.17529551984674546,0.028948997350163503,0.021008641115540818,0.047313277618638,0,1000
1.3521068868475776,0.4837036640852971,0.07188038189534982,0.028978250664669955,0.020703021823121472,0.04579709787929475,0,1000
1.345661040473223,0.5051233016421672,0.21129643534625991,0.02912309727902946,0.021934490163671914,0.05278014582397773,0,1000
1.381905621386493,0.46610623976869764,0.16734762403193687,0.029752770423536204,0.022623652882411652,0.05513491786922373,0,1000
1.2694356242203086,0.5093813526653144,0.05371927114190572,0.027244808685473475,0.01989674016015889,0.04245553622357203,0,1000
1.3492759245607926,0.489659569274404,0.12359355936982495,0.02905351886666429,0.0216429678623047,0.05099232812215336,0,1000
1.3822258105425622,0.5260800589772482,0.16647667139517083,0.02990105405567711,0.02104956490883501,0.04905448106513007,0,1000
1.3552172405703553,0.47649250198710236,0.18925470210852224,0.029275166718431493,0.022880534060966157,0.05799080553779324,0,1000
1.292010400807593,0.49523321967838885,0.1207959479151736,0.027829805167716964,0.021387232703235753,0.050000101897743586,0,1000
1.3238834959924393,0.5092881607862436,0.20989216016473455,0.028670725870616576,0.021977327785552,0.05357863598349214,0,1000
1.347118307701854,0.48876192888131936,0.1650951016965735,0.029070238640353272,0.02206852342474757,0.05398797320508575,0,1000
1.2898172049376648,0.4907682489149696,0.07329858046563803,0.027701847909232552,0.021219620932708856,0.04910470102271705,0,1000
1.4299578647518398,0.4960399663215848,0.11457210202188167,0.030769640587149625,0.021136817662022044,0.0483748568620319,0,1000
1.3341657378725706,0.49189315875540773,0.20571545799261132,0.028788449994027118,0.021850665418576026,0.04911537744803767,0,1000
1.3881683256099018,0.5214392370761602,0.227450696429973,0.03007246581890772,0.02134795892170486,0.0486243094895959,0,1000
1.312922508137458,0.5259992398089773,0.16135703579023364,0.02837246436447234,0.020729078655256555,0.04563626991408183,0,1000
1.3685020010809066,0.49009902855281845,0.21802588994006897,0.02964377856090187,0.0228951231600974,0.058665125177100326,0,1000
1.4642410759597542,0.4880603322142723,0.1361889229797726,0.031531328712331115,0.02155115209553505,0.0499153303343479,0,1000
1.3885076107274454,0.5274332109175397,0.16143012178310143,0.030018655716272293,0.020787536783481598,0.047250873829554604,0,1000
1.3439711900334652,0.5288717587697548,0.095964853003595,0.028981704260690258,0.02026661794101313,0.04547615490470049,0,1000
1.379665527793387,0.520901684162623,0.15566411417981155,0.029815131430356846,0.02110071605947396,0.048530461357610154,0,1000
1.2956596467886248,0.5073815285937904,0.13804440142463761,0.02800331022539688,0.02177493224460495,0.05380730875766432,0,1000
1.2825073933731574,0.5012995959521095,0.06776847335865752,0.027511043308436553,0.020129651478097574,0.04229931051904997,0,1000
1.3424414027080054,0.4953787270639356,0.1870458205670006,0.029006457601935386,0.02227201189190764,0.05412567545501246,0,1000
1.3310361179061014,0.5131006847425734,0.18122705429108824,0.028763507767373915,0.02135630309401184,0.04846430567984709,0,1000
1.3338284011628665,0.5038596316174881,0.14261285227952902,0.028758106117419753,0.021423679925882004,0.05043878607819849,0,1000
1.3530437940143545,0.503990853153942,0.21854248347314645,0.029342819971598114,0.022571821320020082,0.05750095812620093,0,1000
1.3305559148845576,0.5171530720808571,0.2141160374276798,0.028855156586740805,0.021976590110641694,0.05450796563136362,0,1000
1.4508974837962592,0.4995407311342704,0.17642292697962228,0.03131230260023674,0.02156539290744435,0.04965126957081924,0,1000
1.3862512012744612,0.5162958087735198,0.19192949434460452,0.029960582726928885,0.021118565503317983,0.046305468191084734,0,1000
1.3305362692858511,0.5497013132767374,0.20452968256797235,0.02886148042146764,0.020372947540019712,0.04396734568485619,0,1000
1.4218940858137032,0.5032432706364425,0.1449953904399078,0.03067891047196363,0.021431080814816924,0.0508397773137217,0,1000
1.3951567519353338,0.5174107074855927,0.08322548180548689,0.02998693952238667,0.01989513735107759,0.04175286434788612,0,1000
1.3290787444321315,0.4859937440326829,0.13307846537872942,0.028606484789841388,0.02174792003610461,0.049791552292618974,0,1000
1.3653140953462735,0.5071055363590194,0.19035159327552187,0.02953419667009882,0.02184002565867588,0.05214287624475753,0,1000
1.380951603836309,0.5131714051335232,0.0934513431961478,0.029726895601520455,0.02043764195432279,0.04449012680433762,0,1000
1.3581291719251822,0.510737148391919,0.14997688165248313,0.029287991432440107,0.02092136993188724,0.047713545956550946,0,1000
1.3201339022018743,0.5018952155829585,0.13583744640151402,0.028438997851310068,0.021139997571112092,0.047083948094036245,0,1000
1.3863921207421332,0.4543214688532853,0.06694054545444736,0.02966221015943553,0.021646283748134588,0.05100181583874171,0,1000
1.3871550971087347,0.5010021580822773,0.08688960220613899,0.029870162986167913,0.02108934090477861,0.04993171644806785,0,1000
1.353993936697505,0.4912789634493558,0.09520871648868884,0.029175470176992756,0.021894307004183815,0.05432363932128195,0,1000
1.4032156935902207,0.49480253754972403,0.07609202422529748,0.030159400222524564,0.02106090606789926,0.04926143564981589,0,1000
1.363549467338344,0.4532452583617633,0.09988681399212307,0.02936944590809723,0.023383288466981202,0.06379974245133398,0,1000
1.334846097551546,0.5234035637929494,0.2651845517750132,0.029013748851575757,0.02207951335552874,0.05435526372850701,0,1000
1.4129429154280546,0.5065219316156555,0.17999808897312566,0.030611731923273825,0.022478008080218666,0.058021823363564304,0,1000
1.3707176471653653,0.47773063966916485,0.04683824208060307,0.029341015472470224,0.020806220587621382,0.04531472110035462,0,1000
1.3668925182921077,0.49077074230871576,0.20315094144863421,0.029535963750777546,0.022174941945460373,0.052727823343783925,0,1000
1.3528123750663565,0.5242721426609802,0.16609925725593336,0.029217831040203302,0.020725457279420566,0.045986586081856184,0,1000
1.3283430446638704,0.5308988854917759,0.1933530070831469,0.02876017666293739,0.020860797157472726,0.04793262350024916,0,1000
1.3372952934515674,0.46553040498001336,0.05811720907412926,0.028600498456193554,0.021051523299601207,0.048103326692103994,0,1000
1.3452402161069577,0.5051632036772866,0.16330368851673485,0.029012524663656756,0.021242353900761058,0.04785887817892216,0,1000
1.3447513954801291,0.5051296661104209,0.11365881051499303,0.02899909573822196,0.021371332248778,0.05093753069551494,0,1000
1.3343900798037869,0.48479050718572053,0.11673623229783812,0.028713908229321267,0.021547879972014947,0.051594913338400605,0,1000
1.3308134909748977,0.5073366493663366,0.2567836113865364,0.02886763197131691,0.02244261037054893,0.05376384745524168,0,1000
1.369093254106373,0.49534413512869685,0.09433621146178944,0.029419213772744073,0.02097610933411028,0.04675560423416424,0,1000
1.2863105145683316,0.5122815947555521,0.18593447297703525,0.027826211885915747,0.02153067983268041,0.051152482309444434,0,1000
1.3603167214282947,0.5072420053386862,0.22795377561109828,0.02941243180679958,0.02163208504979096,0.046770087196736795,0,1000
1.427284332674074,0.4801909206541204,0.11085876426385861,0.03069257676861052,0.021647374579187507,0.0510145403833365,0,1000
1.4265563101992214,0.4669025924298207,0.13264337297707057,0.030682669823759022,0.022350093888361535,0.054268013618864484,0,1000
1.3561689115748632,0.479098093442283,0.11735739061752497,0.029129952510013202,0.021498291024424642,0.048690844849768496,0,1000
1.4701204687722156,0.5209124480307771,0.18623744296337474,0.03176104109313993,0.02090680849197411,0.04667992719776235,0,1000
1.3602497239523696,0.4852407073413247,0.15497617259733476,0.0293344533011364,0.022210494268532652,0.05446018148043533,0,1000
1.406056785815018,0.4943845230312026,0.1323399424304608,0.030263822635365735,0.021313488725727046,0.04888903789781067,0,1000
1.3508806666373594,0.45534942654581584,0.09159053456911491,0.028987093322437124,0.022317359734946144,0.05570475754798514,0,1000
1.3719593506859624,0.5068285451241207,0.10168377182175313,0.029519393049963025,0.020688559128532093,0.04591451658741977,0,1000
1.3092485396095592,0.4839678516959488,0.10603332797235593,0.028109919692536633,0.02100842230263308,0.045752805829129495,0,1000
1.294504499070309,0.4679074139013761,0.12386635779934387,0.027850066484665974,0.022492154740888795,0.056267056110960854,0,1000
1.35579147296397,0.47187723432419926,0.13877992445664195,0.029163189239401213,0.02202138594498854,0.052260044016471136,0,1000
1.394693958384255,0.4589577453241002,0.18196865142966784,0.030077013938042754,0.023279220505347392,0.059000500891415335,0,1000
1.3715059120662902,0.488556388750799,0.19275054830691937,0.02970897279637545,0.022922074815152613,0.06088267955675299,0,1000
1.3356176159082833,0.5251855644357911,0.11468235350306559,0.028784158219390867,0.020279683853892477,0.044839189050573006,0,1000
1.3227733438675624,0.5162180094418325,0.14671523819347063,0.02851317493837885,0.02057609546441651,0.043884249006379564,0,1000
1.4051145282686504,0.5306219697571555,0.22578948028882156,0.030492597498636656,0.021575055794129966,0.05124529555631668,0,1000
1.3887971809943824,0.47824261993543554,0.09582249392349926,0.029853242900862945,0.021780382588437043,0.05242541733488158,0,1000
1.3802164771089267,0.4916566737821917,0.14004687189451231,0.029809572861649924,0.022438482227677116,0.05657369597114919,0,1000
1.3664943707474275,0.5247234942682656,0.15644900805660392,0.029491003794096266,0.020486058897335343,0.04413315256323217,0,1000
1.3725197299707834,0.5007473256906815,0.1582238961381465,0.02959172970730136,0.021247458737192942,0.048036079469118954,0,1000
1.414855052161267,0.5206579913743473,0.18684478731205773,0.03059050013404746,0.02100019574115286,0.047249591262686776,0,1000
1.2590928541286353,0.5306947184661621,0.19659161454534405,0.02725476529541544,0.020864990556433958,0.04630480309956858,0,1000
1.3741219840565206,0.4780509151231633,0.10551884318260116,0.029534791749202427,0.021724361285707844,0.05191427243394073,0,1000
1.4104517604434739,0.513498416623152,0.14354020461426284,0.030435421354566016,0.021047199144129475,0.04814201829267757,0,1000
1.3195163370060956,0.5063328405140101,0.09910453048380849,0.028413698682453765,0.021080896033741563,0.04931100985086763,0,1000
1.3845059489385245,0.5378980006347834,0.1955731912064467,0.03003262756065738,0.021160292342114775,0.04951648131313714,0,1000
1.3407539590554087,0.4985158203088861,0.22905098070160806,0.02899872795463117,0.022099872655148334,0.051176483648808196,0,1000
1.397908301380561,0.5382480676038228,0.1884729288450274,0.030318339042238882,0.020984148050541628,0.049831109390904973,0,1000
1.2716459938175715,0.5136848752762889,0.23345854217295872,0.0276054716225949,0.02226020431412749,0.055399273950561045,0,1000
1.3507881574797116,0.5039740015621686,0.2434976966222726,0.029227897505787737,0.021970491394867144,0.04996160372370042,0,1000
1.3518807621509887,0.5142982773648075,0.1270075061745351,0.029149276066260107,0.020841450889142694,0.046899630857588734,0,1000
1.3408489116067084,0.4886448662444999,0.08975001919971368,0.02880307993694364,0.021067808315427268,0.04806619250886316,0,1000
1.2902495636198745,0.4759698542473622,0.08496801518959007,0.027746146461460626,0.021995917600960965,0.05538424191901698,0,1000
1.3909800255890674,0.4948594728940132,0.1391059562229235,0.029970518894045995,0.021327825613821336,0.04827466661536212,0,1000
1.4095082229053737,0.5311644673593604,0.18346323396212497,0.030498424733465656,0.020666783049496946,0.046974493776926654,0,1000
1.309059512287042,0.49184498133608384,0.10921923755340478,0.028155549292058407,0.021225038570406925,0.04887789904528976,0,1000
1.4066878966049128,0.5180121741743656,0.18179187311324657,0.03038871841291227,0.021052922149153438,0.0472017079442024,0,1000
1.3704677888346395,0.46786554921632856,0.15631629357799653,0.02950922336899133,0.022553517086807494,0.05525096446083954,0,1000
1.4099591426162292,0.478703058674468,0.06106049179347447,0.030223781484420637,0.021006572298250505,0.0471953290491904,0,1000
1.3580354457346064,0.488926575902973,0.1441930391021676,0.029283452433922875,0.022038313261559025,0.05409779908961337,0,1000
1.3599062608606987,0.4839425082761437,0.0848821654228185,0.02919958454869736,0.021197015867502528,0.04823156209909479,0,1000
1.3816145832737503,0.5032414249920449,0.11220042283019824,0.02971848064777605,0.020488022277064203,0.04587212834304773,0,1000
1.3039450031114173,0.49475971774669614,0.14705942967477997,0.028110314505808878,0.021658452509649564,0.05078787470487988,0,1000
1.3426806403069427,0.487830998227941,0.08946470692266137,0.028907475302625,0.021989026033236995,0.05311338847781621,0,1000
1.362780708305406,0.4721713646289271,0.07998566115910646,0.029259789261701863,0.0216557788787015,0.051461344164027215,0,1000
1.308691526132075,0.5169008633491803,0.16452772731064147,0.028249154672570158,0.020846677188184958,0.044519748221483316,0,1000
1.3008303823267184,0.5123203086868612,0.05810840561960568,0.02796225475921753,0.020331369929798573,0.04493233452510089,0,1000
1.3595230822893218,0.49149049443172743,0.09532166345148597,0.029193983585364215,0.020888995271805457,0.046316928795749536,0,1000
1.2968459008923099,0.5328497431361734,0.19017976874394454,0.028073596291152792,0.020784915849102952,0.047874439278152846,0,1000
1.322184066132541,0.5574951571651712,0.2802911767233775,0.02882045427174166,0.021349783686718804,0.05250302311057535,0,1000
1.292807127875561,0.5032590955233471,0.15259769801449846,0.027887530278430432,0.021504619430665693,0.04938789577007005,0,1000
1.3732263171767622,0.49626359934605363,0.20412789063261647,0.029697999472225598,0.02226835044654587,0.05404429034882343,0,1000
1.4085381243092565,0.5096524883292755,0.13895353067323832,0.030425696383638758,0.02164709399574674,0.05280506023968584,0,1000
1.3597976737295552,0.5211932157550558,0.227550704053997,0.029535183344370573,0.02215574774579225,0.0560189181082289,0,1000
1.3626853125710934,0.5214558921892559,0.1686921873610395,0.029424011718093137,0.02071953288223523,0.04620945878418773,0,1000
1.400391999293834,0.4957588235570074,0.14996470192130193,0.030145635349234517,0.021086507164960966,0.04636156972684019,0,1000
1.3935234781413668,0.49691317080135,0.11200802559938841,0.02996655911804815,0.020869558854866105,0.04667871620964288,0,1000
1.382611306855238,0.49901701010249877,0.18280876643904545,0.029845418775407372,0.021565296387237722,0.049413802416188014,0,1000
1.3605825531421494,0.4765965290159564,0.21226059522169002,0.029458670931348088,0.023299522681658864,0.061237099687705784,0,1000
1.2898159179898905,0.4887350065764222,0.20751740546642997,0.027871759965099694,0.02235104901973988,0.05307447002536311,0,1000
1.3728140943202323,0.49326075629234534,0.11747864736395643,0.029556981661999902,0.021311678643105972,0.05039440354469555,0,1000
1.3773811963440397,0.49287970417217203,0.1731781105223123,0.029706897239062002,0.021770787663920693,0.05130566455539138,0,1000
1.3436060333103783,0.4673052277002741,0.08727910124238472,0.028815103983156225,0.02177991313565244,0.05183793776529012,0,1000
1.3755987467031905,0.5180888040600355,0.10560374316822119,0.029634350711711836,0.020588238520391284,0.046327469196346886,0,1000
1.3216048949926789,0.5116604232055556,0.12598528037464488,0.02849148456735904,0.02103638437122376,0.04822188384800104,0,1000
1.3320774731721305,0.5073943565142084,0.20222151725017493,0.028821458117339906,0.021995351950491352,0.05304610804892263,0,1000
1.3545206390389621,0.48700893851344473,0.12044678059839722,0.02916512079576012,0.021762614731527512,0.052346153979700036,0,1000
1.3772674168460697,0.5293097238223955,0.16589726720339518,0.029772742262333833,0.02067246985131317,0.04694294105142943,0,1000
1.2969234338936493,0.5151026323312395,0.17982378078943112,0.02800591958234908,0.0209187252694738,0.04588717550526989,0,1000
1.3352562389563734,0.5334433836123933,0.18423988166720953,0.02891834008731889,0.02096900576367522,0.04901349341035964,0,1000
1.375987752465354,0.5281340877113697,0.16683759801971917,0.029719167326771205,0.020577761467137346,0.04493517347149327,0,1000
1.3883237547312606,0.4991988458793171,0.21439078720266366,0.030052121717016156,0.022269012578863125,0.0541820388958732,0,1000
1.380296284078153,0.5434348008103737,0.18374306557152462,0.029904357096552744,0.020580529968629812,0.04630515685715031,0,1000
1.3720528462558175,0.47939917694202083,0.15604435021406018,0.02954996632158533,0.022106564477637484,0.05230872078531636,0,1000
1.4343027078198138,0.5269362745737884,0.11088742517718192,0.03095030706972888,0.020527556831951264,0.046668841902135785,0,1000
1.3493322035283353,0.5208824135170484,0.13434632300147714,0.029127677773808397,0.02092821316695384,0.048332848506740786,0,1000
1.3838764679854514,0.49129730497164986,0.11929232987526725,0.029872256234320542,0.022190676982619464,0.05691495886737067,0,1000
1.3181119196058282,0.472335110951764,0.13483798067122676,0.028321663325396915,0.021831601931890446,0.04949189655217504,0,1000
1.3613763268761396,0.522091926798678,0.19173919070677156,0.029446299121667525,0.021112931755302305,0.04753216686997133,0,1000
1.316349885140875,0.5243083580434956,0.14451116529750438,0.02840962320566866,0.02035701972823746,0.044272431842919145,0,1000
1.3589756737232868,0.5066779966550438,0.1613198302897046,0.02929236867139081,0.020924716306606264,0.045143447437183286,0,1000
1.319133498243485,0.4834287407597064,0.12416945338723026,0.02837752512610259,0.021682092323038006,0.05029475729470425,0,1000
1.3472921847784158,0.47114050723115886,0.1314875345662478,0.029008290393837892,0.02229073417851775,0.05566150097557519,0,1000
1.4620259833933351,0.4800436558316455,0.16339075749227233,0.03151538356748016,0.02228472441082339,0.05449441520863066,0,1000
1.3510005819504478,0.5041957569103742,0.13496069312511258,0.029128738909091987,0.02134332507582647,0.04911162561424167,0,1000
1.3698648444078336,0.47918231853929416,0.12045524825296511,0.02947638173182269,0.021732971314038004,0.05199390314163605,0,1000
1.3688461831361003,0.5170938877864572,0.1841940239848583,0.02961414213519202,0.021539947900850124,0.05054415168400946,0,1000
1.3560845413248475,0.47258769305952364,0.13952497866001531,0.029196164087626604,0.02235490926180667,0.054789472033284055,0,1000
1.4038475695191102,0.48090169276245753,0.03864524051307481,0.03005221643686628,0.020765587288148042,0.04625619570976543,0,1000
1.3161900927085959,0.4886574581820729,0.05814536739311563,0.02830857924272605,0.021585795785044735,0.052464690547353525,0,1000
1.3383176966816548,0.48305925874164096,0.04625367093529439,0.028635868873220467,0.020454841067269913,0.04428051152697868,0,1000
1.403064133561789,0.5109149919644488,0.1409156507984803,0.030305108206749448,0.021446717368314244,0.05158839775021562,0,1000
1.289398513470244,0.4740083933503801,0.12791611975466294,0.027705301771370573,0.021857284575091843,0.05035723856079913,0,1000
1.3718646592560022,0.5071800279324227,0.17391822344036398,0.029612291302691485,0.021164887037340905,0.048561576891500494,0,1000
1.3891826179994928,0.47307310527450946,0.12179014445443531,0.029861011546645427,0.02188751159919679,0.05139906988473501,0,1000
1.4023445958999277,0.5170426039935805,0.19191610452227842,0.03031691538712715,0.021092209095200338,0.04733556452808448,0,1000
1.346621402949475,0.4863871337791953,0.16792273046270112,0.02905683184711495,0.02203867464798288,0.053294130199832965,0,1000
1.3856544832630802,0.45763773637872,0.09367508327228442,0.029761841243983105,0.022563008045253758,0.0571073229746597,0,1000
1.3902176342942205,0.500776763423605,0.17265465723072157,0.030057111747273258,0.022056793480343805,0.05409427992317829,0,1000
1.372004729845067,0.5197190013120337,0.17146394330222137,0.029639357541266446,0.02103589922057379,0.047819143765725464,0,1000
1.3377832589637046,0.5316151175884761,0.18830052013271892,0.02899421466157202,0.021159847174023652,0.05036488875438966,0,1000
1.3542901321084404,0.4930580261135205,0.14766166187937488,0.029182117228157115,0.02163446609600924,0.05029865997140491,0,1000
1.3464711480061495,0.4980168561240561,0.1321545358345074,0.029004557619869475,0.021276363008344183,0.04864622555913692,0,1000
1.340827091252686,0.49595328889001183,0.029024575017895692,0.028721666158907342,0.020194052797381883,0.04411855148045339,0,1000
1.351758316520629,0.47684280848743993,0.14883270223767742,0.029137805840758976,0.022484807584639513,0.055958915769387836,0,1000
1.3053911639211684,0.5142389421556773,0.18744466040216903,0.028260062148695905,0.021646502516077495,0.05304651659267669,0,1000
1.3537595166893168,0.47968733010571557,0.23229655349604936,0.02930508756975813,0.023203363683103648,0.05853020498873675,0,1000
1.3674812972592707,0.4637200357152625,0.07821743262365513,0.02931222146040568,0.021694350963672455,0.052079455945694846,0,1000
1.311124310476367,0.49267495640328496,0.21324200682518266,0.02838302006737328,0.022623715833634903,0.055666182147247764,0,1000
1.3479217918856805,0.5125470554806584,0.13987512295764992,0.029066428969703052,0.020928782528647234,0.04687393243665479,0,1000
1.3963315523096929,0.5112157211510829,0.19046182738867304,0.03021390545939062,0.021730811260329958,0.05151795335885528,0,1000
1.3447431923042688,0.49981188516485037,0.1957921126839752,0.02904809144570248,0.021666047073136314,0.050221257044457464,0,1000
1.3692500588124787,0.5144972985953621,0.17154635806462426,0.029612349658924092,0.021401782275356756,0.050769624983442285,0,1000
1.3738684089388224,0.4932981654653365,0.2198150407593889,0.029663983821851217,0.02168614708959847,0.047251697687020554,0,1000
1.3106079553710115,0.5035301715092867,0.173455040649561,0.028284181452264086,0.021423539446759947,0.04915779709991624,0,1000
1.3600060095737807,0.5247657019965742,0.21336650872431984,0.029542909602425785,0.022217628989044134,0.0563767695817046,0,1000
1.3733930079322638,0.49715707095443024,0.1300725935044724,0.029619036509107785,0.021820381984931077,0.052860786658049705,0,1000
1.3588974916682066,0.5126776810855218,0.168234972693193,0.029363900503207193,0.021176829121951797,0.04882104031163241,0,1000
1.3543066972986852,0.4742445050775757,0.1523577800385564,0.02920092706994513,0.022562378689870648,0.05756861743672183,0,1000
1.3302821003339738,0.5014953578569716,0.15480270027733137,0.028652325856069468,0.021053530324950453,0.04586683506210949,0,1000
1.330250941847626,0.518869473926802,0.15955622316322837,0.028764961389220446,0.021365598595734663,0.051338482147828164,0,1000
1.2931240952679262,0.48357678588662556,0.14307231899729264,0.027788086084698987,0.02137068688295736,0.04733579354113105,0,1000
1.3079189188824272,0.5066135667989374,0.20017669933887972,0.028321076430582858,0.0220611266005731,0.05399360450153908,0,1000
1.3439243022716494,0.5113838603119051,0.1534588936799579,0.028989442873462813,0.02103341219384075,0.048182807294202885,0,1000
1.432812478256607,0.5019029459164713,0.12581891522355546,0.03087245808467168,0.021204925995044328,0.048610383987651204,0,1000
1.3890129899178418,0.5124745422888084,0.17216694116495193,0.03002835051618644,0.02140546265408769,0.050707505815317765,0,1000
1.2630350836597823,0.5110063148806115,0.122816826916302,0.027270425350760644,0.021513043073777376,0.05153602019440659,0,1000
1.3405173469464235,0.4883754135045966,0.12591670977087602,0.028872617696163037,0.021766496161890317,0.05248294158396815,0,1000
1.259977639328543,0.47575560230799413,0.14785596875018212,0.027117131439963384,0.021969743727001192,0.05228691672186872,0,1000
1.3634661023616745,0.5336399472982921,0.22513123776400165,0.029558970413464905,0.0211246691257308,0.04867584127711179,0,1000
1.4152692624199161,0.4881107794894621,0.214286215248939,0.030654847968939455,0.02288258771639964,0.059749988138208296,0,1000
1.3570854393497003,0.4959671187018112,0.1287581584147008,0.0292735882231066,0.021698366817219095,0.05361880929969917,0,1000
1.360110706834405,0.49243532417524255,0.10613523820510376,0.029332483686751315,0.022020717355891443,0.05557610805904758,0,1000
1.3146244332160175,0.4675203044569002,0.13960514792847856,0.0283733516841219,0.023155270927327696,0.061618914899921606,0,1000
1.3128758945168704,0.5064359952911418,0.14120687174054802,0.02836686030057297,0.021948180368504964,0.05344240889281529,0,1000
1.366927265879348,0.5088635939870507,0.15797600110770652,0.02946476571279045,0.020818624824874486,0.04691652117851702,0,1000
1.365468666413777,0.5183582214469346,0.12072461146676218,0.029469102081915905,0.020937365799643372,0.04831022754656722,0,1000
1.4240031563445523,0.46646040654021276,0.10135167936866127,0.030606972585748227,0.022240245187857603,0.05594444440572753,0,1000
1.3644590473842242,0.49925690385837607,0.1553905665603639,0.02949130051884356,0.022222404882607346,0.0551906404800061,0,1000
1.3829568485336086,0.5129487763520107,0.16355438016870527,0.02983092624025685,0.020868636907428306,0.046370637602101965,0,1000
1.3503928854828742,0.5044315779697113,0.1177506823486938,0.02912696430243464,0.02156125262891609,0.05185073276193976,0,1000
1.3583969154097484,0.5162845918614325,0.12042565187553819,0.029277854735524043,0.02055858492348184,0.04559763309277907,0,1000
1.3433057506727883,0.5329905332316217,0.17331483347921148,0.02908095082516215,0.020818406925258916,0.048133528201497,0,1000
1.326539282756484,0.4939727313518122,0.23403947332593597,0.028745799579373166,0.022790353118775163,0.05687257026419361,0,1000
1.373554184277879,0.5052148286462042,0.14961873356360028,0.0296151318857551,0.02127305705920286,0.048091889574010144,0,1000
1.3378238167001404,0.508403240299932,0.16887070948952623,0.028894341877876713,0.02130035513383858,0.049125623115262126,0,1000
1.3738442959977135,0.4495068225512468,0.11551177027242322,0.02950437151372312,0.022824297170235562,0.05724092439933103,0,1000
1.4116428222437656,0.49694565168449095,0.19770316160301377,0.030538768382387775,0.022317497083323323,0.05525389741677437,0,1000
1.3238801638886422,0.5365405016203295,0.2555258665073858,0.028748552014610643,0.02131144261196928,0.04882486016887331,0,1000
1.3231047268236398,0.5142133830374599,0.20681095037927602,0.028613822663410553,0.02113940273453347,0.04667435168706236,0,1000
1.3394386827385434,0.5327544988680519,0.18682427629362866,0.02903839458750909,0.021257035057953948,0.05121253118437103,0,1000
1.3792744501887477,0.46786572032664275,0.08587302231615009,0.029587460338864297,0.02171118731344071,0.051412587283901925,0,1000
1.3025642765265475,0.4789373475511397,0.09885769240243075,0.027968913043068318,0.021420886916555762,0.04886894734297088,0,1000
1.3591573580999186,0.48556323822533515,0.11148510596599394,0.02921667396579606,0.021345303506457854,0.049772991662056135,0,1000
1.3730542169524322,0.49575763667946293,0.18712826555488765,0.029660994649980055,0.021998236510235532,0.05210430995876541,0,1000
1.3652016763507175,0.5064935045563761,0.14882418911789536,0.029538678270939527,0.02215460655686175,0.05576121378314728,0,1000
1.366225127045196,0.4981728273829783,0.18682765657494668,0.02953434291847916,0.021863330650744202,0.05227037874708701,0,1000
1.3124595569332276,0.5165775883216298,0.22469368897296702,0.02846174266714153,0.021984490105043806,0.05373268912284504,0,1000
1.352545268952851,0.49912014461699467,0.11157350920092322,0.029107339466656886,0.02110488831317876,0.04819464495279843,0,1000
1.3972740930155314,0.4708141320697246,0.04560378357447389,0.029941795335758917,0.021363513280632806,0.051696607484883465,0,1000
1.3285323082604583,0.5076955706699358,0.17445345039115512,0.02867008168695585,0.021194867763799575,0.047640002719917356,0,1000
1.3236087382284847,0.4858879257708992,0.06216602498944046,0.028402863326108026,0.02114201222911733,0.049390732462952294,0,1000
1.3900340704056962,0.5031697118215627,0.11717497993984163,0.029967983368336948,0.021392441747583108,0.0504245667769366,0,1000
1.350168723142103,0.49872058208898357,0.15890009048907772,0.02910028904426958,0.021362448264618833,0.048190912304332735,0,1000
1.3797786351082835,0.4718490199948259,0.11566472057989391,0.029655782006355484,0.022029101983015612,0.05351140571055478,0,1000
1.342483744578301,0.508862172950195,0.29869433761479824,0.029159626408407687,0.022696774304283886,0.05271207377329543,0,1000
1.4050085679141384,0.5218141036367994,0.15799952640031611,0.030379927072001094,0.02109619008246687,0.049817074182615606,0,1000
1.3745281550830406,0.5182504973498997,0.1352064723677661,0.029617176819625182,0.020403064098077177,0.0439242623202749,0,1000
1.3315285124855682,0.527378926974581,0.1423547309626773,0.02877384710023657,0.020762020732555342,0.04686363807431366,0,1000
1.3743741019301146,0.48881318558160636,0.17494681654326,0.029668367931819564,0.022090272212765896,0.05340438846628521,0,1000
1.3603735392414542,0.4829006905411957,0.1355226723507903,0.029387676866355038,0.022223817240065835,0.055994093956705016,0,1000
1.4070036362428497,0.4744276788896742,0.1557071615960388,0.03029714089390638,0.022149894980439098,0.05301838333951852,0,1000
1.3258612212387344,0.5300667807578349,0.18663581191016262,0.02868867761271477,0.020839349448755925,0.047357008425225125,0,1000
1.292021946145995,0.5323849441523254,0.2603376912361769,0.02803666169957393,0.02133178191056604,0.04707031874246744,0,1000
1.3326933796030214,0.4569604972660373,0.08766963605122093,0.028598039319543522,0.02247620341987065,0.05656926089321712,0,1000
1.3407947190922818,0.5299670577976162,0.09530253927496914,0.028966737695063006,0.02070654795674993,0.047808161289506115,0,1000
1.3462106289726699,0.4834734343007899,0.17064482800448924,0.02907101494361893,0.02257576146863794,0.056631427997652396,0,1000
1.353386565154025,0.4829177154462184,0.10530899522304403,0.029097672214660752,0.021489531535355367,0.05141105202468839,0,1000
1.3470204714727827,0.4791465350667074,0.16548842351333173,0.029097976657456052,0.022867616244386154,0.05879010347752229,0,1000
1.325609667049455,0.4827638135180451,0.156170947857171,0.02858696931515242,0.02221151815145338,0.05487491088480859,0,1000
1.4210267108207169,0.46925909659469256,0.15618212072561863,0.030581978492164347,0.022406901151482445,0.05271564506255419,0,1000
1.3114767848050644,0.503091949671496,0.16885341352401212,0.02829904715698454,0.021475611430721235,0.04887928941202108,0,1000
1.3885984270155587,0.4708525805408781,0.17657333093878833,0.030040562566610893,0.02357426832086233,0.06285863693181665,0,1000
1.3557057120617453,0.47966317554401144,0.13130852292579506,0.02923620265434422,0.022584534920572157,0.05745539568279321,0,1000
1.3611946267603936,0.5003025505597495,0.0849986449293684,0.02925823647727182,0.0206747467687498,0.04757227712056225,0,1000
1.3645432900649723,0.4705952989172434,0.12883253871633107,0.029359422504799233,0.022293539528055833,0.05481561227961785,0,1000
1.3575619114026565,0.5195522478715011,0.13608674397199733,0.02932558054130455,0.020979209012023315,0.04923926156409087,0,1000
1.3529212710082905,0.5108535379061084,0.1994021524717649,0.02927524741505244,0.021613237391910737,0.05103563552962941,0,1000
1.319123831539499,0.4895363395191351,0.17488581753722063,0.028548312885590354,0.023056429572825447,0.06046874192196357,0,1000
1.389230828452908,0.5202560377986887,0.12578917772664447,0.029944505364097877,0.020213548060622883,0.042997344944381496,0,1000
1.3488147955215635,0.4833418376117254,0.13164153456119393,0.029027488369521896,0.02170564091128504,0.050367890084656856,0,1000
1.2940267630924187,0.48296198814263896,0.09282515351225734,0.02781422450351469,0.021386610684609203,0.050244761402510614,0,1000
1.325372358439871,0.4831763912681443,0.2216893250494805,0.028657498376180316,0.022615355059267667,0.054699943695000204,0,1000
1.4288788091905529,0.5061676669603078,0.15396130248484266,0.030788813678278015,0.02121778557964477,0.04917013009857459,0,1000
1.3814701207455649,0.4945968599843948,0.15355082573099815,0.029816753013850308,0.02178066824897815,0.05212842064065846,0,1000
1.309666247136878,0.5010980718827718,0.04504604013480642,0.028127943405577876,0.020664666173288104,0.046750235674828215,0,1000
1.3542696005449106,0.5217686828434857,0.12441867264882228,0.029350038653869148,0.021878480076352947,0.05568566993155747,0,1000
1.3113963327028275,0.5610375967912863,0.26828577871137815,0.028563655642431567,0.02105839803500799,0.04969113834392467,0,1000
1.36559956077931,0.5355043185462789,0.1905766003948561,0.029592921475696355,0.02098553338950863,0.049156688325515126,0,1000
1.3191159581342946,0.5307685819783994,0.19040703817786953,0.028567998026506662,0.021038916259971948,0.04876275309911515,0,1000
1.3575538663152593,0.48088181943546804,0.18536732072004242,0.029344626309221016,0.022820456670011,0.05846089385755139,0,1000
1.343962678558109,0.4900474925125019,0.12470864229401143,0.02899682453924327,0.022160477935525953,0.05537722233837419,0,1000
1.4010003288177233,0.5073914666023804,0.21524465028859277,0.030326387270324807,0.021981785738443272,0.05202963936720897,0,1000
1.379420055606807,0.4824230221569595,0.1301485716540259,0.02967324965619893,0.02166375738714622,0.05042781324242608,0,1000
1.3265691220931461,0.5106470762253441,0.15291286356761258,0.028616495303039502,0.020850438186272167,0.04658415411705317,0,1000
1.4116797438142548,0.4833649064904347,0.22780314750657304,0.030551442605695527,0.02280466261869247,0.055438443250339246,0,1000
1.463843395558826,0.48586568730162977,0.23547970295394974,0.031685172567406675,0.022811585513477988,0.05547116086278429,0,1000
1.3297106564232024,0.504143673771518,0.08435654049214603,0.028608902276045834,0.02085704556603816,0.04775656414260249,0,1000
1.4279759213879262,0.5113376801576183,0.13139953126067175,0.03077389442621412,0.020796212501595964,0.0465422148138261,0,1000
1.2864858968792587,0.5151874267725791,0.17386677839566098,0.02779278348842806,0.021159875265477635,0.047213888233240534,0,1000
1.3984664673766223,0.5144026561899855,0.17797917813102096,0.030264908067241872,0.021839686903585315,0.05274006490433467,0,1000
1.3841243588572543,0.4971668864136233,0.09309108481267941,0.02968753639085663,0.020333547482223453,0.04322253295880703,0,1000
1.3719119038946528,0.5020699308464479,0.190367807306146,0.0296165283365042,0.02142262349289971,0.048774043555897754,0,1000
1.3881000578111986,0.5129546695186475,0.14194816932986581,0.030024007244700987,0.021813990363158092,0.053964238995480196,0,1000
1.3987511045346441,0.49392726550519894,0.21922165578382932,0.030303929067616652,0.022787735957893747,0.05766352396087224,0,1000
1.3353379397015896,0.5157725341034047,0.06958054411827887,0.02869095384451091,0.019937947048124065,0.042503678225336815,0,1000
1.3016475272839967,0.48760651434619817,0.16491338983614462,0.02818530958782581,0.023247199911753454,0.06223566538662092,0,1000
1.2542277568735696,0.49863908154579484,0.1525471438489,0.02706306161123149,0.021621881695051384,0.050767594236854695,0,1000
1.3574786691941245,0.4881973010062264,0.17127602052353486,0.029280049128493715,0.02197168409424777,0.05229287410916994,0,1000
1.1984141304194411,0.5225963153286177,0.15919126930376987,0.02587995654700076,0.020716257220822903,0.04626702423337336,0,1000
1.3161137879672864,0.49012913316360024,0.11702140783766324,0.028355410439485678,0.02190328282664929,0.05269880867932103,0,1000
1.3177248198233742,0.5157961449933568,0.22020159615907162,0.02855275330724775,0.021805547547152547,0.05286489368773542,0,1000
1.327758196817447,0.5236497816442942,0.1552623215910746,0.028647727764192603,0.020384309332137408,0.04387706993268706,0,1000
1.260877821137875,0.5015681354226537,0.2104863997015189,0.02732446296778989,0.022506081758433834,0.05638403887497858,0,1000
1.38581974396904,0.5251224927355262,0.19171305819138557,0.029947486096520263,0.02050972510506315,0.045225939503269814,0,1000
1.3423057932173625,0.4752056837383975,0.1110331047695366,0.028845876587048375,0.02177793962364276,0.05108952051382781,0,1000
1.329334344346876,0.49170176994557385,0.15257002847818554,0.02861059752316764,0.021296594733672996,0.04618908454463481,0,1000
1.3411666728412106,0.49440174939599046,0.19581238076577206,0.028975066176208177,0.021972427756871468,0.05253855557190774,0,1000
1.3950031401263792,0.49009475615435255,0.16558413911223005,0.030137312215952044,0.022392346664592225,0.05604546068511275,0,1000
1.3629111563955703,0.4739361963625603,0.07612866198886042,0.02929069685740675,0.022145853431792335,0.05523587275675802,0,1000
1.3490229681144765,0.49123017349305415,0.1288974707989466,0.029039257048099204,0.021629808855639573,0.05049926104364912,0,1000
1.2979824978299825,0.5254116402789996,0.21258658057691013,0.028151995443619376,0.021680678275079468,0.05066473240590448,0,1000
1.3379533056128492,0.4904240081819539,0.13527390982280396,0.02877161777300558,0.0212829380390779,0.04681587424011967,0,1000
1.4028564161841608,0.5305137551114091,0.2156638065292936,0.03036629893241868,0.02067315891100456,0.04468893665945786,0,1000
1.4228498960217648,0.5093568001410769,0.17133878056195848,0.030781582277960094,0.02180865571745664,0.053629398257982304,0,1000
1.3032170303642148,0.493267209319833,0.17750629082160307,0.028131999232555906,0.02187053712494362,0.05208126577602128,0,1000
1.355760478882223,0.5043157061615559,0.19264224197643226,0.02927696208961593,0.021451349516950935,0.048649039559709166,0,1000
1.3814357690919787,0.5053111748547061,0.14573544338328995,0.029809365656323434,0.021569476340177536,0.05114980740886413,0,1000
1.3742926627232281,0.4718687508670497,0.09010417310912042,0.02948146560592976,0.02154591934932888,0.05070006153989642,0,1000
1.35951742695379,0.508535376186772,0.18101055024346702,0.029344365000443705,0.021301105419164353,0.04797562285054309,0,1000
1.341481131477044,0.4964160623710082,0.1902796882226387,0.02900369616563454,0.02210009787197941,0.05280051810898756,0,1000
1.3677745119799558,0.49586541907322707,0.17930969234893632,0.029513016976011074,0.021770233710434923,0.05036426086010699,0,1000
1.391642005577265,0.481242879042329,0.19623993857381614,0.030091799587353422,0.02290679956776267,0.0580222572543567,0,1000
1.2989090180029506,0.512402815297428,0.13470734511290025,0.028052473462043717,0.02112239175070569,0.05005176669168227,0,1000
1.3522243668999203,0.48725905501714223,0.15873694082469061,0.02911545749300828,0.02159245244576453,0.04893427941236855,0,1000
1.3557113640528018,0.4910924024793469,0.16889022148673483,0.029350952762498946,0.02284950698112817,0.06028108063398733,0,1000
1.3829989922933252,0.5031525221121657,0.1352757332197491,0.029775762757263423,0.020788338133285716,0.04528424122140457,0,1000
1.335336972080516,0.4929109658877704,0.024751404642583533,0.028608290442808472,0.0204752701309969,0.04523007965817382,0,1000
1.3640169323170273,0.48234845621841754,0.11248354168279309,0.029306908916931537,0.02134561211262122,0.049524831246441546,0,1000
1.3591584158399332,0.5027915448724036,0.21864267614835559,0.029418146011893,0.021947719948936958,0.05212904908959315,0,1000
1.3489744380481776,0.5119152081206473,0.13774016968158942,0.029079072486650676,0.020798510829257797,0.04541105107088661,0,1000
1.4140232748828914,0.5089294145705511,0.1184821340384065,0.030474835774486352,0.02081493144223974,0.0475427334886186,0,1000
1.3559403784633242,0.49919670887019,0.16790047774044597,0.02927598118078879,0.021780245636435505,0.051603732507749044,0,1000
1.3669906388489796,0.4840676243365567,0.1896445488758033,0.029583219778646926,0.022865528881844146,0.059976932035960516,0,1000
1.3461238956124324,0.49221762589448775,0.030854399996474435,0.02881672600813439,0.020366306853404965,0.04402350628752511,0,1000
1.4248905420693552,0.4921098366472488,0.10355929287919022,0.03065522568956601,0.02135542988874877,0.050140597340813685,0,1000
1.3824768979407256,0.4633513851866531,0.20020663947723794,0.029771384117654794,0.022521029536422786,0.05301782270701981,0,1000
1.3259088183258583,0.47088815539505,0.12624421249014645,0.028543617209770143,0.022468958373350886,0.055690922476169094,0,1000
1.3193525758858191,0.522992588865497,0.14317962503542278,0.028487967299497548,0.02075028191468976,0.04655569751128754,0,1000
1.356860481827576,0.5011299534179869,0.29247075221713115,0.029555379584114718,0.02358936606919585,0.06380899018434037,0,1000
1.3039199780079394,0.5099556188027344,0.15469384581866344,0.028149334743376147,0.0213008143677257,0.049451903049726464,0,1000
1.3640755482056253,0.45089130429598984,1.5769101398857095e-6,0.02873175884733102,0.01713242430785421,3.2768489270263324e-4,0,1000
1.4030681147352149,0.47972323198527844,0.26915467454882985,0.030473268195942482,0.02409342797543367,0.06539437691796847,0,1000
1.3608074824968577,0.5265970206596695,0.21423878992392562,0.029570301071453198,0.02226088695672193,0.05688931171202733,0,1000
1.334615095135856,0.4844695995717825,0.11303334200664171,0.028699190177848503,0.021439491421513742,0.05022322410790889,0,1000
1.3677543455076995,0.5442957196677194,0.27412651898325674,0.029718596259719985,0.021013205287017302,0.04671663621929909,0,1000
1.3107790489291786,0.5206222196052841,0.09369865848342003,0.028228272151379522,0.02021479804116401,0.044181168064128674,0,1000
1.4031553797802352,0.5405138531960574,0.11814361152989271,0.030324753512126733,0.020368511586294828,0.04558181921903088,0,1000
1.337951337394981,0.4814902490801692,0.1332243787235632,0.02880686306657022,0.021980562622417273,0.05247478992916763,0,1000
1.317581763810753,0.4936042403891453,0.22360597499532367,0.02847874069577382,0.021908428188941512,0.05079308105549723,0,1000
1.4342590508434234,0.47880649750366705,0.23138283851483724,0.031013302731624524,0.022973714064570702,0.05638196949689509,0,1000
1.3438368153641305,0.4842998938001786,0.12066570427711347,0.028969771682625108,0.022464445046506035,0.0562319054505119,0,1000
1.4667137822276208,0.4874121739219226,0.1556581648510155,0.03155793975844663,0.021558686861442147,0.04825292006910328,0,1000
1.4231048237735624,0.4905361220236669,0.20213158454093022,0.03069094055551452,0.0216833408430706,0.04803090107851729,0,1000
1.4068649770936228,0.48287173103584896,0.17999724841662024,0.030346370732418762,0.02202605886241985,0.052519230784889015,0,1000
1.3808084765061341,0.4769666957282123,0.12049849882683056,0.029715097721679674,0.022112954093121855,0.05299631771207237,0,1000
1.3529758343694598,0.4655703413381681,0.1244639515881009,0.029050183715411362,0.021992432742642818,0.05147521114937797,0,1000
1.365600014883499,0.4584271400620769,0.06101259462510068,0.029298512421089246,0.02221048607385891,0.055772450664858336,0,1000
1.3685489019831591,0.49179118114322673,0.12088216555571302,0.02949227148778819,0.021649966435473306,0.05249433581620457,0,1000
1.4325320029736195,0.5037953967667143,0.16258628273195191,0.03087606266405459,0.021132725482274586,0.04680600230466178,0,1000
1.347916921581774,0.5171334980833221,0.20663616254958034,0.029221103564779433,0.021912397055710128,0.05324927209536647,0,1000
1.3801493890078487,0.49077005353024594,0.1650572956472979,0.029771981116491306,0.021880164638735693,0.05202297524479974,0,1000
1.3434529087174973,0.49880346345248083,0.13266063551736015,0.02899142624687293,0.021717755531966434,0.05263474759970254,0,1000
1.352993506967729,0.5080605963657178,0.1722661130844968,0.029320994941886242,0.02241575679518326,0.058720672473319926,0,1000
1.3405174142911922,0.5029972887239518,0.15528079305065812,0.028900514231888403,0.02124072647328974,0.047520006104456856,0,1000
1.350383583100327,0.5094231032789005,0.14893143402651665,0.029134211767090815,0.021289570065188945,0.04942642307076063,0,1000
1.3820791985508287,0.49472872534926476,0.128648100898842,0.029743775476469666,0.02121592021434849,0.04752771700088167,0,1000
1.3651101429263781,0.4931559287404567,0.1390288407164304,0.029523973286950056,0.022655601663531706,0.05927647809707913,0,1000
1.3079190590267096,0.5117737879017269,0.16593430383506755,0.028214383424433206,0.020865759216778038,0.04615712766564298,0,1000
1.401317742567889,0.4845557307230102,0.1606034135457414,0.030194242681966424,0.02197892576838625,0.05075890375120635,0,1000
1.4064398808415985,0.5220478085182657,0.14706020898169336,0.03034397065431564,0.020473924694896572,0.0448493629716139,0,1000
1.3880272800093005,0.4800744566445235,0.1687336306044142,0.02996620931051933,0.02270963749834881,0.056785323919980445,0,1000
1.3303825321757656,0.4897315053072898,0.07255374071862519,0.028523052323592445,0.02064115004207287,0.04492087613315472,0,1000
1.3929143509754938,0.5167423119062877,0.17062046063867917,0.03007696102060163,0.02083611682534314,0.046638444069229984,0,1000
1.371230316093205,0.48923632973897,0.20784645717138583,0.02965728034587545,0.022608230956190484,0.05631439576337355,0,1000
1.3406991746387071,0.5191616186052287,0.20888479807914734,0.029038179748927424,0.021540894956386954,0.05081885887932398,0,1000
1.327745396402802,0.5144804888884871,0.21391443410372765,0.028752286317854522,0.021716029399161205,0.05110988374660751,0,1000
1.3686422501243463,0.4833647133593046,0.07557507251268042,0.02940768981107983,0.021573095684406997,0.05135360644626336,0,1000
1.392032430341213,0.5111330567905378,0.13553173881583996,0.030068670528549852,0.021453760509028467,0.05192824725181829,0,1000
1.3286243471033594,0.4972264454037791,0.09644834989844532,0.028577203546132066,0.02092703869285703,0.04730944039493112,0,1000
1.3807783541663858,0.4868364629608869,0.10635244588294271,0.029684101102994014,0.021344321381455797,0.04939846877687139,0,1000
1.3345411725973777,0.49059625360104264,0.1223450837241909,0.02871505292028822,0.02136262885848844,0.04962745835972413,0,1000
1.3200552588515082,0.4960616275658142,0.16933516362793632,0.028514713789084444,0.02211078934539892,0.053693297545505156,0,1000
1.3784995985463995,0.4920175839515635,0.12663881659042492,0.02965988004034621,0.021376758431755762,0.049054403369209396,0,1000
1.4062687183808567,0.5136331350784727,0.2044832246668015,0.030421519337277592,0.021290586627578663,0.04777782214920318,0,1000
1.3389484392219972,0.5436764309465951,0.22630727274788381,0.029091945945148773,0.021165308860762493,0.0501174777340434,0,1000
1.3460193554941555,0.500905081245319,0.07388039487094793,0.02894987153140725,0.021154211685406387,0.04889323455354592,0,1000
1.3445761418438527,0.48603824764540465,0.07142840537674894,0.028876751870995136,0.021151844225545367,0.050011340159359076,0,1000
1.311015675394985,0.5300637476188789,0.20678826384256196,0.0283999953572328,0.02105009426616592,0.04795057228126939,0,1000
1.3655428652397892,0.4787701335029771,0.1624752310013132,0.02940672764788535,0.022051097047784626,0.0510816205920877,0,1000
1.3558676013757218,0.4859862818954517,0.1082762739365941,0.029147630725341524,0.021282323514234383,0.048965429930240646,0,1000
1.352681799437963,0.5131240488348692,0.163834085734926,0.02917104367252623,0.020794117880243157,0.04378481694141244,0,1000
1.3235009947881187,0.47238589895173594,0.10161156092597802,0.028418284454650913,0.02159741660199695,0.05108588108782537,0,1000
1.4316171400264894,0.52549746045545,0.23383568822065365,0.03105702069639081,0.021802347364343146,0.051851924311075444,0,1000
1.3539181365948698,0.47720746443295764,0.20630665698326262,0.029214494667985397,0.022508215060075835,0.05366085176930206,0,1000
1.2656114598365957,0.5383131376352167,0.12235999260155742,0.027298349146178773,0.019681826534063175,0.040272927486192045,0,1000
1.3012255241410835,0.519644996991272,0.13384142791786732,0.028087096721266948,0.020803598422614908,0.048051917803320014,0,1000
1.3496611742702374,0.49009126400628344,0.12417946106383859,0.0290479757966913,0.021484239364988132,0.04978582732183472,0,1000
1.3866210670687416,0.4829520966488,0.12151335851226452,0.02981653866160281,0.021556024526488853,0.049019200668799556,0,1000
1.2976189875085358,0.5356385654110035,0.17677473130135354,0.02805425850345593,0.020447438145775845,0.04446138954049054,0,1000
1.3235267397802495,0.48038480437729164,0.134138879670151,0.02856574377858497,0.022810279529461654,0.058906253034719774,0,1000
1.3444182030037952,0.49083370238518814,0.22461344045388684,0.0290454535120743,0.022182191257230324,0.05084751304011113,0,1000
1.3697615577114914,0.4973738322452967,0.1375104340812381,0.02951301901508707,0.021301139048277476,0.04980795762584763,0,1000
1.3691823688419602,0.5194868873375925,0.18699102367676845,0.029600562900249067,0.021058551993925097,0.047678640766629345,0,1000
1.3546410468013432,0.5153421401392839,0.1421750700300404,0.029296521260345237,0.021673055264858992,0.05339706930273422,0,1000
1.411996039839257,0.4928257377465062,0.12482645606329192,0.030397238986797855,0.021385788294870402,0.049905123108349506,0,1000
1.3011735043169013,0.4712433172748446,0.13110484109910922,0.027975145575558354,0.021929521484709148,0.052243526938947515,0,1000
1.2972834458791414,0.4863160200464537,0.19378765018422942,0.028027046300348236,0.02248854725863243,0.055520417279387335,0,1000
1.3374259053692936,0.495333675405488,0.17065915699772832,0.028858190437462804,0.021769655467698917,0.05102335314750515,0,1000
1.3346413527503527,0.5314209681253182,0.17188321605111173,0.028871944955956606,0.020748723507638074,0.047102041314009115,0,1000
1.3961382883070164,0.49799934438350246,0.14326018978571972,0.030092713835884022,0.021418595726374872,0.05034962467617216,0,1000
1.3382214510383093,0.5074387564362232,0.19839489775115646,0.02898756680514186,0.022179208004067995,0.05477149144736801,0,1000
1.3261697462311766,0.4744702243908638,0.06339761610772586,0.02838354010070236,0.020794673719068853,0.0452154748182664,0,1000
1.41669742901663,0.4928976066943407,0.16937110413089063,0.03054434385892726,0.0215768290278828,0.04901268834607331,0,1000
1.3548424730761939,0.5033230840955136,0.10963038127692777,0.029196320092254098,0.021190227544342063,0.05056744748097998,0,1000
1.3025440002240127,0.4867638895557197,0.04837033345063109,0.027967790581608056,0.021280349862944456,0.05029214658577163,0,1000
1.3742259815397757,0.49435823512870536,0.12413571657747303,0.029596585040422254,0.02148360494361534,0.050441659651286136,0,1000
1.3891836999750544,0.4590051042679977,0.09901864956485881,0.02980022797738172,0.021870043950985275,0.052536352774254086,0,1000
1.3941817883098706,0.5212344049226733,0.24954850773340587,0.03026213304185964,0.021788790424476057,0.05150046483424818,0,1000
1.3094755253607606,0.5056142960375581,0.1585400024435013,0.0283091433970551,0.022075339907664526,0.05445354249523797,0,1000
1.4683085024925087,0.48475125915254785,0.20803958098877387,0.03170354955166302,0.022276686611986236,0.052361105306423454,0,1000
1.3874794772857066,0.5002144992113396,0.14671932571625906,0.029914037842386835,0.021581472767268246,0.04991986416483633,0,1000
1.3080267001122554,0.543505723113288,0.2999673283512324,0.028494249681849323,0.02156128278749095,0.051435991541923534,0,1000
1.3301792142253306,0.48843117533728136,0.17271180993323787,0.02875316509477212,0.02251516785958748,0.05741528711476319,0,1000
1.3923941336723735,0.5119332938838873,0.20150173885731865,0.030138162075856845,0.02176241743297065,0.05153609331676995,0,1000
1.35734018306828,0.491481579606996,0.29753555339617577,0.029546430708397887,0.023860597337091064,0.06359442069206798,0,1000
1.3336992503991705,0.5214095402473053,0.15697625128533074,0.028852419839075327,0.02121086383734827,0.05029345174607015,0,1000
1.3963572899416625,0.516371185774658,0.147600809210063,0.030152929521811277,0.02099748566284001,0.048350447728314865,0,1000
1.3469411663613908,0.451042403186679,0.026001299332985447,0.02879190121128719,0.02182276152054381,0.0528746896806073,0,1000
1.3406598346034253,0.4966309268617037,0.17664383680745896,0.02889670480990488,0.021358843097681345,0.046387145444534046,0,1000
1.394352052348722,0.5102567680874557,0.1528472780038329,0.030059612389627264,0.02073852293946053,0.04537077485314637,0,1000
1.333342987914055,0.5388930788248402,0.1722076420586097,0.02885723687125639,0.02032773889632845,0.0452192466724796,0,1000
1.3244345605552612,0.519563205079529,0.17599115580890978,0.028610417386967547,0.020943674055896064,0.046464715959536225,0,1000
1.363774145282039,0.5422553249878602,0.2602722688392179,0.02964327379047466,0.021139738810565026,0.048081866226097274,0,1000
1.358458407256687,0.5106652393154975,0.1402411525724628,0.029301649632085754,0.020884194531349272,0.047971158206016634,0,1000
1.3523934432261255,0.4944201788330409,0.18457916099289834,0.02916454343007494,0.02151547352029904,0.04757979804784491,0,1000
1.3639114740746863,0.4813933777769259,0.15905007010963088,0.029369377480907944,0.021834328490107132,0.05076681768955083,0,1000
1.3669218794551488,0.5126399330816941,0.13093217450290903,0.029482527314009462,0.020972392315045798,0.048402389987913144,0,1000
1.3094096509206707,0.510589896120804,0.22692597387339433,0.02836461389050306,0.021988570970313585,0.05009445784203377,0,1000
1.352517182015339,0.4813922532880931,0.19446455333443494,0.029229318188717,0.022762043152482456,0.05769053191390264,0,1000
1.3255435854346829,0.5127724180955886,0.19085016501423505,0.028647972812525225,0.021350599234688822,0.04829768058474198,0,1000
1.3554500005642822,0.5056416892726969,0.11154455974906567,0.02919623656299389,0.021086733446968698,0.049199640187870194,0,1000
1.3308698587839984,0.48346544303235534,0.2504442255519892,0.02879303294103303,0.02277232902485725,0.0541517158519251,0,1000
1.3122555574900756,0.49693734559226055,0.20507312009515316,0.028354181221851137,0.021779104420705207,0.04967340779972166,0,1000
1.327711157508236,0.48975190120352147,0.07012656423973605,0.02851830786145164,0.021052715524589552,0.04879939444297329,0,1000
1.3719923511597527,0.5178418586174719,0.13272178386913638,0.029607674547045586,0.020908679716761122,0.047916057742521966,0,1000
1.2847332660916664,0.5277827353623206,0.15323129845793673,0.027762645913942438,0.02092200689568743,0.04719038687232918,0,1000
1.356500611415969,0.5032121647022204,0.1098842459138308,0.029212656135761142,0.0208205861648469,0.047858347185389775,0,1000
1.426884751000573,0.4869722583484932,0.14293211699386002,0.030792208058494766,0.022298426700643574,0.05565033970169237,0,1000
1.3395543416186506,0.49312516021512853,0.08704497759084252,0.028763418222816358,0.020910134509076084,0.045861897861227074,0,1000
1.3398468539832649,0.49449484458931203,0.13108576433792438,0.028804634893406563,0.02076207533183559,0.04419991808187331,0,1000
1.4169871274643386,0.44706463342671476,0.051414077758418934,0.030251735552673405,0.021407750054015174,0.04898425908761293,0,1000
1.3407153276733117,0.4879918886823861,0.26597293697287966,0.029111867427543393,0.02343967492390008,0.06170598438650729,0,1000
1.335250690419622,0.5259029103091045,0.16341833197589684,0.02883348042319367,0.02051387527067529,0.04509424595490765,0,1000
1.3509263142999495,0.5163353200372182,0.19319176918778938,0.029242950026577418,0.021392635056165583,0.05008439273170076,0,1000
1.3088328094824753,0.4992602253794243,0.1348154735733398,0.02822405138821474,0.021551956175522344,0.051163286658234566,0,1000
1.345720237020821,0.48165917102163947,0.13061474234029047,0.029002273260593826,0.022153583086958212,0.05420119349786228,0,1000
1.366727495590099,0.4868200953337847,0.13327312362937607,0.02940088217002056,0.02143415750528926,0.04874573912903422,0,1000
1.360228099261321,0.48727447755093894,0.16617560300401343,0.029347623987730075,0.022196964915110095,0.053917152231290635,0,1000
1.3788785824117062,0.5175168444744781,0.16177102735420112,0.02983791208954501,0.021703428398622354,0.052893245513377325,0,1000
1.3615702860866825,0.5050426436255259,0.14419285947040517,0.029349374628980587,0.021225012965938914,0.047888843421740004,0,1000
1.3343176725141757,0.5158827359537814,0.30758300926204835,0.02904326138219697,0.02260114760134684,0.054807505300970984,0,1000
1.3573894555710677,0.4846327900683339,0.1939635654245364,0.029241639345218118,0.0215570401644225,0.04678273684355387,0,1000
1.4621593498279908,0.4586579888573491,0.11445700751535962,0.03144773067648283,0.022651709548824256,0.05859585051836627,0,1000
1.358692270760164,0.55431859443921,0.2197800435114325,0.02950131103803951,0.0204840771909345,0.04708495249373822,0,1000
1.351583572868747,0.4806422098367876,0.18800066205614707,0.02916802746819247,0.02219687678964217,0.05301438763058698,0,1000
1.359961642756417,0.45982280278132265,0.11651212313493742,0.029331067951852904,0.023405473299836287,0.06330507563974175,0,1000
1.4180626553408338,0.5318355440466833,0.15506870811970566,0.03064995085848842,0.020410924798222742,0.04578145581630206,0,1000
1.3567548187366207,0.5182034113777747,0.13819441255332912,0.02924218449696997,0.020627983452525304,0.04527221977142588,0,1000
1.3585718367204351,0.49189975381050854,0.07793384088112762,0.029181430682358765,0.0211323439917787,0.048884116366711,0,1000
1.34340306902632,0.5127284679507607,0.08829334603123032,0.02886998338811147,0.019999093904743494,0.04190511877229094,0,1000
1.2841996914767533,0.5000597006732717,0.11398333955532679,0.027642935764323022,0.021007236510463184,0.04821373986252066,0,1000
1.3465973837517025,0.487719114030139,0.24003128410364813,0.02911433425634729,0.022428104135731996,0.051904287099167695,0,1000
1.4058421678231072,0.547530324047173,0.1913030361221748,0.030465509189348122,0.020451846559661882,0.04579917783592454,0,1000
1.4398338489939917,0.5107668200633351,0.19036585506875348,0.031165615395536403,0.021919953139107985,0.052923619182141564,0,1000
1.2991504377215362,0.4853801449814925,0.20398343376343375,0.028066985159798385,0.022536268733900307,0.05482023173145472,0,1000
1.4062473362528618,0.5173426449623051,0.2088339143691631,0.030426810404479174,0.021179543789235172,0.04824666200210673,0,1000
1.394429493946849,0.4830733697562464,0.14183581776885032,0.030038218043343702,0.021970053214279493,0.05274997046105524,0,1000
1.4128086931524726,0.51452713499624,0.19867753958756032,0.0306208267512564,0.022171156605275286,0.05591523259209942,0,1000
1.3707078443268588,0.498248710610505,0.14763053458818257,0.029621841987929942,0.02215184878313452,0.05614700327236616,0,1000
1.3434088529803296,0.500364013477186,0.11170120562848088,0.028900803214502207,0.020854157570028238,0.04720870017325444,0,1000
1.3511254304396265,0.49358998038839685,0.13640746500043355,0.029089784437147423,0.021245138360421478,0.04860307360836597,0,1000
1.3952724465279953,0.47868033208082283,0.24457712291288083,0.03022862615496819,0.023386917570797028,0.059240267912057526,0,1000
1.2944081065713118,0.5031808847819533,0.2083769611683335,0.02804004725370044,0.022355076206559642,0.05551270763001524,0,1000
1.3030645285358982,0.500792545880934,0.15325655791145307,0.02812533150668494,0.021651741356132355,0.05076604336354832,0,1000
1.31356127815626,0.4842448815761891,0.1391927773408028,0.028245243505744127,0.02141038079994112,0.04808679352156833,0,1000
1.3603484157617813,0.5009649391906981,0.08897095417865418,0.029222116898477934,0.020447721989000463,0.044236957562506216,0,1000
1.3751102848333585,0.49294433633345675,0.12910906970387984,0.029658156228387942,0.0218890765876402,0.0539801572792755,0,1000
1.3204257680212708,0.5350608450673956,0.24582469612071953,0.02865172606212963,0.021119175667184922,0.047658553756395786,0,1000
1.3992652744610523,0.4887771082201735,0.18104999985921275,0.030183536420442976,0.02192524820606863,0.050514980975508286,0,1000
1.295119237909498,0.4844716647716084,0.06152009662341354,0.027778955902553245,0.020988971463520016,0.0476063016057767,0,1000
1.316721381466258,0.5032906104025701,0.2245834867342494,0.02847959763378162,0.021805955725901802,0.04978030039637132,0,1000
1.342820839113288,0.4937791337712375,0.09910942637170872,0.028840876391256785,0.020679499673263074,0.045332647204879686,0,1000
1.3561294910370987,0.4938176880779681,0.19843419394749548,0.029321608741948085,0.02242108291383392,0.0532387885059125,0,1000
1.3507113708178362,0.5121045559375376,0.09262219866413589,0.02906004854680194,0.020372433932301436,0.04503696401365291,0,1000
1.3203373540899352,0.5116837103143427,0.23497047000765964,0.02860526107723174,0.02175672095450046,0.05093318536783921,0,1000
1.3010927018073406,0.49191180155384995,0.11820724669608658,0.02796137895622358,0.021002945145577198,0.045366208231883594,0,1000
1.3526020524004987,0.5036083087478074,0.16296119868965364,0.029191905486840204,0.021306312041599794,0.04922240740300547,0,1000
1.4213673541171652,0.4881624687135616,0.1320854482084492,0.03065984231608098,0.022234302592838904,0.05581409140779897,0,1000
1.3422311850941482,0.5251313156566112,0.2090259058179153,0.02909730593951996,0.02157430476100495,0.05160926475443196,0,1000
1.3641408757750417,0.496660687057729,0.2559669239991554,0.029573044796681318,0.022498416659638972,0.05503295817454777,0,1000
1.3829728031340986,0.5133591308140754,0.16326820610563053,0.029893505622117303,0.02148307263539831,0.05010922131521211,0,1000
1.4271133430572254,0.49928679234365747,0.2212349454838686,0.030871336507045273,0.022210577415999876,0.052517707459234016,0,1000
1.2689406968474921,0.49883111891110604,0.27077342700223617,0.0275791608147672,0.023261103607059835,0.06034593580798707,0,1000
1.380690910441321,0.4884423642169585,0.15049313146085203,0.029815197830597957,0.022500626076417004,0.05739630849437113,0,1000
1.3625472483378729,0.4852859791712406,0.12138521996293662,0.029328581500484098,0.021742540185264374,0.05225043166230311,0,1000
1.309786216200614,0.49337718102476646,0.1296165598369841,0.02822783250693014,0.02163180608392299,0.05192137933005936,0,1000
1.347548543272158,0.5021879178488721,0.18564458304549786,0.029068783941798185,0.021398046231099,0.047675308512231396,0,1000
1.2729850395358802,0.48810852312171576,0.1124265561921108,0.027336744945122324,0.021067046473131845,0.046709272356588866,0,1000
1.373601159643917,0.4906538640859927,0.13862337053463583,0.029559473015617985,0.021242839914931623,0.049109102532960885,0,1000
1.3867154025917776,0.5313726353122933,0.19621781791395349,0.030041045484799068,0.020989648161674687,0.048685889650941505,0,1000
1.3800152157487353,0.4812222840037422,0.13879751018393635,0.02966632047736664,0.021621435183133378,0.04912694060781219,0,1000
1.337418071707837,0.4887988132177599,0.13957024781034447,0.028898715998366905,0.022683148189503358,0.058356069436044586,0,1000
1.4185128669415654,0.48980094960264925,0.1972440309682384,0.030565077898939252,0.021422320027511838,0.04595346031840561,0,1000
1.3687016104708112,0.48628508921213714,0.1168992202063726,0.029434913534157725,0.021565218128060733,0.04917309736350274,0,1000
1.3284347241119288,0.5067802323944322,0.23637081953200897,0.028772999582049014,0.02200585016875317,0.05165615893343685,0,1000
1.3365393475629284,0.5273045562320888,0.16746602029051072,0.02890863489974082,0.020937606618070807,0.04725932572334552,0,1000
1.3900020567277591,0.48756701260837165,0.1354232101234994,0.03001203388489095,0.022373484378826004,0.057570328174333066,0,1000
1.3672275979800563,0.5016959362956311,0.1506589006778083,0.029503564602080617,0.021500806507058087,0.05132131887240492,0,1000
1.4015053802269337,0.5083792488934997,0.1650370119630849,0.03026326783864425,0.021248346135697864,0.04875073429358899,0,1000
1.3277746699871789,0.4796086079805563,0.10812245139424756,0.028601858687313467,0.02230727446640219,0.05580458956059874,0,1000
1.291111967219592,0.47709218346016435,0.09252408537192078,0.02771107671910108,0.021552123219490342,0.049750465111121085,0,1000
1.3312759928104374,0.46699315595536295,0.11618570212333644,0.028611762266709032,0.022134351949202394,0.05316541397809637,0,1000
1.3448280602735938,0.5089261749213921,0.13650596569551146,0.029070459917128005,0.021893983406445296,0.0544657883131003,0,1000
1.339102778084557,0.5069835583787146,0.1854106272848504,0.02899847458776924,0.02226194260968446,0.05576355954056101,0,1000
1.376623691878829,0.5187572849488913,0.19242196776727175,0.029783726175010763,0.021435105679343147,0.05010769580596705,0,1000
1.3647784415065367,0.470975642444136,0.174782877826665,0.029415416706343938,0.02256483463163245,0.05507045564036566,0,1000
1.3873844234306274,0.49740557917014905,0.12173803594036016,0.02988159099985462,0.0213739312784446,0.050830966579329624,0,1000
1.3352324611971005,0.5104689640611497,0.15954266466067535,0.02882561136323591,0.021279107735248715,0.04742367332300719,0,1000
1.3275751146525743,0.5219953361647042,0.22937925231046785,0.02875470113716494,0.02129691790398185,0.04784003925557301,0,1000
1.3811177784846926,0.514007305352893,0.13119214005316288,0.029755248850697514,0.020466744324561796,0.04459568133464155,0,1000
1.3295273020434517,0.5087866082638117,0.14619893634441072,0.028673620838575446,0.020919638191711654,0.04736166296218736,0,1000
1.3687976377359063,0.5153043845720168,0.16528112726172806,0.029604816259535132,0.021497598230316658,0.05080205261583468,0,1000
1.3977634361189393,0.5111198336050811,0.19049184914127687,0.030205343187908247,0.021147532519373173,0.04786939207696717,0,1000
1.3241048488498508,0.5075054679466857,0.10645975170722649,0.02848530374021406,0.02051300990115791,0.04501481226857313,0,1000
1.394864384213108,0.5016455986215761,0.24445359158643085,0.030205000321561308,0.02229976671312492,0.05286200959602031,0,1000
1.3483548947535338,0.5079257324535911,0.1177573356455982,0.029091447681018543,0.021492960202056488,0.05198134849908014,0,1000
1.316452945775715,0.4933383076459631,0.10984084564803666,0.028343745214874632,0.021362782810670576,0.050522368872103776,0,1000
1.3817512768177445,0.4676554990992038,0.16896943155982355,0.029793872828408938,0.022864414763233108,0.05759387932717721,0,1000
1.3030325336324649,0.5199492842162263,0.2126081851427528,0.02825670178959021,0.021876457994902922,0.053537022719416474,0,1000
1.4455432377728463,0.5092092671562365,0.2013698031320199,0.031203210097167436,0.021132333142757025,0.045011883280076895,0,1000
1.320503769524293,0.4935258925609687,0.15647550960298381,0.028438725688187016,0.021304236159415638,0.047584862840842415,0,1000
1.3849985514456404,0.5092081446614529,0.16321130866434616,0.029902860907617342,0.02124023856704248,0.04890070363492076,0,1000
1.3398863112634736,0.5012618640959579,0.19647505800278356,0.02891515661922059,0.021438421691808266,0.04677541747979174,0,1000
1.3521583232012961,0.5216726561913436,0.19501510006210457,0.029260299036854218,0.021261400228329168,0.04835751603765352,0,1000
1.3605540592448222,0.4710571782037216,0.13436703524363763,0.029240333568315777,0.021869524383450356,0.05095420495861965,0,1000
1.3770391021525656,0.48430098997624316,0.19450690343396482,0.029763945133624924,0.02260944956692215,0.05650154418964746,0,1000
1.3300012130893055,0.5353723189999944,0.16561837666330095,0.02879808220306881,0.020682673198648888,0.04724922452046869,0,1000
1.3375022771109293,0.5163629562339372,0.16259197603842893,0.028855564302940482,0.020926514513420664,0.04586841858157544,0,1000
1.3894034234806623,0.5151027989265305,0.2401565203205213,0.03013380022905799,0.02205589480912656,0.05236784007090482,0,1000
1.377007559291443,0.46337197658994433,0.11542588168080689,0.02964763289485272,0.02280097041155587,0.059359833265084455,0,1000
1.3075138198556204,0.5085272794837058,0.16018538744980187,0.028207417841647823,0.02101354473531582,0.04624772218777403,0,1000
1.335714685898572,0.4874603252303991,0.12774884438128387,0.028720854901766447,0.021298230971823713,0.048375647625622076,0,1000
1.4722669293854378,0.49449965277300695,0.309735962544116,0.031993966628362756,0.023418765712234876,0.05808154119700861,0,1000
1.3557093019725728,0.5348238477458751,0.22673096123615447,0.029425165906100278,0.021414529700460334,0.050288390134760066,0,1000
1.360959650800855,0.5172074011088525,0.19350523176621462,0.029482976341437653,0.021793686307422615,0.05303940060758651,0,1000
1.297573602309115,0.5119287821165958,0.21419687096630582,0.02807767625755285,0.02167841062488329,0.050434663472734675,0,1000
1.3578458911213989,0.4987544956694642,0.16150159646743378,0.029314306081828508,0.02166659478594983,0.05143273688169188,0,1000
1.3157964825278698,0.5291909284906713,0.2399552408890978,0.028602277121425764,0.021831545121021353,0.05372592547834287,0,1000
1.3564616606955955,0.4930705041339193,0.1431045718763165,0.02922270752829396,0.021583732289619007,0.05080228090491777,0,1000
1.329602257512831,0.48095336110798087,0.047952463628168275,0.028554763325055223,0.021804053178033328,0.051621362064765815,0,1000
1.3984758906289685,0.4614651464986758,0.0603814773985097,0.03008923404168886,0.023063097069510888,0.06092641961681727,0,1000
1.3596584700292367,0.4811827388156846,0.14452808279950155,0.029296587911360753,0.022022064728573806,0.05232189991858792,0,1000
1.4098756859334238,0.47998729132276297,0.1536565287835403,0.030320231577064212,0.021587082733581314,0.04871890399556879,0,1000
1.3324567837213408,0.5301750239787212,0.25505239070462365,0.02891715723573603,0.021249376920671557,0.04864400123029561,0,1000
1.3270949854819187,0.4902910286642604,0.22011742556280078,0.028718420340861698,0.02275739253794119,0.056131527721288876,0,1000
1.3290532380571356,0.49234871456864016,0.09872675042512538,0.02857644800975025,0.021191243303800417,0.04912380004074841,0,1000
1.3530252464953987,0.46555263270580066,0.09323772786112225,0.029091940965598598,0.022410833963568834,0.05662508790510285,0,1000
1.3349761149942252,0.5084823459290151,0.14593973803414384,0.028825542214572585,0.021367113154045523,0.05037624759676711,0,1000
1.3356437739249747,0.4682745239486554,0.03486481009401977,0.028557705959539475,0.02092461762847111,0.04707003116996564,0,1000
1.2743770781359878,0.5222203547150588,0.18412067462251736,0.02761059694277057,0.021397263388932965,0.05145268887548671,0,1000
1.2806512855637509,0.47563076268164695,0.029699058764739328,0.027395224609788372,0.02073871045002057,0.04651395022353372,0,1000
1.3015658788869535,0.5014851376877311,0.2674898958743608,0.02829383285813845,0.023247459920504976,0.06036676697675641,0,1000
1.364727453160932,0.4867836847139594,0.18081370794646295,0.029431161372571235,0.021950070957867492,0.05054658673503014,0,1000
1.33343056194198,0.5053306387493268,0.08525091090479679,0.028639714231718592,0.020275049947211594,0.04266132836269988,0,1000
1.3611980657302518,0.4950819115696964,0.1871054221292958,0.029388545969572712,0.021918917898056223,0.05077461220083654,0,1000
1.3038236404952928,0.4928466151824544,0.028219994839542913,0.027916507351785403,0.020189801808389904,0.043621628122626474,0,1000
1.3693932946847593,0.4970404463947657,0.20813804337874178,0.02963640002918468,0.02235925808285688,0.05543057174895128,0,1000
1.4233710393280978,0.4953948252191589,0.14772382892509625,0.03071766661623157,0.021867083711348073,0.05272662990967341,0,1000
1.3483061751618584,0.502460545315582,0.13702682312038852,0.029071346192530084,0.021365845761977836,0.04988481086236537,0,1000
1.3100546816928897,0.5307031173898369,0.2114793833926383,0.0283974050977061,0.0213064887838685,0.0499672231530752,0,1000
1.3901063576439534,0.4914236140193825,0.10200881828498977,0.029892713510837728,0.021314576160529813,0.0499175104564432,0,1000
1.3416936179377061,0.5119141459310352,0.19437890121660317,0.02901722551211265,0.021538228241555494,0.048738879383355034,0,1000
1.298041940859211,0.5001921535434668,0.1779367930980899,0.028044196788542006,0.02167885217658836,0.05119237795682251,0,1000
1.3467607708500295,0.483128038341719,0.11737435254470106,0.028929379084006095,0.02124468848512897,0.04753878189074161,0,1000
1.358653986240927,0.5096751853386339,0.17103519825094923,0.02939587669406327,0.02190523228906571,0.054012342541584046,0,1000
1.2789888224674604,0.5266969764300955,0.20907086816575363,0.02772470096815588,0.021450454986681307,0.05160045318668482,0,1000
1.3143306356100035,0.5239841527217677,0.14905631785246962,0.028367683916398576,0.020465158189977992,0.044609134042192196,0,1000
1.3235197847605717,0.48364102673474857,0.0868395554405267,0.02846606111623436,0.02181185315414822,0.05211056208244029,0,1000
1.3713345130290278,0.5354498437309222,0.1909517404681174,0.0296802369281942,0.020542383149012786,0.04607597019744587,0,1000
1.3598387648094865,0.5097698777647535,0.2168657694957132,0.029418168061868956,0.02159378783522335,0.04910670803718751,0,1000
1.3402350398331728,0.48479633952079454,0.088000746913214,0.028747469927377887,0.02099089236147294,0.046689511882195535,0,1000
1.3472048945193866,0.49801876151322677,0.0668476882622228,0.02890361988454056,0.020436564355602625,0.04468798625662021,0,1000
1.3538800209427428,0.47890610795012545,0.21110543743377,0.029244045625948425,0.022798614885568176,0.05445636128579241,0,1000
1.4139840379178377,0.5178735137030144,0.23714132900032678,0.030695524782011246,0.02214562024303209,0.05500464126195004,0,1000
1.3569321373335859,0.4945909403848748,0.17589789643126397,0.029277636273658685,0.02180080687634879,0.05090002894561473,0,1000
1.3476251354336275,0.5240312082923162,0.21332900570294186,0.02915044724028242,0.02087320880948557,0.04582068250716602,0,1000
1.329120871367139,0.5035822915654122,0.16227802407731584,0.028672236922793574,0.021386020272982406,0.048209195961846134,0,1000
1.3128564603990387,0.517844256112703,0.2433986581284825,0.028501703014983077,0.022234364663216707,0.055009657271910456,0,1000
1.2782873578330907,0.5399792798947537,0.2028440193788737,0.02775432509210084,0.021294593676415653,0.052245580782422245,0,1000
