tau,kappa,beta,psi,tau_se,kappa_se,beta_se,psi_se,convergence,length
0.765518165337606,0.6561607712514422,0.30537463310783164,0.8555194995387743,0.13736920868244837,0.05633252680977868,0.06266382913561397,0.37451155055167723,0,500
1.1331672293119073,0.5901402111631896,0.2961818103971767,0.736616087222345,0.17910448634662038,0.059979647980194783,0.0683683836894144,0.29523219846207943,0,500
0.7092313227635124,0.7054435101826446,0.30006061342592755,0.8767657634831099,0.13230825220939532,0.05101516279910854,0.054148724763246225,0.4101258750107998,0,500
0.9951257812900858,0.59529949186639175,0.21525072697598954,0.6744692776116642,0.14979334032863617,0.054557791420524415,0.06786523226842914,0.28632771783967886,0,500
0.9235393566577658,0.6386561877278413,0.15100422239222258,0.9395031838896988,0.14900601622054413,0.05228547050748694,0.07056277880977198,0.35022213922017764,0,500
0.9991963527351305,0.6078083914191226,0.17428580316952114,1.0312403932625114,0.15115295528978,0.05269693990397079,0.06880401008224879,0.3479470448133286,0,500
1.070043404208196,0.5680653752229271,0.18107979049397363,0.6691049587793493,0.15853855182554433,0.057692994411222255,0.07913490400788226,0.27065688618251665,0,500
0.8405762586515692,0.6316448890547626,0.3622381019417349,0.6587060183302955,0.1591622919744393,0.06632827525769865,0.07576716880904129,0.3217088161161546,0,500
0.8745444398860504,0.6564796333550224,0.18995179891572328,0.8858828010513166,0.1422870848641286,0.049992072743599715,0.05917561119469991,0.35713726532180434,0,500
0.6760977518771569,0.7434946831307853,0.36041431623242515,2.3878097594949685,0.14564393020880437,0.04985921965146446,0.06225529446543268,0.8149034319549145,0,500
0.8922076192438327,0.6696737537153507,0.2541172950010666,0.6271533854371395,0.15590563354131398,0.0534672338669267,0.05862267598136967,0.3241764692580739,0,500
0.9404639053167261,0.5890380119220255,0.21850952647732177,0.695163103466486,0.1448426750675612,0.05726515799888271,0.0718994724024765,0.29105445740930064,0,500
1.1834803854697908,0.5390464554331806,0.13849969725580094,0.6228004835822536,0.1596921730529882,0.056219966772541805,0.07789304401942868,0.24499893030340061,0,500
1.045918758971736,0.579427262079941,0.12486413638799072,0.6791957297272334,0.1430668286290019,0.05062525897230071,0.0614279703786358,0.2727074958233117,0,500
1.0879737638652662,0.590939594687907,0.264824106188721,0.5877202815093777,0.18010324718268444,0.06260997729458048,0.0791129073421624,0.27386191173823526,0,500
1.2627352392757045,0.49001509327141285,0.13786787791282204,0.6137608842568635,0.16725720231938745,0.06107298191246345,0.09767513622920705,0.2277168079752027,0,500
0.8234693304416616,0.6569207572151631,0.19381686238679427,0.9028317184319187,0.13673059921863814,0.050932237477064796,0.06193699949643919,0.3645837127977617,0,500
0.9443916646979981,0.5630729789400373,0.16716573798798665,0.8207068025640998,0.13461832323709616,0.05430504081723419,0.07003801371098686,0.2977240162211347,0,500
1.0806380174897852,0.586734405966,0.17475196736723828,0.45377260478437853,0.16342894716262676,0.05763742048646911,0.074806868143225555,0.2414733168603663,0,500
1.2622916765260639,0.588173102325026,0.10998986273515629,1.1095222059278322,0.17137641140723373,0.04926541701058238,0.06368230150908538,0.33253854921080317,0,500
1.0908573762700153,0.6253376879171624,0.17340689607301277,0.39908155735358025,0.16881641740228456,0.05385683805230213,0.06336500079587334,0.2482587503458087,0,500
1.1158221774078279,0.5610761103565243,0.21258586372265453,0.8818252249929173,0.16937561365569515,0.0600983009058609,0.08486671708841344,0.30394718475722365,0,500
0.7992029648312033,0.6933594721489638,0.17943999594980975,1.26220718087498,0.13589090573557117,0.04593632099341932,0.054855068458205807,0.45293953694376343,0,500
1.3114375405027376,0.49734358797142225,0.08836588603848472,0.43007632947723756,0.15784632583312266,0.054246576003193055,0.07594950010514567,0.19985371329178128,0,500
1.0357789117035987,0.5699308281857874,0.15904321397199275,0.5162064534354669,0.1569414162116778,0.06022700747297057,0.08624815678765713,0.24543760962945124,0,500
1.0931990423746885,0.5998749253001486,0.1357350688186088,0.7111168637956055,0.1708917578683613,0.05689645598226566,0.08226881887650722,0.2863981850529202,0,500
1.3103147130814674,0.5419557280843903,0.11974659737977968,0.539820645344757,0.17810460849489212,0.05776031697063958,0.0806150033430865,0.22970687163456988,0,500
0.9782388030008963,0.6093516828198612,0.1573928120161933,0.43494379254365506,0.14843565281823026,0.05359105177253575,0.06687858640616415,0.2642505854140341,0,500
1.0149985337965857,0.6340341247689855,0.32641073360904066,0.6293404460919443,0.1823556342355573,0.06186874089471216,0.0708386159372652,0.30676347969085016,0,500
1.048147056157371,0.5207343527158631,0.2261123168763537,0.5995765281595785,0.14541171098350947,0.05978222703292781,0.07617385418517796,0.24510120184082737,0,500
1.0073389296864623,0.5995898886944624,0.19229414960625374,0.6462475690686669,0.1553557433042537,0.0564270993051809,0.0734496128148121,0.28113396651405925,0,500
1.0365976468288136,0.6060045897304879,0.31703222063632186,0.6501738290988094,0.193992948833275,0.069383573950029,0.0950980365489627,0.2971958902574784,0,500
0.8657525126907424,0.6579330509344393,0.20429748866893827,1.0130275991055206,0.1402115902089195,0.04957842053334568,0.05715212489972197,0.3810560971637977,0,500
1.0705035116632478,0.5849585529458283,0.05649158946357707,0.8879442955085667,0.142988363133766,0.04761446487194074,0.06134995716261445,0.3011777674272294,0,500
1.239220373293307,0.48986143518121555,0.06408763800632516,0.42956010004508316,0.15233015218861956,0.05610866508832972,0.08549912045052051,0.19917213408571044,0,500
0.9490916671285378,0.6555112363544546,0.25287742304926697,0.8694620646665725,0.15709732043276095,0.052263448282073556,0.05803344498003178,0.354228734117635,0,500
1.0885371722837687,0.5332133116329058,0.11021570634127804,0.4978348069899876,0.13997627881267805,0.05293109217881569,0.06828551532227035,0.22695074954767322,0,500
0.9517428457156367,0.6057830990115818,0.0986269493985743,0.590115284433477,0.13003237770863854,0.04740086512598621,0.05353538598499774,0.26902375365571085,0,500
0.7619245736710324,0.6797894162729329,0.18453331029921025,1.10756678661862,0.1307725732110082,0.04858091247829137,0.05995402290492186,0.4205877732717364,0,500
0.9754909032215934,0.5917045449754124,0.19230141585366625,0.42391273628673237,0.14274667306295066,0.05426110828061653,0.060991906856803405,0.24458334557574601,0,500
1.2687971081952292,0.5247395092730283,0.10028115194483915,0.8448714314391588,0.16087336513981393,0.05267041620484839,0.0751230295345141,0.2688184402134986,0,500
0.907235325646069,0.6282390977986669,0.14739116060720425,0.9304855801438171,0.13855235157058107,0.05022257705389457,0.06271588818376282,0.34306271276721356,0,500
0.9062663753929581,0.630221523182924,0.13006619114304072,0.9351824003375371,0.14014234535379005,0.050215469891555,0.06484138596996492,0.34517980209313687,0,500
0.8302870498748248,0.671925621568203,0.33734347839469325,0.7950320567089603,0.17400629476979665,0.06513794289270168,0.08479504522491631,0.3745031193299896,0,500
0.8306769737147818,0.6799993663300951,0.20055206368026665,1.2308630335190298,0.1385273264434182,0.04727210067695005,0.05490278740224729,0.43705134287721836,0,500
1.0985728873069165,0.5693836911357384,0.27132077119245046,0.7761948058788487,0.167010639900893,0.060134253724907216,0.0736984483485148,0.2915783441936524,0,500
1.2883609409561008,0.5645649252595075,0.14281252739727063,0.9085991851391393,0.17673723653094314,0.05350867003229338,0.07253257907724063,0.294818554357096,0,500
0.7823686077898739,0.6460271794982064,0.20546082062419438,0.8147915633252614,0.12372541276996055,0.050052593702934266,0.05112866406749604,0.34573340712225875,0,500
1.0286082071784919,0.5653644385303619,0.2449629993751104,0.6359230736561573,0.1495061216610379,0.05692105233903667,0.0637785460033164,0.26888399951476516,0,500
1.0543553099436325,0.588345753627376,0.2505351689250038,0.8192267558362897,0.17683384067202657,0.06438071386442643,0.09422342504018263,0.30853413287850934,0,500
1.0188659125321444,0.5547248494066213,0.14258168321198225,0.3841633691150615,0.14165202792816525,0.05546258775882317,0.06971717960866698,0.22199329709281942,0,500
1.054554702669118,0.6038731542763478,0.18667234871746258,0.8061683366988719,0.15696216850809946,0.05332956654621935,0.06576428914031496,0.30587740921843654,0,500
1.0511386660943027,0.5680621349057887,0.27201095512081264,0.6104264242226267,0.16324767606232876,0.062129510837700505,0.07608435926983302,0.26683421769733595,0,500
0.9742958841034896,0.6431985515052652,0.2262764932090126,0.736901678282035,0.1586937225039189,0.05307265462739412,0.06130370371365138,0.3216930987119925,0,500
0.9694172826364167,0.6477496514735478,0.3163203666669699,0.8536477937898258,0.17682219376545164,0.060242733619971275,0.07228016882850577,0.3558326652045076,0,500
1.1019096951988665,0.5523475607228122,0.2568751007653004,0.5917846401603158,0.16623246925669474,0.06225879690009722,0.07912477576530012,0.2554217612794641,0,500
1.1828218222437326,0.6008748028403554,0.17085258941319623,0.8328799861717271,0.1678785768119689,0.05112535274000557,0.05917992310308788,0.302402934235582,0,500
1.0403137206149082,0.5760087413224237,0.2199730642329141,0.9030649732268625,0.15210705765771165,0.05555008039776859,0.06857490523634259,0.31321702540101387,0,500
0.9397113497144027,0.6298114254058489,0.13262533262005996,0.5489997553536269,0.1398854207404149,0.04900762793605187,0.05547070465256508,0.2786295501501583,0,500
1.0934841569166702,0.5781214527577077,0.13663527636504302,0.6902447031094597,0.15993639255183303,0.055703831624065406,0.077556634379466,0.2733959731160931,0,500
1.0124083684781426,0.5968660233203118,0.23187408946763122,0.6858509279837905,0.15713977027525644,0.05754648511374462,0.07121055541367281,0.28832775381520637,0,500
1.386856652914041,0.4975374324416724,0.22129596549801187,0.6287036586183636,0.1892222951373565,0.06300177160766873,0.09011476289551595,0.23243807125362453,0,500
0.9968263195323955,0.5877903725615992,0.15548332274848042,0.3944993004849742,0.15178491216732162,0.05760504648002578,0.07565567561010351,0.23546786335737632,0,500
1.1412526578217679,0.5587588568545503,0.15989130537092708,1.07052099878506,0.16139080954192261,0.05515217868763893,0.0783783949471743,0.3255800107594682,0,500
1.1807011316857807,0.5466360902375974,0.11236105962027873,0.640654681025423,0.15345655140927014,0.052357007389606774,0.0679863587799912,0.24902173491106527,0,500
1.1533345677558953,0.5454351544150223,0.1818652245388902,0.36679775241186147,0.1570278168919207,0.056024800073917504,0.06604804010238217,0.21392761931952228,0,500
1.03743462182657,0.6046788667027096,0.21119428872690255,0.3039465475580525,0.16224633086583296,0.058234902471212074,0.06691533751200447,0.22849059525316373,0,500
1.2552698371438973,0.5233674296789866,0.20313623382328538,0.44006452158451514,0.1750555706331045,0.06130404228007284,0.08253298665896305,0.2152857715063762,0,500
1.1271634940212425,0.5455622859803944,0.1916357874539102,0.34616782448019356,0.16827546309551428,0.06371879671873586,0.08790110725811114,0.2101229779108904,0,500
0.8391343336339088,0.6283929115688563,0.19046143570723942,0.4703964486930294,0.13221538247760703,0.053467454102994624,0.06270919310587819,0.27114320222102345,0,500
0.9399716832115451,0.6502236415128265,0.34881971551001795,1.3297758387643075,0.16976587435968832,0.05865230578350073,0.06673246723464102,0.4509473935490158,0,500
0.8269963584442678,0.6699988539779638,0.26720202271053906,0.5449640145899693,0.14294069235805934,0.052742604360848065,0.0540602995803283,0.3137585228928888,0,500
0.9707239528723133,0.569664814315459,0.1207765911713451,0.5811756483181222,0.13523528877795138,0.05273553466841434,0.06753255699624273,0.25791782199734925,0,500
0.9744237936183576,0.6385775274287668,0.31303316858902897,0.9355600972413591,0.17130667304405559,0.059481348488697135,0.06275517423604413,0.36623261264777696,0,500
1.081541273045538,0.5828648975126663,0.12290208503431088,0.6788800195889667,0.150916312553943,0.052056236882705234,0.06694728662928325,0.2715785709500807,0,500
0.8875208028404524,0.600795140260271,0.2492274359885225,0.48105035810833896,0.14915284789339686,0.062293191226591105,0.07957726363461692,0.2649505303219602,0,500
1.0734056329071253,0.5721187895672182,0.06876615560700712,0.662821408023333,0.14413018341881192,0.05059076756069081,0.06730115501615068,0.26254797372676103,0,500
1.4238273677193132,0.44276783075088727,0.29643699249631467,0.17301855846195244,0.20129118958359618,0.07530931854892162,0.1092907648062805,0.1549901845851935,0,500
1.3381669479221967,0.507791814730482,0.18152931862660582,0.5339752975879757,0.1789801277784821,0.060272321914702755,0.08499299336419198,0.22105114039233031,0,500
0.6809860708950479,0.7263736963901565,0.17986765748082628,1.349593036913707,0.12140183148319243,0.04248074975863514,0.04765929992779322,0.5085394163675143,0,500
1.0546184655693642,0.5751354209336089,0.24643150890640803,0.5349140216030815,0.16319190020129576,0.0610844055334302,0.0752810191518486,0.2554383468313642,0,500
0.9856158709974061,0.6155716133172089,0.28361335374442564,0.3702235111771566,0.16974791827937405,0.06269834837285856,0.07431737705197428,0.24960128810391982,0,500
1.1657393647383578,0.6055784856291009,0.30375212547177305,0.7026811106031516,0.21725334742418223,0.07037275712488839,0.09843834451044614,0.29850531216160714,0,500
1.285889672861122,0.5319518983603477,0.10590419384850216,0.6804291508457011,0.16608854155249086,0.05397172415717272,0.07538558032829443,0.24699840579331453,0,500
1.1332233091304331,0.49924412933398765,0.12828093363349946,0.5670419717994153,0.1421062968928696,0.055531680884031695,0.07670472634523322,0.22568824806247276,0,500
1.2351974554761114,0.5406954385217067,0.04095701037085983,0.5502463888893568,0.16149954576814776,0.05337012167437073,0.07708691581611495,0.23063642722114278,0,500
0.8586313171409795,0.6280123612525792,0.18208112697853127,0.759702524972012,0.14055654278454555,0.05468346023463126,0.07093634714628967,0.32242393940224967,0,500
0.8762042297223667,0.6421787017304533,0.3047469288360751,0.6285327726446791,0.1556203596790202,0.05886342483812018,0.06500715404610131,0.3170626016701441,0,500
1.2038342964571012,0.5432558320761076,0.13685627983553134,0.21312500117564093,0.1598430183858775,0.05559480556003457,0.06775327079780459,0.18764831453416317,0,500
0.7167229776735664,0.7086869364950247,0.2689302000071182,0.7901189869063684,0.13407663293812647,0.049757574455944316,0.05417476188498181,0.3953136119256701,0,500
1.0373731151372412,0.6187058891649938,0.20521279356444433,0.401343642507188,0.16184100901165435,0.05545375157117632,0.06333026073718549,0.24940761669634431,0,500
0.8902283830147497,0.6549117400517506,0.20560297700491886,1.1278742483002187,0.15108397362504336,0.05318700261430901,0.07212641745071761,0.39879961932027663,0,500
1.1061762803253143,0.575419473497965,0.24597846840960605,0.6511573958203078,0.16936868692324938,0.059743851584414094,0.07430023441207767,0.2731215028348072,0,500
0.8583060615115202,0.6582957054007262,0.22596128178530034,0.8662514323865029,0.13927894001244445,0.05046680033727789,0.0560376728692808,0.35566394838793874,0,500
0.8588459951194638,0.6527293818308274,0.13217752608687022,1.039807514694346,0.1367737238014799,0.04877509954244767,0.061322745950621975,0.3771223496349174,0,500
1.095968799662624,0.5599601799436722,0.36546087425974777,0.4709889176948489,0.1812024516432009,0.06923723654604082,0.07693373165144883,0.24349727110269592,0,500
0.8984407515106587,0.5914057653822494,0.2638975657753406,0.31586507058259694,0.1527386228955219,0.06545155950882482,0.08388079637132892,0.23317534754212046,0,500
1.1309095891400929,0.527390819575708,0.12710524884288002,0.5787264075189823,0.14641927330640897,0.0544074718251344,0.07255721350129671,0.23604873492000025,0,500
1.0331725169159454,0.6027721685827392,0.3301116498799846,0.8347174314979318,0.1787085538990656,0.06460719518980103,0.08060843244862191,0.3247098785723546,0,500
1.1031110373699728,0.5917592444734497,0.21770160235655894,0.8546667100023214,0.17672152063828853,0.0597872680186547,0.08282227454877043,0.3137280559781706,0,500
1.016351982671218,0.5973560349948914,0.20771485841417556,0.8884031338069385,0.15795130683868389,0.05677248440344711,0.0753751814577921,0.3215461785938677,0,500
1.117263021205828,0.530029412330028,0.12327589252048451,0.3652054072264938,0.14325457481433593,0.05382417084254668,0.06667809764545178,0.2068311138937413,0,500
0.9504231813423559,0.5924856862777614,0.13955583310971656,0.6045571405840511,0.13494199090915737,0.051139881694271125,0.06062766190729832,0.2711642754219601,0,500
1.0841412125039638,0.5699914224226393,0.2886667532865232,0.4939173672506567,0.16988686590082866,0.06253094868972124,0.07248429411341084,0.2491279589338912,0,500
1.2626640327408145,0.46183468020339263,0.10706840820156718,0.1834302533663718,0.1485002297653636,0.057395139366696636,0.08136818064253841,0.16011550618864415,0,500
1.1313581741875052,0.535739639242862,0.2772050326756056,0.5164011700947077,0.16693959251930165,0.06304147855088699,0.07687865923328964,0.2376932507782331,0,500
0.9933160473874401,0.6145246482916032,0.17238148176646217,0.8054764865159351,0.1531364539711561,0.053225368777221324,0.0691771183398747,0.31408352917030125,0,500
0.8783353505746436,0.6463659974478476,0.24573332075231474,0.39800945566060075,0.15250257931703967,0.058165019676684866,0.06654753712606619,0.2697797309508985,0,500
1.1993054933929062,0.5100184711443745,0.12943763948903056,0.2009867284269804,0.15390990459204254,0.05753573917511164,0.07622677861665718,0.17621877760876892,0,500
0.8724787088163595,0.6389110833357667,0.22559058419369873,0.9536618514987719,0.14482781704162323,0.05392795966825946,0.06692330097518714,0.3644073342353291,0,500
1.1482073068793195,0.5786544583579741,0.1505935409930605,0.5929338616126971,0.17506167085311392,0.0593071430559465,0.08588843065506545,0.2574015059931363,0,500
0.88623916965591,0.6398186885130956,0.27302593781528783,1.1054915504106044,0.15108249691046347,0.055594203323613936,0.06756754148281391,0.3968851693189159,0,500
1.1816112869303974,0.518762088067557,0.23113492096097435,0.4486476058786375,0.1648020801388971,0.061359765688494314,0.07694823924983396,0.2185822832739967,0,500
0.892984745331458,0.6686944858658946,0.17720296663715288,0.48396391598731986,0.14739914518392216,0.05067807959235427,0.05583282139055324,0.2908741492702199,0,500
0.7755236134865562,0.7013001245334669,0.23771356416118888,0.9813373694517763,0.14810809587008178,0.05174653490689075,0.05763621588535213,0.43070412699447036,0,500
1.1275592274209345,0.5411624342310282,0.16840844482173842,0.4752983129604467,0.15661322090520824,0.05815087727034925,0.07763364924116947,0.22742632976196714,0,500
0.9946155214367154,0.6289918991678349,0.29429317789130965,0.7495229453630498,0.166548311134051,0.05792466885805782,0.06593547522084213,0.3201794124310089,0,500
1.1617517065778502,0.5856520042366212,0.09412666010772996,0.5268829344179451,0.16338015187094407,0.05288504843343662,0.07025986235685998,0.24580217165214727,0,500
1.0325569773867842,0.5734703052438349,0.14810528435204454,0.6487312733808068,0.14574977846930634,0.05369713022199296,0.06845056252815274,0.2680232764093322,0,500
1.010864902605748,0.6088437457308321,0.2350822109707825,0.7472813685152602,0.16226259424813838,0.05748859565055293,0.07228035363170061,0.30653365488823636,0,500
1.3667517715374902,0.47085505645700343,0.25506953375251346,0.257483014024912,0.18638769606473735,0.0674481966835577,0.09162301336190093,0.17415172343916238,0,500
0.9896292846200752,0.5917564096238738,0.223416043930666,0.6098888244416009,0.15250759433257494,0.05762320242046363,0.06961351054350999,0.27616983043876137,0,500
1.0648489354983968,0.5806987032309127,0.15585070043073632,0.6157900494277015,0.15007254097288644,0.05230336365352059,0.06417706977087449,0.26549831434136423,0,500
1.059364685648581,0.5645030645237277,0.1303535351966217,0.4667698490254343,0.14889379186194993,0.05506670688746501,0.07216690919769962,0.23571997435650233,0,500
0.8871687035364972,0.6563960171483088,0.18141429330283837,1.0808557056786758,0.1432246503380172,0.04947427374737752,0.06022252582031789,0.3884295924601462,0,500
0.6163963196023476,0.7338880229016554,0.28801946157517894,0.9982408219040776,0.14016672483439685,0.056754873800982555,0.07951948538880436,0.4754120490138277,0,500
1.0652598462968574,0.5275716510659588,0.14677195865342374,0.8785406755985243,0.14887767428302198,0.058087958775761644,0.08790601169467328,0.28743995367042224,0,500
0.9462320176873757,0.6208036517962616,0.16370956097926517,1.0369620705154017,0.14369447591646847,0.05047997806079468,0.06224382411273071,0.35835812685124924,0,500
1.1241556287135543,0.5753691766829465,0.17808004825134746,0.553092710047264,0.17227229996528337,0.059968042235443546,0.0833975969011297,0.25313877570256044,0,500
1.0598605921168802,0.5593195346664325,0.13301504890864216,0.7651851438328761,0.15736946631736132,0.05903432458715075,0.09037463071458525,0.2796951024011389,0,500
0.9405037739507245,0.6502495935283907,0.2146559787427122,0.8807870674895499,0.15008904162444286,0.05066501404515081,0.05687946740134827,0.3492806185403361,0,500
1.0661183184003595,0.5769443784343806,0.2230237727014574,0.4912980639911885,0.1571828931292225,0.05704487196825672,0.06643049487355265,0.24772149203863814,0,500
0.8655487574513134,0.6111910423200846,0.19627337952973065,0.7144366074312537,0.132721372627179,0.05339229395731916,0.06427875068643657,0.30463699635520886,0,500
1.010395529438074,0.6098231664805942,0.33634918227567473,0.7667076187942024,0.16941869448933947,0.06049846505692047,0.06354845971867297,0.3194448044577237,0,500
0.9836744679473487,0.6040303676739419,0.23685155725191748,0.8535943786143795,0.1603031672922558,0.05905752277413568,0.07893825445097465,0.3239543613943408,0,500
0.796379500076098,0.6843971860196282,0.31019050326498837,1.1167445353031575,0.15189433559420812,0.0544953212327554,0.06611470596348923,0.4457505848591405,0,500
0.8519946346964397,0.6254378348909944,0.28366700534299694,0.44546212007571695,0.16066176976337476,0.0663314979707159,0.08568579419511049,0.27565394772045626,0,500
1.0966957948406764,0.5595835706678027,0.15880860289099177,0.34546548770988705,0.15463663356325297,0.056566044683321354,0.07092513004449415,0.21543873320558765,0,500
1.1108594551289992,0.5598662520321814,0.2598702289502165,0.5167541859305383,0.16797572041324907,0.061604568117001705,0.07527215703744745,0.2457186233279766,0,500
0.8264317047570906,0.6627170517212907,0.3237026907243571,0.9837102489762679,0.15816198584783658,0.06005081611021195,0.07453737426974814,0.4011966981961662,0,500
1.1476923027567587,0.4994289975278996,0.11487526190455323,0.518304846791653,0.147892634065347,0.05701728365016584,0.08389316006822461,0.21928114706350368,0,500
0.8347014838285487,0.6109763580364101,0.20175295124173115,0.8178426100018548,0.13010740595105996,0.053488356957110524,0.06416249752961052,0.3273784116210651,0,500
1.1532421640216763,0.49136530619427116,0.17479960522723714,0.21872851135666524,0.14626199904695383,0.058947617557460016,0.07509363504730746,0.17441349787355434,0,500
0.864076846710692,0.6420988969685714,0.2611933383195793,0.8998683798129232,0.15292533986977128,0.05811928039743856,0.07524436580280422,0.3615691401787405,0,500
1.2217830783652441,0.5113280287694171,0.16140535414735913,0.37459471522067744,0.15708292754828906,0.05730001800347547,0.0742896200038735,0.20049007089777565,0,500
0.9641383525640386,0.6003511925157565,0.11717267682913593,0.5158230766266292,0.13634307764348208,0.05054356630116563,0.060680964770893984,0.25678976586745933,0,500
1.1542864272351174,0.5601001855943221,0.09586843474685268,0.8221642406661315,0.15645543837080395,0.05273534514358273,0.07420538543978213,0.2814452665293643,0,500
1.2599317680351454,0.48468176267545154,0.04831481204772639,0.5202613652427434,0.15179423467233866,0.05535052900958326,0.08624094209973343,0.2089753870079843,0,500
1.2395407245396193,0.5572199247424457,0.1221457110454816,0.5583152525800201,0.16679731911928866,0.053783738988193705,0.07013011196792483,0.24019820653260368,0,500
1.1375714084538153,0.5478934027958319,0.16809367211061288,0.833561953529095,0.1572768066522518,0.05526584355153791,0.07285947844177876,0.2855071534849076,0,500
0.8697349633774143,0.6586553768210849,0.19391325040173135,0.791910512787427,0.1402978526591799,0.04954705163766842,0.0557850208444493,0.3415098284719855,0,500
1.0225204368599106,0.556234029029237,0.1517670448128166,0.6104344207343996,0.14076495047648066,0.054310259222279895,0.069463823923175,0.2560230424421258,0,500
0.8883194315595438,0.5779905771014178,0.25004372456342394,0.5888123919773427,0.14291961305926104,0.06225415886475445,0.08176973640755553,0.27357921559180204,0,500
1.1017885701680386,0.5930374979203428,0.1361177527259964,0.670575041961067,0.15150217486022655,0.04990324984980632,0.05746668390283212,0.2744933262768971,0,500
0.9215120474857569,0.6093608507897075,0.16793801677497203,0.2527178688023351,0.1409146338016792,0.05548425301781782,0.06608762039109341,0.22299675788923068,0,500
0.8792785587450767,0.6264470844717724,0.23021325238381124,0.8024634334992287,0.14125540038614443,0.05406565763045554,0.06338687170334455,0.33048559888996765,0,500
0.9122854810939778,0.6341858420987796,0.18583825657356484,0.7235180636275773,0.1408061847080264,0.0498663083026447,0.05999597770953062,0.3139501856546938,0,500
0.8140123310330992,0.6288552077822223,0.05620977367457347,0.9778440201339923,0.11675337463734399,0.045201418525373745,0.0525465933270782,0.34732755008907723,0,500
0.8897948177643759,0.6837449229345102,0.25893944800506186,0.7524883807198282,0.1550185857107466,0.05183301168509855,0.05653901433954647,0.35103358657732675,0,500
1.3215613962159,0.518955882336457,0.18212595986981786,0.4421096521480981,0.1777569925777927,0.059355014157525254,0.07890698896812355,0.2121177735449423,0,500
1.1777771199501417,0.4672679096232316,0.08687206840352309,0.22271926047370555,0.13868497892600723,0.05574817751640611,0.07933548219760954,0.16793060635950327,0,500
0.8110042983771182,0.6615055284433112,0.21683031486101786,0.5633649036868883,0.1406906512044093,0.05391998601574977,0.06384073442750567,0.309338910631304,0,500
0.8639101807959528,0.6738458093950226,0.31187070882915086,0.9255727415325837,0.17073819945777446,0.061079363423381515,0.07614379048363015,0.39342973433311745,0,500
0.8653863553918228,0.6518889430296451,0.26175335242246833,0.3171541671194337,0.1594584442767919,0.06030876942206047,0.06953222644844903,0.26311291380604035,0,500
0.9655779184266639,0.6031684393114283,0.04272882698035986,0.9030183439983012,0.12972541989238426,0.04550504698267239,0.055747422379506764,0.31248745837181224,0,500
0.9315638169187973,0.6166923274525556,0.20147371316369778,0.43147390602831154,0.14762336404478024,0.05620911382956393,0.06735975340008003,0.2568663780913574,0,500
1.1389161953395412,0.5297475191290667,0.10004392447291924,0.4913340396541549,0.14160785765157716,0.05202285000135529,0.06619458863948825,0.2216465349783376,0,500
0.8998172163972781,0.667573009128001,0.25651370716292243,1.0932114608880097,0.16140135239541303,0.05416905278199664,0.06985907119851265,0.41030021778241915,0,500
0.9870787857837707,0.634132397812973,0.20950523665365955,0.4438209400933423,0.15540869689576783,0.05294422937622569,0.05783030277993669,0.26585156481991257,0,500
0.796871198327422,0.694382979204051,0.3050361479230392,1.0815099513306816,0.14598737505385312,0.05157087843240729,0.05529598100309938,0.43707559418449055,0,500
0.8664167493950992,0.6277232460185853,0.21568273765690604,0.8724152501552053,0.1345947670568251,0.05170647105366306,0.05764827751708422,0.34049764929571874,0,500
1.0403220040679495,0.5879393696759304,0.12911000765144584,0.5362063611700104,0.1548252619175297,0.05576765266709819,0.07603481964124627,0.2542108072579645,0,500
0.9817721896893497,0.6144269212078569,0.16944752999378326,0.8769151388248694,0.16292491541468662,0.05779157403908158,0.0856071977563278,0.3292773371537913,0,500
1.197395070250491,0.5244305766209214,0.21757292741358014,0.2867611748028848,0.18074712104064533,0.06690509797814174,0.09530224222681243,0.19567820172345507,0,500
1.0696759591328617,0.5299911559195082,0.1904115619324253,0.37489875293576036,0.14399151810898544,0.0570117552454449,0.06786829981169143,0.21228062859047334,0,500
1.0256161939009025,0.5888673347836338,0.1701087106749874,0.7908708819494933,0.1509269748268044,0.05369616836666257,0.06795081665847398,0.29974689773508006,0,500
1.0553780354849926,0.5191224851766497,0.2617745329220198,0.45473882018822365,0.1512010696283943,0.06280353086943331,0.07851473488217736,0.22434259056358583,0,500
0.8039961993139949,0.6435067140297727,0.23513363718525737,0.9007325094301205,0.13110817914043163,0.052191398810648236,0.05908142199874563,0.3603787912977683,0,500
1.1581225183518638,0.5538032709090328,0.09482068496367906,0.7314585887019918,0.1602748412057709,0.055144056868794436,0.08172835701275474,0.2659912934819303,0,500
1.2319916964929662,0.5503312613983679,0.16778401704484233,0.5012240237301913,0.16540070938038473,0.05508255304077063,0.06668292510875365,0.2309638873648041,0,500
0.8129270862031831,0.665512175688508,0.15068839033978754,1.0535168646472972,0.1292922909039902,0.046876648652027605,0.05609336380678215,0.38805197101453964,0,500
1.1205142323162456,0.49139431045639975,0.28530638657868035,0.5161166870378767,0.1793165717288412,0.07628032558567403,0.11978580066938495,0.2258355663372416,0,500
0.9478386206973343,0.6038709224857399,0.11735016441653759,0.9795453111845019,0.1391711248700374,0.05093202061024898,0.06714621605532572,0.33551353092336117,0,500
1.1416548535747137,0.5086350689249337,0.0556115034248552,0.3376204993660252,0.14010476110564796,0.053467927051334414,0.07498167750595332,0.19340306528044857,0,500
1.0626897104945894,0.6272653969984665,0.12285950748345277,0.8595192497346664,0.16174551706892099,0.05086084762029261,0.06707386161946433,0.32124592125027096,0,500
0.9512825764385936,0.6433164511559225,0.15946369354071413,1.113017988033668,0.14980953441873185,0.04979442282344319,0.06310033879646286,0.3814678070601229,0,500
1.2443122907784518,0.5256820373824765,0.21385825657964436,0.560295191261354,0.17271796317279836,0.06070397837878977,0.08170903129839424,0.2331806626910934,0,500
0.843661001053416,0.609142828086413,0.1972619068404968,0.6467277733945946,0.13152499023164044,0.05483374538325029,0.06647040644313357,0.29434438644455785,0,500
1.0322214199207973,0.6321878225031414,0.12456277823831294,0.9450125791208359,0.15520408795162627,0.049172572560789794,0.06264211062739132,0.3382287038441685,0,500
1.035113678378995,0.559100459137202,0.1636608803095197,0.8933201327529519,0.1487480673368941,0.056077184148296516,0.07851277021348249,0.30264649620710643,0,500
1.0745108511491028,0.5661682316636422,0.23195707355461145,0.543900105363368,0.161713393600008,0.059523370578722284,0.07644077430370921,0.25267955825567634,0,500
0.8406869317232543,0.6780073598080754,0.2594753887125455,0.6246536439789051,0.14846298112825052,0.05191524030493887,0.05631821468276984,0.33335877486760884,0,500
1.0442558555386467,0.5321116126547168,0.19572842252711975,0.5172916831117311,0.14466086072665194,0.05831303076206645,0.07476857517546791,0.23527826089762985,0,500
1.0513015446455094,0.568402469669788,0.3610023945046685,0.47336184008784354,0.18917270877320308,0.07454541896409601,0.09292385898209542,0.25007085523857475,0,500
1.2365693686229597,0.5641388459110035,0.15866831277171517,0.4144461248629167,0.1706792763844985,0.055024646405922265,0.06756219068032832,0.22312790117517453,0,500
0.8707568456545247,0.6736020676327069,0.25631167017671813,0.9110699682064238,0.14770001144778264,0.05085951456218402,0.05474826072214113,0.37643449432766063,0,500
1.0537589902307032,0.590863841978613,0.1939450277192015,0.6526909393887775,0.15648786390054484,0.055380492736738,0.06818891737253532,0.27687368138032953,0,500
0.9280862190321213,0.623265643075334,0.15528777223671938,1.034174242907919,0.14129299169741813,0.05018144068583754,0.06238645011532915,0.3591916343398352,0,500
0.9414419044527489,0.6092703896708156,0.19722375041741438,0.6687834260118812,0.14342153670589483,0.05342411033680452,0.06274493980289163,0.29342493956347,0,500
1.0083807427357492,0.5909678714348974,0.2860593835917683,0.3574450095925299,0.18228729139159372,0.07021790085160193,0.09320151287847908,0.23790366923776904,0,500
1.1060261479457727,0.5748675161402033,0.10815523757883969,0.3935536275627358,0.15220149483523115,0.053284105023303205,0.06689229800841148,0.22392282475373365,0,500
1.1280352200320807,0.6129395038453278,0.20633700672900349,0.7787896701211825,0.1707252338110169,0.05346056867968687,0.06330384649840129,0.304978585043401,0,500
1.0997629525521093,0.5706654069718319,0.22699808656508247,0.39703390829300833,0.16887608068394483,0.06127711475711353,0.07759166403041784,0.2302007225633867,0,500
1.1112536495339906,0.5447145142412985,0.008746781956632727,0.6649234842599046,0.1430806848363594,0.05083001206623368,0.07404313435853123,0.2498378133132556,0,500
1.3848159517940934,0.4098969944704668,0.19314030599490978,0.3247028500675379,0.19299739713644176,0.07704806959030584,0.1503432700604791,0.1676995720089215,0,500
1.1770074344244559,0.5266957573978074,0.17840136851343194,0.8660483502084986,0.15995424511910805,0.057404202691783,0.08080310178631309,0.28028090899644786,0,500
1.0812256496023818,0.5631211541845843,0.2066341820309528,0.5020421052307238,0.16279724571870122,0.06036544623582091,0.08014697573713234,0.243453744972329,0,500
1.169414035699285,0.5340735837396686,0.10711388403130215,0.728257279861641,0.15590308180182247,0.055082850170937746,0.08027713621645238,0.2588832245955403,0,500
1.032104696338622,0.5618544120335329,0.20078053290468495,0.5077277757270667,0.14883177087607924,0.05730604305941064,0.07083572439090907,0.24451226885944677,0,500
1.1693803619131264,0.48711965677148816,0.028249082664282173,0.6288547767815361,0.14816469894936793,0.056990580324043125,0.09653194319332888,0.22771028356605838,0,500
0.9054613193895797,0.5691249538678137,0.13345705181640116,0.5202259819499278,0.12590668375761507,0.05301274884366653,0.06664567329422663,0.24954823995343495,0,500
0.8225779763895319,0.6773011705459141,0.1600060424111307,0.8141252049160455,0.13621316526126673,0.04822185434882688,0.057450648381206434,0.3540823782804894,0,500
1.0142984513449107,0.609738600936795,0.24316678254100355,0.6482717874643196,0.1672779202349078,0.059556248703963505,0.0761680520477685,0.2906861289435089,0,500
1.2276183843849957,0.5549768022565621,0.10615426410677099,0.6228683619860557,0.16128787948838838,0.052656706341050956,0.07072251457087433,0.24641764036816377,0,500
0.8682831354964102,0.639022045615523,0.28067203843252264,0.8502816383295098,0.1474009324631103,0.05654080471840236,0.06419055121975062,0.34986469127238135,0,500
1.2192331789289512,0.5036890477673948,0.22673815227892108,0.2722297112731467,0.16577276409672262,0.06214279841737351,0.0788330921491877,0.18687267569846935,0,500
1.182822972492221,0.5713733324650252,0.23218723175183933,0.5285065205882742,0.17589332018542547,0.0591509776770158,0.07282316568453798,0.24762400183901231,0,500
0.8607876136409226,0.6424920660737582,0.22827501673194053,1.0045092716748039,0.14089885685831582,0.05236171488724236,0.06228739419237813,0.37554441931074223,0,500
1.1492545246687529,0.4547205603548057,0.17265225475347168,0.37513059822708383,0.15186825257926792,0.06494214458592844,0.10494312513467409,0.1891648827320128,0,500
1.2246018043690474,0.5101716360913401,0.21782102516586432,0.2880387538204542,0.17657483562684093,0.0653463951522032,0.09125393259287712,0.19136019171550847,0,500
1.0955714989001046,0.5508170813643887,0.2100096634623895,0.6659240218900996,0.1595542502368784,0.059480930190656006,0.07932393465919485,0.26387647674517584,0,500
0.8446712996551762,0.6680106396766319,0.225008806994287,1.086577469964556,0.14664219573460194,0.052178087190297054,0.06623975430291461,0.4062131885141809,0,500
0.9765032040034153,0.6026204013673776,0.2185568791668818,0.5451368155645803,0.15765752722099655,0.05976121818585475,0.074710930863815,0.27005171970401914,0,500
0.9799206268259507,0.6053076062379401,0.1912505870977727,0.6867875359115228,0.15556946971412897,0.05683834488225852,0.07488296162260705,0.2936862154106266,0,500
1.0086983513091616,0.6120498654466912,0.21921375807579685,0.4967229752858628,0.15995748978311544,0.05710828225372634,0.06940947428836557,0.2635011721375206,0,500
0.8743657918388582,0.6749823535502864,0.3172307709164074,1.1640726408133804,0.15999941121360972,0.05363384405668573,0.060652417458081316,0.44157668411590617,0,500
0.8779621312708596,0.5996984843259147,0.05635550056226411,0.5013867255542767,0.12610086859126649,0.05051408840243722,0.06568030696637535,0.25561664615728547,0,500
0.9823408143394812,0.5824261038749939,0.15580658174667916,0.31989326575180765,0.14029216175051643,0.053893966087161654,0.06167032234817272,0.22315509381962828,0,500
0.9681826802652754,0.5959574989170018,0.32376304709672393,0.6670932013555853,0.1661882963149851,0.06459309470440744,0.07751435167229571,0.29668158202227474,0,500
1.4374832994557962,0.45325764938253865,0.11414321610853215,0.583900938285133,0.18756702012140844,0.06544355924383916,0.11959550380086813,0.20940374859350272,0,500
1.1873917710184443,0.5488240943642557,0.1891740859300882,0.8082898989706714,0.1687971145151612,0.05882607730386506,0.08154942533102975,0.279030496612276,0,500
1.0611643163723177,0.569329473002793,0.18168147637293255,0.5692745157131466,0.15100750635842233,0.05489703260694296,0.06838476607248258,0.2551119744983211,0,500
1.0796159313319593,0.5207821995884954,0.10065116592651906,0.5950857010017764,0.13738910290188186,0.05279582524210481,0.07186514960061055,0.2378093432998482,0,500
1.1089530443806415,0.5247106465677162,0.2999287155526056,0.26548928262446186,0.17345771547831068,0.06926852699436442,0.08728319462412344,0.1975463936702908,0,500
1.0344697749964937,0.5772123248470401,0.24502302538457646,0.709277871316108,0.16143822060431148,0.060359316841495196,0.07803884653629645,0.2862541474654625,0,500
1.1110956301303545,0.6112083181732401,0.20947957759879202,0.8773317061269259,0.1674812837216332,0.05341356233533883,0.06380245220466892,0.32026034839091677,0,500
1.0930907780097114,0.5583529200597939,0.07674343371415811,0.7085853999688541,0.14058593612805556,0.04925337721733408,0.06152374183105741,0.2640591297121334,0,500
0.8187718318323984,0.6809205230722138,0.19786412450443566,1.1193124374708354,0.137710780122796,0.047564183793639823,0.054641640281554,0.41967591166072593,0,500
1.062943081991694,0.545761106197745,0.12415132767314199,0.6156278943446668,0.13553088726114942,0.05084007628817247,0.059700839914231515,0.24870704208682948,0,500
1.204582823615489,0.5265187345527506,0.11011589818286686,0.4823601174660836,0.1555260449695766,0.054967145188734724,0.07485945834347879,0.2191062098916845,0,500
1.0746284311513468,0.5817874327268311,0.1957218572488893,0.4603910606734905,0.15640031615272537,0.05594539263683849,0.06701057335455064,0.24150503601680945,0,500
1.179084770143307,0.5740830983174832,0.2788729659695993,0.6922631524264794,0.18768632792441525,0.06319037075310072,0.0811109465359429,0.27882213094592856,0,500
1.1124047172549256,0.5278647231540614,0.07725317503973463,0.41270553519292397,0.15309879077065924,0.05880193902424329,0.08997479976538024,0.21180933735620783,0,500
1.05088530864951,0.5327090873082331,0.28667597490325464,0.5545099967102092,0.1560826313087997,0.06396242049356367,0.07891827909662141,0.24492275460265842,0,500
0.8758324746997592,0.6732338415123026,0.2706766907176975,0.9940319561844767,0.15182445566229216,0.05136560431904428,0.05547834257415251,0.39747029207779866,0,500
1.2614597212844154,0.5284470876055211,0.07038706479697705,0.5535725947972374,0.15731252264776,0.051932998079491595,0.070862497010227607,0.22714659703728776,0,500
1.0496977753972674,0.58823567709141,0.23145883608526202,0.5813115699761771,0.15676444079105692,0.05604535440189511,0.06360163861436019,0.26755623723816935,0,500
0.9864176980001429,0.5900280192449129,0.13742660732442583,1.2917839959160549,0.143872372091894,0.05158581329232701,0.07199392659814338,0.38030664870836706,0,500
1.0358984730732455,0.6041033516506915,0.1942579902373174,0.8781317425980999,0.1585643525438305,0.05419607650615754,0.0679092093325727,0.3228683820737601,0,500
0.9669838482192777,0.6498264692625975,0.18604018966590158,1.0020557309471823,0.15446509649577386,0.050816346507086774,0.062143712017600175,0.36511540187209346,0,500
0.9580477551960752,0.5854472003392119,0.2646403989244103,0.6457138291493758,0.15613071818448893,0.0622160243001484,0.08003653020048516,0.28396224783598395,0,500
0.7136126237164568,0.6891261297189046,0.25904880164236616,0.9931709045683258,0.13043684571854622,0.050797127699038366,0.057415855530059706,0.42340476724037324,0,500
0.7376264015043763,0.6799183165892727,0.21869041119950425,0.9740442825545346,0.12945593381156734,0.04995723852646159,0.05843296031773837,0.4041508947609414,0,500
0.8971978707493944,0.6608685427115002,0.199634718643057,1.7586905816336726,0.14725934593666576,0.04750253626920916,0.057059013243319634,0.5233659920281155,0,500
1.3364149587568148,0.46006683108470275,0.1404262382954844,0.36980713714555324,0.1770764041982354,0.06603003656914633,0.11180097110946007,0.18433974216138885,0,500
1.1708161013260974,0.5397140564856104,0.11895614613734087,0.5050572940115206,0.15083430455113048,0.05308138015537088,0.06741212448311366,0.22714202926202792,0,500
1.022113738309119,0.5681872123399593,0.2679701367229904,0.530998663853386,0.16059605945467947,0.06262394137811712,0.0777191430850478,0.2556061534237555,0,500
0.6752151589747245,0.7483960573528214,0.40801540616745274,0.9775046424912788,0.1600099437507372,0.05673038423772343,0.06449169465059171,0.5035967442984707,0,500
1.1997676172853822,0.538074111591715,0.17621481784855786,0.5055204098382932,0.1652694108097027,0.05813405194795762,0.07692517439627218,0.2293312772368764,0,500
1.0515918296955111,0.5754476737568847,0.2076396836004466,0.7780067477199546,0.15125960253524234,0.05438651562748789,0.06465605214325539,0.2922877616413015,0,500
1.0978667086556055,0.5636349258913846,0.23799424606980554,0.5786634847086309,0.15735879855204696,0.05681063533047189,0.06415973952616495,0.2554385636924645,0,500
1.1359251023665955,0.5188215214316416,0.10132895484988241,0.4243819422136433,0.14881784132168158,0.056964336429483814,0.08244654468927025,0.2098497417879443,0,500
1.0995536840669473,0.5098194001414326,0.10590998858755102,0.7350752721526095,0.1423318296343961,0.05630078424973225,0.08091579825418836,0.2539838002576846,0,500
0.801885024048938,0.6522905056948516,0.09577349147518557,0.7436824008769425,0.12122225804308755,0.04605128493143661,0.05112322566244319,0.32443790191718264,0,500
0.8701029185065002,0.6353895566845393,0.2575176197974938,1.0370068972211308,0.14867335354684758,0.05731858079208501,0.07427424893315589,0.37874912353741613,0,500
0.797100876749993,0.6610531048662085,0.21410737579604713,0.8131318670730182,0.1362587397636678,0.05221072124995837,0.06277315468067769,0.35559702840898233,0,500
1.103304991430514,0.5541955667937266,0.26058176143725315,0.5659767740642558,0.16823235339521223,0.06215551484097758,0.08331746990359766,0.25213791415825815,0,500
0.903000703861623,0.5923448319466336,0.21130571806275872,0.6220684254918091,0.1410773756143319,0.05762756107303717,0.07321827018005268,0.2817089682165173,0,500
0.9493521617091043,0.6465020475776421,0.25107273050063006,1.015316836450482,0.16748064295403298,0.05711353769427735,0.07539721978892912,0.38058508842247435,0,500
0.8920955781284889,0.6443919296541365,0.23452593389439758,0.759900857574181,0.150257873842105,0.0548385583804999,0.06650824606212005,0.3314559050004414,0,500
1.0787378234373097,0.5882516790449736,0.20874964012705396,0.41698640977497414,0.16575618898041636,0.05840959669981584,0.07282452911416219,0.2393163254874136,0,500
0.8024209838168076,0.6679808904123611,0.25990406829160506,1.199706242475487,0.1421766470517552,0.05287114491744518,0.06480294033759533,0.4380967835374711,0,500
0.9739831416106413,0.6258682164525288,0.2071709266629711,0.5431741453723753,0.15075875753636342,0.052967038288482746,0.05883522838556158,0.27826066734849425,0,500
1.135599533203712,0.5316805591419188,0.22594773279309718,0.30150473127599486,0.16246556117602726,0.061420815013293786,0.07752530630864196,0.20204567424736575,0,500
1.36015173515883,0.5008347467715054,0.2536168056469869,0.5285713795867926,0.19716845203281938,0.0671121344462433,0.09724896987262216,0.22185460635437,0,500
1.3358765852645242,0.5075042285227309,0.06132678683304452,0.6850255778173547,0.16109039239677905,0.052663048447046584,0.07643185386768249,0.23595593884150476,0,500
1.1433094550650056,0.5455252277738566,0.18183034176856552,0.5541782670087256,0.15769772307346352,0.0562837860009408,0.07340834438436462,0.2412019638767403,0,500
1.071136461510486,0.5624121036009505,0.16447777195065577,0.7112318873940174,0.14739034401212686,0.05306532723272641,0.06624508423498696,0.2729307072023429,0,500
1.1477925152582233,0.5890535262997741,0.14507422421086907,0.5244327958056689,0.16467241402420382,0.05345550185132379,0.06679446114466413,0.2507021104584441,0,500
0.8516788862175872,0.6581000904888611,0.18301422974618592,0.8632280590406246,0.1353368758425538,0.04795583792118378,0.051748680402560414,0.355511263172707,0,500
0.8040612846415041,0.7141487265324233,0.27463552729024626,0.912123853744899,0.14894795024505264,0.04897222342123836,0.05198436332896964,0.4144487413544139,0,500
0.8980794804944698,0.6331036576535635,0.27910214239389214,1.0388825733185332,0.14849608040270504,0.05533099224787575,0.06290073501262124,0.37762374168064083,0,500
0.9395665327352343,0.5982320061666471,0.21576105054667358,0.418290634495493,0.1531473263336712,0.06012651831576779,0.08005513643756686,0.2492629498886843,0,500
1.1040390016809212,0.5980530545440502,0.213176101688713,0.5845503392932673,0.16951074609290875,0.05694583315202921,0.07040734142398515,0.26858171528521757,0,500
1.038935785645744,0.5862621249965538,0.26967378567977696,0.5155431911533828,0.17301387375606175,0.06499742343872648,0.08461401596949984,0.25878723598398956,0,500
1.1462506585465895,0.474202788357135,0.1024687155435191,0.46137935949160247,0.15509909819549297,0.06425157789848586,0.11139957525612453,0.20451718235916241,0,500
1.0802773385586695,0.5167618337175572,0.1299319648550543,0.3873236368489571,0.165585716666092,0.06852084271400129,0.11421591909466694,0.20875455926663972,0,500
0.8170823136533067,0.7058177695694275,0.24946389353183004,1.2169012491545461,0.15009973849676206,0.048319450286190106,0.054926975704498684,0.4703130877292256,0,500
0.9984264704744253,0.6031223044015855,0.19835979782173516,1.0003288908182957,0.15810242731639623,0.056297560003852096,0.0773423530061639,0.3456648689460697,0,500
0.7827072624571892,0.6998733354668893,0.26978275152720466,0.8136305573559438,0.14164396809496785,0.050362267517085536,0.0538289946718939,0.38435173963983277,0,500
0.882088034834305,0.6506094547883948,0.32156114432359173,0.8727566125580262,0.1607542315434589,0.05784316745763028,0.06866566787087602,0.37018380579336585,0,500
1.0951302855231166,0.5888068824169451,0.3279671719702919,0.4343197058996818,0.2063766251556972,0.07424754499454385,0.09886792040913787,0.24994059264266788,0,500
1.0818329784684386,0.5806440841104369,0.25409187544348977,0.8200313519101792,0.1629172263239091,0.05627291827007878,0.0729771344851157,0.30211531431085276,0,500
1.2342531790809532,0.4656209450087645,0.1449105023468986,0.48089216172545385,0.14937118984515022,0.0577254865006397,0.08259975104135295,0.202259890224652,0,500
0.9657720270236474,0.5931736555198656,0.18117724694813778,0.8443113269452976,0.14711731795372296,0.055600495296976096,0.07485631214664522,0.31272407772189503,0,500
0.9688477783267336,0.5591854483523313,0.16358369037249743,0.574083503521591,0.13317337427917852,0.053733417408820316,0.06504272631934653,0.25369823445909695,0,500
0.7668958374635161,0.7107785258708816,0.25532241102918224,0.8848914954498858,0.14231112869250942,0.049386308326917504,0.05507874417187356,0.4077164325857321,0,500
1.0855799454942427,0.584398750675351,0.11928773783371671,0.5168434521557751,0.15653711796945982,0.05410016265599454,0.07090733448884096,0.24854645658869076,0,500
1.0360435064461724,0.5741911392456733,0.26605319815930023,0.7372982663097052,0.17933562447980753,0.06810023804179445,0.09891972296339843,0.29613847629197787,0,500
1.0981577110475005,0.5597200205694642,0.10332912255452521,0.7847956634217201,0.14963574354683368,0.052658998880595914,0.07259263517184206,0.2788590473188793,0,500
0.9981251576870207,0.585606371423315,0.1699155881757803,0.9571148487772951,0.15085418329132474,0.05564117110088019,0.0777774389987322,0.32694438031790224,0,500
0.8233503364190433,0.6804279628757228,0.20938491088547775,1.1434165221191182,0.13813774402139106,0.047649767544933073,0.0538327077349936,0.4238978983105473,0,500
0.9928318907505321,0.6025053758898092,0.12416877012509982,0.8669614485481384,0.14113572519542855,0.049559360613646006,0.06055877312490326,0.31372173801234365,0,500
1.1942198253960943,0.54797400601699,0.2593911508776597,0.585032183384395,0.17822651395947037,0.06301338024563702,0.08205765187199268,0.2479675522779158,0,500
1.3175176368150567,0.4560405856997672,0.1383841439314894,0.4647739498650641,0.16816343621057764,0.06312849815150934,0.10498539110801318,0.19647360084256968,0,500
1.0657461371576809,0.5098119139330726,0.17446673560647552,0.4487533878697861,0.14256559559696125,0.05860703450728585,0.07848816221485737,0.21698641286192924,0,500
1.122217137808264,0.5264860449841152,0.23227721677947252,0.25273139311902537,0.16893304607726664,0.0667720358923717,0.09141315694417357,0.1930728121642313,0,500
0.9720231459478414,0.6169895924060381,0.25901837176237685,0.7697886847086743,0.15943074232211932,0.05738595657985991,0.06944106783016939,0.31878943874793625,0,500
1.356653483988379,0.4929695223478582,0.016637084799461785,0.7129313361256772,0.15787079596426876,0.0512787133461947,0.07787844136004497,0.23400799361474636,0,500
0.8565270500415573,0.6174857317307313,0.26191241162499623,0.8064482939169137,0.1457369617906281,0.058721398370879314,0.07260231280576672,0.3354139777263657,0,500
1.0416511267174384,0.5385222634828866,0.24918133994665972,0.5844481379332254,0.17701259383457055,0.07300252817180462,0.11392425923059452,0.2544133277396693,0,500
1.238049690995616,0.5139785506146046,0.12904689034361133,0.654541614221266,0.16239378914328484,0.057149468317558405,0.08386950473818199,0.24070726970820436,0,500
1.0899790075396103,0.5356051433610386,0.20220682944219492,0.6415536950667164,0.1522114589565421,0.058755168040653116,0.07832101636724803,0.25283908180350306,0,500
1.1556495112257457,0.5714260465917114,0.14818562885620906,0.7684931556424753,0.1600391331767864,0.053052238434865395,0.067795272893347,0.28055896030056166,0,500
1.1899831065905366,0.49986501610351586,0.08312547899935016,0.42703128005602115,0.1413855196271756,0.052212532426243005,0.06828137894126647,0.20354008081197866,0,500
1.1446076520825306,0.5708555430040453,0.17340406056790278,0.8504027780706921,0.16732754178076678,0.056609666146688054,0.07842737725177437,0.29607012746744754,0,500
1.2420569557580017,0.4840352581558802,0.12483672406157087,0.5304434774781964,0.17042011772508034,0.06453131979609178,0.10979527321898774,0.21522664240037123,0,500
1.0699011444788902,0.6185577795007078,0.27608824598388026,0.9056571468128509,0.17328636445026052,0.05649255145249848,0.0644131388996328,0.3398396906008644,0,500
1.1353755289339007,0.54149745395046045,0.23450168831610674,0.27923569951514837,0.16543239722313777,0.062488746459318775,0.07560029857836668,0.20151792382544134,0,500
0.865986682515378,0.6692576540688241,0.2329670028169497,0.8433272701571795,0.14607039596841473,0.050199823827731554,0.053950795447031616,0.36457972622843515,0,500
1.2910726159429387,0.501423207355538,0.12669628728704296,0.45705770157347,0.16360430164177267,0.05686147877974934,0.08030607591395507,0.2075930961584512,0,500
0.9833428822662691,0.6535233345490121,0.2908772907294127,0.8502772585900698,0.17386390569413468,0.05675145740636081,0.06509671736395319,0.3560385322492882,0,500
1.1175501551817049,0.574445025978152,0.12615357107774905,0.6885897894338884,0.15327490858520978,0.05203719494194105,0.06622262327827845,0.2691869111088431,0,500
0.949592875856409,0.6077599776439148,0.23377053352084443,1.2011218866082376,0.15128649649373346,0.05549475087952723,0.07211845594922012,0.3883014829200713,0,500
0.8550224663725603,0.6700042016430874,0.211785707562353,0.9276054536297303,0.14279984051348582,0.05025207275149349,0.05559354936412207,0.3754146397685585,0,500
0.8966670958313653,0.6556480567380047,0.23197472562439322,0.8027050488696843,0.14623012840003002,0.05124187299043124,0.05680380411205648,0.34229969240321456,0,500
0.5981856347389043,0.7255398851622549,0.30321612701964734,0.712993903517099,0.12142664035237502,0.05161196892925798,0.05650346191248466,0.40968555155415587,0,500
1.1753910706013722,0.589496840736049,0.2900107658634498,0.6635495975648376,0.19912795500895114,0.06513961231533856,0.08492344058013052,0.2835356467723846,0,500
1.072553266161272,0.5241641528572509,0.24057482658038679,0.501506434984618,0.15747645979539096,0.0637153767889846,0.08695917084305604,0.23228565284720795,0,500
1.1629311541636993,0.5328466598786988,0.2893466759554138,0.4566671034023285,0.18008373635768224,0.06821025876742304,0.08818555034655928,0.22667926591721352,0,500
0.9263480306140733,0.6218060779722289,0.2104238060976632,1.1515593670760456,0.14607018057979607,0.05289997682093957,0.06620756523030212,0.3842570638159744,0,500
1.2822146781992436,0.4476261681450907,0.15431222674113465,0.5490667839951073,0.16235229831418177,0.06339198177917986,0.10638770372498824,0.20667098778981802,0,500
1.1655375021580179,0.49983183005377146,0.2450777798837563,0.415938567692936,0.16244240643241897,0.06403995788573288,0.0846034564162736,0.2085087743315851,0,500
0.730813883606479,0.691988773471951,0.25978560184177896,0.8794919998743465,0.13987844429848678,0.053582511320057154,0.06612233702807951,0.40207604337558916,0,500
0.8722561481253259,0.652652796944088,0.216279346894102,0.9542824571799888,0.15046229284537957,0.054751028902301116,0.07294277621508623,0.3698727198366238,0,500
1.0044166741013953,0.550952464152019,0.19612810402908445,0.3740161716135452,0.14520863379944804,0.05891121516134173,0.07463863572972952,0.22182185405562624,0,500
0.8512621487022366,0.6738126632788851,0.21300962661064468,0.7696035804769088,0.1460284605725031,0.05039372952694837,0.057029269063647914,0.3530837880804819,0,500
1.1724283600629117,0.5332031903961437,0.23924662160734622,0.3694331439428196,0.17981639344382416,0.06692963442275474,0.0928045926373197,0.2121341330098378,0,500
0.9585461003196862,0.57578526367039,0.23058363980761817,0.44060748895364893,0.15215962410629016,0.061916356733655496,0.07938589964341426,0.2448214358331545,0,500
0.7453558778022673,0.6765535616309066,0.231992171236434,1.2257994050811567,0.13410620620809158,0.05152364267802039,0.06548391324373952,0.4527658512640728,0,500
0.9961481292366446,0.6062588971344121,0.19707757273846754,0.665206472282667,0.14856345396991927,0.05348458650768354,0.06122498086943015,0.28735396268066044,0,500
0.8569293788315221,0.6209526526331307,0.10669751396532219,0.7464644973046908,0.12328504008686023,0.04699319158653096,0.05349714983356762,0.30787737282664657,0,500
0.9862063576447058,0.6179512936067784,0.24400224469647916,0.779323756963801,0.1619444715969119,0.057566290858065985,0.07209828683622924,0.31837620233567515,0,500
1.138060964813108,0.5530654395387914,0.17573481408874003,0.23675883028005146,0.15595290232544592,0.056129736260990194,0.06507747986154984,0.19675003622787746,0,500
1.1265798661978288,0.5212837103232666,0.04359554385021299,0.6170845713485476,0.1390046257669562,0.05113670773613302,0.07202055797851956,0.23621516313076718,0,500
1.082993952579221,0.6094279485334807,0.22225581761725663,0.6114739894693955,0.18249856527025093,0.0608396411930572,0.08229545259684533,0.2824271926560182,0,500
0.8048881244805444,0.6966352248602594,0.3230585634645726,0.7874059047036857,0.15740728992068748,0.05622174730004389,0.06181493173057567,0.38417118768582054,0,500
0.9081657060224562,0.6410832441449641,0.11188707786120394,1.2601749120456984,0.13696971346199843,0.04591964205313473,0.05576181977681928,0.4046049463223257,0,500
1.1879147516161137,0.5431202465658349,0.21749651768717115,0.895084741903806,0.17295724670509874,0.05990437135031781,0.08469823876895032,0.2950759852395812,0,500
0.9525065862083892,0.5862218195060152,0.29764823528837403,0.25843602630093987,0.15489307892464588,0.06374649236566116,0.06726914557053613,0.22183838498470979,0,500
0.8643534711910044,0.669160772219287,0.18047249798234152,1.159759275590982,0.14325403356747063,0.04823675212220369,0.057592915276747036,0.4162455205411204,0,500
1.1871181563132462,0.5183064873252718,0.09815014562482272,0.6814637083607212,0.14693273921943917,0.052898246714826264,0.06832344675102427,0.24432228997995653,0,500
0.7582239900959318,0.6867671805330772,0.30665419895076124,0.6112236889380903,0.14697874063704286,0.05662742387916468,0.06438039304255297,0.34698336215486125,0,500
0.9057368540035031,0.6197875530917015,0.33072977567392065,0.44693428954677317,0.16404732387728646,0.06463452924975908,0.07328866764906951,0.2738765388851899,0,500
1.0857029742928697,0.5649241311803364,0.2296876241460357,0.5749218983765331,0.16194634442175324,0.05973974440943819,0.07619088714130805,0.2550990771124107,0,500
0.9484313277813099,0.609105145948978,0.1420714145472294,0.8817822977792729,0.13905390183430041,0.0498536669864499,0.06015507475938236,0.32505632103527554,0,500
1.0933506271152644,0.5662710644426159,0.1920584293485633,0.6139415520691055,0.1589262146103529,0.05736339572879689,0.07415529585146208,0.2599709587140413,0,500
0.8442442433859902,0.6858244390366033,0.2437638888699283,0.4529403910445784,0.1565400938286561,0.05516206448021654,0.06347993207827111,0.3018559488217978,0,500
1.1282944611175385,0.5670656832386227,0.14657734155848276,0.655073090930951,0.1736313165110863,0.06123827885006963,0.09360808825812664,0.26419604668087493,0,500
1.036434563851185,0.6330156552506814,0.2455348106203284,0.7938210618318563,0.16412920139820308,0.05354617730078753,0.059715056753989144,0.32251666121525846,0,500
1.319249660196331,0.4700415667938984,0.09727024843640793,0.6762010189334103,0.16514921349365258,0.059627971463218216,0.09867648860303863,0.22761829014158613,0,500
1.0901159093866455,0.5875054824678598,0.10934836450837639,0.89600139107602494,0.17137905584813187,0.05860919695839899,0.09313949336383733,0.3107660061720263,0,500
1.0024459261205403,0.5903888253345111,0.15691872415015207,0.9785308880232036,0.14448298713426325,0.051387788697300915,0.06490244310298955,0.33016183985228276,0,500
1.0374960017077024,0.6350740692044585,0.28639074184355295,0.5804111646455583,0.18163375747701663,0.06058720854588975,0.07450677539672222,0.29107152663095126,0,500
0.8960358566786818,0.6096036407152682,0.16086558244923516,1.0754950266355154,0.13336766971100042,0.05061919428809653,0.0617798893791223,0.36068139269985516,0,500
0.9668925721470665,0.5935207464795498,0.20918331826941394,0.6022383255780246,0.14543591701220002,0.05495393296733188,0.0650869214183032,0.2756343444614871,0,500
1.1460599609843876,0.5595378552290384,0.3028924312890918,0.21617008019178158,0.18200829077440672,0.06715625955260042,0.07462385666658444,0.19934273281866585,0,500
1.053618339442494,0.5585816969449138,0.17932187316525844,0.3642619972728322,0.14414925819209565,0.055221034831333345,0.06501335099115187,0.21776871806252876,0,500
1.2762763833088995,0.5085969960015514,0.13822190229518808,0.5536210361507319,0.1591981083641133,0.05439155664715208,0.07095837771407493,0.2237487753055819,0,500
0.8635547226126371,0.6494437937787267,0.2543782667705928,0.5052780617672338,0.14620359799379468,0.05475986884780254,0.059191253049016075,0.2933467584559441,0,500
1.0177936086268153,0.5689772788089686,0.1601637203304063,0.7296065864070814,0.1466469045328879,0.055650223699305404,0.0745240992899467,0.28016035361870456,0,500
0.816024826232114,0.6483435007261428,0.22057558349086487,1.1576760423848442,0.13212684924921786,0.050567827195079795,0.0591247897942911,0.4065134662527864,0,500
1.0827875529766866,0.6118323377479102,0.12207994498982237,0.8873416888297171,0.15141910070332054,0.047887688402116116,0.05574552719044285,0.3154374128158402,0,500
1.299637256790788,0.49808082496235756,0.18058974273744982,0.5089285531759105,0.17099820738220237,0.06051566657603492,0.08638410298401385,0.21482971408761808,0,500
0.9978177062312981,0.6341642610930773,0.30060547823935996,0.77980065754036,0.17990127105291043,0.06175115182879143,0.07784534594691432,0.33211471026979583,0,500
1.117242520531764,0.5788225249399139,0.22038211096376611,0.05338061817258836,0.16953305311676722,0.05999270021357456,0.06505632322182861,0.18157335451579787,0,500
0.9667605391095536,0.5819816228041896,0.27107208157820534,0.6304860964582736,0.15038188044021347,0.05943597551138093,0.06897311579709657,0.27924698845144746,0,500
1.1333899898067423,0.5932403430170555,0.14909301858945723,0.6167738788556657,0.15715305172546412,0.050456247873433516,0.05714574886263065,0.2667113958788337,0,500
1.3370198646547522,0.4517924409752677,0.08176531419500507,0.1947701183544805,0.15302621805527125,0.05664610715125436,0.08384110082465869,0.15754712758592535,0,500
1.2479688715646142,0.47358412274116,0.05433430207691298,0.19182658998268884,0.16160649955104678,0.06228084392592241,0.10300634871999353,0.1635680170670046,0,500
0.7791013513514717,0.6869826120394547,0.10506013095549839,1.5023855212942012,0.12618228191179615,0.04269142965651966,0.05086176019566218,0.4852047452633867,0,500
1.3093317572471272,0.4799338467993409,0.032890517173376994,0.43700588167449933,0.1520787469533905,0.053345094228174905,0.08028933527201391,0.19501300318104414,0,500
1.0571864965068127,0.6032423960823932,0.22960699250126437,0.6085517113476928,0.1632169769676721,0.05623990391628418,0.06604613175355574,0.2773049958257068,0,500
0.7189126206804828,0.7023501517210317,0.3133411803753542,1.017968339190882,0.14072238485755562,0.05327761998837247,0.06033090742113495,0.44618348437861993,0,500
0.9884345220093568,0.6289827782998655,0.20197111825105377,0.8042231702758915,0.15686348438640968,0.05340830708100957,0.06589467004411143,0.3230332912851875,0,500
1.0905697901101634,0.5629459845084254,0.13872489824938797,0.5414396279612416,0.14407841369974989,0.05153360008479357,0.06019937726306587,0.24336067394287086,0,500
1.1551827196624753,0.5308684083757229,0.13341402625259913,0.4817324386221663,0.1627181103546122,0.05988571096900413,0.08887543076059853,0.2243042613163602,0,500
0.8251766394015901,0.648945766535282,0.24652500057484858,0.7349714443117011,0.14488367474308356,0.056344603930752656,0.06871540031152765,0.337267230989507,0,500
1.2430983804629485,0.5315077807472489,0.20333154546718432,0.4788300098187433,0.2101694867606415,0.07525248302512064,0.1262052310578498,0.22577602168506763,0,500
1.2116577989612871,0.5006334529596683,0.1455802108068404,0.37390628692776307,0.1527839271351861,0.05668923118936933,0.0745613551903354,0.19788766044402317,0,500
1.2618516636717783,0.5471206702882854,0.13710610557294395,0.5156862820609253,0.17282346019611106,0.056514983597652356,0.07783925704917921,0.230191223461438,0,500
1.0029901876378633,0.6222613454700071,0.24934560443855117,0.741729149033999,0.16387076312113663,0.056623072694443756,0.06806519141864505,0.3133544503642842,0,500
0.9495981785638912,0.6109985481118362,0.25433703740318786,0.4956816103055983,0.15414276427127543,0.058960713524744454,0.06874665008620866,0.2672494305026358,0,500
1.1547708165249824,0.5316885489835917,0.3801327501601088,0.3256208763804404,0.19159393455685195,0.07368286231620222,0.08312667331415399,0.21080394507341715,0,500
1.163054847545325,0.5717621575301249,0.2737124919120009,0.3948101281392443,0.17659819227417167,0.06065539881916031,0.06693695963250942,0.2302002235697376,0,500
1.1082541141724687,0.5430043051128265,0.17298953737265904,0.5791049886093151,0.16602295913534013,0.062446627916889604,0.09262345118159358,0.247103365402723,0,500
0.8499753637248731,0.6282933265648469,0.3407448319686571,0.8496565601002057,0.14899181071592854,0.05999825827534118,0.06530289530472544,0.35354367924054314,0,500
1.1100424532741793,0.5928349283821924,0.18431756388216802,0.7787112296812126,0.16239830439170783,0.05320114398767259,0.06421589457872809,0.29705929145376675,0,500
1.4048348808373254,0.473757786585063,0.10110431607381148,0.4730298991344135,0.1663754974612665,0.056051894499198854,0.08307365872546166,0.19818982528675375,0,500
0.9581406701362312,0.617005732583124,0.2711723441099979,0.8778742849368685,0.1683685093539582,0.062168688893133976,0.08445061617440612,0.3413657322305009,0,500
1.0451658333355365,0.5702626968669225,0.09738206066832937,0.5764518159793717,0.14549181024684074,0.05320303804517812,0.07185366723737219,0.2521254844904462,0,500
1.2227395471139748,0.5341828872249643,0.16590355917042873,0.2957995585680948,0.16752423616430656,0.059731321370206245,0.07399210915923715,0.1966734084596139,0,500
1.1115090932397622,0.568051337606543,0.1496449333806006,0.47709726953932,0.15548876827142236,0.05483302056012643,0.0691246956148311,0.23662668208608745,0,500
0.952905477675287,0.6024714818210058,0.17547723548054392,0.4574137685745905,0.14336747197583763,0.054213302412717795,0.06418799091919664,0.25404316137393906,0,500
1.0917788087386002,0.5445486048952766,0.15502878765237707,0.5098338564314744,0.15016295698444312,0.05647359695008275,0.07466087236645302,0.2344970407653248,0,500
1.2820368236609718,0.4913798864643225,0.10870763120157505,0.619422143901464,0.1793590453274385,0.06546531956957348,0.11453702923703116,0.22844241876935242,0,500
1.0212519004252714,0.517371944217206,0.17275889157865054,0.42685442833651904,0.13954510825847596,0.059329917225544176,0.08071883009594594,0.216710350565646,0,500
0.887824288220827,0.6667528447910203,0.34145066675855634,1.2339701138575176,0.16631105312016758,0.05795512019173645,0.07017090800196327,0.4473490889925623,0,500
0.9913844444875476,0.5948592719186077,0.309159466276977,0.46079555080759677,0.16288929037546077,0.061699855130428014,0.06630336151159666,0.2595004401432972,0,500
0.9514509065792176,0.5800122361630516,0.2781622060618878,0.8103562303037413,0.1502464137983559,0.06042246876554035,0.07298715401632416,0.31026894979434894,0,500
1.1838016185462685,0.5338375163966637,0.1538042861227306,0.42690479307679835,0.1597999065448226,0.056953882125883606,0.07435435505659574,0.21695494629852688,0,500
0.93088787768562,0.6649534772698728,0.22265156099735717,0.9802097851167993,0.15535407744354948,0.051056666327070385,0.059738265062693904,0.37764323067638395,0,500
0.9202055210522698,0.6474679917738261,0.2850499543951903,0.7664175675309158,0.16339146341817293,0.05786649835037127,0.06788945452461152,0.34007745075047235,0,500
1.0745081328586843,0.5815716299035689,0.16756559244529218,0.4989755236462234,0.15765550988429905,0.05619948434579654,0.07216892774384624,0.2467637906418174,0,500
0.9700041796952387,0.6602273117192103,0.1457312230209825,1.088522638051365,0.15280290884616446,0.047708167033444375,0.05840868213207498,0.38270069009060464,0,500
1.0299439537424016,0.5980755136900513,0.21104470796106276,0.9329216395732363,0.158277485413332,0.05551794822620975,0.0709184273327914,0.3297297178691785,0,500
0.9974553104854249,0.6271494126966279,0.27677521892601203,0.714661550865355,0.16229810518112295,0.055992287231278325,0.06114691420416863,0.3125743295360561,0,500
0.587525852168321,0.7565935544008341,0.3599981943555044,1.1722260419777464,0.12755556895806625,0.04902600737092965,0.05249017596635354,0.5546835918934283,0,500
0.8633524752960264,0.6230149378658092,0.2135464997808745,1.0325999499418255,0.1351613657610331,0.051416401646550466,0.059965493313588594,0.36968552761766044,0,500
1.0980689233534024,0.5422093742466939,0.20406233484515948,0.868393442597626,0.15755856503883459,0.059250698370416424,0.08274842675774792,0.2912920893965336,0,500
0.9604647692622705,0.6095749922953231,0.30253355943664645,0.4976697034127645,0.1650489002425598,0.06287217991678924,0.0732110402085555,0.27205476522981886,0,500
1.2701714810742755,0.5354639490715893,0.20836761019307842,0.5888100140901718,0.1730868185489323,0.05800216010107815,0.07356279557075561,0.23932843339525933,0,500
0.9433866774241316,0.6387512328542019,0.22158106502015093,1.0323920647661886,0.14606644256454615,0.05049513006335967,0.054313241529521536,0.3686024402634477,0,500
0.7924802880296044,0.6723880772029535,0.29130288167565427,0.5982086273168071,0.1424561241254341,0.054709482394010134,0.057989545992216666,0.32946414125093554,0,500
0.9688601805916242,0.6192530507361517,0.1748113263957128,0.7624590776917648,0.1446182918434464,0.05113759726452625,0.059581479092777084,0.30822863519829813,0,500
1.0785507096282059,0.5582033221596248,0.25349375307275157,0.40800926778266655,0.17985275519863947,0.06911578178249655,0.09726171170446854,0.2301954292710247,0,500
1.0239163120135792,0.5589322990238406,0.0738659035943413,0.9295512862770648,0.13186517834641923,0.04809206362601514,0.06080226917334365,0.29968915790926276,0,500
1.1077046463119524,0.5465731038485501,0.1616212902834748,0.4781404312858478,0.15590990399995353,0.05789834492689166,0.0775625272556412,0.2309246706465002,0,500
1.1223413241245783,0.5427483376618069,0.18528615177929691,0.3930891391644496,0.15999604842618484,0.060124592585478816,0.07945895731769309,0.21681615371740778,0,500
1.0186456462770666,0.5777194430123681,0.2011911093541854,0.5711912318423503,0.15236610964267544,0.0570588005700574,0.07035953662852737,0.262932620150049,0,500
0.91837792056836,0.6118637085278659,0.2100784879902816,0.8069062176588047,0.14064572985161236,0.05267464836216617,0.06055225326796682,0.3206286451090486,0,500
0.8759920159627039,0.5980095013166312,0.18217389474914608,0.8004674176366469,0.13089310162379755,0.05313349342986747,0.06449900866885458,0.31204734888046304,0,500
1.0086680683894764,0.5727713471036813,0.247952584401698,0.25474087485091457,0.15682946579171114,0.06265105181858657,0.07385887358669087,0.21133022436004859,0,500
0.8753802425937687,0.5989044177937776,0.20084289110049552,0.6258547260517046,0.13213985758526448,0.05404798800774951,0.06311717023053849,0.2851464362671508,0,500
0.775692217492345,0.703988191016675,0.29782785846259446,0.46279092201567296,0.1487490409054257,0.05342675652042233,0.05489234998092386,0.32600872378282325,0,500
0.8883288072111052,0.6537055037074934,0.1978724762732958,0.8451178811218506,0.1401789598162255,0.048735820654903825,0.052355290427120546,0.34782065774136556,0,500
0.979731909842491,0.6024031910955265,0.27943271873386644,0.544697608491205,0.15905151852587246,0.060185972716325975,0.06949326734716389,0.27258631565877084,0,500
0.8968274899701831,0.6423955333525246,0.22109153698679923,0.9855733837313784,0.14376349209391862,0.05109284571430137,0.05909032420172112,0.36851468287897166,0,500
1.0828535862100228,0.5549084744931799,0.2476930351293162,0.6043155650183951,0.16605194556783692,0.06264416898740367,0.08220096935459237,0.2596309638055467,0,500
1.1714070008083768,0.5783197579918921,0.327588059978429,0.49166221152680334,0.19227030449989327,0.06596662290320986,0.07316019819628312,0.2503212608167599,0,500
0.8730093534617579,0.5848775997752154,0.26154706790774385,0.5892758419534516,0.13907252208779747,0.060355331653283016,0.07199310708623081,0.27846049763936187,0,500
0.9266968038788169,0.6197820219092485,0.27295394657440286,0.5513835504908107,0.1543897051726204,0.05908273958539736,0.06718596170956707,0.2839511291530357,0,500
0.7931625845392153,0.6700631121990629,0.24231860555934018,1.2316998447751188,0.13331882831384992,0.0490310842921166,0.053276876342806985,0.4414574648504391,0,500
0.9977288510586381,0.6395293872879568,0.2060807039186882,0.6274552251250742,0.1577066086989148,0.05185283578663205,0.05660087230149869,0.29956321595684715,0,500
1.209482015139808,0.4474461251715944,0.009121985375506708,0.40845736994108683,0.16259282737837008,0.06814739917910352,0.13680994915321876,0.18544927045039653,0,500
0.9711943498517857,0.6066163193845951,0.2006155985614471,1.0306033601321056,0.14745294053464666,0.05339345469227768,0.06649044656952324,0.3500104533607457,0,500
1.104907076770071,0.5522291909059133,0.1426221524964883,0.5020010914694675,0.14935779506745278,0.054676544717527586,0.0702005518343605,0.23419343650824728,0,500
1.089033470705393,0.6019063337307614,0.2123103547681826,0.8721919708057361,0.1642337488609988,0.05437573420545642,0.06629784861272485,0.31728272554082987,0,500
0.8885907616021248,0.6220810163655053,0.09921441970840247,0.6431428561651197,0.12927099024551306,0.04837218861506533,0.057685656492038634,0.2884393050028914,0,500
1.0695097858731497,0.5632516739245108,0.146084642976895,0.49752379911641115,0.14568987859264965,0.053815630737063413,0.06699885500793412,0.23778079050927314,0,500
0.9957502754326844,0.582987650521239,0.21982671238554805,0.7837381851324706,0.1549347276844394,0.05844989923734071,0.07932952806603721,0.30103527216824205,0,500
0.8136168322004479,0.6797494139934328,0.321258567908442,0.9861373549762713,0.1534830730391102,0.055984608255702915,0.06457940790764376,0.4119890130322568,0,500
1.0807397161007084,0.6345663495073111,0.3109022210527638,0.6047978364746656,0.21686761437575064,0.07028551889031363,0.09593541283236072,0.3007726234575217,0,500
1.0964756861246565,0.6043349960662973,0.19409795754440576,0.6864682660637875,0.16073891929697384,0.0528389283053649,0.06116281880156227,0.2851009778538533,0,500
1.1678446550058066,0.5296241101491205,0.1348667999116379,0.53494869382259,0.15713230938186806,0.05715961520051879,0.07990039386280633,0.23021234611067729,0,500
0.9053586817279882,0.6180739510740574,0.08556008123392551,0.6265409626044363,0.13250310708166954,0.04893866877163802,0.06030447707360704,0.2844038876470021,0,500
1.1387698409094655,0.5897896154868341,0.18846560787447986,1.0622555044010165,0.16409632444427033,0.05341645985434141,0.0658797319652474,0.3368025588510209,0,500
1.2678187004396744,0.5233857658987533,0.045796022723773554,0.7696738766548986,0.15159691533750122,0.04971058976026067,0.06864094822937089,0.2526879275067803,0,500
0.9829898821532368,0.5962826667342358,0.22246769935132324,0.349207436266354,0.1520065835935561,0.057153834474550295,0.06356346690202845,0.2379780695203232,0,500
1.231173003011502,0.4473031503098477,0.16019701097972242,0.12810728038205746,0.16925694610229813,0.07098049935001799,0.12050561911659344,0.1521489985185582,0,500
0.8751280340689829,0.6335875152341477,0.2549461442462248,0.8518136306059332,0.14388954158253628,0.05415227342359458,0.0621081717990941,0.34656222285583455,0,500
0.97445498934656,0.6091860037982321,0.31470457444069877,0.6549554549945679,0.1712446511965391,0.06426357398112037,0.07879807801280508,0.29959524060241904,0,500
1.1780112936866827,0.486596982769618,0.055838296691485025,0.3633368859811841,0.14715947573413918,0.057291340196104615,0.09014608336360094,0.19072282066874383,0,500
0.8671331689542838,0.6514108536294732,0.14878524875118743,1.1133810555929662,0.13528805118308146,0.047475882027643475,0.05762113597802567,0.38896588057719894,0,500
1.0965714250570295,0.5680140604286888,0.0647295628080987,0.5272045074401375,0.141814999133193,0.04868223257965802,0.0594558099608084,0.24037785190983657,0,500
0.939532537209793,0.5708032015619241,0.05520868291453889,0.21865069446719368,0.12711922560506914,0.05169186498406249,0.06421030572330244,0.20031548625125864,0,500
1.0274996479659206,0.6009110697103255,0.2761356001982293,0.7696545967119378,0.18693136377235153,0.06789271014339897,0.09774502507947509,0.31393457662222923,0,500
0.9776588642195163,0.6068908818897616,0.2532796016568276,0.6870032328247923,0.1543025905009805,0.056544669506448195,0.06449481049996518,0.2981030121170444,0,500
1.2351591293888389,0.4725082766559727,0.10920380883794865,0.5168707285742115,0.1575973366463765,0.06075335279331946,0.09947178664034509,0.20851241604448387,0,500
1.180789724998443,0.5355707690916426,0.13715889410538265,0.6578497851032175,0.1530358857466022,0.053318328998858515,0.06795711910169969,0.2496867274931897,0,500
1.395583807112754,0.4599801368459673,0.04628806879656585,0.46529280018298746,0.1872856956618332,0.06718999527301425,0.12764561108882158,0.1938323335094542,0,500
0.895885791990514,0.6607488868663072,0.2658205663803801,0.7459982209179989,0.14964333506893024,0.05172924465408977,0.05278513501480203,0.34097264109463654,0,500
0.9857502994910357,0.6018561347576141,0.24426752354025036,0.6785162050664431,0.15204074597106113,0.05569531742649208,0.06196750115293612,0.29360165992823406,0,500
0.7988500625020959,0.7002956306750131,0.34760261829960176,0.8125384896929257,0.15794277449465707,0.05481512773632606,0.056443642212764523,0.4021349519167568,0,500
1.0271011906877263,0.6222333048906912,0.03543679337668811,0.8469506348100031,0.13608578222855502,0.043143158708250126,0.048259415850568026,0.3067236214018301,0,500
0.9651618578001818,0.6408993206659683,0.2047134916940901,0.7735578556411697,0.15243531374100747,0.05160457510168063,0.05926556411989817,0.32425122117536315,0,500
1.0189316378655546,0.6047433049769253,0.25290785839394153,0.603025839915175,0.16234447114892087,0.05862156049276213,0.06955464867801286,0.2796537567287652,0,500
0.9021998955137583,0.6188083476104335,0.18293401142796495,0.7874325833149765,0.13947283805538577,0.053043396322650344,0.06414746807405315,0.3178663781719985,0,500
0.9066746750028579,0.5913467941698143,0.22399021729605548,0.7197708289180993,0.14101360440894126,0.05722047116798045,0.07137900836349846,0.2980013942337046,0,500
1.2768679217808392,0.5028232735710193,0.4176336456778628,0.22037452137656646,0.21677956648002386,0.0804578536549649,0.09327331083563861,0.18394287800668138,0,500
0.9096168389931317,0.6117777965475442,0.10863957372326391,0.7903107456340314,0.1330078258090871,0.04943579179320235,0.06195498038651403,0.3096304372957473,0,500
0.9346543959746917,0.6159285091705013,0.25511037184149865,0.5607044342865507,0.14715039656663015,0.05527412552691348,0.05827207929364496,0.2829422988322025,0,500
0.9699674224737035,0.6106773137352349,0.14957729797198085,1.1408132771534176,0.1498989504544305,0.053423632566118956,0.07482459504183771,0.367902773176202,0,500
0.9157462889015229,0.6448444505757528,0.3008249009427944,1.0668381369935265,0.1589475104549899,0.05622517115847541,0.0646158188043778,0.39520356815679863,0,500
1.1568870868025034,0.5583255202370865,0.21715945775553078,0.5809461240315179,0.16625938274555338,0.05794483611297337,0.07167828671749595,0.2513288781848191,0,500
0.8805542827814237,0.6484825366337369,0.21958179090710023,0.9807806965631765,0.1424740631866819,0.05075130630803875,0.05780895218260532,0.37230776634217094,0,500
1.2074276077465718,0.4756612749798813,6.120264475659497e-5,0.4498021130839829,0.1145504714567857,0.03981218741974814,0.008346177833856116,0.19561307611416193,0,500
1.020350508986316,0.6221638610419629,0.15664325553594213,0.6703305538907374,0.15423591418195437,0.0517848838851001,0.06362344391286402,0.2912992821901086,0,500
0.9542677595403515,0.6183678934767145,0.34068200201793647,0.6652166541053152,0.17607645174896255,0.06696571054163944,0.08427274124483684,0.3079746832993868,0,500
1.0395221577158278,0.6253618009963928,0.18784120016743347,0.6811686558850409,0.1633470368849368,0.053945336945245254,0.06738245038525234,0.29764301284294825,0,500
1.0791772949684417,0.558390090895775,0.17942016636034058,0.5043957299224602,0.1553944985479698,0.05766773617246203,0.07504054251047299,0.240788754102711,0,500
0.7768822486772943,0.6785095104912786,0.12896760293481074,1.3314810463263151,0.12392419546672173,0.0439236099489046,0.051802162765469784,0.44732273631839,0,500
1.2113373881283778,0.4785646696174755,0.08772862121433254,0.371758826133978,0.15140683050385248,0.05877731177678466,0.0920485666962531,0.18946882820144914,0,500
1.0584285081378086,0.5911902584653268,0.05784489170083983,0.6772600245621694,0.14105660396286226,0.04756026026681235,0.058308746738354914,0.27147098361429056,0,500
1.0971305418350883,0.5458148692804078,0.036420872334009174,1.0424353667826443,0.14502656850039203,0.051055156031150295,0.07744843588213599,0.3091719902623803,0,500
0.7200425025030216,0.7404841351908219,0.2789081749869163,1.6329428140405258,0.14324803138621608,0.046331635667991804,0.055260860155336856,0.6039328459269756,0,500
1.1166564030644386,0.5620918905485294,0.11621861884406921,0.6591518704277768,0.15341845293756315,0.05394221903710019,0.07340289196045736,0.25943451977782817,0,500
0.8473868845874282,0.6507920877773326,0.18124825422724025,0.7770574964328401,0.1363732729579369,0.05073999706130196,0.05950419006958833,0.33442994572760526,0,500
0.8807843030033358,0.6485474896199823,0.239900029499241,0.5293116278281175,0.14843017297100092,0.054718179015149186,0.061613956946394856,0.2943672485016958,0,500
1.0447153192508343,0.5588665119170272,0.09999520506487342,0.853069397221257,0.13967431117389364,0.05106009361062872,0.06788893722289557,0.2902487963199455,0,500
1.204721109710375,0.5877234375723698,0.1471546626778021,0.9096088883487686,0.1716000182077513,0.052780853555017666,0.06972986778622085,0.30718456384176557,0,500
1.044707164330338,0.6128190353868529,0.09216680787620472,0.8452411474544747,0.14510306005392082,0.04744652223599506,0.05758066648737666,0.3074303758829681,0,500
1.1382305384198788,0.5382565118646082,0.11419369597897534,0.5471238343990943,0.16134433610540092,0.059316784823378765,0.09034797694501188,0.23552915612814318,0,500
0.9365937575291771,0.6260539775387283,0.22699382338809856,0.6657726010042397,0.15032440785593557,0.05446332466917353,0.06280821157860952,0.30426183616805036,0,500
1.2850678154870214,0.5162025576836785,0.09951550847245084,0.4484298181363601,0.16039905453940762,0.054365499841952686,0.07421944652478327,0.20863115137962687,0,500
0.9679838909192339,0.6289941563417083,0.12419156108160088,0.7899331557589648,0.15321969268812696,0.052260288035852094,0.07571944251790091,0.3143490598539471,0,500
1.072116540300427,0.5568319232164769,0.12017153264638689,0.5264623455286732,0.14713569943172347,0.0546074112888832,0.07294900681164157,0.23985352315341277,0,500
1.1458836106389507,0.5438327381260988,0.1272125509226323,0.7272729022098212,0.15325515519978092,0.05427284559590492,0.07435213658709118,0.2627740907435718,0,500
1.2645760159541992,0.46234338085939675,0.06071354455351217,0.4446373422506318,0.15641066817651056,0.05997705580271621,0.10318039973604673,0.19352093467000994,0,500
1.0752660231730908,0.6059671111768402,0.20949861024098954,0.46184897459053276,0.16894770419683255,0.05740832050375218,0.06998032972523242,0.25375663949089106,0,500
0.9463366004214733,0.6686817776988094,0.10886910881236758,0.8851614031395936,0.14130657565021223,0.0431885860022413,0.04697370673753954,0.3481704781915459,0,500
1.1763313023270399,0.5378008582386935,0.11778707668219608,0.5207911958473413,0.16056210067112772,0.05777843751274966,0.08114497424029228,0.22948355248339394,0,500
0.9293778083358183,0.6133619069169717,0.15539490927333793,0.864796344066138,0.13889056815394404,0.05106435373754227,0.0634437841108128,0.3242444311335548,0,500
0.9924953602415785,0.59094272835474,0.23186732908220634,0.7545080260166906,0.1561229625334373,0.058784958927892136,0.07578227273160405,0.30008864715283284,0,500
1.0035282083415602,0.6336344861423724,0.1253290287576763,1.3617854836533292,0.14893574201354387,0.046549894926107165,0.057771609134071186,0.41140842332504257,0,500
1.1709102800017146,0.3981786816059717,0.016554734512153543,0.3314516255208642,0.11135226396039648,0.046857246334460124,0.05893564336063526,0.16590340928136116,0,500
0.7819089186778917,0.6408833598424412,0.12625972395695645,0.8772289647758063,0.12149141138042201,0.048835351022119056,0.06140316121323727,0.34507405014791653,0,500
1.332673918065026,0.45290422253011114,0.006789318226893826,0.23857262808276994,0.14376361372255075,0.05198999702980393,0.07717139445528483,0.16213726839048212,0,500
1.063394167328543,0.5447231671073525,0.21280688242295942,0.6008315210345067,0.15293559413221802,0.058641340609746274,0.07657734432224561,0.2538768696302431,0,500
1.060465865937961,0.5877135214351347,0.19871322019196314,0.40517507360310917,0.16382949550416642,0.05971426540690665,0.07575069940768661,0.2362396954407925,0,500
0.8235844877405716,0.6891887418106581,0.3386414891410612,0.6920250692052463,0.16080894431010365,0.056211421242744246,0.05893410818890511,0.367426863638769,0,500
1.1837694096218738,0.5073982532252757,0.16855268953226843,0.37039495867839567,0.15194545031273865,0.056873896008811625,0.07361239137315351,0.20054568937655334,0,500
1.0884489976949807,0.5572783133496456,0.13201817416925246,0.5246534156672098,0.15045709867094673,0.05563208902749423,0.07369463955264813,0.238878117107999,0,500
1.1417376511078716,0.5406094869274316,0.18166064318956313,0.5130003316144797,0.15476749191827774,0.05603713032475628,0.0694983291804837,0.2335099549057561,0,500
0.9239255504448775,0.650920091223853,0.2401358669899707,0.6571961331736654,0.1555075283041133,0.05350995688154145,0.061111747047695404,0.3170305132418438,0,500
1.1853999527246324,0.5217116759051372,0.14704423554827645,1.0327495064114263,0.15792233600641226,0.05560412594311073,0.08082115228146518,0.30289281970655096,0,500
1.271796451496429,0.5275257498304085,0.1581875007136857,0.4125652186642072,0.173083799611813,0.05934771805743409,0.08189160132026531,0.21056750736147636,0,500
0.8855144729588399,0.6035728674472488,0.2843681970183795,0.551072734442955,0.1570514379511893,0.06630289751148362,0.08490180007993783,0.2807515950984855,0,500
0.989564126550556,0.6454366080978361,0.22460341438790177,0.6630879839881197,0.1607437434098262,0.0534088804254126,0.06082478238863253,0.3077917357477314,0,500
0.97519844831153,0.6267955382560294,0.27244758739743674,0.9260871518311868,0.16728622435708426,0.05867480304272293,0.07446483710566144,0.35350079298086046,0,500
0.8961084275377593,0.6288503811588076,0.1832977958324295,0.5863809379948565,0.13636375644144957,0.0510085256181827,0.05561721092651094,0.28842037490828876,0,500
1.0025785824398845,0.5832280232087279,0.14899668416075204,0.5005160285354625,0.1431746398487042,0.05321146795100802,0.06493698733881022,0.25009079733000733,0,500
1.1849494502937803,0.6108219308691226,0.25800064410935625,0.8734474797188995,0.18827551781497523,0.05731004310892604,0.07013143002162582,0.32186714601663985,0,500
1.0357363950269098,0.5731656338695515,0.07059570239057893,0.9713708131558147,0.14004148405786268,0.04928820384246529,0.06604120704838015,0.31332905765157676,0,500
1.17669489780031,0.5318866354310314,0.16293717153227277,0.35426646053617267,0.16011473475831495,0.05846510848836363,0.07742615223375211,0.20513552234290924,0,500
1.0703102076939577,0.5489419745634031,0.0459927970607625,0.9569331770212092,0.13505283556882997,0.04754993237451032,0.06133825601348052,0.29815022367511185,0,500
1.1600995575802493,0.5292143715658871,0.25555350324111265,0.5028447114146677,0.17159289632347108,0.0647368769516885,0.0862391931650554,0.23084264221156323,0,500
0.8065031401461082,0.6995361148587158,0.33481653517527726,0.4409249554489192,0.16334881803931559,0.057416987333247745,0.059934284452761055,0.3236259008366659,0,500
1.0594399722669339,0.5380045938753719,0.11702464000419495,0.43621327362097784,0.14819984086427332,0.05823031644177986,0.0841180809689564,0.22152892392814122,0,500
0.9798719990325376,0.5857723131961602,0.20056135511627815,0.4666407937363672,0.14461753497689625,0.055671630712087035,0.06506450733440984,0.24863186521122813,0,500
0.8283156670900378,0.6920905362912502,0.3394187186785487,1.1119227039868276,0.17089855905040466,0.059647215499666055,0.07672806499991189,0.4506627010249916,0,500
0.8524435819322984,0.630817038030321,0.2868422839707787,0.8321824386302263,0.140956106446329,0.05530160011633107,0.05898824679154873,0.34512943855646466,0,500
1.2812031514115538,0.48928769129516925,0.1861573255975169,0.47579719833213485,0.168176756858122,0.061140762950870446,0.08640861057327692,0.2089525351274372,0,500
1.0592291657210238,0.5764100224174606,0.16758808124584332,0.408886425329306,0.14919467212190848,0.05445642426680836,0.06399892688226136,0.23138864520803284,0,500
0.9651889478085693,0.5846783375987554,0.10584068131646782,0.5579138844818962,0.14120614887703586,0.05426397555347524,0.07400501422826733,0.25839085234622333,0,500
0.8903975357652665,0.6631592276458167,0.23668382840752747,1.0667401304701534,0.1487071308046454,0.05084835825879955,0.058869035122339236,0.3963292697369719,0,500
1.0379133345522071,0.5865285507111057,0.2500092196939612,0.4891169600067622,0.1613527079530087,0.05942093342808652,0.07023221912497742,0.25369898939310753,0,500
0.9089637213300502,0.610564647019798,0.14290871120910317,1.0508471637780195,0.13869664238513932,0.05176005403704519,0.07013154334361132,0.35585584975758405,0,500
0.9465487149299351,0.6463075312613902,0.13890733849050707,0.6361424658332866,0.14079921741071094,0.0473680645999036,0.052470490821752924,0.2966719955193553,0,500
1.075531079573499,0.5315396509677006,0.02860025433654845,0.41444087571650984,0.1339601249214275,0.05086527628984531,0.06869961382543444,0.21183415190915517,0,500
1.068287293070363,0.6172036449783994,0.11816670547574283,0.7794422955726503,0.15263235720774146,0.04867249174431618,0.058207974883382314,0.301743305877919,0,500
1.2484164214529039,0.47717083718256104,0.058791928489123776,0.6404379268103992,0.15372839988866882,0.05664047953516823,0.09313096964676155,0.22524046456513738,0,500
1.1208274532683664,0.5220583952844091,0.22342666029366917,0.46089022508994554,0.1558742030396962,0.059706838656501,0.07673810563796632,0.22300393078044534,0,500
1.0739531759525571,0.5730934470757447,0.18117301006861755,0.44745893509485424,0.1589439335441055,0.058318464329207696,0.07566020300083547,0.2362916216268502,0,500
0.8405595585976515,0.6198135573809527,0.14055145112972725,0.7395420934958394,0.12855552852847832,0.05132062977707426,0.06482140393860056,0.3106730584838662,0,500
1.3594879177039818,0.4543579286551526,0.07515288906643534,0.2384844587416087,0.1529846319779698,0.05544052083017747,0.08079603880673819,0.16301607686913994,0,500
1.0984944515613526,0.5518523612680825,0.1339658548073789,0.4324827838474259,0.14675788819723623,0.05385415086312905,0.06667656480951391,0.22417566549532672,0,500
0.9067527551075163,0.6529986124632936,0.17278706403950747,0.7711959601654967,0.14012899063090628,0.04801521375905021,0.05229884916210353,0.3299024541868618,0,500
0.9781387138360803,0.6271171969592324,0.26513989093308926,0.6031804200003053,0.16550352675401608,0.058592227676340404,0.06972361594641618,0.2947811076559136,0,500
1.017961180677464,0.6034952904407674,0.30721986997414674,0.4622238788721327,0.1654503028662336,0.06010219637614076,0.06211820064315958,0.26086147732907,0,500
1.0951288281316174,0.6064421379069233,0.21686427647014012,0.9618867572443993,0.16447264778800877,0.05348706491745391,0.06446424813247614,0.333178900223042,0,500
0.9417424806944305,0.6084036014575727,0.1686605847181625,0.5650524660293569,0.13984379115525994,0.05212580596985384,0.06037555899146943,0.2739267723094557,0,500
0.7119672239861936,0.7254637706119718,0.2361685823010548,1.2769825170497218,0.13246969978780945,0.04533487932349473,0.050135840857730075,0.5041052581552072,0,500
1.4014266583902797,0.4621625265509003,0.09794160153454755,0.31378954395870906,0.1886943864935886,0.06754259527368836,0.11852073363342629,0.17532330385936523,0,500
1.0365304283745893,0.6213884231406681,0.3392215571007841,0.6787831377504812,0.19424604983795035,0.06691236290825724,0.08385225728427874,0.3111771091138705,0,500
1.1831620993712801,0.5326698227055278,0.16843746831191622,0.4909352310896022,0.15585195687794406,0.05527167936103084,0.06782166742471889,0.2258494082483204,0,500
1.3987861490328575,0.5011797432295306,0.13733268503507767,0.4185392472146632,0.18174287568748473,0.0592287582205037,0.08600488054775175,0.20065955174919556,0,500
1.1112437640397008,0.5635354497610818,0.18083012257207515,0.8866166756263218,0.16056725803079658,0.05601300422953595,0.07504697985771444,0.3025760713602797,0,500
0.8980812734646809,0.6180045102787429,0.2119242181835059,0.784911591886215,0.14344888578535384,0.05540179144679604,0.07003409994095416,0.3193277718877426,0,500
0.7858064976573219,0.6515880536419858,0.15289627556045773,0.9645208291051147,0.12503537253086713,0.048820211493602085,0.05544992251736483,0.3715300816967129,0,500
1.2104460069860319,0.5337390088406722,0.16778188620012838,0.2167639426517418,0.16296181660309386,0.0577164548236848,0.07038606505413095,0.18646325702365874,0,500
1.1975384988254816,0.5439221412623401,0.22762491025325965,0.33440912740642725,0.18011442578548237,0.06424160675088816,0.08536744879471049,0.20870661989158748,0,500
1.2114994715634013,0.5316475524989506,0.18436193856584773,0.6016234031188018,0.15970813014873003,0.055299073612439145,0.06899498288467139,0.2410701915586588,0,500
0.9038490788208141,0.6009392904737745,0.24261130403846717,0.8728355892337003,0.1459969710759718,0.05795380518800735,0.07375269563090371,0.3321059518396567,0,500
0.9297966123772433,0.6345871097574216,0.1701762079866965,1.0173660632996373,0.14200909480118495,0.048952074345134405,0.05677990702960394,0.3627827203608877,0,500
0.8726174289266273,0.6551248501857873,0.35418662527407274,0.49274440598394564,0.16308976759888527,0.06097936643044397,0.06240739270710507,0.3018707333687447,0,500
0.7743509623582763,0.6805282355663375,0.3276610622544629,0.6855009514599127,0.1490853220730747,0.05792905315239633,0.06496379157097415,0.35624035538106025,0,500
0.9475654324597678,0.5572710339946547,0.1534522573585835,1.0877135567018412,0.13453444570350165,0.05382832340846656,0.0736254085424837,0.33772016367796037,0,500
1.0367823867637644,0.6060714735140311,0.20078857555267884,0.4778825813020474,0.15429830419416837,0.0536195913900955,0.05956450514277052,0.2561766561070064,0,500
1.4331416222883682,0.4374969136420753,0.17117570170155497,0.3874701600212035,0.19784284797642884,0.07321618680544795,0.1306428651010728,0.18089071464823786,0,500
0.9856012271652003,0.5966219884373215,0.21630306957342366,0.695558683922721,0.14950370157615814,0.055306290207052244,0.0662025530010457,0.2910690548513251,0,500
0.9615324867308661,0.5733656910586935,0.2714030446140122,0.2743536956917965,0.16302622803946798,0.06765278111930416,0.08546068830207586,0.22021536707050998,0,500
0.8292112836579023,0.6493494116094135,0.24198583141159316,0.6306249001349016,0.14879084066512754,0.05764685426380498,0.07249683138567778,0.31891294709747015,0,500
1.1489848964399234,0.575036271539228,0.14330506726095218,1.054021884594378,0.16246862400245843,0.052781985912863566,0.07193651772068321,0.3281994816417784,0,500
0.8603982331570433,0.628458915831277,0.2633554307538663,0.5910202162442835,0.1493411005491744,0.05917337567259043,0.07005404861219235,0.30150361867988873,0,500
1.0737309569812077,0.5175112088349887,0.15290361009694134,0.6927890556528877,0.14265126933857597,0.05629222055241601,0.07700527819988687,0.25440020439887345,0,500
0.8363874964572983,0.644212055633779,0.21756796435196415,0.681207133796383,0.13945071273653736,0.052774074625984824,0.0640027204064622,0.32169867324964935,0,500
1.2818586890223336,0.48955186151021235,0.11442082640046135,0.5597478736662904,0.16309675376165236,0.058278261181958384,0.09011928163076759,0.21809466277543996,0,500
1.1414781563937197,0.5490544095414244,0.22238341823006486,0.5864422674741414,0.1744298476170029,0.06376215991126727,0.09025033146557328,0.2505978128880044,0,500
0.9253646523193425,0.6308170937632788,0.3355784027441367,0.6377493969537388,0.16685929969520355,0.06210409580959609,0.06945200575386662,0.31294356175869015,0,500
0.8908594001636009,0.6516477368911556,0.27950085031731853,0.9052014341230831,0.15803179267488288,0.05735587169471801,0.06570491997932719,0.36898046897468484,0,500
1.0418545309928513,0.6052093974575604,0.20260729795554244,0.8814727372245995,0.15543314653498577,0.05306990938011639,0.06325808725074525,0.3208444657268263,0,500
1.2974917034582054,0.4381281430211535,8.146755590938648e-6,0.4544455227554183,0.11721473105001867,0.040523315410193925,0.001428362190110401,0.18535316303169197,0,500
0.752868841525661,0.6760346595755898,0.18456643432346925,1.1160931281567164,0.1296417199076477,0.048994601072692816,0.06072304527463633,0.4229507837801387,0,500
1.284135590656596,0.49024838034323165,0.12817903905154948,0.27035581683105225,0.15581376346859288,0.05616152028304497,0.07401893241903991,0.17827182595709223,0,500
0.9870682091819947,0.6065276261104048,0.20894637352991025,0.7260945464035056,0.15387487588191998,0.0555432664183604,0.06858406180674363,0.30103891021043816,0,500
0.8466281181269404,0.630424029906155,0.2542829057553502,0.9576231554638299,0.1404565923496732,0.055454384539213857,0.06711547934474196,0.363952726268579,0,500
0.7995588412289681,0.697407797914095,0.21771613968738504,1.4802538411991506,0.14035333090560534,0.04671873650147625,0.05522739688390635,0.5067218973534516,0,500
1.055140647878082,0.6399652579192775,0.23440359333662905,0.7021921196462511,0.16921123798048018,0.05339787598691013,0.05966971276350374,0.3100481394818091,0,500
0.9360127950328232,0.623740901623941,0.29483092839338776,1.0032645340985589,0.1654617920985572,0.06047318654302929,0.07777351716717948,0.37385138959603326,0,500
1.0374400363131513,0.5912672458060503,0.2694208920899916,0.40374568152819906,0.1673347041271609,0.06175282256174256,0.07257951819654837,0.2429545216809833,0,500
0.7644913702008026,0.6685525079643232,0.26593601061442645,0.4732648894139805,0.13808245053967533,0.05672147873319499,0.06004016236905587,0.3025383541115363,0,500
0.8609816912419566,0.6539841706043635,0.21955476770726245,0.9516937075316851,0.14591049925564983,0.052523094263246764,0.06599106934241908,0.3735739656619515,0,500
0.8417092764347806,0.671456992229745,0.2278014847305282,0.8369488774978943,0.14751808390939292,0.052658678871717955,0.06392494116020593,0.36355888676066284,0,500
1.0907311573307,0.6065736539036435,0.23284717728487606,0.41276678504855646,0.1667637554189189,0.056110903775900195,0.062335753425908434,0.24530421707388322,0,500
1.2417697312182847,0.5233528851730572,0.19522840318666096,0.6945056067122379,0.17300656839268616,0.06018691354282129,0.08449152231292695,0.2542273822210549,0,500
1.0920618415448085,0.5062348859139596,0.2553382618596524,0.255096968746435,0.15544120394960437,0.06502252428202633,0.08174396137631808,0.18928116128803907,0,500
0.8173929357729256,0.6774517152861038,0.1831355002261535,0.8261406543295052,0.13677954545322152,0.04879939482821897,0.05604622901891442,0.36033754990521183,0,500
1.2423414302290927,0.48584748877415823,0.15762640435233843,0.34865050074778725,0.15885394253122004,0.0596245454822851,0.08295684725731513,0.19066426449387866,0,500
1.1701265955575155,0.5443485207918749,0.18278619473322505,0.7803397335752228,0.16859207031250073,0.059311593398644086,0.0850914076304209,0.2758790885270905,0,500
1.6148644089165636,0.3998159110883393,9.04601450285497e-4,0.41722723321404676,0.14182361760743284,0.04412966869301712,0.042696320474544754,0.1676423992696084,0,500
1.3046555604760757,0.5297854135273747,0.15538838564242116,0.5697305393794183,0.17525823644437927,0.05771841881241352,0.0803410252116672,0.232246085195611,0,500
0.9458918722515183,0.6412154439767975,0.21454118702658714,0.731380033587421,0.15243144338016093,0.051978170062937326,0.06092160346653153,0.32098081187745875,0,500
0.966021577191442,0.6112368700287308,0.2666638693599256,0.7060276121298561,0.16133746748431094,0.06038111913945961,0.0768425993690956,0.30417643280123735,0,500
0.8296460401462886,0.6523705880830862,0.23113875412161766,0.8764506725555493,0.14049250684674217,0.053192982039462704,0.06385014869956239,0.3613532404455049,0,500
1.0093170116945405,0.6188942056519994,0.22018611067266466,0.7263050567253783,0.15682029231512393,0.053996962998654564,0.06303361707578536,0.30469297307689225,0,500
1.0386410214842454,0.5533799999198414,0.17068327090595986,0.5396210556617553,0.15557687579859106,0.06099198612014173,0.08790264221106611,0.2457961676136847,0,500
1.0142827458869723,0.5820965418020884,0.29551937132366207,0.7459191865339779,0.16404947928648053,0.06244105979308572,0.07616264096781662,0.2987674838942056,0,500
1.3244128145982719,0.5104485503185248,0.1477329957238588,0.4521437907555246,0.17418765815289505,0.05867781575949015,0.08365911021251791,0.2090753161568687,0,500
1.0833139735334218,0.5763151503321379,0.1996625174888584,0.6561927354247469,0.16007331568154412,0.05718396006809177,0.0736751934423677,0.2707197189502458,0,500
0.9425584009067728,0.6145788473896393,0.24208860089647188,1.2608566163904853,0.151374125312001,0.05424973178581491,0.06758416292992263,0.4061034869453181,0,500
0.9223891068252382,0.626328347212801,0.13072334441420894,0.9155201098364305,0.13675086900008948,0.04850779884046845,0.058511809570021195,0.3367592345117252,0,500
0.758430729378795,0.6919092217033864,0.29175920457471605,0.8472178723054129,0.14334511385918192,0.054036395359177446,0.06223069149133457,0.39248891763903837,0,500
1.045567467735138,0.6097806739212182,0.08387197144246349,0.8987206503254774,0.1488593959743612,0.04870132402193795,0.06314136212191172,0.31683434150010253,0,500
0.8759374531511693,0.6310683727991053,0.21051980075836657,0.7609116585166903,0.14433793181049476,0.055896156480094085,0.0670075203992018,0.32440239512019425,0,500
0.7972981102464789,0.6693884395546055,0.24218596448737215,0.9256770023351337,0.14073804037061957,0.05285451435863207,0.06365514864962457,0.38507740041227967,0,500
0.9728031496925456,0.6404420093916856,0.21380223328413542,1.1805850839832097,0.15640472217358262,0.05248408179457021,0.06557274845132514,0.39416666020247226,0,500
1.0608775206074124,0.5644736304096357,0.20251528923598835,0.5579193934574751,0.15286809713742447,0.056694770077287855,0.0688534745337044,0.25461897220160606,0,500
0.6505745572311162,0.7368959893189999,0.33592466276312233,1.2880339654330322,0.13649341906525458,0.05070931672956207,0.058508561046050366,0.5465111124741793,0,500
1.389656089094832,0.43487463367566376,0.045017420425174516,0.43591566660736386,0.15377464860836165,0.05479713765502437,0.0885995401547815,0.18341361704068887,0,500
0.9802599371690839,0.5512872236872263,0.25590870648193415,0.6027237281898897,0.14761950582863084,0.0608722274686198,0.07689949590161461,0.2621211106417627,0,500
1.162691629095299,0.5723645273086582,0.20528475772464566,0.5205119317807447,0.1645335221284131,0.054596710440429394,0.06359376311627601,0.24660769766966034,0,500
0.868322068297216,0.6076307023125327,0.17920758629539146,0.6583234381853962,0.13151745877565,0.053130189302746655,0.06379836902442457,0.2925157081600465,0,500
1.2268988738700066,0.5340231320337084,0.14913076514863707,0.7237116281228742,0.16394930677180972,0.05563968538345815,0.07604089505130895,0.2586087291956615,0,500
0.8428924014897741,0.6526839788081722,0.15803698946808928,0.9229008915748794,0.13382516027184577,0.048683458284781114,0.05839112685376223,0.3598010561850698,0,500
0.9208709107139227,0.6402103843754505,0.2669847974408539,0.9155595744696803,0.15333022133504834,0.05489599889006792,0.06479811967740413,0.35683181087923815,0,500
0.987873811742619,0.5751504044009127,0.2122071553084163,0.6361781516913478,0.1513637989365035,0.059162405486688885,0.07799468420062723,0.2733225369028269,0,500
1.298955222810818,0.5155786901986747,0.1704177992139318,0.46165244091995655,0.168579225592328,0.05659388191499475,0.07231617538140246,0.21478739754817916,0,500
1.080163746741092,0.5739460905680946,0.053320436027424103,0.6681968890674127,0.14299907569875234,0.04920609387181003,0.06387599528879273,0.2632120539518346,0,500
1.0633389918242098,0.5191312713820402,0.08071249298033702,0.5314164221929261,0.13488145210726127,0.053249075367335356,0.07369616005230714,0.22735543031570327,0,500
1.2044573346657157,0.5513246801864442,0.24685447321147344,0.44967040391945956,0.17628158042488082,0.061072468818154195,0.07440879180880336,0.22830077399063817,0,500
0.875732135365303,0.6695974718409164,0.14121034330374263,1.204030397334383,0.1385046225585104,0.044859804548921065,0.05093824893886313,0.41791738782990323,0,500
1.0401670880340337,0.5829852545769835,0.13085313458218026,0.6053710736324207,0.14529388144387212,0.05180554834556812,0.06369361457061229,0.26287052913260467,0,500
1.012654572244772,0.6292656991799576,0.12005364545090141,0.7271952213881039,0.15208295004339342,0.049968080961031815,0.062429006032220236,0.3016076828876123,0,500
1.0458193400126594,0.5834171903139528,0.25093430124095917,0.6000923166134124,0.1653623897507992,0.06009714598927896,0.07580864284687186,0.2723091310357015,0,500
0.8526145463142977,0.6429286648265783,0.1731798601278254,1.0800619979070236,0.14360016436612935,0.053279560206552556,0.0750145478276068,0.38650317525935707,0,500
1.027383010960787,0.6364245328618773,0.18339116843591236,0.737581350047414,0.16073627564878437,0.05186067240013715,0.062259399740918035,0.3111730379437961,0,500
0.8932113929834293,0.6423300265241442,0.18464914529880963,0.6098292361814738,0.14022812229893553,0.050700987294593096,0.05642264171686567,0.3003229384207979,0,500
0.8196031417302269,0.6584049521717364,0.27261754503905083,0.7933751923356643,0.14331718989619785,0.054688850791807846,0.061854351752547575,0.35463080006839987,0,500
0.9992346491764001,0.5348084134465766,0.2554881523039299,0.5702867239637455,0.15782048576428087,0.06741592722156746,0.09739034932956062,0.25146386414825567,0,500
0.9371802525141407,0.6246819386094287,0.2569671797820485,0.45398076109699403,0.15888256117907631,0.059079293482872615,0.06914397808474494,0.27019969829617346,0,500
0.9323656721397865,0.6318035463312904,0.3191120367116149,0.583000797662502,0.1634644606599307,0.06101724452065698,0.06591850091702056,0.29867947938711337,0,500
1.1580112757827141,0.558302962044854,0.24369634263400444,0.40721185911930313,0.18129445237907882,0.06463950142443801,0.0853464035294049,0.2266207912516684,0,500
1.1550959423052998,0.4939247221926612,0.12739007553099446,0.46057924821112056,0.14492245741073148,0.05649130220703938,0.07892657569582538,0.20896044307779635,0,500
1.1518891564402425,0.535550080889466,0.14537592953797265,0.2567263299896675,0.15383174889650092,0.05700656405555438,0.0729891115448355,0.19177864939875283,0,500
0.8654238188040843,0.684256357631637,0.23022316070963186,1.0448584331612971,0.15664209736933013,0.05233372404997399,0.06717904040104285,0.41012811339536,0,500
0.933956029465337,0.6297828301600817,0.12523239358097618,1.0460004717311293,0.1387360157934904,0.04815339688018808,0.05803675066278858,0.35930762747450334,0,500
0.8485697319925797,0.6650283047068246,0.23195947321717877,0.40446995828048204,0.1437492095910071,0.05303612099594846,0.05504747317295211,0.2812743831299933,0,500
1.17546333973591,0.49779233361391884,0.30471739527541725,0.50780950705508,0.184849463356223,0.07275228681254972,0.11089497125315803,0.22555352892636057,0,500
1.0398057520925874,0.5482250644074832,0.21992156656014644,0.5214104451239163,0.153202156947111,0.06138057859147237,0.08129316378877853,0.2419660747791219,0,500
0.9528559247256727,0.6157639097815671,0.14304886133616765,0.9982709436305028,0.1422935049953044,0.05015287336033999,0.06280618625984007,0.3465694366401686,0,500
0.8521668767045719,0.6445607360730367,0.28970593083444,0.7044829630994852,0.15307146842687866,0.058460790323107026,0.06783991006175802,0.33452666024784133,0,500
1.2913396050946848,0.49694310462570335,0.06414809413697158,0.7260586232047967,0.1547481524791258,0.05266455903852404,0.07761239762830148,0.24034904095548948,0,500
1.0931890215685967,0.5688936131497021,0.19904065327268403,0.8173206372389347,0.16026495682949382,0.0567320431256915,0.07418318180719487,0.2947260744882698,0,500
1.1308892111386333,0.5947131366935046,0.2136378191816282,0.5552142253464892,0.17878557961542493,0.05955584678613931,0.07778297080879125,0.26239216006293276,0,500
0.9892238153185727,0.5989438326281344,3.1820905431353047e-6,0.9021859094827283,0.11373586103458018,0.0361107864065648,6.264831718512992e-4,0.30536500695414004,0,500
1.2829118723734865,0.5086019133929336,0.10186837843036535,0.5104350636192905,0.16813185316447418,0.05788686704877019,0.08940203336064702,0.2165953105293813,0,500
0.89875860810956,0.6247774813771325,0.3027848346092022,1.0299679877560732,0.15540389221045867,0.05930531282635507,0.07298437670816049,0.3778125826692502,0,500
1.342426283575513,0.47976001970391413,0.11481543816741963,0.33305955419840105,0.17506744803718632,0.06261629581293475,0.10083050144377959,0.18299181115125734,0,500
1.2963974492979866,0.4749659254504304,7.290301456653735e-6,0.5247530279340199,0.12190786342748505,0.039714822026721,0.0014062917089340586,0.2030074299743889,0,500
0.9017835612157727,0.641796051218571,0.25221233806195603,0.6609990104379848,0.16049493708281504,0.05918592005521288,0.07539260726482014,0.3152423740785682,0,500
0.8711555586033204,0.6733278872144226,0.274185324635518,0.6824124260678296,0.15706901071394744,0.054653902881870275,0.06222723016595699,0.3398596417438852,0,500
0.9945588281830905,0.6482308482597938,0.28524492795330325,0.667408498706089,0.17447401420391548,0.05857272694898594,0.06565026536042909,0.31612537924898076,0,500
1.215509934459031,0.5642933525448082,0.030157160489979507,0.8444550483205034,0.15540980319309405,0.04835612437748524,0.0655054531224346,0.279523857276293,0,500
1.1312622609979957,0.5331944601931614,0.028683544005397188,0.5622187802804919,0.14093693699165066,0.05083576884453465,0.07110707361711435,0.23088495548850002,0,500
1.2436567692496472,0.4969086553522862,0.1999827050985136,0.4410197393765844,0.17023476978755364,0.06327601399712406,0.09116248379144963,0.2077140584089428,0,500
0.8179967430781359,0.6856544414720102,0.21137398599337373,0.7980153148088147,0.13988423265531802,0.04843617406645195,0.05227526610108229,0.3660868920960493,0,500
0.7157339493042151,0.6981009822897734,0.31879035278119233,0.6197445536193258,0.1395724227145403,0.054686471200029174,0.05738520419695264,0.36184737191973404,0,500
1.276573772415936,0.5228818168412557,0.035339901750137376,0.6543408667575923,0.15827849201116842,0.05204734861933235,0.07620762739239441,0.23766044572315223,0,500
0.6697196792400549,0.6870414042232103,0.29306276030137335,1.2060966254165164,0.12288210813121136,0.050949532066126194,0.054821358726973135,0.47358201841855013,0,500
0.9272313588502596,0.6312243269333829,0.17818687711061895,0.7041452229619339,0.14282322980342854,0.05126274927824103,0.05931074327843009,0.3075449049060665,0,500
0.9835199294705507,0.6211248699121128,0.32726372272928206,0.5258975549601205,0.1709801470510464,0.06206691918222475,0.06766076045612092,0.28160522725974724,0,500
0.8533992080602136,0.650836918773056,0.14470729807429225,0.9003579984851184,0.13296760557438703,0.04737765403737585,0.05411291976149435,0.354884501848278,0,500
0.7842047090202605,0.652740034630176,0.15767807537063944,0.965788257241987,0.13532681401572424,0.05268431636701589,0.07301626055757832,0.37742755275742434,0,500
1.0515576826882111,0.559150754615429,0.14910045583329162,0.8563436828388375,0.14438896118906142,0.05323904220503641,0.06903414949995099,0.2935392376686058,0,500
0.9315353301263546,0.6192590006835486,0.1979374760188923,0.6222247450181425,0.14099185980475862,0.05185454114111146,0.0570778295919376,0.2904107437226295,0,500
0.8604978474625342,0.6275582669383445,0.26984394138523926,0.9273177358278755,0.14241195398354894,0.0550389414517875,0.063110565176385,0.36050998965304304,0,500
1.2681018343383939,0.5225349172260886,0.21065287564407065,0.6373961316452106,0.17098581754616354,0.05845488232037616,0.07458980374438018,0.24350567926469655,0,500
0.7791691029492938,0.7014793890782659,0.3542710654061101,1.176911525070199,0.1552850938443743,0.05549476956812466,0.06357405840951481,0.4742017768691208,0,500
0.8257723078992381,0.6654374554114008,0.3211722246364809,1.05991439247104,0.14760205168880225,0.054911393819260204,0.059437286678528434,0.41309819825586014,0,500
0.9161796042480256,0.6148471607237489,0.19398055583998372,1.0513090673128391,0.13867232244625605,0.0506035111633553,0.0585997546710166,0.3630192014363912,0,500
0.8365897005119372,0.6785101808606908,0.22546935466748202,1.1174316283042987,0.14052286764916763,0.04818349315781639,0.05276986065895822,0.41934164641091515,0,500
0.824259271428533,0.6841145762205505,0.2230113701501876,1.013260267323433,0.14124012531493574,0.04889417863293488,0.05631492828201498,0.4026613920722909,0,500
0.8809762965604734,0.6534471675589845,0.39985150483897863,0.8207659984481646,0.18079889649434597,0.0678005938980866,0.07917036112303699,0.3697895971597554,0,500
0.8770718130626403,0.6594229567988836,0.2926876049842746,0.8283600981425218,0.15456882059085122,0.055644829029347614,0.06343492169534766,0.3583117775307843,0,500
0.9543232795173503,0.62402523170772,0.1603002745307517,0.91927784504255206,0.1468170647665369,0.05137627456335848,0.06534275221184867,0.3385319430670497,0,500
0.8877731422874812,0.6560485829608483,0.3022530789057618,0.8237489443346965,0.15506009462101814,0.055250944239469295,0.05910117408977899,0.3578810480296862,0,500
1.307626885044673,0.5005145396514338,0.11521565866366461,0.3686592438143715,0.16545353573178306,0.05783920690266672,0.08405036904028336,0.19317210349787967,0,500
0.8880439852482023,0.6300265520998056,0.2612353366318093,0.8782618790383663,0.15670900482685196,0.0600887030316599,0.08030385603326552,0.35061734672588557,0,500
0.9939644302912616,0.5783670496968091,0.18054818885520735,0.539013522547619,0.15322299407083098,0.05919998017478446,0.08014297462182166,0.25756021127926576,0,500
1.1650383246284544,0.5200298556797024,0.15009086337678512,0.6832859448878952,0.15270141654375638,0.05604444122345683,0.0761147456312952,0.24976437377925037,0,500
0.8598859769382668,0.6460912028860074,0.30807992712886856,1.0831141746166313,0.15193026140376814,0.05721114529424735,0.06611187872789412,0.4037283820025526,0,500
0.9076907751287616,0.6206095476391792,0.2624934973728004,0.44554159018123374,0.16122434730424445,0.06379394602283996,0.08246168853958184,0.26633403089008806,0,500
0.9717943194229716,0.6607980552938894,0.27274355845418585,0.7692658874418377,0.16544841804035335,0.0539943923300882,0.05969244906360204,0.33919245577086743,0,500
0.9417093613287454,0.6356449144249349,0.1941571485057269,0.6621516409883488,0.1501469879055898,0.05258546063804475,0.06101127139197696,0.3054424410762079,0,500
0.7886572334334836,0.6624421665397645,0.238780680163214,0.6561762817945894,0.1375288957045836,0.05413130874253621,0.06171163599736387,0.3305930041305869,0,500
0.9156136291731184,0.6490596824983251,0.15831853296432374,0.8693998454791884,0.16889798670257827,0.060152563680639176,0.09331324341525465,0.34619423509644937,0,500
1.1069848274023588,0.5810245523260157,0.1752585941767015,0.7454803683056644,0.16235603735696627,0.05568181137777447,0.07377663460423835,0.284544632646945,0,500
0.8572417675282307,0.650535622705368,0.12000212407745038,0.7087273413807674,0.14106823022656556,0.05176865004933191,0.06873691270072325,0.31792602378732926,0,500
1.1407281404329161,0.5938104603096758,0.23523563356181176,0.712752917434968,0.16937659921966683,0.05509796549660531,0.061996722320204894,0.2872987615929954,0,500
0.8689840250234366,0.64187759764735,0.2051658093038893,1.0593655594685383,0.14680795330031055,0.054553384344187945,0.07368462027569764,0.38321238138068076,0,500
1.3736359467414123,0.44378223556320306,0.15408118424064884,0.24697874824147367,0.16848064897595402,0.06264355217227614,0.09664482374023216,0.1635127944395228,0,500
1.1360009126382433,0.5602033651905807,0.16221427018553708,0.6190752522249322,0.1577470502408947,0.055476645756055216,0.07160537222207183,0.2542396250617987,0,500
1.124754529666044,0.5722895795856274,0.053309847269343735,0.6422924457124594,0.14983262445216755,0.050026375599982444,0.06750399046263582,0.25708602556940446,0,500
1.1191450892282138,0.6068921696972029,0.12524959410919997,1.2031156608614013,0.1653885550556985,0.0512097909818026,0.07113093208024666,0.36603373063526146,0,500
0.864720025697417,0.6458345908853654,0.2702986714197776,0.9753744007510771,0.1563143373774304,0.058850190412910584,0.07807380789365315,0.3793713403352621,0,500
0.974198988537158,0.5899781095465454,0.2089587596230515,0.8189996564391969,0.14519454334530532,0.054404106133703965,0.06555612839679437,0.30941120732307226,0,500
0.9401119806686132,0.627466978273077,0.20464244190572423,0.8945085967351258,0.1432304895370049,0.0507025236160841,0.05638475075283954,0.33887012708962827,0,500
1.2579698842406177,0.5279855318302528,0.034939068927687944,0.37953732318310274,0.15884395176043606,0.05375514487390466,0.07759595957418505,0.20073331359043595,0,500
0.7843535001754987,0.6656724899468656,0.36777652536636385,0.5221461602743035,0.16488159503545344,0.0661784529773868,0.07453530739481014,0.32666581343631756,0,500
0.6728028836802253,0.6916874694696341,0.2517852599511445,0.8254146584260944,0.12434194171552193,0.05199424039864918,0.05983764736407975,0.39042748198969546,0,500
1.3720333573432069,0.5068643894966285,0.2449372093433916,0.3062012649955486,0.187275032614151,0.06294377435698181,0.07813177201804658,0.1894591470359674,0,500
1.1249477999228434,0.5434532380369769,0.08274314456654189,0.6740786711291367,0.14596850690275828,0.051750514206568586,0.07062744858961018,0.25381449071662165,0,500
1.2116184460327046,0.4934019988052821,0.13764213466221023,0.3904398113346151,0.15799468371496458,0.060337528048933664,0.0895211687553282,0.19761342718090372,0,500
1.2252470747742883,0.5537188846629277,0.16507037240632716,0.6333715670604937,0.17346453656537256,0.05802510711229652,0.08026829380898229,0.25205747643749216,0,500
0.9290897477905341,0.6354011449785233,0.13007623558077733,0.8662266079395108,0.14479960537413594,0.050651305520170095,0.0662031488662068,0.3326857099244135,0,500
1.2391444454576777,0.5072296426068579,0.111475522952396,0.5293698981183541,0.15796036794061444,0.05670758284192492,0.08189973213122115,0.21910990839632713,0,500
1.0387018191587913,0.601972306268843,0.28087774818563455,1.016612553331402,0.16234065649443621,0.05616242527544917,0.06212273096517316,0.351410258418465,0,500
1.0959106868325403,0.6016936799697136,0.15890097836375958,0.726093310733002,0.1568383400943698,0.05106688636711854,0.05946395782214311,0.2892709262110916,0,500
0.8068766087761557,0.703204143004446,0.24268110297811735,1.0620107000376418,0.14477896242068916,0.048810010797759075,0.05705990511482462,0.4276474562725437,0,500
1.0842206404217334,0.581180184961712,0.3885559474260194,0.4808988222447808,0.19632066153817002,0.07204407440837769,0.08255366023616312,0.25808434033750477,0,500
1.195358035587432,0.5274638100545617,0.16845931062910277,0.7078824533692122,0.15496246268862462,0.054311633602880216,0.06698031481643116,0.2554065429773553,0,500
1.1172455519707611,0.6064265870355251,0.07731279155592673,0.5721083215941701,0.15410174250263203,0.04852633343554269,0.058666088519739756,0.26048286213876015,0,500
1.122607349888988,0.5728868919432911,0.22956544453847166,0.6764124896684415,0.17067883871810832,0.05942882915207123,0.07589011995327943,0.27515353695475075,0,500
0.9717765881039342,0.600897197560937,0.1961789927127821,0.8523073412235946,0.14799538503763873,0.0540497151375492,0.06825644302894066,0.3191447566322468,0,500
1.1226397965332584,0.546840288505876,0.14600072149721835,0.49363376888454574,0.1635117763791924,0.06034507260197505,0.08818192153122988,0.232243572676312,0,500
0.9526352563095393,0.6354920006257898,0.11457008309871163,1.3903732496180867,0.1472345683993595,0.04899162728073905,0.06813330599019447,0.42006146561646324,0,500
0.9703963874282538,0.6212871591218118,0.2018622402622243,0.549182602345419,0.15805250644005525,0.05664255095462462,0.07153980549378956,0.27835355595595074,0,500
0.7151660593151319,0.6998488836283773,0.2570744208455327,0.9691342427717454,0.13067060268410832,0.04943626221916404,0.054162323860463324,0.42362457291425926,0,500
0.780950167136867,0.6715810267930037,0.30599345152498497,0.7700361413601438,0.1483495669049905,0.05826093134351239,0.06776656682577707,0.3659714187174114,0,500
0.7555384134102398,0.670584454678862,0.26913233987148905,0.9633759253917812,0.1295779113182033,0.05078426373118656,0.05339717917798035,0.39730552998393626,0,500
0.96889958178327,0.5841810266140895,0.08916300361799738,0.5530272661131976,0.1318130124090217,0.04998243693595445,0.06132171635812308,0.2544014743418008,0,500
0.8649158984341839,0.6700317277301373,0.3079991436620127,0.8184602343180284,0.16455758945084564,0.05813849781067993,0.06950243058065755,0.3715304211883003,0,500
1.007917824564758,0.5784288246712038,0.2413106546758287,0.37607862603551584,0.1508732544600536,0.057969449540318685,0.06447494900827512,0.2329271346596629,0,500
1.0871644805498695,0.5608754877616812,0.19253913791813584,0.6276616017714683,0.15284689486758193,0.055829866171372824,0.06924904298713279,0.25908512772755543,0,500
0.7219946826311772,0.6625332538033899,0.22005959313610152,0.9972342951771738,0.122965605886037,0.05091656060277596,0.059031186344665504,0.39780723605949675,0,500
0.9707123075242478,0.6024801628832377,0.22009573964794815,0.4641245444868505,0.1536361125856707,0.057910702095235224,0.06987238770271027,0.25746400951161674,0,500
1.0013786653020165,0.5867276141524361,0.1564872369559679,0.6743161278470481,0.15314483715654723,0.05703057843176499,0.07886896331324161,0.280347689444418,0,500
0.8733607309126479,0.6545504626561093,0.1880599894150175,0.9910064942372674,0.14229924730724297,0.049625688397771206,0.06232790650570036,0.3749436410001317,0,500
1.190897082609701,0.45706917376581013,0.10684729510967907,0.37801227324679415,0.17165544892810045,0.07238241740997542,0.13776563789050064,0.18780417158257365,0,500
1.0811780690157915,0.5649149115565658,0.22346001352076586,0.6643178420045778,0.15798417304712295,0.05781002779198439,0.07185400372922672,0.26921570124846633,0,500
0.9836634793181306,0.6251676878773408,0.22612976309725175,0.6266501148314945,0.15628752069464177,0.05500498764313367,0.06361475104649192,0.2923409268068422,0,500
1.0835419877419112,0.5881249742155371,0.15404687586457985,0.7618731786763657,0.15282358377022603,0.05177741921717054,0.0629892472724189,0.28947388805090307,0,500
0.9239997463663181,0.6330564274512039,0.1747618969346226,0.639090497541799,0.13954164456613402,0.0499219450261879,0.05528430343949133,0.29614529072192597,0,500
1.003694745684194,0.5878120636708002,0.1957202910687027,0.28168414737248804,0.1650306318266098,0.063265685598403,0.0847194516990978,0.22035138838012966,0,500
1.0057711142336496,0.5842496363509577,0.11868415318737192,0.9016259955363755,0.14267815197189587,0.05159799140779273,0.06905979183590859,0.31142888141608555,0,500
1.1639188796039246,0.5559085362816086,0.09643268354921736,0.5745473080280514,0.1623189610428663,0.05584287837173342,0.079943802739818,0.24353804989776523,0,500
1.1302668909643883,0.6036057653051986,0.3131354359982651,0.43369427686928685,0.19364952708015654,0.06454884331613728,0.07554267425909703,0.2519947127282447,0,500
1.2553593162889525,0.5130111943904236,0.08390187404795982,0.66472225429177,0.15424127774394902,0.05309914473403436,0.0742733577781098,0.23788254067077577,0,500
0.9397805541208395,0.6420315877658856,0.24797921826950686,0.9644895172009454,0.15661350260657322,0.053946534230298535,0.06309545105179762,0.3674675209793359,0,500
0.8137113133712025,0.6565294107764742,0.2852826756540353,1.1124000019016824,0.14467458022887358,0.055215222918369194,0.06602347803683653,0.4173106660189711,0,500
1.016336330559957,0.6140470345717635,0.21789922159635358,0.7370627626558802,0.1567812942919603,0.054449997694393265,0.06501371214110185,0.3030310577787275,0,500
1.0086919915478219,0.6257988614787742,0.20810046627855128,0.7661378772431732,0.15948091257589928,0.05417842544234856,0.06528881363096559,0.3142207642143382,0,500
1.0760374639145331,0.5260712929128489,0.1838634490236323,0.4837094109023754,0.14367893353448197,0.05659365598471575,0.06977577061350704,0.22645283714965694,0,500
1.0115291999153422,0.6054017385637134,0.16091732347208645,1.0134271041730023,0.15399115514247463,0.05287025997950449,0.07062883716222325,0.3448385049640822,0,500
1.0150091066377043,0.5959330927770846,0.23262188402727635,1.3051990157631679,0.15795961775101924,0.055415158043174456,0.07161581713921607,0.39688887799095907,0,500
0.9964026472269613,0.5994935280237201,0.1426399047532616,1.0992873446532299,0.14248983414465044,0.04923594393328614,0.05977084958539437,0.35299875338500825,0,500
1.014983971999924,0.5743162871171658,0.10141788395053374,0.569113561117994,0.1425852209678998,0.05309766668700219,0.07049550916301188,0.2545593547146751,0,500
1.1025760983743682,0.6039907804552943,0.21493762046943282,0.5001623714993285,0.17599885892408937,0.059206340198302496,0.07561600694167588,0.25740750948486374,0,500
0.8835863933406406,0.6481350882408525,0.2446642239915245,0.2900097861269215,0.15063815589345392,0.05582613806450741,0.05876617771234677,0.2549502294728897,0,500
1.1754146284938434,0.5511667269843216,0.31481468618630554,0.45758523857256334,0.1840082484714846,0.0659186999271698,0.07720740133138598,0.23450191632643183,0,500
0.9751316048863423,0.619460818792627,0.17357020409692164,0.8564822444292981,0.14812243335442685,0.0515476188583452,0.062420404069205584,0.3256745058300907,0,500
1.1352699140553815,0.5262333698415912,0.10696697344562568,0.27352606196269064,0.14855362030072125,0.05600106498526433,0.0746096109468307,0.19202478192692182,0,500
0.958338236862738,0.6176059538785795,0.2985827296130985,0.532319172054003,0.15870386019157567,0.05877599612766091,0.06233825477592857,0.28110707764213644,0,500
1.4507645641082991,0.43397582120931755,0.07443186597628412,0.2244333130346455,0.15707141390816565,0.05485719976732767,0.07930070591739194,0.15567915813716904,0,500
1.118206847794244,0.537217800620131,0.2211263018488176,0.42627970617417854,0.17011768319501533,0.06516031550668047,0.09136660215729771,0.22301458653539746,0,500
0.76001943940407,0.6739028130960323,0.34627743601056765,0.6693941989809156,0.1539749284554317,0.06260179796080674,0.07360330866640294,0.35438058890682533,0,500
0.8555862106031004,0.6799862701480353,0.34694951468001867,0.40557969360446383,0.16670402190335068,0.05910417520156464,0.0599155727117716,0.301522792545505,0,500
1.1274552969395588,0.5190468776540413,0.03870302729489571,0.7493337397709445,0.13708044583881385,0.04974216556741847,0.06905695128130701,0.2540964223506977,0,500
1.0540477707090377,0.6179060695893541,0.20031590198136595,0.42070430602444275,0.16242482828107982,0.05460176166654501,0.06249175984129408,0.25143398461736083,0,500
1.0083395697200686,0.5594580112502102,0.14560127416988086,0.652747348386126,0.1430690438663963,0.05593523519251602,0.07425453927081596,0.26480711871982676,0,500
1.094428280410736,0.5722315571857289,0.07251404085503202,0.7656495138380116,0.15300121322906673,0.05290577150931583,0.07599720856788497,0.27868321737922613,0,500
1.2528064754042783,0.4312468491601605,0.054585558833336704,0.3804402329255382,0.1453127103855229,0.058071944540716944,0.09862606602671099,0.1788890440111048,0,500
1.1377831444504896,0.5684264036003932,0.14004932126673839,0.5652864686296202,0.1491278191411647,0.05045753452152485,0.05620496976126291,0.2478218477187848,0,500
0.7510558148631191,0.694473966815762,0.21364114443487228,0.7879988530269176,0.13473205411054856,0.04989579923602768,0.05872533660482683,0.3737689444159277,0,500
0.8303474171682356,0.6641832067069369,0.20902214279221665,0.995175951370088,0.13820366652993316,0.05009984666606299,0.05929791923674351,0.38539519872278666,0,500
1.115216154922662,0.5606999001819204,0.10134418431874757,0.3169466932167085,0.15120675470705602,0.053770611292064174,0.06855805264763777,0.20888150727508914,0,500
1.031117802166474,0.5514433821953592,0.11946009092266945,0.675145676290328,0.13601169277562206,0.051644133486034575,0.06476561369787323,0.26174762174690075,0,500
0.873209768401478,0.6734924656627731,0.15960033070266288,1.2305761715993788,0.1426414622038815,0.04709369742422196,0.05897785538458465,0.4236108154109998,0,500
0.9684898792789038,0.5706889754720293,0.27426394941302973,1.040351828926322,0.15579281591312286,0.06182829211237618,0.08249113338473067,0.34809159876769097,0,500
0.8372294263296856,0.6533493636525818,0.27378701719660675,0.5475445658177982,0.14864412529657509,0.056709688257635525,0.06389796644035632,0.30791047268074684,0,500
0.9270514259625922,0.6209532191494748,0.211068585176679,1.2106971756981753,0.1482636031696077,0.05337957824879921,0.06982613637605391,0.39615443862524596,0,500
1.2085021299058378,0.539519624345773,0.1681135266994379,0.6296454818907745,0.16305419535976573,0.05593771835654078,0.07241012416900273,0.24784617366270306,0,500
1.0665016673815244,0.5809788077277245,0.196371321337149,0.7641527031617327,0.1550657738274572,0.05487979124561015,0.06788035883965575,0.2902660906935039,0,500
1.1412686934632708,0.5176329380789221,0.28689692183668997,0.4565040522607052,0.17804052679882792,0.07033342368027723,0.09777822178295281,0.22321512549131042,0,500
1.0460895189132906,0.5412017106830336,0.09302272318110329,0.24413261023809751,0.14403695399953365,0.05730741780679007,0.07946164429734988,0.1938067228357015,0,500
0.8754577301363715,0.6280414337242887,0.11900728507488936,0.6885015762088141,0.12816066861436468,0.048069761071763084,0.054320135720261405,0.30066045064383917,0,500
1.2011566911570088,0.5343865737493649,0.14535571677049877,0.3748668351487107,0.15994862190791975,0.05639708771054429,0.07329508705438616,0.20809313866913612,0,500
1.0631315811658963,0.5797824039636773,0.2303467772426825,0.7636363387358396,0.15775239523107992,0.05642402367629463,0.0676143056175477,0.2926224398740049,0,500
1.100065425296993,0.5699519462498784,0.03475573620851374,0.5307171090708388,0.1389943860335728,0.04756742910117645,0.058126051869430324,0.23879157559811848,0,500
1.0327832936583357,0.6094646751252604,0.06480535548956759,0.5594311250987707,0.14390721277068075,0.04817358436523941,0.059214900761790104,0.2618023572674409,0,500
1.0758406076404374,0.5554828437331406,0.15115432949588714,0.5517800024820866,0.1497201561467476,0.05529209528494198,0.07078412752291913,0.24600766607517793,0,500
1.067780059773505,0.5907746830494701,0.24909779008793576,0.7996070939466521,0.16401430688340846,0.057270690511600345,0.0689632442285833,0.3047486661316317,0,500
0.950672653601243,0.6288608337802343,0.17285677079627143,0.4204872567925493,0.1484843273223365,0.05355481680789027,0.062491248398553384,0.25722294790608136,0,500
1.143188510285398,0.565679454578425,0.1160268493655932,0.3413293897069326,0.16341862616179498,0.05734545883920717,0.07922015430422592,0.2123819976721293,0,500
1.2028816444672983,0.5246907770517169,0.21322894078776244,0.32460720668848553,0.17429667683624858,0.06387137791632023,0.08634334298013846,0.20115670578978992,0,500
1.2947569122825464,0.4634876841683754,0.1821725410862277,0.24185378190595277,0.16857871666504445,0.06446508850856497,0.09582058068078568,0.1698773989104399,0,500
1.0400688460019212,0.5462168393492222,0.06842311422526838,0.9547553188398993,0.13729246117429195,0.050304734166751415,0.07600670692041156,0.2987577014423398,0,500
1.1608386550707845,0.5569726191111338,0.15657277262536282,0.5604923084622057,0.15787663013222497,0.05441792302603801,0.06797788717567779,0.24383987614355798,0,500
1.0821150279789198,0.5491123883064564,0.21644408981865493,0.6918246614774982,0.1621394400181483,0.061372831424108217,0.08485148396421184,0.26972965707860747,0,500
0.8991292455451352,0.6150677136064714,0.30075965823262485,0.6968767039901137,0.14877625711764692,0.05888036985682211,0.06519920656039682,0.31009674510556895,0,500
1.019469516578259,0.6094193304316234,0.12330845278698148,0.48614419077103865,0.14360397120189225,0.0495854611877656,0.057134014156893745,0.2534522812850813,0,500
0.7162170321652914,0.7432769643289816,0.30800107655742553,1.303048774156983,0.15004729632102645,0.04952824617230748,0.05992470529097659,0.5426683025482725,0,500
0.789319805346284,0.6726427992839354,0.1965874368972313,1.0344552173103612,0.12709420661141757,0.046412445456218865,0.04849290235064557,0.39822972640373816,0,500
1.2162213239067055,0.5042513318130926,0.053526149599254585,0.5639087485039874,0.15206520314457683,0.05496879388046949,0.08465054097858221,0.22157845329543371,0,500
0.928659625003901,0.6190524253479984,0.23842178424804308,0.44227576137458163,0.1503754746208754,0.05745180011963291,0.06629755701909248,0.26212024374390047,0,500
1.2144647783322557,0.5217483356092493,0.18474695212778416,0.3335259818614308,0.17358979801894972,0.06369961015963706,0.09139065963831926,0.19902488378360905,0,500
1.0085139963539944,0.596191434490474,0.16442616102939198,0.8415139514860813,0.14831855030890737,0.05312257411489213,0.06915057821175288,0.3084091134661972,0,500
1.3499665302683461,0.5383180395067498,0.19811135579277062,0.4063751812635948,0.20422012773964074,0.06576481538416268,0.09614137160493363,0.21303855052961204,0,500
0.898124680581965,0.5833664954091623,0.17912930090835213,0.8164185838828653,0.1276132389797975,0.05131635104818011,0.057087343672552374,0.30723865700858904,0,500
0.7300991103796105,0.705359043893439,0.36772545935418594,1.1185760182505033,0.15278424095558854,0.05692996542907856,0.06556092524504921,0.48107440291282805,0,500
1.1603307702384256,0.5328202866784479,0.07776127995136327,0.7724847053267387,0.14458116615735317,0.05003797502254467,0.06641387125983846,0.2626834872779363,0,500
0.9575850983265715,0.6016327088074839,0.2611541101205091,0.3512458070281479,0.15109798906850969,0.058666779296746095,0.06441906485074797,0.2397898247893609,0,500
0.8806266006509583,0.6095548757305631,0.23365073409388226,0.466995216250655,0.1387919101111359,0.056037092129412144,0.06215455733981922,0.2658941960065183,0,500
0.9987934863478647,0.5620478272945941,0.15841557958793653,0.641082600885364,0.1412265336697862,0.05484743408424273,0.07100850851618569,0.26521042644586235,0,500
1.0318064344092597,0.5513347579471102,0.10875541416543301,0.43547340301264,0.1389850823311456,0.05426889079374235,0.07057407643442568,0.22536344898961694,0,500
0.9499654202419631,0.625392627973845,0.30187880434774716,0.5130551273368351,0.16396507551078907,0.06030591246007104,0.0665388845980876,0.283148210857556,0,500
0.9942379573425498,0.5888361472297529,0.181477770358877,0.7853815948740591,0.1498320588705744,0.055616152572501236,0.07334220663288805,0.3000177026034032,0,500
0.9020903968569565,0.6179513254069683,0.22485341604996203,0.6943875046638819,0.14808225195325625,0.05739342527622064,0.07258961586070017,0.30675466149065717,0,500
0.8845467975870858,0.653054553887987,0.24192042015055032,0.8325706378538623,0.15264536724994143,0.05465037617016325,0.06585949466383581,0.35262584335365116,0,500
1.0597609987171683,0.5798106123555232,0.21229382406054492,0.4044226783393327,0.1537138205257365,0.05592768062928059,0.06272949803251587,0.23410608540082983,0,500
0.7080998132286479,0.6717214142828968,0.18296670285528352,1.2569064353092434,0.11647831067966195,0.046032201431376533,0.050833078812186516,0.4483477817855161,0,500
1.1304978526827847,0.5623047955146289,0.2790406017487162,0.6907894920766068,0.1760392377017906,0.0628925123254063,0.08105845930805314,0.2754694642489353,0,500
0.7973148454578183,0.6543049239650479,0.19965873875339615,0.9030307866822707,0.1330869901560795,0.0511648999096376,0.061540271085906185,0.3676676730692601,0,500
0.9193489738050435,0.6469616966024915,0.25933500034080725,0.7450566180090082,0.15403446183010022,0.054948334643672575,0.060674727893837016,0.3300291953742108,0,500
1.0072673953973503,0.6133356414661416,0.15605201555050652,0.5684794714549389,0.15014221657720422,0.05216554354544889,0.06245692200711294,0.27237865801387895,0,500
0.7997369514401597,0.6701004869595607,0.19768016003555539,0.9459647335300719,0.13329219300805706,0.04877558664762679,0.05571639560080615,0.38322869744786997,0,500
1.0293787867444475,0.5865209262087244,0.12096497471204842,0.7488918792529177,0.14431748202261782,0.05163807448765031,0.06580534599631975,0.28576110071217026,0,500
1.0005221806380495,0.6033960908132987,0.12331310976058354,0.6513956471475455,0.14565193857988537,0.051444689432447475,0.06494921622383544,0.2797551459043273,0,500
1.0351892479745866,0.6263790688652033,0.21066614851077514,0.6198181492688417,0.16668414152824343,0.05539171617206552,0.06672699474069987,0.29006385808405016,0,500
1.025633884960456,0.5488942771137366,0.15383597854100858,0.3953617120615528,0.1456003247548539,0.05819492530656601,0.07814054751705057,0.2212417790911374,0,500
1.143725497735601,0.5406263027736818,0.12212696539553362,0.7986959471620264,0.1497542906465455,0.05240179612626114,0.069830875092749,0.27330764238155236,0,500
1.0245849774677664,0.6164924775924518,0.3566283245767701,0.572344581543645,0.19758966546858442,0.06967590442858244,0.08470708898080843,0.29427876565044503,0,500
1.0423604021743107,0.5851468979249415,0.21992613005398126,0.4718730706842313,0.1528468878221282,0.055700094793634795,0.06236979837899111,0.24741818661205817,0,500
0.881426851245763,0.6561682243100813,0.23364333821700833,0.6896724020052185,0.14886179423489437,0.05333090702223682,0.061413532996309396,0.3257165135983751,0,500
1.146882306157145,0.5626086623927518,0.038850716365877405,0.7597590663260503,0.1482077766619594,0.04898219901209959,0.06561090357813493,0.2698301632161194,0,500
1.1755101212146828,0.4826265725763479,0.16403503346001938,0.6023965367437977,0.14347501295632958,0.055396197000131424,0.06993115042406185,0.2264972685167174,0,500
1.068040279022461,0.5910404977505472,0.10495076954947465,0.5431662426153214,0.1544618778713597,0.05364588482557485,0.07258121295810502,0.2530585895844938,0,500
0.9847634414655375,0.613871351969285,0.2328248226026807,0.5808469722126632,0.15844722398544775,0.05774132553602771,0.06943970213007952,0.28057774592358364,0,500
1.0184314790822964,0.5870217469903763,0.16431868056650378,0.8242405081242318,0.1451602915420387,0.05213208501414012,0.06373485171520081,0.3020633971208891,0,500
1.1531109454852926,0.5428641661821717,0.1754183294774694,0.5261765261903661,0.16386066258885842,0.05844043117915894,0.07727196017480309,0.2389699212264931,0,500
0.9976666247620873,0.557022251218287,0.2819775931118294,0.5365765616878674,0.151624639827741,0.06113244748181321,0.07131554705656308,0.25448271083736695,0,500
1.0288224044359646,0.605670074561861,0.1729088989854596,0.7932478334727275,0.1664007251586673,0.058456649507632547,0.0848310702070471,0.30681274844829304,0,500
0.8798627353033213,0.6495495233733916,0.2983076673163002,1.0504263194641617,0.15141556404469103,0.05427281641335401,0.05933729453380955,0.39779144704541214,0,500
0.9775725314274034,0.630030677996277,0.22740795328684782,0.7966486154174526,0.15880428346823988,0.05476872057055045,0.06661228318966553,0.32591722498610665,0,500
0.9607353734593906,0.564537446459991,0.19211961885598333,0.45238347256752626,0.1426448740057654,0.058489296040074606,0.0750367597619874,0.2405618276384061,0,500
0.847007479876649,0.6495095701738346,0.26541846468328806,0.8757772535744475,0.15278194613889778,0.057607291993841445,0.07441685586948318,0.36461106655770964,0,500
0.9441292330340575,0.6269902946274225,0.23289561005248288,0.563371359289185,0.16107831223865543,0.05899032586019413,0.07446017502808795,0.2876095944463044,0,500
0.9578648269271441,0.6084942278910165,0.13336402959788396,0.8436857176953236,0.14038913915046083,0.05064552597140932,0.0639976413932006,0.31485095736064417,0,500
0.8109718010975878,0.6613607766662463,0.2670384570920629,0.8131031768404705,0.13903046426398466,0.052921896834623165,0.05729706796964984,0.3591477595890747,0,500
0.9451532083430613,0.6566454514724908,0.1954434955875586,0.7232495426835276,0.15519968705538947,0.05178829899878696,0.06103273322140426,0.32409561095684425,0,500
1.2185603986995346,0.5136990542744762,0.038372236394019474,0.5414581603104427,0.14697154432025564,0.05132538161614207,0.07200234000013957,0.2205761509836218,0,500
0.8649341340149534,0.6574540391808914,0.26565257878444815,1.2093497487987699,0.14697409507987377,0.05191582227018862,0.05809362456799257,0.4287137482915511,0,500
1.1888823677644837,0.5532841788101974,0.22563847978800422,0.5672518693274312,0.1728161858530738,0.05997960320762182,0.07654428560877308,0.24630333597981904,0,500
1.1784050365118348,0.5562976125473583,0.076760300535813,0.3291922826381933,0.1643926581187549,0.05663638136877419,0.08033568038096976,0.2061148934690296,0,500
0.8782380613737871,0.6183046252758929,0.2813540545504798,1.1422074710962706,0.16248758336993113,0.06554859257734126,0.09722404107584737,0.3971886388756109,0,500
1.0652361789357025,0.5436001061499249,0.07635332652703465,0.4319290631374105,0.13654208497866632,0.05178898928421252,0.06693417796137052,0.21926233970963474,0,500
1.2516176937831234,0.5497695329834915,0.14309650624292597,0.3486621020632488,0.17457155836984406,0.05757640536750726,0.0774620313882559,0.2084655346922726,0,500
1.3675727655851322,0.4934307679907765,0.10957483681422421,0.3474685303498071,0.17254120995328456,0.058652845766263464,0.0876069512222177,0.187231189974499,0,500
0.9309490121412696,0.5958483072768984,0.2044787599058033,0.6180262745348876,0.14154304862555608,0.05513838283017565,0.06519154559189445,0.28108296768693264,0,500
1.1111849643105443,0.581849987131803,0.1696437686916272,0.9976904361793137,0.1620598180300074,0.05474765151157648,0.07437489002714526,0.32428996989788467,0,500
1.1399376779064763,0.5591656967697862,0.21594348448296405,0.5808325467564293,0.16832267725932565,0.0597999995087923,0.07820772459299656,0.25236023917773587,0,500
0.9453086342799256,0.6338423013016145,0.15471080848434324,0.9898371411567741,0.14348679074653362,0.04931237436793502,0.0606017132044695,0.35251422928552967,0,500
0.7353832539766595,0.7134014903864794,0.18556825145530922,1.0912778335059128,0.13117835254719257,0.04521410923538985,0.05292414673856544,0.44377104717799,0,500
0.9874799385960243,0.6324286963330924,0.18140179815836568,1.1346634621433411,0.1527413733087835,0.05031672407881936,0.062303301091754734,0.37910555832488935,0,500
0.8844821264393263,0.592415696723156,0.3143528322347273,0.4798718049121847,0.14718790683979252,0.062397730970346746,0.06860977718969116,0.26705516218529535,0,500
0.7680142699644136,0.6774932347194643,0.23944694311180542,1.1516661787531015,0.13384870750780756,0.05012757067461942,0.058519570705448616,0.43395656502081115,0,500
1.0427522811507197,0.5770641146941361,0.18884763646716615,0.626661039316372,0.15380008606457451,0.05658353409224986,0.0728006190170902,0.2679310204497378,0,500
1.1033834652080845,0.5043137045170912,0.18135305959943387,0.776848049508456,0.14602945525751354,0.05706571760907238,0.08085716311027233,0.26282454412822887,0,500
0.977090709384254,0.6139959366302055,0.24192617137335548,0.5275258690571798,0.15850216320304872,0.0577400172992304,0.06792878066336369,0.2741632203624452,0,500
1.0483305427795746,0.5814593106259981,0.22507867639394424,0.8212950791266873,0.16185540681351776,0.05911536600620312,0.07903432280727257,0.303374613316335,0,500
0.9771066354194194,0.6144409487522476,0.2722987488127016,0.9605380963208485,0.1641262005996005,0.05872232211864833,0.07345310779447074,0.3544999714413796,0,500
1.0984682730942625,0.5639377848164556,0.20670699278613947,0.3941890409212834,0.15998829114551194,0.058616827898062725,0.07187423274362134,0.2255194527986839,0,500
1.2385010081884649,0.5145522430521949,0.018113706521399566,0.4843682471768762,0.15029258553670657,0.05219888167301502,0.07644977216446237,0.2110663451771533,0,500
0.9746869995926565,0.6050796877124824,0.21612920461667115,0.7858461111234768,0.1516911246124598,0.05599877488565115,0.0702016347571739,0.3097568995514591,0,500
1.2076262012295929,0.531272411575707,0.1661950592842601,0.3782420646031281,0.1716441340719654,0.06166425988192711,0.08789266936476896,0.2082178620923829,0,500
1.1045903602563436,0.5631227877962091,0.2360518334227777,0.28358069598599595,0.16671678490067532,0.06167772620531623,0.07505592551174227,0.2093008825668749,0,500
1.1142090753789353,0.5007461204332183,0.1643599865045057,0.36311483932561733,0.15669923210300848,0.06419720546127962,0.09826864922495931,0.2000860392401074,0,500
1.2523157170321029,0.5073767307893806,0.1695996094885221,0.22289935955472207,0.16850463582478314,0.0613802850071227,0.08377493100052971,0.1785436491577016,0,500
0.8302548176906086,0.6988462795823764,0.21552540072408546,1.1007744110449207,0.1525765819214226,0.051208347676137425,0.06638704524414321,0.42777100771625315,0,500
1.0875280973650228,0.5410333859903178,0.06414228198638311,0.7012184562367731,0.14316128556356594,0.05280098992692064,0.07623820158618082,0.2577411042802853,0,500
0.8729199359967835,0.5846664672137141,0.29470353634749386,0.5192741034664794,0.1447405978852204,0.06321093242981392,0.0748993262824209,0.2697616239113632,0,500
1.0093980283831199,0.6031050340888473,0.16148154314910534,0.8053523595543932,0.14649974533320528,0.05159968931500168,0.06041236858958051,0.30591034029699243,0,500
1.099778177683845,0.5741523374091714,0.22882258700336136,1.14069550938227,0.16739737454227438,0.05822220959471532,0.08059443026471287,0.3520807544780371,0,500
0.9094724148582825,0.6024028186933854,0.23579873676838675,0.6871635996224048,0.14188530494787485,0.0562013310617679,0.06603507001531748,0.29763350899125823,0,500
0.8312856190752987,0.6923398349233767,0.21987634966569708,0.846009173188239,0.14919513135895554,0.05035074019833355,0.059117719839362086,0.3806575900130825,0,500
0.9613778739880008,0.6423142472774875,0.31082111667600315,0.45954626541132465,0.1672447408212027,0.05880826734085257,0.06174350226411446,0.2796455888176273,0,500
1.0997946708754749,0.577772216136916,0.17461322314838795,0.30614437824300905,0.16323520623429014,0.05896639491978308,0.07421356174742183,0.2146709543977636,0,500
1.2659952711342082,0.5004974427683672,0.11714384254775988,0.43252804498907926,0.19587525604636208,0.07227100673216662,0.12992994263441443,0.2059400826285834,0,500
0.8890146069132073,0.6680441991772333,0.373603550169613,0.8279649867344978,0.17107748829758726,0.060724071954112994,0.0638841220107664,0.3732330290788963,0,500
0.8364786410948339,0.6304602275434229,0.23037860721427061,0.4888676136920181,0.13546178122641941,0.0550417888855897,0.0618661940716382,0.2792172618971658,0,500
1.2022907008885515,0.5536242137446195,0.11740667628390059,0.5841618018304777,0.15957669545103667,0.052958763449374634,0.06834414608001363,0.24370076867430487,0,500
1.0823882623316023,0.5931776931422874,0.1530757143096919,1.0709346835161635,0.15409780168559858,0.05125628372647466,0.06496310396286992,0.33994965930699456,0,500
0.8361804492056003,0.5581132743634794,0.10322082675498066,1.004630890564884,0.11822425173243116,0.05231255309875952,0.07424210018527651,0.32826153282430076,0,500
1.1109146737726936,0.5333182464593068,0.11510628081337118,0.6367495317811974,0.14677715569862632,0.05426069698401291,0.07490390984922346,0.24771922430521712,0,500
0.9991176203058861,0.6177608388321492,0.11310221738296201,0.6871020697220402,0.1444249141480571,0.04835775445619178,0.05967655509554358,0.2909184555093348,0,500
1.0637055323819589,0.6010952500205523,0.05024596198521596,0.880506097633603,0.14735135933208382,0.04773049176831505,0.06186769189454805,0.30781712918450255,0,500
1.1059614503255955,0.5477557388733668,0.1355309644524958,0.7298114250355736,0.15187916391322154,0.05540281754992579,0.07688667449868822,0.267224022172618,0,500
0.9718298480244807,0.6112668742831803,0.07188811941401746,0.5638892458387296,0.14531679377143064,0.05213222108833057,0.07090646035925714,0.26665697537534594,0,500
0.9724324459565464,0.6140913236242516,0.10872712577179353,1.1368400149828282,0.14481406427175283,0.05016712991129471,0.06935020342108339,0.36321345918448855,0,500
1.1441202488070057,0.6200403442387501,0.26060772112509856,0.8316743563811495,0.1881041865459792,0.057666937162903914,0.07131091630975513,0.3237070045225213,0,500
1.1528848741122422,0.586019847643093,0.2486822037165315,0.8618220598095021,0.16821172018716954,0.05516505400604964,0.05885425462247325,0.30767949771513037,0,500
1.233968690865213,0.4936795865006747,0.10185031344162562,0.23255137159589345,0.14930759923088607,0.05516127196137643,0.07316373044665604,0.1750473834583851,0,500
0.930819905668812,0.6127809793578547,0.18808885899391287,0.9114432011048278,0.14306791017980233,0.05267597267826598,0.06585160512259555,0.33612313990083104,0,500
0.9243936130444256,0.6043449504167527,0.22045702732510114,0.847767866144142,0.14513729940547437,0.05596821591444776,0.07112829965315182,0.3240965481885187,0,500
0.9550164259173658,0.5796330389584964,0.16029898394818376,0.8925160689220248,0.13815514641781373,0.053209647496992175,0.06882088420517234,0.31428366645293765,0,500
1.020625360714904,0.6007285491268124,0.24263420137056138,0.6090627603799219,0.16463472028621065,0.059293541110766804,0.07329494716430117,0.2808443766130983,0,500
1.094451137713329,0.5452326232066051,0.09671807968596,0.6161035391215564,0.14794073575789266,0.055311675177440914,0.07965187800607687,0.2472590865909982,0,500
1.2018377244488183,0.5436964781104903,0.08842379414241111,0.6040228599896175,0.15376558797652118,0.05223188283601641,0.06888598604649127,0.24051882948839973,0,500
1.0987894410239003,0.5837951809643832,0.13067119982417857,0.6461316457406382,0.15422365231030405,0.052663371148061223,0.06697432731148552,0.26657721961205716,0,500
1.2869632962734192,0.5663285048255863,0.04626899313316937,0.9462230171731312,0.16868949774625014,0.050031327240390236,0.07141225640273235,0.2940289162667802,0,500
1.1485923324993714,0.5555511082639352,0.09999488876020672,0.48606511498977373,0.15141662047039628,0.05231346495317694,0.06638338418918475,0.23019602347885892,0,500
1.1065636964822074,0.5815192484135275,0.22115554787408062,0.6187465534020876,0.1685907299556572,0.05874385484215612,0.07479660572545249,0.2678614666436962,0,500
1.1531724799296734,0.49701863354186027,0.09550598553752092,0.6896117071038312,0.1471045421919821,0.056289311242987534,0.08681020020896153,0.24190533369064318,0,500
0.8369456034075593,0.5928759124650537,0.21928542108402724,0.7624725760365734,0.12837964533012425,0.05535893449884757,0.06653062865977756,0.30980400387715895,0,500
1.054774530108384,0.5696915512370712,0.11189832410173636,0.6732717252721637,0.14530377086484522,0.052500454409104544,0.06923368115483376,0.266962329131449,0,500
0.8150690806061751,0.6320664804188632,0.18029031066888918,0.7588096174564571,0.1281656514938533,0.051938931428624824,0.06051206413478071,0.32349934323726137,0,500
1.1712461896331003,0.535972270283631,0.03177199125318354,0.8841295544945739,0.15241573020751825,0.05228663960147369,0.08072299969234918,0.2785096710108464,0,500
0.7490363313324321,0.6954953522351398,0.23468247480765264,1.0289383105870147,0.13179924347250416,0.047996955555896316,0.052639223664547576,0.4236259674396481,0,500
0.9660143974646138,0.6069742739979539,0.16167616962336723,0.9580205111685245,0.14140677874418825,0.0507559915910664,0.06284277058374117,0.3338718731609514,0,500
0.9459851787978256,0.6293919649209072,0.09158480525093327,1.3642996954607023,0.1388679482513191,0.04586408817594826,0.05818065640755082,0.410040325333476,0,500
1.0070671361892012,0.5811432769935162,0.18778153280692395,0.4284144237712045,0.14372994608164075,0.054134588344785566,0.06141023553849723,0.2388268559994391,0,500
1.4070616176730597,0.4588497650920163,0.2092703023356419,0.3545512160605763,0.1845042172806429,0.06592575127336968,0.10097905419431173,0.18184430389571607,0,500
0.9250875237658904,0.6590205275315253,0.26239057990940917,0.680045745312352,0.15483556346829896,0.052861180622435555,0.0559585797432884,0.32426402540210586,0,500
1.0770196949812212,0.5592347388801558,0.27491330348989573,0.6633008671806172,0.1616943206977448,0.06033418994455638,0.07052162499426994,0.27164702102871513,0,500
1.397828906609551,0.49391233661100653,0.024966312478420672,0.4463410411891802,0.1790111946448981,0.05887196855779054,0.09832589745652726,0.19875900897693155,0,500
1.209041596588132,0.5639765830896751,0.15495217571473963,0.37713671176245717,0.1701915238008327,0.05650973038581424,0.07148470687205467,0.21800323837382277,0,500
1.0508255531168502,0.5490344667185708,0.2013206471751395,0.41786155258588237,0.15208999742512788,0.05997219335164537,0.07688870273322067,0.22567127709440307,0,500
1.180874722943734,0.5023529048088248,0.10966494602625197,0.3680540170140396,0.15534504724865172,0.05911336961065624,0.0883316195188775,0.1976327375022466,0,500
0.9834473557273766,0.5887830421615149,0.1768538389383509,0.6345464405301725,0.14291374974721008,0.05299081436051122,0.0657055449932037,0.2752253767867046,0,500
0.9208747284982145,0.642279027913279,0.30487892387307436,0.8975741777564444,0.1710593452758529,0.062179410052126134,0.08063196269416385,0.3631118572582127,0,500
1.076480226862369,0.6158620484225727,0.14248422959094642,0.66926797451715625,0.15954325786716983,0.051728657862600155,0.06387750827012988,0.2850903553412045,0,500
0.8489073596562865,0.6661510187498948,0.2071231139861258,0.9567085351393961,0.13838438503979061,0.04863994533955447,0.05363935044456964,0.3779090263868178,0,500
1.1026281998497718,0.5768748380699825,0.24684833326259123,0.4693497506993635,0.17013355714972436,0.06112064179966235,0.07514316365456934,0.24343210603023402,0,500
1.037517304700735,0.5604265727234511,0.23677970577334653,0.6334021272858417,0.15248047192453987,0.058801993927262194,0.07260995790388436,0.2649986581202566,0,500
1.0711144977595697,0.6047803364955229,0.22320258399369813,0.7886828452917588,0.1709630586751076,0.05803511790051062,0.07677726992785405,0.30742899352726627,0,500
1.085891812201669,0.5566281705255597,0.0543785409715533,0.9586618038252859,0.1575817150132873,0.056521560102838236,0.09240877117054434,0.3050522403578469,0,500
0.97072514232431,0.5966449134132653,0.1454771854990711,0.7134528741887327,0.13771077853582564,0.05040945798417489,0.05853258520201506,0.28916068961603414,0,500
1.0877738783909323,0.5443185415247133,0.20906160461024223,0.45063206302156644,0.1537662924676705,0.059023669170982354,0.07366787360134654,0.22782837840289977,0,500
0.9770839407880134,0.6384504838500091,0.22786028562513627,0.576241246039505,0.16057663801848907,0.05539810447677413,0.06522887307181714,0.2901505622161765,0,500
1.1132021166024317,0.5282411120662375,0.21147536192449048,0.7787508250296773,0.1576555856897956,0.05976809884676147,0.08163823768545848,0.27387545447450706,0,500
0.8737708380731434,0.6373814370220493,0.32144207056950835,0.5821381028010029,0.1582509866990918,0.06216256123922231,0.07248734390259577,0.3035834738489871,0,500
1.1928088199591627,0.5180721689235555,0.08582789295789196,0.712333414240262,0.15499212066680465,0.055219791777508374,0.08330405500544487,0.2498325739197449,0,500
1.1894677430684566,0.5636031300691977,0.24863549727818718,0.6444695781509361,0.17139967477469356,0.05700091715341539,0.06732107799070082,0.2634309976440485,0,500
0.7718567421768694,0.6633150569416172,0.2567955149605354,0.7484742418757527,0.14609258473813944,0.06059303621864447,0.06722135671756986,0.35489651082400225,0,500
1.2891684360554663,0.5868492621842426,0.05789911325152549,0.5290944123334042,0.17172867899351188,0.05001489801442883,0.06457164905348473,0.23994019056176516,0,500
1.1326771671364129,0.5240264785903349,0.21899047102713362,0.47180563538588344,0.1609425949311404,0.061411008659204736,0.08314817803124422,0.22432180689583564,0,500
1.0533362160851052,0.5862063747644188,0.12516841801417938,0.7825083864861706,0.1465742959220215,0.050737929269719935,0.06324308840591562,0.29094903168080105,0,500
1.0541941577407257,0.6099375308123037,0.22568182190170233,0.46947809651434963,0.18876828909141713,0.06534608455562138,0.09117667982875648,0.26124524380696185,0,500
0.8603432886699159,0.6601323236683168,0.34251740723501534,0.5305960055732011,0.16196510419271518,0.06036942486828313,0.06402587351035365,0.3114863355349224,0,500
0.8251788884753309,0.7068809661654131,0.24214978467411277,1.2920003603458101,0.1539988507504058,0.05109698472735971,0.06033113919305117,0.4777361927180236,0,500
1.1778837012891483,0.5868817722482643,0.22221112027035622,0.6434358104622687,0.17580825372624698,0.05636021661274709,0.06771633109350476,0.2723846773553468,0,500
1.367550959200563,0.4369576928520114,0.14330707583287774,0.3864743253206719,0.16365234245168012,0.06100147572268051,0.09632187258503123,0.1799579463264091,0,500
1.0536797904038935,0.5861277069468777,0.21183093288713176,0.7167363680658926,0.15935270835177973,0.05743592556178771,0.07427692219783964,0.28569394667930204,0,500
1.1344011605341988,0.5458097544123083,0.11691037351421579,0.6544404382652926,0.14822930920069738,0.05255737145542846,0.06845474152612449,0.251613032184385,0,500
0.8479103478604054,0.6605650075144199,0.27161436214232487,1.0360956337708715,0.14447726218255919,0.05263997525192292,0.059053759208726304,0.3959762760112285,0,500
0.8650559999953779,0.6194847329064997,0.22245178268764979,0.2571363085951673,0.13868417260348256,0.05687864761635889,0.062265020258251265,0.23369294696975437,0,500
0.9635714202082583,0.6087241052568537,0.2756421925305527,0.7140241503280981,0.1602618624341668,0.06005584321822221,0.07352684876931727,0.30610465959692473,0,500
1.0025872698540677,0.5790796119041763,0.14568595216903715,0.4994284902364257,0.14438632234992374,0.05504387377950906,0.07231679717705293,0.24576464754888808,0,500
1.1171584158724357,0.5492992655234761,0.16629560607850527,0.5450114599010346,0.15960123199035306,0.05847738182014589,0.08021760195801242,0.24178584663811417,0,500
0.9370137948800911,0.6033615814268938,0.1558771268562741,0.49148567042289565,0.13882366664003798,0.052637286711976324,0.06282868923791127,0.259398211147556,0,500
0.9961374000864623,0.574007748282862,0.25347801965871475,0.7216412445221974,0.16653405230567306,0.06598759581854267,0.09488502625664008,0.29069960884122653,0,500
1.2300087887689817,0.521360368749891,0.14198360674018015,0.4591315301859569,0.15960576727151798,0.056731847376378555,0.07686319845286713,0.2137765997989192,0,500
1.2917886761189903,0.48878817350018267,4.811788790893083e-6,0.9690312769540674,0.12756104908842775,0.03930319728045309,0.001345898864999348,0.26487022311959835,0,500
0.9992268383344476,0.6014994699614351,0.20562318461160417,0.9642978469083746,0.15747997218802046,0.056296070350548635,0.07459384543547354,0.33978316768883915,0,500
1.1903076435916518,0.5301736497804734,0.11769375605916113,0.7717854832834693,0.15418020613977224,0.052863276454804764,0.07240146617491132,0.26451408110819313,0,500
1.037394914405278,0.6026044633745765,0.11623375869898177,1.0354790144668546,0.14691697082483762,0.04939983719756054,0.06236773386392768,0.3373989469663704,0,500
1.0832765466067071,0.6014385064782687,0.12788256599459255,0.7721482763626736,0.1517106283415017,0.04994446488812569,0.061640715316782994,0.2917690747151178,0,500
1.099889049053645,0.5423288948583326,0.21485947757587645,0.578280924460422,0.15743843017683656,0.05962544230117518,0.07747893161352307,0.2471848009574107,0,500
0.9419172996383877,0.56989225073984,0.28927353129575545,0.4089101458361115,0.15437989456177792,0.06533117955365479,0.07885935317460531,0.2421168702591551,0,500
0.9597749455851048,0.605193893340152,0.3003785587365556,0.5183252987626996,0.166676872600611,0.06468261981122432,0.08084985831170953,0.27175919060939174,0,500
1.0605178344655841,0.5813414490342419,0.15876643381724392,0.629936814443472,0.14847001224875303,0.052359329907281295,0.061966292409367324,0.26717564346509715,0,500
0.8870228892349082,0.6209263803740472,0.12589200271088485,0.7680137206410345,0.14769915732752223,0.0566072641482991,0.08522457212389466,0.31399465429714896,0,500
0.9394878153035228,0.6219019236732374,0.2195149370459389,0.5573660092589107,0.15473480821140714,0.05753370522919754,0.07203432013968294,0.2816545980708134,0,500
0.7867969138577631,0.668039713637132,0.23855909754519403,0.986974145154266,0.13429127949883965,0.05048661735519205,0.055835094753848756,0.3964963340791487,0,500
1.1405624242247245,0.4890449526547117,0.17530599624256216,0.3605330495143215,0.15279619443174158,0.06249390543324509,0.0918876816959508,0.19535573164977205,0,500
1.2347878405592898,0.527060177267142,0.2163946511032155,0.7961122425954186,0.17591655334252618,0.061458411988202635,0.08857472957190034,0.2704220666148801,0,500
1.0518713689486698,0.6216253985930488,0.31559324405885425,0.2972513136930048,0.18826896270086588,0.06417595654887528,0.07108953424032129,0.2418060215685077,0,500
1.0412209088166469,0.6138314740357852,0.2890991199016182,0.6492924967318549,0.17931826674301968,0.061966252478281296,0.07623249857643766,0.2967518214911334,0,500
1.1665985484453938,0.5809812363728186,0.2345512288882821,0.7091948731921014,0.2055175249242027,0.06925468226682292,0.10702804692710252,0.28605346270630966,0,500
1.234661240828862,0.5126296467511104,0.13820331320002596,0.715529825188357,0.16413317399266808,0.05833774632309,0.08661332988556517,0.2497587799395623,0,500
1.1487643534516705,0.53297584262825,0.11468852588378509,0.5373544992201115,0.14626527656291607,0.05240869503598999,0.06681166466747003,0.23104140658586586,0,500
1.223275591847187,0.5013714067901116,0.06617739371827117,0.2987768278591446,0.16481519303785483,0.06126188963970333,0.0977743268213495,0.18589761565326607,0,500
1.1489445630885358,0.5919206976475623,0.05156926803706079,1.042304325993778,0.15289901971472844,0.04712628058775943,0.060630492770064645,0.32328275520029776,0,500
0.8620442909998729,0.6192369984677176,0.1784432960544176,0.7805178308112651,0.13403118149105034,0.052391456806459964,0.06445647400108619,0.32026741990655866,0,500
1.0237912981144932,0.5717444998960659,0.21245513832687143,0.7009796589967655,0.1556328233281937,0.058723957005193686,0.07704374438681884,0.2819984417976324,0,500
0.8688685205006954,0.6251688964575699,0.15856602223274427,0.8146442232582729,0.1425456172521021,0.0559899478682751,0.07457074237006599,0.32798107590082654,0,500
1.2028406538932062,0.5212304682341913,0.12888572337308546,0.5082934388691616,0.1524274669499887,0.05426836478924099,0.07097925219246162,0.22186022380181977,0,500
0.8588007653123593,0.6315226335525561,0.21601888029393668,0.4914240901738249,0.137452861937823,0.053752141645330424,0.05953488256578436,0.27914511234383577,0,500
1.102401690228915,0.5655610216281888,0.19055021490949534,0.5895591944838828,0.1583868425499264,0.05666410920632983,0.07158179619117458,0.25580219515599795,0,500
