tau,kappa,beta,psi,tau_se,kappa_se,beta_se,psi_se,convergence,length
1.21316817836888,0.7592868445950911,0.0188654012011322,0.9999945993959193,0.15882842110175877,0.03677140129412735,0.05028845690148891,0.0035098044265500336,0,250
1.448257985979651,0.7272481767857949,0.11274844034024757,0.06025317739389294,0.3436973921193894,0.061983973729875935,0.056545492589455425,0.3413509963338554,0,250
1.3444453526464157,0.7484866820797653,0.06088898532386095,0.9999943090572937,0.17205432081553756,0.03780473866865741,0.052462494720079966,0.0018876191922216332,0,250
0.9783459699479342,0.8284510033672353,0.092228618433251,0.9457152352977938,0.26836840591618805,0.04463719702531363,0.048930769207951766,0.643314812459464,0,250
1.079184944465107,0.7836679216149288,0.09574432027775794,0.23783276720870233,0.2812970822482274,0.05311448517286323,0.047581345963651794,0.43817706679016843,0,250
0.9513453518602104,0.832388216090111,0.10056267617966051,0.9999852342756549,0.14506091075672445,0.030250855819622908,0.04301909840999776,0.004860100991302339,0,250
0.792318631128063,0.8169225271304246,0.08658185549523169,0.9999947496322624,0.10695720921246209,0.03173521922809041,0.03800038901383528,0.002418580313181305,0,250
1.7388614383611503,0.6279878858744816,0.01560158711154052,0.02556890221226401,0.32160581228795787,0.06419675202248488,0.06941599826152801,0.24472319446204915,0,250
1.2635024305513904,0.7300137154031215,0.11182090117658705,0.5022595240240638,0.3133660112212281,0.06187877332073991,0.061652022337293354,0.45410332864952696,0,250
1.0756316843532774,0.7915137920103857,0.17581783427396366,0.9999982731553169,0.15332801647691086,0.037650737831727274,0.04816547683312555,0.0011122213683236052,0,250
0.8710483323698792,0.8050213107669899,0.08095276808285133,0.9366098004279659,0.14883871182740085,0.03725547167003366,0.04112969222845998,0.3094353507852235,0,250
0.9785329284856119,0.7916047435603927,0.12730132101448433,0.9933146656033457,0.22341663463353229,0.04682317691961701,0.05467519556783757,0.5053314411012956,0,250
1.2604323942264177,0.7495163965572448,0.05478109426749625,0.9938140453214371,0.43778250005704716,0.07263983868455953,0.05691629152192604,0.9796621167474716,0,250
0.8774143860504142,0.8287679119344414,0.11716552349943142,0.9999254611087544,0.13219912206461307,0.03195459201404677,0.04272633554722219,0.012525503178443026,0,250
0.7815103788725839,0.8352848607511834,0.1396205528119705,0.663369963601522,0.24567534024753315,0.047552690321151704,0.047608566521829626,0.6807378529173111,0,250
1.1653046102414117,0.7658020948484644,0.06536528099543032,0.5583273241610465,0.29546957734241175,0.0550759369643463,0.05393178141323389,0.49662688808634486,0,250
1.6803503088497562,0.6922891849888474,0.1352120405587376,0.19614834144680826,0.39217785273430616,0.07017611147890505,0.07466588249255504,0.32892412280538247,0,250
1.0499620655958262,0.7963024860174084,0.1192610344896666,0.36689952971553913,0.2859120046423354,0.0529999614156495,0.052012474148190754,0.4819733120013486,0,250
1.1426546686922143,0.7732690422445267,0.14711292350727725,0.34389768554170763,0.28762739965908096,0.0548945885540798,0.05173054340032019,0.4463570465932421,0,250
1.2161420886625678,0.7616530739647658,0.212050731815879,0.09583657594934156,0.3527554523903678,0.06769884228847069,0.0694097629904792,0.38253870983270777,0,250
1.4002460755282915,0.7325105767849717,0.1691302489119434,0.08594393596330682,0.36495677217758776,0.06721349605458907,0.06644191893040231,0.3527802955852844,0,250
0.9346003019511684,0.805754014266387,0.07291151595470646,0.9999898465861924,0.12993208158395075,0.03323812147254118,0.04303461625307089,0.003981725323216532,0,250
0.7928436040802235,0.825607740012943,0.0913321125377094,0.9999834145829176,0.11866381970179797,0.03279971515655776,0.043886477489965124,0.003914047089224653,0,250
1.192096421217869,0.7764385711503361,0.061758438676785384,0.9999761440902676,0.15331348917926485,0.03446162126050544,0.043255963045353577,0.012701301521127147,0,250
0.9224330796358755,0.8368391721617938,0.16277298211271862,0.9999821128429115,0.1551593630361597,0.03393874595127862,0.048749332691787974,0.005856112319483342,0,250
1.6350433892499185,0.7041886681096885,0.10520207141050827,0.22649747118222724,0.35350298925208506,0.061106416185184254,0.05837769568161099,0.3431194915095224,0,250
0.8816612419882077,0.8405315072435634,0.2153852428515896,0.878600165943392,0.3093212059716104,0.05236327248061871,0.06555519133440366,0.7734007865628634,0,250
1.1502319190433643,0.7723578177174019,0.03318230006207306,0.5076075314502728,0.28550739337228087,0.052131195533341786,0.049155093836833585,0.48304284369856,0,250
1.6570548410214132,0.6660895895912116,0.08296481935162439,0.12157184866177653,0.3384164792226568,0.06603546958347625,0.06575088945879201,0.29146758743891166,0,250
1.177166511646132,0.7333842042611068,0.03545479245363222,0.8766617278601206,0.26918712029596004,0.05503916305660048,0.05744555409491943,0.5280425714392716,0,250
0.8947829612344866,0.8238529316489424,0.11968363948586093,0.7722795357199126,0.23301002873818463,0.04483289344118539,0.04466301046114569,0.5768832914903808,0,250
1.053676941311307,0.801183091314322,0.10112546374612175,0.4524007287784333,0.271343061768375,0.04879979586123544,0.04177622776675628,0.5078124906782415,0,250
1.3310710704845914,0.7463125853627861,0.11911458319802215,0.3488656846393862,0.3265048867033294,0.0599522930701737,0.06008805393758075,0.4135562098257663,0,250
1.2403603063494038,0.7774915843043927,0.09366760765501739,0.8138801882253015,0.3399266002535294,0.05648492172779684,0.06055662759987845,0.6021357619894862,0,250
1.6507456957533246,0.7237053363682189,0.09787888952563295,0.050032975155239884,0.38185719513500577,0.06148339816860644,0.05685640955527278,0.3209729163057632,0,250
1.4858897893936436,0.7219493700862554,0.07369967066569907,0.301084191093972,0.3216352225341509,0.05675744069460339,0.05046248704857991,0.37567076488957635,0,250
1.1426973094503405,0.7849929759608165,1.0196905927405658e-4,0.9996464590144486,0.09922823155096286,0.025474513346545945,NA,0.019357945402436794,0,250
0.8057169789718155,0.8287545933835528,0.13000252744613477,0.9999640341278555,0.1299367894114454,0.03445173623694715,0.0474377529138741,0.010147218769754444,0,250
1.0334049297206778,0.7814655800088219,0.1479506593787912,0.45217795476732187,0.27615157677112423,0.05658793440564759,0.05463296907007854,0.49242070963611334,0,250
1.5532577555578886,0.6931632073106413,0.07884994401058366,1.1268301656225134e-4,0.2474478714352753,0.051429223560592444,0.05486504448418619,0.00852231110635178,0,250
1.2893109800142355,0.7550767121526174,0.15362177045603864,0.11324013698158043,0.317188260456245,0.05758599730338142,0.04777874075340763,0.37726743339563934,0,250
1.1890964509429893,0.7507952038015194,0.15738651557915723,6.161394329541207e-5,0.24016820720723034,0.053869062766119385,0.060742142080976926,0.023030872843902376,0,250
1.0892606128065012,0.8125462067406621,0.11386318914347324,0.9999923446938034,0.17519982502279854,0.03495643721872463,0.05380524457152151,0.0033179187501530525,0,250
1.0107681249785998,0.8182841237216428,0.13117655161373182,0.6358984619081142,0.2594883937952337,0.04583999028861835,0.04741737139892214,0.5264101298989061,0,250
0.6944706218096389,0.8302967992100987,0.06049480266599675,0.999944690295332,0.09439866871287916,0.030101955833160315,0.03523949945966255,0.008880063998318213,0,250
1.0295930104117732,0.8043487103419807,0.11465043745249066,0.9999860176696342,0.1460617392017451,0.03392436015188847,0.04469419638299202,0.003961703911473418,0,250
1.8749911091537885,0.6412537767004692,0.04799495798199146,0.004979136229790039,0.33459852392140316,0.06213176231899913,0.0629212947635815,0.21274639489373728,0,250
1.1526850035013778,0.7741925560581898,0.20084444236842647,0.24566907530480372,0.31819392869400054,0.06032135838999909,0.05787258475207026,0.43846164820535366,0,250
1.013239427712437,0.7990626375878712,0.09091969309761043,0.9844957907666735,0.1890620278203445,0.038683278006600826,0.04115953121024182,0.39439745988248337,0,250
1.5696484986466512,0.6990312566708562,0.10357394465575356,0.10738054923100745,0.36404739526576796,0.06630563835963697,0.07167492511587938,0.31652573652482996,0,250
1.1917487193925882,0.7446786950073838,0.10190893356262866,0.7314941270408245,0.27958266218538896,0.05585086860920972,0.057008767726550155,0.5071189707862592,0,250
0.9136663490840489,0.7718436719377471,0.18824694807988268,2.9586276293657977e-5,0.18856198201721164,0.05134582050691594,0.05462637605648363,0.005152839989826842,0,250
1.5610135792040962,0.6999235982313852,0.15577043385292208,3.96074004338069e-6,0.29595527744385447,0.059474445271654956,0.06090608532065924,9.744237521870358e-4,0,250
0.88981482153606,0.8205568420889153,0.031929081703412715,0.9999837264621857,0.11421025622904069,0.028684016358203054,0.034055765576364666,0.003102153915094721,0,250
1.5273828190200973,0.6673406755243991,0.050572416388812956,0.43736054937731067,0.30696111450947616,0.06219092237252508,0.06540986462588579,0.36172145117356336,0,250
0.9275474418807373,0.7741140415053634,0.06798732046526275,0.5552689968907536,0.22729148494366577,0.050619013509961536,0.044625930130349135,0.5086552410510793,0,250
1.5987942392659285,0.7472714746807146,0.052588789709346793,0.9409565589759813,0.36092732718227516,0.0531110960657102,0.05358590525520375,0.5442691846477925,0,250
0.9991184373055035,0.769727009916735,0.1036158594483934,0.2672643463806097,0.2623686877853237,0.056155372934335444,0.05437204324414649,0.4362139634902653,0,250
1.145242955008999,0.7782507636139043,0.08419530613865436,0.4427625923364627,0.2861044280587096,0.05101123480428944,0.04640502914382973,0.47960973610170027,0,250
1.2442629207669553,0.7433146237238856,0.12543413674417622,0.39908691257072165,0.288476531287389,0.05434557019434161,0.05243971799242404,0.43000930167428886,0,250
1.6801777964336198,0.7351000367274666,0.033262660884423256,0.7251198003090709,0.36488694241053227,0.05363144594094068,0.05183556076793172,0.47396104454659455,0,250
1.0132036353150669,0.7899072165737733,0.16186030739785562,0.7301248167332323,0.2767059124254286,0.055168449897624504,0.05619036816780223,0.5832555553410035,0,250
1.2590711088788873,0.7372055370410615,0.12054082981548798,0.44729087550032925,0.3167602361655963,0.06258529137460875,0.06788326807752697,0.4353379109684381,0,250
1.4760747347300567,0.7149155320926037,0.011616036143684108,0.1384458799343697,0.3030958220726593,0.05462836172578549,0.045432481879551616,0.3291963618332824,0,250
1.0634507407905662,0.8209911877090138,0.03943985151662081,0.9999840588339837,0.14341972032808883,0.031227833856064296,0.03870584651536737,0.0022731918930811758,0,250
1.1461253081155311,0.7620881457448826,0.059288808448286344,0.6857003996561177,0.272487403108646,0.05221598927646864,0.050494923592296424,0.5126382959011359,0,250
1.0717716416912808,0.7834418955705933,0.13285283867780012,0.383090501797942,0.2847065472068909,0.055012174146133866,0.05313253898277439,0.47565847198559424,0,250
1.2488242332393495,0.7618352129383943,0.08562417693221326,0.6586467529790956,0.30356666701509466,0.054362813456492,0.050708600900425435,0.5164174097159141,0,250
1.3379874317793512,0.7788257582922513,0.0659594778215754,0.6579395748101027,0.3273446485332024,0.052143819608376184,0.05191281281996317,0.5114122020235609,0,250
1.1627203015980658,0.7624092441906218,0.14648912852155938,0.4028531390527185,0.3130409831086475,0.06130726690041962,0.06424480112881943,0.4581299234759432,0,250
1.2262943962916606,0.7437557261385442,0.10009667745496947,0.030132990471428586,0.30800313600139967,0.06138672792108158,0.05842199115390155,0.3418675078453598,0,250
0.8771734613290064,0.8455431517108406,0.0911380104493513,0.999980512988903,0.12280458908556185,0.027701345074970473,0.0337621613502404,0.00477198806062062,0,250
1.0580271427527517,0.7521970647211097,0.15442281162960517,4.694272796339095e-6,0.24342044204883084,0.06015915794651613,0.0710170124747636,0.0021431425403544394,0,250
1.0842716778270027,0.8048878636007601,0.16322756558376267,0.3853743702326747,0.2949447615653571,0.051127214518868744,0.047905434030314664,0.5049715685047115,0,250
0.7552946618841594,0.8588683960296969,0.12298786946720285,0.9999578837659846,0.1133615823749026,0.027566323041997937,0.03715181907839629,0.004685563581935409,0,250
1.0875676445970295,0.7874639489112766,0.08003589383211956,0.4325141779489515,0.28481698864154564,0.05191528191471526,0.04882420090644821,0.4907867068684397,0,250
0.8747373202864003,0.7760173448634963,0.17239077007424583,0.5734792960829251,0.23243014863253977,0.05551887241994134,0.05253357638752595,0.5379761247945114,0,250
1.3378346076595466,0.715886398301899,0.15118357238749397,0.2202020145083686,0.3233816771018716,0.06461741870793047,0.06902899196843727,0.3641002829442585,0,250
1.0895249397930373,0.8081322354134824,0.0894168240994804,0.999983151574983,0.14690091563978938,0.03275695856602259,0.041442245306852095,0.002777923313138579,0,250
0.7988760361810094,0.8349140778199049,0.11353783131235856,0.9991860173571746,0.13458207190808028,0.03334519694289944,0.04405340927863235,0.17249607441911566,0,250
0.9656890724533742,0.8196562362270621,0.09764168893186786,0.999992042841488,0.13437811851382309,0.030776187171393903,0.03915514727085248,0.0036545595296654655,0,250
1.731626080157379,0.6737349684362524,0.041886355652226655,0.47167886454216607,0.3293025648002889,0.058515742079145984,0.057386267320022194,0.3624749854938891,0,250
1.264386427573509,0.7542615967840143,0.07541458075528674,0.369223235924361,0.2887498840138161,0.0536745261610933,0.04840238719498277,0.41852518136535505,0,250
1.0966203625094864,0.7702112015112204,0.09474850819227873,0.62702457094813,0.2750353534171505,0.054083838657995084,0.0541709540747345,0.5140274133109435,0,250
0.6935562652581211,0.8358416099670344,0.1455093093523939,0.9998816916689485,0.10672512512270924,0.032604879226287256,0.04158713507633392,0.023977836412274994,0,250
0.858120664653396,0.8317220208446245,0.07559340511128931,0.953956070906614,0.22215773548180112,0.040831884002254966,0.043754686370378396,0.5961773450420127,0,250
0.9244278177977394,0.8290466478525467,0.08592296063726301,0.9999783254334047,0.13200922345835314,0.03029144224092623,0.040071168435829196,0.003707923746535313,0,250
0.8937505110102933,0.794650434383607,0.05631185812496559,0.9999559215763699,0.11758048332183321,0.03194640067467318,0.04146836020591471,0.017763664977610734,0,250
1.8553280878779963,0.614715740793931,4.459337895203737e-5,0.02828009235730574,0.258686213779667,0.04947236722385881,0.005159049959222117,0.23095245314623436,0,250
0.7583727459521166,0.8075667014084894,0.0889794282234874,0.999073974628249,0.11368788552540361,0.03422278852966306,0.040801124180593965,0.18361975493222302,0,250
1.7299072308902002,0.649834112105865,0.06694001101423172,0.12157301722972824,0.3396946657157287,0.06496111094075664,0.0662809193714342,0.2841513726015563,0,250
0.8278171178089817,0.8358365280879048,0.12559997968457545,0.9999947552415746,0.13584067113016934,0.0332333658495552,0.04778272446638215,0.0027846814120402194,0,250
0.8303425914295711,0.8319765621789676,0.15307397896084154,0.6057528902248684,0.24657744716483865,0.04765448994213748,0.04625502744838914,0.6283434456843279,0,250
1.1005095494298984,0.7854689503605299,0.07058429291549048,0.6647352208908267,0.2717080413874686,0.04892903848094649,0.04170746197240729,0.5417700376140318,0,250
1.228367844176789,0.7461011548878593,0.03146588246168976,0.7343867440708471,0.2763782450304852,0.05191397642030708,0.04706646918067918,0.5030781165476923,0,250
1.033387654320697,0.7526986691884914,0.09229834945436752,0.857225335582492,0.23695665334384042,0.05021495100799364,0.05259738252925199,0.5392027113257106,0,250
0.971537350053835,0.7949121674673584,0.09359199533198523,0.7318068760828513,0.24361539661088008,0.0478842683852242,0.042121464939329646,0.5768330709801337,0,250
1.3640081875915497,0.7043047231938956,0.0716380592416474,0.06692397707291955,0.3005959359110983,0.062174833022226914,0.05786455989603061,0.31693174171998395,0,250
1.1079967490351321,0.7993130458989156,0.11057614739144371,0.7935554407809675,0.2834662397893249,0.04682332065570465,0.042395419002322514,0.6051514741292225,0,250
1.8620579202309577,0.6311734693933505,0.03395169712303753,0.20184379235408187,0.3456405402479817,0.06499855103301139,0.06722620164046839,0.28579269373325544,0,250
1.146652013261251,0.7824564793583657,0.048083451069304006,0.9085398301704746,0.2829650960898566,0.0493542952948944,0.04830738694900381,0.588645538935497,0,250
1.0015732666165416,0.8255032409547371,0.15849996691231533,0.15769122378875783,0.32099183037699713,0.05592935015385194,0.048848436599010184,0.4864912553961914,0,250
0.9567277913704617,0.8182318847393194,0.10479490999589147,0.999983472423322,0.14153539441849927,0.033039877992081274,0.04365440276222482,0.008051892077823454,0,250
1.4707594421358212,0.6765391242033773,0.0536574584873606,4.529709193428377e-5,0.2208818981908843,0.05167046353748625,0.055451859957037636,0.009041259230786091,0,250
1.0035300560397677,0.7862317204147108,0.221073832962331,0.9998508883161861,0.16995209922785712,0.043012933027668475,0.06218443270357966,0.0440522597455252,0,250
1.1629316910968985,0.7289490784136589,0.001273753790641556,0.5223173856559442,0.26467243912173094,0.05718974244130846,0.061277309935928795,0.42857979580959676,0,250
1.1241897472980729,0.7854985742838627,0.16719095734875972,0.3561422095058671,0.2982889589257695,0.055723780342442096,0.05203200539850571,0.4684291759153964,0,250
1.3108328632642832,0.6895386033697751,0.10359279117413968,0.3545521905822908,0.28023018188859355,0.06356598543124943,0.06202687176980511,0.3658924436338777,0,250
0.896301017358274,0.8140288332873399,0.13052683737469867,0.9999541630495163,0.1365991764661919,0.03467128094900307,0.047266521686041216,0.009161016016804314,0,250
1.4114721138123605,0.6786074499686321,1.6075469701094213e-7,0.3275101316097663,0.23508976023717498,0.04726405094928773,9.568199401257079e-5,0.345001361554129,0,250
1.0635529423054082,0.7969105740231139,0.12216637619958357,0.6654878672416167,0.29407644993591897,0.05293259659460323,0.0549750463190265,0.5709616072377927,0,250
0.8200478869441522,0.7930852496661434,0.05842282448854052,0.9999403237194788,0.12222544850490379,0.0369953973293511,0.0512057861725009,0.017663964595814454,0,250
0.7470014465354553,0.8323554598906864,0.17353961248397512,0.8254572521884342,0.24854144092412828,0.04966993882190821,0.046569458466997594,0.8162031625189028,0,250
1.1897226778987557,0.7503248196320059,0.07022436782442457,0.3042164839188072,0.28434124848766923,0.0554965740312998,0.0474825500339607,0.4179650061579804,0,250
0.7741925789126847,0.8672997246028041,0.19751550368647586,0.7718861695291974,0.26833489232705293,0.043999453278738915,0.04837352552153593,0.791008059217754,0,250
1.0180972929876202,0.8127779317503069,0.08161977519522733,0.4232591753868911,0.2627417404484975,0.04565243234077522,0.036581733617621404,0.515130554253747,0,250
1.2660164645658263,0.7250818565431316,0.01204906210617628,0.9849786652943032,0.16746035676213053,0.03916371717495459,0.05414621696672629,0.14637608477746622,0,250
0.97485256222661,0.7662392597979502,0.013625902185778018,0.9999920241761291,0.12203151301874927,0.03534400643770606,0.04447997324961029,0.0032020728216720588,0,250
1.4516201003223295,0.7372992862960714,0.11402495961174247,0.3462266316301214,0.34032337957514147,0.05913608581265286,0.058132772795784875,0.4007767899392694,0,250
0.91837445605888135,0.8331988996014786,0.08705697931575097,0.909184191939709,0.2591068228214498,0.044986348008517196,0.042505208186405845,0.6854213005599127,0,250
0.9935437700571983,0.7753298940585354,0.1348825766100922,0.45017256856370536,0.2575495491852149,0.054893018076280664,0.05174139080348158,0.4894416236469659,0,250
1.1913917886323804,0.7675496252871107,0.16432374141008382,0.33403568697721414,0.31008821553809673,0.055920641950648976,0.06181573702253158,0.4460110694900976,0,250
1.150127683594532,0.77940005326196,0.1173069610467654,0.5905273851924236,0.30388152154124565,0.055441478968870014,0.05748446374918821,0.5170236471610236,0,250
1.1147084457370433,0.7865887350576267,0.13669553676862534,0.08703051660125653,0.2950144054333236,0.054629683628984106,0.044698609427809795,0.40453692608128594,0,250
1.0218815955282163,0.8178263061243579,0.12848731215649747,0.970837618936535,0.2759246702213118,0.0468094331777277,0.0509136704018648,0.6385077394948391,0,250
1.0834707555254395,0.7641385897198008,0.11933071405901718,0.5545005842911015,0.27004214868837384,0.05463032565046575,0.051381213120168766,0.4999182077908764,0,250
0.7872084617288306,0.8490688149626741,0.11997080962386036,0.9999920820427112,0.1312596261812572,0.03170151325666435,0.045427154737609575,0.002620165316765805,0,250
1.4836444685077348,0.7562237361161726,0.12059887003632498,0.25381574067669727,0.3541634851527508,0.055985247198779835,0.049239979740580204,0.39722711902060204,0,250
1.0960872561855464,0.8324913118077493,0.09577658600714581,0.9999342698040526,0.16739980257374232,0.030866506854998366,0.04354419022642468,0.00807731227310949,0,250
0.9005111767618397,0.8237531882283723,0.09342156817198555,0.9999986586497109,0.13266772665205165,0.03213177075558635,0.045917571064194945,8.280947815749836e-4,0,250
1.063372662945184,0.7714946557220798,0.16899473264063816,0.34724892128931995,0.27586239095659937,0.05585229115566083,0.050566436328040934,0.46236305611882295,0,250
0.9023573922135931,0.8260543649609537,0.14689310075658477,0.9999883241126807,0.13427430782322491,0.03141484386590192,0.04408450450399821,0.0034254160397247588,0,250
1.015202949028548,0.816696223900673,0.05954202256992489,0.9999897013366109,0.12653713407892953,0.028926769724209062,0.03322927255234493,0.0024667285356963914,0,250
1.0957760796763345,0.7847400915669662,0.04292653012097199,0.9309906118504979,0.26253606463519075,0.04711024839392268,0.042224592197832075,0.5972540372641006,0,250
1.1550908351033309,0.7267760432469843,0.0016900558469024418,0.6711196851179291,0.24243232815567511,0.051370834107309714,0.04529397995096891,0.4647275375678534,0,250
1.2589161894139214,0.7032375258219946,0.18722411378581563,9.550086871742569e-6,0.25233497341343136,0.06447276092401065,0.06825757285498679,0.002455359612094614,0,250
1.0413980100437041,0.7844974534995753,0.08087674639719354,0.7261426284524022,0.2600230775697877,0.049670301506467444,0.046265577942417,0.5577893474535954,0,250
1.2480596815237837,0.7780785681289542,0.04212917422623455,0.9605704981233294,0.2959432382530783,0.047934474723954325,0.03987948835747675,0.6128882556536639,0,250
0.7796798752176363,0.8512915224903456,0.21031110785185672,0.9870621726247436,0.22016073588709711,0.043431509231742875,0.058850011090552067,0.5824869325655991,0,250
0.8499370429234567,0.8133586176940841,0.17368925723730536,0.9342435050752774,0.2540585127284008,0.053216352541867566,0.05782458427294929,0.7009351454463284,0,250
1.6582294058667493,0.6598435728155629,2.859140491364809e-6,0.13745775857982204,0.25560789540328693,0.047760282165419284,5.70496278977866e-4,0.28566078847959087,0,250
1.1904693553582733,0.719580034029799,0.1480912031447934,0.3418905003212756,0.2884978005969671,0.06446997806843181,0.06592340551580599,0.39995477016147885,0,250
1.3507651200074047,0.7265327707955027,0.046833090037658634,0.456412870188917,0.2954353759367139,0.055214543598786345,0.05081004648331671,0.4174570544280462,0,250
1.2398699198896335,0.7620532419982877,0.14959688771029095,0.3645931850175827,0.31545125880727337,0.05809468312667261,0.05599349273519115,0.44164642823702727,0,250
0.953046394713843,0.8255446929452651,0.18317677067150528,0.9999663374927374,0.16559857363760297,0.03661530886532462,0.054235691089094776,0.011413021150413663,0,250
1.1356382548493562,0.748546773584522,0.09023820685925027,0.2730415260192439,0.26333499539169625,0.05421608732661465,0.045523589633577555,0.40556206139988316,0,250
1.376291562327372,0.7311718327989895,0.028533409075955734,0.7563692239298532,0.3229092884925011,0.05949739673131962,0.06880297727949432,0.483273451756957,0,250
0.9763994510671914,0.8040813724026581,0.05814346873669605,0.8816149795228253,0.25122019763416154,0.04608950593220362,0.04063089009524401,0.6355394755331699,0,250
0.9688312059886451,0.8180809085412623,0.0889459403577577,0.9999978627339858,0.12975450090450855,0.0313289554221375,0.039126351366030335,0.001042735668953842,0,250
1.5412264575142114,0.6945208670785584,0.11130539050030455,0.16919289960236375,0.3517880960464146,0.06656881048708899,0.06873695249250081,0.32872847349852813,0,250
1.2596217210076412,0.7389476279900924,0.09540779789016726,0.17442405249647386,0.3029421060495249,0.0589988887228574,0.05504705102212991,0.3725258539792441,0,250
0.9697971710587167,0.7855723461262165,0.10831745752668089,0.9999968562208367,0.13226204871361358,0.036190464503911654,0.04697056232882218,0.001839086395051075,0,250
0.765824128775747,0.8358584158112674,0.0898773015300515,0.9999938934045546,0.11044873931966376,0.029640173344139226,0.0385330002008397,0.0030364168851053286,0,250
1.0805413864131124,0.7736301996456078,0.07044005943150973,0.7301925439491028,0.2620364013201432,0.050130675766946735,0.04513991627322081,0.5451250681675259,0,250
0.6577352566667589,0.8669212989977843,0.13874857611829566,0.6906902457847631,0.23054606546609285,0.04412825866224206,0.04927707836144117,0.7579598433419974,0,250
1.221705518633704,0.76818996762723335,0.07620935763235168,0.9998694692250889,0.16437437485847295,0.036716526348506986,0.049880470809653306,0.012592367891476329,0,250
1.29835743390949,0.7117161574965253,0.15546460021561676,0.003948551332271189,0.25974152122691796,0.058979449097426404,0.06148645624807988,0.16690966656156137,0,250
1.070362483500457,0.7935888132163309,0.11538154453501043,0.793029375918046,0.27481824371215907,0.049463549077113166,0.0467883181290168,0.591332181865506,0,250
0.7910650965970535,0.8263784612140426,0.12447937059831864,0.9600148186868843,0.2285691981610146,0.04627115469786296,0.04573941782460817,0.7270370857306891,0,250
1.0866931884891953,0.7961828234216053,0.1290618666600529,0.6710736998081092,0.2770776454451775,0.04930382161952717,0.04578500261901567,0.5580015996637961,0,250
0.7832153496970561,0.8348588107491238,0.11395456775418486,0.9999952126052131,0.12221738113080534,0.03062160565026742,0.044582095115835635,0.005819663111919057,0,250
1.4787340271285634,0.7064000588085025,0.025733986169233055,0.444746371266908,0.29740260565968235,0.05563764390628551,0.05408115345506687,0.3811832776850212,0,250
0.9713626792574446,0.7819641260983017,0.07997370529756634,0.8603856477117002,0.2526715249861611,0.051793154787838254,0.05173817640481235,0.6079855095178158,0,250
0.8596607904274305,0.8274744265761197,0.1290446071255619,0.9999841839969491,0.13763346933206605,0.03441429244165103,0.04645719604200061,0.010072325501015776,0,250
1.123549611867357,0.7926753423236811,0.088793150966633,0.9999976597376092,0.16687669340591404,0.03596610976284182,0.051999830532927054,0.003547279503628343,0,250
1.2862446550922644,0.7644213573022923,0.04333783041584854,0.8073769433354396,0.3310497443234113,0.0558519104534916,0.05960920881220193,0.5601020860710711,0,250
0.7631976935057413,0.8424913285834661,0.10895652220265019,0.999974603073129,0.11608928756364938,0.031335203752394215,0.040521220255429785,0.004236033492281523,0,250
0.7848999453455646,0.8234385031541623,0.04723972743208019,0.9999949936846694,0.11200263991071091,0.030997218113776474,0.039346457111885676,0.004029621518570942,0,250
1.2603275697035137,0.7268412905268478,0.12636515756128897,0.20430055289449855,0.3214750232131563,0.06628545632703481,0.07261165729409734,0.36951330317518166,0,250
0.8701480050913992,0.8549461667859247,0.15317116562990524,0.9999361519018358,0.15385565037863913,0.03153176429205491,0.04720174624163696,0.011774412723599047,0,250
0.930104064622093,0.8143518520708202,0.14432464568290024,0.999938284173753,0.14577063918846989,0.035834213858995864,0.04945497929693265,0.012418609817139025,0,250
0.7712839886278766,0.7849975824576522,0.09597996138890233,0.6508741635552132,0.1975010546687568,0.0511532835909939,0.05101865343806482,0.545249247773211,0,250
1.133236816000747,0.7812813344070606,0.11582499251841957,0.465535121011643,0.29921454391522023,0.0528117542224737,0.04756627902291461,0.5088834325863796,0,250
1.3239809079063705,0.7586425097185884,0.14250563411205902,0.2975358686620816,0.32622512183620694,0.05753636771200877,0.05690343536516339,0.4118236454010133,0,250
1.028529209465699,0.8076077306622086,0.037571663467218346,0.9999922222021014,0.1294904722536162,0.029897473484130025,0.03608240570253299,0.002162132288328853,0,250
0.8364559938013005,0.8254671284007294,0.16839563619048556,0.9553528483799381,0.2460061102485747,0.04801608730115203,0.04958453169571746,0.7207979346787544,0,250
1.024162675873288,0.7991496081048969,0.1005915619412344,0.9998550607527997,0.1500746412180963,0.035019636687852726,0.047355881980417,0.04274866780699122,0,250
0.9490843873558916,0.8246374665539362,0.13676297727469475,0.9999781395767867,0.16214245676449404,0.035631501820060904,0.053975886715163957,0.005715425480890432,0,250
0.9790281205650795,0.8205241840003148,0.13083580966697295,0.9999650439299951,0.16256632204260035,0.037083126301321975,0.051242064318092355,0.008726681115390614,0,250
1.4140303545171142,0.7206072920588233,0.047227971551869814,0.42124373974297685,0.3215484809971473,0.05912488372912738,0.06116271579337967,0.4043858729667584,0,250
1.5686614170726376,0.7339805608847012,0.09449629414791894,2.802302734739994e-6,0.2807585145239634,0.05004141407115787,0.05511054748318744,0.0022151108201419333,0,250
1.2336842827773815,0.7542336152024044,0.12166065652682172,0.6192336226162776,0.30114049323296177,0.05623780810773133,0.05526014405111422,0.49587039191172183,0,250
1.0242382767266245,0.7393644023150259,0.13060938993528262,0.36283198266561284,0.24499283994979923,0.05975339072755737,0.05676963212306869,0.41887321404352357,0,250
1.3997668115354676,0.6813162077702736,0.0982702814637086,0.0948673488602921,0.29898288013103613,0.06473409364210245,0.06188348991658751,0.3111017147716359,0,250
0.8202224333308215,0.8031220193054093,0.11109021508356029,0.6862192014084527,0.22405609792187334,0.04733909486660316,0.046593760577859945,0.6077703513471926,0,250
0.767707749701398,0.8076215411510425,0.14921575159175432,0.6726930457266963,0.2142441522832731,0.050003594676392496,0.0470119804446754,0.6168288689367298,0,250
1.0188613528329251,0.8004398250571997,0.046026858827132686,0.9999424522219703,0.12815746754911606,0.03086720246142438,0.03591488153718711,0.011431163520230646,0,250
1.9662851873055471,0.6806212088744624,0.024577096374071877,0.15726623515208626,0.38104236923144663,0.058776104321221566,0.05348258783589044,0.3025786495131279,0,250
1.0210308648155828,0.8070891330608541,0.08277768544353035,0.9040478816462347,0.27011381625023423,0.0469339516685589,0.04462328409968257,0.6439055545894472,0,250
1.1040422770132008,0.7802995329990741,0.1517453789520886,0.10440682011080141,0.2981575524259177,0.0574328892324366,0.04954535143785303,0.4044746089917991,0,250
0.8713268075569434,0.7967772663933161,0.09970020913549006,0.9999829670999533,0.12505634517378375,0.03528328223856011,0.04830674301043898,0.0050501333120053105,0,250
1.109978520300607,0.7929757613561662,0.10805406174739353,0.9999987205186509,0.15413421171095446,0.034833104004179605,0.046919168126981145,0.0013899197354040247,0,250
1.4092527616283241,0.7240227998895,2.2519006534851543e-6,0.6079746973738235,0.25296900670495437,0.044177388855090496,2.6965386185073305e-4,0.43536488205390333,0,250
1.0771390952610735,0.810305379494855,0.06234394822649667,0.5733132926783875,0.28063536057500454,0.045415003264612334,0.039273670948483295,0.553431968250592,0,250
1.0184631894436835,0.8301110484530371,0.06982004483196008,0.9999941141499787,0.1520701442781268,0.03057945943605963,0.041853682914474194,0.0028572247812327337,0,250
1.15314932297858,0.7906939768611649,0.16049446019504515,0.63662131352925,0.3273999294168645,0.055910605629315144,0.05459338189442777,0.5740495733545328,0,250
1.0323775091392873,0.800615649688372,0.1473570121017261,0.9780553358293522,0.28598881191788306,0.05132565959889514,0.04870140790806902,0.7000437062680369,0,250
0.924449599220451,0.7952663413224743,0.15497725716683516,0.6585577011112405,0.2522763123567984,0.05220704011911594,0.04995545302754065,0.5826808965412468,0,250
0.599191614137885,0.8548184458860675,0.10662480125847228,0.9996949997086608,0.09525047859970241,0.029552140751149956,0.0386782930341572,0.038806795278884365,0,250
0.984670251676353,0.8184728241893392,0.1627354007218101,0.15227187631356792,0.2816768393092211,0.0504838751364928,0.043533249203687695,0.4669624859357734,0,250
1.3182058229106912,0.7540789179042169,0.08137240082737096,0.7356244989587838,0.29402076751364187,0.052556483225872454,0.05101588588680089,0.4856017789626132,0,250
1.6078229336640069,0.7053475790888122,0.10218605502079839,0.16610009268550244,0.3409909869765585,0.05946264838597603,0.050938100104609314,0.33339145094164974,0,250
1.4384702824959932,0.7658045891046984,0.047370361060251644,0.41438631996878444,0.3285047670382581,0.051099904164751915,0.043535284520184854,0.43643424469435793,0,250
1.486122682286828,0.726202680526901,0.019518446339994038,0.3637801548516869,0.325872768791446,0.05631566279336852,0.05430027375252648,0.3883086765669928,0,250
0.963080598537248,0.7510410441383978,0.07752479223691504,0.999915595577355,0.13907974040185372,0.04448785215308425,0.05965808013190644,0.013035784201754509,0,250
1.1782314245219103,0.7649698664873573,0.0670977864232084,0.06827435420477969,0.28153236326907344,0.05344909016512716,0.043551598620602774,0.36648784742037877,0,250
1.0437321969190623,0.8131510720197802,0.07310750893445844,0.999960070610713,0.15593531356490206,0.033354698725434756,0.04592298220302607,0.012736094721906337,0,250
1.4805595610487936,0.7291651252320821,0.05799892210504956,0.43891115326092944,0.3310953705488887,0.056223900912532467,0.04956714410220643,0.42055206285453833,0,250
0.9721816200523226,0.785794689393255,0.055895306677816906,0.8803794799872,0.24034682359401727,0.04737689005912708,0.042462568214063724,0.6093969518474668,0,250
1.1756544970253708,0.7069592378322469,6.219147825764893e-5,0.2781538527527326,0.20758575824341857,0.045549093197315975,0.0032475394484063093,0.3597381041748213,0,250
1.059887660579834,0.7509122705933199,0.05305728431220267,0.9518646340229873,0.2215614739258369,0.048040502882248114,0.048027462363480246,0.4938771197513323,0,250
1.2137287443097053,0.776294591213166,0.09013436647587819,0.9999949334565309,0.16384323860592115,0.03592667178153304,0.04913897367927886,0.0020363287023491715,0,250
1.4169481729662974,0.7278515102668757,0.13205798091303497,0.0025099702928481292,0.25716379537412976,0.05199204753554922,0.05551427997480268,0.08469828423300048,0,250
1.2122752453931,0.7307679220622568,0.07141030741914571,0.12633719962924111,0.2739165601896637,0.05740244766856865,0.05139163533035055,0.34858056540213206,0,250
1.1110493108729096,0.7352953705030973,0.18368872592655677,0.1665571219570116,0.2747370526673044,0.06367605926728143,0.059935378989385654,0.3721259649107389,0,250
1.1278061209295394,0.8278970145038262,0.0736974835214985,0.9999994041699838,0.15324582146596227,0.028969092405808146,0.0378821554877143,8.373319957338261e-4,0,250
1.3727373296343164,0.7246676265012582,0.11464046486057036,0.17178577614311777,0.30161413991069597,0.05785182941112228,0.052454681286155276,0.3491467269430137,0,250
0.7006680117665823,0.8807316206796151,0.1720642597339877,0.9999781131348644,0.12054910760747271,0.026973785574482476,0.03924847972559364,0.005022099605362032,0,250
1.2404135075332154,0.7566040240157139,0.07706491235726952,0.546830162439562,0.3063750931911107,0.0561666962796913,0.04724854241575725,0.5066270210085057,0,250
1.0135570359078958,0.7756434703319073,0.098637240935944,0.3547024365435289,0.2514829434507969,0.05370736446822376,0.04639289004863896,0.4522937104978608,0,250
1.15649096422442,0.7533467929498139,0.10257238420921051,0.42854793568081784,0.2703055445085415,0.0544410976201235,0.05027525639790974,0.4418652422281025,0,250
0.8914157225354569,0.8090374659152397,0.0608010720632241,0.9269076037033801,0.23983127261316592,0.04656238552760639,0.04480886866767137,0.659213067045233,0,250
0.8988303683359959,0.7895382502480583,0.11398931999786917,0.8133876429929434,0.25185961813419155,0.05394976100641935,0.05747411015694359,0.6195264510422122,0,250
1.1892959951308055,0.7324048415093083,4.5578868836227005e-6,0.9999344447978532,0.10181530427791684,0.02896985985761884,0.0010314420489730292,0.0058943501856297984,0,250
0.9562161189670549,0.8396443375124245,0.09134275156965276,0.9999921903957014,0.14267556577396578,0.030426956827505864,0.039304546882655854,0.003430902152999828,0,250
1.3593009824538602,0.7071605399592955,0.04317781978031034,0.9999895945905688,0.16857991635580263,0.04186853185794318,0.05856312848142957,0.005877524267401852,0,250
1.0989626825008283,0.704685737097617,0.08280508522427149,1.6596785017606016e-4,0.17580884412943415,0.05129478581657117,0.052715883793863216,0.012985256231754696,0,250
1.135989968182095,0.7834754339216881,0.08849451086993326,0.7492710881097215,0.2855810167967517,0.050871138721068514,0.04984332417541318,0.5582489134012346,0,250
1.0902592101750905,0.7719111316157964,1.5503239686514195e-4,0.7009210253578179,0.2352183271428698,0.04428745017220852,0.027266138046651046,0.5187774437276024,0,250
1.3755732744912952,0.724100837910909,0.12869394212009258,0.4130582242072777,0.322534176954437,0.06163008946842647,0.06288458536864279,0.4100596475150176,0,250
1.0839646597411141,0.7848463312750298,0.10230121538774914,0.9395464160311535,0.3013354984513835,0.054655484746594575,0.058655882143582465,0.6487261492054915,0,250
1.0762471050461566,0.7485748968105562,0.08513934939356296,0.805373857287934,0.2568733829699048,0.054058167459982834,0.05800940890041473,0.5397013708758752,0,250
1.4073334658621994,0.6937337249440134,0.11804005925190054,0.19663172022564437,0.32111876808661627,0.06605852577076697,0.06772901989548118,0.3394333074746433,0,250
1.0626597334954524,0.7122746294468724,5.028206609084146e-10,0.9998363569806206,0.10209891139919386,0.032714826502099184,NA,0.1300366206730294,0,250
1.4255310308263132,0.7343125061791264,0.07867180477986764,7.674979138271445e-6,0.232827990399226,0.04620666874603484,0.04863026233901833,0.004873149728163266,0,250
1.2156625190347627,0.7360877701742337,0.19276955312692806,0.20078175109632188,0.3299697875730157,0.0683605144422412,0.07273730889623678,0.3874961620157806,0,250
1.571018351051646,0.7161282526581633,0.10649480281215057,0.13589241779442593,0.3551382607254593,0.06206974678968923,0.05925264854843298,0.33307483308792,0,250
0.9110551964647304,0.7993962530252218,0.04858864509259138,0.9999416125914088,0.12176277271068671,0.03259002402131262,0.04043989326854677,0.02249246766337893,0,250
1.3269229835324388,0.727171536070375,0.10843819386322157,0.3681495372730532,0.30263115434069565,0.058827239911261826,0.05517338575153139,0.402597919965042,0,250
1.0129694891518848,0.767338552125443,0.1053664910306453,0.6711779252263309,0.2553308577338814,0.053873916962035306,0.05038316529510346,0.5391568816751158,0,250
0.9241073265706852,0.806665393204351,0.12722459518790194,0.9999836221892556,0.1334457730695289,0.03455536789843008,0.04450001678056775,0.006676068656522108,0,250
1.2805723011088932,0.7589320911537031,0.061196801956599954,0.6307425625539127,0.31749499308531726,0.05482155325453974,0.04889179470962499,0.5291168724760492,0,250
1.1910724670138026,0.7667350836774056,0.057107835207534326,0.5453805407921299,0.2862169943149588,0.050726259978021014,0.04701271765274002,0.4878527714051364,0,250
0.8946343802350508,0.8284234124032259,0.14360278395018533,0.7482365217977056,0.2624862864555653,0.04787628844780117,0.047941462051284266,0.6572698912462013,0,250
1.0221440097751853,0.7717442238922375,0.02384040600691063,0.9999633097213172,0.1363446938831352,0.03550084193195715,0.047953475735015114,0.007864341828436316,0,250
0.8999245689842236,0.8229812943877437,0.07212977830190755,0.9339426791479445,0.2199323815909901,0.04016555822079016,0.03800141441497539,0.5982263780393234,0,250
0.8173853309902501,0.8305025456267752,0.12123842848091652,0.9999893318611389,0.12272057534292022,0.03225691211127256,0.043331116193776074,0.0029937028616593008,0,250
0.86025585931904,0.8375981706670687,0.19788109466932158,0.5774372260093763,0.2648207769483482,0.048482781944281295,0.05261916277909568,0.6142800176129827,0,250
1.606470759979383,0.6743943167861328,0.07183857936379805,0.39994879188700555,0.3170174486502704,0.060891565723421866,0.06011788156107567,0.35449079874298206,0,250
1.2457929527281972,0.7526440832317006,0.11842449280441722,0.5856169392995583,0.28902773111505414,0.05433341069193784,0.0530667604079199,0.47458619052358264,0,250
1.3751753044833197,0.7069679214785262,0.10381458657328613,6.914817486443795e-7,0.21295796075401172,0.04997462802642261,0.046161302984816716,0.0026955902678136535,0,250
1.2933478354116397,0.7270279381543073,0.12837663397224006,2.810079298514099e-5,0.22582556656943775,0.05059074388841411,0.05572055992870834,0.014435124548989348,0,250
1.0828445706913816,0.7607375164131125,0.10018213431180364,0.8564743099878136,0.26303333031549087,0.05356666529313332,0.052545362116872205,0.5675581936399434,0,250
0.9546085798111277,0.8076984304757535,0.11868002765953604,0.9931630688513076,0.17054899640569093,0.03977410949046777,0.04866557755851384,0.2699382713871878,0,250
1.1131344576860385,0.7946306145868746,0.10572090806259363,0.9999891557321953,0.15172210433074274,0.034125755141317965,0.044525346170825646,0.0029443063576190132,0,250
0.843800598005241,0.8280944969805187,0.08749808825153628,0.9999960696447429,0.12470074891221507,0.03276030250341311,0.04068945165406928,0.0026178091130972247,0,250
0.8891952000832587,0.8000844334877357,0.2034658230151627,0.5782967042378709,0.2679460124238344,0.0575045470838957,0.06626649391790353,0.5640915113068747,0,250
0.8070773535418242,0.7945865288573828,0.15472128896848708,0.5554548881262623,0.23345835157370273,0.05574809391114204,0.059825124088572115,0.5612214203833548,0,250
0.8730137064895761,0.8319875727848274,0.11617895567276969,0.9999950238504014,0.13740657737009523,0.0327062037407923,0.04557992240712882,0.0029181579437601675,0,250
1.265110041187082,0.7475849296946725,0.0856206592838215,0.342103291175225,0.29049047333001615,0.0551890593215577,0.05179440314402129,0.4090205150676562,0,250
1.8999408536035762,0.6273375062105887,0.09611242646611363,3.60532852295505e-6,0.29551001375624436,0.0592401898374505,0.07067476674343366,0.002173541077179948,0,250
0.9762525537092918,0.8303110755983112,0.19523457666997146,0.9997218840863913,0.17245044571670218,0.03589773686576989,0.05442824689943227,0.026596677671848725,0,250
0.975401712426442,0.7986035404759794,0.050179466157685614,0.682924612971618,0.25936600532906595,0.05144193429438137,0.042196925278471256,0.5751701752508046,0,250
1.2463575026843066,0.7614546323305621,0.14266695219969924,0.3290452776425379,0.30720786547143974,0.05574686534853091,0.050089809294386695,0.4335511146157326,0,250
0.9146003307692185,0.7951443145719339,0.13901067430526806,0.999948107718123,0.14340826329282108,0.039486896168220834,0.05517200941328324,0.011073439489105557,0,250
0.9225282764119526,0.8342129916775818,0.17787882616108727,0.9999914638614258,0.149286875609397,0.033099763726779086,0.04600719269178055,0.004957822271845651,0,250
1.513340995457421,0.6860185449965597,0.004900298760473474,1.2267798194145404e-5,0.2151400590889491,0.0467684801049953,0.04744458882931214,0.0021998726213186713,0,250
0.6669417731645645,0.8822065842976018,0.1023662739025284,0.9998588166874913,0.10214354299199803,0.024157158879966285,0.031531739790685326,0.009669082852313158,0,250
1.1316835384500092,0.769198230560098,0.06216455166671148,0.9999062719269406,0.15868432111617428,0.038132706197305084,0.05271239554468177,0.02235891346673662,0,250
0.9090830318612858,0.7865960499591034,0.0048794954822536955,0.9953250930834825,0.12459385751478086,0.03250048588013269,0.03801888933667011,0.1788594553569564,0,250
1.1657563212164195,0.7889978577528324,0.04661212167748193,0.9999746176544607,0.16172173235335624,0.034082029842893255,0.0469006680458314,0.006143415139314503,0,250
1.5763589901279575,0.7131286602406511,0.01447130344923934,0.3779954223881539,0.34306338299487404,0.05973358170051213,0.05919417885077537,0.3760322045085042,0,250
0.9772462994429235,0.7574280406349189,0.12040884907971561,0.5660516021447227,0.2527174083879921,0.05722942564257932,0.05816251681192838,0.5082670981589892,0,250
1.1775275163438506,0.7851820474545809,0.0622824388203178,0.9999397426684234,0.14263703825560015,0.03269166477790691,0.03872342660944293,0.005107770209691917,0,250
1.7346493813924582,0.6423600801255048,1.0017567796899186e-6,3.200179391289682e-11,0.1566113539835208,0.0355996015520492,0.0010373865902104512,NA,0,250
1.4136936480943643,0.7493039866916217,0.05604650259289612,0.7547859641438818,0.32077455610530836,0.05347744970589447,0.05371977231256367,0.5007059680373702,0,250
0.7287870234744561,0.8373524865241893,0.15017495740469763,0.9999982824405617,0.1138165314188966,0.03344486634820878,0.04465587338939084,0.0012371521591870158,0,250
0.8639874301442579,0.8255662144558682,0.07377191549705571,0.656760712469876,0.23107474637831424,0.04219578710430857,0.03496889354577097,0.6121103749820558,0,250
1.1386522327421054,0.796326913048296,0.1734968217114667,0.42057095796986604,0.3347462428813263,0.05665378093427661,0.055303448153413204,0.5252776332779331,0,250
1.0462468566626606,0.7472444164885186,0.16069376585834744,0.13640670486983156,0.2894815527651829,0.06622289508376113,0.06964211882654778,0.3843288063046456,0,250
1.077563116818697,0.7747868788466074,0.01290009513020221,0.7352027401152978,0.25295177108942635,0.04894357408291095,0.04608693084603094,0.5254154736820111,0,250
0.8942780883278425,0.7799267301751804,0.11752604472937146,0.9999729515138379,0.12432903388665811,0.03768639854902061,0.04806642983851063,0.009552351662797604,0,250
1.2639966615956788,0.7229325820503492,0.11532109269636429,0.5763076045702198,0.2901055401881307,0.05939164276282112,0.05940105481542815,0.45178038957098987,0,250
1.1627837202936158,0.7613492801856926,0.10848219443871097,0.9589564053401735,0.1680819362539059,0.03929393549135102,0.04864387816958674,0.18435164118817135,0,250
1.0201277353661158,0.8123782644555064,0.11993472053281665,0.7336060996684205,0.3853036926108979,0.062302537744696275,0.04046922892722108,0.9351906388654954,0,250
1.1664338252673903,0.7701462226441375,0.09298840775975213,0.011622142414879121,0.2897849476098788,0.056432162468394144,0.04283746820871785,0.35010751684656083,0,250
1.0276010345611613,0.7931405899870343,0.12148937854938423,0.9999948439405301,0.146130887370092,0.03590777043347783,0.04856403366174641,0.0020489195153854762,0,250
1.1705736282121026,0.7792633309392475,0.08206692877546429,0.9999726145763503,0.151325806972826,0.03464246739309858,0.0429547317250141,0.006587261685542111,0,250
0.7525917445934479,0.851032755208689,0.07283306197334277,0.999989361944695,0.10947620306850794,0.027417120517123087,0.03404488459784563,0.006659460224538202,0,250
1.7693372173751998,0.6825711420801241,0.10495498586066454,0.20024457970776463,0.37185728309324195,0.06371381305650686,0.06105021509847421,0.32201307287967257,0,250
1.3877808113045957,0.734223283224291,0.0787630030965779,0.24975188058504194,0.32251262212052917,0.05871253092138031,0.056499678364581495,0.3761084844608357,0,250
1.575258226955018,0.6774791444572628,2.0233928546675565e-4,0.15453032497953087,0.25760920136959803,0.04758050652222528,0.006651701966692565,0.30650779493083713,0,250
1.413873865281071,0.6787137674840664,6.119677178478219e-4,0.25470936617276474,0.23717319315905183,0.04768135246727503,0.007663940458465049,0.3339244048472092,0,250
1.0784014605146763,0.7835109580781325,0.15597786968717237,0.8257500286704316,0.28271767185125835,0.053234085713091545,0.0524284765804022,0.5987576555219292,0,250
1.2076693346569984,0.7598204084432398,0.11621458516700149,0.9658594726423968,0.2853967431565457,0.052209865295417185,0.058996833395743485,0.5583104529133818,0,250
1.0992520841806188,0.803430378942693,0.09978703483239398,0.6158927842247666,0.2461842816090842,0.0425916930130937,0.04390731496009329,0.4583639121943027,0,250
1.4998205537062772,0.6893693819995806,0.06404188215999462,0.5584453377434471,0.3239086981830736,0.062356226665204434,0.06826285565399343,0.4081262218568401,0,250
1.3777630995610464,0.7114593201029041,0.04356283748454505,0.3847934902802694,0.29016187946717803,0.05521113577104479,0.05086819635753659,0.38994524209949055,0,250
1.0127306584829783,0.7825673533121323,0.06316793483915933,0.8351206799135081,0.21547504546944135,0.04538563032133686,0.04756372782735509,0.4593189060036282,0,250
0.9260820208104574,0.8393077484577489,0.08959230187958,0.9999954887546582,0.13036056724393677,0.028764780355766136,0.03565696900116034,0.002434545902852974,0,250
0.8717608374705579,0.8274680448576704,0.15379693919231335,0.9998207727008354,0.12916094300822878,0.03151330487860824,0.04378841514585621,0.010525000796782735,0,250
1.2491626122045216,0.7949724994944429,0.052846473318870206,0.9999972737769864,0.15221920291182547,0.030381082539722357,0.03733925659157398,0.001048617580946874,0,250
0.5651831977073696,0.861492104226768,0.22180069345765172,0.7974096563250308,0.21711741201083493,0.049366909055552556,0.06296099714392465,0.8499319442835336,0,250
0.6477597520098834,0.85650788394454,0.1521543422127487,0.9999419984712058,0.11374226416762272,0.03183435446638526,0.046156072666663994,0.011716977385984442,0,250
1.087433467683317,0.7830238067159764,0.10500730207509545,0.9999951557081125,0.15426004156145517,0.03583331620434911,0.05191099112631659,0.004768689800191969,0,250
0.974260497215758,0.7910889138550886,0.03477755760945681,0.9998388019784173,0.1338030542335984,0.03348739839289012,0.04396316929550313,0.04108189255703793,0,250
1.4563267835625302,0.7003675221347817,0.054389562656385164,0.2764686276292251,0.3116784713488609,0.059912328150550094,0.058125554773995135,0.3533991788609853,0,250
1.091283062812744,0.8059352813592725,0.1341358228784689,0.9999966701645419,0.16081329143660364,0.03463822733930315,0.04706469360859579,0.0018848199490324627,0,250
0.7977077699311558,0.8235147022086861,0.1750221309101966,0.9999498285419882,0.1420136024349069,0.038070836282443794,0.0565402578423092,0.02680811189505326,0,250
0.9959315121977753,0.8103754264638668,0.110890786659528,0.7656610247476912,0.27806691960787877,0.049242154866144756,0.04733272146286662,0.6282444460027855,0,250
1.6720656583008584,0.6790741306930697,0.008400662158546754,0.26842836443303647,0.34955869903787157,0.0630075934613716,0.06797849365268949,0.3290289621410714,0,250
1.1564869037875753,0.7587750377337058,0.13460133933937346,0.6829482110597718,0.3007521307410867,0.05897282486423317,0.0648550955957966,0.5237664155255171,0,250
0.8619635176451995,0.849067959858115,0.08952755270848821,0.9999628433514076,0.13954701194159988,0.030035544555093687,0.04128091071023508,0.015050547892337054,0,250
1.4014665614369397,0.73810501574923,0.022112028731696442,0.4854524217164395,0.2949377132858102,0.0516998131000157,0.043978388243056055,0.4216501226650843,0,250
0.9023402911343216,0.8119893111550062,0.08134847339342914,0.2796513761245666,0.25770709780381335,0.05220398952945198,0.046406482223023446,0.4853567834859108,0,250
0.8649089369478276,0.8264519703254573,0.03933513074535924,0.9999797861419991,0.11357847539573353,0.028852929586902692,0.03421231315052201,0.0038563463763167344,0,250
1.2662771696057935,0.7205155524171535,0.09542217957509506,0.8164811234186916,0.28693661496479245,0.057826971427455576,0.06341439253848925,0.501854804958209,0,250
1.4063241043047756,0.718910994094193,0.045442005448824895,0.17304257774039178,0.28959547391755763,0.05481311729494176,0.044360089011480024,0.3416677980105332,0,250
0.9856719178233995,0.8146191797525955,0.13985903115158424,0.6560659342329441,0.274016186758278,0.048141412377912,0.04794390808285764,0.599007387840676,0,250
1.4564698654749788,0.7210314649476587,0.11064967652449426,0.42583272626092816,0.35095304020160667,0.06339931253519371,0.06951953155822198,0.41062424232353395,0,250
1.0250716889030609,0.8188563707946237,0.1496684127551281,0.9999617689597775,0.1563568982374381,0.033870210155392023,0.046495347225394126,0.00654621583675773,0,250
1.322126597265684,0.7633684358259046,0.11846496338199991,0.7179745008988413,0.324100204118047,0.05503077379618891,0.05766619208231899,0.5120354987705003,0,250
1.4459450573130939,0.7633196406032143,0.0216458365265077,0.6110973573214656,0.32056901259916915,0.048870511255001456,0.0406193108994403,0.47905165936208177,0,250
1.660210926896899,0.6856709151928592,0.07282783829171884,4.3197691311856455e-6,0.2697871823980292,0.053514119220276136,0.05832713317582973,0.0015236797421017193,0,250
1.1829489337358725,0.7238343795161707,0.039936061349430535,0.004330988174092228,0.22475732048500502,0.05056965227872305,0.04295286596265546,0.24645724967364263,0,250
1.2231690941730164,0.78231807051985,0.08967476264554161,1.0027889580955552e-5,0.2014782719642229,0.039082139655855955,0.03909638603287648,0.01475491382128565,0,250
1.0038570331770267,0.8023097160296225,0.09586931626407622,0.9999622014814737,0.15559816821894196,0.036410455906847196,0.052224881214304346,0.014327110293920666,0,250
1.2117567047594215,0.7579615546887568,0.07648604059930601,0.7976817798575028,0.26166279747891497,0.04966154188640202,0.05250123838369241,0.466318304960128,0,250
0.9462496448035528,0.8088204489399748,0.07703418499553616,0.9999534939043491,0.1405251043560329,0.03438745432907333,0.04707824351913851,0.009640982258974664,0,250
0.9614343162430217,0.7619624665078188,0.062160722928679336,0.856250270500794,0.23538413404348627,0.053288332084739244,0.054661919490234676,0.5678499831205414,0,250
0.825318380718597,0.8304039528213802,0.1377874113418493,0.9998759814430837,0.14656793069485963,0.036963895076964105,0.05427962236170082,0.022863333325918465,0,250
1.3156732264363,0.7346771587884225,1.0619730725842046e-5,0.36307797615252163,0.24112207969113325,0.04360026155328147,0.001037679192748326,0.39490774954049557,0,250
0.9325958563360901,0.8333913715397405,0.18744229995686895,0.4890352374746665,0.2787922404986516,0.04894147394429284,0.04541591248952553,0.5910228284837865,0,250
1.1730345441769778,0.7765753270901269,0.14236516940664856,0.8237875076261955,0.32358780564708056,0.057172220127936026,0.06317665415812745,0.6004482958323152,0,250
0.798621008995946,0.8297351954870629,0.09170886440046236,0.99999320210231,0.10671971025149267,0.03001106418445616,0.03520965902561795,0.002096821647369362,0,250
0.9736446519810448,0.8072368494314208,0.13433062804755308,0.7698146429774587,0.29312111603592345,0.05437027504061492,0.051332384703546716,0.6916709206259511,0,250
0.9198734638579394,0.8182793257243327,0.16023876696847575,0.9999940700405546,0.1392374513965473,0.03419973363900336,0.045899102946422556,0.00264529398439414,0,250
1.038161409017088,0.7954381935352978,0.05923018791872525,0.9992386440149345,0.16053019258596116,0.03634103111703544,0.05160381070993055,0.08815553575789122,0,250
1.0738450305099088,0.7735311168323862,0.08811920698435376,0.6084914588789455,0.26254908247305503,0.04970788937333664,0.053822432400606,0.5118053727786601,0,250
1.4116059644511318,0.7399389571551156,2.3791070852437557e-6,0.5165281924167714,0.264054875324985,0.043429918908087985,4.899200068824053e-4,0.4349845732192021,0,250
1.2253906172144773,0.7242282233057914,0.10842416827427964,0.585784811655187,0.28824299552063026,0.06172867934889448,0.06599814103456948,0.45230114980027847,0,250
1.2005417065074693,0.7604243779105904,0.07916912930952655,0.49897311110518544,0.2803151828540103,0.05308335671184394,0.04938954328167805,0.4585775248569514,0,250
0.8610167040574132,0.8489771928973087,0.13583719562790617,0.9999974509741004,0.13864743096240412,0.030213699672410797,0.04410063349570217,0.0011960252225851292,0,250
0.8775599544060759,0.8103847453539369,0.15629185094194203,0.9999927338815856,0.1357332902027324,0.03676901274727843,0.04939548587644072,0.003600370735705372,0,250
1.2301724203601174,0.7401872918018593,0.1268880124796429,0.5123333494254727,0.3213559813301862,0.06622623349578319,0.07511383231965,0.45256524225962236,0,250
0.8861203912182424,0.8229723825200471,0.07096599595720812,0.8216987191463048,0.242053204453627,0.045229337589363296,0.03932421508764507,0.653269577386277,0,250
0.9911737017769561,0.791480880144432,0.01892377727752444,0.9849747140497327,0.21033992075248403,0.04190675369407796,0.03969404071143048,0.5159365392522822,0,250
1.4046368841664354,0.7252464731494842,0.07386035555857297,0.5808740424383261,0.3121002425362034,0.05664248164380794,0.05632016037857501,0.4444530092777108,0,250
1.2089158695223081,0.7861745919691954,0.0518261951241568,0.2514648777720973,0.3047841753213623,0.05121936304559727,0.04555731067463485,0.42871776940311124,0,250
1.062344156029632,0.7649131390036099,0.09039889289652751,0.5553307587358537,0.2582242649154942,0.05294644623108328,0.04851159021550392,0.4953498643035654,0,250
1.2061223541375539,0.7877986207275741,0.060225435834851376,0.8883002212729054,0.2999838305202549,0.050265014571752524,0.052465431268475485,0.5778097770418791,0,250
1.0057974017241977,0.8178937264957427,0.17308553370225926,0.9557012784576463,0.3044280729017112,0.052169518593932575,0.05658094892766299,0.7206598082667952,0,250
0.9060396411398907,0.8186278672081831,0.18157425324513524,0.9232589548521717,0.2605078511374981,0.04917673966997772,0.049169990516962844,0.698369890594458,0,250
1.1730546133975375,0.758334921282638,0.0749256052074767,0.41730845737998706,0.27602797609311025,0.05290493205750085,0.047094462733362805,0.4452748201260065,0,250
1.2487632929398824,0.8117564835232592,0.10799916110919003,0.9999502432907198,0.17516807025285208,0.03156923170436621,0.04099970803333481,0.010746981799668048,0,250
0.8903723939489735,0.8206821428718334,0.1454262713566204,0.6856128575007728,0.25677651961601244,0.048504561233341646,0.04500789175032236,0.6410477472901731,0,250
1.4918555230282948,0.6906730460412503,0.09384930458700605,0.027798482294032218,0.32196758222199884,0.06445658605945788,0.05975043495292545,0.2943196768568102,0,250
1.0055125484490601,0.7844325183808114,0.054664368609982875,0.7578981487061452,0.24896101923115413,0.04825645597727269,0.04478336049597029,0.5666989545899926,0,250
1.142932510232962,0.7575431391786135,0.11635366945600949,0.784151334308445,0.2810517806848943,0.05575788734674055,0.05791553118534057,0.539298668949766,0,250
1.0445821884167334,0.7829200475418471,0.11338320522204745,0.6742989696187692,0.264633499521072,0.05155548776856625,0.04746992269996322,0.5503172741958493,0,250
1.1401866168156671,0.7302861760053615,0.07936299684564053,0.42114274450729366,0.26978385629035123,0.058783111569793656,0.058429876065917784,0.42609940698688215,0,250
1.3470024558752032,0.7498414767769481,0.019191029879140103,0.7539465461589334,0.2986870597623729,0.05132744272944916,0.04783562989625203,0.5001205561837694,0,250
1.1671021615390078,0.7502721564155328,0.05314767019614784,0.5270413545038046,0.28077481214958655,0.05659101378499098,0.05676411243720158,0.46008684829482255,0,250
1.0320866555664057,0.7991506754872547,0.11245936919276296,0.5082189042340272,0.2731834567247985,0.049579336902788075,0.04189595185359698,0.5373732899103516,0,250
0.9876562974580027,0.7804556714982223,0.18538301584287173,0.9999794905335395,0.15519569863259983,0.041566259517150164,0.06004967686633919,0.006396467546751123,0,250
1.0299399640199638,0.784035104422828,0.0762478946393482,0.9999897358896818,0.14407805654945582,0.03634405811225416,0.04911811694326003,0.006612170558149919,0,250
0.8606852971909231,0.8110150280707115,0.10166200082012115,0.8729651350497072,0.23886752388210578,0.04952252923549002,0.05206106970674094,0.648102871489535,0,250
0.7149740945402024,0.8370813690340414,0.15420131542859397,0.9999818209071489,0.12132307210923632,0.033550779896973616,0.05324883220856943,0.0038094063480266977,0,250
1.420617729687838,0.7293677316566768,0.09888715849132979,0.3447248587532082,0.32549476264496374,0.05861252995625285,0.05583625197313242,0.3960450307335157,0,250
1.4897319184947024,0.7352474335344861,0.0833202761992628,0.71922048885887635,0.3404201150697605,0.05700548907903499,0.059644793546797324,0.4873594506264962,0,250
1.1340691162586873,0.805452438123528,0.15706052409475493,0.7793320238238209,0.3158617358792455,0.051814673597343965,0.055664798077367024,0.609473257049698,0,250
1.5531216905156888,0.6881280028397616,1.9171403181742722e-5,0.5489104444356326,0.2615348224255444,0.046684029779331865,0.002878002176223687,0.3926180508261438,0,250
1.3913454153841514,0.7334665465582293,0.13895113636494388,0.6481698212808263,0.328838386045793,0.058719782592416565,0.060684894136945305,0.4782079509741457,0,250
0.9210655173344343,0.7686762807701962,0.1606965459122332,0.613185711503609,0.25007572416074725,0.05765774392425431,0.05567448313355955,0.5507546566389904,0,250
0.8422238719733822,0.7794782098871097,0.14348390119605864,0.8690317908271189,0.22161561060208768,0.05196327320523367,0.054006582270664155,0.622276472902233,0,250
0.9937437355547891,0.8077797504119045,0.0754872640984854,0.8677143772109702,0.2527715617200602,0.045949733520322236,0.04171798042596284,0.6223533192332602,0,250
1.3004234125368728,0.736207319409984,0.03856200427088145,0.5264777325159733,0.2867346705822398,0.05280136000489717,0.050346518605985005,0.4413630575627192,0,250
0.7498647807412656,0.8408019424607742,0.11432679275806455,0.9999070592876821,0.12008256882368624,0.03169100795994342,0.04358714784477293,0.025999291578203913,0,250
1.350780629095507,0.70460214484771,0.1330899240470101,2.400105117553711e-5,0.22341980547255746,0.05282775949637837,0.054403651842427556,0.007855255933881956,0,250
1.0511659474497277,0.7885294500905015,0.15414488108723923,0.8223487579671026,0.8622634136055336,0.137915140566528,0.052176705956031334,2.218181389367517,0,250
1.1196087024004377,0.7472885571730866,0.010179117680349601,0.5305328940389494,0.2560750536333433,0.05178032117838578,0.04797130229387415,0.4590906358408194,0,250
0.9183641867302479,0.8168140595005151,0.02666780378037768,0.9999708727072805,0.12317995944212064,0.030294443877731825,0.03774389917847026,0.004686556202220621,0,250
1.3915031714245996,0.7674981492565669,0.03192923150213314,0.6722046051543331,0.3206362572540824,0.049119671520520984,0.04341658689778277,0.5043857833255376,0,250
0.6872546085667114,0.8749066087320377,0.13241465733767596,0.9995936923588884,0.10843904921726237,0.0269618035407179,0.035605407717400936,0.015565248440640202,0,250
1.1686163485849919,0.7361849554588011,0.06257214540140195,0.745415694303295,0.25691896070211606,0.05141010517283923,0.052110417910537075,0.49704489755653,0,250
1.7890132463302821,0.6949977043708586,0.07682702173405177,5.551639001081619e-6,0.31554042717463654,0.055451187872662226,0.06502048776681182,0.0030024512266289575,0,250
1.021166433080706,0.8162075753738919,0.12380806128784656,0.6400727015916329,0.27368257928574546,0.0458876175361384,0.04306783704300164,0.5828566719099703,0,250
0.9951758501771953,0.8240166101946524,0.07272698663199126,0.6818092930848725,0.2755220258190541,0.04447442059912215,0.03477808537364791,0.6388182237428349,0,250
0.869042980813802,0.801064212251191,0.14975552630653588,0.6543390890435059,0.23836198907355188,0.05103851302190502,0.04870481704958773,0.5910408869996245,0,250
0.9010197522982305,0.8225857961651576,0.14160289174116783,0.6443758000466483,0.25775849339065066,0.04754242798339347,0.044665793512998875,0.6216590058357712,0,250
0.8537203339833208,0.794890847210945,0.19552432586461987,0.7437137228853402,0.24672677827608422,0.055238732269547126,0.05695844400276747,0.6287279323626994,0,250
0.7321105007448973,0.8332380549539529,0.10434959978990808,0.9968160063675753,0.10493932709376089,0.030081058347961584,0.036816328874370585,0.07800975204280759,0,250
1.0679190181573706,0.791944944353133,0.11102583912326958,0.9977031982574482,0.16686838697871972,0.037116635641816914,0.049749189427574045,0.16619272178971964,0,250
0.6987323639462035,0.8637904654296955,0.15337829686241264,0.7839982216118264,0.2234616310381395,0.04099209669821569,0.038037069184664186,0.7763338098824665,0,250
0.9922476757454571,0.787678450623553,0.04739296651662422,0.9999211159988314,0.11820935992764599,0.031245364488998482,0.038049039310310846,0.0050478085816641795,0,250
1.0406936275627234,0.8261414725456485,0.08249194764204906,0.9999888683229815,0.15325965199109756,0.031084448721184387,0.04275281785227491,0.0029896391280027977,0,250
0.9695465249335984,0.8144900049366762,0.1448063903239067,0.9999285774484016,0.14418028470243968,0.034866375058281086,0.04770616331167174,0.005627018148134251,0,250
1.060448379534743,0.7801331702828813,0.11668328220371399,0.5443650536245587,0.2738149370359127,0.05335511026482825,0.04924536957932419,0.5196305152791871,0,250
0.9464289022924032,0.818208010483507,0.08397602737140854,0.9999741854285699,0.13882468069415219,0.03321597053111023,0.044299317681136444,0.005575822808355194,0,250
1.5290740867526411,0.7163935260734943,0.12725874727711659,0.3409201189573023,0.3401568277945748,0.05944092820704933,0.053561762270333824,0.3868938011277835,0,250
0.9501983348259313,0.8088700584418654,0.11995318564769299,0.7606168727512818,0.2580973942299362,0.04892870453771158,0.04908126803071688,0.6141169799534293,0,250
1.238883488509073,0.7394612697070971,0.05630268567185633,0.3315360342570408,0.2776587570352752,0.0534033008931528,0.04276798448889609,0.41007110168841865,0,250
1.345792029750587,0.7334050992480938,0.10294857556741853,0.4688079071168075,0.3042062055001909,0.05652599522044544,0.051633066304961506,0.4306258781421725,0,250
0.9878815062241069,0.7121224354507574,0.1551682869787498,0.36690453928829725,0.2371762879842181,0.06382668870482346,0.06252217421798742,0.4131426872317956,0,250
1.107364919018605,0.7623625670267571,0.07089256507704628,0.4963540208756922,0.2694416117952339,0.05337501721276101,0.05009454173727612,0.47391433982327086,0,250
0.7243685148765967,0.8551804617036264,0.12828418072601427,0.965290587824621,0.20921350176268108,0.04067824079316245,0.04226736140437378,0.715632289034907,0,250
1.1776642023814294,0.7666065627314974,0.07467109227474518,0.6239854060264575,0.28230818433545024,0.0520488528093808,0.04808260881656039,0.5060528064189185,0,250
1.3387581757054332,0.7552025673379993,0.11342510613762731,0.18251771354771576,0.3297685056366918,0.057322782835368034,0.051754891409626115,0.3872683607535895,0,250
1.0068728094933985,0.7726820276039018,0.0732603846736763,0.40189275966101856,0.26174822434877687,0.05437509361767271,0.05774700056320936,0.46307020520296144,0,250
1.1144939847687347,0.759808619964292,0.07245837826853212,0.9998252495266832,0.15579201674175974,0.03932490752868431,0.055153783989966634,0.02836951376033499,0,250
1.3256285510152581,0.7237397477612458,0.05269672516312418,0.245014122246425,0.29876015571254577,0.05857030551768082,0.05650400008675159,0.366872450547497,0,250
1.2022228286279442,0.7862093873213342,0.1228678031881846,0.6435790610039692,0.3241944283590947,0.05419672262692761,0.05484164400989857,0.5438842557502434,0,250
1.5351061944856546,0.6905864014604584,0.0578287013019001,0.09669911433502235,0.3114866509765929,0.05962516999699383,0.05282461170240155,0.30573891059036984,0,250
1.3508593840244922,0.7702708143740351,0.09860432003241403,0.11729608577977177,0.34287824682584916,0.05554169048327174,0.04928654874998533,0.3845466470563043,0,250
1.4255902169756969,0.7123414510698993,0.05088198809019422,0.28899277979732385,0.3089556359832726,0.05779106183517481,0.05184793434864308,0.37026204071966623,0,250
0.8993194134947018,0.8271899888511588,0.1678617322317243,0.9999888979392382,0.155928851458977,0.03658998708813134,0.054753061139926486,0.004372839572637627,0,250
0.8920333562486358,0.8139344818073996,0.2098991740087602,0.9986744868463111,0.1615260907730444,0.04029603889133594,0.06215883586358633,0.04702796961545516,0,250
1.0017480086318826,0.775751026444746,0.020870304415902142,0.38448300760254406,0.2316832688802116,0.04886344429797506,0.03951657045484763,0.44543457797703395,0,250
1.4534798307586652,0.7123258563334773,0.09596413381653114,0.0412904005914829,0.32141631127222364,0.059228334137317595,0.05299361888138761,0.3089766427379936,0,250
1.1166428630854397,0.755148020785865,0.05215984501531661,0.6009969003800976,0.27416493096601213,0.058123160282229795,0.046946142575730834,0.4991045382127551,0,250
1.3771856336534394,0.7625685385931856,0.06815164279811496,0.6588380858556495,0.3222260877086998,0.053050146400918353,0.05505530733684066,0.4883256182342744,0,250
0.9209785977364439,0.8239321955212647,0.12401906965039841,0.937492076600071,0.2650350770691143,0.04762935387862067,0.04866475876617703,0.7004952919308994,0,250
0.9146190737885996,0.7685590682530609,0.12168135299909412,0.09629056677001224,0.23181533010292085,0.05500815382258478,0.04605409003879338,0.39368610549714583,0,250
1.0730646323339246,0.7685893218411496,0.0613677377961561,0.7873586123386921,0.2459469346549228,0.05067127280767736,0.05045711136109454,0.5038662964029796,0,250
1.88650523170046,0.6784013168182311,8.462233913935972e-6,0.5747672140559393,0.3094688469498053,0.047336769022674266,0.0016777979649160342,0.38646113782179714,0,250
1.9314114623231453,0.6325555115801472,0.09304568921688001,5.12541709531651e-5,0.313419292982175,0.06175828496730183,0.0683020100440997,0.003568145446221478,0,250
0.6875082731695086,0.8777448190167222,0.15234498000869418,0.9829740611898299,0.16889237160550022,0.033081135148275063,0.04157218443790866,0.5050203186505303,0,250
0.6818794087587831,0.8492310083072472,0.10894691374893965,0.9999884333028795,0.10607008765350948,0.03000330020363023,0.03906961278426666,0.011312845614178668,0,250
0.8883137746023523,0.826885251985664,0.12910023164499984,0.9999898630204985,0.13838905611822985,0.034205955163661456,0.04599794322881394,0.003427297010273549,0,250
1.1564994643282327,0.7504715109282624,0.11193067442397346,0.987065002018383,0.2758787267952097,0.05529023837302455,0.059525945316952454,0.5715330387829365,0,250
1.1020373886037589,0.7785899465635975,0.1684037930751543,0.0505742465108605,0.3042544484579618,0.05779640334150963,0.049962525195090396,0.41692079964619283,0,250
0.8065676256730256,0.8152654467544241,0.06505324740831996,0.9999857061366391,0.11621041740911639,0.0320145384339978,0.04217836115220017,0.007591103988636786,0,250
1.1776762936947258,0.7601718247579817,0.06925761102528621,0.5580824531060217,0.2823854304721105,0.054983196302349706,0.054098674173506875,0.4738377969098437,0,250
0.9171568511831556,0.834552434344904,0.14873059682675913,0.9999694772648532,0.1495987305119966,0.03371160161418508,0.04565119786134704,0.01287950099297649,0,250
1.0663766072106797,0.741729003240903,0.04503184851105968,0.3618754632279533,0.2370926384405777,0.052294148634208906,0.04409920799957856,0.4170619513410064,0,250
1.4653996303241754,0.7820740226829467,0.10088834024135206,0.9992737203183619,0.1923863455154022,0.033632238165929515,0.044686858930492526,0.019706629472305177,0,250
1.4256218849197029,0.7707008041765375,0.06623832921158214,0.7101110486405913,0.3422937583715903,0.05141453578009006,0.0472533686203363,0.5245092815435367,0,250
1.0271363381160865,0.8038493359394814,0.09669875722006832,0.9999263984476483,0.15407036894021872,0.03553189973868861,0.049703409347866184,0.010992225988571032,0,250
1.3282672397970277,0.7534691108075736,0.09138317572116667,0.5675361119837999,0.31094766550944464,0.05461846969022456,0.04930972301137385,0.47296673484141266,0,250
1.176316063209921,0.7721071608928901,0.08632460542962259,0.5799989215193267,0.2870429823833282,0.051484611452559434,0.04446201709585382,0.5084280046133697,0,250
0.9714065194901561,0.7903138576310372,0.12337259261926313,0.9995083606714937,0.15370407899722605,0.03915641224003809,0.04709300312654011,0.20017254662264652,0,250
1.276071236968779,0.7527610462465985,0.09988492764589395,0.9979986196839632,0.23150159238051077,0.04575072150519367,0.055944896732209,0.3517163387295246,0,250
1.0452841490942706,0.7496153512599182,0.08400606173942578,0.7830905379203842,0.25935773965805586,0.05769923700465246,0.06231927281319225,0.539784568693545,0,250
1.0834351272938496,0.7938858036107603,0.19975618180688343,0.37977416387916735,0.29516203299203037,0.0546029974367054,0.051027224148559744,0.4926392749655185,0,250
1.242090354734017,0.7368331528440552,0.03555332729407521,0.41251468133639746,0.2814745044673613,0.05531808173315319,0.052744576699890494,0.4155675649284099,0,250
1.138053058833119,0.7788699582545041,0.07339759666587674,0.9714128223649936,0.23451902474828362,0.04517921519222123,0.04499750834152481,0.47258832675716766,0,250
0.7428307333104116,0.8202908456760831,0.15434002795174645,0.9999917703476022,0.12419416428495544,0.03673120236789409,0.0543720493593868,0.004042737528396509,0,250
0.8539850529184954,0.8116783660094506,0.11206451444975198,0.999920553280634,0.12269503308819212,0.03360875636979539,0.04291461967799292,0.0194740318616029,0,250
1.797303753949859,0.6799492455943881,0.01512814070591397,0.16817322927235143,0.3035287464178455,0.05084254597924344,0.03786112640732207,0.2713136169913766,0,250
1.0689726500606862,0.7927912372918392,0.1199190596745849,0.6549722362960902,0.29602700302212903,0.05373453036515987,0.05135139660864925,0.5891621068550947,0,250
1.05413973571973,0.7898403614729118,0.14342120169172665,0.7974693140958793,0.2807180582715171,0.05332682287514248,0.051311882508193615,0.5989766213763433,0,250
1.3093571233198475,0.8077434126741846,0.08414586789393293,0.9999937029750038,0.18219724098080872,0.03219149110019805,0.04397099591978971,0.0019090585850386128,0,250
0.8950707440273592,0.8106009492321135,0.1038080402374386,0.68354467610145,0.23742587194689757,0.046966600664475604,0.04082591815762584,0.5973702201523425,0,250
0.8985823984287936,0.8444963024576225,0.1012765390883326,0.9999866973748376,0.14303260902787324,0.0302334254312741,0.04253915366249346,0.004619416589429853,0,250
1.3142042178968947,0.7372994804031571,0.014371547533427908,0.4566666577578669,0.278891440352554,0.05171539213321216,0.0447555912605742,0.41788881738080214,0,250
0.8701472722937958,0.8112800863291446,0.18576900070019053,0.42706156360124387,0.261631655555001,0.054808677055622645,0.059261978184535026,0.5433937382319338,0,250
1.131558967670922,0.7852488984382973,0.06431286949145665,0.59266655088397735,0.28110689684699186,0.0509434883533681,0.04735473243154823,0.5112710282684455,0,250
1.083350981831288,0.8107318609555123,0.16589821983210276,0.4758956967177122,0.30620678065552936,0.05141819641044272,0.05069868124762812,0.5414377739316736,0,250
1.1617063397781364,0.7672893484271106,0.027876134516674787,0.9819073699612958,0.17124632955760388,0.04005674347601094,0.052670180693248976,0.1445166700975576,0,250
1.1792458834798032,0.7745914997809278,0.062463222002355996,0.7371189430412137,0.28452160082094197,0.049997575055569385,0.04651865039387221,0.5359383914743603,0,250
0.8444047646202725,0.8083534338861346,0.0875147989326822,0.9990751038236663,0.11909944444315275,0.03224317194588954,0.04324460691506714,0.06470101331149992,0,250
0.9047848455078946,0.8519805035018594,0.13435666290394138,0.9999914748697487,0.14193927895754557,0.029572743651400786,0.03991031336569287,0.0033877803067566274,0,250
1.3468621954566975,0.7112302774813224,0.012430476338548374,0.425319170114535,0.2802370138528985,0.05641992075229946,0.051853145539410714,0.3898398446421222,0,250
1.0484979060616566,0.7969168249472635,0.07474359040772541,0.9996930126688578,0.14684029984005298,0.034716884361629695,0.04420866226846468,0.03519895880248647,0,250
1.3826082751438833,0.7486008966797751,0.00904760378961429,0.732631008173298,0.31246020213855974,0.05254697460416668,0.0537157418995692,0.48447673549845593,0,250
1.2418607442772653,0.7651042265434745,0.10682770784784892,0.5790049317156599,0.31206451322763257,0.05567743981010246,0.05774101048012121,0.49445433063013783,0,250
1.2375536696481921,0.7404965817914608,0.06336251664453832,0.18155948024602725,0.2781414635464514,0.054183039758669935,0.04753105986207268,0.369098815400254,0,250
0.7855229911459429,0.8024861811940377,0.19117690073475885,0.8027558486214256,0.23108154366375122,0.055962953863312764,0.06134000397534918,0.6468650670516916,0,250
1.3023301878286944,0.7617919323189877,0.0821938557660756,0.7280851212418586,0.3345968215593035,0.055652925792309266,0.05124506612498551,0.5764079314390566,0,250
1.0393048757180794,0.8172017708552508,0.12531313090661986,0.9999976947006111,0.1499179526769064,0.03324814619927904,0.043205239976466775,0.0013721303002244905,0,250
1.227006888998943,0.7048571433733845,0.04522288870296699,0.22492387710109507,0.26542050994003,0.0594304286029478,0.056933883790995184,0.34880914140925323,0,250
0.8716492732055031,0.7995254774958223,0.07186036463346213,0.88776463410481,0.33396382777632333,0.062489903275455755,0.04740631241826682,0.9978693416524461,0,250
0.9791071263884934,0.799837375524824,0.05239055442942143,0.6839519780378027,0.25791005880115503,0.048979076662290594,0.047248198417417855,0.5678121226189352,0,250
0.9008488926245412,0.8214163533892134,0.11185053835837692,0.8026352369713464,0.2702827192400336,0.05205419353231404,0.05244454214988707,0.6595720696253012,0,250
0.8374675589285394,0.8145021570249582,0.14464941912290488,0.9999384239698629,0.13988698046943276,0.03885702160720903,0.052717694878126005,0.014981118244216985,0,250
1.3199422729809769,0.7087682137149031,0.1069714114890521,0.08054171594584111,0.2937982044414037,0.061446780878942245,0.055683101347154644,0.3226832955496408,0,250
0.9100294327992396,0.8118844683363935,0.10026898673410164,0.9999674494114784,0.12968359056769083,0.0335385014638732,0.04400870780175369,0.005061576736475076,0,250
1.1078334470568507,0.7945616535679881,0.06778784985740195,0.537390092804229,0.27057952911859856,0.04699895247793993,0.03851444730103879,0.5124537186702853,0,250
0.9624882843472085,0.8426331090217617,0.05969087402635288,0.9999972764479543,0.14146129723521048,0.028474806964358102,0.03684391594477756,0.003036087524931945,0,250
1.0442769459168288,0.8189747129693272,0.10908268971517715,0.9556655278179275,0.28564983774038283,0.04674528380191118,0.047574669574074996,0.6715770551022677,0,250
1.2860938544118539,0.7786455351631433,0.10028076405182894,0.9999798415031528,0.18199223175835588,0.036592778351951315,0.0509482364934125,0.006252710743498499,0,250
1.1269958308215091,0.7868699901021051,0.09504034688873411,0.9999932767398811,0.15994094863915817,0.036660566995190755,0.05132892514037297,0.0020290288294856637,0,250
1.0328417490854866,0.8216984771677216,0.08800998760454068,0.9999935145478986,0.14826290998636685,0.031144654243742853,0.04177527961765355,0.002540429020660925,0,250
0.9822136609596827,0.8265557510212074,0.18812020692119358,0.9999912156742202,0.15689131762501948,0.03438930008729826,0.046493697489019305,0.00545314080291551,0,250
0.9403229179902001,0.7736790243355386,0.07824046688475896,0.999773255928373,0.1257233675406412,0.037046622757388625,0.04869548683370772,0.013573554950986888,0,250
1.0793561958210571,0.8070172328605083,0.0653121514471742,0.9999869363575291,0.1390259388982887,0.03130705554383809,0.03856844571540029,0.002492146600418895,0,250
0.849537109973923,0.7999311679805885,0.19711205972096943,0.8141712229770539,0.24527621298637042,0.052814487800953935,0.056827283477656344,0.6565430927300022,0,250
1.2548298349840632,0.7800433649749584,0.07141985137447047,0.8388246237603124,0.3024359387813083,0.0491933782808579,0.045371017615883295,0.5704360461383968,0,250
1.1886158434152385,0.7630213114199733,0.10904989945533729,0.5500579559165659,0.29273224016801364,0.05578676498875993,0.05642735389497749,0.4809551654129593,0,250
0.9234758850998328,0.8017272215627214,0.1095292690424857,0.5170711075283996,0.25940408716241586,0.05420291881709038,0.044117692959090994,0.5546887869521535,0,250
0.8220384995124852,0.8153372779312406,0.12224756225345353,0.9999802511301485,0.12010004308242854,0.0347857689998341,0.04574448701151377,0.003272634036524494,0,250
1.0667611829167463,0.7596535467248843,0.12328795185936736,0.2431625353588708,0.26863061673282124,0.056644549246570815,0.04946579264133461,0.4214946011226288,0,250
1.1363825928717965,0.7505052101627061,0.16724130205504192,0.43692888451605083,0.30557592836786274,0.06268576835037484,0.06696944540896693,0.46500940677829194,0,250
0.775423633360819,0.8434029202472735,0.1682547228301568,0.9999795188376954,0.13439182754683032,0.03403023938347375,0.04954838809581882,0.005947504007584633,0,250
1.4178227618609571,0.728250047360236,0.020544560258019123,0.74912440428939,0.30424111412264293,0.053123657909158836,0.05060415733208261,0.4806244872261697,0,250
1.3669448375112054,0.7600454591026589,0.10318192323631575,0.27466122765887163,0.3124566691264037,0.05232470052164217,0.043117603710236756,0.4038101527156397,0,250
1.326016971746105,0.747409498794217,0.06901354778899499,0.2742132086759167,0.31267261322942436,0.0562671696527614,0.05243848252771375,0.39525172481749477,0,250
1.2452725186731055,0.7556365140540466,0.08793854643003027,0.4292811036965233,0.2930741615439965,0.0543113486555041,0.04950306713488817,0.4426849461679018,0,250
0.816921680826973,0.8230314542555449,0.08953942034084902,0.9994011108055123,0.12054094712555158,0.03320092301995662,0.038662035150649414,0.09968927385657154,0,250
1.21443619717272,0.7361286844548346,0.010599538829419178,0.4999544516185792,0.2665598576467544,0.052009832128201566,0.051071301181205155,0.4312626725607485,0,250
1.1506220261313207,0.7803715375357513,0.11412519755591466,0.9999849440181784,0.14893730965053104,0.03486560909681164,0.04206583398651527,0.003907855684679283,0,250
0.946586143231229,0.7971857509375196,0.04558158262912737,0.9999433846874229,0.12648952813602726,0.03478552029179353,0.03997909378582686,0.014395707526878606,0,250
1.2161148878473729,0.8064230634768549,0.043105379561322384,0.999999201640613,0.1512579741888503,0.02956337880905533,0.03476692187427204,0.003514684863390687,0,250
0.9567089445405597,0.8185175059248325,0.11157062856669896,0.9999920577358449,0.14130071990870832,0.032136521550856646,0.044950152765238026,0.003744361448436677,0,250
1.1598177390440731,0.765294436115785,0.10423036288181842,0.38377138656665266,0.27723463003144083,0.05327429109031605,0.048479300577161974,0.44195913900517925,0,250
1.3230350141325862,0.8057909678960519,1.9844003598423525e-7,0.9999992189626059,0.11318876958586571,0.02191322791269057,9.972536136874791e-5,7.388651904777038e-4,0,250
1.1556063787096968,0.7814851976183299,0.10604969384547304,0.7400037947329114,0.29916252733425575,0.05295128127626624,0.053816643985530425,0.5623031586600045,0,250
0.7604092911999566,0.8238189720699226,0.14450836168144876,0.9999732075658269,0.12117385802901469,0.03572845222385074,0.047716939241089384,0.010028167815332454,0,250
0.7612320685088795,0.8397866150183064,0.1651977077369168,0.9999863184553087,0.1336715116080821,0.035320058266634195,0.050436420858744724,0.008588984196869274,0,250
1.3777440706955761,0.7207226376835039,3.505616758200754e-7,0.8478816332314638,0.2528045978303759,0.04405929544431851,1.6793757852611005e-4,0.49221796960267195,0,250
1.4886756414999558,0.6729428060806951,0.08134642029404786,0.06114920225820297,0.3014420175440341,0.06241141633728071,0.055528529944224095,0.2911991119824273,0,250
1.267550944493128,0.7437322428130682,9.235397351493697e-6,0.7372794014477126,0.24314962688553837,0.043122840637957564,0.0013105153043308352,0.4944556144241849,0,250
0.9939374806386729,0.7746285948838488,0.12951150222563118,0.1387997496919739,0.2688292546097105,0.05815213157945107,0.05511846728666845,0.4073597113277902,0,250
1.8151317501971616,0.6932476496875942,0.009743455006994802,0.7859413119390445,0.36354076031303073,0.05676472491917464,0.058531510024508016,0.4445867490775754,0,250
0.9088945571923733,0.8279987168236288,0.15618553829397544,0.9999421991369913,0.13315021151065082,0.03215775700254294,0.0406820020584143,0.007063048712561623,0,250
0.9802788178371273,0.8144606524935991,0.07025703966630359,0.9999975809529863,0.15049384045931596,0.03411487739828922,0.04900724964292168,0.0017554364647848616,0,250
1.1317967696775548,0.7596782591407727,0.1032384658413771,0.18343349615827273,0.28295550504348693,0.058208121594657526,0.049009365887832765,0.3959213558642146,0,250
0.8552377255980206,0.7878127205846083,0.07662701840793552,0.9915696412765336,0.1890011834545968,0.044810920694214995,0.04840638578134936,0.4986184513063514,0,250
1.0786310646032944,0.793744979207562,0.08976108191416486,0.9999960091668061,0.1510012919931169,0.03459756943706254,0.047190868684673835,0.0019372746096635947,0,250
1.075532212691542,0.7863129444060925,0.07721906135686583,0.4841099724525479,0.2733821760125986,0.050981071362636805,0.04731481231995216,0.49530621605688546,0,250
1.0495048724690503,0.8037356670446879,0.14438457575534255,4.760322810941712e-6,0.1927843808530578,0.04013610075059301,0.04054274543263451,0.0036512648520615524,0,250
1.2150081641470738,0.7628136532196644,0.10725494692995055,0.5737773180096113,0.30568016415361454,0.055439909831871116,0.054169894573456036,0.49961667548765454,0,250
0.8902236912391236,0.8469871145943344,0.07877986484849267,0.9999904497728348,0.12731350196939253,0.027421711989353094,0.03523869571098278,0.0028991606724284697,0,250
1.4490228380149957,0.7541855543836303,0.0781169777959336,0.7006042969055367,0.36427972446437784,0.05810506536188792,0.06864623054526897,0.4880032603306634,0,250
1.1697310391489868,0.7693337967425816,0.026186647049607475,0.7278769852383379,0.27384826876311685,0.04916169175368277,0.043820090872620635,0.5278299323793523,0,250
1.159770332534556,0.8103284742054925,0.024418361669707914,0.9999952193897634,0.14849148117190944,0.02891046047214664,0.03595690521047657,0.0020475009907893224,0,250
0.8886505144523644,0.8049835803433046,1.4290868230883699e-18,0.9999947326074807,0.07788059979167013,0.02393944282280918,NA,0.0030303670021275013,0,250
0.9341473158832144,0.788711188448729,0.09322175865168605,0.9979007620943944,0.13005211956980078,0.03495799346599106,0.04615592729077443,0.07168441443055008,0,250
1.202655863946235,0.7437587201951281,0.09145387894186824,0.2904031089645436,0.27447196282249753,0.055322952501226014,0.0502986661436482,0.39699121328825177,0,250
1.0982014595796241,0.7776193537737858,0.06205425183230047,0.9738851146037157,0.24789040583088567,0.047271755877723025,0.04680799221182919,0.5567798120976584,0,250
0.9816612112725148,0.8006005881725853,0.10356562408240463,0.9999952967116471,0.1507179723980856,0.03708340291518626,0.053666198006904926,0.002140886892976678,0,250
0.8606764543637352,0.8442014252455398,0.0656706130454469,0.9998995042603791,0.12304496077318242,0.027675525802743163,0.03515241471118455,0.011090853981213242,0,250
1.2535555529618274,0.7485330513227182,0.05006659384015446,0.7466131012078199,0.7056102761401365,0.11550861567316403,0.05683073509075179,1.4287736130448065,0,250
1.4195044126123166,0.7342152091754295,0.10453948367870114,0.39632803277871037,0.3268891569576685,0.05836803502130551,0.05389707361620705,0.41279035936569936,0,250
1.2635091809971328,0.7316482265062642,0.0374294612835812,0.63547030612946,0.27275187401681605,0.05298411591270636,0.04787655709154387,0.4618127061375182,0,250
0.8024514507964496,0.8531052433235664,0.13259042516739641,0.9999863747010106,0.12099188349439709,0.02917007699026121,0.038936343677480514,0.0024767711494679168,0,250
1.1744191037074845,0.80035811760167,0.03169566037556483,0.8914147287606237,0.2796236238443592,0.04414222820003121,0.03513008964586363,0.5972579939310139,0,250
1.076348121976066,0.7715656285375121,0.09657052188387936,0.9996217031035467,0.16455955343107662,0.04009408589628683,0.0568393983015566,0.11965054805531312,0,250
1.489417747052148,0.7078269426877765,0.03086325896317421,0.11663218991873339,0.3072159731181352,0.05663225296504113,0.0488810067743907,0.3184489134797624,0,250
1.0441741005151481,0.7562213886142306,0.0723901829611989,0.6155302112292775,0.24128094949877296,0.05130369665787161,0.043186669629148786,0.4984108971040147,0,250
1.9111809779862579,0.6734353781621482,0.07247325206833698,0.012643121855657998,0.3771657534564708,0.06196059516119884,0.05470656689273128,0.278480233629592,0,250
1.3280045849100433,0.7433524604332621,0.08526320292161824,0.24130855582964073,0.2998412431411376,0.0534835782980092,0.04461683864049004,0.38804362507544277,0,250
0.9924079776989263,0.7870027473435504,0.07781358875160278,0.9999959740711354,0.13903832089521181,0.03670109747729416,0.05050111459960951,0.0016506070975684092,0,250
0.7769737314687873,0.8319908909332642,0.11633117534113936,0.9999938241126524,0.11742790901490552,0.03227105166675124,0.04219077664903038,0.0033538311727066023,0,250
1.1431861314000689,0.7589917680538448,0.0883073805895356,0.9998721333181998,0.1570002021189896,0.039231990197912486,0.05567608487472562,0.009113734811638241,0,250
1.3702032363167376,0.6919359848412567,0.16673060850681956,0.10696298832018158,0.3199370555378994,0.06816582394723479,0.06494021972206344,0.32676964669242947,0,250
1.248237579925729,0.733892346909582,0.08720014523236386,0.45822043793303247,0.2845938526692593,0.05756296997499805,0.04915893153345979,0.432664502922854,0,250
1.2824418648317484,0.715481593944814,0.1090958709091869,0.17663572007314476,0.2841108489447763,0.060284589611365465,0.05617619000011244,0.34501998200410355,0,250
1.0959335306840332,0.8170714148053314,0.05375978985143845,0.999976828025736,0.14854282414452133,0.029416055163721953,0.038007986231103866,0.005696615792875907,0,250
0.7456195902362911,0.8250428317139336,0.19428469740415963,0.15277870061228216,0.23364758216989442,0.05204560692536918,0.05333992421332375,0.4977153966238611,0,250
1.0837317972897818,0.8065979113079679,0.083013743768797,0.8935176907004987,0.29603342327872056,0.04765197474265068,0.040618984823162674,0.6681064349666198,0,250
1.0859586381910489,0.8055793868002062,0.13983247163903878,0.8162305031793107,0.3162512436415191,0.05498556703423615,0.057633506073817065,0.6302475260344685,0,250
0.9656001112208022,0.8246617974420534,0.07652409099034793,0.999986828725034,0.14228298995816027,0.031497755552910255,0.04149876032509547,0.011549066334469428,0,250
1.9178612324977025,0.6223871502150037,2.4711112751335993e-9,2.098517671325945e-5,0.17333870623106948,0.036658876748471736,NA,0.005801354266657257,0,250
1.2614006834067728,0.7345569189757201,0.18141745690968733,0.3453397767672847,0.30422738957770395,0.06088133385220234,0.05507535050361597,0.4154478657445159,0,250
1.5534458069204167,0.7306907297729822,0.043131720102741376,0.2695353034381264,0.32675741156905913,0.05421887984872195,0.04541004028015443,0.3678158360093423,0,250
0.9668231449490073,0.7896465609411559,0.15572679310213694,0.7531743954546737,0.2705523129659757,0.05414680462516859,0.050515243323116917,0.6381840457913452,0,250
0.8631929203298812,0.808357207592203,0.07549930930285345,0.9973932726906961,0.16370546432868235,0.03804441452885211,0.04453120083365213,0.37103960518199297,0,250
1.0034809719877829,0.7942045773139914,0.07025128193846134,0.9999662218915759,0.1361477007210846,0.033463424240840756,0.04408769055269374,0.008547479004776391,0,250
0.9319253190118144,0.8050208024472278,0.05221468124255977,0.9999843074753824,0.12222339657552324,0.031951160704804193,0.040531771928376856,0.0026168305379304594,0,250
1.23933172823622,0.7790675629154977,0.09034075447571266,0.9999387928121558,0.17862050116902392,0.03672750225372648,0.05211499273239472,0.013353641608533088,0,250
1.1479126912443305,0.8077280648005998,0.10927525828233464,0.8283414746406265,0.2961825345966025,0.04409817684811004,0.04319939997101063,0.6268173966290363,0,250
1.0202314518725126,0.7776330188458332,0.20379586149264417,0.9999888393804476,0.15841245684439428,0.04128938930645479,0.05912643676191719,0.004767836802464415,0,250
1.6547050166530872,0.715515996822753,0.09025060829080081,0.29520845511717264,0.37536297206697583,0.06347661564555587,0.05992222331370797,0.3657608998295043,0,250
1.1345020229307743,0.7609129258560711,0.05575873889387935,0.9999894799459541,0.13866071583007433,0.0355288884773574,0.04415520619310168,0.002650483011409351,0,250
0.9874581663724007,0.7907342740732821,0.15030467199346337,0.999961946924826,0.1618031883545615,0.04088910911978095,0.06108539929820141,0.01032444895008948,0,250
1.1712903496859786,0.7346834777595087,0.06138853677727037,0.31358084300124794,0.2734965010604871,0.056484503566917255,0.05213571629241414,0.40441703809752316,0,250
1.0711603175871,0.7948388302733558,0.11642515694524443,0.7225019974760666,0.2658881532012371,0.047872060427035595,0.04076798008501983,0.5724342077061432,0,250
0.9354310117032382,0.8332612715210012,0.1581157308835142,0.8020838989900563,0.2791413730739781,0.0474913856838231,0.05005001347003986,0.6800118291145032,0,250
1.009079308882732,0.7813181872413115,0.11810934483623746,0.9039831731386422,0.2608890772114265,0.052352959215017335,0.0518250651000668,0.620728831101044,0,250
0.9518104032784784,0.7946371956999345,0.03663898373485447,0.9999856950577908,0.11913616920410434,0.0314833602383164,0.038305685747170894,0.003149664880654627,0,250
1.3208739534978489,0.768838577423572,0.0809704152891521,0.8389196718030083,0.3305587540387682,0.05438358401082107,0.05965908810270005,0.5512853718509568,0,250
0.9922912965155751,0.8288496766994183,0.1022607257774535,0.9997728594016999,0.16154888939700202,0.0333609590419144,0.048974120280588215,0.018939757577296112,0,250
0.9920117184557485,0.8340187451364242,0.07954418704868739,0.9999830669863458,0.13861810348573883,0.029612523000346423,0.03691561327853998,0.0031909734230309416,0,250
1.0324946763238498,0.7712337124270116,0.06849680516347978,0.9529767869099043,0.2506629293548462,0.04953564763216599,0.04937866541523775,0.6075279379596121,0,250
1.3680709361165169,0.7237011176766407,0.12423366395159033,0.6249053599063732,0.3128540460071027,0.059033145532593825,0.05800496587337699,0.4625922359570972,0,250
0.9050537423992097,0.8079211246318154,0.11274665655220806,0.7173280440651182,0.24115095553586371,0.0485936813427664,0.04370669885740071,0.5949698102563217,0,250
1.3637876868857155,0.7488369585400673,0.03414319233344474,0.7505074007817215,0.3134394736211661,0.05416419361004739,0.054628227491991685,0.4987614939498724,0,250
0.983444840288358,0.835010733365833,0.085346036714498,0.9999625631484835,0.1460518254749155,0.0314250814772103,0.03934823561575093,0.006651715735216518,0,250
1.0510920904030014,0.760447487670449,3.931500164207305e-7,0.9999998539382412,0.0926478167273496,0.027899225116443476,2.1530779053261092e-4,NA,0,250
1.0998871226221174,0.7855040443917766,0.04390588510326149,0.817172117974982,0.2666055676849618,0.04869994836926296,0.04721931449286515,0.5645544642243712,0,250
0.9818477145803812,0.850314940411122,0.09938470946948266,0.9999971055332915,0.140781711710091,0.02786244111661904,0.03581652683487758,0.001247818133069568,0,250
0.8601515397606191,0.8302635835181296,0.09516697534872956,0.9691423455060255,0.2661480330101086,0.04809952375950742,0.0452174622758124,0.7942917770368334,0,250
1.2509005868051397,0.7243885136346129,0.07163189417039288,0.6052389586070838,0.27405578468767244,0.05524428487985273,0.051664944039225016,0.45529006525520954,0,250
1.2712990361765353,0.7548843692682784,0.10335907844017939,0.13316230072148968,0.3092505406060401,0.057467696603038965,0.05273875000282563,0.36678286174162406,0,250
1.3711970793685975,0.7050073491167027,0.010380366374527581,0.1670382153070377,0.2851487549564161,0.057178476108150196,0.05193650597412721,0.32979993127454044,0,250
1.1375798461897013,0.767149681204176,0.05033890669051733,0.7664131329085097,0.262996345090551,0.04955404975512579,0.04315850547697065,0.5352952937296042,0,250
1.5514211359644088,0.7288176817354333,0.08685146630652578,0.2955229117569985,0.36271877170888656,0.059937041072834915,0.058943314021407914,0.38283798930130747,0,250
0.9532417545324283,0.788187642106404,0.11959757211998577,0.3290152132317081,0.2437037777229175,0.050238588207489804,0.04226972675961815,0.47424153114065315,0,250
1.0827956614646996,0.7747061414778955,0.02842518233579298,0.7183275785029865,0.25482215312696077,0.049409504266426776,0.044264076554904046,0.5279521585213339,0,250
1.0126149418442834,0.7919922905465522,0.06384738201785026,0.9999963408858763,0.13397443509773263,0.03387467971722758,0.04284842430391324,0.0022231944868375693,0,250
1.2300208368627104,0.7616549084929477,0.10283588573301895,0.39508832667977045,0.32228837343081546,0.05882629512050683,0.06027268465609853,0.45017944394693993,0,250
1.0816523422529734,0.7846457085614648,0.1164623272989678,0.8692697876308328,0.2916787744279218,0.05381290400399041,0.058356318057752675,0.6106512399173051,0,250
0.4827756213966313,0.8947301560183576,0.20303270596513134,0.9999200961698146,0.11605830385219523,0.03192030932667515,0.05462330238667135,0.03171030390364253,0,250
0.9581348380346906,0.7871349957468283,0.14470779250484206,0.6193155015150293,0.263256937560037,0.05730019793585813,0.0574812470813054,0.537836606574075,0,250
1.1824885429250906,0.7702493223121485,0.10439669082184903,0.6371088754438732,0.29599850099279573,0.05365723425014917,0.050627676924410094,0.5221803860128251,0,250
1.3190186104358905,0.7332917196738518,0.1350910021589183,0.29427379348266713,0.31830981159996485,0.06138195074310916,0.06066116497786104,0.39456384423487106,0,250
1.2068539174947912,0.7527473280885538,0.13488416278354554,0.6817307490036422,0.3116038400113153,0.059054351687195084,0.06046511750657696,0.5381324104245704,0,250
1.0141313761967514,0.8062493815704158,0.03107164698471692,0.9999829632641167,0.13764974638286523,0.031619717112537506,0.040556597032048954,0.004965309773655603,0,250
1.4037344650671464,0.7283567536948591,0.11011038613250991,0.4560782308742182,0.3121144351763876,0.056648256571226234,0.04938205369441193,0.42421444034715405,0,250
1.0687472474766047,0.8193131937087449,0.10059950910840876,0.9067189112390092,0.2849491885578519,0.04604661631835432,0.0458415315961273,0.6413387267623458,0,250
0.8692882444855491,0.8123913484883398,0.1241068578232192,0.6320401533539775,0.279899486350606,0.0537022379860777,0.03989421384841736,0.7404157260630222,0,250
1.3563506290966267,0.7189102289099712,0.07531665601269752,0.15599726550225976,0.31598881242825283,0.06309000338265455,0.061386835282589244,0.36068639418335996,0,250
1.353831874027939,0.7492958733580828,0.08354344489740388,0.5556127019797745,0.324557011656589,0.05714949372407287,0.05544347346551454,0.4706473843488858,0,250
1.232638638314917,0.7478196014120171,0.17040686991984702,0.6294114206811959,0.34273527431838097,0.06483102879158784,0.06270220759389511,0.5634542192232563,0,250
0.9718235734754647,0.8222087536646783,0.08831720677232126,0.9999897204371738,0.14154318404614738,0.030401336806745477,0.04327705052475559,0.003017613104391376,0,250
1.0111228959014973,0.8090972946453215,0.10233828119951757,0.5985753228090807,0.2731850420663216,0.04789515884746974,0.04449425562579037,0.570149937947279,0,250
0.8141537483303475,0.7855716616015487,0.1313703622896689,0.9999570646526733,0.12130717182079967,0.03992360510991358,0.05380460838498897,0.009152084451878064,0,250
1.2273114175476212,0.7300090875103816,0.11913336638291061,0.10128274773050476,0.28940499061644415,0.06200988990867366,0.05514544532950094,0.3443867226592942,0,250
1.1043480477393193,0.7831613651465607,0.10635387656592579,0.7572327413807227,0.26609968850145077,0.05023054665203026,0.04862208226621361,0.5305340533546848,0,250
1.7354249526225225,0.6868292952364096,0.047131751742562324,0.2211675289279582,0.3506348678785532,0.059174023064782026,0.05659090550976035,0.3260638284591986,0,250
1.2943997247870866,0.7369810984629511,0.08045743306930368,0.1908862982443987,0.29761387662159955,0.05606010770314231,0.04695279028195235,0.3761545805809275,0,250
1.3016123469744267,0.7735990651182452,0.09709117898122212,0.7649433326377022,0.33977490318600734,0.0540639768741358,0.05418824404116726,0.5678009487964029,0,250
0.864707572079466,0.7764375278441311,0.11214442243261023,0.7688902124323048,0.1744417405584405,0.04485584540560447,0.054810245972335,0.38781588873074246,0,250
0.8068662339561745,0.8000906984586836,0.08587278547106805,0.9745283307209937,0.13799815508879146,0.03918275782990476,0.055951493846015374,0.19372844769768785,0,250
1.495543982607904,0.7189669611539724,0.11237061746787154,9.494751744071454e-5,0.2693146952551172,0.053735190653606865,0.06009070206984991,0.022923709235477558,0,250
1.4111811288358462,0.7201832488143507,0.14575320533083821,0.24483338974012914,0.3416589609459711,0.06405606506183409,0.06714468382102542,0.37156660355673743,0,250
1.0564772846042803,0.7567792326286514,0.09018338880232558,0.5273497673205307,0.2485433355851179,0.05291438925359351,0.04663245892084088,0.4773842331501418,0,250
1.126942289144299,0.7645102823235038,0.035218329882435166,0.6454440457812429,0.2681085995851149,0.05167235562129188,0.04928266109960443,0.5032775925717101,0,250
2.2194753950996224,0.596653505059753,0.10023031251624892,2.0827261274177514e-5,0.41687027945887717,0.07685457583126096,0.10161553753550033,0.0025712112373707796,0,250
0.9308746380942333,0.8002419753313638,0.15743576944383134,0.9615127665620508,0.26125751558726473,0.051972082857100796,0.06209893522888998,0.6612586366337012,0,250
1.352369900806283,0.7498586524458056,0.054672178618182334,0.5428841615148576,0.3169912276209701,0.0555449404121859,0.056796068903819316,0.45347830884371526,0,250
1.2568019547898877,0.7575915073323702,0.17132465621314735,0.06319004755955049,0.3327001509246414,0.061691132890402886,0.05685010774556871,0.37119855012937886,0,250
0.8724837911662433,0.8085384263534753,0.18089082696598072,0.3040810981445714,0.2587834109061934,0.05210441587941881,0.047063712841039856,0.529945063206112,0,250
1.3073299192610872,0.6746990438447543,0.10010092806362048,0.4676959800772357,0.2951409643388232,0.06815856271704734,0.07734904019748895,0.39022934491702793,0,250
1.2665888783092805,0.7420946473889906,0.13134627757298153,9.331514790423093e-5,0.22659203560898022,0.049999213201860224,0.052051646009708435,0.009162209960776897,0,250
1.3390711993385085,0.7776972794320517,0.11251538741371138,0.45060396857631363,0.3258641283117259,0.051865050484715514,0.04771795120199477,0.46637069164294565,0,250
1.125696971461131,0.800093336400012,0.02735391978420502,0.9999958004018838,0.14991406944393873,0.031079372622576523,0.04112454933263178,0.0026970185762634426,0,250
1.1426340090739595,0.7694244934344032,1.7864842491402617e-15,0.999999414610728,0.10028746527061538,0.026137687252328023,NA,NA,0,250
1.189383597206522,0.8006710710977617,0.03988752936762673,0.40774526767964264,0.28301911674766356,0.044817798657622775,0.034442198021159165,0.4764676766935643,0,250
1.1062063499331152,0.7618982659787568,0.020808397124505933,0.9832827051589247,0.23894288943175795,0.04868873494470016,0.05254084188811466,0.501945889701214,0,250
1.6231364710971758,0.7071296679761617,0.07119599700733764,0.24254060975652383,0.3489949196336782,0.059598976752901885,0.05563394023016385,0.348901243804021,0,250
0.9799413498856563,0.8237627133210408,0.12740038818273716,0.999991667092091,0.15871585604841107,0.03444145560526271,0.049779957108404715,0.004633414365183158,0,250
0.9813563440305205,0.7848492443768391,1.159311978316235e-9,0.9999943363297528,0.08601590312136918,0.025391599047743168,NA,0.004021046075192547,0,250
1.4997854551865644,0.7566134246417082,0.06946227538767026,0.4499213492513132,0.3479216727261843,0.05423965314092322,0.050820819243802016,0.4345866490925323,0,250
1.0224565248209472,0.7933149572328414,0.1767331872955723,0.5287854959268098,0.28425292902196503,0.05504624405025026,0.05393774182721277,0.5386660358018445,0,250
1.2775933974914393,0.7708348980673174,0.09783921632736664,0.4844198028826636,0.317444660907471,0.054164496660356956,0.051015979471883494,0.4743313495265562,0,250
0.9248249979679899,0.8145648746872594,0.13514013087985807,0.7310333785376453,0.21627414703608208,0.043838601482105576,0.051769803802276304,0.46106141453892036,0,250
1.3237913283024505,0.7453527452551518,0.0590857461971476,0.6701085286772525,0.2971498821694984,0.05236162194765689,0.04742997829905323,0.4878774367817887,0,250
2.0224409341289844,0.6693145982060855,0.017827978321357373,0.4844200897282496,0.3996133778167286,0.061722045949794496,0.06785381267472261,0.35999731713833866,0,250
1.685440250592599,0.6486792279874729,0.021895801939769255,1.0253810187938256e-5,0.2578979965614622,0.0556037877026586,0.06433628832645215,0.0029547458860243285,0,250
1.077867836197328,0.7684957057702767,0.04048498239162484,0.9201784231969962,0.22028855102663322,0.044934962428964116,0.048734524085618354,0.45656553284260293,0,250
1.1701540565577426,0.7969440391603566,5.613306651064781e-7,0.9999474943702193,0.10327243966082655,0.02439689995926791,2.2691523482843792e-4,0.01934839087418288,0,250
0.8102410658714947,0.8014389625448044,0.12044534399420662,0.99989173502232,0.11525607902023811,0.03515602556214187,0.04656111829240519,0.010829049113788474,0,250
1.197722827159073,0.7495818448798321,0.050532716391692246,0.3926163066726379,0.2687312199861917,0.05132474291025855,0.042281906191711474,0.42953662859711716,0,250
1.187783946878088,0.8104588127760602,0.12612747401358518,0.9999840373937328,0.17984669718399185,0.034387899775989265,0.04829598422418945,0.005092038239250104,0,250
0.793033987542534,0.8404249766086037,0.18003482743359522,0.9999902850478434,0.1399741120582104,0.03557761014819747,0.05153808357400311,0.004346168432669281,0,250
1.1535768488930118,0.8050074079958314,0.07663824735136374,0.7614468412759207,0.2903474113108035,0.04611209445590109,0.039556309962587535,0.5880368926152911,0,250
0.9228361726641616,0.8288555790769225,0.13186700876986596,0.5290828241743825,0.2690207087536059,0.04804623930912716,0.046700040145534985,0.5857738351170748,0,250
1.1058405292372178,0.791914698692039,0.09408841766644513,0.9999625052172552,0.17464428299062398,0.03751458011961584,0.05710205510064619,0.01890643362574806,0,250
0.6944540652885007,0.8606516062521214,0.19165957049969107,0.9999597863221155,0.11821081917136708,0.03147114082109276,0.04320115159894989,0.010297697093810555,0,250
1.16240964218231,0.8112337901360577,0.13564949017964134,0.41253812312572435,0.3309999823713922,0.052792867921411336,0.043334670329390146,0.5291314184122148,0,250
1.1634436333985947,0.6773714771861394,0.07043331910314131,0.5214242514946432,0.2385808034041367,0.06101810909589393,0.060661016575937005,0.3983629850039517,0,250
1.1079757012073104,0.7663058568144706,0.07353687529047219,0.9999947496681294,0.13249934301373212,0.03565434229205065,0.04102455461684356,0.0014749795926582096,0,250
1.4467591318757882,0.6808066243135545,0.1026892329765892,0.06398065275898157,0.32342239740133966,0.0679983781845678,0.06995809687057439,0.2953022782119225,0,250
0.7374651246556767,0.8499963168867346,0.1124860765670449,0.9999978726887718,0.11559393949087583,0.03137299203908671,0.04065490266952188,0.0011650084002061028,0,250
1.1552379062874638,0.7623594289525986,0.10665635917505624,0.5895838768757349,0.29382714767534035,0.05640015119201209,0.0583024507605848,0.5020524206902054,0,250
1.0488858021004694,0.8088097005975707,0.16185270992199102,0.2806431714607049,0.2964507619370198,0.05113972097277674,0.04646935118583311,0.4935060062941765,0,250
1.2726839958792213,0.7548502217519123,5.354694352203275e-7,0.9999795209314256,0.1115071159472107,0.027067332017820373,4.309800216870721e-4,NA,0,250
1.042944324745785,0.7708638070106851,0.04839763125447665,0.4622765961784114,0.241032726915894,0.04963422728649068,0.040920009375679765,0.4636663213339306,0,250
1.6984041969627475,0.6870614517763325,0.05307556515455981,0.5395214805507068,0.35520987627618217,0.06097713538258551,0.06184336996614987,0.39864446946427334,0,250
0.8339057014430626,0.82022452437725,0.06507330744673344,0.9999913327571287,0.1249899986507962,0.032041346315937434,0.04549745730473681,0.0033914503010198907,0,250
1.5950239404366688,0.6982871174219712,8.995720374570015e-7,0.2950445913719665,0.26525744361792564,0.045725390797152043,6.341435545168793e-4,0.3427899251358895,0,250
0.9064864701325209,0.8205114518085024,0.19617114699442906,0.99991900035153,0.1550828700939567,0.037158833058460225,0.054168098063967496,0.021717509714857378,0,250
1.23276103450329,0.7474215143283844,0.09027360886122296,0.7741896440971412,0.2985729836757281,0.057416784224550974,0.06286783962122053,0.5187766837510778,0,250
1.1506753813830688,0.7934434292650301,0.02939928102204863,0.8608240914931059,0.2794100828256364,0.04542533509017709,0.03775629670965156,0.5948032374429182,0,250
1.233643991809046,0.7478821965045772,0.12055618371168819,0.8544200681185441,0.28872054517859164,0.05616483687327818,0.04945093536368231,0.5442718903119541,0,250
1.053475549077704,0.75360801108366,0.05380650405335446,0.5437342560273999,0.23974940998282487,0.05175221110880934,0.04412513698172229,0.470840748874163,0,250
1.0632056193978563,0.7637745632019708,0.11552620740740241,0.2665820936929427,0.26668037961161645,0.05535895520506512,0.048963187704923014,0.4278722029145462,0,250
0.7961729812639577,0.8446254237990805,0.12557156515257298,0.9235034264996843,0.23969663075037523,0.04237058039130108,0.040827776683967344,0.7655213064707512,0,250
1.376388973657707,0.709729873796624,0.030912776607250225,0.4078589802305172,0.28275646596864895,0.05630599578495642,0.05236255580334697,0.3824430082685387,0,250
0.8642460301659204,0.8007113411501662,0.08038508517046863,0.8641887482059694,0.38390063187333223,0.07198820646846622,0.04488739029469918,1.1958079573137483,0,250
1.1281978863196498,0.7646830145077861,0.1290188277866551,0.6169921245108587,0.3040157890136508,0.059366546520031656,0.06523264347826017,0.5187954374670645,0,250
1.1980252193285779,0.7929303611734173,0.07481988680353441,0.9999485282740832,0.15577952195186215,0.03298379216175301,0.040484873979418225,0.009881936876480497,0,250
1.3356502400661958,0.7381982346734074,0.06623851565537392,0.42969443753062947,0.29543978537621035,0.054940056312174995,0.049670729269320923,0.4170437471262498,0,250
1.0175891162796484,0.7628560408802623,0.038802275459401535,0.5210726652316398,0.23947045569204278,0.050378993403025527,0.04333478580147709,0.48227549011869175,0,250
0.9106972029455133,0.8147736930844668,0.1401427307870075,0.9999870978852128,0.13247568727807008,0.034165403012407475,0.0444200282741184,0.003085287933757569,0,250
0.9458060534970643,0.7720136983377343,0.1341919983467898,0.5591526739588462,0.24418445424181542,0.05517301481817955,0.05476490949910276,0.5145400193131492,0,250
1.0305925590694858,0.7800333435107868,0.1186681191965911,0.3961995175573169,0.256771775524686,0.05220717672796386,0.04747242708647792,0.46786597813127356,0,250
1.2942013794130236,0.7660241777805492,0.13143039226747602,0.16715483583733232,0.30360237500483966,0.0534405220963393,0.04507624959717559,0.38407242884536674,0,250
1.3708096481580272,0.6953080723747325,0.029911678651942247,0.6204055898813298,0.28041176228347997,0.05582013747375168,0.05790750650208875,0.4233700921046678,0,250
1.1961620176310135,0.8086107801924676,0.04719170312358962,0.9999913769276716,0.15444471225421674,0.02977426279428664,0.037148390123717095,0.002700306627949619,0,250
0.7720112389549165,0.8488056332690825,0.1912648382481854,0.32405078255338604,0.25790356839545264,0.048878687872603126,0.048751461690062885,0.5958969061099793,0,250
1.618403534948536,0.7176872368299316,0.04594285245778295,7.1802862080460985e-6,0.24229939141132956,0.044113154783320875,0.046110396377009824,0.0028994577996825917,0,250
0.9368826549204959,0.8400790072574085,0.12256473621059165,0.9992667357076934,0.14870170833165688,0.031002660143163715,0.04319733573691581,0.03511917929709116,0,250
0.9261747092522817,0.8223612620052401,0.07394155604609225,0.9999952453119115,0.1294729914206979,0.030654821063512264,0.038705751699341845,0.0036934221716547278,0,250
1.32306328281508,0.7651818624273851,0.0856430015192488,0.9999705241642325,0.18508502541974622,0.03822687402977565,0.05353954043148836,0.014543011744089231,0,250
0.8945957416941946,0.8300285555827293,0.14042956848255966,0.43520359222684113,0.2538240300174993,0.04569944098696773,0.03813089178387206,0.56935236918391,0,250
1.0854159271930086,0.7670631380429852,0.10255058291723348,0.63050044358411,0.2668807134716197,0.053168034895467356,0.050383130802798055,0.5156947836934457,0,250
0.7310211517266602,0.8650477529401157,0.14015896381600607,0.9999124142582057,0.12103913560982081,0.029362881311799205,0.03943052303607656,0.01249251788982514,0,250
0.9817266008183512,0.8036730947010751,0.1651575641408998,0.8736645352399902,0.28089957810936855,0.05269883731003595,0.05514254858533899,0.6557389917020497,0,250
0.9652823662236487,0.8149245363855295,0.07873090584655532,0.9822712877300187,0.2190630286198159,0.04183529419560312,0.04476573863653811,0.5185074257473609,0,250
1.4043832838199166,0.7241488276648836,0.09355162918952384,0.12149617193292223,0.3257302583066167,0.06073037903056918,0.05648598015274116,0.3426145908155946,0,250
0.8069781658837184,0.8114979123767605,0.20769442179283595,0.9999950291072123,0.1426991231033403,0.04076974433885374,0.06003515552231235,0.005355663720779583,0,250
1.0895030142944497,0.7948833376420882,0.1367862032238766,0.7597300681003696,0.28570903074666154,0.05015388236939336,0.046682261792508215,0.5956723913435186,0,250
1.2533667649307059,0.7933827959879637,0.10651901123990112,0.9999697617146693,0.19135645966604656,0.03697884354228655,0.053788632861716076,0.00944579892343443,0,250
0.7127289094308266,0.8256623682764408,0.1723146568348264,0.560707390780312,0.21881112398826072,0.04895108071573492,0.05140184278593481,0.6333806829130018,0,250
0.7769906611733325,0.8397776015531171,0.0448254001798921,0.9999834430026352,0.10479176656505455,0.028048713329241436,0.03266843460534452,0.0037572337878764863,0,250
1.8560125241692664,0.6174103416068301,0.09635260473370878,7.290538977927968e-6,0.3251788421264074,0.0678177218108054,0.07919368653200462,0.0011838874033588782,0,250
0.8470942969678736,0.8000467275695939,0.024400603531907886,0.9075192044675563,0.4317551823329129,0.07944664349501507,0.03915026453389474,1.4543629263949764,0,250
1.7315384260855617,0.6685352408906916,3.6974668866497644e-7,0.25694745618798587,0.2707518585641389,0.04738666976122585,3.639507339294216e-4,0.31276292659873145,0,250
1.0910987389244147,0.7740425228887716,0.09128618561661218,0.9999598816730735,0.16040626967296429,0.03905838685558481,0.05783442866675624,0.006447077594350514,0,250
1.0779375746396913,0.7765663533303753,0.13226130410513634,0.7298328818274953,0.2737771699210494,0.05302908945827366,0.050698503761655474,0.559516304422097,0,250
1.0756886760340025,0.785429070557087,0.08989581129170152,0.11214608811236816,0.2814561101078752,0.051983016494073456,0.04164547466031779,0.4135401048114982,0,250
1.6015006436953134,0.7083007307411824,0.04402325275681881,0.2843697104691685,0.34142142938323916,0.05943997464737698,0.055925327733570625,0.35590653067072275,0,250
1.0883117571808998,0.7949321018722346,0.11013528208923769,0.8641662303424055,0.2800573670092101,0.046924335542738844,0.045570454706232263,0.6200709957319355,0,250
1.0926375496237781,0.7973490720744602,0.09704013846942776,0.99999027915169,0.15041168955213569,0.03376540936618259,0.04350603195794588,0.005151362515525669,0,250
1.4541547404693969,0.687846121483545,0.1349509641740879,1.866928212310255e-5,0.2625960711990808,0.059231466092092316,0.06746482211813465,0.00473659157987247,0,250
0.7491485343581574,0.8510540407762233,0.18874850223374895,0.7659645552623446,0.2433389356214788,0.045534237698965294,0.04670914595414128,0.7499233428333782,0,250
0.945115667670201,0.7995134540564066,0.11847883124471195,0.6658634638794872,0.2465413522543297,0.047633961768105255,0.04456698263016482,0.5786228673336787,0,250
0.8133834555150137,0.8493060493278873,0.12528399031444215,0.9997686255076342,0.13386464940521658,0.031117632136976884,0.041974002900708955,0.06042449332877314,0,250
0.9724270165862042,0.807390938204633,0.11321752193358679,0.6948945977970463,0.26243404553943556,0.04776430249501274,0.04324202702344201,0.604295618341776,0,250
1.124999145059741,0.7736475841751839,0.028191103380059753,0.9604381222819558,0.2341749598402854,0.044258173365215606,0.04088130954250012,0.5105352417536737,0,250
0.9282729175953777,0.832381687418982,0.17167659886546377,0.9999368846127488,0.160051834369279,0.03553593757010333,0.05226389910347517,0.008904469114472853,0,250
1.148896807325795,0.7047430928870358,0.12895332815354632,1.8909311950258457e-6,0.19860191212845552,0.0538081778535926,0.057439529746313035,0.0013144528962644895,0,250
0.8943649427151584,0.8245980587196365,0.08103417597600532,0.9999975268717366,0.11691797243036779,0.029879641322739556,0.03607076690927376,0.001048331670925708,0,250
1.0473086140155918,0.7740566965857137,0.0806691404207803,0.9999875024561756,0.14359468566445402,0.036973280928102856,0.04900610970177076,0.006759720133781843,0,250
1.1768617161128907,0.7082009172290705,0.09329166964165346,0.3784718642839418,0.26397839320340183,0.061445834197393294,0.06032085874020357,0.39257391811630765,0,250
1.3830687335998801,0.7244358153046961,0.08966753856233185,0.5102699051920591,0.29429287101411306,0.05418982042399376,0.04668654707440157,0.4280209258656993,0,250
1.3150364641085666,0.6937706639160689,0.027266337135230016,0.4716390064606228,0.2658420000715005,0.05732900420698862,0.05642329642803788,0.38683358217531905,0,250
1.3620355122209817,0.7205792595579542,0.1035477114168961,0.2884629340945005,0.3100873651157619,0.05994433595387205,0.056033625193951574,0.37878391767482855,0,250
0.9237785940330597,0.8461655246074358,0.13114128825774352,0.9999849038792014,0.15008531700556013,0.03006475477132302,0.04663617140114145,0.0035360244324294235,0,250
1.4138993916740528,0.7565479459628404,0.12356507766323778,0.1341910775747213,0.36690932968516987,0.06013907616747614,0.060582326550147864,0.37621842572284947,0,250
1.2406570664364276,0.7427361198823275,0.04752399761940276,0.5048510798278161,0.28916771069279823,0.05631646321137763,0.058164481814956474,0.44040272823009236,0,250
1.0987881941409392,0.796696867807968,0.1170734913744583,0.28370363789622605,0.2938113123809957,0.05380510883196797,0.045009122832959075,0.4584390093360134,0,250
1.8667957155777595,0.620672156403519,4.930294572287419e-7,0.349833661519638,0.27515787254498886,0.05032660634333363,5.311635363280772e-4,0.3046510574544207,0,250
0.8156382858007538,0.8185702076810428,0.14558935798447817,0.8668568242090428,0.29786142178751746,0.05814953543625197,0.05428636012674397,0.9233739792760277,0,250
1.1038325178087847,0.7913485382759843,0.04059280295190477,0.9999919907464185,0.13350820933497856,0.031673973428567856,0.03732128557291258,0.0018687392622623981,0,250
1.7618616351084448,0.6337663207317744,2.483220645504332e-6,0.23939530183766786,0.2663600925233761,0.04974872711146217,7.499504470839604e-4,0.29413243019553387,0,250
1.2800964277423117,0.7065690585965583,0.07321541598551316,0.3617263054431838,0.2712891444826702,0.05767800130768872,0.05205954967012405,0.3824026005597746,0,250
0.8383307247117986,0.8540491668225599,0.1565503988875449,0.999922175827219,0.1451159194267031,0.03132412155887461,0.046049615520737025,0.011675372673427881,0,250
1.307348848815466,0.7590022858426908,0.006649413679667058,0.6859806282282829,0.293157988933814,0.04939120094099089,0.04303320213164052,0.49950734177804296,0,250
0.7299852398400111,0.8572234819152555,0.15153325820069424,0.9999940282961758,0.11743776318880528,0.03231503417160665,0.04044476168051244,0.0015956269463857412,0,250
1.4999774463703053,0.7052157936384423,0.1271621811494856,0.2941630206119508,0.3244708067292588,0.06142510627893904,0.05984730005118104,0.35875671502015904,0,250
1.301572429960747,0.7105981972870424,0.0031908829113575683,0.5990570690254573,0.29102078030980966,0.05957195223729188,0.06611191539109226,0.43143841134931643,0,250
1.7606475266605874,0.6411971493850569,0.0570450744708984,0.41722884169377583,0.3585727352012623,0.06974629907024534,0.08590302527524707,0.33434851207116123,0,250
1.2959638624229681,0.7637536845190117,0.09728569452846855,0.3033232920348797,0.31831277737681,0.05580469016854135,0.048126449459668943,0.4228480062276973,0,250
0.7600835588441496,0.8080766898840593,0.09677534028410992,0.6032293859516121,0.20420166787564886,0.047839320458489605,0.039006317492341944,0.5866685290671719,0,250
0.6614609014918335,0.8729438342797303,0.20555685396659393,0.9999689596149004,0.1341002394718929,0.03264513769425319,0.050494431617091926,0.01799763529209309,0,250
1.1088318965996937,0.7976488711708614,0.0887919802531914,0.6181151984899766,0.2840217586907374,0.048610199166666514,0.043276186462222824,0.5466755387201517,0,250
1.2331911937288336,0.7499857550165383,0.046045100949080396,0.8231725543570813,0.28830279432049927,0.05430071836172622,0.057186013686422295,0.5237608502585885,0,250
1.5327196520307609,0.6890936946137947,3.54027168942106e-5,0.4281670806204468,0.25682370248054104,0.047130197728098705,0.003757479891070655,0.36758269353394313,0,250
0.9285041197664754,0.783281491735229,0.20680862036191616,0.5034355526825107,0.2644987741121122,0.05905859312268258,0.06116179602651438,0.5298548963225863,0,250
0.985024854957003,0.7995140193286365,0.10004502765980282,0.9999345133749272,0.147863513100058,0.0367461226388815,0.05092563236450685,0.011278447281317652,0,250
1.1067830532406024,0.7986429602678704,0.15087231619561614,0.9818171996380781,0.270163272613242,0.0480829024593327,0.05590796163567857,0.5460572525115515,0,250
1.1964468348767414,0.7950853605403603,0.0784588591971131,0.9996665374039764,0.16506735222209187,0.03355008862026967,0.04159617785692285,0.0970016358583384,0,250
1.0434066258923558,0.8037551184207569,0.03572609112873527,0.9999845979444474,0.1388349158461301,0.03150631589637569,0.040004857082973404,0.004394311484827514,0,250
1.0604550098563645,0.7966938287999112,0.09728126521074118,0.9999814237733569,0.15975837381100347,0.03577900571331853,0.05198539668983101,0.006445799772043413,0,250
0.7983883395420369,0.8159864201404339,0.06192548291820892,0.9999943100788847,0.10530109496838184,0.032106968749546085,0.038429942576626325,0.001591352249675295,0,250
1.2358224033435332,0.6970925197732049,0.1128841027173303,0.2579114448899703,0.2986674598065686,0.0677881961395774,0.0730483111195666,0.36650074294590634,0,250
1.0715294214019715,0.7907654595880871,0.12472489703013165,0.33129125283229793,0.2913400946292398,0.05451997888055372,0.05401028630922319,0.46720521704523793,0,250
0.9969553026851098,0.7848953914151386,0.14020140477415244,0.9997998909221374,0.14518054667021266,0.03853337716971901,0.05083903201722642,0.02550112265120227,0,250
1.2234644611392702,0.7875319874096334,0.042482745924425545,0.9999555939583733,0.1575656390593835,0.03289947920022692,0.04213366499603589,0.0060022465079965955,0,250
1.323747852483655,0.7680426456613526,0.0010825302536592867,0.7827520097468346,0.42231075049538325,0.061772056418333,0.011404329616597523,0.8887876407729893,0,250
1.685813974992774,0.6687043581731211,0.03124965632958144,0.1711369085617697,0.3261904341772341,0.0582444382947738,0.05559341578847955,0.3063595273973121,0,250
1.1687545313200511,0.8103503582851704,0.10214949653365703,0.9999760247681465,0.17273051404596143,0.03316826119683708,0.04627048783024458,0.006625855415941141,0,250
1.089430368535538,0.7677281596432968,0.2668309500677367,0.11644988909550334,0.31644883244754796,0.06567786198136089,0.06077115480354514,0.4094983284169901,0,250
1.0042629375780503,0.8105634386104611,0.20854836327991513,0.9998594163862564,0.1687281389194209,0.03758009118152064,0.05589688463797161,0.02620447799587513,0,250
1.068621171346242,0.7758530398304689,0.0686802914596282,0.8838792816284757,0.2731954817524961,0.05278515907134923,0.04853928688424016,0.6187633605657037,0,250
0.8881166474369492,0.8498288299470621,0.12322746827542926,0.9999887950092128,0.14617589468408446,0.030891674208563934,0.04300338799087585,0.004167930920213424,0,250
1.188285500634441,0.7759364288518363,0.20202945310601964,0.05114882643460674,0.32118316225032506,0.059972289462419816,0.057208403825284276,0.360838496029449,0,250
1.2921520958230936,0.7477278945291889,0.04261718216054131,0.6039355866352211,0.2899885131766103,0.05233095096186198,0.04782842498283772,0.4698004455535774,0,250
1.384872845268568,0.7545387968639592,0.055259015882127824,0.19177112788420075,0.3171080333457276,0.054495782191196364,0.04499969444249449,0.37762665670371653,0,250
1.0722396698669232,0.7734673505797611,0.13174732331544384,0.43710041334605515,0.28758107845572073,0.05718458160854956,0.058790548034832885,0.4825555039883786,0,250
1.1722877716772027,0.7993629838664924,0.0543743034046338,0.8664261334680887,0.28469038477058317,0.04562136374095867,0.040826088972562145,0.5932716044257343,0,250
1.0312046088948654,0.8189968012890141,0.06527877680597641,0.9999756165211537,0.13986867819439333,0.029824240161506817,0.03794674898294821,0.005179850547518832,0,250
1.2271982732783566,0.7825918663269154,0.1039384235422935,0.6673157298120453,0.2908946684638241,0.04936353905596768,0.04420860666016291,0.5089674953416897,0,250
1.428678650323759,0.6685976385218284,0.11326334369463469,0.05166378371826452,0.30626346883793015,0.06704145445167664,0.06401326096041124,0.28977066704035037,0,250
0.9549877742748901,0.8207420308560361,0.07041188537954486,0.7796564183969942,0.21797700342255044,0.03954436337862513,0.03609880442453186,0.5171523443971608,0,250
1.2301507682822512,0.7589517343463797,0.08141424027895043,0.8163385504801423,0.3165894180704407,0.05724995654671938,0.061288219418706776,0.5564322458537126,0,250
1.2288351419886896,0.7818121790602645,0.07949247265897537,0.49555802396366655,0.28866211640592326,0.04947748919834943,0.04026296815614563,0.4774022430536775,0,250
0.8314966234118811,0.8284988543449905,0.1326029577613063,0.9996541517671075,0.12011650993565837,0.032120855010915425,0.04093523749751691,0.014091495154852337,0,250
1.1226190160806535,0.776370429503583,0.036474969936380615,0.6150527138284682,0.26406851905698514,0.0487688888578227,0.04173583535763755,0.5077065734811276,0,250
1.1669471846167923,0.7713316116258335,0.13836264247455088,0.43896386207918114,0.30425225240585596,0.056596780887723734,0.05532746308197531,0.4769702099168189,0,250
1.2481413260175465,0.7829136804286474,0.0765780021414211,0.9999922471660002,0.16380808079095233,0.034532444556927173,0.04460778007442712,0.002749228855405348,0,250
0.7339395281947648,0.8577985759876892,0.18916159326439083,0.9510702057688049,0.23664928172060273,0.04399417470233148,0.047349247382777335,0.8208004519119446,0,250
1.237945026390833,0.7700881689200603,0.11207627421094732,0.7271319278317433,0.304353510513348,0.05188700785625035,0.051738947348226504,0.5413677182861016,0,250
1.3595380291759818,0.7366414840485831,4.888152089105648e-16,0.5921346184458013,0.2576261526327498,0.04377768663015752,NA,0.45479776934909966,0,250
1.041816369441066,0.7857971855550191,0.03699550363839811,0.9999881397477377,0.1337062031150827,0.0331515082636685,0.041950598959325625,0.00303508061838055,0,250
1.3545382876727843,0.7688348828098509,0.050261012655802295,0.5937225826014314,0.31979638253042164,0.05197185565037167,0.04668233987311748,0.48800294081451673,0,250
0.9329985326044888,0.8324336234713489,0.191296921591192,0.4569857284151707,0.2997152561134835,0.051119086446356495,0.050439700067316094,0.6072548192981566,0,250
1.3484829527531983,0.7387588458069064,0.0348949542145289,0.7779975099133855,0.2997848490588308,0.05446446698518842,0.0583467619215677,0.48725910905497716,0,250
0.926869912806151,0.7766059599516008,0.0651729623067924,0.9999941438174629,0.12480920302782814,0.03630738348475485,0.04751652042278423,0.003761002622790342,0,250
1.3543696494735344,0.8025830775212319,0.10625794056569952,0.7158707761958057,0.33364002980154367,0.04679097715706714,0.0407823835568549,0.5579524720801934,0,250
1.0701826280249962,0.7864670186087253,0.0888716481182508,0.9619302557404759,0.18334446187175768,0.03830004990221273,0.042032556981885405,0.33112547874366116,0,250
0.9837390534408638,0.7908277927423047,0.15859481842338713,0.54003902780467,0.2811306327740079,0.05529726492176466,0.05386491524105273,0.5547917257391137,0,250
1.4004910742272065,0.6910979800679996,2.407784777072414e-7,0.33770154237884586,0.23863708647349285,0.0463538201721919,1.0245642863163223e-4,0.3565991663525957,0,250
1.5175158690396848,0.7435732621694933,0.026017055539801662,0.19771552133371367,0.3379059896089133,0.05514614472284914,0.04833169439101223,0.34200115922799124,0,250
0.8537044392612447,0.8669301271351713,0.15671561937501047,0.9999989540538311,0.13854002234130836,0.02798326590180814,0.04102512044099856,7.221213533196367e-4,0,250
1.3158765295057087,0.7428445442577016,0.06597788358943717,0.4426682314017832,0.29980407478460697,0.05514901716945352,0.052340276298393905,0.42679043843290715,0,250
1.1373757647269889,0.7976968522397909,0.14116111182758084,0.2231967031227957,0.3106705803461174,0.05269675944881252,0.0466135305590558,0.45602977690616403,0,250
1.3640439724933282,0.7572677303566091,0.05514646735549134,0.7489737987228514,0.3145940818674615,0.05280910178851597,0.049731452335159916,0.5109392219766528,0,250
1.1176570652462763,0.7783512447092156,0.09872113085326718,0.7600795037416059,0.2764337845975285,0.05074020861306126,0.04635256043401623,0.5636181815683369,0,250
0.8448187457162425,0.7868814392556391,0.011627717828208822,0.9984265102707776,0.10572168160113687,0.032845686368969486,0.037983133894169185,0.0579607247257736,0,250
0.9179115735570071,0.8101007291459534,0.026569048596858907,0.9999809472662369,0.11915004624611926,0.03060736800528802,0.03657311227707277,0.00461109771116043,0,250
0.8853101241958747,0.8504392962799251,0.07825070390190442,0.9999949933584681,0.131877854863646,0.02712604622798087,0.037240727126533514,0.002272293407253693,0,250
0.8950832325427324,0.8376891280413703,0.08545816897305691,0.9999518902325065,0.1420953884176337,0.030920649705834396,0.043217098734213685,0.011468190250316014,0,250
1.1539827264009639,0.716738547481864,0.16115506320002626,2.742057256003432e-5,0.2338143824416938,0.06082164150909247,0.06998320566837538,0.0063267713650771084,0,250
1.2053735977714806,0.7641126086288227,0.09318753836796281,0.815186564658558,0.30805440542537504,0.05658999365717462,0.06398993266480209,0.5507088229212417,0,250
0.8484080772069804,0.8003693914517745,0.1293402168827701,0.2958138019830447,0.23060890553599364,0.05051321466751546,0.045877725163719386,0.4877371832399931,0,250
1.3309453140557328,0.7439805557961521,0.07932253551677806,0.9999376064583854,0.18733420333553918,0.04111133250321744,0.0602649425833931,0.028858611654510886,0,250
1.1744688416688915,0.7600037616906379,0.13611393970966243,0.16184642270708144,0.29810807235983067,0.05833967348366719,0.05352909065866225,0.3929192048894224,0,250
0.8631193203013403,0.822120980460121,0.12036784944048283,0.9999966505963378,0.13192460210400644,0.031951120665282946,0.04785891912791683,0.0029193840843081582,0,250
1.4916573190493203,0.745459898114704,0.0653870305104324,0.5886520349645173,0.3442402819278172,0.055496476306235554,0.055553848548345885,0.4599691503704791,0,250
1.3014744898172634,0.7734422891486721,0.09730422524335776,0.4678330688866317,0.3228570147383344,0.05318217229243789,0.049371268192157376,0.47268448860554463,0,250
1.0603424934233865,0.8147365967050044,0.11142667503352485,0.999995745226639,0.15465631665050406,0.033527843470934016,0.04420357646609054,0.0029678929228388975,0,250
0.8375633658816232,0.8373135536817673,0.14947265308766916,0.590670852439951,0.24519198366082687,0.0452705974243214,0.040392144599917135,0.6350173485861277,0,250
0.941242834902218,0.8126728004032285,0.06727485798392518,0.5158402971481253,0.25409353886226393,0.045713921226137565,0.040100817127366295,0.5577313210596222,0,250
1.2012037645874665,0.7164689589056186,0.06644139386190896,0.6237698537316493,0.26232107950909933,0.05581200827279769,0.05145900184774693,0.45903351403948,0,250
0.9220866212427369,0.7747608475973771,0.06765241377177905,0.9999553591483931,0.13771069735952887,0.03961159889440467,0.05881203290170133,0.0062459511985837445,0,250
1.090962044354672,0.8018445865091579,0.0703903877483698,0.9999958289855723,0.15125823285238207,0.032899165403768874,0.04404939550431574,0.0020775971901806664,0,250
0.6854912684451121,0.8805204028294696,0.149760600373699,0.9999610015004065,0.1453555695829653,0.03257630981030358,0.0486106466754051,0.007333090257745557,0,250
1.4119986930147483,0.7501430645644143,0.08546883221531879,0.28178515410359045,0.3436625370982588,0.05792951908815538,0.05630894405001578,0.39883882729460984,0,250
1.2676448591109577,0.748634558023462,0.04819545277500027,0.5684978682989058,0.27342460242153876,0.0512875173393482,0.04483644276165297,0.45184857834107817,0,250
1.1697108856816467,0.7783845404861356,0.11969691196572028,0.21207501158317577,0.2944462472615871,0.053461341297798455,0.04664786325913314,0.4188628172284915,0,250
1.1428798865806307,0.8007375614905943,0.10018883559611375,0.2480685381080236,0.3042928900656622,0.050727186791322605,0.04451407341425059,0.4558621646549215,0,250
1.4748151147172057,0.7151561266132829,0.037906919622897564,0.5887499888400427,0.30752282642906875,0.05529726656500752,0.053968790272869833,0.4252654036234215,0,250
1.4456515134685615,0.7196102723799686,0.04085079402451823,0.7318536503129001,0.30581931310586424,0.05407315274460301,0.05026667307706962,0.470154154080548,0,250
0.7762597432980071,0.8528329229952157,0.0992512568136026,0.9999972544383628,0.12181924694166008,0.02910336607727537,0.039438235326639356,0.0024193031650347877,0,250
0.9373729578327201,0.8053208640121258,0.05586297089451995,0.8890363686159131,0.27374426481856484,0.049942424240996326,0.04354267690029453,0.7376117586881438,0,250
1.7946421957195693,0.707572770839193,0.06468260074647278,0.2912242908409461,0.37246250968413297,0.057615140581424265,0.05167751778737863,0.35375786383463204,0,250
1.0123364790741471,0.825809021766539,0.07008581308900437,0.933104892136596,0.2688152995310302,0.04150294226476688,0.03700420571417433,0.6779670729161786,0,250
1.1662667315964894,0.7919664379968454,0.11314159900599682,0.5802602937964099,0.3060492330037352,0.05237255926259941,0.04937450257469378,0.5289933056925583,0,250
0.9975823283131979,0.7626115754512046,0.13263293294661077,0.35814374907108193,0.24928360901991653,0.055733938430267124,0.05048095913435079,0.4500100209900082,0,250
1.2358684322141704,0.7764168818810968,0.08289846739057766,0.2831542409302718,0.32028100744737015,0.055443433497107605,0.05350666503766484,0.4291972281169546,0,250
0.8682244622374056,0.8279627987461835,0.20038554458372465,0.5599917930665081,0.2678704321910086,0.05114356907472922,0.051095040373885174,0.6207572798895564,0,250
1.1496386287951603,0.7644876958729886,0.06362544576420796,0.9997542690401615,0.16205863356328845,0.038806945398090334,0.05417684451959302,0.04740077103392512,0,250
1.242681098089761,0.750002135441924,0.12562324704450178,0.4813015710759749,0.31876281496877007,0.061861826752887754,0.06808870764366333,0.4522843741720295,0,250
0.6807042430470504,0.8508793238658988,0.22949011198245467,0.9878313317331643,0.21762945627163388,0.05015533410095733,0.06021883529215789,0.7025221050753268,0,250
1.0142655460000054,0.7847116002440491,0.005331952723640505,0.5606959460615867,0.240890557558568,0.046312344519656434,0.037433213342239466,0.5055487630431601,0,250
1.2367188580856054,0.7574324649268832,0.12912034095984282,0.53958719798029,0.3241012990636192,0.059166343854172104,0.06460395879166451,0.4872323306231059,0,250
1.0661500311259962,0.7800833611641844,0.07609806429315306,0.664180059260543,0.270439886674589,0.051322152519766635,0.05156418077275863,0.536375702505018,0,250
1.1489422090581654,0.792543440464688,0.03252686989621431,0.7440336343855467,0.28783997481858603,0.04703851519525457,0.0410884195671644,0.570195552987881,0,250
0.9897216801277341,0.8173670828581125,0.1165613719935119,0.6298908920433605,0.27127569219708003,0.045860663763406306,0.04243895979646398,0.5998581202970894,0,250
0.9623807608420907,0.8250462745929786,0.19240691746343083,0.9994696619399519,0.1603159233769467,0.036129063019654045,0.0496434208548931,0.04214646769553085,0,250
1.2349921055007023,0.7534216602091601,0.06130661663276693,0.81388472721935,0.2824159608476144,0.05154241955054831,0.046580317063570124,0.5372909293666245,0,250
1.2159208680540552,0.7619848811295913,0.06330421630502057,0.8643700904099212,0.28155211780485456,0.05168185496364059,0.05081982209920605,0.5439360925263903,0,250
1.0551129155929093,0.7875143511956201,0.1939692047878044,6.532033613956955e-5,0.23212723145117098,0.05045063275861721,0.05676436854901006,0.010684246445541648,0,250
0.7129469927662145,0.8440364659766832,0.10333092142702022,0.9603498443009063,0.20267761315986724,0.03905123950097554,0.03962891245653827,0.7292724976619199,0,250
1.0981239347310194,0.7637794699729354,1.475988902544208e-5,0.6982246175866641,0.2222496353361847,0.041275859753284655,0.0016260732979055945,0.5137606178410877,0,250
0.991984580957191,0.8020756281078064,0.0767867564150125,0.999652345171736,0.1356767351819178,0.03309497680206123,0.04107848850631691,0.045099307838537744,0,250
1.1557731447877913,0.7625968736944981,0.0709397558722449,0.7492041472987009,0.2833524249677211,0.05203781784835279,0.04347504207322071,0.5742569822047189,0,250
1.1612740065736724,0.7824708665050131,0.06903642687807623,0.7928009262773268,0.27560000093540693,0.04849467362268588,0.0432429907354576,0.5573575880176813,0,250
1.0820230551651393,0.7727471581073573,0.08358288682819563,0.7584258073100262,0.26816879562452484,0.051356598957449526,0.05163957943922126,0.5496484028316446,0,250
1.190698782286334,0.7496622958383812,0.059084667092426234,0.8870484423274808,0.2972571864187794,0.05568203262031013,0.050350270579452565,0.6222293814700179,0,250
1.076269737253329,0.803286180632801,0.12764665774455217,0.7101796228545437,0.2752216090519451,0.04784991667482906,0.044899655402699606,0.5626945307756623,0,250
1.1880478040338958,0.7417824766343867,0.0822337399774684,0.5809331707431149,0.26924106732032427,0.05397817051884383,0.04900046972250477,0.46847233562162216,0,250
0.9970755133941895,0.8348077091556557,0.13599101987994427,0.9999881973400405,0.1558267340508647,0.032211155883064904,0.04533686674682755,0.0029816871549295993,0,250
0.9629623440767231,0.8295108897435327,0.2079206329678782,0.9994519720391799,0.17407030521840072,0.039193399098040115,0.05387372662391992,0.025197264969599144,0,250
1.0762723262940777,0.7882058465281743,0.08377721274098526,0.15659830893828436,0.27979634531146436,0.0521065138693977,0.04485235389535637,0.4188472864307387,0,250
1.244722718817279,0.7979779623503515,0.08358801918805585,0.6301624100194253,0.30799108837486017,0.04847448758632535,0.040974237292176516,0.533206621369776,0,250
1.0786402470929133,0.8196876317664654,0.09151661129167275,0.9996456244312459,0.17616333669070053,0.03488486327693749,0.050835823872624135,0.03813416020270015,0,250
0.8948220497755216,0.8002149246571153,0.08404175824050399,0.9999971579195721,0.13241794689186248,0.036428832050664016,0.0509184619944006,0.0016198299677845805,0,250
1.0754959519278209,0.7850649315753884,0.12033022381044957,0.8216178624883024,0.2785016294949246,0.051260239466041045,0.050027898932227775,0.5968795284760345,0,250
1.0078196697196193,0.7710463391993074,0.1210277614314779,0.493807434087889,0.25384318118782534,0.05403275034321606,0.049335187470966595,0.4934367629412249,0,250
0.7543795884095198,0.8706130086768623,0.0961971034481909,0.9999317120718799,0.12541137883450443,0.02738417975029027,0.03789686402649548,0.01082039419648097,0,250
1.0195746593580477,0.7962949016976147,0.10311005724624167,0.9919250781250151,0.30578322561564014,0.054953093563697875,0.05061420581957521,0.7846994518325996,0,250
1.3385549189106078,0.7245140262648069,0.05932908018064911,0.2631493631205477,0.284943279665101,0.053925659523312124,0.04617151609333475,0.3724006904771759,0,250
1.0496466440018017,0.7793575090480462,0.03099128567641455,0.6647232233753103,0.27072321570479013,0.052102448761364537,0.05365429759760792,0.5342267524803369,0,250
0.7683680951773056,0.8283407020688751,0.1344326545607981,0.9996901174128155,0.12961452358460768,0.03578577614085937,0.05200904439096208,0.022036475297148698,0,250
0.9999408343335264,0.8043399339527301,0.03194852313005914,0.9971097262972092,0.15789679042877447,0.0336964404489578,0.03766329045232594,0.27529855903279993,0,250
1.0147574314295218,0.7899231025101191,0.0842576362026607,0.9999868721948393,0.15182711399523105,0.03638902820784707,0.052923301606770674,0.008746553599841214,0,250
1.1035820773235447,0.8153492763840448,0.017508999249579917,0.9999904279942108,0.12894185435707364,0.026980097803218275,0.03181732547815425,0.0014506921215785716,0,250
1.1938693443704844,0.7632650474529631,0.13138735252927727,0.380098021946306,0.29749370189753815,0.054963048189354505,0.05133573138390723,0.4523197689388632,0,250
0.7970724327810097,0.8289970925901355,0.1637862531198921,0.9075728822679834,0.24039475205954575,0.04876048002370398,0.054386565288469815,0.7148841647180614,0,250
1.1117827581018236,0.7550705099946494,0.10019983404886788,0.7764560448434082,0.2684499531886639,0.053649332287691726,0.05694150639900569,0.5350908724160177,0,250
1.0723043528284155,0.8071437206426662,0.12099523825382118,0.5762679976546813,0.2941057733243368,0.049695873775210314,0.04562935717371562,0.5657188815441302,0,250
1.3750024969882788,0.7303476546757788,0.09968028374925576,0.42543076159945614,0.3085351909552074,0.0557959761434574,0.05122245443198449,0.41893520943395884,0,250
1.134994537535026,0.776933731696142,0.047096230341604706,0.9999794502496001,0.13939484119612,0.032722827727217275,0.04015341871586004,0.004744030692890505,0,250
1.155034910333453,0.7788915464713465,0.07895226986008924,0.6097931380236834,0.29141455198094046,0.05231962886664917,0.051504704185169496,0.5155009998381636,0,250
1.3708218676233777,0.7693698162787002,0.05166855520102836,0.8172438657779384,0.3093254521971254,0.04840904512538295,0.042419287374725945,0.5380024017037703,0,250
1.028936396839665,0.8144950260409536,0.15671485546178085,0.6797240125614668,0.2927520513223135,0.04986115885953482,0.04909985532140261,0.6116539521048213,0,250
1.2628817030509825,0.7135196344616778,0.044505363580714684,0.9999863837755752,0.16365561712615928,0.04291150890157927,0.06254568598779911,0.004637989269541274,0,250
1.6424964745210762,0.6773387617573416,0.011276677984398978,0.23101841920942726,0.33100375328640463,0.0612035321803114,0.06141277164193979,0.3201483082943152,0,250
0.8316039521719443,0.8420775604430869,0.1486394763365064,0.6688788629723457,0.25957110365162234,0.04690722126209744,0.048854303873668604,0.6689715372440089,0,250
0.880532986274736,0.8333041023012446,0.1408209543558148,0.8519240544548377,0.2570683070866166,0.04573522386378896,0.043402129865666154,0.7045113618662394,0,250
0.8491566412278903,0.8463441174581419,0.21493975081522113,0.900213255279419,0.20701845232658603,0.039789907943251705,0.05125740391869741,0.4739104536713264,0,250
1.087364793266323,0.8114160997703136,0.11864577643056799,0.9999950910327594,0.15612243418180324,0.033724422345337936,0.04454155052544037,0.002183663146451691,0,250
1.595059259219947,0.7258763865337983,0.005122535759507588,0.7712561427264445,0.3353732693967998,0.052631042011558146,0.05072456852173218,0.47656856327279895,0,250
0.5399124522330133,0.8661925497595847,0.2210139137929815,0.7538475817555801,0.18505844775755836,0.044738439454032906,0.047071561667576686,0.8103564132876978,0,250
1.3413637462850256,0.724454800656212,1.5967201633192511e-7,0.7404746453779694,0.2453561413858493,0.04431688590812518,7.153088106928085e-5,0.4694223706702635,0,250
1.834983451132276,0.643347019013511,0.047542334717995745,7.937744567525384e-6,0.2794943471528024,0.05607235535397194,0.06396091987898765,0.0021242902260511947,0,250
0.8842642007975801,0.802268504551646,0.16961920375239886,0.8540470941091004,0.24633914714644273,0.05332299599715188,0.05938023960481095,0.610012413447741,0,250
0.7416348144986281,0.8506572521467972,0.08153701460397715,0.9999712448281411,0.11062285060992229,0.028187545964272323,0.03584640642502647,0.008771800669246377,0,250
0.873399805942485,0.839096066822172,0.09913605310380182,0.9998483614404794,0.12979884743097223,0.029497087616146583,0.0382305914967953,0.029066182646186975,0,250
0.854359453709512,0.8196797268618459,0.18007458906358123,0.2204465975629667,0.2513672528442579,0.052639128676850236,0.04569608667864548,0.49710122187336103,0,250
0.9302261703501653,0.7950467369393551,0.08135625186457533,0.999950800723465,0.12530511048770995,0.03297019093306866,0.04340763878736573,0.008900255713067906,0,250
1.5651008830429995,0.6704211990768101,0.0022014383914303014,0.5033230320249177,0.25727273755119395,0.04881645331774032,0.01912156219570981,0.3688823686707272,0,250
1.6409306017155978,0.708120250469151,0.06517177213998807,8.479640476260589e-6,0.2951682510102577,0.054198143835454266,0.062057838605161834,0.0023318611072213453,0,250
1.2849149982217563,0.7641786613066194,0.054452612859155466,0.8039443336233656,0.3133952370007365,0.053796926881546255,0.05751994308297106,0.5353180498710322,0,250
1.0859375110770808,0.7614896227879963,0.07793522044461094,0.6295487675887969,0.2673432750622862,0.053914622408955566,0.05524323511517395,0.5070104066852419,0,250
1.0282703730053195,0.758627545188218,0.03405327448399629,0.9193726000208127,0.23494856539175463,0.04920165448382891,0.04755308907810285,0.5596482349089986,0,250
1.071000326669229,0.7703518515298432,0.08585213399660624,0.9803622541334136,0.26792605843628975,0.0543301603947761,0.05298098007798586,0.6061893523652376,0,250
0.7581584766427905,0.8125814526664842,0.1267675393858956,0.5254780360943848,0.20886684319870694,0.0482161302954359,0.04387656526527203,0.5729592431979408,0,250
1.3834873624722024,0.7514171067635366,0.04351926468619717,0.887336464745424,0.31556946311202955,0.05127806496532364,0.05060633760233989,0.5442305563815997,0,250
1.3109604020653964,0.7880085656435133,0.11246649134871589,0.9999779436864371,0.18874717283153974,0.03542765161255404,0.04966391061060697,0.008847132420643394,0,250
0.9008243551250249,0.8078782317166212,0.07340232639124633,0.9999954608443067,0.1233346107156243,0.03378413163548253,0.043385772469365036,0.0014048565729567176,0,250
1.1843565104817175,0.7024230772063429,0.08285639767044875,0.40444051133519643,0.25497751956060927,0.058613557795060854,0.05748631034655274,0.39310880770300516,0,250
1.1101698497577897,0.7786976782093483,0.0729970420811666,0.9975839365652177,0.16141947287562852,0.03799404110926123,0.05447978198570758,0.04875942363212202,0,250
1.5322781346184915,0.7060530306278131,0.026756643156204893,0.29322191448644624,0.3314892160862616,0.05974887816668457,0.0597907397225402,0.35706954562381965,0,250
0.9716662254590754,0.7880001227933895,0.11454041690295662,0.467007301344504,0.26049966402116437,0.05270811976652302,0.0469538333845351,0.5184805975359875,0,250
1.1216671349035952,0.7480222693277917,0.04871423326541906,0.6636996996968797,0.26198028249201727,0.054586007569540775,0.05805425816715394,0.4865417726433365,0,250
1.43531162932293,0.7317062709891771,0.13759116853512035,0.3203818289635079,0.34856854162353346,0.061146972688679635,0.060728071994972814,0.4022186355243934,0,250
1.2131625948889664,0.7945746842772332,0.12795524323959523,0.02608120054657982,0.24751608490441804,0.043762812127907585,0.04399777215640819,0.15239556104633895,0,250
1.1241395304719513,0.758068299289487,0.025875972410531297,0.8967426997328507,0.2642781249656103,0.05252815011564679,0.058159016433261955,0.5311161714043077,0,250
1.085186410448594,0.7759409552934141,0.07980966327189969,0.5492653225456436,0.2757701251469341,0.05274813288861234,0.049289682693764936,0.5076588510678811,0,250
1.6893749448458417,0.6690571853162044,0.07939178286216597,5.094016716664693e-4,0.29219797741213865,0.05740459881142052,0.06142048451271792,0.15118870013676375,0,250
0.9794060459436029,0.7641667021734788,0.09698289712140144,0.598500916018783,0.2542490005161861,0.056170722996703004,0.056604761411260356,0.5203061670956134,0,250
0.9609584910815364,0.8009455277592585,0.008292308242921391,0.7018736263467136,0.2325522787975759,0.04494435160152726,0.03861089916223397,0.5380373950028732,0,250
1.3349709223756683,0.7509946816662222,0.04135801088842534,0.8838627512105199,0.30394517086194056,0.052256234255000325,0.05156725593746164,0.5393811999183201,0,250
1.301453070037812,0.71200007116445585,0.07936460867593821,0.6072694529005134,0.2984374703839046,0.06139157077650582,0.067655274210809,0.44518836005596085,0,250
0.9442803202580892,0.8002416142969235,0.0800393719932603,0.6890335412428039,0.24794644202569033,0.047752598083390795,0.04284674206554348,0.583936825186899,0,250
1.0752024665352775,0.7623883575939732,0.04547774677876072,0.9999724059422185,0.151294606988222,0.03904327954764358,0.05533044465880688,0.010597694507393564,0,250
1.0175891399142367,0.7943776845469419,0.1105246182798459,0.8936176822045353,0.26480494504998175,0.049546291635435835,0.048796685339017785,0.6221825029068723,0,250
0.7247898975814485,0.8453319867043773,0.13314724985164392,0.9999743920204557,0.12088002111178732,0.03335828806534969,0.04742028792753039,0.0039190398055471455,0,250
1.1422577367768774,0.7725561781505867,0.044651346155480935,0.5157297969679765,0.2753615513527407,0.05102124383893517,0.04687570849233248,0.4803418125677654,0,250
0.799316089185383,0.8228992729092417,0.16950993698215205,0.9226882488760156,0.2436165882143721,0.04880346340013962,0.05239783574614734,0.7460038995223862,0,250
1.5139933486192287,0.7132899429708365,0.09560840363844822,0.18426036872275872,0.3297114293852099,0.05957193821783367,0.052572117964100405,0.3442414970216277,0,250
1.409921121810549,0.7547363977630407,0.1388680818112787,0.27857114981610576,0.3527676513053443,0.05887031777795444,0.056062597065357135,0.4092429905915827,0,250
1.623728881975529,0.670133515160887,0.08333315535468205,0.25229730119680094,0.34300349285906734,0.06637834724485708,0.06936237985894841,0.32606547922376333,0,250
0.8612892792524937,0.8124678296202789,0.15214689303266787,0.9220960846905497,0.2474804198208985,0.04676655450648954,0.05214715199631041,0.7069600204355667,0,250
1.2204910099543034,0.7889840372126774,0.05249203388361015,0.7530451158395934,0.25150732832663975,0.04194886315406788,0.03950478651332758,0.44557756009304794,0,250
1.59934115295324,0.6807590005770716,0.00120874975009012,1.9535664398964505e-4,0.17283079541415444,0.037290063223659055,0.025682823890022924,0.009451806283619937,0,250
1.4951913910085552,0.7386102920578312,0.10796038421721554,1.1080635187492167e-5,0.2551751051432053,0.04745713745353575,0.0500068802939577,0.004126146250411858,0,250
1.6385088974033506,0.7250569365492954,0.11236276976037386,3.3571963368444856e-6,0.2733870779937889,0.048642481239634404,0.051219490199127256,0.003043592540481728,0,250
1.2388860542084632,0.7935001496121663,0.09848335665772771,0.61782772238941,0.32788100058499614,0.052111893734843796,0.052498203819277424,0.5360795786148573,0,250
1.0231159421912135,0.7693275957843686,0.1154445053712553,0.11548116513914164,0.25667144739894304,0.054553966626813596,0.04622388061590063,0.39126887128598675,0,250
1.1564687219095495,0.7721744971175396,0.049760530913502105,0.9999815471085438,0.15267287257787765,0.03529705028268147,0.047448433433605254,0.005225789599353183,0,250
1.0265651418078925,0.7899744933599433,0.0580725481524493,0.9999809431324823,0.1468140116074567,0.03595058119229504,0.05090174589929537,0.0033833626588450597,0,250
0.7524511862531958,0.8471190672490705,0.15352361918508878,0.9999702721924364,0.12401497207249286,0.031943958872054326,0.043793316530310454,0.01326818710678073,0,250
1.020714844420408,0.8257710616830913,0.09420235193227554,0.9999887106189432,0.1459012604044702,0.03087751048057702,0.039112874637769024,0.006541890491781321,0,250
1.0187786679088224,0.7902266449986434,0.14410309772897598,0.5265130224359945,0.2850464318557868,0.055919657530074704,0.05884943919333333,0.5287882515873044,0,250
1.1135295708419197,0.7770713414891041,0.06004048527749404,0.9999979943435432,0.14719239707043769,0.034627730694482495,0.04662545902989973,0.0023191844175328366,0,250
0.9075694767109735,0.8129969588981347,0.031509259990082056,0.7203005577867471,0.24217899041210175,0.04570841091202785,0.041033550939801745,0.6008835570271777,0,250
1.0966574893895422,0.7604476957625159,0.07170501035350518,0.6888594751366336,0.2679394601522555,0.05536199746878068,0.05621859548663622,0.5130630879369276,0,250
1.1081410744559164,0.7327196239583725,0.1000559651741581,0.9998101009156282,0.15125408797076742,0.04305868031992718,0.060286983559193145,0.022532653885777666,0,250
0.8771681842258656,0.830333197241086,0.13246923974323496,0.7935667487222462,0.25581021043439683,0.04793931585165516,0.05016001808148675,0.6588359532666852,0,250
1.4442830548879728,0.7176925710334734,0.052970635957062175,3.24062188627906e-5,0.22347337886847957,0.046174066050197006,0.04788891672072462,0.005457622694970869,0,250
1.0379864469077231,0.7731220978373148,0.15908234036559674,0.7272190776770968,0.2774760059995032,0.05603045051203993,0.061722000259356924,0.5659959612615733,0,250
1.0967949578029743,0.7895415932066111,0.02474294727025472,0.9999904139831004,0.14519152240279523,0.033940765703381066,0.044283145971221675,0.0024622443451746594,0,250
1.1349685628913186,0.7630845079891091,0.052814915560404026,0.9998710577456539,0.14530295840925467,0.03625860291406762,0.04672595941396317,0.014489182902565094,0,250
0.8160271619948185,0.8359741423393738,0.0900431923399753,0.7342325741894121,0.2294285780213779,0.042858424306477995,0.040608959331527084,0.6391733139680601,0,250
2.1169224106059756,0.566369716958099,0.05598185795717368,1.859800019655297e-5,0.3162047409097831,0.06662092434486262,0.08903562272674252,0.01441966153108692,0,250
1.3259881458262008,0.7553483782485335,0.084222278010046,0.46038243973158643,0.3070384563834049,0.05325709360916809,0.046905806390660616,0.4484621665444129,0,250
1.3697656561103777,0.7583519773893566,0.09011312758670982,0.025152385292773995,0.3581812655067287,0.059367484052198535,0.04810359602779557,0.39695667878471635,0,250
1.276881258115034,0.7084572408448285,0.09190752012378432,6.138934510157203e-5,0.2039844609783517,0.05037967067552782,0.05242067151905984,0.01876234990329285,0,250
1.6658555712253968,0.7068528831858809,0.10757898274180631,1.876547571451887e-5,0.2753245364516883,0.051259717404819674,0.05498538428747625,0.004555247255730837,0,250
0.9878887198499117,0.836001368020724,0.09064357929360824,0.9999818089883069,0.13921663606823156,0.02907819065861937,0.036872842274750094,0.003855499545378149,0,250
1.3782931033078731,0.7224489572201876,0.10728795006278534,0.14501538629232816,0.3151668507386382,0.06052239686281841,0.05555342788011066,0.34510151191579636,0,250
1.0435684784657593,0.8053980664973552,0.09238023254412643,0.999995891700242,0.1483780033092206,0.03375961696399641,0.045947839140041254,0.001704863715726234,0,250
0.6970714587635594,0.8686252541342913,0.1898537346245405,0.9999856824692726,0.1202773780474618,0.02953798836313845,0.04195400472734711,0.004767783194870669,0,250
1.1375367739372275,0.7935692186587838,0.14080967526392887,0.8112208235409131,0.2902435494411857,0.05048978613850342,0.04617297323280428,0.5945916937359254,0,250
1.1662509759278221,0.7590123427180259,0.018549596995999635,0.6123289135150133,0.2664515341415903,0.05084689178438478,0.04776431544681844,0.4788659087736111,0,250
0.9762050931278122,0.799594662964909,0.14885894422666227,0.9999756799318185,0.1447955128509825,0.03625154086440644,0.0494008450460545,0.004935813914526009,0,250
1.0372876968752796,0.7852642390018583,0.15200945357192197,0.7334241551658776,0.27200579071367054,0.05282192465151805,0.05065772622255803,0.5792209133586549,0,250
1.031258692469254,0.779633334604049,0.09025360040388475,0.9999846089443483,0.14786787846897836,0.0364525384331007,0.0541487804947394,0.006896378726762381,0,250
1.179157360394608,0.7670524730780718,7.596773848788476e-7,0.9785011673201213,0.24799196982076188,0.04215199520753513,3.3419580678815914e-4,0.6028921395041168,0,250
1.1898287331817567,0.7535236553449327,0.077192730080117,0.8128780758221142,0.2701552852634522,0.05106334377587489,0.05202413686927129,0.5148767669887224,0,250
0.9872401077973535,0.8206835343852127,0.16124677136659088,0.265014018338946,0.3052022958547122,0.05324716154887362,0.05269092265539102,0.5090277977099266,0,250
1.2154980124980244,0.760592878816827,0.08388741367388523,0.7456009208827025,0.291978724737008,0.05305711911118123,0.051468104709793315,0.5317246053306685,0,250
1.231122624785677,0.7672429224424622,0.06557533124081436,0.4795601160825314,0.28235153167734167,0.04923835614063861,0.04215799780398629,0.4632727977953593,0,250
1.141451448935215,0.784123471362949,0.06811640124138857,0.9791901645289124,0.3191705502691458,0.053874479779567205,0.049340793035740536,0.7107864997019652,0,250
0.9323711061827614,0.8143586891920664,0.19175532896555988,0.9941504362936195,0.15534124677998398,0.037898695663101264,0.05167840562656064,0.10451197744553137,0,250
1.455821168299391,0.7549406076886155,0.00668784190546603,0.9971030167297505,0.18774074239075791,0.03584773480284296,0.0493849816902194,0.049898283962003326,0,250
1.2145401479056306,0.7875164037919519,0.04720338591118191,0.9537126294026523,0.18396321555871187,0.036756761623459235,0.051722078773975805,0.1548992734069616,0,250
0.783092445624212,0.8659580634254147,0.1033426580513633,0.9999959642570513,0.11879912438619623,0.026385482279092702,0.034709522239702625,0.0018732162289246436,0,250
1.1683945796552238,0.7634881308619562,0.06156122392064382,0.9999300016488111,0.15061164882633632,0.03583123788986292,0.04678573875026811,0.015005265043672129,0,250
1.3613650814807636,0.7362701416489946,0.16994935771291295,0.5784170340055884,0.33714795535493414,0.06255359154013419,0.06700209907010844,0.4658386773616146,0,250
1.092971053956991,0.7654279063316535,0.0827927032274405,0.6925752268658346,0.2722293811014016,0.05338367312493996,0.05171506820801347,0.5344732594392008,0,250
1.2480762616431156,0.7360527218013126,0.06984244446298189,0.6292391510168287,0.28563961672160665,0.05473563689634543,0.053303363968958115,0.4760486544974521,0,250
0.9437297110912645,0.7559826861634116,0.14700385675212035,0.22159741350498743,0.24762927171167584,0.060387280765122224,0.05848163679395997,0.4160550940382889,0,250
0.8124963488646288,0.8278875306547712,0.09843010065553093,0.9999340067840481,0.11828830058367643,0.0312763566708265,0.04110634198459864,0.00815182036592346,0,250
1.2485911264654652,0.7809815066816522,0.09428169705105077,0.39389381014948727,0.3079055713223393,0.05178003358900728,0.044774325034046956,0.46148294452252386,0,250
1.3070166972440622,0.7394587438673362,0.10784070076915223,0.49425279190222526,0.3050812057042964,0.05786309193931692,0.05830216662997715,0.43958195660375216,0,250
1.2593330512129999,0.7535671114643258,0.05690612740220127,0.567197358591567,0.28184534473814776,0.05097012512605244,0.042784404537484076,0.47065320050294407,0,250
1.2265244684652543,0.7400622165360888,0.10948996969657063,0.5843320295228349,0.3247759770083946,0.06148989932583826,0.05285171394152197,0.5477199034031222,0,250
0.9635785171058048,0.7941388565501939,0.055622191719840064,0.6517592925653519,0.2529581285699179,0.04877114831444305,0.04413330432995568,0.5660266587897886,0,250
1.3335949904107909,0.7456881973678459,0.14363502474866463,0.17446178367754633,0.3187264145118129,0.05663150938667182,0.05267200680356132,0.3783804046335989,0,250
1.6277980699431747,0.6290953843984977,0.19034924047928728,7.835081911997712e-6,0.35116198692131056,0.08195740579252696,0.10608075448265032,0.003086145029228694,0,250
1.573034105541199,0.6528364443652893,0.0843194906942127,8.513613220294787e-6,0.25543108371279405,0.05854706684870494,0.06653852035402018,0.002067221237756271,0,250
0.7076734883312495,0.8331272095671599,0.15639358891150473,0.8623807127604334,0.17866959339258903,0.04144647125734678,0.048375178915225664,0.5339437901982151,0,250
1.451303233352952,0.7338068814458952,0.09064675369349241,0.4711656454317803,0.33501080924655685,0.057905013006134334,0.05761242630478082,0.42759957565101214,0,250
0.8730657573190437,0.7788447755345513,0.08354930315848899,0.9998349095367175,0.1341941794513116,0.04027913045172866,0.058783413929832655,0.037639926121792455,0,250
0.9936721787737511,0.8156524150647192,0.15360137334563995,0.958563923990613,0.25258817883754486,0.0448468327997356,0.04753849977977398,0.5990702100705653,0,250
1.0964456485973113,0.7654910542420856,0.09332579853391008,0.6133263803421818,0.4234245716860807,0.0786763003789401,0.06705132821113052,0.8034390131164163,0,250
0.9985147108651946,0.7898747675361054,0.04531322440412469,0.9998356289326072,0.1291981410453117,0.033267792463390705,0.03976215757263485,0.036074318626852134,0,250
1.4520379355732007,0.7210712544996527,0.07244256445742875,0.2126500652055172,0.3069964693668043,0.054654030282465,0.04547401287095579,0.35636128883938195,0,250
0.7037848536894477,0.8659331945620039,0.09036103006012415,0.9998097936058591,0.11521256396628307,0.027492534147255446,0.0368569337520962,0.05863420339798576,0,250
0.8741559876568208,0.7963025066608556,0.0859705762339441,0.9385017260558216,0.23056714737959477,0.04998061906649027,0.05366585043194717,0.638339502405931,0,250
0.9380127382793765,0.8050978033851661,0.10247001117291336,0.9983173519275049,0.16912438302356556,0.03670862769758148,0.04667446735114953,0.3277758907924112,0,250
0.894675836287378,0.8324198096323964,0.138280465074902,0.9393395680860298,0.3124812685991499,0.05145208297069348,0.045948523709815794,0.9068638809112436,0,250
1.3895015712815362,0.7128060871702699,0.0974766728179621,0.49645291681033277,0.3015220588499209,0.05816366508668333,0.05641556551258251,0.4130518441563309,0,250
0.9290264956457618,0.8147143559199754,0.12233607657850493,0.7119448394088328,0.22828359585445676,0.04385627608523333,0.0406161176470151,0.5446472829411418,0,250
1.2083928554443517,0.7681463290778027,0.057184126691462174,0.9997314236276398,0.15651873933123814,0.03509877267832607,0.04551921533086455,0.029875052348845563,0,250
1.4532425531720683,0.6967632458555977,0.08250187961644746,0.5797981858383074,0.32594809331609603,0.06455238137023939,0.07604133741685085,0.4159688971372106,0,250
1.0493909496404483,0.7958547800875494,0.05767602374760243,0.9157656211653218,0.27541616544346903,0.049783828990013115,0.053113729121893806,0.6179816262086969,0,250
1.2110111846017666,0.7574511699820635,0.11683566219666866,0.5522110333187239,0.27823261539894584,0.05232400021370018,0.04278574864497956,0.4789064725574149,0,250
0.9484159320228795,0.8238571333719543,0.13906770173316318,0.9193652520111252,0.279809166458982,0.04950283049836273,0.05534703570308337,0.6867485345941439,0,250
1.2582752286820185,0.7260056995169998,0.08295139086971279,0.29317159577276314,0.2809451765212018,0.057168743228294655,0.05077459266559744,0.3852546538188341,0,250
1.1201568897561285,0.7906718688294143,0.1395173834369614,0.43188788998953026,0.29261592896884775,0.05317300816398458,0.05178846452086111,0.4869646070429603,0,250
