tau,kappa1,kappa2,beta,tau_se,kappa1_se,kappa2_se,beta_se,convergence,length
1.938548934743711,0.3525479807019106,0.26109694676006867,0.2218932100844106,0.08653216911655974,0.00744584862440854,0.00597900210263081,0.15718824336831594,0,250
2.1979296036645657,0.25267190936740963,0.38794694175177463,0.29061526351124856,0.09871208043243816,0.00818375146004145,0.00673087772326537,0.16058210233185158,0,250
1.9757015571998673,0.6934736632132338,2.902731754392901e-6,0.49111183602576375,0.08873017091037666,0.00144426467152003,5.2658346820636154e-6,0.09897948577892024,0,250
2.0303726989825948,0.5919172879485035,0.02357831771901908,0.3915108795875192,0.09066189698953955,0.02969118246900844,0.02676148878255006,0.18205577893120328,0,250
2.046821936513983,0.46986973856273606,0.1894821070439914,0.5073451229072495,0.09213439351759324,0.02114759932895579,0.01859482636133439,0.13431614165882616,0,250
2.0946102036189047,0.35308131590191266,0.31602382555019576,0.22308873532278817,0.0937567760589714,0.0069662626953953,0.00564128929686744,0.145929864793138,0,250
1.994399145824118,0.5547794339686575,0.14125649537243576,0.46605925064657655,0.08976938580878546,0.0228305515759006,0.01997848125203297,0.14729596071347217,0,250
2.060725215386988,0.29174060436830507,0.3329859512889658,0.22820190558289544,0.09210917082535634,0.00672053921741252,0.00530637618853438,0.15122644762300455,0,250
1.956890453271669,0.2899114565420679,0.3898121319379436,0.14790913505906522,0.08774520400430719,0.00560498619879668,0.00438149027535322,0.1528130539584323,0,250
2.226590760945642,0.4701041998391291,0.15327883328015734,0.3986989713068197,0.09961743901478742,0.0173951711495554,0.01507963723677949,0.16221417022225812,0,250
2.052921786679352,0.37690857335056394,0.31995221154829934,0.4808122056637754,0.09236392693938648,0.01530608257967765,0.01371689058767494,0.10739084392600766,0,250
2.049459547937456,0.38372067209392147,0.3111878445741767,0.4728662816305,0.09225359307625967,0.01525514161641356,0.01353853780963727,0.11773646533566764,0,250
2.1299128223674466,0.3620385782704385,0.29047149767504526,0.34117165367132757,0.09542087984409035,0.01000559719060711,0.0083818014292369,0.14459863325779268,0,250
2.0189983768332547,0.6738218473183426,9.405729412328596e-6,0.66989287055161,0.09084882215738412,0.00402036201755865,2.7605923884514337e-5,0.1192346023296774,0,250
1.9697589841066407,0.39490513680019007,0.31699757684287816,0.3561719848193529,0.0885400452741329,0.00996431280030855,0.00871297122288635,0.11579983170719864,0,250
1.8586716051923908,0.5673337298123536,0.17326858319624364,0.29072810308815317,0.08360000700553166,0.01514540482524685,0.01289257294341834,0.16577319699680615,0,250
2.0108121737487754,0.378384991158484,0.2684551490976903,0.1333244857800996,0.08964097220405977,0.00612746878307409,0.00482536711924604,0.15609080160133174,0,250
1.9711844670699925,0.5692708998971476,0.13475831303951996,0.6135050669687104,0.08887626433836454,0.04117831047676715,0.03488514307957952,0.12366370176549982,0,250
2.0449612777221127,0.5018754841774019,0.16131528366829467,0.39035014136487545,0.0916987020568928,0.01554470060055608,0.01378808283931727,0.14042781310153227,0,250
2.337633837938204,0.3762771554817373,0.2528584113019328,0.3198501909472946,0.10466326721400306,0.01043684460056017,0.00855832486138657,0.16727294990031327,0,250
1.994573339538328,0.30139603976550416,0.3965239172432584,0.2854877102634706,0.08950241473603059,0.0081093092804631391,0.00683281835027411,0.11208883116566228,0,250
1.864551862048304,0.5046284686439403,0.1624876429440617,0.3695969146888601,0.08358901432738224,0.0157982997759735,0.01374280930044671,0.1538723654625036,0,250
2.0648197503632626,0.36063698662171145,0.3166563122867881,0.27005670114224545,0.09257507885745964,0.00785857621569197,0.00639980955633215,0.14930216356687043,0,250
1.8734527992130563,0.5471937086350717,0.1592124865879988,0.5682505193583434,0.08462837906297524,0.04285120950081604,0.03404979322593347,0.17877692615812005,0,250
2.075602272356427,0.3945161788318096,0.3077007136436858,0.5382999589047445,0.09381264654159614,0.02212567419906391,0.0186068710243983,0.1603732532328531,0,250
1.820622498169708,0.3981463085520953,0.3103088314227469,0.5575760403616772,0.08208842776076426,0.02256026255993212,0.01990506826700251,0.1256489747263339,0,250
2.119094972367071,0.5791092585805062,0.1099735160876901,0.4902738615240355,0.09534612742094478,0.02656981547187944,0.02332569950766251,0.14310464268410175,0,250
2.166161790973087,0.35495140515749196,0.2555962906861257,0.1211748047537392,0.09667226615072676,0.00771975607846821,0.00542847137878474,0.23184270918414487,0,250
2.108428098909138,0.3670019660557794,0.28300777414446476,0.32289516737744406,0.09466034380962486,0.01101968210286557,0.00857133580481504,0.20013140877511515,0,250
2.2016614790500384,0.4706582111124717,0.17269009726653986,0.5858386385320367,0.09908477439188536,0.03099624702759503,0.02697929755198887,0.13037772655178428,0,250
2.114184126196966,0.4210622574334118,0.27180589082356227,0.497942335604641,0.09518738208971744,0.01799709757210859,0.01579598242976667,0.12817831697139206,0,250
1.8837322149765303,0.3053131153241021,0.34312835346171006,0.15521452932301408,0.08437063269344726,0.00609672521378758,0.00445445363489183,0.19859149103013748,0,250
2.036694542710011,0.19522257964139697,0.4977898468983536,0.5407405302850242,0.09175971765163324,0.0205674728603478,0.01945272291962101,0.11623342618234717,0,250
2.264521482424993,0.5257882996558251,0.14678165749152217,0.3406001321780199,0.10160432249146666,0.02122724166099141,0.01767852881447209,0.2033273929448063,0,250
2.163323683558943,0.3349570029758327,0.3383386344167795,0.3352147819229013,0.09712705358804014,0.00945970117384061,0.00781390428083515,0.15587908135561773,0,250
2.0649076269408613,0.36820827618914054,0.24926733306643964,0.07413604611100504,0.09195290056378438,0.00719251630308607,0.00506074767802004,0.22474244221931575,0,250
1.8835248702969103,0.3679009221901005,0.2829851413462148,0.05102593372659914,0.08406045493780125,0.00603882825981398,0.00423986826187084,0.20822083087792856,0,250
1.940380315339028,0.7089130417074727,2.839616323528568e-6,0.47874005030360034,0.0874019852395572,0.00122072075352393,1.405869207653484e-6,0.0941330837594528,0,250
1.900115467890343,0.49798104670290977,0.1745802058741187,0.5226388932667675,0.085288167784647,0.0216337675518604,0.01921286311281957,0.11890341395774674,0,250
2.1432295568158315,0.3692919325889965,0.2872801248336792,0.345913142540703,0.09610147268422364,0.01016279396597641,0.0085530821908122,0.14405766225383504,0,250
2.0082976369142687,0.7006085984576608,1.6522459678812345e-6,0.5119106622934513,0.09041129878419892,0.00149003412933709,8.992526123317296e-7,0.10442621003743038,0,250
1.837864472026263,0.4352175342496101,0.21044013670937417,0.24901878405657804,0.0820308946553403,0.00956365049806112,0.00805322742916485,0.1569694828921076,0,250
2.0609547410206415,0.4119380839124566,0.28517262397452575,0.21690454240139653,0.09229592593958184,0.00717921187866018,0.00596076557481437,0.136593976039368,0,250
2.040005875073329,0.30033019092913793,0.3404387021329882,0.27756928527863933,0.09123537486741014,0.00763863124493551,0.00633710576445486,0.12351503211008816,0,250
2.0914167829000205,0.3330478981164174,0.289455128877158,0.30054551759255516,0.09368468353978655,0.00914885911664618,0.00728833830886638,0.17766986302129795,0,250
2.128922219936351,0.7043528482812268,2.2843022600589624e-6,0.6139946775860986,0.0959714927670387,0.00241309461224511,6.206368239070589e-7,0.11345384033550308,0,250
2.0027163602814744,0.25708769157513656,0.5015975293090955,0.6013167519539288,0.09051198626696616,0.02635872843670561,0.02566811282959216,0.10122283123072968,0,250
1.9590870639490068,0.3753219767795664,0.26765869039788337,0.08425372938078654,0.08749172605898413,0.00695211040027371,0.00494959919191554,0.2175237619773232,0,250
1.9028233700156392,0.547433263242659,0.14887578515733768,0.5227733017643718,0.08566656940729703,0.0267254866022435,0.02321540549120215,0.13734404172150827,0,250
1.92002866801714,0.6615986985368252,1.679018310330811e-5,0.3706069745445364,0.08595654462603951,0.00147264531459912,4.322235943491763e-6,0.09941199147502476,1,250
2.131266037462701,0.4424757634720039,0.2199082060940617,0.3487759162144431,0.09589610093592732,0.01868667236573115,0.01424355640021723,0.23974910109320355,0,250
1.9699702031592436,0.4009436293496728,0.3033134555557076,0.2733964635130979,0.08863944326823439,0.00843017350963789,0.00696401806231218,0.14755619086548696,0,250
2.1045101410317866,0.6067556317147913,0.09929670556857129,0.5189039529540798,0.09467171385415336,0.028345949995863,0.02528712018510376,0.12675209823798453,0,250
2.162159965324686,0.2958633776834737,0.32886404499627053,0.22213151590597977,0.09656183800050946,0.00681432329734492,0.00541410567192883,0.14233283632963595,0,250
1.88374700908552,0.2869046424514613,0.4088455406831541,0.3836205697903118,0.08480354662372787,0.01075011268094582,0.00931295187687189,0.12096849649357526,0,250
1.9417870858086024,0.30196324879783054,0.3111679480840893,0.17804204414347558,0.08692320662553804,0.00656030784851705,0.00479549410303494,0.20863803640908224,0,250
2.047632937070759,0.4092294476561122,0.2518732592102814,0.24956754772525103,0.09151549427645578,0.00803901237403888,0.0067988970580641,0.13536319060040525,0,250
1.937945008169722,0.4221629066572066,0.24488194512615377,0.11489787970822651,0.08651777865212563,0.00751282846831481,0.00579398306483453,0.18587763460383297,0,250
2.0035528652448336,0.46552862845640514,0.24307789080074363,0.4163763076237,0.0901190678227487,0.01321422399482538,0.01182976613983671,0.11490232187765356,0,250
2.0824751683404505,0.3172912698409949,0.3868529643387621,0.23673513803041024,0.0934213375566143,0.00685493190705402,0.00568660272976226,0.12005616448704123,0,250
2.273560220822061,0.306811088955809,0.33884425262071927,0.3109627193038908,0.10184979548348512,0.00854750041738776,0.00715051316193952,0.13121309751464358,0,250
1.962078018503966,0.3563515233276015,0.3721207518550484,0.22941105137937323,0.08805543856006096,0.00661291925442353,0.00554771708707729,0.1196198625809965,0,250
2.1558509883005925,0.6345697249837285,0.01481598312978828,0.5455658107403965,0.09702066517463866,0.00821469097819213,0.00565515999639638,0.11957949533221238,0,250
2.070272354835103,0.5898917962825051,0.12128786565183038,0.5367093881786781,0.0933639242853666,0.03612447932187438,0.03017206876819209,0.16032799269919668,0,250
2.097995025991622,0.3529554648684039,0.2472662367714772,0.2584594806639853,0.0937591793007085,0.00967982032249898,0.0074654653006965,0.202955067223808,0,250
1.8390615141626607,0.43245654756493873,0.26625439282547597,0.19381435980443976,0.0823475932406974,0.00701884977489841,0.00589747118446731,0.135999010587667,0,250
1.963287413366434,0.5583325427955386,0.14597161433727435,0.35751137843072706,0.0884845374644158,0.02990598468987699,0.02442858894255768,0.23960908427466915,0,250
1.8541979801540127,0.5299597141995729,0.1533768606092901,0.4004813052471835,0.08333439103642083,0.01776820234383321,0.01559794508590194,0.1490044957854484,0,250
2.0159933711405955,0.3514158944680773,0.33161713878889887,0.5625167167915752,0.09097425194990844,0.0226914124173303,0.01985325660092898,0.14290764898119163,0,250
1.7925336346322849,0.5378585005569674,0.15321568452134912,0.5117637536105729,0.08070246565851515,0.02688479971919365,0.02301108267395628,0.14782410344240826,0,250
2.114433414958897,0.2421282587692196,0.4293332222712815,0.3560891068126431,0.095123100535475,0.0101304255437575,0.00876209473045281,0.16220720554386794,0,250
2.1083226326196307,0.3121394368124191,0.3232435946398647,0.17637546607533147,0.094417898963331,0.00669336079812455,0.00488298039457039,0.2082214973382573,0,250
1.8033555413580928,0.5317621870935829,0.1472462876523463,0.52167372854485206,0.08183059552506211,0.06295983029789057,0.04666715257800574,0.2940680556191541,0,250
2.090311811078858,0.3633479920878313,0.29317079508012206,0.19449273271263456,0.09324487270086512,0.00655198019807044,0.00530107671224117,0.13747021745958385,0,250
2.1248051437658457,0.3926118531349039,0.24282717181353053,0.34167224942964275,0.09505443087005368,0.00980330302472306,0.00851762416759454,0.12605994975530585,0,250
1.923547933440894,0.4315027844128858,0.2865978832633379,0.24814085375030964,0.08631899630835788,0.00818358438267181,0.0068116555036239,0.14310825044275532,0,250
2.001653105410743,0.6083947982503409,0.10269249826202698,0.5536388178523024,0.09019174447012174,0.03880112895752501,0.03306043073179602,0.1476798399014542,0,250
2.0720222918142617,0.3861115062974778,0.26257961621103176,0.3331703241174541,0.0929708966383997,0.01126674077175481,0.0091617490375029,0.17520968147964935,0,250
2.1096309154125437,0.4325582914183,0.22260925272922097,0.31038120693501897,0.09424711199451977,0.01034202316762211,0.00890258527916369,0.14228462008562573,0,250
1.9803260016545632,0.4330249736611798,0.2592826117051713,0.3817122485975023,0.08888312785524367,0.01205219008683221,0.01043778405361341,0.13332573047344515,0,250
1.990464443583928,0.6847403878034353,3.0820015101309946e-5,0.4800690128956886,0.0894290909426007,0.00151921949418251,7.22428556426896e-5,0.09896170686393543,0,250
2.0624541368256706,0.5779209722930376,0.1289485561196497,0.4617292892720752,0.09258072726746062,0.0180197543591371,0.01680752037354923,0.1043922522176738,0,250
2.064608029904756,0.6759077985057396,3.717376429069273e-5,0.5869712158087301,0.09297697946414546,0.00190848918513168,9.753854427556684e-5,0.0982457073136826,0,250
1.7456525102721088,0.33234641534891296,0.40562059492499136,0.2683408825931863,0.07855805726233042,0.00754296105945014,0.00632581368334813,0.14302998958971608,0,250
1.9638174340255112,0.29607328811163236,0.3468846190941862,0.11546804493155216,0.08764438281972098,0.00513095781584643,0.00391255880942438,0.1480528079468606,0,250
1.9371270855612104,0.3737608125103341,0.2776912486836924,0.05592011034830028,0.08627374095214148,0.00532769018805568,0.00399749826817205,0.1694078116994455,0,250
2.0216787327652153,0.7224215446809773,8.040619066958442e-7,0.6287764851844533,0.09119541748516456,0.00232934531395493,3.482674247181925e-7,0.10488547701618128,0,250
1.9385545012361909,0.398547305048367,0.2718044284219757,0.1289867084891127,0.0866961887657062,0.00746117878705515,0.00559410618273568,0.1963714190158971,0,250
2.045017570137587,0.31002533035330404,0.31282215832341054,0.18991872841645244,0.09132504404637126,0.00646042652224812,0.00498652297112594,0.1695493707854474,0,250
2.054196495890102,0.4597043513259389,0.17782843847723584,0.27170550890437867,0.09180810476013558,0.01518956417153142,0.01234590812032929,0.20859667816713495,0,250
2.08718093189495,0.4899118509653013,0.1801254716423564,0.3267431888687108,0.09355281734349226,0.01642423352217591,0.0135252902149884,0.19052463777445855,0,250
1.902019039936988,0.3800095966558925,0.3293150895595053,0.307317982836776,0.08554385324110095,0.00903163306885688,0.00746217664908051,0.1539113955607906,0,250
2.1300840300391557,0.5076332553943208,0.15968182263375713,0.4237868478677072,0.09560826742866747,0.02073072664855495,0.01761160271718645,0.16898254174977106,0,250
2.001450117281003,0.6055762752792468,0.08762702063169524,0.43848299851599915,0.08994960470708088,0.02850399910234349,0.02501488641120189,0.1676034505633806,0,250
1.8993031686585624,0.48370450773305296,0.1963206902400795,0.31544604841663926,0.08507410758330282,0.01229781085623477,0.01061953570291403,0.15068778071928982,0,250
2.015530825768331,0.3601730914930324,0.327855787186577,0.24276597942603428,0.0904849967952252,0.00774196405929597,0.00608057137387046,0.1770389247860514,0,250
1.8479962943697124,0.4561350898810973,0.22580952619831135,0.48119502251783863,0.0831257480724865,0.01902583019800787,0.01636034947025676,0.14329095149399193,0,250
2.0498313192858695,0.3894795633572609,0.26715569506922027,0.2927954351249955,0.0918257139704096,0.00944456458660419,0.00767011275826103,0.16364887336499268,0,250
2.076147277997104,0.66835495901236,2.4617432304318667e-5,0.5386820947567175,0.09337582709206715,0.00185273293699308,1.2142125730631954e-5,0.11033190753232244,0,250
2.210152724041212,0.36208117485336216,0.311956024153025,0.2741221084226054,0.099452504520801,0.00958742607050771,0.00710591664473837,0.21908872026642087,0,250
2.021552013743971,0.4827918982840851,0.17352758811359958,0.25277869977571243,0.09027128095102832,0.01249690481770353,0.01045688671167404,0.17437793049077857,0,250
2.0541086573552474,0.574415369720946,0.11123677928534718,0.5503402953680839,0.09296013305231164,0.06145570443412437,0.04750721272250041,0.23421399004853208,0,250
1.9304277113439263,0.5323165414363129,0.17731007694704323,0.22596265108829588,0.08649993831198512,0.01417435516627311,0.0118345302613652,0.18846309136072903,0,250
2.066447812299149,0.7026455706706102,1.3243758264725428e-5,0.5581021805161952,0.09297915498742292,0.00146669835274166,2.1233401264499975e-5,0.08848887159411736,0,250
2.065898844498825,0.4681100687114468,0.20460511753218613,0.27121337534174683,0.09286157185989928,0.01608365313737782,0.01252795561033543,0.23010195210400564,0,250
2.1264090055519675,0.3641259975892251,0.27099647509341435,0.05565571620185027,0.09466355171571672,0.00561176735244707,0.00413126801882944,0.1864857929045572,0,250
1.9793841894714796,0.4277932042993117,0.19404718060045464,0.2126830656769415,0.08811518915225418,0.00978827598330963,0.00804865158001355,0.1754024025402763,0,250
2.1093706639024608,0.2513412135852275,0.38226662882472734,0.15075730565749315,0.09418903599229347,0.00563780733860294,0.0043890018639814,0.14293584771509388,0,250
2.229825156305796,0.3094171743938401,0.34790774683355324,0.35667505326589155,0.1000995073726215,0.00985279709828254,0.00829141140034291,0.13948507956796102,0,250
1.7563788036183443,0.35698294865135494,0.3069953809251359,3.892799710618985e-7,0.07811546028385888,0.00330961703535038,0.00274000424837425,NA,0,250
2.079842786584964,0.3867558641447652,0.2836539153356092,0.14980229660312838,0.09286742076873504,0.00564915416747902,0.00470435189093601,0.12310042721961352,0,250
2.0868832239659394,0.2689137137102503,0.37936423445847406,0.18254802053348423,0.09343636364463292,0.00607321586545424,0.00478728466613158,0.15194141493479524,0,250
2.044974829568215,0.7305894811889457,7.123322220340756e-6,0.5872861323417548,0.09228506824016898,0.00169700688592456,6.067072135446506e-6,0.10014937516586105,0,250
2.0685038831215916,0.47310399127802144,0.1989802442687623,0.44674330052317207,0.09290318036510196,0.0162501904984982,0.01446059570372683,0.12759275951586468,0,250
1.8582261147279424,0.6867755759389341,0.04634173561208885,0.45065746214790625,0.08362975314674281,0.03602188726408973,0.03152576100510919,0.16792906619122172,0,250
2.042981898606879,0.3504859568196588,0.2472783254969456,0.06908047977069058,0.0911872947476528,0.00809802549175875,0.0052933078196647,0.26671731358574474,0,250
2.0426199865453234,0.4272810328785181,0.2915247334392281,0.5362782324875859,0.09215868090967484,0.02166389217587859,0.01887317938996515,0.1373886160030477,0,250
1.9868155934817937,0.4952301395514433,0.1798724391777298,0.39314023317804103,0.0892894963816125,0.01769338872515544,0.01496813581473546,0.16958754763879283,0,250
2.080047052436198,0.3877422976268798,0.2760965784499211,0.10861574181230883,0.09290805078448416,0.00626940063354059,0.00476668575905194,0.17453516286650267,0,250
1.9571619234125543,0.3623890779773164,0.32494343888540217,0.30348421857594715,0.08785839791293416,0.00868203432523893,0.00722154965207954,0.1440199475573399,0,250
2.062015747991582,0.3477331847628967,0.26594812073116014,0.2647223180212309,0.09279937223600578,0.01142795901867562,0.00796551119919851,0.2677743760768987,0,250
2.1416077204966513,0.4051807791401815,0.3402570138718997,0.5291068560063622,0.0966629805050642,0.02048693576695036,0.01766998611955454,0.14735523896437175,0,250
1.846383355015558,0.4907522686375747,0.1825122193721884,0.20065922850169948,0.08241154696802024,0.01039643638970446,0.00885054008233141,0.16642926298490074,0,250
1.9850949877411783,0.31814699521164036,0.33607508675283787,0.23116334564601,0.08875628765207856,0.00680298616193438,0.00553772891726879,0.13402361918597308,0,250
1.93082821315485,0.5607296534457932,0.11901506793705482,0.30975422884766746,0.08642842150482945,0.01843366692039651,0.01608402676654748,0.17530891678347238,0,250
1.9974738782628416,0.1876655685590788,0.4961473246743168,0.4316292885685124,0.08985400786306955,0.01373499392681219,0.01232858933628272,0.12029624790680522,0,250
1.900678786497377,0.3047114959540403,0.3703458230795173,0.37357043496873377,0.08537682156560361,0.01035747485445617,0.00884216027677031,0.13612925259233083,0,250
2.118130500093536,0.2815937602442668,0.36024088930434045,0.24222816115995105,0.09472487658392358,0.00701252497202985,0.00568049827114202,0.12527495147433024,0,250
1.940200050986284,0.5266623570081274,0.14618914789519574,0.5022394702006799,0.0871637059905141,0.02761865221361587,0.02349806665946179,0.15993112162373124,0,250
2.21810177040177,0.4233826274674624,0.23607020826837777,0.406721073016836,0.09953860553479542,0.01326085545761955,0.0115674170183964,0.13322501845752838,0,250
1.9081409936255929,0.3186291271511141,0.31043979198423105,0.16185329838896348,0.08512990061435241,0.0057143409340031,0.00450911897097907,0.14399655056120755,0,250
2.003337482515758,0.44783367332726465,0.2309199065614647,0.2235930657897818,0.08960274471494974,0.00902854437575438,0.00747370167165168,0.15801422342530105,0,250
2.0422405014059097,0.26988940366216396,0.3496764145167317,0.2952272870711345,0.09181041398353716,0.00851049586993607,0.00666158577145595,0.222185266680015,0,250
2.057243206570491,0.39614172649614,0.2876028870952019,0.3087372738773601,0.09224298195456623,0.00935042794676448,0.00783500155603829,0.14488475901202946,0,250
1.919776680117624,0.3772861735920072,0.29379316590445304,0.25631161802833013,0.0861912193942307,0.00934765371098683,0.00712890595457655,0.19238670100953204,0,250
2.068445630535688,0.5941186121833051,0.07391835497441536,0.5209494326645545,0.09315860918140728,0.04491150203543053,0.03773771789516281,0.1878040960011887,0,250
1.9047802932819535,0.47722496453983904,0.18458600673887351,0.40646387757970037,0.08529436867924463,0.01445805694951725,0.01290996888257147,0.1314409158939576,0,250
1.980123693492887,0.3994013858286403,0.28638181897927223,0.347364866616422,0.08878985706456173,0.01000073090753033,0.00871103241785544,0.12196834059568942,0,250
1.8287000672262748,0.4524010904520853,0.25273138626125224,0.3572965946041475,0.0820945500812712,0.01085677903026167,0.00959333938949104,0.12035646437832206,0,250
1.995118611108435,0.38889687350021457,0.3156068397118435,0.2569847311540875,0.08988970357240954,0.0086744385498292,0.0067644083692546,0.18666360082720088,0,250
1.9699858083794872,0.5366146545248455,0.13946167088712486,0.20108419152553683,0.08835630475331362,0.03181245879053905,0.02518334104981544,0.31059464144655324,0,250
1.936062174124064,0.46781484762284775,0.24284755868713093,0.16004184404161184,0.08665700119946904,0.00767080453115179,0.00630909230737989,0.15529272940903063,0,250
1.9402408742962376,0.46119107258933434,0.2403943917463479,0.38345735203173426,0.08719587882806121,0.0127013993697931,0.0110137950513561,0.13436427770021203,0,250
2.089113402757869,0.3651508657755969,0.31708364065899736,0.344016705363167,0.09380700578390298,0.00970991258966235,0.00827598546194285,0.13503629377109652,0,250
2.1084818001580135,0.2377606951395082,0.447461863259787,0.2407381062335204,0.09446685087413072,0.00745275196524829,0.00612750824007423,0.12586276383091727,0,250
1.9489718745926643,0.4745394992482195,0.21612241296173507,0.4749468778061543,0.087599934790941,0.01711366482857436,0.01529012855936915,0.11828465093831068,0,250
2.2281309205311324,0.3740328302028395,0.31717146087923986,0.276944584980387,0.09999329091505968,0.00769977183803737,0.00657274590517452,0.11937517568271352,0,250
2.0863983857501194,0.3991089173560048,0.26978212182607597,0.20554239836457008,0.09324657877257345,0.00698049299349471,0.0058199994855437,0.13707097155625586,0,250
2.0594985230260145,0.5316927101963042,0.16618470663619303,0.3070401936888528,0.09236318651053446,0.01462950996731141,0.01261925977227149,0.16303925681981343,0,250
1.8877725211219945,0.29662167854863075,0.3894538757496512,0.16174136200867945,0.0844686477526211,0.00567992955836576,0.00456825880146391,0.11375757621706696,0,250
1.958164172670148,0.3869401819459598,0.3132785053013133,0.33170054143499533,0.08786111472513489,0.00934346217672899,0.00808958021580499,0.1197789948632607,0,250
2.0167527567235055,0.4382011380492323,0.25860040970635817,0.40212120144261215,0.0908482082170382,0.01409033728112387,0.01186866156047959,0.1603142209422861,0,250
1.939186337428236,0.286614123943402,0.357762793355964,0.1759287883146661,0.08703338181547299,0.00624156101508385,0.00465032409194527,0.21313368986652265,0,250
2.0069561646828045,0.37818904275054777,0.3358849593752036,0.26106992753310837,0.09037406836810316,0.00835562334564263,0.00649865159962305,0.18962203874420017,0,250
1.8832915376832404,0.6566377198652515,1.7587463772402015e-4,0.37892112486240503,0.08418142823338483,0.0014359419108596,5.0856632867280875e-5,0.09500322347061808,0,250
1.9578544457489409,0.2425825262144069,0.41504931712799753,0.15055556516962323,0.08756146386371684,0.005738272641898,0.00451360108678249,0.1304210031238125,0,250
1.8735637340998612,0.409588438738371,0.2692348986965221,0.04044292102811236,0.08394496402613644,0.00807393943178303,0.00550047957499365,0.2438213518945327,0,250
1.8348861408792096,0.3750987035217859,0.3253264486785548,0.31469610547104027,0.08240705290997524,0.00894748022997765,0.00740688774024075,0.14670347460666758,0,250
1.9815422756964949,0.24720916849855007,0.44912397975142826,0.597290070453267,0.08919156030800443,0.02543426141979835,0.0243833762733411,0.13185118864517953,0,250
2.0744546217553266,0.29682846511796895,0.4094399719243676,0.45172133789988306,0.09347516842428384,0.01395708425061471,0.01251869833713883,0.1190910462307682,0,250
2.2175676464101888,0.4925815972262316,0.16697946303652728,0.3344615620316898,0.09952749931354786,0.01732683525081147,0.01450952237942043,0.19288803658651288,0,250
2.018732112787528,0.45651381035709016,0.21991703556705908,0.3866577313011691,0.09062359934888192,0.01426820049967928,0.01213509174245817,0.15485741952277282,0,250
1.8772847651244755,0.34789294441639185,0.30367461450819666,0.2645999877667142,0.08394943607216329,0.00769421453519377,0.00640085286856182,0.1333135910323454,0,250
1.9620602807740175,0.44379587717968216,0.2913975313478372,0.2635180097429785,0.08824891400128196,0.0090637382405517,0.0074763137693991,0.1588580310722614,0,250
2.0099338064505927,0.5494133825630046,0.15805471411605987,0.6124496527488491,0.09062392463205496,0.03703077877074916,0.03170376199207354,0.120994155931177,0,250
1.8723839614992,0.5890317056291341,0.11322881327653488,0.35767619135996387,0.08400569078925672,0.02553796199868009,0.02176568831647283,0.1945890872662581,0,250
2.0886272237559456,0.41500032887080773,0.2688881406927287,0.29722832568809904,0.0936987294071786,0.0096960158534966,0.00803634495004779,0.15428885508793258,0,250
1.9765160086232751,0.3019341819614697,0.3482174601065749,0.05910878610070488,0.08801810556955993,0.00437076847639039,0.00333691790018212,0.12454236533844935,0,250
1.99675546530474,0.5357846987368677,0.14085919130547545,0.3625701461354009,0.08953220877514916,0.01749090228251767,0.01529592077365035,0.16084509714510706,0,250
2.1180590899190825,0.2419515499891068,0.4748878834668937,0.6850130656880558,0.09564354159560973,0.04162055450763345,0.04076089965736356,0.10857052567764,0,250
1.901696917312777,0.4384544785375723,0.2606780740007384,0.4638180035017528,0.0854933651293148,0.01491593224422923,0.01350575735663709,0.10595928627513636,0,250
1.9914314161311584,0.26502663129994697,0.4056950392520008,0.33405411739229346,0.08931148853119086,0.00922245675667532,0.00778819891945422,0.11199049406643846,0,250
2.0008203688001722,0.22332299618704507,0.4724500039380846,0.5406192118031775,0.09026345942539908,0.0200487567413889,0.01870675755249704,0.11478650193042686,0,250
2.09635514285349,0.5065824414533111,0.17285407537128705,0.6078495974929151,0.09441908933118558,0.03414546915414939,0.02994879501695472,0.1151542015426278,0,250
1.9533401282381309,0.38342547499814134,0.33606846176719135,0.3083716743105553,0.0878150652740755,0.00862774002210345,0.00732456661515776,0.13510369151436513,0,250
2.034208949344377,0.43041084633986176,0.2443292750082679,0.26318662927657915,0.0911927763917277,0.01013693083877052,0.00814444424530201,0.17280081743835016,0,250
1.9040462201077692,0.31776372805337244,0.3678365227929144,0.1243881622656821,0.08522981666265089,0.00519865781361365,0.00404720152878713,0.14550499380096862,0,250
2.1285841926892055,0.3518911474548824,0.3037031258958019,0.2569770865376895,0.09534619602284364,0.00768793464182791,0.00620843452614932,0.15159723838005443,0,250
1.8988761345295655,0.5340554554313706,0.19598540400068284,0.32167190422209696,0.08533502480634987,0.01284581788624236,0.01117768046513637,0.1459995375020994,0,250
2.209599751541137,0.5195278096234529,0.12589347796217415,0.5212532182432891,0.0994787053505428,0.03441340519927287,0.02878117961892748,0.18358253009004633,0,250
2.1238035050060367,0.434457122549718,0.2195290629356835,0.5080442652732444,0.09550714680349016,0.02033343539821014,0.01769742679378864,0.1400932969016889,0,250
1.99412410552182,0.3791721012375432,0.27668287204842623,2.034115278994455e-5,0.08866908640579535,0.00308912974698097,0.00265347872163871,0.0049927376074381,1,250
1.81550981295439,0.43620769978468926,0.2386957961864264,0.32420039169950293,0.08134955533197957,0.01042093943708004,0.00895428749294902,0.13825716328305035,0,250
1.9954257674720433,0.3308266912266268,0.3469019911776182,0.2074147496833015,0.08942574094121014,0.0066631231420364,0.00529974992235245,0.1585694335249703,0,250
1.898590194828095,0.3418301328012667,0.3600535046400069,0.3305091235286789,0.0852985878653393,0.00893973850000933,0.00770004595162865,0.12326136096347788,0,250
2.1036850407052263,0.3656090407195348,0.31878609401952573,0.2696801786153365,0.09425901931547184,0.00767008323748238,0.00646000451523578,0.12613810897409197,0,250
2.1927731487249984,0.30159250065221455,0.36446851645302103,0.497317743145679,0.09862884813477184,0.01609327579232637,0.01429594616671544,0.1282469203803641,0,250
2.012178934258524,0.3909287447272137,0.27148212129811616,0.12693098318158316,0.08991870292266305,0.00651264163190767,0.0050083322033226,0.1719591312203557,0,250
2.176231828436717,0.4529526558852687,0.22928453953936268,0.44003662705334257,0.09770439842726344,0.01497727404159132,0.01322195205031102,0.12381269264614324,0,250
1.9784450696530744,0.35653790365996285,0.3531057986026598,0.4150996918130664,0.08909238509857921,0.01193952064248389,0.01051019226650441,0.11978551750259787,0,250
2.120283054747152,0.325033135655162,0.30076079689368673,0.3286465236665222,0.09494652638602154,0.00946196880152429,0.00777591656090309,0.15482707358547934,0,250
1.9109186602393415,0.3769421854850567,0.3277083506273269,0.33946631336813465,0.0859216875495833,0.00885250836088424,0.00775934470499864,0.10306180548028164,0,250
1.9574894506516811,0.4597904528891093,0.19709481641350973,0.431351778703792,0.08785600718246982,0.01617604286445471,0.01422730308921865,0.13987459047815434,0,250
1.8107391411341964,0.5728881563911941,0.10396539275655754,0.4171390289974752,0.08113269045157925,0.01754296353734534,0.01614863942861852,0.1217072363925918,0,250
2.1223536102098763,0.3533415837451172,0.28767734614646706,0.28694168462345776,0.09490481053188048,0.00843169169284524,0.00705618769590032,0.13749355829748353,0,250
1.9093013415655888,0.3980814711079275,0.3124322907527018,0.3736652829751186,0.08578667925475543,0.0108542414070697,0.00952751669682671,0.11750100067931316,0,250
2.070901684134517,0.540167986317628,0.10628480128521688,0.389033945481337,0.09266873551459082,0.01907386979773248,0.01697356606986777,0.15164695319518978,0,250
1.9773961479937765,0.2403334783721729,0.4382690017719746,0.2830465345331682,0.08882727021396322,0.00826392324845695,0.00691689686703605,0.13190658419559098,0,250
2.0715213193526325,0.3792615095054492,0.25104810948801254,0.11457257541860172,0.0921578914845822,0.00613635329191592,0.00484641931154038,0.15923293940560856,0,250
1.8906672068907329,0.32692220962661417,0.36885408091495536,0.4119824159042349,0.0850691179113796,0.01174038255686074,0.01027060016512876,0.12509921834289447,0,250
2.1976274317168007,0.33856010991195734,0.3283614366782737,0.05643861898201723,0.09836498456065036,0.00528693338056275,0.003587279449621,0.2127821168040473,0,250
2.0521999023066084,0.6101186087768187,0.0035984667909039,0.4218104336394807,0.09208503580052772,0.00379911446731153,0.00191878332028144,0.1186195801241863,1,250
2.1176925912184155,0.4790185155581557,0.18166874237796765,0.2605214176643683,0.09475017551565872,0.0139761919180351,0.01143796758027295,0.1954040141611173,0,250
1.9102701561918605,0.33109806404698,0.3568910975995821,0.15294034713021515,0.08553978487531616,0.0056702217956346,0.00443154880742203,0.1522614447511263,0,250
2.114097973004908,0.3884719407925924,0.26810193375788094,0.366521265824688,0.09508404431502696,0.01286489166192213,0.01031961876299179,0.19154097660858013,0,250
2.0373368673268653,0.3959784925891251,0.2116806536752641,0.35918475579301834,0.09142221808656584,0.0149056587080444,0.01183743770516603,0.2075533505291579,0,250
1.9938490648611027,0.4002816178958879,0.26266516117862704,0.16862862468958484,0.08906243469073427,0.00692780910276492,0.00553501347137662,0.15611773712170385,0,250
1.9567656931592503,0.337416939890078,0.347201779427399,0.5670930470649299,0.08818960100632002,0.02289356039640901,0.02007570214113617,0.14241751279374618,0,250
2.1160910746242063,0.4005175406853658,0.2609524725737028,0.23361719233951456,0.09457306954693322,0.0078117563512401,0.00643246290719108,0.1481226463638205,0,250
1.8493786497155615,0.4469524542823106,0.2567412081783786,0.4183820731099287,0.08320310840298874,0.01432555407393871,0.012287678054029,0.14136434054576205,0,250
1.9026866829169564,0.3073602977034428,0.3580428843316205,0.1190148178281576,0.08530268227052633,0.00519006488012899,0.00397310077845365,0.15741569268992472,0,250
2.097434348974487,0.33749563447660863,0.35353883248107404,0.3197491562404805,0.09409200532086322,0.00864003720644265,0.00742461017293011,0.10845950353019448,0,250
1.924182200477844,0.47221639114902,0.231196077747353,0.21318094435913143,0.08618648073153519,0.0088532805327961,0.00743768892598711,0.15147569064728064,0,250
1.9940624942733025,0.4199466511375343,0.26222800862397816,0.24817603230730545,0.08929132885050449,0.00882367574455128,0.00716116234458134,0.1595242090273447,0,250
2.026262622973881,0.30417498536261633,0.3663930784320527,0.26125983884684084,0.09083187539953892,0.00735714657473546,0.00607478150509781,0.12206217418127824,0,250
2.1332636015575583,0.2507985798789999,0.3709437608007419,0.25407365216054595,0.09537235331396302,0.00740420598739704,0.00599317932443523,0.14301459662207683,0,250
1.8069475607212715,0.30238620693980095,0.412680771009079,0.3325247569955994,0.08151551484024769,0.00925248700438715,0.00792969681836896,0.17270880713075504,0,250
1.9700302329670736,0.40929978857630495,0.2791854827942593,0.6444794955771191,0.088890985233953,0.03579836447727878,0.03135758480872667,0.1131800507135995,0,250
1.8750221001910352,0.24028369441853775,0.39660197590423246,0.1038597080565952,0.08366616401904453,0.00516017890684098,0.00394672814448375,0.1418711107283936,0,250
1.8582028100720631,0.3861859498199473,0.3227705642867967,0.4403655586844245,0.08368151291827759,0.01410814481094666,0.01228985785435777,0.14002608402571184,0,250
1.9422370523523025,0.3051920586752934,0.3422489439813958,0.15820075375378426,0.08671050878251935,0.00583003202650848,0.00459306019715668,0.13646721476756407,0,250
1.9463011391008316,0.35357071658224615,0.3093484195654024,0.17021180756219287,0.08695606144982355,0.00581151015032125,0.00474444727322794,0.12551778936120908,0,250
2.0299986344581664,0.2005292730385993,0.48018514477135815,0.3074608879084552,0.09126378537833796,0.0094464837173561,0.00807630121477341,0.13066909078736508,0,250
2.008588967718352,0.4661329176309333,0.2192096388510615,0.6064326622567037,0.09058828149114208,0.03606437155465711,0.02948368948602776,0.1505494520976518,0,250
1.9427118067164493,0.3994776039965105,0.2904657221430312,0.1634256259950296,0.08701825911750713,0.00724288247537169,0.00553126282869825,0.18027598257420027,0,250
1.9390011166983572,0.552767183313407,0.13624608196873209,0.2925575929527516,0.08671112538345693,0.01874295158117483,0.01598293756066865,0.18752994380641533,0,250
2.0947321264533665,0.30065032164282823,0.3457199374710862,0.31020836781756866,0.0940347804975136,0.00854367646840227,0.00698629959688815,0.1585377004875734,0,250
1.9264908960334657,0.5568404297607719,0.17110570288802895,0.46290578589736614,0.08678380375918716,0.02134812573187385,0.01861492337157391,0.14161947807551784,0,250
1.91319652609112,0.5247416217712123,0.08641093229334831,0.35198524943108017,0.08543684279935125,0.02457192558897211,0.02118865507377987,0.20447863752181888,0,250
1.9120388841387292,0.5404389321755657,0.16377944825878396,0.4813085418313616,0.0861165050293179,0.02674877239638599,0.02231074132433624,0.16904145254607386,0,250
2.1690046349658334,0.46973090513942534,0.19361209566850152,0.23359757202620235,0.09680028278483103,0.01166427862404933,0.00954112149919162,0.1813644537966863,0,250
2.100271579309716,0.5171072871039363,0.1943895489683557,0.4876615994654134,0.09462886761434594,0.02389973455954062,0.02003812729736371,0.1603735126382285,0,250
1.8317581700104668,0.4118779951800044,0.30913553934623167,0.5174587626250873,0.08254625189297472,0.01841807701383894,0.01644624949990178,0.11397661238377108,0,250
1.8718651843120095,0.5788737117357821,0.15279493685914836,0.5393785125126398,0.08435726522628058,0.02888093692579831,0.02491399821988208,0.1325249228298538,0,250
1.8951586696022065,0.6786901853977915,0.01374768799128061,0.459392248167224,0.08507114748213225,0.02800830217819779,0.02550960370912613,0.1362937807514296,0,250
2.161562022456332,0.44674735626303,0.2027068509471525,0.3969149076551119,0.097025622269231,0.01625104198472772,0.01346896239134773,0.17419132583726926,0,250
2.156787934286772,0.4962727580125194,0.13925996454509623,0.33664679794589764,0.09637140179217704,0.01417088059403636,0.01254511176555017,0.1481354366309492,0,250
1.860105623841653,0.5108332385320744,0.1253901615034352,0.30660406367667314,0.08304508919461277,0.01567822106815921,0.0135844500839262,0.16943810877512006,0,250
2.016594043310312,0.4987203998025539,0.17943097640872943,0.3967885316142133,0.0904732634182203,0.0245898172051165,0.02137284776300366,0.1873929835162591,0,250
1.9245099658494815,0.4993222665167648,0.16314545604869052,0.482020454002763,0.08652263082581234,0.0235866124192903,0.02015665156364551,0.1608038447557231,0,250
1.9950112026180975,0.20789402248346747,0.4511354457488498,0.3804344518557542,0.08965233494941582,0.01094964456433058,0.00955756848100624,0.1288071715672224,0,250
2.1281117452878044,0.3837235524416696,0.33296603718382844,0.10823694038491756,0.09532376756544364,0.00539499439088419,0.00414928336235086,0.15751286557021546,0,250
2.02000247236615,0.6248839426901229,0.0571743755964384,0.4891635534751473,0.09072248229311676,0.02977036161828788,0.02658746090045721,0.1410658103569751,0,250
2.0816389336074397,0.3953823116572784,0.29619126962810416,0.44722409757590487,0.0936767114526178,0.01421625460775676,0.01230102172670812,0.13752109007807148,0,250
2.0448189427174768,0.34237507164328884,0.3355390897604774,0.43203270855919373,0.09201071991819323,0.01261347042499874,0.01106287143506963,0.11999375436079172,0,250
2.1716922755785277,0.4883691104137584,0.15183343034886557,0.22317684322570489,0.09672206425783264,0.01281056903835728,0.01087152059414196,0.18186907801030916,0,250
1.879231965455538,0.35281748339549845,0.2936290751997581,0.30400611745133815,0.0840843539027681,0.00860560223615747,0.00719873959826836,0.13461657069485586,0,250
1.8336623216328825,0.2562651758911284,0.40362441110516417,0.1498479545403975,0.08200340448918235,0.00568421362760132,0.00443439492691561,0.11960828985886283,0,250
2.033090587885064,0.25500169729044453,0.39912674303985984,0.4354551011491984,0.09153733069179867,0.01312884456701892,0.01155058114928435,0.16584125081555703,0,250
2.043433197753401,0.5798377394907729,0.07632491961617394,0.29732706210551907,0.09121471513249024,0.01991986627316299,0.01782380260281793,0.17474434439225237,0,250
1.88794293565832,0.6518259991826206,7.917910965788755e-4,0.3850460591937873,0.0845509779590678,0.00193793621434141,4.248066437971114e-4,0.10547147235350272,1,250
1.9796935867284136,0.5466913179845457,0.11745581779647564,0.19021542472760825,0.08814233378121457,0.01271549956678635,0.01135833201364429,0.16558078300894533,0,250
1.8087065120243844,0.3613655244292426,0.3462949067945001,0.19137203158814173,0.0810225799517448,0.00600025407089674,0.00500184499460609,0.11246325188333156,0,250
2.157165020825165,0.3311750832772049,0.3644569967157145,0.2359060783954052,0.096514298965493725,0.00673415161322599,0.00562860957997624,0.1070387634497477,0,250
1.9835523876835155,0.4186474850074586,0.27520549695080604,0.4498809033348604,0.08916491465081702,0.01431011275400337,0.01275005947872661,0.117546358340465,0,250
1.8006136688304153,0.4186073057663721,0.30837705284203937,0.5001642863404319,0.08129174991279624,0.01805497585068379,0.0156482287534769,0.14036082165832528,0,250
2.001015374451204,0.7060234440827444,2.504986605715088e-4,0.5525824488906896,0.08991678034453635,0.00217013510607954,7.17521291323844e-4,0.08467693363578212,0,250
1.9306722770077795,0.4235524276650338,0.25909739708648905,0.34593493561025535,0.08660416703118763,0.01151366152733281,0.00954105234088554,0.16049752255263225,0,250
1.9551491083261217,0.27104237716145657,0.3982922043597383,0.3363162170248694,0.08789012022268716,0.00942186855077607,0.00798158791902988,0.15295755970038266,0,250
2.053607654421638,0.4087369409763833,0.2858538963122663,0.20706407896627688,0.09192158205103217,0.00714822786819649,0.00589662864438176,0.14247198328588198,0,250
2.0117582422103313,0.3906939538577751,0.2791333947812639,0.4373770036254235,0.09033061801972858,0.01348254674452675,0.01190649913592606,0.1200252230503254,0,250
1.865961319658084,0.49092016939979194,0.2099968118647248,0.2917017522034013,0.0837118959996505,0.01255883384703161,0.01050895773279597,0.16900417297379589,0,250
1.739826083795548,0.48856443991222953,0.20090790365680383,0.21417796753629553,0.07780358714527907,0.00894255840935578,0.00775076748365741,0.1427710507674207,0,250
1.986522610542903,0.5241557570922094,0.15047890381593967,0.4691682779862134,0.08927717000929532,0.02234155313705199,0.01940034868606022,0.14904329529116955,0,250
2.1416630394064775,0.34744131341244566,0.30485116073041907,0.25361459706909467,0.095748174374896,0.00720358597130417,0.00603104251676824,0.12054945245503113,0,250
2.1349850257802228,0.33980241008620665,0.2903869275918724,0.2219531574843863,0.09515016922697672,0.00681072690868753,0.00557426179984486,0.1346496958922006,0,250
1.736421694863637,0.49799295983267056,0.19518936712450816,0.3703890994280723,0.07799202184126976,0.01547711366058296,0.01319352153048508,0.1622005052981649,0,250
2.0307191619662786,0.4413616297285995,0.19654234857824548,0.29564281960654337,0.09068700723071152,0.0108027189776113,0.00923185960268653,0.14951775154408545,0,250
1.8298400428957813,0.602007011761343,0.10026471689159432,0.4466515108889247,0.08255532729328312,0.03523926004600243,0.02984525581598625,0.19785338740463523,0,250
1.902588350381462,0.31405160585074204,0.3772624157447915,0.41182665916594147,0.08548612145059657,0.0117996663494107,0.01030941154577501,0.12557565906786133,0,250
2.0765744408750133,0.6717160530467164,0.00348512580382449,0.4900143244104014,0.09324512387343316,0.02293353219325461,0.02029269373720432,0.12905838072516113,0,250
2.0875808065192016,0.4174479717881491,0.2533234086321845,0.4212418672661341,0.0938034337522802,0.01438586765556105,0.01226002704377873,0.15035955893632946,0,250
2.1202439734322516,0.3303760875381048,0.3594582950331347,0.39779401667274505,0.0956229695860002,0.01157886998946527,0.00974066747265032,0.1779243781828432,0,250
1.9762756500297036,0.3929552560184054,0.2787109229682727,0.04159565666027221,0.08807238024055669,0.00509996245741593,0.00390614535997287,0.15951087721655186,0,250
2.0180660101083716,0.46799188177862705,0.2131121133555858,0.4902502525378696,0.09072334493025908,0.01887794087100413,0.01660733957119512,0.12913841339563473,0,250
1.9291113010100212,0.31636086171007766,0.3930490851935779,0.2392231343218809,0.08661444209986129,0.00687115291249932,0.00574212864833372,0.1092976464895862,0,250
2.057274444706255,0.4801538963813456,0.16451885991978116,0.3030733629853142,0.09196451089190244,0.01314621708210068,0.01129395769041498,0.1620345954836882,0,250
1.9783811570253735,0.48515032861229845,0.17966331886619247,0.4038063764403976,0.0885848733694011,0.01377808935482696,0.0124876961001346,0.11660067701909216,0,250
2.044366696699714,0.4122950857317127,0.28734520757380216,0.4136032340738018,0.09187014207416648,0.01222420101190346,0.01087358950635664,0.11116287136295618,0,250
1.705757186910065,0.30432795738526136,0.3751363128198844,0.3795783323682481,0.07667495577203418,0.01045096064866777,0.00892814155300498,0.15262910445816957,0,250
2.098664012243168,0.3843301120348589,0.2868908699151418,0.4608487801373144,0.09415658348555948,0.01492041874361042,0.01312434647167706,0.12227923777619748,0,250
2.329292843473091,0.5226942186421452,0.08227396127511218,0.3309024990598075,0.10398865292776244,0.02681373991605088,0.02297409171659699,0.2248419797014216,0,250
1.9130932095794195,0.5642337600324389,0.1667113919075833,0.559305881213173,0.08631725624813831,0.03211881868271572,0.02693158667989527,0.14214349600003098,0,250
2.1980511152590765,0.3813702923048006,0.2733142894645324,0.31272437801756714,0.09845962364953267,0.00988704928953911,0.00822116854376526,0.15348459680597543,0,250
2.1519121131625996,0.45438179818152385,0.17648916929642794,0.1662681930513228,0.09594434234776864,0.0134264420093471,0.01058689637603355,0.23045123807996076,0,250
1.746031636916598,0.44004360839124546,0.25063281752942257,0.17235965954755228,0.07808708028743719,0.00798943551194668,0.00642550264765048,0.16686996292523143,0,250
2.0292575835599407,0.3222960303661049,0.4082336539000648,0.5394680188630188,0.09161710650217324,0.01954593906343354,0.01795168640048062,0.10374161870176486,0,250
1.8982024419961911,0.3217699051910787,0.35163678170023704,0.21531548673892056,0.08499154572717185,0.00654825899738469,0.00526522451468576,0.1383982877431074,0,250
1.912266729986976,0.45103080089567754,0.2312019473734521,0.2592460462277754,0.08553461655503365,0.00876754610367313,0.00755240402463464,0.13671593815008473,0,250
2.0400694891394573,0.4867410370702379,0.2094041083345666,0.5061689220346469,0.09185331525759378,0.02112341256459305,0.01849422836599305,0.13349903825347206,0,250
1.9891619088980184,0.381686947876057,0.3086462606079294,0.20320561076523344,0.08917437504934611,0.00707624924286525,0.00565189279056265,0.15835072861600488,0,250
1.9376168999940275,0.7124603263288183,3.3207220870773717e-4,0.5367848488251693,0.08730530654633982,0.00247189644508303,7.432235828369215e-4,0.11022838726911886,1,250
1.979867391586616,0.603661160225319,0.1112288406080641,0.49025433904724536,0.089133292051568,0.02577882013511575,0.02305589192810414,0.13282254784050196,0,250
2.0437156402599763,0.4848779011860764,0.1465840506774412,0.40762960416549393,0.09150743381666976,0.01744999364986014,0.01533732040507562,0.1521495713765918,0,250
1.9355724819505216,0.3720024758728922,0.2971042998664956,0.23710932231684304,0.08661335744296027,0.00729144320192704,0.00601956320117927,0.1372042564847926,0,250
2.041631442250129,0.33991068262173607,0.3392808466570728,0.3822662204589891,0.09158183454619746,0.01063813666421154,0.0092145183197448,0.11793812560779796,0,250
1.9014976056391104,0.29587114033967366,0.33772379564181654,0.25127490134122027,0.08509878202517403,0.00739937546995194,0.005918603055496,0.15829701418349248,0,250
2.065748039475859,0.3323783186056574,0.33363127260316144,0.3252593131173248,0.09303697346461504,0.0096038582236708,0.00773260841591217,0.18717995797298,0,250
1.969277493551304,0.4191983719549241,0.2421217094263224,0.30894973976996787,0.08810611765317264,0.00937039794473774,0.00807970831894922,0.1332380241539259,0,250
2.0195322897387102,0.45049748633588144,0.25980634556859866,0.4357033837536903,0.09110523289785906,0.01578068004211684,0.01342298906440344,0.15462045713449646,0,250
2.131424491789065,0.4885036264983821,0.21089264054241788,0.3745643967148492,0.09579904114147653,0.01360929394855138,0.01188528809487248,0.13942888476192403,0,250
1.9141630636860067,0.5268769601534993,0.16977937537686427,0.4776403665826973,0.08617962121683484,0.02388218008136553,0.02049685284728314,0.15557025039825922,0,250
2.007116813598956,0.4472471332673508,0.2499057947386179,0.3508702247336585,0.09019023792657638,0.01230083233500766,0.01028524488111122,0.15941504062306042,0,250
2.0711383040151694,0.3508003600752909,0.29598513851545594,0.1145199998489434,0.0923883446525318,0.00571933819501064,0.00432819077759619,0.16691386155830776,0,250
2.0122993425506883,0.441190304296461,0.2895563426331066,0.5926792596306912,0.091041004088588,0.0295296501247444,0.02475739559694467,0.13756501789223904,0,250
1.7490849129078905,0.5874381780059131,0.10086031956434396,0.5852624614484213,0.07916009106513142,0.07711172996515799,0.05763330807474705,0.2369641998100325,1,250
1.8609115392954725,0.3460096927207547,0.37182571638982714,0.3031804496279559,0.08353142787434222,0.00823809155869202,0.00705555531651985,0.11489665822443342,0,250
1.9842121031700888,0.7200347909974892,1.4377284584252884e-7,0.36936093007233256,0.08922705657380042,0.00120424086590298,0,0.10627227190770629,0,250
1.951609805062059,0.17058615848451272,0.5044826460242142,0.38722173269585897,0.08764068606493866,0.01252764860799121,0.01085757021402817,0.1032362193580982,0,250
2.019824416052904,0.31582184710730454,0.40380754458932194,0.5931305540858253,0.09110111443634378,0.02510681431580251,0.02329670260159999,0.11493444768553368,0,250
1.9297739474646391,0.5163937380304825,0.20493003416042677,0.5276309385088009,0.0869590459147147,0.02346489725258832,0.02041653522687233,0.12753652261556592,0,250
1.9700764967861777,0.41605532472494416,0.2531629738732201,0.39336218809484585,0.08855584538698805,0.01409621900975625,0.01169189946795309,0.17012252790186666,0,250
2.110888324800156,0.5320009769152877,0.120264433212162,0.4274612873710479,0.09467717557358774,0.02263593217548951,0.0196430829151555,0.1661188099353104,0,250
1.8973165345544485,0.5693673051408374,0.16967579381816247,0.5971825937054072,0.08564225738442381,0.0427328968544934,0.03428595517227921,0.15078387387809725,0,250
1.831912587069754,0.516689794511978,0.19706864681419545,0.4273263673221324,0.08234730517815303,0.01558296011650291,0.01375274197285283,0.13002362363998676,0,250
1.8554661266436112,0.5084892729969759,0.20235690930367467,0.2288201852945059,0.08309600013010833,0.01230168161189506,0.01028771912873895,0.18259804425256665,0,250
1.9615860772301563,0.6005013119170802,0.08162735596380359,0.6371718398143031,0.08822841125843621,0.04984184587757444,0.04225998821644545,0.12176435530046248,0,250
2.101591469428759,0.30041669956950245,0.3237437840743261,0.0807281409534897,0.0938623345015302,0.00498812056345684,0.00348756226235137,0.20239698355908367,0,250
2.140278850786485,0.4323001542754072,0.2404033757063643,0.37517274853811183,0.0960030483079792,0.0120678193866422,0.01043237286554202,0.13650255021364335,0,250
2.036282683303597,0.2919300496703422,0.4038278478558896,0.4617684717165434,0.0916499558896697,0.01411377663928697,0.01263961907904667,0.10488850186113532,0,250
1.9908682096458925,0.4510721149650465,0.23323115621953391,0.1325811924403539,0.08888934708951793,0.00736290732603065,0.00605006782218892,0.16086241321025732,0,250
1.991641129508,0.4204574070808881,0.265167721028678,0.6021013345919591,0.08981128899378077,0.03204199242599519,0.02630077506342738,0.15094302337240437,0,250
2.010532821039691,0.28884004959366805,0.396215596741339,0.2437951183620441,0.09016307125816415,0.0070873851561252,0.00582983274947294,0.12924416533446273,0,250
1.9283371503105415,0.40705044940845,0.23650305787524495,0.20298375743648184,0.08619134312568229,0.00950124024857539,0.00733530539026207,0.19877044813637407,0,250
1.930060332836485,0.273002159641908,0.39405175921251834,0.1573593426166134,0.08630259303259412,0.00568692125152461,0.00448045741195195,0.12824985733291258,0,250
1.966392645877228,0.6256710189714237,0.0668521858132417,0.6039628068339007,0.08865076920423394,0.05869531881300625,0.04748567055823688,0.16648943387592216,0,250
2.0419075343522857,0.5564892671103984,0.14054801010498294,0.4172539319373628,0.09185078473458484,0.01958593864731009,0.01734543861585127,0.1496186139230518,0,250
2.195470828249245,0.412644720378029,0.2458590872056233,0.3350844736901026,0.09837719754258949,0.01122672905011333,0.00955592544009918,0.15098100552543023,0,250
2.13991799856714,0.35805580635947165,0.2771979107772182,0.3611885040745104,0.09586950080281724,0.01078233636243085,0.00909649507595643,0.14507368476807778,0,250
1.9373357506384628,0.6303494272409464,0.02477383996263714,0.4837553728888514,0.08733936856393665,0.07588797074746477,0.06318465956870667,0.2642771694554274,0,250
2.051871879475463,0.5065957283817457,0.18633292804650853,0.4554355829832756,0.092504396999691,0.02424455335933251,0.01991682042549544,0.18845852013421752,0,250
1.879823569572412,0.4114916582000976,0.27881639944928743,0.2075852829683544,0.084145672639248,0.00702544390948447,0.00581994612201195,0.13842783454422877,0,250
1.877771022877747,0.5581772704684919,0.19322908815516593,0.5067284095867166,0.08471989612150892,0.02450288021556127,0.02100858339570829,0.13982176192362705,0,250
1.9164329165738727,0.4613581774829531,0.21568687191303296,0.366664699615943,0.08592699301372063,0.01168571620144142,0.01044898047144106,0.12074158454188952,0,250
1.9858064022208255,0.48974911557092454,0.20174266998825569,0.41848353116992654,0.08910282424288128,0.01552086599671104,0.01365045947716157,0.13404744430539348,0,250
2.0704515339758465,0.43472995851923824,0.2568401646492007,0.465684089032439,0.09329239466294773,0.0155789103985833,0.01373568732381287,0.12393276022338492,0,250
2.112851238740334,0.374590110361513,0.312165454991735,0.430774235263951,0.0951073925616974,0.01340820508482782,0.01161642160037069,0.1394435907457626,0,250
2.09709349075981,0.6514684889637575,0.09877415973558934,0.6957180974324103,0.09464986461815586,0.07785239738438852,0.06153759488230645,0.11380039899103445,0,250
1.9927674130771504,0.3616292940912413,0.32433268257760345,0.32238053368415576,0.08915741317243146,0.00889678698501891,0.00759029135235377,0.11740526243328885,0,250
1.8056833456153611,0.40694773365680015,0.27454889786424597,0.33481872521212636,0.0812009746854784,0.01216441205663425,0.00974481647270851,0.18817064980354745,0,250
2.035760200303122,0.3403507245997961,0.31741289513219917,0.25359206925163813,0.0911391271440943,0.0074874053782736,0.00608912883591521,0.1465119005591271,0,250
1.8086572398725371,0.5534131230740873,0.1324425974557464,0.23221339679545863,0.08099011065256632,0.01994392118290188,0.01665948085237726,0.21791223225101583,0,250
1.8692559337860304,0.5176616099814894,0.16821425073121943,0.41529425311974105,0.0839613127686554,0.0171856085496791,0.01515404864728106,0.14234713911675914,0,250
2.0594688274013935,0.46788553921997295,0.22273046857582585,0.2691339920400541,0.09217918891506992,0.00914017172463907,0.00791890707118527,0.13125811645507385,0,250
1.9023230215230231,0.3101381823082521,0.31783046780569774,3.1006060893045605e-5,0.08458514686530966,0.00359263899609296,0.00282550851713979,0.01003309618685655,0,250
1.9310984125667083,0.27969684762234615,0.3652056833439554,0.30490975134771825,0.08642115041794632,0.0083554364216089,0.00693313108726966,0.1227360589601307,0,250
1.8610692944769285,0.465242387089429,0.2119884973011673,0.2035749724180483,0.08315889464409895,0.00892057653448664,0.00749410153386978,0.15447682063098966,0,250
2.0923824886989406,0.3123973151209695,0.35958288718632064,0.4196633200721828,0.09405249658871004,0.01290301978917376,0.01126040279331168,0.12131262879947392,0,250
2.13723236133141,0.33000783957831176,0.3688544839613324,0.420527383332835,0.09615820728770272,0.01233499247162443,0.01068971172968228,0.13676536412434775,0,250
2.0464597630384316,0.41590758176827863,0.2677307650280339,0.4073236983854477,0.0920729267928816,0.01396210838768872,0.01170680248862635,0.16185157721323082,0,250
2.057999815388787,0.6833460681518521,0.00531960328644819,0.453460685363978,0.09247052923384408,0.02112183203335165,0.01782355333484608,0.14641538817037592,0,250
1.78962366453329,0.6725148186255918,9.70077013621354e-7,0.4496275503226238,0.0807491358289249,0.00175770679797127,1.762930387529186e-7,0.1368677932672728,0,250
2.042047292466406,0.4342832402438676,0.2724214549406769,0.44247294954155886,0.09201781742995342,0.01581979015500272,0.01332035568054621,0.15983804075764357,0,250
2.0628915483068417,0.49967103550802067,0.17808608662032369,0.3467764410789983,0.0924724885430166,0.01481305501814644,0.0126790773387677,0.15984625370671937,0,250
2.1391538933035124,0.6333514067277476,0.04990096608761981,0.5342702167254963,0.09644135726066012,0.04976630631365208,0.04208701676121484,0.17903243983920372,0,250
1.990133180760144,0.31536041398313563,0.35764476363479086,2.775682742017033e-6,0.08862746266976912,0.00379563900514371,0.00293200625789034,0.00104168260599418,0,250
2.147956259357407,0.3859499829112219,0.30187460087062173,0.3455729085472254,0.09627352097174852,0.00986652339026446,0.00856018798635432,0.12216388965959236,0,250
1.954785204183664,0.5351942967297253,0.15205722793057813,0.3749721841485793,0.0877098146093258,0.01651453158842376,0.01451770661630872,0.14791198171476125,0,250
2.1894109125098753,0.5242455328403997,0.16113627114644707,0.29198893461101966,0.09812387792138905,0.01481287826567715,0.01268587105519507,0.17180807331750175,0,250
1.9515308253846704,0.3984491198927778,0.30010513647467385,0.10752646430362592,0.08721400135190346,0.0051466932961197,0.00421639591410677,0.12519305681916526,0,250
2.1218836434108765,0.4388936402328949,0.19967312701601975,0.3398950128709946,0.0951142797290286,0.01565624793667366,0.0127800208969281,0.19845855690518224,0,250
1.827388164869201,0.4159485913357649,0.27877021698409987,0.1014533345005214,0.08183921207155329,0.00704041072238799,0.00515292808508632,0.1981533804241285,0,250
1.9740270790292385,0.3525444844396134,0.3232372268992668,0.1678845242247579,0.08821544967897842,0.00578875656042307,0.0047399487950222,0.12172061112232868,0,250
2.0541928535284315,0.3655095752768259,0.3805762164513721,0.4555292528147479,0.09267330219333464,0.01376413358458483,0.01238984038176236,0.11260009462227095,0,250
1.9894638901246708,0.4017756727197931,0.25991557848570057,0.34201177683610645,0.0891739445745111,0.0105396879189536,0.00892003500158947,0.14234282698091758,0,250
1.9683704596890632,0.29286687016668755,0.39054467668636234,0.25129451624637844,0.08832479015050664,0.00726193736398013,0.0059897100717796,0.12239718442048232,0,250
1.912551585691873,0.3863785629744627,0.3188629713379997,0.42461518657156544,0.08613210119167729,0.01323891590284499,0.01128902561445361,0.1496018001761148,0,250
1.8726038546431685,0.29527364088482344,0.4184167108664469,0.5425603852472567,0.08447974288565473,0.01965517988435844,0.01807791154640418,0.09454962568813403,0,250
1.9897651459004513,0.687419383916688,4.185740625930205e-4,0.5632345765054877,0.08952231908150793,0.01237453396859755,0.00962925171111121,0.10963692717210775,0,250
2.0785931517572207,0.3834089598635304,0.2792886925997363,0.1802470833970291,0.09291683504675402,0.0071071443319551,0.0055855198303516,0.16527087111918626,0,250
1.832392122273476,0.3193413890599332,0.37402097620551605,0.4362599886825343,0.08244657309846105,0.0125919251365897,0.01106730710581623,0.12288400308313276,0,250
2.09612707578382,0.4231111889703756,0.23039892043268476,0.3143573501472974,0.09398278361124549,0.01261787633273874,0.01003954349688337,0.19105353296256705,0,250
2.0865189611928048,0.3691743336713625,0.3470535194295274,0.3008161289642392,0.09355822475307804,0.00860119224952706,0.00712275256830529,0.1432453459647995,0,250
2.126121865105045,0.6829869694362668,7.514017793219965e-6,0.4935313315863469,0.09552663035332454,0.00158832783729679,1.7069981187439017e-6,0.10181912323377722,0,250
2.015567581338449,0.5406569390251935,0.12234440373010504,0.41048596328875886,0.09037652322935572,0.02000124919778043,0.0176218451628123,0.15254692636365502,0,250
2.018678981329693,0.3151387436904361,0.39925173256662455,0.4981327784134369,0.09097934538296372,0.01615271510326028,0.01470035122175309,0.11062380985022054,0,250
2.0603053656427086,0.4537369987138261,0.19881112034186932,0.37349303028588726,0.0922948120909462,0.01279740385671044,0.0112991299428649,0.13304810173525106,0,250
1.8772526680569703,0.4218243204774923,0.2752932406779923,0.15359203926144227,0.08463923261322794,0.01272554011065279,0.00838022888399866,0.29556324780838167,0,250
1.9332186823750233,0.4518122770652304,0.16083266390828646,0.24401474636434664,0.08635384111220816,0.01771107724461295,0.01388902341273326,0.24689596525292537,0,250
1.8402897374800111,0.3767809708433148,0.31327294842930126,0.1920090633981034,0.08223794861748104,0.00610152659575122,0.0051178916798885,0.11358002066362707,0,250
1.8240032151944536,0.3806282555929729,0.29021675538198594,0.2107725086187448,0.081508881219414,0.00647664662693122,0.00550249656113548,0.11568151165426492,0,250
2.0934639039740572,0.34935688000144066,0.27587551151011763,0.34781615382092207,0.0940085811525216,0.01211261813784215,0.00928483760869591,0.2162919218706406,0,250
2.091434466023619,0.2685153029302744,0.4317980033299907,0.23169801881581908,0.09384797499494048,0.00702777224448998,0.00577435977286,0.11863000405763308,0,250
2.019457514859791,0.388302464993004,0.28142117686257573,6.526319634907571e-6,0.08966710288170975,0.00312384214057353,0.00267543814541369,0.00132836123844953,0,250
1.841504311106336,0.4530242229547426,0.2231726854371356,0.269797979884857,0.08236530142334772,0.00907838072054192,0.00788809325023022,0.132728259014171,0,250
1.9560804887011505,0.7593732562300107,4.076211181360152e-6,0.770786946539389,0.08830918460192237,0.01119051615441205,1.16149939047124e-6,0.09609201419879156,0,250
2.078260165239556,0.24365413837453237,0.4044877987530012,0.22041917366310076,0.0929592232048556,0.00686706660248356,0.00549685439896201,0.120884350857498,0,250
2.0530950563788473,0.46664771113505066,0.2185806076554956,0.3632159344828621,0.09213797834953402,0.01261212811105506,0.01093744811909111,0.14025365989512054,0,250
2.239681759659078,0.19815105229011187,0.43831970000003034,0.16105570969169625,0.10014167329209522,0.00634411799519407,0.00502003753861793,0.1382018446754163,0,250
1.7648846135006986,0.39040862794883846,0.3257745941302308,0.19911152326985107,0.07931621344126662,0.0075462823529396,0.0057900260900123,0.1869173325575937,0,250
1.926113209749283,0.4688350175379816,0.2599681848026357,0.4059086888732422,0.08689300096494107,0.01284581528993411,0.0114209956920666,0.12411120719514616,0,250
2.0014881226280905,0.4003415314549859,0.2221169920647024,0.30155857119250024,0.08941449662017903,0.01012161527308919,0.00850129359310644,0.15276504323152196,0,250
1.8473454052555125,0.6660376754091265,0.06687111390334201,0.41865351067448026,0.08355735107763838,0.06829805021213028,0.05618862624859627,0.27907384875706237,0,250
2.048072833160401,0.44045349249588367,0.22067859934746709,0.31310261319106536,0.09179430135897826,0.0131223397729143,0.01076979430641997,0.1913323791738465,0,250
2.0725033615140873,0.3253906149204998,0.34369743094411187,0.183985360419091,0.09281581790408516,0.00603516520340856,0.00483369733490562,0.1342574301602809,0,250
1.9257735866214492,0.3744999399852127,0.3161617511398919,0.15994507913843453,0.08614422728767034,0.0058187766351233804,0.00471395236443102,0.1295079592518926,0,250
2.0681428529544332,0.510391722677048,0.18532682928391989,0.4180485163427934,0.09280971131288558,0.01736126298075794,0.01523596775073567,0.13929915972486495,0,250
2.0480211256756444,0.3995433096901329,0.3234545249906862,0.29379369239497843,0.09187716653843676,0.00799371778083075,0.00700451070230384,0.10346388238503428,0,250
1.9268539981130977,0.44752245145109865,0.18286121204707967,0.32646069612300765,0.08608702714465916,0.01321125645650666,0.01115312421593202,0.16681415384060963,0,250
2.1230408900077222,0.3246528650413399,0.350462943030256,0.26816836353097584,0.0952141427752403,0.00757920587064385,0.00622200044250378,0.14516439361653705,0,250
1.9419261482742287,0.70839035152707,2.327833455243372e-5,0.632398219885398,0.08774225021512559,0.00265267948959917,8.875077317543104e-5,0.11228179331265316,0,250
1.9608634393262203,0.40592746156319515,0.29043592195145884,0.313827930100712,0.08800030503156346,0.00921682839525091,0.00792101603932871,0.1315339005831039,0,250
2.0153045846715436,0.31465492861673394,0.33265061188558387,0.3835605404114352,0.0903799196818368,0.01075763668162644,0.00928568856699246,0.1170905959046029,0,250
2.0488260812572534,0.303046316168378,0.40165028491285654,0.4887350426513562,0.09237504979323166,0.01566785641974332,0.01412045169188586,0.11514974963598448,0,250
1.7983623491213745,0.34063425026455363,0.3501955419773716,0.31431188745730737,0.08065590082331046,0.00851717763771555,0.00734272105815032,0.10921871824280732,0,250
2.0063426913392814,0.40311479676881184,0.261124076462326,0.00520791840752866,0.08950075005118885,0.00694884465159155,0.004846791675751,0.22502617530832147,0,250
2.0599877505008064,0.4264293556353274,0.18696479368759847,0.03739578132127697,0.091331695316159,0.00907267496311134,0.00714050811559471,0.22186022140255424,0,250
1.9003492252109269,0.4948306326746538,0.22651365700674447,0.16001878951406684,0.08519112273019948,0.0109363086683841,0.00862828528939535,0.19726488407470372,0,250
2.0510553667302514,0.3863095579592402,0.25777972524260323,0.30472541731758285,0.0920233706973132,0.01118472354362888,0.00871047088904981,0.19972963484354203,0,250
1.876268179632185,0.4896578069114312,0.2157690878590618,0.32081538888224104,0.08416334456726071,0.01182141481006252,0.01013267989057313,0.1442639899423894,0,250
2.094101386015718,0.3706950841714841,0.3180498411862137,0.4093346787496729,0.09409915510634372,0.01182669331378136,0.01039651660447581,0.11573652587526125,0,250
1.9760600103000892,0.3414765088253788,0.3004957300111059,0.26265153969597954,0.08856227286668196,0.00845771133119815,0.00657056807811496,0.18602572949410892,0,250
1.979333922550318,0.38187920427217487,0.2526409153470495,0.11863564075363348,0.08815916745740016,0.0065446299639829,0.00504628938045786,0.1747445372949439,0,250
2.1019810721442433,0.4178559702298298,0.2569427378030099,0.16834680691972492,0.09390900691847176,0.00741499026100067,0.00591972373849939,0.1643158672862387,0,250
2.044670542552611,0.2235145439676831,0.4042246521539643,0.20669387541993087,0.09124814326480152,0.00671424730025665,0.00527070269566638,0.12228599507421122,0,250
1.8304234771269352,0.39720638332988434,0.3096083502370418,0.3127482109389322,0.08220567551434234,0.00868300780516016,0.00728118994890638,0.13701054019477862,0,250
2.1341838196081366,0.5236894796799396,0.16760052518739121,0.5197857425136527,0.09601826218143356,0.02368293205119445,0.02092575562895075,0.12730287403949378,0,250
1.92661427719902,0.39674418449989207,0.2606371235579608,0.15717563507886928,0.08603138489539323,0.00629975682857441,0.00515496566288677,0.1428065950283132,0,250
1.8788003295147937,0.4045640612132923,0.30285038845435575,0.5682052142705775,0.08476767867841022,0.02548927043040187,0.02168403730468517,0.13854091059799695,0,250
1.9333312129519244,0.39673911706157977,0.30192333521952236,0.2186867477014959,0.08656786738095662,0.00681168212108252,0.0057361543918630804,0.12309793623818648,0,250
1.9016023152654429,0.5958491220712526,0.055557645759887087,0.2667460980300521,0.08483688382064938,0.02963237570452694,0.02615238745536742,0.22678516326298528,0,250
2.078816888606125,0.6991860134570366,2.389592332440384e-5,0.4787586846153538,0.09339039275527464,0.00126936288421587,2.1843738908800768e-5,0.08821252337327051,0,250
1.9373257416390988,0.3966975954826471,0.26772858874931643,0.21492488970878243,0.08660185856709045,0.00818536458199018,0.00644081716096142,0.17524387343932496,0,250
1.9177155727731752,0.45642798557289177,0.24466248476854813,0.18530112723406283,0.08586017538366264,0.00779794559846757,0.00649284806194225,0.15113971067771023,0,250
2.0849902925200587,0.41997004689667816,0.2322883338221758,0.4495469942241484,0.0936478067936829,0.01650790978271126,0.01407788357300899,0.1563301518099707,0,250
2.029410437002403,0.7579355964840737,1.5537846226190877e-5,0.7572202474694613,0.09170110489825783,0.01103837120942431,5.224552763031771e-6,0.10858910003515115,0,250
1.9259443612253144,0.2791801815767197,0.3309776071542186,0.15981682137175593,0.08575645347106708,0.00570129227279147,0.00440558562248746,0.14082761138209143,0,250
1.919897354547683,0.3239536334545139,0.35125306217928365,0.01197041666068057,0.08577478221350127,0.00414701847978407,0.00297088157833387,0.17151283297910458,0,250
2.127235019970897,0.3243713552306457,0.35873568909146614,0.2615742427883651,0.09541701761554444,0.00735796825099451,0.00611795538309994,0.13075539950399404,0,250
2.089709715857834,0.36670520823910346,0.3175289896877058,0.2827469814531767,0.09370302377090348,0.00817484788579009,0.00679344666433799,0.1385578739837839,0,250
1.9887403947590232,0.554433814698627,0.14475817189249288,0.4838499271657858,0.08958483699119037,0.02652894869124738,0.02272363178553131,0.1570570202633809,0,250
1.9086008594748471,0.5086127538385876,0.16142997460550426,0.5393348025405694,0.08593728577068695,0.02685774131041079,0.02336664960283765,0.1361347352625043,0,250
1.9121413636875213,0.5815956426813698,0.11631754748926842,0.3929010376720537,0.08577314370063337,0.01957228575864177,0.01758028869348399,0.1463013648984523,0,250
2.1347198789210164,0.541717165545621,0.10568187886555552,0.5064246286210559,0.09573187000250276,0.02467111522765741,0.02214120476744202,0.12936657511432062,0,250
1.9620128513151016,0.4123205292331959,0.2517335695840825,0.3719337760889629,0.08813994280488885,0.01304030524026995,0.01077888504309008,0.17025332180948244,0,250
2.214255472320185,0.28946923882527287,0.35484598330353623,0.1986461827932437,0.09909538646930952,0.00637603619239886,0.00498189873492237,0.1652097702193793,0,250
1.788459020606834,0.5989814584222412,0.15447935410985886,0.6081262561861921,0.08087823051731949,0.04467455772960055,0.0362051030157426,0.1371856390395504,0,250
1.949675865488768,0.33127396679784077,0.31896588068583137,0.2877669675374709,0.08751327778912435,0.00868562844843887,0.00680505854688432,0.1911180499000779,0,250
1.843528299776928,0.45898387267909624,0.19374987435970523,0.25718418566063167,0.08253406845831378,0.01508315480701593,0.01197743427782746,0.21404951593620075,0,250
1.9357866237083627,0.5181114047672606,0.16362888003032652,0.23246003941186844,0.08689238590863743,0.01927389999992147,0.01552801055391599,0.23663845036833803,0,250
2.029796811608012,0.4044769999421768,0.2565057521568096,0.3569459407016318,0.09118231176796088,0.01200732355301138,0.0099793232836418,0.16651405043173062,0,250
2.1510080606916357,0.3840995157057374,0.2598097841169885,0.0571833043417698,0.09624926388337422,0.00776691484546573,0.00529589124582866,0.2449829054554974,0,250
2.014951214907139,0.5903204206518549,0.07622133192760261,0.5132379696809104,0.09077612098864606,0.04879791012050997,0.04058254860934069,0.2071845042679589,0,250
2.156194451609753,0.34478330777352484,0.3463879946266689,0.3427978058221234,0.09682424404557238,0.00948881793464544,0.00819918061219628,0.11634071881669246,0,250
2.070198302201052,0.4320822524191156,0.17410866953090623,0.4162494377046044,0.09269587469523856,0.01741409210933221,0.01480041094601588,0.17090822776230827,0,250
1.9349623673017304,0.5052367300743956,0.17087017620204875,0.4140746843559466,0.08683397718469768,0.01698295160989137,0.01490161304641173,0.1418842590176998,0,250
1.8565562251860597,0.5275371619857898,0.16154221916541697,0.1671426481909934,0.0849312103050489,0.07979546398579505,0.05941947719363079,0.5541779686120786,0,250
2.029453891640658,0.399632553811955,0.24085612290016264,0.17621352698064977,0.09066251534317768,0.00788254860851795,0.00623564356359209,0.17661821494753285,0,250
1.9707457727956448,0.5408627947531472,0.1536576111608476,0.32994942097292757,0.08844895379088184,0.01515967681672817,0.01334161143701278,0.1537333725710042,0,250
1.8958276235875564,0.4981410927681718,0.21308450992224265,0.30745072181528915,0.08526975098173462,0.0159240639049119,0.01278537334670504,0.2025431286927334,0,250
1.9085328196138691,0.43286579362951744,0.2402791822477312,0.23421870418330423,0.08539854350824648,0.00914560257977838,0.00748098762281596,0.16404706239440645,0,250
2.1166176610080667,0.30427700262194124,0.4335825845936972,0.4418379096819808,0.09545830229595578,0.01326141470506895,0.01190996442763354,0.11763187001869194,0,250
1.99130107252384,0.7218383956133658,6.550307220909966e-6,0.6183252537366793,0.09011155363974488,0.00277745708269514,1.4039113167487506e-6,0.1275680300931639,0,250
2.1441730353221335,0.550528252477766,0.12583143311847503,0.30718301641371515,0.09646539591420916,0.03382605989493393,0.02726956295551604,0.27323980465848124,0,250
2.188479072559282,0.28764984327183124,0.31097882336877997,1.857721142654409e-6,0.09687073298718926,0.0037023599568966,0.00284881473851281,6.133072813073423e-4,0,250
2.170183150662769,0.2909309322587469,0.3950036753176822,0.3413495613347963,0.09751652031708152,0.00941802384476237,0.00796470468445276,0.14993990587775952,0,250
2.264927791859495,0.375790319645004,0.2781490791392099,0.3673990136466294,0.10198417177735648,0.0136407051851494,0.01055459627323234,0.21700206005486025,0,250
2.0514647357741955,0.39626307735931626,0.27969940410047983,0.03116264499523492,0.091442933109549,0.00566374595163906,0.00414913846284403,0.1843628207360921,0,250
1.8829372624255416,0.5149835061853753,0.2051694169341103,0.3177381460214624,0.08465938777718765,0.01397419488949116,0.01177422442125669,0.16791038227286986,0,250
1.8480467503068885,0.320531471865674,0.4195802507235337,0.34885191408292304,0.08340383048077407,0.00965121876657233,0.00835452596656146,0.17538987793421326,0,250
1.8536883189208735,0.5596045361997376,0.14143372604103027,0.4810737071988155,0.08338482890033021,0.02014185560674855,0.0183346319979824,0.11523158632659213,0,250
2.117328629558981,0.401442671138332,0.2429998182493989,0.36716459490178827,0.0948544081447441,0.01139585880701445,0.00981088373545466,0.13765126277274628,0,250
2.0727454995479144,0.3816247041802038,0.2393823526463041,0.0830576832417857,0.09242991174901986,0.00808478263412259,0.00576587353247197,0.2333408698906819,0,250
1.8147651200723005,0.4158941743568531,0.2656378742922406,0.4171867948846479,0.08178142877339065,0.01468436426639256,0.01225234267465874,0.16868985708828013,0,250
2.200279667023271,0.4533562986444989,0.240097346308085,0.5162849357530347,0.09916501198440927,0.01958595751934056,0.01748919055026209,0.113982907565065,0,250
1.8030316503944055,0.382362181104534,0.3279923305157687,0.4780846286421831,0.0812758407889333,0.01588387646698467,0.01386609069137225,0.1357796079675705,0,250
2.0553986531927344,0.39118391823576304,0.3015148118780553,0.3643009159256475,0.09235039769597536,0.01045472867982036,0.00906307594813998,0.12372628373397726,0,250
2.040035229033031,0.3588858923938261,0.3449394102981072,0.3746890000522136,0.09177472467291985,0.01086203427160212,0.0091690948666474,0.15017785558155491,0,250
1.8608722894615828,0.7031559457752696,2.9098210613915487e-5,0.5941524539204339,0.08374392427592804,0.001788713146474,6.357746770228599e-5,0.09630598617497506,0,250
1.8808114277424597,0.4388687574358395,0.21980623147891595,0.5308055741083704,0.0845739253201646,0.02206942796558604,0.01929732872612918,0.13049625896521483,0,250
2.1887855393788285,0.21952278960887345,0.46507608328424394,0.3713933370326533,0.09870785058322346,0.01097322558942064,0.00964816299841243,0.11925894193563628,0,250
1.830952299204341,0.2397057440130536,0.4334562960167032,0.22665852870239053,0.08206565040250209,0.00717332830957775,0.00576286247380385,0.10694705817885912,0,250
1.9605902937788475,0.40260601862126344,0.2758849096280708,0.4834507289470356,0.08819142245104063,0.01730057200098381,0.01491906291322618,0.14265257724894906,0,250
2.0479826234863734,0.2843011147348394,0.3454329252323795,0.12990094759479998,0.09137184418453236,0.00537549588041401,0.00408269516272269,0.15791850858582926,0,250
1.8757189248581856,0.7641777337183125,1.5031021885840226e-4,0.6480957376076513,0.08477930419529604,0.00249112222140184,2.29091631246157e-4,0.09692505591988268,0,250
1.9516699893662672,0.40135246162572974,0.2949503728956209,0.22701084208340905,0.08769115889704204,0.00933319685585261,0.00691956736885144,0.21087343890705965,0,250
2.1535318346153516,0.21908922698736452,0.4866758849307286,0.39481708602517174,0.0969640656735163,0.01195524979159051,0.01054784574140412,0.1120177486536542,0,250
1.9387807124674452,0.5371152274533744,0.12971408266557544,0.27521787825801314,0.08737794830228383,0.04485721241455471,0.03506993521279739,0.3466467762800768,0,250
1.802927081944097,0.5792057854822811,0.09535285595471855,0.5106973054352462,0.08124899394296745,0.03620714332587836,0.03068619983598751,0.17506951002662596,0,250
2.0237399720981823,0.4311106854555613,0.2669775820323473,0.2902063058668658,0.09077672576536368,0.00919465817167494,0.00774143565848084,0.14160591061879746,0,250
1.9325458637489432,0.4214439132570426,0.2370276531177599,0.3359294120655338,0.08651607934602162,0.01054062655698985,0.00909599625371397,0.1352826656670671,0,250
1.890337307553489,0.4697736813456595,0.20996449179923407,0.30209561297465615,0.08478244552393087,0.01356194332735844,0.01105372924769225,0.18403782036537708,0,250
2.0800578822675253,0.45880127713989377,0.22722530200856633,0.2455996191417009,0.09305983473681,0.00870029501849794,0.00750730192581783,0.13616890972612997,0,250
2.1928500658723795,0.6507478113214801,0.06217469676987742,0.5489152421768898,0.09889532139288525,0.0470451234885993,0.03964756117775937,0.1606972662990926,0,250
1.7900527326771531,0.6511149195339961,1.7196784053440858e-5,0.3929950191396237,0.0802796453205504,0.00158375692092159,8.531441171069449e-6,0.1129809846009842,0,250
2.3855726487740267,0.398352591613895,0.2349516869317222,0.3122694321717237,0.10704656032933887,0.0128627304603076,0.00998377277804648,0.2109977043628873,0,250
1.981606042485691,0.4164170485454318,0.24406734543201003,0.17407566466241223,0.08913836755836775,0.01413282409119518,0.00970504359499441,0.29406675381668856,0,250
2.064936017895667,0.3105688132135492,0.32232801998897614,0.1831618999882789,0.09234805580478352,0.0064736371636115,0.00487031516678837,0.1855365518322096,0,250
1.905583848822911,0.3301579826208695,0.3312847310304722,0.22866029929684373,0.08532951074175141,0.00692006554073696,0.00559889314462124,0.1416797495319933,0,250
2.0108197034380195,0.7152395906382792,6.649450098257475e-6,0.6665098129009286,0.0908539357236808,0.0027039794544072,3.876574562818569e-6,0.09699575477378963,0,250
2.0638188301939024,0.3296870194961135,0.2870487857011838,0.4586931688004834,0.0926527100147148,0.01450314172008282,0.01249714123257666,0.14594003123411714,0,250
1.9124596904656672,0.5527704698632916,0.13835052706546716,0.5709795232953412,0.08622463444844473,0.03884538898200623,0.0319953071957088,0.158062067531819,0,250
2.023828789503548,0.35672307358213795,0.3329782779285332,0.2922532650609361,0.09096818899676529,0.00872575962806246,0.00701826621371128,0.17494949143338714,0,250
1.896319725463812,0.4092880058185393,0.2791812628468808,0.30967966329477675,0.08499388026133957,0.00922361198673993,0.00789011846541653,0.13461382659872334,0,250
2.100191125122658,0.5909342322544163,0.07497858626586168,0.3149395004188535,0.09386614094138128,0.02021441110378256,0.01820590636488069,0.16830562686552086,0,250
2.0378938753016844,0.41739768311540937,0.2687438474539675,0.1514377743521388,0.09104159835608557,0.00687824866177533,0.00550947070346147,0.16055418652855363,0,250
1.9884738855485944,0.37554032755594247,0.3157519628594859,0.3082473911869011,0.08940250294680144,0.00933215835986185,0.00761069255572545,0.16625797223079494,0,250
1.9271156280248831,0.4260478168484881,0.2166797865002244,0.2697248585867698,0.08620581482174176,0.01083905786917814,0.00884256331190689,0.17870749558404886,0,250
2.1405522296034247,0.2365040871885986,0.44808180673979625,0.5008941569347367,0.0964035507709648,0.016765440542076,0.01540679649170165,0.1289607298107251,0,250
2.0028784551413192,0.43692722298406184,0.23233628103061332,0.21369876291652992,0.09039701350038834,0.01696440030455698,0.01196524951549378,0.3006596586097899,0,250
2.1726717418938333,0.3936329072078825,0.2517173083396846,0.4733833973615206,0.09789408893848164,0.01844391732540219,0.01542443589485629,0.17089215297130916,0,250
1.8421363040615084,0.55090179312291,0.1499957130955094,0.3510587627228526,0.08265956362058818,0.01767589397965088,0.01522445344828031,0.16528546819684525,0,250
2.0590179535082616,0.20027247235534473,0.4902960678561975,0.5373548270984652,0.09276531931512871,0.02015488405475083,0.01878475463627703,0.10861739096313844,0,250
2.154305598331838,0.7079496002913255,1.997964445591392e-6,0.5818849279329961,0.09698648925826536,0.00195359818520324,7.284321133223357e-7,0.11171620053854524,0,250
2.0875922230243233,0.49939914447067874,0.16174316734119062,0.2787362572151525,0.09335125592090164,0.01626703301057464,0.01342796282362609,0.19715338894996004,0,250
2.15203134283111,0.671389385260507,0.0387423138377633,0.5971860933109401,0.09705270547916572,0.06065970027457398,0.05040178248588116,0.14857141870847174,0,250
2.2985276145801663,0.3723114564832216,0.3154722127454714,0.53972954956504,0.1036299649384102,0.01987606363894951,0.01786756968478954,0.11250167674123328,0,250
2.158619446107644,0.5092131822507491,0.17072265903587333,0.3709613270882637,0.09692187997011016,0.01939689740974785,0.01612000541925735,0.18856962234180064,0,250
1.9191313332135551,0.3679515112116726,0.2922586901962736,0.07360428641405718,0.08557644903507994,0.00519617278218148,0.00390725875288413,0.16151050989781504,0,250
2.0376207144637957,0.4281490899987314,0.2859704881157881,0.3182662051090057,0.09150574155036097,0.01066618938499534,0.00866705785012836,0.16833925914592435,0,250
2.0689407485229196,0.3274363558038012,0.3042107254310908,0.14006883506776588,0.09242042749541124,0.00607171938784161,0.00445848431128855,0.18933010694953975,0,250
1.8458084888108768,0.40776341562246343,0.2888560830911804,0.23060791779635273,0.08264174838601845,0.00705697512799555,0.00602034722355232,0.1216083031405235,0,250
1.9294598573005364,0.3489519964085927,0.32067908085930025,0.40271743216275846,0.08704294917896224,0.01202947332447926,0.01032925018189316,0.15143846728862678,0,250
2.1966005056441515,0.34821977297581314,0.26643873121273093,1.3376660355736902e-6,0.0972245182143591,0.00320777407614281,0.0027038831900506,9.564940435151636e-4,0,250
2.181418021499605,0.5011500490644747,0.18401469884894328,0.3831537507605962,0.09797615537668834,0.01432221109077424,0.01267914656866482,0.13675331225118703,0,250
2.006042702720776,0.37358794349079816,0.28910260495828277,0.5153466677245114,0.09016478026697072,0.0181102102391462,0.01613793877936394,0.11873419837982394,0,250
1.9005516279003631,0.30900069638494304,0.3986610232729136,0.3815979567434106,0.08546182644372746,0.01053459401625537,0.00923175519212621,0.11185883993768976,0,250
1.969047312188136,0.49559671573562514,0.1991970606375972,0.3931025438929688,0.08859659629566466,0.01795805211823737,0.01495409372307477,0.17742977596188683,0,250
2.1455025714185165,0.5250025114225965,0.10433218214432673,0.30534635300920143,0.09579043258545904,0.02038343310169095,0.01753969417956038,0.196676024292686,0,250
2.029575544919437,0.5212843577159495,0.22374957382648225,0.642491971499003,0.09160917707145218,0.04077719277192723,0.0344090806116378,0.11678556360608423,0,250
2.0168785701317526,0.334963877137754,0.2916532207231467,0.2894788614601337,0.09068635642836366,0.01031784494612434,0.00751260869716857,0.2385854827941225,0,250
2.123760471821801,0.4038826500920986,0.3707223669473647,0.7028668394160795,0.0959599917137718,0.05011513042343159,0.04507054954831213,0.10241416417736318,0,250
2.102149142774723,0.59518553756757,0.12315093476341592,0.47324394693869415,0.0948704692158244,0.0394622130122465,0.03224453086901475,0.20712014533126616,0,250
1.992056853646475,0.367174435056952,0.33982312696015504,0.30264053763417936,0.08951005184703467,0.00858622879896939,0.00718659926417762,0.14145037515984046,0,250
2.2621383113111286,0.3809717010640033,0.27808832545640944,0.3210210195591165,0.10166489744565683,0.01137407143910098,0.00879830924067189,0.2035865550495347,0,250
1.9440500728754175,0.3349457144161404,0.3125281257227711,0.27022645317244826,0.08698446600523288,0.00776414951921525,0.00639045789266607,0.13831699510335221,0,250
1.9341405552346285,0.29837007542466587,0.3845054708937764,0.2841496100307608,0.08691198317057763,0.0079656595808602,0.00659542490209242,0.14970564631797365,0,250
2.122041936941359,0.46638352288537066,0.18742343277068532,0.3604917154076048,0.0952109909040732,0.01496131665609952,0.01269108389170258,0.1677326868105658,0,250
2.0283192491332067,0.4783138105421991,0.21282415367649085,0.46327107144360286,0.09130440004560351,0.01927034557383427,0.0164298519268007,0.15446581666267753,0,250
2.118825526975141,0.2977896295482677,0.3336733103500483,0.2590277786620065,0.09479354651454457,0.0073747250566525,0.00598358517184006,0.1450678511724665,0,250
1.9514186998887468,0.3991006244215056,0.3106875246150434,0.4868362896270328,0.08796479307763132,0.01645450907143797,0.01453022155202765,0.126445512198442,0,250
2.125577899691274,0.4530527047802947,0.2066087123616891,0.24875871237040492,0.09519948925341488,0.01387883881343694,0.01081485376290658,0.21963259630278784,0,250
2.1773858941240967,0.4939770264949416,0.1963418235956436,0.4335569316666789,0.09777494513922502,0.01563441531525637,0.01393196016938569,0.12343093128638734,0,250
1.9638472967807656,0.43850432862447297,0.25292781559733335,0.39059134727579736,0.08831933545815493,0.01336636086518324,0.01124545086057223,0.15522727630100583,0,250
2.0738888862990645,0.3843198702738295,0.2672998847366821,0.3752800695905188,0.0929227126230325,0.01141362648308937,0.00970982958770129,0.1421612119553912,0,250
1.8700833917840591,0.39591016053290923,0.2695972979394787,0.288341805287431,0.08380974055836513,0.00946477603729771,0.00772651700812366,0.16083604988350747,0,250
2.0644983525036844,0.3607836695270122,0.30096043091636293,0.12671655523593017,0.09218748379565146,0.00600997192697062,0.00452257339165851,0.17231552243827772,0,250
2.150303960819343,0.6118580166667467,0.02576279365438241,0.2735261221675814,0.0958582308307398,0.04500835742895293,0.03948094396772349,0.27315110133934795,0,250
2.002970376094978,0.2697428374377695,0.3487373165538488,0.5591976001417077,0.09016816502993236,0.02119763022934324,0.01914193850840548,0.1416201448168384,0,250
1.9534173540773825,0.3544502350194413,0.3164738877767246,0.20855769557196488,0.08735018233421621,0.00639692549097988,0.00529017584617835,0.120485977530923,0,250
2.0274328892087023,0.4384135036355918,0.2294863942850814,0.4655320225787089,0.09108261946241536,0.0165730834102837,0.01451478501953318,0.13021732130960206,0,250
1.9925906357598808,0.38156890041042385,0.31814645717543627,0.1969083350431868,0.08936182754374514,0.00629471959031956,0.00527146718603602,0.12089519513358617,0,250
2.0129904861323964,0.4012593080024016,0.22194415854233185,0.28570205184681946,0.09001778246666002,0.01053739233918577,0.00849433975678331,0.1791861731302473,0,250
1.9055916469678105,0.5286011533114001,0.1886184697930033,0.3996421312503969,0.0857979003243249,0.01925580919217842,0.0160632002460984,0.1717430216247528,0,250
2.1190483898849526,0.5355493700282695,0.04697272944926043,0.38974515871215265,0.09471492513095654,0.03657752589625022,0.03131123016563949,0.2346870824210523,0,250
1.9768813482828351,0.3358572125248097,0.33659927036767545,0.4233155475478723,0.08888507213093481,0.012601288689861821,0.01084271146460175,0.137537007994703,0,250
2.1049669360532306,0.41866776096657576,0.23551396904388677,0.16435975075424716,0.09415196601206428,0.01000419492413307,0.00751585242863374,0.21994539276265268,0,250
1.8990087649149692,0.5554090133463483,0.13858278231281762,0.41983203600563856,0.0852882722811734,0.01964743661075916,0.01746295327850989,0.14363525024526055,0,250
1.9524956869652248,0.3280422841490335,0.3083854923715608,0.15399725393849953,0.08721586150707622,0.00592938761016816,0.00454538984268454,0.16201254410939217,0,250
1.972771869401096,0.3513579651161699,0.35524397920450007,0.3620391328009819,0.0886642113347772,0.00983473831559905,0.0085988733466045,0.10619111657844148,0,250
2.06788909739623,0.3419895652017311,0.3398445517896079,8.797086332216362e-6,0.09228291484952995,0.0035307574278827902,0.0028206460456611,0.00276640399326475,0,250
1.9227325257274877,0.30373331454559627,0.366502139187176,0.4042219694780171,0.08650160165185598,0.01170884115078412,0.0100442039232862,0.14937122703393968,0,250
2.035724451816215,0.4353104189405729,0.2669524567140845,0.24847063306586192,0.09128586769109456,0.00805741576508597,0.00681548112283561,0.13499489501538325,0,250
2.1893778594594275,0.24902363208430217,0.36751787792848184,0.1508862090497344,0.09854056612312471,0.00583008062297767,0.00435452721956289,0.2562226065446013,0,250
1.8909127736768625,0.2647252444779664,0.46040990103411095,0.5414890861180469,0.0854099733734837,0.01979281933876716,0.01852413306424732,0.11481364792711923,0,250
1.981060696075314,0.24141954650466504,0.4605545352090084,0.3555605537161931,0.08918216107078282,0.01031192846545622,0.00888902182755578,0.106570393278437,0,250
2.1129097034633655,0.7212336735399129,7.5228111811599715e-6,0.6933770208404979,0.09534456401004247,0.00377469666416203,4.720621806414996e-6,0.09725660239975024,0,250
1.9598488703934995,0.3485238874630618,0.26830510695782256,0.29040090716492084,0.08759022209783987,0.00891912565460065,0.00733675462031856,0.15473230622377,0,250
1.9449596390092856,0.5053275241399565,0.18662822220988656,0.4629372994196907,0.08749697177675532,0.01981547906155605,0.01712599663285721,0.1430189806538647,0,250
2.040352928558543,0.32539820972607586,0.28992169849372657,0.03635125338708583,0.09063471606186616,0.00463650580281411,0.00340053239457579,0.1678941929391514,0,250
1.939310389297524,0.3306286622329155,0.36903075111062184,0.4466900211209647,0.0873188376979568,0.01345478043303428,0.01180989122921127,0.1303267115572638,0,250
1.9011590310464253,0.4271477578464547,0.23267209057708377,0.01425330862487486,0.0849464250373931,0.01094081663220017,0.00761185762667857,0.2810135609115025,0,250
2.1037082024606737,0.4408178135992383,0.2597639003244652,0.5649451709604045,0.09497764173708834,0.02766828084299746,0.02281727275019282,0.15106743246871865,0,250
2.0346638053873436,0.4800379836031222,0.1990496418276887,0.2070770681445411,0.0910814159539536,0.01275033489050824,0.01024658438310496,0.20825121006579428,0,250
1.9944666410373584,0.49613962516335475,0.18075413407711596,0.5624943633561339,0.08999990447856998,0.03289201495777794,0.02711956697372749,0.161569206171326,1,250
1.915984258266293,0.3692278729550861,0.2870536597084451,0.19761989151273351,0.08568950987680639,0.00689352630151225,0.00552714619095522,0.15340137991479524,0,250
1.9511458007251856,0.3662081426604886,0.34087232800352407,0.4861824988317861,0.08783981288212035,0.01566635542111584,0.01402390106595446,0.10901650040889664,0,250
2.150129918664832,0.34269290714057576,0.3097502892635371,0.3508497304644163,0.096400643680404,0.01019602062956131,0.00864668447608678,0.13574904026590545,0,250
2.0786837789052415,0.4881277462941743,0.2076295403788232,0.3831839347065848,0.09334175158934728,0.01323627207765059,0.01172400078053682,0.12970153570789256,0,250
1.8840309163857116,0.3826108662342667,0.26329903609743716,0.2871763046733293,0.08423107136249028,0.00867564385356406,0.00730598480391354,0.13746357205124693,0,250
2.1710311947749745,0.5462487871860171,0.05917157626530228,0.3462030855814943,0.0967585877278934,0.02217394431073778,0.01986199670559897,0.179018657002367,0,250
2.087168863649422,0.36177983142985287,0.31287476939666686,0.3391396361598413,0.0940052722702303,0.01081006280920802,0.00845125474604027,0.20196517270921613,0,250
1.7770244421089254,0.3950846267424896,0.3208065605584191,1.078591760507946e-6,0.07905258304834557,0.00333540947877509,0.00279202597644349,4.5546169771013435e-4,0,250
2.095135276093488,0.3551681224885732,0.32856288058276517,0.33551536608804694,0.09402614953452185,0.00930458521377164,0.00786518922180459,0.13824500652101482,0,250
2.0913977432173843,0.26919224893465615,0.4092807944750114,0.41019145032536686,0.09399807884584604,0.01181800766279483,0.01031113526771559,0.10716375830604898,0,250
2.053138213669094,0.3794037961398988,0.322589561309013,0.11346325514293432,0.09184376240496872,0.00517340346710901,0.00415290308973737,0.13216532930646524,0,250
2.0499103132218983,0.36951707149795376,0.26429662169670176,1.6856899931141123e-6,0.09083066736538468,0.00305463511729533,0.00261631565616857,6.416762406589546e-4,0,250
2.1364211320425657,0.5288446065360238,0.12843338329540507,0.37740404560484425,0.09574000107548936,0.02091153125967693,0.01782204454540289,0.1806215843825043,0,250
2.198998623213968,0.5466039808458104,0.0921824007905131,0.5021549675596529,0.09852779213861708,0.02449995363775161,0.02230949076262844,0.1285896387388165,0,250
2.0066155161583428,0.3636893271753342,0.2713455988533854,8.096150863968983e-6,0.08907692904716705,0.00312500620036352,0.00267421735696271,0.00307266996594442,0,250
1.8940184975774468,0.6916914570340226,0.00637467972820138,0.49411690389406093,0.08514769857241722,0.04889563605770622,0.04323606195677424,0.17230543330297288,0,250
2.0458042389345388,0.36874109603522015,0.2924614706458139,0.22445764885915873,0.09155516857920472,0.0073521279979485,0.0059134888517659,0.15446788979423573,0,250
2.0306694845046844,0.41114816396423737,0.25623667697880503,0.4481780635003613,0.0912835258010464,0.01521531820870191,0.01310757922699791,0.1413643276389509,0,250
1.9584518483639215,0.5654040506422823,0.0979092124142558,0.3464295194806655,0.08788691647323638,0.02610741949994239,0.02238094893008199,0.20399285408895457,0,250
2.0909737945768216,0.27664161164550627,0.38645774598912386,6.971530449207098e-7,0.09334089238486992,0.00398001444777718,0.00290488571548855,NA,0,250
1.8689349325307203,0.5852205560216267,0.09253613168154438,0.43604792866099473,0.08379483586863316,0.02509874864112076,0.02225623460919268,0.15782235066337152,0,250
2.1246351874074065,0.37233710627784505,0.2752351193847498,0.34108252189606836,0.0952214979604412,0.01043278175631566,0.00857362814287062,0.15939438530578195,0,250
1.8239427721236776,0.6618206840447289,0.0674190034739757,0.4907059277571813,0.08192560318343778,0.0309329043668896,0.02746620302276663,0.13851518546669012,0,250
1.9897779202547323,0.2933293920742487,0.36205941004634434,0.02472031799729357,0.08860335661328156,0.00400722086689439,0.00301458516101112,0.1134544300534934,0,250
1.9065461925390188,0.35700764335054413,0.3112384083658989,0.2916021587819306,0.0854372234855788,0.00891043358512256,0.00721947927251283,0.16409193661145774,0,250
2.006367236358951,0.4003683558535433,0.29317038203382273,0.41144303213020217,0.09017256216807226,0.01221553871577518,0.01076498134914405,0.11797386738002996,0,250
2.277997833318506,0.2719264658022834,0.3698223958571812,0.5216304356605,0.10250703204976835,0.01794625784517681,0.01613939558188201,0.1452004642518551,0,250
1.9945800526236228,0.5075718414268029,0.16913778340203375,0.4629982921234315,0.08986092536840173,0.02553226089296165,0.02115162701248332,0.1869499642844291,0,250
2.218742791262078,0.4180474527933869,0.2301180204434171,0.5206498631833634,0.09978268005334272,0.0218166821129592,0.01857969788936386,0.15027237875017188,0,250
1.828199631825459,0.3191097853427366,0.3342055580438386,0.1988098494303724,0.08191971002150832,0.00678283902907406,0.00518044003607018,0.18333871492597553,0,250
2.0214633301364486,0.26167096160259556,0.4076779992630362,0.10200227588491484,0.09040624016807956,0.00506543998737912,0.00388920855941917,0.13568133586985656,0,250
1.94242312767751,0.34320273142076857,0.3243612754825888,0.19521022987861145,0.08680853348684266,0.00626689126977917,0.00506331258336719,0.13222642107844293,0,250
2.101273044995963,0.5483354713365592,0.12752119060540146,0.4690221635281103,0.09437713482868558,0.02242102823800205,0.01987194554985382,0.13779338075021696,0,250
2.0830014096835043,0.7037196164097728,0.02361136129010609,0.5969820464616212,0.093815065883074,0.05145497651530446,0.04414778947641479,0.12998575341590535,0,250
1.9702949893701192,0.3424800730283563,0.32342069479194585,3.2521819162041777e-6,0.08777857457039669,0.00344343861504252,0.00278803586980382,0.00320130589858318,0,250
2.034419502778764,0.3929643474848915,0.3213899745584741,0.137467120859783,0.0909759377045756,0.00561075961901185,0.00451289979403028,0.13634596298305923,0,250
1.9275871813110976,0.30787189207871923,0.34051200137213616,0.28938192566396426,0.08634109321927184,0.00804137733458041,0.00657139258213764,0.14356078065637853,0,250
1.804384829677367,0.511547725842327,0.15522745148393494,0.3832456940252606,0.08160867275556802,0.04016978381310404,0.03090245145939666,0.30426211243425477,0,250
2.0545504677694075,0.3842724649954813,0.3168149550563404,0.2225715566195185,0.09206508616332136,0.00699216619791283,0.00575794500137976,0.1365521433426482,0,250
2.2004800015627812,0.4470250440699619,0.25226559381600944,0.2549409173479882,0.09857592288081406,0.00870005834903424,0.00731957788584921,0.14170582961883715,0,250
2.019549497579333,0.27419212238163804,0.4120616847004772,0.14871282984759754,0.09046152444686512,0.00564809161594632,0.00449142998593936,0.13311277516829964,0,250
2.0158149458161514,0.4015596625858786,0.2841715344172081,0.39717165427084544,0.09057811868749507,0.01247595900839615,0.0106500340492446,0.1433942162602447,0,250
2.160216852617544,0.2224331238387789,0.4218811622176852,0.19356273077911704,0.09663481073402044,0.00657559726295127,0.00517016950763503,0.1122780309752639,0,250
1.8816080898415115,0.676909894011445,2.994567946565643e-5,0.5128316991517975,0.08462826417996669,0.0016638037082176,2.1153511910826607e-5,0.09483735983670027,0,250
1.851220392860108,0.36161964976649275,0.3228860013362279,0.32968711013144164,0.08310589046911944,0.00955626863562835,0.00794651480829149,0.14871260737459066,0,250
1.97116627172231,0.6723061866338782,0.01677855633745417,0.42720657427867287,0.08841150581027951,0.02332753125256779,0.02103113604159623,0.13984546571022485,0,250
2.0339099738065793,0.47952027309434025,0.214437026118984,0.07366285563736366,0.09067406132804376,0.00840439350121808,0.00678527770493226,0.18483196270276825,0,250
2.0767284289630092,0.701324076975889,2.2826754769680543e-4,0.5128048547387066,0.09336705123909148,0.0018630998161377,4.348179886816298e-4,0.09469597713388692,0,250
1.8992604588167965,0.322148861438401,0.37503638695133673,0.4195341726770488,0.08534832646840111,0.01205023551771415,0.01058996599165801,0.11471198953621067,0,250
1.82176867758313,0.4450821021319925,0.2522487350974412,0.2863956196375633,0.0817703926821457,0.0102464149884806,0.00845386792796392,0.1614181019306533,0,250
2.1790663289248515,0.3331228701582261,0.3293308894081311,0.17749935425445593,0.09746607325390488,0.00618158546424621,0.00483457927252447,0.15416918304848326,0,250
1.982232531942627,0.5715684026928731,0.1365202713671229,0.4707406645231406,0.08910927820542984,0.02025055787628023,0.01836628377273637,0.1189802548939966,0,250
2.0877976164096257,0.459149134016835,0.21590892007532655,0.3847295022756263,0.09374738450136448,0.01402593047516604,0.01204444609696682,0.14914076064586446,0,250
2.11143357700159,0.5949134969372375,0.10079572352069333,0.3667331086179523,0.09581462981149531,0.0775469073296871,0.06150040235640454,0.3703731563007961,0,250
1.9894031973941635,0.3220874039548738,0.3588672369510779,0.06429856114258253,0.08887856582409881,0.00450510309612541,0.00341672512349854,0.1400639238865419,0,250
2.001026437551205,0.5035728597075759,0.1650039215952068,0.3952231547926,0.0900481003067368,0.02217982045951729,0.01829677644502409,0.20327751898496332,0,250
2.083473231990499,0.635440980062085,0.0212216586261711,0.4547714908805925,0.09336364843264144,0.03502074831255279,0.03117894633896764,0.16631060457983024,0,250
2.033322260762787,0.557885715308868,0.1778127198648828,0.5334772048099632,0.09152734305275743,0.02540524395603624,0.02204548492195495,0.12400920658411278,0,250
2.004244174932406,0.2485392854341492,0.34639007933544985,0.0939291840418588,0.08964098040445831,0.0050727058193722,0.00364476934406237,0.21359540012721645,0,250
1.9094753469840349,0.3551380011545569,0.300632983573813,0.3174775735597021,0.08565664604608512,0.00983078287966198,0.007865175943698,0.17293090255696042,0,250
2.0079789577046943,0.6923575123720794,0.01766011188735682,0.6316508922986516,0.09057744326813752,0.07920837387434743,0.06375445939943704,0.15884417315162225,0,250
1.949615762538949,0.40724835486510463,0.2997339777743255,0.27664505024012653,0.08756292006240785,0.0089105625746605,0.00741080494148279,0.1410729567861269,0,250
2.1115558835056207,0.5148873751002265,0.1781191026939259,0.4206587408057353,0.09486830163989585,0.01856783386322683,0.01603338459888704,0.15341764126699,0,250
2.05498995704006,0.2629973549308391,0.4206221948141086,0.25034122584488877,0.09223407054463892,0.00739254303653905,0.00608168986639711,0.11009121226815696,0,250
1.9727613671416515,0.4302016303086708,0.24443575142390203,0.24795000195610672,0.08854253711620212,0.01214849626010378,0.00915610651618252,0.220967173954008,0,250
1.8964759479894011,0.6034938817420878,0.03582616510072561,0.49082744244100257,0.08515139738904623,0.04065393295418541,0.03538223890773574,0.18073861072706748,0,250
1.9997586677047363,0.7130048404967009,0.00352658508364157,0.5784509464355198,0.09012021161619824,0.00707868654307474,0.00466694584793088,0.10663353835163825,0,250
1.810385573739243,0.4497750974046564,0.23159863775628384,0.06769338511960568,0.08078871469321099,0.00662105170200098,0.00538545677665446,0.16521770769472555,0,250
1.9532830703962791,0.37875309285627345,0.2749205350783863,0.03289827228672228,0.08705948014222203,0.00607686425461474,0.00434314727611602,0.20419224339208317,0,250
1.8747926602195717,0.45721678983917,0.27217537526964836,0.3834721380877795,0.08438309833989449,0.01294968640228474,0.01102425518887508,0.15173408772031335,0,250
2.0875213718934393,0.342873592057171,0.3640541110069348,0.27453944914318956,0.09368445298587148,0.00777231687752596,0.00647317769725568,0.13010598149734748,0,250
2.003400119374292,0.4370057455384826,0.2656601820857599,0.2789187323012045,0.08993639617589608,0.00869542859215385,0.00748189299965075,0.13151523679811275,0,250
2.015966391251436,0.5618741588931718,0.08850120546063879,0.38127292911330746,0.0904225902451812,0.03164562648911677,0.02677119997247421,0.21777509749858268,0,250
2.1102386420876043,0.4021124091705373,0.19327909387006853,0.3444971179450275,0.0947233252133882,0.01727803189364309,0.0133896435701754,0.24035018905038016,0,250
2.027779915519393,0.380279056600475,0.244577066416398,0.10816750437953254,0.09018538928603534,0.00562471856971789,0.00457933362937687,0.1443516574405369,0,250
1.929296779506075,0.4875683785647861,0.1833115083365912,0.3992570010924949,0.0865091379998299,0.01605936180803572,0.01388553135742523,0.1526096165438624,0,250
1.9684078432019871,0.5001919885187115,0.2077830955939468,0.22452349043432265,0.08823173547502569,0.00868091982327088,0.00757609941444758,0.1379204375917138,0,250
2.0935532233244465,0.6767728152242976,1.942602585946798e-6,0.2974428232518454,0.09363027265225718,0.00133358464974179,5.211130624323949e-7,0.0954539383021762,0,250
1.946531496297062,0.483112595320057,0.21059501883651563,0.26938825186052623,0.08723765008939766,0.01163330531356092,0.00972857807886225,0.16722787439618095,0,250
2.1504118259531833,0.7168559454805945,2.9515904759397096e-5,0.6965719075575353,0.0971102161672419,0.00421024035132336,1.9380212193479084e-5,0.10720009426397326,0,250
1.8458653431845065,0.413636779558193,0.24317152731290137,0.28598427305511276,0.08287273424968208,0.01194534280487495,0.0093106889203993,0.20733596940131,0,250
2.057696206716011,0.40893340003691053,0.2837053752590362,0.4645382007902365,0.09258247709526862,0.0151134429010183,0.01325874379407095,0.12366911802890024,0,250
2.1409637331146483,0.49267626064004655,0.15531469275028356,0.26375441530575455,0.09539429511426382,0.01334229498081791,0.0113585508012932,0.16885252939440473,0,250
1.8110905001637776,0.35816752902412025,0.3246854212166122,0.18423934726189,0.08110166591870624,0.00617105567325878,0.004982223724802,0.1402783292290416,0,250
1.9646188747228623,0.4618531663368217,0.2028255288095616,0.27689100658630916,0.08782343673917083,0.01009019419986279,0.00875483617039443,0.14187412707383618,0,250
1.944629869753455,0.2532510743470379,0.4249092766452016,0.1514233102633265,0.08751319121420309,0.00574234900205666,0.00472464856776385,0.2032409713508558,0,250
1.9790416600153264,0.2655309512945351,0.4563410015620669,0.2618721592627174,0.08901988073642937,0.0077636058617994,0.00656702552973465,0.11972426465461722,0,250
2.010882520581095,0.47416681011447925,0.20972239774471688,0.4161272312888102,0.09036966662890202,0.01566957592456083,0.01345123260987424,0.14750737980067608,0,250
1.851838632624216,0.39594330255484533,0.2522541348011831,0.33566023753387686,0.08306550975893384,0.0108039104207137,0.00899913364257383,0.15475480827922375,0,250
1.8314658250183264,0.429237829123557,0.27191401672211035,0.3039209609877014,0.08202570458062453,0.00896569676876369,0.00774298256767381,0.12365371359534598,0,250
1.9362270422710917,0.4773948732543262,0.2099384984346357,0.1495600588057378,0.08654078967450198,0.01196471189673649,0.00929060216683801,0.21599108114693483,0,250
1.985889410295262,0.5870507749405315,0.10655691806403154,0.5308897519237151,0.08931246159051523,0.02697523886324,0.02437501611652621,0.118729219185542,0,250
2.1031954412534346,0.29445183435637806,0.35801958087274094,0.01590869876912407,0.09417178172944084,0.00457712703466403,0.00304026870374427,0.24215069888720517,0,250
2.127736944868978,0.3379262287019545,0.33677523140359095,0.4205402202808103,0.09564298988975636,0.01242405215655767,0.01089637304728568,0.1204156344852874,0,250
1.828232458979612,0.26149931699109424,0.4521389344461835,0.36985089521405107,0.08229268155575338,0.01065244076804736,0.00937713154391142,0.12054873675304112,0,250
1.9278958635742631,0.5041475022410438,0.1624910948052155,0.45048812870947513,0.08666861119426757,0.02358318103734784,0.01975950619770536,0.17838763747403183,0,250
2.105015939537936,0.26759719805456983,0.35077179100419364,0.4372007344313345,0.0945672259779991,0.01263934613684165,0.01094933915519863,0.14418352921284172,0,250
1.9313640668163352,0.6494587765254228,0.07095027549163826,0.6164510674370578,0.08716789443689525,0.06023169796082624,0.04834373209196562,0.151018537256574,0,250
2.028319260658906,0.44943982505214,0.23289287412559587,0.29980350328372,0.09132015366017177,0.01460055929346415,0.01129432667178236,0.22080965523101168,0,250
2.0211788138872584,0.44095330827634127,0.2635041793974878,0.31132576618173435,0.09069719458477656,0.01025482605330731,0.00863608089970803,0.14782555102652917,0,250
1.9770496875914776,0.29656819962745895,0.3853081506763171,0.17187669443967704,0.0885997276585125,0.00580140951626562,0.0046365799743063,0.12750977327680196,0,250
2.0917442372419908,0.3458700194658742,0.3462422059091455,0.28490568612732187,0.09367611521739594,0.00775861529503285,0.00658789981855114,0.11020790375455732,0,250
1.7718413002869315,0.31121215825673504,0.31235084619089126,0.12986949800447783,0.07842551144225114,0.00554175609907313,0.00419766258130655,0.15594977228358803,1,250
1.8781027610466623,0.4440318595266684,0.2726638984690514,0.5265894696076623,0.08457260120151193,0.01885429411118069,0.01715216686645174,0.09922265616165336,0,250
2.0248158169230206,0.31634682056508856,0.3435092092599453,0.43101774463618414,0.0909577423166096,0.01276669946594455,0.01103453123697156,0.13868257246385177,0,250
1.991399249746888,0.2033861917850905,0.4556852570244704,0.4521131999741566,0.08950413764672346,0.0142993139727736,0.01262542336530986,0.1019240052312506,0,250
1.8497201003867023,0.3560230672512168,0.2902511282789343,2.9168076378279423e-5,0.08208780360245406,0.00324792232057003,0.00270994933060691,0.00514599628175804,0,250
1.893900001898173,0.3561225186446623,0.34474333507856464,0.44777002095856194,0.08529726496388425,0.01403495477577664,0.01203702293534129,0.15614600145706758,0,250
2.134309390737965,0.3567284015561399,0.36128390934656424,0.3875418844635577,0.09612591066184709,0.01084271610540322,0.00953563294280157,0.11526306671476416,0,250
2.0241902639875304,0.33601760977549416,0.2847990379564564,0.20552613774652745,0.0904068649003534,0.00714222690900608,0.00553907088611828,0.1748577674401824,0,250
2.0264310344598546,0.3729822249545508,0.32023360584064875,0.02552122726239775,0.09066029109496024,0.00514732828826197,0.00362339765634055,0.19259715354610327,0,250
2.190636301940815,0.4579656736810112,0.186434016275416,0.4439862637473824,0.09835087643480547,0.01925065341553062,0.01639312270961394,0.163926608981551,0,250
1.9838413427912864,0.20881549966374507,0.501782804213385,0.28202321216642867,0.08922565649821317,0.00870589303319257,0.00728644525766817,0.10067647554128274,0,250
1.989125618467925,0.47814014600497146,0.2288785756126012,0.3394129119688688,0.08941175442701135,0.01260543088010929,0.01071025577359791,0.15445905343103197,0,250
1.9072704026751113,0.30326556007521593,0.3522957545012189,0.3010475548182499,0.08545037192059522,0.00825678354797414,0.00689048508606241,0.12237237011334696,0,250
2.008696930873877,0.49649804036954975,0.1738686950000798,0.4957618978313111,0.0902678568149492,0.02104379493591917,0.01866478195296134,0.1304333374743366,0,250
2.116181607233665,0.30813226457262577,0.3085463480783824,0.1662274594594794,0.09446372046020822,0.00631355664817198,0.00467510660489811,0.18822382252372633,0,250
2.0194024427407355,0.6031109159907928,0.1418192039795632,0.6458038676593358,0.09110929582240714,0.04762413295648845,0.03988375716610087,0.11360508200758994,0,250
1.9525276771868525,0.3891614074591206,0.26307214363426296,0.08036769919984489,0.08707254269969765,0.00627990570795965,0.00480384501540636,0.1797066302388306,0,250
1.9326447065191927,0.4025801417745127,0.27291341679291764,0.4033989813987769,0.0869007121705745,0.01358012022111873,0.01128814169149466,0.1621632175940156,0,250
1.968628499981256,0.2820880257600158,0.4128370431618581,0.2771575813803313,0.08838996596967419,0.00781429457218212,0.00654860404444853,0.13498875705405147,0,250
2.2838151000296683,0.46876564472804416,0.17228402481744953,0.4709477184262959,0.10271658748181084,0.02010900720568317,0.01747491707576626,0.14914413523251627,0,250
2.0739896244087364,0.3658794951107006,0.2828562272036872,0.25349405020400134,0.09304111522705928,0.00887448235713086,0.00682806903607372,0.19321716800802008,0,250
1.9014370558859863,0.3411411559157112,0.372549155053199,0.5389642933496264,0.08578681782432004,0.01943296030687479,0.01768515699116067,0.12261145325396508,0,250
1.9388068227228976,0.5421771005644473,0.14555125484663126,0.32389990467465607,0.08701916664387875,0.02079829039256557,0.01731938421519236,0.20059013474946183,0,250
2.0902036160919377,0.4813785041907632,0.1513381052417878,0.35647737166351806,0.09354600185064474,0.01701619641659177,0.01470741693407492,0.1715175527288468,0,250
2.1326797219385116,0.662637398010912,8.297727446625432e-5,0.5786785449409978,0.09605183876415702,0.00192248296373669,1.637326746135433e-5,0.1036497473403052,0,250
2.054540791148328,0.406398449991843,0.27499294958884296,0.3821703486439544,0.09239582367692872,0.01308448972347374,0.01069800713341679,0.1740562571693499,0,250
1.8619042908596612,0.29721751448850176,0.3558224215055601,0.27233615268232736,0.08335627160823919,0.00766269394479307,0.00628547220141615,0.13425245728289648,0,250
2.108529194809282,0.6358983095542865,1.8815218450129863e-6,0.37488793725460146,0.09472981263722662,0.00176435079431128,2.7030318647822866e-7,0.13114620033516358,0,250
1.9259990769706223,0.7192209526523473,9.625651690198653e-5,0.5895453126370858,0.08684688757343377,0.00187170630860481,1.0611229797021989e-4,0.09956688268848604,0,250
1.7742960388349145,0.6258068031716163,0.0992393792267481,0.4266115772453964,0.07976604286351224,0.02301682143629909,0.02053519399334454,0.14307156399872825,0,250
1.997324543570285,0.30157153858594093,0.328788835233686,0.0809378953570358,0.0890443609348181,0.00486707507029216,0.00358106383417333,0.16430836810226063,0,250
1.9556339398055689,0.4236008490028228,0.2572859879168111,0.4819726626091476,0.08799776628199805,0.01720530696400959,0.01504492281292247,0.1343759718164843,0,250
1.9089134066748084,0.523949068293186,0.1205175873025967,0.4733479527130523,0.085776348810122,0.02863865888885757,0.02394123731839823,0.18118533597450137,0,250
2.067909421222064,0.3692736287056868,0.2579873237853698,0.1353589799560644,0.09202610153390324,0.00640012942825945,0.00497994544445045,0.1658177384649548,0,250
2.105685642898129,0.4544528649942655,0.22895355676981233,0.3381726618724105,0.0951703397606174,0.01946800855991857,0.01467991505512694,0.25643343703028343,0,250
2.0094210030419424,0.3707642593415394,0.30567907282382584,0.36949166433010977,0.09032538272344036,0.0112071825157113,0.00934742249768186,0.15810340447326757,0,250
1.8449618376374468,0.3494385422376823,0.3203886767272695,0.19200888398402396,0.08294726519421873,0.00808504461199809,0.00558941765452682,0.24189848106067263,0,250
2.11385280195773,0.5186235426451634,0.2440052895080168,0.572045981904848,0.09530082418441974,0.02615627986074352,0.02303829043398968,0.10921956386248542,0,250
1.924263049735991,0.48624948736257856,0.2244558433466889,0.31294853175710513,0.0864303900972443,0.01317294262934384,0.01097938760421655,0.17140111130015398,0,250
2.043676612212688,0.43364026697658753,0.19030650791964643,0.13691146229769238,0.09079294680130402,0.00863960525529018,0.00709669443711165,0.1803744467815662,0,250
1.985536196325966,0.497533530335707,0.17078243673591867,0.4594988162153298,0.08918137120292964,0.01977440342219132,0.01746841138473398,0.14104973007828575,0,250
2.189870821424981,0.3666304790202795,0.2934904626736692,0.3348991100257301,0.098145677841792,0.00958240631701701,0.0081410668124927,0.13203215727925183,0,250
2.210261897985635,0.4440412859921315,0.26088964018881977,0.2791619667184228,0.09900441485355732,0.00867964340327918,0.00747154295787395,0.12813679690634344,0,250
1.9490049054198892,0.6706426317941913,0.00528319346317081,0.6331321099419157,0.0876859657979377,0.00946308103983182,0.00565125841416618,0.11878016335933572,1,250
2.0845192685580134,0.7166374125437438,0.00166723186334795,0.5866152602124174,0.09423214571374776,0.01616843680194004,0.01226837634546522,0.11862925395686023,0,250
1.914384170275565,0.6138805454371173,0.07542510615414322,0.39692553482477066,0.0859705355933908,0.03012526464589136,0.026209974258354,0.18713095273086683,0,250
2.086293835606864,0.3632757567453661,0.33012928358105736,0.11121459710504009,0.0933182720586064,0.00521299044146228,0.00408932930044469,0.14334149394591617,0,250
2.0453406956793616,0.442794430259526,0.24940905339828912,0.3467265238650961,0.09176592138766256,0.01068458537119168,0.00933412386306149,0.1274232560634114,0,250
2.005991234001877,0.4277441193811629,0.2812787007045087,0.2645250905652835,0.09048250183530555,0.01126902246796422,0.00851596879186959,0.2186633474360285,0,250
2.1275951571516805,0.28876386799456266,0.3662264944677389,0.40103843365509606,0.0956511597145194,0.01142019628792887,0.00984790553769847,0.14222284208927494,0,250
1.9451745879353368,0.34152008225456554,0.4026377003744125,0.6245749873329313,0.08785265126586857,0.0294827781107636,0.02732695206617621,0.1035706910750868,0,250
2.078229216377292,0.6851880935825109,1.676387604413047e-6,0.5557143961048953,0.0935860037472185,0.00168815411552393,8.392778583548442e-7,0.10488273864810498,0,250
1.6874302901567977,0.4675682648492525,0.21826174510045185,0.2632002604068216,0.07627540190242153,0.02198079230048363,0.0159379066879111,0.3023552420555226,0,250
1.9088402368829556,0.546408334690776,0.18913281244735256,0.45615256071491106,0.08574778636302957,0.01797149375471833,0.01603158319525337,0.11996606608716928,0,250
1.969589507871106,0.3493684293146939,0.33288143798602154,0.4789993622935487,0.08876333803850209,0.0156658159664669,0.01367030989373289,0.1445980615317814,0,250
2.0629784530969566,0.3656530062167966,0.29463519893704204,0.5389774805328947,0.0927697117093612,0.01977193995827323,0.01783252066734669,0.1115108284447786,0,250
1.876896345617297,0.4491988759338162,0.23196421248366775,0.38180235903715454,0.08431757648662962,0.01406123998637462,0.01192711713965067,0.16318170486283803,0,250
2.0813189312224054,0.6040205247590091,0.06030782549390354,0.3251887302596068,0.0930686605817848,0.0223973415777627,0.0202649849753065,0.171677873808635,0,250
2.1806606329283253,0.35399808857809467,0.267250351200356,0.2845066553122895,0.09732887586024964,0.00820063204319088,0.00691010860095671,0.1287053808765056,0,250
1.8577262114227724,0.3937472552658749,0.3322421242072183,0.4185293516759296,0.08367138948070571,0.01239210695460143,0.01090198667739979,0.12293773707455584,0,250
2.002302283411969,0.29334489643929934,0.3999047653026429,0.32550961973473114,0.0898811226070053,0.00891935907303195,0.00758877479006495,0.11566323845416772,0,250
1.9102739118511651,0.7560481698268352,2.7811620191420423e-4,0.6484624662120697,0.08628211542081267,0.00554759952531248,0.00285125980495968,0.09185791193337396,0,250
2.0455601698520676,0.40391458675320085,0.3251489922215626,0.5918924528295807,0.09243304121552286,0.02664944179295229,0.02336955793164409,0.12213420226323086,0,250
2.0057325349927715,0.4509329837941948,0.209030739216525,0.22279319995200675,0.0897555008363034,0.01092694255237232,0.00886799608692586,0.18765938731305168,0,250
1.842707405955024,0.4936274890910675,0.23984741900401557,0.4555886683883875,0.08297260933454512,0.01562797150735569,0.01403633410535514,0.11534408616745596,0,250
1.7924577031413274,0.5292389389281956,0.17115049941529187,0.5546157350461911,0.08091405298050391,0.0359546431567179,0.029136244183742,0.1715361052397258,0,250
2.135560564117982,0.3218223387151013,0.3445309824453798,0.09198645756599348,0.0953067310950801,0.00473320838458657,0.00364406024037399,0.13514813915669047,0,250
2.2068834295038933,0.3996973585299381,0.2786304173258191,0.5180863286317959,0.0993732482397884,0.01893348108173385,0.01687959000356497,0.1156242006434264,0,250
1.9386474142339,0.28664469661723546,0.4058836530466545,0.4285389612162289,0.08723477298246268,0.01266951743910221,0.01118639718635862,0.1330609305264666,0,250
2.049271213469088,0.4678584090241232,0.20904139029070865,0.4933090246783888,0.0925763212231195,0.02953817465740811,0.02259840813876208,0.22314256470608573,0,250
1.938741093748408,0.2882570396504769,0.38765480025052423,0.1983532077978499,0.08676145802849923,0.00624426503219426,0.00503642947862088,0.11011773436613184,0,250
1.9884914350826628,0.3943416744877044,0.3272323953691977,0.4094302415800216,0.0894647258981232,0.01195949470218588,0.01059691251797496,0.11135225606305292,0,250
1.896513102031764,0.5631619885474828,0.16551934817172945,0.4555861278971619,0.0853750655051463,0.01991178543389124,0.0174236788345241,0.13647041720705982,0,250
1.840405184517448,0.35978631542973477,0.3348895200728486,0.3925654646724553,0.08267577055895556,0.01109040529351654,0.00966231863886515,0.12168076687598166,0,250
1.911958991903674,0.7168537340347267,0.02358821867630091,0.6757880941180916,0.08624267653532235,0.06958087296623143,0.05675781265041028,0.11235892593033568,0,250
1.8535367391974855,0.3234064070732111,0.3955061051963357,0.42450998870231704,0.08354769332384804,0.01238053277138277,0.01095065476907437,0.1267105469639247,0,250
2.0685214776990355,0.5113293523056758,0.15745277124547064,0.31380583790989597,0.09272631247232524,0.01747516898400214,0.0146403827488879,0.1919745337072241,0,250
2.0191850212006077,0.4015828597048719,0.2522435443341134,0.02737956015516343,0.09004105931238689,0.00695919703336677,0.00493582504124189,0.21736524960576983,0,250
2.053331653210495,0.3556609920593432,0.315722191498752,0.2750352718031695,0.09200776692110788,0.00791609543892333,0.00654532605399479,0.13904170454560152,0,250
2.1293674429292047,0.5765580089712873,0.1022675006446686,0.30855170484403466,0.09541253075438184,0.02356097924656544,0.02030325880623083,0.20057932236688417,0,250
1.984160564941794,0.4862458275051764,0.1662220921217692,0.13403356318171214,0.08837422057243992,0.01213645999945236,0.00999014473716933,0.20658387522748628,0,250
2.0476567871449887,0.6026670113544466,0.14579424501361232,0.6113965291223304,0.09259459315864836,0.04807041352766304,0.03800445580304097,0.14739883456709402,0,250
1.8680424899341164,0.36468917617835783,0.3068855518554948,0.2504103095143203,0.08369252841092578,0.00775952847968057,0.00631312443313855,0.15077205476097782,0,250
1.925659390210093,0.396942741873826,0.2760397115607524,0.1861282214406449,0.08619391196225881,0.00709461703621691,0.00549487239431093,0.1714642063036554,0,250
1.7720123015213698,0.4029904572313779,0.29260199361053957,0.3097839807139105,0.079424439811774,0.00867733973806754,0.0074994043804884,0.11724273964520936,0,250
2.2750639398464525,0.3749905832356461,0.26595879352783963,0.22447831402444504,0.10163590284197192,0.00761112058131227,0.00618371650808064,0.1556296890744405,0,250
1.9270019477431068,0.5502443160219432,0.15332183532605595,0.5348362303572899,0.08678459201470651,0.02808908177730451,0.02432028661104226,0.13680554491325655,0,250
2.092590945099513,0.3769315087153233,0.27932956761452843,0.4970260590019639,0.09414449419355515,0.01780823107933792,0.01534164102478412,0.1439623874826672,0,250
2.249658750079098,0.3016331304497536,0.3604759871545842,0.3432007527169246,0.10088746820231786,0.0093343512190408,0.00792639165729583,0.11815570447535868,0,250
2.0020347866337227,0.3427650084036827,0.2794903442171704,0.2723407779240299,0.08951648342347489,0.00833037425762149,0.00655377057308056,0.1718562893169709,0,250
1.862880951154099,0.45957875775891127,0.21126887818992657,0.2181910033773795,0.0834235044464884,0.01246011595035387,0.00973001413674809,0.2098188979491604,0,250
2.167450032891241,0.21213701072314672,0.4864235996999874,0.36996775633763634,0.09740500981290634,0.01106498640332683,0.00967127895845291,0.11807859386736,0,250
2.0126041799726098,0.604331671779813,0.12064733475686586,0.6301396234725045,0.09065478501076488,0.04291296862053434,0.03687134467760929,0.10916300098517336,0,250
1.8208016514044223,0.36164731353219853,0.31574421219808196,0.30813572669292943,0.08183036343804244,0.00885860392733889,0.00737170488190781,0.1464847562620661,0,250
2.147165356724112,0.48209249045157704,0.17801246150040265,0.42207909190322473,0.09641943177289942,0.01745746441224143,0.01512016237182317,0.15299053049479058,0,250
1.9883377375189464,0.38646183834395254,0.2765563921232058,0.1751322230812016,0.08904867678734224,0.00843174806635675,0.00616915692397161,0.21008686449753497,0,250
1.9516659711615232,0.5866372729495212,0.11337213829250029,0.5931721339075597,0.0879012445095199,0.03706036674871878,0.03218858585406834,0.12293010929370396,0,250
2.1636576186962757,0.32149337251152965,0.3276183585077153,0.1712763340682016,0.09669049223537352,0.00622260178972812,0.00468974410871205,0.17555454697742043,0,250
1.9759705447547615,0.2460954908569301,0.364509326785153,0.03633292005091711,0.08805474323716787,0.0043922710487854,0.00319471409870832,0.15956887471832,0,250
2.0712285334727194,0.3779509259559864,0.3028350229352275,0.3093096123957542,0.09285868168493124,0.00869665215197722,0.007387146652544,0.12651700187805834,0,250
1.7348868077484794,0.7071889526891816,3.8040723450356196e-7,0.618993030939935,0.07846039838012664,0.00255729735584069,5.775642865926297e-7,0.12927491406514388,0,250
1.9232113727809736,0.34931850991286706,0.3068418593448369,0.2674446288547654,0.08615260169879135,0.00794946886038392,0.00646760845346864,0.14859720193407977,0,250
1.88903029005298,0.4630988366038053,0.205500792508046,0.3029862987721875,0.08469007934688697,0.01331683157696212,0.0109706475319485,0.18330534242133847,0,250
2.1888218789647635,0.695181424688316,7.461817242478216e-6,0.6081268785883485,0.09881888969374772,0.00226401868235175,1.306169087066039e-6,0.11530984046841584,0,250
2.1321471711958284,0.3190287373626246,0.33354212980106585,0.1458281454432333,0.09526337261365415,0.00552825971737305,0.00431582457774298,0.1437143485591803,0,250
1.9397401574451891,0.5875588782223456,0.09583950720558214,0.5117098164001443,0.0872086137734002,0.03039169468952766,0.02657301541434315,0.1459160278706577,0,250
1.9782881909598984,0.3909982947456681,0.3095904720460645,0.3305255423559667,0.08880224295472701,0.0097337784011796,0.00822631315869154,0.14261464662343032,0,250
1.80151537128662,0.42514450164773376,0.2695748370022647,0.3909346983943433,0.08107121379881178,0.01521297617579564,0.01198131790244767,0.19797006766576908,0,250
1.8979375478364064,0.4919119026633707,0.20196904776906127,0.253015861757434,0.08499655841562559,0.01089179978811836,0.00916747506595727,0.1593685180535459,0,250
1.710105818886877,0.4730449784865367,0.203729585964484,0.36524686620037905,0.07674842836901162,0.01536571817594031,0.01293450791651986,0.1728563118645161,0,250
2.1077755076119367,0.6404612038846198,0.03536826201562739,0.5987393744388992,0.0948378751864915,0.0643378960837061,0.05273827976395622,0.16727874933770773,0,250
2.2859633588433144,0.3408469983132535,0.27600827688588325,0.25921236797399677,0.1026368093150262,0.0096362085823501,0.0071076839293007,0.22863258264763095,0,250
2.0047936491045117,0.2829570960114739,0.38684774978589753,0.30051980413338975,0.08984010701062321,0.00829107144793667,0.00692406772759018,0.12302393042502728,0,250
2.0870744733289017,0.6962656882895416,2.6472631920246067e-6,0.46563440899999287,0.0936675346020838,0.00119634191839104,0,0.08717041390129003,0,250
2.0436055584687445,0.5319762718735627,0.16335883325097933,0.4783922556433999,0.0921457559281062,0.02318556499060678,0.019968458354726,0.1527108734467665,0,250
2.066316911961248,0.26589631341933195,0.370983153765805,0.33228051352800597,0.0925743406230981,0.00905460433700092,0.0076257513434818,0.1177093540400058,0,250
2.015754420488917,0.6409828236203379,0.04832833520209783,0.43717494701705617,0.09047842825565248,0.0336817655704973,0.02971420571893526,0.17135243105039724,0,250
2.1215466776369776,0.5110598194336158,0.20940073840229492,0.25430528715815576,0.09512640456190746,0.01118202290226208,0.0094200139105952,0.15955463589637067,0,250
1.7564398777243695,0.4397769205709666,0.26307280040598624,0.05770719323988475,0.07842208348889555,0.0069757206718118,0.00530818506360955,0.18792921689570072,0,250
2.2289048176260007,0.410266984269376,0.21068724948330503,0.28125617680383613,0.09967320931546908,0.01215605987251342,0.00959966781624322,0.1995406274079641,0,250
2.1438401200019244,0.4174224527059143,0.21774010136405691,0.2929685158826182,0.09580839298321273,0.01064980843020983,0.00886272720744799,0.1632473500778413,0,250
1.8879656173401465,0.48124916428785014,0.23342953419672283,0.36803266376493743,0.08501702444802538,0.01540425979680722,0.01267213954067167,0.182609622149137,0,250
2.001254531119267,0.24149343979758495,0.4213169171807909,0.3671424156434929,0.08983318655473861,0.01031001169091284,0.00881373398117419,0.1222786506554344,0,250
1.795317276090206,0.2572817027910628,0.44737808631571513,0.3768277888310803,0.08104699297977729,0.0108420553948997,0.00971911896925947,0.17375232180100111,0,250
2.0558333647354807,0.5525528018045244,0.13055839822620505,0.534079911332097,0.0924203816749478,0.02791013639802646,0.02469850759510382,0.12615586992018735,0,250
1.9607550559544904,0.7648953219669691,0.01698489035637386,0.7214908162543311,0.08848310680003761,0.13239396072786924,0.09877542927412544,0.1222627828571276,1,250
1.9391870149537205,0.43273251689160375,0.26639642421251475,0.3020303082770072,0.08703295687439508,0.00960556140971094,0.00816388245981793,0.14200206926367198,0,250
2.0245974579583885,0.4409633336871247,0.2535237020144139,0.46688178765760496,0.091020332865354,0.0155730241223514,0.01396485375990239,0.1125679749327815,0,250
1.9468186623086208,0.6020289935790887,0.05375687333357379,0.4591622937984029,0.0874703517107187,0.04144273736222508,0.03551120212939775,0.20306751614437035,0,250
1.8342761405645205,0.6809456069111857,0.05045246360367764,0.453573797154246,0.08243363895997032,0.02885233306372274,0.0260148086704059,0.14107033107750608,0,250
1.9199188603128008,0.3857435127706873,0.28571166782186913,0.3999817451959367,0.08617911652421925,0.01218331307669697,0.01045497406106067,0.1364416374514861,0,250
1.9163066530466308,0.4289582261184432,0.253317001803462,0.3550679878310413,0.08611801052686378,0.01255390082000289,0.01027046237146325,0.17193681303466404,0,250
1.8229095660990056,0.39429783494467874,0.2775167607338863,0.1122368618431987,0.08133294296464735,0.00544868566810197,0.00444391118294785,0.13514931798183072,0,250
2.118706808735357,0.4449213687245167,0.21127140026249056,0.4648866802290373,0.0949807781571458,0.01671724612658467,0.01478535224125015,0.12619450663197793,0,250
1.9056573727113053,0.6902232376867368,0.00145262394042146,0.6214450872886438,0.0858382480004523,0.06263353271907215,0.0520955603618289,0.14072448132910248,0,250
2.083601531896916,0.31931147686672157,0.3477387231894481,0.17844654928790982,0.09333909847575904,0.0061916987003778,0.00477645931475147,0.16607668107735765,0,250
2.063940230268837,0.5095309909929819,0.1672269471763197,0.3214343933391966,0.092558015351078,0.01803566253348166,0.01493871573923683,0.1966526201409581,0,250
2.049893834722784,0.2575268480485204,0.3550242334230762,0.30849093464933103,0.09170392430033036,0.00844676929095454,0.00697015141062428,0.1366327726391858,0,250
2.1059064983272164,0.3821534869202402,0.2777205882071496,0.5022242459019116,0.0948681246867564,0.01865503393606467,0.01577192829262405,0.1510740270493892,0,250
2.2421085553568174,0.5747316297138638,0.08486675948019325,0.3997923617288433,0.10044623819443824,0.02476258111436605,0.02179368615406141,0.17078418197012463,0,250
2.022529163773729,0.6711299364328619,0.00753747165287975,0.47307479465827906,0.09084749374887348,0.15679785871221366,0.14424561524656423,0.28650829914920667,0,250
1.9028895685496696,0.37437877067127184,0.28956657076340114,0.45382244158119256,0.08553892325616755,0.01409920535173873,0.01248087881852988,0.11840452770327992,0,250
2.2266803784064506,0.3458261628317757,0.30085361334892313,0.3543249993387182,0.09972804663801284,0.01001604506842091,0.00851825838171195,0.13018899028151407,0,250
2.0221885387591434,0.2744143167714099,0.4615419941129301,0.6467673033734564,0.09135737411690004,0.03332480145390113,0.03211240716977999,0.09942931873047545,0,250
2.0826177838553894,0.31667775182670715,0.3848466368887615,0.5299603761636212,0.09395763648985384,0.01889115986568749,0.01672227668602651,0.14587460640170896,0,250
1.8595292647247648,0.49694992014929334,0.18365262906631405,0.2803308606492199,0.08319948057727329,0.01167488163227042,0.01013198134105169,0.1514199003622073,0,250
2.215511635824777,0.4157976908391347,0.23543677421049153,0.01286433928556708,0.09853032122763662,0.00593918103574786,0.00461190012612385,0.18007432432820486,0,250
1.8913933522041064,0.27207973381668965,0.4272013921821084,0.335713160605949,0.08491131408156227,0.00937632809543412,0.00793968208209983,0.12274117340625,0,250
1.9305819515484777,0.5514861190965986,0.11064866673062208,0.3791533995675012,0.08643216864183725,0.02131271574263788,0.01857290774364779,0.1701721083117092,0,250
2.078988967781379,0.42820684945822424,0.2655296520127836,0.2692422469069816,0.0930795061229123,0.00853348145606451,0.0072225213278965,0.1339385865594908,0,250
1.985360818744754,0.5616994162775302,0.11443861572496848,0.4453514596886641,0.08909352077616949,0.02082298171770236,0.01856977900524719,0.1382200209969032,0,250
1.8736767434769737,0.6008499860115935,0.1210792803794487,0.3976241102827111,0.08438046718932173,0.02663529419628775,0.02252554125547005,0.18488520961917224,0,250
2.1315978032458527,0.5065617717127904,0.14292742152474555,0.299071506025188,0.09516722574342314,0.01293673666277651,0.01143450994133641,0.1489580517743775,0,250
1.9646446020104171,0.1998353404972952,0.505856998866743,0.5342689836957057,0.08858223606304633,0.01991043478570044,0.01847807675815023,0.09841836443587997,0,250
2.0426824085577873,0.3848156961094833,0.2755789400300608,0.2208992447772762,0.09149594149196476,0.00915072532923834,0.00674310068387091,0.20656633253830273,0,250
2.0581883279967648,0.40834878671273855,0.25157537374057737,0.3621190274612345,0.09234599298843744,0.01273419259394502,0.01043533158325438,0.17327982004006168,0,250
2.043037576525187,0.32794415439527014,0.29310664458259017,0.373594223451292,0.09180596777971364,0.01170870687269989,0.00936575429843988,0.19402702552297077,0,250
2.164697559441787,0.27603933661356816,0.3581795984029566,2.9113161797164767e-6,0.09621866263204458,0.0040596659982928,0.00298660838949449,8.746509504451476e-4,0,250
1.8855350517346767,0.3543733761338336,0.3462666394009234,0.5434319958272131,0.08501513426993955,0.02044655121555634,0.01859401716763402,0.11354599787730664,0,250
1.90532163934128,0.3627787792188452,0.3244347961596536,0.5118461143240175,0.08596983623051058,0.01892963006754912,0.01621536610077813,0.15960447769406122,0,250
1.9245854978984287,0.36639886402129385,0.30785097372723425,0.40115683603363667,0.08635807207696793,0.01116879058504296,0.0097743310325257,0.11313742689349451,0,250
1.8914862402637245,0.3980765921640816,0.2500355115064648,0.2534032695653741,0.08449727360592878,0.00827519294382955,0.00692192894178919,0.14297730921121907,0,250
1.8643830666506824,0.4148527616678926,0.29290009384822985,0.2420883561192339,0.08355709386047006,0.00766887485245609,0.00639952712475372,0.13658953608375476,0,250
2.072785529836034,0.4756006335165801,0.1899536034464418,0.29031478377822567,0.09269896657277515,0.01098444302219061,0.00948087293232146,0.1470420375942548,0,250
2.149781189257905,0.4281669798674581,0.23722647119394533,0.44221065465657106,0.09660327200593952,0.01597609997405733,0.01367653182586952,0.1486507916828156,0,250
2.10014787571624,0.4432706936405933,0.20526743195497635,0.29981686654393946,0.09398053669382588,0.01207399636371334,0.01003120109779445,0.17066907758761596,0,250
1.9544175703912912,0.4204314015048128,0.24663370850122543,0.17564701803202598,0.08731455230091985,0.00846718454045414,0.00657214879894736,0.18287127012590104,0,250
2.0069274474502774,0.13883368297164148,0.6019634075541356,0.41538762638852345,0.0905243789515412,0.01487100464647752,0.01339816114503534,0.10116738629495658,0,250
2.201226309021194,0.3953173933278345,0.256627856916626,0.5220189904035113,0.0991351865875626,0.02185631886343116,0.01820639674543384,0.16676741081498045,0,250
2.0588255273729072,0.4803221452335827,0.20387670613355363,0.31182669434064936,0.09236082960871364,0.01326945419416698,0.01107149948124885,0.17208649036146886,0,250
2.043836984450322,0.5418194210595856,0.1870323812034431,0.5607814872635032,0.09224471665488902,0.02870610217631876,0.02475235092541568,0.12950940066096,0,250
2.0655347735700857,0.498838254170686,0.16714719030302888,0.29162464409652533,0.0925791862933798,0.01704059568232653,0.01399858519866929,0.20385997821255733,0,250
1.9533992048599609,0.5616709790466444,0.137777647639275,0.6317201618594576,0.08810957565282272,0.0552621070276528,0.04339748097803441,0.15439947353640182,0,250
1.965395354355203,0.4173320472045328,0.2320057725762436,0.4224108110527352,0.08806148242844422,0.013573224254355261,0.0119506941450347,0.12118306135732074,0,250
1.9866565816704984,0.686937477939199,2.653319026643694e-5,0.44514282722011855,0.08913581732898843,0.0012999166061421,1.1335154672519835e-5,0.09031212156851458,0,250
1.9645200118684196,0.4625452693230615,0.19037362667074084,0.48792756309612545,0.08818913256235185,0.0189250032267185,0.01670284472749335,0.13099335029538275,0,250
1.923694492698406,0.39522716317559525,0.26329262418913235,0.3943448228946425,0.08629407504896602,0.0120009283156951,0.01041360956516013,0.130669937538797,0,250
1.8947010590250981,0.1920254635770313,0.5210848192197681,0.6012181580132581,0.08553504138253389,0.02731042297598597,0.02621174399585404,0.10519272115309816,0,250
2.0014435070916585,0.26857824026344207,0.3816956098271312,0.04682973645603064,0.08922168238282638,0.00453565943118181,0.00334361364278034,0.1473295241844795,0,250
1.8803324228374836,0.32050901503382356,0.28987535941746634,0.05642210709972387,0.08373233332610246,0.00517690858131922,0.00368093425076222,0.1933048957975468,0,250
2.020784180186363,0.652923941335594,0.04148124735795618,0.4769455449631372,0.0908490525305308,0.03327292855330473,0.02980712478171676,0.15128645861706894,0,250
1.9176751615632743,0.3908879855657928,0.30132817078975566,0.12097891634504292,0.08586387414498316,0.00620316021053788,0.00463532780658833,0.1874943742063236,0,250
2.0942574304752553,0.5290508794139964,0.16345301988602662,0.26942064419146816,0.09376441127031152,0.01373956697836962,0.01177188279623765,0.16640821756370522,0,250
2.060628676495199,0.28947204430517004,0.3606588685121824,0.05895346775623546,0.09167690222363235,0.00449482734819625,0.00334274761390081,0.1413323285564785,0,250
2.0302454245947468,0.4213459979344418,0.23152504860978745,0.2388965089127592,0.09083076141092591,0.00970230886357502,0.00784219081395092,0.17483152882286732,0,250
1.811171345823943,0.35654554233692326,0.34432304959674953,0.08197591129811957,0.08097447957522057,0.00464791212485805,0.00367330298303252,0.1261609808585767,0,250
1.913477408985522,0.607688310773188,0.06144886062598182,0.5225949252575368,0.08597885584629751,0.03520381256237832,0.03088735952243294,0.1519345691790268,0,250
2.1414298687912376,0.3241690634100396,0.3698449446123472,0.1178794853788654,0.0956844069442564,0.00505659682774282,0.00397944558097855,0.12553087766910323,0,250
1.9197440910128447,0.48247208386421053,0.18738910741162937,0.3409670022666525,0.08606632268494156,0.01421436340742422,0.0120356629216811,0.16507273320502985,0,250
1.916126651658669,0.3620684439917293,0.30317502757090786,0.41354133187227743,0.08606957776961784,0.01223455760403722,0.01063724553718887,0.12736465304990813,0,250
1.9683911018076128,0.7464008962917534,0.02345912204916942,0.6771541338326297,0.08864326962707778,0.07644156412475507,0.05717182162985907,0.12929485671753832,0,250
1.895440687152689,0.29890075008191946,0.372998637468796,0.381839511799974,0.08522178043566776,0.01064120452181213,0.00915477145352224,0.13110768118570287,0,250
2.0478301266665984,0.2590187677502604,0.3531427247641497,0.29362081481117674,0.09175555677950158,0.00801879786594599,0.00649195842053195,0.1730523094371063,0,250
2.1716089971478825,0.2741855794823625,0.39487167592954825,0.36234837131870534,0.09745304887835272,0.0100361408962811,0.00860554042333474,0.11168061079972288,0,250
1.9734923261724449,0.4196744123946304,0.2647151928539744,0.3059617690655025,0.08857939645530745,0.01078287313160396,0.00874404274952268,0.1720497131434405,0,250
2.0243163083618776,0.4766412256703786,0.17286476476902315,0.5296616082830194,0.09095415347848188,0.02418860938469877,0.02123367750259883,0.1334078614508216,0,250
2.0810004346228235,0.7114935195176865,0.01872202140768773,0.6414887530291538,0.0938572844104484,0.06464888759215731,0.05364562782258902,0.12184153047781147,0,250
1.968700183930004,0.6479866526303403,0.04058834712636716,0.45493822674530626,0.0883761028950378,0.02959550134468507,0.02671105098901631,0.1475494351614605,0,250
2.042813201821699,0.6718001587766503,2.690743058272201e-5,0.6395760874685976,0.09215893788978063,0.00274653907494808,2.8324439240937058e-5,0.11159606492520407,0,250
1.999215556727983,0.458800157832445,0.2512297799744817,0.4409627470730976,0.08984191682238848,0.01377017290470838,0.01254117895775998,0.1015547799214708,0,250
2.098058602424886,0.6113227612254748,0.0951998537559506,0.4095486685255724,0.094328502282577,0.02935335079089727,0.02536531081300793,0.18316865149732273,0,250
1.966103136738592,0.3028415658105107,0.4096752224792152,0.2808899051161656,0.08805939901351162,0.00782488174668429,0.00658039666080186,0.11180184082300829,0,250
2.0220484192054418,0.4238611122329601,0.2668650326561146,0.5163457855830049,0.09090900592760782,0.01846577291421941,0.01674259503270217,0.10423685024782953,0,250
2.1441282999849336,0.5250707843335435,0.14046353038572604,0.6648789614568478,0.09672980307397178,0.06785763367744184,0.0511391567756915,0.1620158382909083,0,250
2.020011400184353,0.5189877248022793,0.15849003957037944,0.3780746008585421,0.09058654478110142,0.01733336478939516,0.01500745719544294,0.16026900418800857,0,250
2.2087418597832715,0.20733467808453868,0.42462568079686824,0.2516595186445393,0.09890386172689768,0.00771359411615824,0.00633574497942961,0.12867132102685844,0,250
1.8788771483730615,0.3713428664444564,0.31510077349983495,0.17440378794096914,0.0841361208335549,0.00591828934616993,0.00485150753964221,0.12497743086220192,0,250
2.341787577368556,0.48260827917975974,0.17830056627797394,0.315525489793365,0.10494539815096214,0.0131231881387506,0.01126399216124808,0.15832396043979552,0,250
1.979090883606266,0.665738588376274,0.02495269918079136,0.5500318777674192,0.08909078184605757,0.04400358970470364,0.03816778093148353,0.1453120296295695,0,250
2.122292301757882,0.4456268144969088,0.24711582353395972,0.3279728968497571,0.0952461696289328,0.0107767460789,0.00922834054608124,0.14212529114684713,0,250
2.043805503466921,0.5855681943046045,0.02259225265318664,0.5982213544851636,0.09186950638793118,0.05794765827449889,0.04890549098962965,0.16697846743297756,0,250
2.355312997775099,0.34773137286150846,0.2882299131606211,0.24618020172313632,0.10605529009356734,0.00993221325602152,0.0069877249026887,0.25332981724697756,0,250
2.1153961280214286,0.45955987887759414,0.19185366178307336,0.3764250380934118,0.09501923464798076,0.01845298496455304,0.01501898962242668,0.20307720122385767,0,250
2.060834732284726,0.6038365228139386,0.06798617732059241,0.3092391408489309,0.09197521435901992,0.05142170982638497,0.04485846324225482,0.28208639802810476,1,250
1.963021512843584,0.4192583423670612,0.2583369524655338,0.21712794772992045,0.08788229153776642,0.00850619142770218,0.00673168524067779,0.1708469825067139,0,250
1.8869599328189857,0.6120436858844064,0.10506888289409058,0.5877652276899439,0.08508536930735713,0.04158769899713853,0.03513837090379189,0.1338879804435609,0,250
1.7933771123720914,0.43233433606535393,0.2447246136905751,4.3466047815613754e-7,0.0797191793648761,0.00272608265494809,0.0024966134526197,4.721773733879823e-4,0,250
1.9974209737970632,0.25499550336362176,0.3662172604229742,0.13467510091619997,0.08894546112511467,0.00534243952873021,0.0041265663594168,0.11776561520073124,0,250
1.9496649469898577,0.3857796310338563,0.34010879219087103,0.61018023444307945,0.08812676038121874,0.02908578695708163,0.02475263092466254,0.15200682533109172,0,250
1.891734498577717,0.3674332651533772,0.2937793541161186,0.09634034407973292,0.08421325636362173,0.00498970822645657,0.00400881124167151,0.12811351539183125,0,250
2.126705359523228,0.522728263129517,0.1772067386544919,0.43041280603987553,0.09552901913624824,0.01683621436652181,0.01499217197225479,0.12880299728966868,0,250
2.1842662585590533,0.44280523036738945,0.24057578327494297,0.5715933154184245,0.09846814037996436,0.0255715576796797,0.02259005468633746,0.12269609748821614,0,250
2.026735963396362,0.680735793311004,1.316651058288724e-5,0.62602920092586,0.0913714706108674,0.00229016203975447,8.685957020234782e-6,0.10544513034375648,0,250
1.9137104877151596,0.34408976674147135,0.3360749685669812,0.2813616253919049,0.08580094854765952,0.00777957172464235,0.00656018061803647,0.12174468143211745,0,250
1.7785891609323927,0.4339122729975835,0.22007065304868964,0.33026808656012485,0.07955822115905305,0.01116174350652958,0.00955165535301961,0.14515838659277616,0,250
2.106028766904492,0.389037479023687,0.2986668252463146,0.5849418922999292,0.0949356855019934,0.02580195194173349,0.02305030525423524,0.1181714277111232,0,250
1.9921873933805032,0.5196832265592641,0.1692840150906518,0.4935156526595407,0.08970603656103932,0.02760150914251122,0.02281402108576551,0.1737465735424974,0,250
1.895398010948944,0.5598629528396639,0.13761819113597856,0.3749137005981473,0.08499687121480641,0.01791929768358364,0.01579957231946289,0.1510646646536852,0,250
2.0584467662032626,0.37049568852756853,0.28354409054441576,0.5459240351446458,0.09271864204745509,0.02098307114426566,0.0184613019886523,0.1328769520933989,0,250
2.0543061741791067,0.42931890300346487,0.24195103395859693,0.3329335432353792,0.09224718604238354,0.01135849232204212,0.00950088016496238,0.15537457782188038,0,250
1.8478841530562984,0.40119034760496575,0.33025569079908157,0.4606585259364412,0.08330753391120597,0.01413074784208569,0.01267593075954044,0.10609170191625852,0,250
2.0123235090297378,0.7367569049995815,1.981451886958548e-6,0.6808623102476846,0.09088081539840363,0.00311258938976745,3.303665795201893e-6,0.09907714506390854,0,250
2.0173411226369047,0.2809132212681855,0.42573913095709554,0.3168213517941068,0.09043521796459722,0.00893978437694814,0.00758733881125604,0.096345411337036585,0,250
2.0053823215803117,0.38422907421173,0.3100835548635902,0.6195326550951815,0.09044568638958944,0.03066182893023093,0.0269657016198863,0.12619434419952083,0,250
1.8777395104573356,0.5388695581176386,0.10755939395521978,0.276337889604903,0.0847553531850789,0.05994425645411115,0.04730823685862338,0.3934017840514362,0,250
1.97254990368096,0.4462773070178446,0.238035738828738,0.20235600057906383,0.08815020179480416,0.00897542470399597,0.00725531221832032,0.17021742375014215,0,250
1.9921735733316943,0.3879127345753341,0.30845941834927276,0.43830109199183903,0.08954610458999854,0.01339302493797343,0.01188221004207104,0.11361738483240384,0,250
1.9987324222333327,0.3819714280856484,0.2566301418143095,0.2436481052582823,0.08938881243273115,0.00902399949502573,0.00706277370574199,0.1817440116311976,0,250
2.036888153219455,0.47216671008390815,0.19945978254165864,0.3456034257743694,0.09132410347746164,0.01368693295064656,0.01167084325943297,0.15846104963143276,0,250
2.1388510789621074,0.41709750458615713,0.22417059403567255,0.40029555072120254,0.09620984575496216,0.01749239606165003,0.01386929646727004,0.2078864493770775,0,250
1.8841132881773055,0.5527707556039361,0.17193203774455004,0.580125367118215,0.08506028224521753,0.03234888397552031,0.02787036533219816,0.12736318785112308,0,250
1.922628770910215,0.33887974958166717,0.3612959773090372,0.4475804778939979,0.08658723894743116,0.01357070409180473,0.01187704720769634,0.1366314900108771,0,250
2.118420047100124,0.4240355015645553,0.2790232809907628,0.3391360828625472,0.09540288966644664,0.01279616845285635,0.01008345196342552,0.1983720554775848,0,250
1.9749274170181197,0.44911603988578225,0.2173021952316982,0.211964759556207,0.08830899836012002,0.01008666826698254,0.00816069904658359,0.1802096884247123,0,250
1.9570929478443748,0.6626106158692393,1.0082045901168355e-5,0.4148617782304512,0.08769031781550225,0.00154217772430571,9.79916316040144e-5,0.09088922743974542,0,250
1.9792319617345449,0.50052304595522,0.17647963278752815,0.3184306093936156,0.08877041156788776,0.01516415166210888,0.01278753716459375,0.1774401992619864,0,250
2.145072376778957,0.6618277129247364,0.06269379103636256,0.6414500812742779,0.09674493810735058,0.05958925584514025,0.0489749218511885,0.12765417396165327,0,250
1.804445316395611,0.4683211201571647,0.24621760525665223,0.6436049903813228,0.08142114268330342,0.04298973999675336,0.03436316665912201,0.14221323612879871,0,250
1.7212769174513771,0.2584455237396678,0.5938511080817876,0.7741958342148386,0.07791734287145913,0.08174823754109425,0.08388024422275157,0.09956048127602288,0,250
1.9217914100703355,0.4947332641957447,0.19545655477922527,0.5404481172407526,0.08638886193540586,0.02381338828055959,0.02103899175818614,0.12030574656690156,0,250
2.1833588103682517,0.31546043942775337,0.3611973579393112,0.4251008940173141,0.09812535196958666,0.01225936384251168,0.01076838607062968,0.11760187339548592,0,250
1.8901592712474005,0.41307161336890086,0.28433084902502714,0.1855603427390714,0.0846342750385749,0.00699936625953137,0.00567477556634376,0.15192978396141354,0,250
2.1599348942521086,0.32008412435098743,0.3034404823915855,5.692981612661278e-6,0.09577073614632484,0.00352786563444984,0.00281941165549178,0.0013487979050513,0,250
1.9997615154086068,0.37763156090682864,0.28316578150978505,0.5611849704463271,0.0899887018017183,0.0236573980964657,0.02085816790613824,0.12959655393589656,0,250
2.130505022150851,0.5157510268856201,0.17539670527237725,0.37357670257768033,0.09571108398681984,0.01692858542240198,0.01442475774495018,0.16510089414263074,0,250
1.9440748034280784,0.5472627829467035,0.12286281457558412,0.44507094557628263,0.08733211158298931,0.02923795921826766,0.0244384291385085,0.19255768617769664,0,250
2.0369014040648543,0.40881842212592107,0.27835499513157363,0.4626831216307993,0.09157399790207364,0.0146845682236155,0.01304524321050005,0.115407888809711,0,250
1.9085997088159976,0.53578822329228,0.1468210356389119,0.5209610668357604,0.08614384161493922,0.03683400708114716,0.0296595350164248,0.1941893805382797,0,250
2.0655656170661594,0.26752471264166816,0.41805900973600046,0.3116805139916299,0.09284611862020352,0.00874307650252969,0.0073842694303299,0.15067521576225493,0,250
1.8925351977250853,0.37983580750501345,0.3059510337755479,0.3968075148771858,0.08502739752075848,0.01160896406093021,0.01012504550322906,0.124695019083238,0,250
2.0624996253325016,0.6941898255217858,2.923924091459027e-7,0.5981141547469995,0.09293509246331016,0.00195078753814208,5.172363585767686e-7,0.10382619094770608,0,250
2.165384724876094,0.45120893116083594,0.21984284875919247,0.24509140182944933,0.0969165791658203,0.01027480469279264,0.00844606145971273,0.1695756498125767,0,250
2.0407625567172363,0.3858480550732674,0.2877420610528499,0.2318555179029544,0.09142184291854132,0.00791292288228335,0.0063117763527275,0.16486111083152705,0,250
2.130649282096115,0.675676556324658,2.6776045095466265e-6,0.4979933264711996,0.09595525849942606,0.0015182620337098,3.2337756244613886e-5,0.10328426026792135,0,250
2.0678223438657364,0.47557555806066815,0.18186771912227956,0.4267290096054931,0.09300135885568615,0.02121629975497154,0.01743695862441439,0.19090080332878592,0,250
2.071853823963495,0.40912536531175786,0.22262795967481055,0.1244358923666759,0.0953380257988994,0.04141921314826757,0.02506849078908156,0.5866627345165233,0,250
2.177643331424921,0.17985252044313843,0.4444959818595239,0.3762099303106955,0.09764020262009712,0.01116133054812771,0.00965557500740627,0.13478217913071608,0,250
2.053352434591087,0.3690624487017722,0.2871251723776497,0.18092031750861243,0.09185222446109167,0.00805108749164953,0.0058667506647184,0.20991864924566428,0,250
2.0768990734864556,0.29843962794392725,0.3868709864550482,0.5495927906681239,0.09367309360785037,0.02034087488572858,0.01839243388832485,0.12606968588142747,0,250
2.029382148345322,0.3863639961210027,0.3366467454070771,0.6380611205848422,0.09175117410092572,0.03549422957673295,0.03007483741442883,0.14009636754629667,0,250
2.0928450673410772,0.3083753450768833,0.33530285572338936,0.2535163665950158,0.093491132860143,0.00709245403638685,0.00587703899244063,0.11053615327383148,0,250
2.043282937702154,0.49061054129978104,0.20486535464893557,0.47961712222158026,0.09201519589710076,0.0195202972198157,0.01703896144225986,0.13711321925842537,0,250
1.898281663877752,0.4476560200160246,0.23557199643059903,0.5736320881544704,0.08545481548934519,0.02637018347385925,0.02311107269733519,0.12228742931869126,0,250
1.9893514897189373,0.41479090966484305,0.26969744230284926,0.26390578474911836,0.08907629221702733,0.00858121193450949,0.00715283049992392,0.14597080281061264,0,250
2.077000501302719,0.4386296829312739,0.24778930771628635,0.350716088750504,0.0932054262532615,0.01132456433099466,0.00974984003820612,0.13953893342956186,0,250
2.0912790598824236,0.5570909952009894,0.09406921158495164,0.4239217576648569,0.09374584574827324,0.02531651002530907,0.02212427844829118,0.16982612700866606,0,250
2.052984181817948,0.2232041962327473,0.4650592140067841,0.38721756584258976,0.09254036320980798,0.01135003702995443,0.01030523168199603,0.16152113555442152,0,250
2.169530217948909,0.49871690611664504,0.19766682586069131,0.5011258709239501,0.09775754578049488,0.02188350738576149,0.01906197035466647,0.1344365997445793,0,250
2.0236571352914616,0.4541861285768858,0.19172212984790032,0.3521584998661888,0.09075834227835666,0.01580782861753386,0.01302506247756003,0.18769326255397167,0,250
2.0892390955806466,0.5314629638975532,0.13420292881550883,0.5669261855258779,0.09470223580472688,0.06108016866034113,0.04540265710027683,0.24049186078496573,0,250
1.9732713037918652,0.6577314525324272,3.175125297897736e-6,0.3914532451570165,0.08831281508680501,0.0013862754696884,3.6842198880505594e-6,0.09645828867469516,0,250
1.9558876820255076,0.6333831647136463,3.8732925957782354e-5,0.3568360300390102,0.0873956271741289,0.00152998169152725,9.3738803711409e-6,0.10184341606044442,1,250
1.9414956720816887,0.4640028109232066,0.27101381994925333,0.27497996964261634,0.08721225476308099,0.00874779198036817,0.00750754247832607,0.1313079964307851,0,250
1.9346323485355883,0.31922681238093237,0.3669535826689519,0.4309771110942109,0.08702051221072855,0.01256605689313357,0.01102613995483052,0.12559490112784225,0,250
1.8389520495248552,0.3593199842997376,0.32475277699502375,0.21813982861724693,0.0822821428182617,0.00658661363492849,0.00546706192716646,0.12094505240408808,0,250
1.9785841144347749,0.6254310730505742,0.06672636935297813,0.6030686786459576,0.08911136060393583,0.04541396946016825,0.03886408375529585,0.12818099618378953,0,250
2.101705065090511,0.5127515587493553,0.2349784306453584,0.5544117311832713,0.09482742081269342,0.02598420629131842,0.02237551188560947,0.12557294995521875,0,250
2.177305075172666,0.5786560125254615,0.13346945394362483,0.6163077699403436,0.09844183379976933,0.06259326303329,0.04694290710949149,0.18192160940844876,0,250
2.288095750053768,0.3859469511070326,0.2525403199103943,0.24404496834663125,0.10250842784932264,0.00982401213132604,0.00753941291728994,0.20287144308359223,0,250
2.15496892062626,0.3225680921675285,0.30068925528923035,0.30552836265837474,0.0965317801588422,0.00902319011239165,0.00725551093639924,0.17292406933073243,0,250
1.9348296214659129,0.3355763167838107,0.32764619973837916,0.19115984239802616,0.0864488223761144,0.00636018779686784,0.00505727959121941,0.14417304967522357,0,250
1.9239427614402815,0.33290186407245564,0.375045833424103,0.2908087000123854,0.08638268321336429,0.00806995886694459,0.00681522036779279,0.11976315228676056,0,250
1.964132604681256,0.3351657651004382,0.31257827223849927,0.17117699036089196,0.08771306770024719,0.00602658446332303,0.00474274480649494,0.1522872215365134,0,250
2.0540028503647685,0.48660524043345577,0.17588798957236462,0.3554068412237868,0.09194146523127956,0.01280563789861238,0.01138728910414065,0.13448521834826974,0,250
2.0759100523826386,0.521893922701438,0.17034657877558543,0.3963078267081095,0.09337054852347736,0.01681989525197743,0.01479205927220372,0.14952126256552145,0,250
1.947187232801171,0.36339169703435914,0.2693877903063532,0.19070137662925413,0.08692226592708002,0.00748939202918199,0.00571931723041516,0.1822322494036848,0,250
1.9966065251953344,0.21189134087180717,0.44324115582049206,0.19031420158670231,0.089403663694411,0.00676431158760377,0.00540740010574381,0.13244242444738238,0,250
1.7841560292174787,0.4744524175752808,0.23232224345018912,0.5327930346809936,0.08039225055512986,0.02383308959225968,0.02051859359984322,0.13598110544372077,0,250
1.9470975401018904,0.4785677649685227,0.18927509553769617,0.40891844294453095,0.08735915850794983,0.0155797657682382,0.01363105375219958,0.14277515397810225,1,250
2.000099950982615,0.5237047348440977,0.10795004664964564,0.4357594484079696,0.08963601686432815,0.02394412376642943,0.02085791322589678,0.1679827060811644,0,250
2.1292983020803495,0.3353177493079561,0.35865348517967643,0.22514180054839977,0.09552830619677372,0.00664935644080171,0.00536227182822911,0.1455593386750607,0,250
2.0471920243678947,0.522738018168088,0.16311631979749946,0.48419007134226955,0.09202902820637313,0.02260458630805622,0.01967168720834679,0.14189658141650777,0,250
2.0798075726190204,0.6740745088568025,0.02666593741362326,0.7164610446641526,0.0938595170290907,0.15454680603730112,0.1095763145406752,0.1630986370897007,0,250
1.8024675618814456,0.49306570513636255,0.16416371005205826,0.27167794588827965,0.08055116342660196,0.01012457153234695,0.00917324664468458,0.12979914324281464,0,250
2.006680712258072,0.39694704428689265,0.2635383469242788,0.4611687383021077,0.090195097709448,0.01629919001671645,0.01382024319175084,0.1503322793248862,0,250
1.9695112756716464,0.730048550611605,1.038501792501325e-4,0.6950529284644241,0.08886420143504947,0.00508762996385142,8.15034812174733e-4,0.1026135284582412,0,250
1.8595335423140769,0.34225955785236056,0.38784507258523165,0.35558593145447775,0.08374921315208779,0.00979409864186666,0.00851079368561397,0.10619600933215592,0,250
1.9602585982146288,0.5004784763905629,0.1815239051929421,0.3029430587332731,0.08770357690110629,0.01106609214928198,0.00985346928882025,0.1307325806224188,0,250
1.961210126727218,0.5959793770023812,0.07110926788420123,0.27864671887506215,0.08759561217942952,0.02190901353795932,0.01951821901598128,0.18761931190408287,0,250
2.0802561066183776,0.6807463351520934,1.232430432398206e-5,0.5811041497573244,0.0936272216426815,0.00207664224376217,1.4999443970282423e-4,0.10398553306362976,0,250
1.9734395715594664,0.32130996210305535,0.3227980350979523,0.0771985112245801,0.08794961642211323,0.00479664485684516,0.00357437185677734,0.15306544745396947,0,250
1.8926410468931736,0.4923226932109133,0.22164664766371475,0.3934245067617877,0.08503791363871327,0.01562772343792854,0.01321381771115775,0.15772383802573425,0,250
1.7661353589667557,0.3295303827752993,0.3637447515992186,0.1529255893222583,0.07904787943816209,0.00558186762537259,0.00445677865822396,0.13040227462964862,0,250
1.9909521100561196,0.40697315665493833,0.309145069515898,0.39774718824285343,0.08963737909391516,0.01211368846066972,0.01039522323268333,0.13985272998601944,0,250
2.12741103688535,0.4387800312542012,0.2506069191686521,0.3633233362043098,0.09552698161355128,0.0118964219286526,0.01019092534892151,0.1432984104900669,0,250
1.8338396468100333,0.5455620135282726,0.1354052323724421,0.23323042734617092,0.08196480689843877,0.01363438053305871,0.01196475531292249,0.16666467173968752,0,250
1.824970345218465,0.4629195052903547,0.23979149294825355,0.425046891174716,0.08200398363591221,0.01449985516371183,0.01279834035516236,0.12727703743610894,0,250
2.0593883668260538,0.5723783499502872,0.11821472790745752,0.25549067282561266,0.0921053107189912,0.01748866213309868,0.01521412782268624,0.18121513588042584,0,250
2.0714498572210647,0.34192449787385043,0.3269389895189447,0.1743341859517546,0.09265343696107456,0.00616151907196163,0.00487539750350134,0.14987171130076654,0,250
2.0183564444325555,0.34419282248784067,0.3207300007691085,0.482176496011923,0.09091697035891752,0.0166168862804502,0.01399554107036962,0.1643908323520842,0,250
2.089714326931294,0.5895649771629903,0.127634302544791,0.5698036730665288,0.09407195928891252,0.03276514867318337,0.0285355978065176,0.1218187512839481,0,250
1.973087344464668,0.480618177141149,0.18737700914744365,0.2410295047521937,0.088220641686841,0.01127904461480445,0.00948278224317555,0.16675346634244675,0,250
2.020839395759944,0.4312703894604899,0.3275135984505113,0.5571464614611482,0.09125082964052608,0.02138453016446998,0.01942130898415692,0.10727314217126808,0,250
1.9930177510709963,0.3898570006385729,0.2674582020307394,0.47232285285089515,0.08970644687235257,0.01691207158280223,0.01414494605179154,0.16647472686688736,0,250
1.98115843974144,0.3955149919573549,0.26999542870694493,0.2261096792450732,0.08842199021923995,0.00799479762841551,0.00642331587933251,0.15827178221210564,0,250
2.041178931382794,0.467845011250206,0.1912064680734425,0.3049347830869707,0.091506691624103,0.0152605742056967,0.01233700444123348,0.1993526721625443,0,250
1.9859380777664408,0.4064805128408446,0.26368033287441944,0.2313252593832678,0.08878764386731818,0.00766579762241042,0.00636488296520856,0.13775303378929188,0,250
2.0903149468095603,0.653490747049448,0.0693179953019272,0.6444496949417738,0.0944210181771986,0.08326692870405175,0.06374633856276962,0.16267844264404802,0,250
2.1434508283118663,0.39499579673364454,0.3154920725931975,0.42542820889123334,0.0966034839920004,0.01364924350331835,0.01149136345199519,0.15490964999328857,0,250
2.0104197680745632,0.4499494016327243,0.2719228284083937,0.31252892769823076,0.0903026956715151,0.00974992348438827,0.00836946040704694,0.1330497830563643,0,250
1.9827127918147305,0.3803901789291799,0.2546994467185134,0.3059567505889988,0.08882911378010722,0.00992937351573418,0.00806188691264425,0.16141511802565153,0,250
1.8245133400296416,0.49650272189639755,0.21362108636705737,0.4152208850761442,0.08196659148028701,0.01376589094403916,0.01247873505556887,0.11373208412286828,0,250
1.8797833677735711,0.34945937964923435,0.35836033523179683,0.28962050099548464,0.08454863038441394,0.00784803518287265,0.00673708562364962,0.10964078996082888,0,250
